job_id,site,frame_index,timestamp_seconds,phase,density,inflow,proximity,convergence,directional_coherence,corner,context,valid_evidence_count,missing_evidence,score_social_attraction,score_group_convergence,score_external_context,risk_raw,risk_smoothed,alert_state
job_000004,Bulgaria,0,0.0,calibration,0.23376967998280748,0.26666666666666666,0.23667336766850458,0.0,0.0,0.9523809523809526,0.0,4,convergence;directional_coherence,0.316225825149204,0.09844241999570187,0.3127311316230277,31.6225825149204,,calibrating
job_000004,Bulgaria,1,0.05317773584905661,calibration,0.0,0.053851705441531346,0.19018030985348228,0.15494010703901798,0.0,0.7272727272727272,0.0,6,,0.13642786182310268,0.06230679327988599,0.1820593477487975,18.20593477487975,,calibrating
job_000004,Bulgaria,2,0.10635547169811321,calibration,0.0,0.17856013577456586,0.2170555115134268,0.3656761315821501,0.15767174081291532,0.3333333333333333,0.0,6,,0.1411652519440598,0.19418860162316626,0.12600901375986556,19.418860162316626,,calibrating
job_000004,Bulgaria,3,0.15953320754716982,calibration,0.0,0.3554231230987065,0.12583653372341566,0.0,0.19325074815960006,0.0,0.0,6,,0.13808607036046586,0.101626155504706,0.07218894852331832,13.808607036046586,,calibrating
job_000004,Bulgaria,4,0.21271094339622643,calibration,0.1407292059683169,0.18432079988469713,0.0,0.0,0.0,0.0,0.0,6,,0.10455146205432005,0.06283042147478379,0.05579396117636795,10.455146205432005,,calibrating
job_000004,Bulgaria,5,0.26588867924528303,calibration,0.0,0.09670531565440736,0.0632856189883912,0.0,0.37925358148948857,0.0,0.0,6,,0.04483299944342001,0.10931919272053324,0.023998640196419785,10.931919272053324,,calibrating
job_000004,Bulgaria,6,0.31906641509433964,calibration,0.0,0.4784100301263772,0.37654472852971105,0.43105704687197355,0.3199736756389259,0.0,0.0,6,,0.2376591911703409,0.3026248898338788,0.12824321379841325,30.262488983387883,,calibrating
job_000004,Bulgaria,7,0.37224415094339625,calibration,0.0,0.04535111958559259,0.0,0.20707907031596637,0.27242461939180707,0.3333333333333333,0.0,6,,0.04693866920901111,0.14738649739637888,0.07346933460450555,14.738649739637887,,calibrating
job_000004,Bulgaria,8,0.42542188679245285,calibration,0.14964481224895143,0.028005248453192744,0.12992142361089418,0.2970781691522082,0.2461126104733956,0.0,0.0,6,,0.09325761472581437,0.20711750215183852,0.05361796325940332,20.71175021518385,,calibrating
job_000004,Bulgaria,9,0.47859962264150946,calibration,0.13736005024743583,0.032982140731059005,0.15366690076183048,0.14799677417257018,0.2515225186778454,0.0,0.0,6,,0.09638738499637786,0.15396683430137872,0.05546936627342059,15.396683430137873,,calibrating
job_000004,Bulgaria,10,0.5317773584905661,calibration,0.19401422033342508,0.20507599272880836,0.10347855504450376,0.8416314084296939,0.20982863540664,0.0,0.0,6,,0.1552974136964672,0.4262931057947304,0.08508602623268184,42.62931057947304,,calibrating
job_000004,Bulgaria,11,0.5849550943396227,calibration,0.11146351659644158,0.01176816536694053,0.10625127460088007,0.15674039432208176,0.14570954672034792,0.0,0.0,6,,0.06910549906905672,0.12091762864696706,0.039995619314461404,12.091762864696706,,calibrating
job_000004,Bulgaria,12,0.6381328301886793,calibration,0.04061839523786944,0.0,0.1600568656135954,0.22789458690221598,0.0,0.0,0.0,6,,0.05423065473665315,0.08991770422524294,0.0321322088896132,8.991770422524294,,calibrating
job_000004,Bulgaria,13,0.6913105660377359,calibration,0.0665588917119917,0.0,0.13325726747799355,0.25607662081552024,0.0,0.0,0.0,6,,0.056609928968695475,0.10626654021343,0.03330036846409737,10.626654021343,,calibrating
job_000004,Bulgaria,14,0.7444883018867925,calibration,0.09834701705200008,0.05532195312498347,0.19007187413952753,0.9412783697399302,0.13727241118868155,0.0,0.0,6,,0.09853601044057694,0.3966505794378935,0.05647847750007667,39.66505794378935,,calibrating
job_000004,Bulgaria,15,0.7976660377358491,calibration,0.0,0.0,0.09117403597015479,0.32581241406541933,0.0,0.3333333333333333,0.0,6,,0.056126842325872034,0.11403434492289675,0.08034277206218988,11.403434492289675,,calibrating
job_000004,Bulgaria,16,0.8508437735849057,calibration,0.05697733899953299,0.0,0.04405975299551046,0.5564930670413555,0.2087172751142314,0.3333333333333333,0.0,6,,0.0642903402320475,0.2611962269929155,0.08467109741589983,26.11962269929155,,calibrating
job_000004,Bulgaria,17,0.9040215094339623,calibration,0.11543891511219156,0.0,0.0,0.4921947505416774,0.28275995290164024,0.3333333333333333,0.0,6,,0.07373695362260038,0.27181787969304505,0.08975444968910498,27.181787969304505,,calibrating
job_000004,Bulgaria,18,0.9571992452830189,calibration,0.06020879923981193,0.09586029747678099,0.0,0.6068474091122976,0.0,0.3333333333333333,0.0,6,,0.0831645023103018,0.24182783762077428,0.0930874711361462,24.182783762077428,,calibrating
job_000004,Bulgaria,19,1.0103769811320755,calibration,0.0,0.033468069456410385,0.012308981914604441,0.0,0.31186249500175617,0.3333333333333333,0.0,6,,0.04645099964890756,0.0829858341689006,0.07353322437231889,8.29858341689006,,calibrating
job_000004,Bulgaria,20,1.0635547169811321,calibration,0.0,0.06810993120097303,0.0,0.02007098627409372,0.15795337512639304,0.3333333333333333,0.0,6,,0.05376631269362524,0.056729678657677016,0.07688315634681261,7.688315634681262,,calibrating
job_000004,Bulgaria,21,1.1167324528301887,calibration,0.0,0.0,0.02181986694449812,0.022978837880567038,0.3391558338229436,0.3333333333333333,0.0,6,,0.03878830006945786,0.09283155171393437,0.06993964670834138,9.283155171393437,,calibrating
job_000004,Bulgaria,22,1.1699101886792453,calibration,0.0,0.0,0.0,0.0,0.3868887605054906,0.3333333333333333,0.0,6,,0.03333333333333333,0.09672219012637265,0.06666666666666667,9.672219012637266,,calibrating
job_000004,Bulgaria,23,1.223087924528302,calibration,0.0,0.0,0.4104305046848754,0.0,0.013208965358544194,0.0,0.0,6,,0.10260762617121885,0.0033022413396360485,0.06156457570273131,10.260762617121886,,calibrating
job_000004,Bulgaria,24,1.2762656603773586,calibration,0.0,0.05308905323848731,0.45219111246224714,0.0,0.35692805150670226,0.3333333333333333,0.0,6,,0.1623078274204413,0.09719537086244866,0.14245869152177681,16.23078274204413,,calibrating
job_000004,Bulgaria,25,1.3294433962264152,calibration,0.0,0.0,0.5217566061200404,0.0,0.0,0.3333333333333333,0.0,6,,0.16377248486334342,0.0,0.1449301575846727,16.37724848633434,,calibrating
job_000004,Bulgaria,26,1.3826211320754718,calibration,0.0,0.1758836654539983,0.35954318394267776,0.0,0.1827657097050764,0.3333333333333333,0.0,6,,0.17598422895520227,0.07207397724436884,0.1469806940761681,17.598422895520226,,calibrating
job_000004,Bulgaria,27,1.4357988679245284,calibration,0.0,0.31401118505483094,0.20439267810699502,0.21412800347160268,0.10332060578596604,0.0,0.0,6,,0.14530152504319804,0.14787663041977708,0.0777605794742739,14.787663041977709,,calibrating
job_000004,Bulgaria,28,1.488976603773585,calibration,0.0,0.26666666666666666,0.3409423518954407,0.3957519756152774,0.06236683874263989,0.0,0.0,6,,0.16523558797386018,0.19410490115100706,0.09114135278431611,19.410490115100707,,calibrating
job_000004,Bulgaria,29,1.5421543396226416,calibration,0.0,0.26666666666666666,0.29517912315991623,0.0,0.028622035533168517,0.0,0.0,6,,0.15379478078997905,0.04715550888329213,0.08427686847398744,15.379478078997904,,calibrating
job_000004,Bulgaria,30,1.5953320754716982,calibration,0.0,0.2570672611094646,0.0,0.0,0.3237416677048969,0.0,0.0,6,,0.07712017833283938,0.11949550609264391,0.03856008916641969,11.94955060926439,,calibrating
job_000004,Bulgaria,31,1.6485098113207548,calibration,0.0,0.14914494374128903,0.0020425540554664524,0.0,0.18652222953657155,0.0,0.0,6,,0.045254121636253315,0.06900229894533624,0.02267812466951332,6.9002298945336245,,calibrating
job_000004,Bulgaria,32,1.7016875471698114,calibration,0.0,0.11655141436134425,0.0,0.0,0.2799264734094021,0.0,0.0,6,,0.03496542430840328,0.08746433050655215,0.01748271215420164,8.746433050655215,,calibrating
job_000004,Bulgaria,33,1.754865283018868,calibration,0.0,0.10080342715000759,0.0,0.0,0.10497432821928007,0.0,0.0,6,,0.030241028145002277,0.04136409612732116,0.015120514072501139,4.136409612732115,,calibrating
job_000004,Bulgaria,34,1.8080430188679246,calibration,0.12972543177321902,0.6333333333333333,0.0,0.0,0.0,0.0,0.0,6,,0.23540390112062662,0.12743135794330473,0.1209450863546438,23.540390112062664,,calibrating
job_000004,Bulgaria,35,1.8612207547169812,calibration,0.0,0.13676616262943625,0.0,0.0,0.17246317639651867,0.3333333333333333,0.0,6,,0.07436318212216421,0.06363071849354511,0.0871815910610821,8.71815910610821,,calibrating
job_000004,Bulgaria,36,1.9143984905660378,calibration,0.0018560545724966573,0.11239636337327567,0.0,0.0,0.24022158141128258,0.0,0.0,6,,0.03436852811235653,0.07737886350193615,0.01723066542049068,7.737886350193615,,calibrating
job_000004,Bulgaria,37,1.9675762264150944,calibration,0.0,0.06935138540864262,0.08418029048088901,0.0,0.31729825101525183,0.3333333333333333,0.0,6,,0.07518382157614836,0.08972727056510935,0.08969641805009641,8.972727056510935,,calibrating
job_000004,Bulgaria,38,2.020753962264151,calibration,0.0,0.0,0.0,0.0,0.09297186535527203,0.3333333333333333,0.0,6,,0.03333333333333333,0.02324296633881801,0.06666666666666667,6.666666666666667,,calibrating
job_000004,Bulgaria,39,2.0739316981132077,calibration,0.05751892309778191,0.3447491493674157,0.0,0.0,0.2830949917170814,0.0,0.0,6,,0.12355636789444838,0.13686585110882818,0.06321615702466873,13.686585110882818,,calibrating
job_000004,Bulgaria,40,2.1271094339622643,calibration,0.20424843609736645,0.16883323975204992,0.0,0.024574391396132187,0.2505641426068865,0.0,0.0,6,,0.12213692455969323,0.147629167627517,0.06617467318228079,14.762916762751699,,calibrating
job_000004,Bulgaria,41,2.180287169811321,calibration,0.19998944021109316,0.11217241230349664,0.0,0.029314782366402108,0.2268464589837613,0.0,0.0,6,,0.1036480277649316,0.13379501047247885,0.05682374988774313,13.379501047247885,,calibrating
job_000004,Bulgaria,42,2.2334649056603775,calibration,0.16332380120098172,0.47573521625601073,0.0,0.0,0.23562159465960975,0.0,0.0,6,,0.1998838952971468,0.17109663140354947,0.10402504267859794,19.98838952971468,,calibrating
job_000004,Bulgaria,43,2.286642641509434,calibration,0.20192811174559971,0.1608094471781216,0.0,0.0,0.17525577618608731,0.0,0.0,6,,0.11891767326439637,0.11841738905964,0.06450703942583819,11.891767326439636,,calibrating
job_000004,Bulgaria,44,2.3398203773584907,calibration,0.47698304009757314,0.5965020141669294,0.0,0.3905370300247471,0.22153778289001316,0.0,0.0,6,,0.34589466828422943,0.40079346838059743,0.18487191014455404,40.07934683805974,,calibrating
job_000004,Bulgaria,45,2.3929981132075473,calibration,0.10397917082831958,0.5,0.0,0.0,0.26080142319347294,0.0,0.0,6,,0.18639270978991185,0.16619514850544814,0.09579583416566391,18.639270978991185,,calibrating
job_000004,Bulgaria,46,2.446175849056604,calibration,0.0,0.0,0.03465171782619296,0.0,0.0,0.3333333333333333,0.0,6,,0.04199626278988157,0.0,0.0718644243405956,7.18644243405956,,calibrating
job_000004,Bulgaria,47,2.4993535849056605,calibration,0.4210717678314995,0.16049803161841017,0.0,0.0,0.26383909993938076,0.0,0.0,6,,0.19552452822654787,0.19530242168548162,0.10828905830906144,19.552452822654786,,calibrating
job_000004,Bulgaria,48,2.552531320754717,calibration,0.37028993008708055,0.13333333333333333,0.03459492085330685,0.11624755629691319,0.18081354809169303,0.0,0.0,6,,0.1782502057438049,0.198462514248613,0.09924722414541215,19.8462514248613,,calibrating
job_000004,Bulgaria,49,2.6057090566037737,calibration,0.31619687441144234,0.13333333333333333,0.025607870216950674,0.2124707875480846,0.1921356912411872,0.0,0.0,6,,0.15707087359824248,0.221447917054987,0.08708055541483108,22.1447917054987,,calibrating
job_000004,Bulgaria,50,2.6588867924528303,calibration,0.25783404414281874,0.24285767397917563,0.0,0.3992146887032993,0.1685521625574557,0.9523809523809526,0.0,6,,0.2583373128818345,0.2827503438180997,0.2784716504016306,28.27503438180997,,calibrating
job_000004,Bulgaria,51,2.712064528301887,calibration,0.33356090881459155,0.13333333333333333,0.008904367771635347,0.1119408970647109,0.09560852425130767,0.9523809523809526,0.0,6,,0.2542105052661111,0.16647167223912362,0.27852402740485416,27.852402740485417,,calibrating
job_000004,Bulgaria,52,2.7652422641509435,calibration,0.03353870258172685,0.12459286154856154,0.0,0.028112520250453937,0.02866855387614626,0.0,0.0,6,,0.049116404368172856,0.04408012543441138,0.0253966697486296,4.911640436817286,,calibrating
job_000004,Bulgaria,53,2.81842,calibration,0.0,0.0,0.0,0.0,0.0,0.0,0.0,6,,0.0,0.0,0.0,0.0,,calibrating
job_000004,Bulgaria,54,2.8715977358490568,calibration,0.08623156590494299,0.0807829750228746,0.0,0.0,0.0918649759032557,0.0,0.0,6,,0.05441594057359242,0.056641581705480865,0.029363759434419788,5.664158170548086,,calibrating
job_000004,Bulgaria,55,2.9247754716981134,calibration,0.06459104799047877,0.09336476516732314,0.0,0.0,0.0,0.0,0.0,6,,0.050616296346864514,0.030152476772718165,0.026922924373194226,5.061629634686452,,calibrating
job_000004,Bulgaria,56,2.97795320754717,calibration,0.0,0.0,0.0,0.0,0.0,0.0,0.0,6,,0.0,0.0,0.0,0.0,,calibrating
job_000004,Bulgaria,57,3.0311309433962266,calibration,0.09773953413748607,0.19279362489926613,0.0,0.05657277276247752,0.4181083743481665,0.0,0.0,6,,0.09204692441789997,0.17768149132317018,0.04846695056238713,17.768149132317017,,calibrating
job_000004,Bulgaria,58,3.084308679245283,calibration,0.0,0.0,0.0,0.16242260798540387,0.0,0.0,0.0,6,,0.0,0.05684791279489135,0.0,5.684791279489135,,calibrating
job_000004,Bulgaria,59,3.13748641509434,calibration,0.0,0.0,0.0,0.0,0.1469380933103653,0.0,0.0,6,,0.0,0.03673452332759133,0.0,3.673452332759133,,calibrating
job_000004,Bulgaria,60,3.1906641509433964,monitoring,0.0,0.019853958207946797,0.0,0.0,0.0,0.0,0.0,6,,0.005956187462384039,0.0029780937311920195,0.0029780937311920195,0.5956187462384039,0.5956187462384039,normal
job_000004,Bulgaria,61,3.243841886792453,monitoring,0.0,0.0,0.0,0.0,0.0,0.0,0.0,6,,0.0,0.0,0.0,0.0,0.5241444966897955,normal
job_000004,Bulgaria,62,3.2970196226415096,monitoring,0.0,0.0,0.0,0.07734885091055338,0.0056905640041294185,0.3333333333333333,0.0,6,,0.03333333333333333,0.028494738819726036,0.06666666666666667,6.666666666666667,1.26124715708702,normal
job_000004,Bulgaria,63,3.350197358490566,monitoring,0.0,0.0,0.1304335518533547,0.0,0.11458410708665875,1.0,0.0,6,,0.13260838796333868,0.02864602677166469,0.2195650327780032,21.956503277800323,3.744677891572616,normal
job_000004,Bulgaria,64,3.403375094339623,monitoring,0.0,0.0,0.0,0.07888055605392504,0.0,0.3333333333333333,0.0,6,,0.03333333333333333,0.02760819461887376,0.06666666666666667,6.666666666666667,4.095316544583902,normal
job_000004,Bulgaria,65,3.4565528301886794,monitoring,0.0,0.0,0.07356082919774476,0.20098675154474352,0.0,0.0,0.0,6,,0.01839020729943619,0.07034536304066023,0.011034124379661713,7.034536304066023,4.448022915721756,normal
job_000004,Bulgaria,66,3.509730566037736,monitoring,0.0,0.0,0.0,0.14092137263325424,0.2819339710013994,0.3333333333333333,0.0,6,,0.03333333333333333,0.11980597317198882,0.06666666666666667,11.980597317198882,5.3519318438990116,normal
job_000004,Bulgaria,67,3.5629083018867926,monitoring,0.0,0.0,0.01763439948617599,0.0,0.0,0.3333333333333333,0.0,6,,0.03774193320487733,0.0,0.06931182658959306,6.931182658959306,5.541441941706247,normal
job_000004,Bulgaria,68,3.6160860377358492,monitoring,0.0,0.0,0.027817721521280425,0.0,0.0,0.3333333333333333,0.0,6,,0.04028776371365344,0.0,0.07083932489485872,7.083932489485872,5.726540807439802,normal
job_000004,Bulgaria,69,3.669263773584906,monitoring,0.0,0.0,0.1403656611309454,0.11863931085437082,0.0,0.0,0.0,6,,0.03509141528273635,0.04152375879902979,0.021054849169641808,4.152375879902979,5.5376410161353835,normal
job_000004,Bulgaria,70,3.7224415094339625,monitoring,0.0,0.0,0.0,0.0,0.0,0.3333333333333333,0.0,6,,0.03333333333333333,0.0,0.06666666666666667,6.666666666666667,5.673124094199137,normal
job_000004,Bulgaria,71,3.775619245283019,monitoring,0.0,0.0,0.264910432309613,0.0,0.0,1.0,0.0,6,,0.16622760807740325,0.0,0.23973656484644196,23.973656484644195,7.869187981052544,normal
job_000004,Bulgaria,72,3.8287969811320757,monitoring,0.0,0.0,0.0,0.0,0.0,0.3333333333333333,0.0,6,,0.03333333333333333,0.0,0.06666666666666667,6.666666666666667,7.7248854233262385,normal
job_000004,Bulgaria,73,3.8819747169811323,monitoring,0.0,0.0,0.0,0.0,0.0,0.3333333333333333,0.0,6,,0.03333333333333333,0.0,0.06666666666666667,6.666666666666667,7.5978991725270895,normal
job_000004,Bulgaria,74,3.935152452830189,monitoring,0.0,0.04690031957790761,0.12585373486930318,0.0,0.15305690717799023,0.0,0.0,6,,0.04553352959069808,0.0452992747311837,0.025913108167081617,4.553352959069808,7.232553626912216,normal
job_000004,Bulgaria,75,3.9883301886792455,monitoring,0.0,0.16539732162583154,0.18674093235419903,0.0,0.0,0.0,0.0,6,,0.09630442957629923,0.02480959824387473,0.052820738097004584,9.630442957629922,7.520300346598341,normal
job_000004,Bulgaria,76,4.041507924528302,monitoring,0.0,0.02362991486631163,0.0,0.0,0.015754196932825593,0.0,0.0,6,,0.007088974459893488,0.007483036463153143,0.003544487229946744,0.7483036463153143,6.707660742564378,normal
job_000004,Bulgaria,77,4.094685660377359,monitoring,0.0,0.052301672752231625,0.0,0.0,0.07972516539505821,0.0,0.0,6,,0.015690501825669487,0.027776542261599296,0.007845250912834743,2.7776542261599295,6.236059960595844,normal
job_000004,Bulgaria,78,4.147863396226415,monitoring,0.0,0.27959790454116495,0.12942602795803876,0.0,0.0,0.0,0.0,6,,0.11623587835185917,0.04193968568117474,0.06135358987488056,11.623587835185917,6.882563305546653,normal
job_000004,Bulgaria,79,4.201041132075472,monitoring,0.10717524543336103,0.19681629395589545,0.1770621752596576,0.0,0.0,0.0,0.0,6,,0.1408217679033594,0.05631625545172457,0.07751681946900515,14.08217679033594,7.746516923721368,normal
job_000004,Bulgaria,80,4.2542188679245285,monitoring,0.6371111892988565,0.42368213413956923,0.266501985208252,0.630629607067645,0.15166708424615913,0.0,0.0,6,,0.4167190527985335,0.48146725098086507,0.2309498557619445,48.146725098086506,12.594541904645183,normal
job_000004,Bulgaria,81,4.307396603773586,monitoring,0.7211003156637438,0.4758965631341855,0.26546980967694656,0.495447829659028,0.0,0.0,0.0,6,,0.4615215318418026,0.42506630376672355,0.25542501905441856,46.152153184180264,16.621455258189393,normal
job_000004,Bulgaria,82,4.360574339622642,monitoring,0.1856845808134088,0.2705613976347627,0.0,0.0,0.16688423187944526,0.0,0.0,6,,0.1461580225751219,0.12872641281842792,0.07772112580789617,14.61580225751219,16.380776898108127,normal
job_000004,Bulgaria,83,4.413752075471699,monitoring,0.3518400642542531,0.2167150866620421,0.05402447908117882,0.433610107374017,0.16425006572539202,0.0,0.0,6,,0.20166466825789592,0.3132933330751235,0.11097894771233377,31.329333307512353,18.174603667236635,normal
job_000004,Bulgaria,84,4.466929811320755,monitoring,0.3113705081178178,0.28261905499294304,0.0,0.0,0.09658971789869823,0.0,0.0,6,,0.19376539433911916,0.14438291475307047,0.10466695987250502,19.376539433911915,18.31883595923767,normal
job_000004,Bulgaria,85,4.520107547169812,monitoring,0.4803364186838475,0.3213207652458655,0.08391583594584918,0.0,0.21298083217261465,0.0,0.0,6,,0.2854929350995686,0.22152742750099538,0.1568527739155267,28.549293509956858,19.546490865323975,normal
job_000004,Bulgaria,86,4.573285283018868,monitoring,0.697776826944416,0.6333333333333333,0.029786265356616718,0.0,0.10081364171785816,0.0,0.0,6,,0.44166845576969976,0.29464761716556853,0.23902330519237572,44.166845576969976,22.500933430721496,normal
job_000004,Bulgaria,87,4.626463018867925,monitoring,0.9840824855510731,0.45278016835883117,0.1916447928203916,0.11421282434904763,0.0,0.0,0.0,6,,0.5281741186556228,0.35391213516375963,0.2934802412870981,52.81741186556228,26.13891084290239,normal
job_000004,Bulgaria,88,4.679640754716981,monitoring,1.0,0.41897939422209707,0.25237645506978446,0.7786389869673358,0.0,0.0,0.0,6,,0.5387879320340752,0.5853705545718821,0.3007033773937822,58.53705545718822,30.02668819661669,normal
job_000004,Bulgaria,89,4.732818490566038,monitoring,1.0,0.6174471179518504,0.6275607045326037,0.4546576640644038,0.0,0.0,0.0,6,,0.692124311518706,0.5017472501153188,0.3867511733726681,69.2124311518706,34.72897735124716,normal
job_000004,Bulgaria,90,4.785996226415095,monitoring,1.0,0.8510559540824074,0.6099103537596294,0.35958399497461396,0.0,0.0,0.0,6,,0.7577943746646295,0.503512791353476,0.41914494617630554,75.77943746646295,39.65503256507306,normal
job_000004,Bulgaria,91,4.839173962264152,monitoring,1.0,0.33211451677689363,0.2917423321165886,0.0,0.0,0.0,0.0,6,,0.5225699380622152,0.29981717751653403,0.29357852733402234,52.256993806221516,41.16726791401087,watch
job_000004,Bulgaria,92,4.892351698113208,monitoring,0.735153097245286,0.27220331455955094,0.023477745005675187,0.004378604780270245,0.18953680353817312,0.0,0.0,6,,0.34483401465513414,0.273535484052892,0.19138277838384113,34.48340146551342,40.36520394019117,watch
job_000004,Bulgaria,93,4.945529433962265,monitoring,0.8438047463164036,0.26666666666666666,0.3024291635088687,0.0,0.11262357558033678,0.0,0.0,6,,0.4509389520879584,0.2791070804741851,0.25412532378961106,45.09389520879584,40.93264689242373,watch
job_000004,Bulgaria,94,4.998707169811321,monitoring,1.0,0.36349417062326544,0.2565083131402805,0.2648036458531721,0.028026476246114658,0.0,0.0,6,,0.5231753294720497,0.4042120207036287,0.2930003725645319,52.31753294720497,42.29883321899748,watch
job_000004,Bulgaria,95,5.051884905660378,monitoring,1.0,0.4,0.44747271104533526,0.0,0.0,0.0,0.0,6,,0.5818681777613338,0.31,0.32712090665680027,58.18681777613338,44.20539136585379,watch
job_000004,Bulgaria,96,5.105062641509434,monitoring,0.9516032555853184,0.26666666666666666,0.2278514264463569,0.0,0.0,0.0,0.0,6,,0.4700239960664507,0.2779008138963296,0.26449836508401725,47.00239960664507,44.541032354748744,watch
job_000004,Bulgaria,97,5.158240377358491,monitoring,0.9287174981077162,0.26666666666666666,0.23419001239834442,0.0,0.0,0.0,0.0,6,,0.4635986274372868,0.27217937452692903,0.2608720014812949,46.359862743728684,44.75929200142633,watch
job_000004,Bulgaria,98,5.211418113207547,monitoring,0.9618589626701495,0.3077643587774952,0.2120180511637552,0.0,0.0,0.0,0.0,6,,0.4819844573587396,0.28662939448416164,0.27033915402521747,48.19844573587396,45.17199044956004,watch
job_000004,Bulgaria,99,5.2645958490566045,monitoring,1.0,0.4,0.38502331165098314,0.0,0.0,0.0,0.0,6,,0.5662558279127458,0.31,0.31775349674764747,56.625582791274574,46.54642153056579,watch
job_000004,Bulgaria,100,5.317773584905661,monitoring,1.0,0.4,0.37018119240245045,0.0,0.1482201809089982,0.0,0.0,6,,0.5625452981006126,0.34705504522724956,0.3155271788603676,56.25452981006126,47.711394524105245,watch
job_000004,Bulgaria,101,5.370951320754718,monitoring,1.0,0.3510871608263002,0.11877141400094211,0.0,0.01637970209339794,0.0,0.0,6,,0.48501900174812557,0.30675799964729455,0.2704787862240864,48.501900174812555,47.806255202190115,watch
job_000004,Bulgaria,102,5.424129056603774,monitoring,1.0,0.6013281322880731,0.32027931300652274,0.0,0.0,0.3333333333333333,0.0,6,,0.6438016012713859,0.340199219843211,0.404907783460856,64.38016012713858,49.79512379318393,watch
job_000004,Bulgaria,103,5.477306792452831,monitoring,1.0,0.4,0.31411698983069725,0.0,0.0,0.0,0.0,6,,0.5485292474576743,0.31,0.3071175484746046,54.85292474576743,50.40205990749395,watch
job_000004,Bulgaria,104,5.530484528301887,monitoring,1.0,0.4,0.35549323219771684,0.0,0.0,0.0,0.0,6,,0.5588733080494291,0.31,0.3133239848296575,55.88733080494291,51.060292415187824,watch
job_000004,Bulgaria,105,5.583662264150944,monitoring,1.0,0.4,0.3369034951644413,0.0,0.0,0.3333333333333333,0.0,6,,0.5875592071244436,0.31,0.37720219094133284,58.755920712444365,51.98376781085861,watch
job_000004,Bulgaria,106,5.63684,monitoring,1.0,0.4349881778232345,0.05327996590043694,0.0,0.05050337383912182,0.3333333333333333,0.0,6,,0.527149778155413,0.32787407013326564,0.33990688822521736,52.714977815541296,52.07151301142053,watch
job_000004,Bulgaria,107,5.690017735849057,monitoring,1.0,0.4948216315510932,0.3576736882123529,0.0,0.0,0.0,0.0,6,,0.5878649115184161,0.32422324473266395,0.32787429796451695,58.786491151841616,52.877310388271056,watch
job_000004,Bulgaria,108,5.7431954716981135,monitoring,1.0,0.5,0.2069616949315416,0.0,0.0,0.0,0.0,6,,0.5517404237328853,0.325,0.30604425423973125,55.174042373288536,53.152918226473155,watch
job_000004,Bulgaria,109,5.796373207547171,monitoring,1.0,0.49773252956610825,0.36549767882485706,0.0,0.0,0.3333333333333333,0.0,6,,0.6240275119093801,0.32465987943491625,0.3961511979253115,62.40275119093801,54.262898182208936,watch
job_000004,Bulgaria,110,5.849550943396227,monitoring,1.0,0.7144016558258193,0.27273275907380257,0.0,0.028658256734244745,0.07843137254901938,0.0,6,,0.6403468237710983,0.3643248125574341,0.36375643674474717,64.03468237710983,55.43551228559705,watch
job_000004,Bulgaria,111,5.902728679245284,monitoring,1.0,0.4596160128364852,0.39776113786552175,0.43879186274082793,0.05995733103135901,0.3333333333333333,0.0,6,,0.6206584216506593,0.4875088866426023,0.3952732392719677,62.06584216506593,56.231151871133314,watch
job_000004,Bulgaria,112,5.95590641509434,monitoring,1.0,0.4930173265411123,0.38527102641468564,0.0,0.04491099492112299,0.3333333333333333,0.0,6,,0.6275562878993384,0.3351803477114476,0.39840991961003636,62.75562878993384,57.014089101389374,watch
job_000004,Bulgaria,113,6.009084150943397,monitoring,1.0,0.567767734711418,0.16528752609848765,0.0,0.026063359418958484,0.07843137254901938,0.0,6,,0.5694953391929491,0.34168100006145236,0.3256445636312897,56.949533919294915,57.00634247953804,watch
job_000004,Bulgaria,114,6.062261886792453,monitoring,1.0,0.6390617424592757,0.38722746017713494,0.0,0.012989246531838429,0.3333333333333333,0.0,6,,0.6718587211153997,0.34910657300185094,0.42061004706212823,67.18587211153996,58.227886035378276,watch
job_000004,Bulgaria,115,6.11543962264151,monitoring,1.0,0.5212526045849915,0.30743070198527855,0.0,0.028264687071447737,0.07843137254901938,0.0,6,,0.591076594126719,0.3352540624556107,0.3399887704953444,59.1076594126719,58.33345884065351,watch
job_000004,Bulgaria,116,6.168617358490566,monitoring,1.0,0.4083970124630893,0.4652960733086698,0.0,0.08613000154558162,0.3333333333333333,0.0,6,,0.6221764553994276,0.33279205225585884,0.39772062953243054,62.21764553994276,58.799561244568224,watch
job_000004,Bulgaria,117,6.221795094339623,monitoring,0.5713683735450823,0.13333333333333333,0.20217334192914302,0.0,0.11279484896821157,0.0,0.0,6,,0.29052226622306454,0.19104080562832346,0.16459967599838793,29.052226622306453,55.22988108989681,watch
job_000004,Bulgaria,118,6.27497283018868,monitoring,0.5829651278411874,0.2741861150302217,0.20318659215291865,0.0,0.0,0.0,0.0,6,,0.33709027729171176,0.18686919921483008,0.1881989316457085,33.709027729171176,52.647378686609734,watch
job_000004,Bulgaria,119,6.328150566037737,monitoring,0.4691013637310243,0.26666666666666666,0.20634562482742985,0.0,0.285459720422815,0.0,0.0,6,,0.29577188351271594,0.22864027103845982,0.16477211647031934,29.577188351271595,49.87895584636915,watch
job_000004,Bulgaria,120,6.381328301886793,monitoring,0.5826611070721046,0.4613695734570766,0.047924500493403584,0.0,0.02499659692335005,0.0,0.0,6,,0.35432338463571045,0.22111986201742517,0.19292633250699295,35.43233846357104,48.145361760433374,watch
job_000004,Bulgaria,121,6.43450603773585,monitoring,0.7320115706854776,0.5437429888994185,0.36007201673680267,0.09668701999754699,0.0,0.0,0.0,6,,0.5093449505939434,0.29840479800542363,0.2819745649825287,50.93449505939434,48.480057756308696,watch
job_000004,Bulgaria,122,6.487683773584906,monitoring,0.5080154411730762,0.4,0.09129470271796551,0.0,0.06441816368852066,0.0,0.0,6,,0.3206290800900681,0.2031084012153992,0.17529729364231006,32.062908009006804,46.50999978663247,watch
job_000004,Bulgaria,123,6.540861509433963,monitoring,0.45679538332446307,0.4,0.07430084186545206,0.06813269815770395,0.0,0.0,0.0,6,,0.29845359462992505,0.19804529018631217,0.16250420294471044,29.845359462992505,44.510242947795675,watch
job_000004,Bulgaria,124,6.594039245283019,monitoring,0.12668895015016732,0.3822846692467692,0.014734087255574612,0.0,0.0,0.0,0.0,6,,0.16271005514048295,0.0890149379245572,0.08489060350538502,16.271005514048294,41.12153445574599,watch
job_000004,Bulgaria,125,6.647216981132076,monitoring,0.2873352542141707,0.41634360679420546,0.05607553416211604,0.3845540458982904,0.0,0.0,0.0,6,,0.2394893045537504,0.2688792706370751,0.12832992198628237,26.88792706370751,39.41350156870137,watch
job_000004,Bulgaria,126,6.700394716981132,monitoring,0.39241092182974013,0.44292209797314863,0.07125141147370419,1.0,0.20797783216068816,0.0,0.0,6,,0.28803330490077966,0.5665355031935794,0.15560821078297596,56.65355031935794,41.48230741878016,watch
job_000004,Bulgaria,127,6.7535724528301895,monitoring,0.5068217836180965,0.4,0.10647576189593491,0.0,0.0,0.0,0.0,6,,0.32400656474031747,0.18670544590452412,0.17733572100800954,32.40065647403175,40.39250930541035,watch
job_000004,Bulgaria,128,6.806750188679246,monitoring,0.49263443470211,0.4425209304232429,0.10096980085911385,0.0,0.09969176056157787,0.0,0.0,6,,0.3304207814874898,0.21445968837940843,0.1800504966327755,33.042078148748985,39.51045756661099,watch
job_000004,Bulgaria,129,6.859927924528303,monitoring,0.5233082572902832,0.26666666666666666,0.0,0.47483014283655056,0.0,0.0,0.0,6,,0.2631578900515991,0.3370176143153635,0.14466165145805665,33.70176143153635,38.813414030402036,watch
job_000004,Bulgaria,130,6.913105660377359,monitoring,0.4825728640107808,0.33022189146410064,0.0,0.0,0.0,0.0,0.0,6,,0.26796706984300345,0.1701764997223103,0.14604785652177127,26.796706984300343,37.37140918486983,watch
job_000004,Bulgaria,131,6.966283396226416,monitoring,0.0,0.15970499363592783,0.5647452663537483,0.0,0.24989278593664813,0.0,0.0,6,,0.18909781467921544,0.0864289455295512,0.10866753899845143,18.909781467921544,35.15601385883604,watch
job_000004,Bulgaria,132,7.019461132075472,monitoring,0.4403279790436425,0.2990698446489342,0.3526284488482759,0.0,0.0,0.0,0.0,6,,0.33199285827202407,0.15494247145825077,0.18582033983331003,33.19928582720241,34.92120649504,normal
job_000004,Bulgaria,133,7.072638867924529,monitoring,0.45828807925264053,0.26666666666666666,0.41008852412978614,0.29700898338399395,0.0,0.0,0.0,6,,0.34292295877087076,0.258525163997558,0.19317089446999605,34.29229587708708,34.84573722088565,normal
job_000004,Bulgaria,134,7.125816603773585,monitoring,0.5839975573436268,0.26666666666666666,0.42212610687513347,0.13817540078697993,0.24261306065127364,0.6222222222222223,0.0,6,,0.45215289401127495,0.2950140447741681,0.34456287194443985,45.21528940112749,36.09008348251467,normal
job_000004,Bulgaria,135,7.178994339622642,monitoring,0.5477052148187797,0.26666666666666666,0.40762390421336403,0.0,0.26851081820441697,0.6222222222222223,0.0,6,,0.4358250234621361,0.24405400825579915,0.335129073040205,43.58250234621361,36.98917374615854,normal
job_000004,Bulgaria,136,7.2321720754716985,monitoring,0.5226076326584442,0.26666666666666666,0.40860519640822024,0.04079741570935551,0.05517302527676672,0.6222222222222223,0.0,6,,0.4272861927547328,0.19872425998207718,0.33025675043736635,42.72861927547328,37.67790720967631,normal
job_000004,Bulgaria,137,7.2853498113207555,monitoring,0.47234313944067974,0.27110672760185067,0.4171320665543727,0.27278001077061015,0.04706092867100118,0.6222222222222223,0.0,6,,0.4131573559456085,0.2659900299379113,0.3221488914560139,41.31573559456085,38.114446615862455,normal
job_000004,Bulgaria,138,7.338527547169812,monitoring,0.3406794052034068,0.4844738527262701,0.41868510726975755,0.5240169249738637,0.0,0.0,0.0,6,,0.36925122445651276,0.3412468529506445,0.2036097250400855,36.925122445651276,37.97172771543711,normal
job_000004,Bulgaria,139,7.391705283018869,monitoring,0.3298874465470205,0.31389003673803995,0.029766515036461803,0.0,0.22781937153560944,0.0,0.0,6,,0.2170692460719846,0.18651021003136348,0.11752597207557935,21.70692460719846,36.01995134244847,normal
job_000004,Bulgaria,140,7.444883018867925,monitoring,0.47590984566799205,0.34199782436155846,0.3524004749265203,0.2957648418364701,0.09794443299874853,0.0,0.0,6,,0.35726791202389485,0.2982809379636834,0.19934171402681022,35.726791202389485,35.9847721256414,normal
job_000004,Bulgaria,141,7.498060754716982,monitoring,0.3180296896703283,0.1937013858519162,0.13153881079986107,0.27196479183982464,0.15064675231152444,0.0,0.0,6,,0.20230550984015502,0.24141199551718923,0.11239196743183225,24.141199551718923,34.5635434167707,normal
job_000004,Bulgaria,142,7.551238490566038,monitoring,0.3197374366214759,0.2288449379415819,0.0,0.16910038262935903,0.1267751151859858,0.0,0.0,6,,0.18056158419999113,0.20514001256337838,0.09827422801553247,20.51400125633784,32.87759835751876,normal
job_000004,Bulgaria,143,7.604416226415095,monitoring,0.3921502840407778,0.13333333333333333,0.10248477047325971,0.0,0.25677479640329937,0.0,0.0,6,,0.20287379203258715,0.1822312701110193,0.11380277237914453,20.287379203258716,31.366772059007552,normal
job_000004,Bulgaria,144,7.657593962264151,monitoring,0.42500457828799454,0.13333333333333333,0.09160168245066323,0.038362470141777814,0.13805904964890528,0.0,0.0,6,,0.2116520230134639,0.17419277153384718,0.11874116802519841,21.16520230134639,30.142583688088212,normal
job_000004,Bulgaria,145,7.710771698113208,monitoring,0.4286054377236681,0.13333333333333333,0.08136369017943212,0.0,0.13085255698718395,0.0,0.0,6,,0.21035282574814188,0.15986449867771302,0.11792564107164845,21.035282574814186,29.04970755449533,normal
job_000004,Bulgaria,146,7.763949433962265,monitoring,0.19964048779046684,0.15021441389744727,0.0,0.1573949448811849,0.0,0.0,0.0,6,,0.11493849489589755,0.12753051474064853,0.06246025964271046,12.753051474064852,27.094108824843673,normal
job_000004,Bulgaria,147,7.817127169811322,monitoring,0.3232873150753063,0.26723242249196927,0.06232848998661055,0.04265528493378978,0.14704074821386406,0.0,0.0,6,,0.2089024095206006,0.17259622892291437,0.11409159988684822,20.89024095206006,26.34964468010964,normal
job_000004,Bulgaria,148,7.870304905660378,monitoring,0.2229185318504993,0.39114624077349736,0.08361753354718159,0.007727802566915872,0.19987629045319683,0.0,0.0,6,,0.21626974176651936,0.1670753725903692,0.11579827251820171,21.626974176651935,25.782924219694713,normal
job_000004,Bulgaria,149,7.923482641509435,monitoring,0.3108585221598724,0.36470236628385905,0.07250230589794385,0.0,0.18974807818260775,0.0,0.0,6,,0.236336769115599,0.1798570050281989,0.12775240525924492,23.6336769115599,25.525014542718537,normal
job_000004,Bulgaria,150,7.976660377358491,monitoring,0.4152609297287476,0.36208044538247564,0.05604022915182176,0.11351313362837658,0.0,0.0,0.0,6,,0.2679755163077598,0.19785689600949005,0.14577028712589413,26.797551630775978,25.677718993285428,normal
job_000004,Bulgaria,151,8.029838113207548,monitoring,0.3886501683984788,0.26666666666666666,0.0340637762949035,0.0,0.023267500206014157,0.0,0.0,6,,0.22454350301319345,0.14297941715112325,0.1228396001239313,22.454350301319344,25.2909147502495,normal
job_000004,Bulgaria,152,8.083015849056604,monitoring,0.3682444022064019,0.26666666666666666,0.01330915412825118,0.0,0.23032620840906082,0.0,0.0,6,,0.21221282930430344,0.18964265265386568,0.11564525356051805,21.221282930430345,24.8025589318712,normal
job_000004,Bulgaria,153,8.13619358490566,monitoring,0.9002337368714259,0.6319752912489637,0.18179417047297358,0.5730008860623885,0.4149747534820816,0.0,0.0,6,,0.5501229378979315,0.6241487263975574,0.30211216663257573,62.414872639755735,29.316036576817346,normal
job_000004,Bulgaria,154,8.189371320754718,monitoring,0.7177010546492,0.9,0.18186002544169894,0.0,0.06441266862511649,0.0,0.0,6,,0.5666603754876447,0.33052843081857913,0.3058192147460949,56.66603754876447,32.598036693451,normal
job_000004,Bulgaria,155,8.242549056603774,monitoring,0.673201536409488,0.6265835437482665,0.13011123981838946,0.0,0.03714491713895706,0.0,0.0,6,,0.4561234108223981,0.2715741449493512,0.24814452481689597,45.61234108223981,34.15975322010566,normal
job_000004,Bulgaria,156,8.29572679245283,monitoring,0.5441796251807278,0.29970809082917765,0.008230456986168684,0.0,0.03805832159034177,0.0,0.0,6,,0.28243291030855017,0.19051570031714404,0.15502670720844752,28.243291030855016,33.44977775739558,normal
job_000004,Bulgaria,157,8.348904528301887,monitoring,1.0,0.5863750448594034,0.0,0.12683290596821611,0.21237183605706136,0.0,0.0,6,,0.525912513457821,0.4354407328320515,0.2879562567289105,52.5912513457821,35.74675458800196,normal
job_000004,Bulgaria,158,8.402082264150945,monitoring,0.8119817671729554,0.30947492446065655,0.0,0.0,0.13093271592747815,0.0,0.0,6,,0.3770360958487313,0.2821498594442069,0.20881759210368958,37.703609584873135,35.9815771876265,normal
job_000004,Bulgaria,159,8.45526,monitoring,1.0,0.4079337739402123,0.004541633720104028,0.8208800498939052,0.12905502791159532,0.0,0.0,6,,0.47351554061208967,0.6307618405317975,0.26187131114904744,63.07618405317975,39.23293001149289,normal
job_000004,Bulgaria,160,8.508437735849057,monitoring,1.0,0.4,0.00871134234418052,0.0,0.0,0.0,0.0,6,,0.4721778355860451,0.31,0.2613067013516271,47.21778355860451,40.19111243714629,watch
job_000004,Bulgaria,161,8.561615471698113,monitoring,1.0,0.4,0.03919496077731038,0.27170036303218964,0.0,0.0,0.0,6,,0.47979874019432756,0.4050951270612664,0.2658792441165966,47.979874019432756,41.12576382702067,watch
job_000004,Bulgaria,162,8.614793207547171,monitoring,1.0,0.4333660791398771,0.21136248575583771,0.16883369499200876,0.0,0.0,0.0,6,,0.5328504451809225,0.3740967051181846,0.2967092847343572,53.28504451809225,42.58487750994926,watch
job_000004,Bulgaria,163,8.667970943396227,monitoring,1.0,0.2691849779218013,0.20752213196418293,0.0,0.0,0.0,0.0,6,,0.48263602636758607,0.2903777466882702,0.27150606648289766,48.263602636758606,43.26632452516638,watch
job_000004,Bulgaria,164,8.721148679245283,monitoring,1.0,0.2886303196914891,0.206674957154317,0.03550676289062657,0.0,0.0,0.0,6,,0.48825783519602595,0.30572191496544265,0.27429579152687095,48.825783519602595,43.93345960449873,watch
job_000004,Bulgaria,165,8.77432641509434,monitoring,1.0,0.3134587428352234,0.19278478719340061,0.0,0.0,0.0,0.0,6,,0.49223381964891716,0.2970188114252835,0.27593652950429365,49.223381964891715,44.56825028774588,watch
job_000004,Bulgaria,166,8.827504150943398,monitoring,1.0,0.4803234951761606,0.27095918738279734,0.0,0.0683988055774894,0.0,0.0,6,,0.5618368453985475,0.3391482256707964,0.3126924023838437,56.18368453985475,45.96210239799895,watch
job_000004,Bulgaria,167,8.880681886792454,monitoring,1.0,0.26666666666666666,0.283848101400675,0.0,0.05841439508542967,0.0,0.0,6,,0.5009620253501688,0.3046035987713574,0.28257721521010126,50.09620253501688,46.4581944144411,watch
job_000004,Bulgaria,168,8.93385962264151,monitoring,1.0,0.26666666666666666,0.30999583880652687,0.0,0.08032916324742007,0.0,0.0,6,,0.5074989597016317,0.310082290811855,0.28649937582097906,50.74989597016317,46.973198601127756,watch
job_000004,Bulgaria,169,8.987037358490566,monitoring,1.0,0.26666666666666666,0.0,0.0,0.06797196022659968,0.0,0.0,6,,0.43,0.30699299005664993,0.24000000000000002,43.0,46.49641476899242,watch
job_000004,Bulgaria,170,9.040215094339624,monitoring,1.0,0.5926682127390523,0.018330535297880316,0.278177958000814,0.12914943426572167,0.0,0.0,6,,0.5323830976461857,0.4685498757775731,0.29164981220553987,53.23830976461858,47.30544216846756,watch
job_000004,Bulgaria,171,9.09339283018868,monitoring,1.0,0.30165254505229205,0.1345548400176812,0.0,0.3281019648521878,0.0,0.0,6,,0.4741344735201079,0.3772733729708907,0.265431107760496,47.41344735201079,47.31840279049275,watch
job_000004,Bulgaria,172,9.146570566037736,monitoring,1.0,0.42219561326593413,0.0,0.0,0.0,0.0,0.0,6,,0.4766586839797802,0.3133293419898901,0.2633293419898901,47.665868397978016,47.36009866339098,watch
job_000004,Bulgaria,173,9.199748301886792,monitoring,1.0,0.3217094374348674,0.0166837657731109,0.0,0.0,0.0,0.0,6,,0.45068377267373794,0.2982564156152301,0.25075898048119677,45.06837726737379,47.085092095868916,watch
job_000004,Bulgaria,174,9.25292603773585,monitoring,1.0,0.4701574331370019,0.0,0.0,0.0,0.0,0.0,6,,0.49104722994110056,0.32052361497055026,0.27052361497055033,49.104722994110055,47.32744780365785,watch
job_000004,Bulgaria,175,9.306103773584907,monitoring,1.0,0.26666666666666666,0.0,0.0,0.0,0.0,0.0,6,,0.43,0.29,0.24000000000000002,43.0,46.80815406721891,watch
job_000004,Bulgaria,176,9.359281509433963,monitoring,1.0,0.33903697188585097,0.0,0.0,0.3252645449761067,0.0,0.0,6,,0.4517110915657553,0.3821716820269043,0.25085554578287766,45.171109156575525,46.61170867794171,watch
job_000004,Bulgaria,177,9.412459245283019,monitoring,1.0,0.36640493772429555,0.008713748349249704,0.0,0.0,0.0,0.0,6,,0.4620999184046011,0.3049607406586443,0.2562678029110318,46.209991840460106,46.56350265744392,watch
job_000004,Bulgaria,178,9.465636981132077,monitoring,1.0,0.5220530578951268,0.026547955013930334,0.0,0.0,0.0,0.0,6,,0.5132529061220207,0.328307958684269,0.2822901519363586,51.32529061220207,47.1349172120149,watch
job_000004,Bulgaria,179,9.518814716981133,monitoring,1.0,0.34786474413390917,0.0,0.0,0.0,0.0,0.0,6,,0.45435942324017276,0.3021797116200864,0.2521797116200864,45.435942324017276,46.931040225455185,watch
job_000004,Bulgaria,180,9.57199245283019,monitoring,1.0,0.6377876284061841,0.27595672111781044,0.3701372109715804,0.0,0.0,0.0,6,,0.6103254688013078,0.4752161681009808,0.3370616524285992,61.03254688013078,48.62322102401626,watch
job_000004,Bulgaria,181,9.625170188679245,monitoring,1.0,0.7050860363438711,0.4411548429554729,0.8623184267513349,0.1109907830985348,0.3333333333333333,0.0,6,,0.7051478549753629,0.6853220505891815,0.43860279856156825,70.5147854975363,51.25020876083867,watch
job_000004,Bulgaria,182,9.678347924528303,monitoring,1.0,1.0,0.3822402534199184,0.7318360352671084,0.0,0.0,0.0,6,,0.7455600633549795,0.6561426123434879,0.40733603801298773,74.55600633549795,54.04690446979778,watch
job_000004,Bulgaria,183,9.73152566037736,monitoring,1.0,0.8226852321313272,0.3602253761491035,0.06902508162618179,0.0,0.07843137254901938,0.0,6,,0.694705050931576,0.3975615633888627,0.3931228657518685,69.4705050931576,55.89773654460096,watch
job_000004,Bulgaria,184,9.784703396226416,monitoring,1.0,0.6545722203390079,0.2248178108191332,0.18919015908773737,0.08935176178736323,0.0,0.0,6,,0.6025761188064855,0.4367403291784,0.3319085046737211,60.257611880648554,56.420921584926674,watch
job_000004,Bulgaria,185,9.837881132075472,monitoring,1.0,0.6801305782834185,0.4521712533959954,0.0,0.0,0.07843137254901938,0.0,6,,0.6749251240889262,0.35201958674251277,0.38553154926171596,67.49251240889262,57.74951248380259,watch
job_000004,Bulgaria,186,9.89105886792453,monitoring,1.0,0.9290787089023373,0.08838212294558341,0.0,0.0,0.07843137254901938,0.0,6,,0.658662280661999,0.38936180633535056,0.368305399286992,65.8662280661999,58.72351835369027,watch
job_000004,Bulgaria,187,9.944236603773586,monitoring,1.0,0.507727542379129,0.258408668117718,0.503410277270801,0.0,0.0,0.0,6,,0.5669204297431683,0.5023527284016497,0.3149204315745271,56.69204297431683,58.47974130816545,watch
job_000004,Bulgaria,188,9.997414339622642,monitoring,1.0,0.7481539536863536,0.19379723362179324,0.1290389810798055,0.0,0.0,0.0,6,,0.6228954945113543,0.40738673643088497,0.34129267809622205,62.28954945113543,58.93691828532185,watch
job_000004,Bulgaria,189,10.050592075471698,monitoring,1.0,0.7581652109538943,0.32251463534205227,0.37734488156381985,0.009276197474736106,0.07843137254901938,0.0,6,,0.6659213593765833,0.4981145395591051,0.37778825145419587,66.59213593765833,59.85554440360223,watch
job_000004,Bulgaria,190,10.103769811320756,monitoring,1.0,0.750506504140234,0.42510202124155555,0.0,0.0,0.3333333333333333,0.0,6,,0.7147607898857924,0.3625759756210351,0.44300794547393507,71.47607898857925,61.250008553799475,warning
job_000004,Bulgaria,191,10.156947547169812,monitoring,1.0,0.5625956868328865,0.4185239846512175,0.0,0.0,0.3333333333333333,0.0,6,,0.6567430355460036,0.334389353024933,0.41383461738928223,65.67430355460036,61.78092395389558,warning
job_000004,Bulgaria,192,10.210125283018868,monitoring,1.0,0.46113959595944415,0.37054656446039835,0.0,0.09451724932306807,0.3333333333333333,0.0,6,,0.6143118532362661,0.34280025172468365,0.39141959072964305,61.431185323626615,61.73895531826331,warning
job_000004,Bulgaria,193,10.263303018867925,monitoring,1.0,0.7789441605699007,0.21927958156845642,0.0,0.0,0.0,0.0,6,,0.6385031435630842,0.3668416240854851,0.34973356132075356,63.850314356308424,61.99231840282872,warning
job_000004,Bulgaria,194,10.316480754716983,monitoring,1.0,0.9567737834321457,0.0762684086092973,0.0,0.050557334750518115,0.07843137254901938,0.0,6,,0.66394237443687,0.40615540120245136,0.37064260331602034,66.394237443687,62.52054868773172,warning
job_000004,Bulgaria,195,10.369658490566039,monitoring,1.0,0.6168586017731084,0.013886105265255968,0.0,0.0,0.07843137254901938,0.0,6,,0.5463722441031483,0.3425287902659663,0.3102979805655585,54.637224410314836,61.57454977444169,warning
job_000004,Bulgaria,196,10.422836226415095,monitoring,1.0,0.6517335922179371,0.0,0.0,0.0,0.07843137254901938,0.0,6,,0.5533632149202831,0.3477600388326906,0.31344631334249445,55.336321492028304,60.825962380552085,warning
job_000004,Bulgaria,197,10.476013962264151,monitoring,1.0,0.8287618306131033,0.0,0.0,0.06341757342558166,0.0,0.0,6,,0.5986285491839309,0.3901686679483609,0.3243142745919655,59.8628549183931,60.710389485093,warning
job_000004,Bulgaria,198,10.529191698113209,monitoring,1.0,1.0,0.13859937971975206,1.0,0.0,0.07843137254901938,0.0,6,,0.6924929821848399,0.75,0.38647618146776663,75.0,62.425142746881846,warning
job_000004,Bulgaria,199,10.582369433962265,monitoring,1.0,0.6155064765543937,0.055473903165416366,0.0,0.0,0.0,0.0,6,,0.5485204187576722,0.3423259714831591,0.30064705695797156,54.85204187576722,61.516370642348086,warning
job_000004,Bulgaria,200,10.635547169811321,monitoring,1.0,0.4,0.09089441571326644,0.0,0.0,0.3333333333333333,0.0,6,,0.5260569372616499,0.31,0.3403008290236566,52.60569372616499,60.447089412406115,warning
job_000004,Bulgaria,201,10.688724905660377,monitoring,1.0,0.26666666666666666,0.05687367002933272,0.0,0.22051750527504888,0.6222222222222223,0.0,6,,0.5064406397295553,0.34512937631876217,0.3729754949488444,50.644063972955536,59.27072635967205,warning
job_000004,Bulgaria,202,10.741902641509435,monitoring,1.0,0.5,0.300058747553537,0.0,0.3474030674142031,0.07843137254901938,0.0,6,,0.5828578241432862,0.4118507668535508,0.33569508664283443,58.28578241432862,59.15253308623084,warning
job_000004,Bulgaria,203,10.795080377358492,monitoring,1.0,0.4,0.06878582454555902,0.0,0.06714633701765182,0.3333333333333333,0.0,6,,0.5205297894697231,0.326786584254413,0.3369845403485005,52.0529789469723,58.30058658951982,warning
job_000004,Bulgaria,204,10.848258113207548,monitoring,1.0,0.5,0.214738009918643,0.0,0.009983531783342589,0.07843137254901938,0.0,6,,0.5615276397345627,0.32749588294583565,0.32289697599760037,56.15276397345627,58.042847875592194,warning
job_000004,Bulgaria,205,10.901435849056604,monitoring,1.0,0.5,0.28598034743668543,0.0,0.0,0.0,0.0,6,,0.5714950868591714,0.325,0.31789705211550284,57.14950868591714,57.93564717283119,warning
job_000004,Bulgaria,206,10.954613584905662,monitoring,1.0,0.5185993303973053,0.2878751942903287,0.0,0.10814931117027077,0.0,0.0,6,,0.5775485976917738,0.3548272273521635,0.3209711787031451,57.75485976917738,57.91395268439273,warning
job_000004,Bulgaria,207,11.007791320754718,monitoring,1.0,0.5294689310698165,0.0,0.0,0.0,0.07843137254901938,0.0,6,,0.5166838165758468,0.32942033966047246,0.29510661417027634,51.66838165758468,57.164484161175764,warning
job_000004,Bulgaria,208,11.060969056603774,monitoring,1.0,0.5,0.28645305050567726,0.0,0.21069324315941737,0.0,0.0,6,,0.5716132626264193,0.37767331078985433,0.3179679575758516,57.16132626264193,57.164105213351704,warning
job_000004,Bulgaria,209,11.11414679245283,monitoring,1.0,0.5,0.29613431299808607,0.0,0.05297198887769983,0.0,0.0,6,,0.5740335782495215,0.33824299721942497,0.31942014694971294,57.40335782495215,57.19281552674376,warning
job_000004,Bulgaria,210,11.167324528301888,monitoring,1.0,0.5,0.2569420735152111,0.0,0.05765204393352516,0.0,0.0,6,,0.5642355183788028,0.3394130109833813,0.31354131102728167,56.42355183788028,57.10050388408014,warning
job_000004,Bulgaria,211,11.220502264150944,monitoring,1.0,0.5,0.3257852814558017,0.03807456043492528,0.061466994131516954,0.0,0.0,6,,0.5814463203639504,0.3536928446851031,0.32386779221837025,58.14463203639504,57.225799262357924,warning
job_000004,Bulgaria,212,11.27368,monitoring,1.0,0.5,0.2599602327059189,0.0,0.21460617822388733,0.0,0.0,6,,0.5649900581764797,0.37865154455597183,0.31399403490588784,56.499005817647976,57.13858404899273,warning
job_000004,Bulgaria,213,11.326857735849057,monitoring,1.0,0.5,0.0,0.087081765609875,0.24721356484626325,0.0,0.0,6,,0.5,0.41728200917502206,0.275,50.0,56.28195396311361,warning
job_000004,Bulgaria,214,11.380035471698115,monitoring,1.0,0.5,0.017889959592961052,0.0,0.1504524461228543,0.07843137254901938,0.0,6,,0.5123156271531422,0.36261311153071357,0.29336976844874807,51.23156271531422,55.67590701337768,warning
job_000004,Bulgaria,215,11.43321320754717,monitoring,1.0,0.5118964428080981,0.3854717537231276,0.0,0.21468122089232292,0.0,0.0,6,,0.5999368712732114,0.3804547716442955,0.33460522947968385,59.99368712732114,56.194040627050896,warning
job_000004,Bulgaria,216,11.486390943396227,monitoring,1.0,0.5,0.06520091885182959,0.0,0.2179383578402417,0.07843137254901938,0.0,6,,0.5241433669678593,0.3794845894600604,0.3004664123375783,52.41433669678594,55.7404761554191,warning
job_000004,Bulgaria,217,11.539568679245283,monitoring,1.0,0.5,0.0,0.0,0.21611073214682627,0.07843137254901938,0.0,6,,0.5078431372549019,0.3790276830367066,0.2906862745098039,50.78431372549019,55.145736663827634,warning
job_000004,Bulgaria,218,11.592746415094341,monitoring,1.0,0.5,0.0,0.0,0.19523505627827653,0.07843137254901938,0.0,6,,0.5078431372549019,0.37380876406956914,0.2906862745098039,50.78431372549019,54.62236591122714,watch
job_000004,Bulgaria,219,11.645924150943397,monitoring,1.0,0.5,0.0,0.0,0.265616788944287,0.0,0.0,6,,0.5,0.3914041972360718,0.275,50.0,54.06768200187989,watch
job_000004,Bulgaria,220,11.699101886792453,monitoring,1.0,0.5,0.3985391513068568,0.0,0.14878551206572163,0.0,0.0,6,,0.5996347878267142,0.3621963780164304,0.3347808726960285,59.96347878267142,54.77517761557487,watch
job_000004,Bulgaria,221,11.75227962264151,monitoring,1.0,0.5401360575243359,0.2108604998087795,0.0,0.132739512453475,0.0,0.0,6,,0.5647559422094957,0.36420528674201913,0.31264948359996736,56.47559422094957,54.97922760821983,watch
job_000004,Bulgaria,222,11.805457358490568,monitoring,1.0,0.5,0.3016493369396942,0.0,0.26652614813384223,0.0,0.0,6,,0.5754123342349236,0.39163153703346054,0.32024740054095413,57.54123342349236,55.28666830605253,watch
job_000004,Bulgaria,223,11.858635094339624,monitoring,1.0,0.630365820328072,0.26994583726125393,0.23966381837347756,0.029305629611455844,0.0,0.0,6,,0.606596205413735,0.43576361688279186,0.3350467486383989,60.659620541373506,55.93142257429105,watch
job_000004,Bulgaria,224,11.91181283018868,monitoring,1.0,0.5868275053757062,0.26437438541679636,0.13710713827897905,0.0,0.0,0.0,6,,0.5921418479669109,0.3860116242039986,0.3276802836188754,59.21418479669109,56.32535404097905,watch
job_000004,Bulgaria,225,11.964990566037736,monitoring,1.0,0.5,0.3056907724759884,0.0,0.0,0.0,0.0,6,,0.5764226931189971,0.325,0.32085361587139827,57.64226931189971,56.48338387348953,watch
job_000004,Bulgaria,226,12.018168301886794,monitoring,1.0,0.7145251844471808,0.3274161971638509,0.0,0.0,0.0,0.0,6,,0.646211604625117,0.3571787776670771,0.35629120724165475,64.6211604625117,57.459917064172195,watch
job_000004,Bulgaria,227,12.07134603773585,monitoring,0.7801892082628382,0.5,0.017919727972649926,0.0,0.278818321780318,0.07843137254901938,0.0,6,,0.4353892921400578,0.339751882510789,0.24941207535826898,43.538929214005776,55.789398522152226,watch
job_000004,Bulgaria,228,12.124523773584906,monitoring,0.9423694808137509,0.5,0.3258607828539024,0.0,0.007556493080166217,0.0,0.0,6,,0.5612945139982883,0.31248149347347925,0.31235301359083556,56.12945139982883,55.83020486747342,watch
job_000004,Bulgaria,229,12.177701509433962,monitoring,0.817149412794069,0.5,0.31198590949190536,0.0,0.0030331512902880783,0.0,0.0,6,,0.5139987718509005,0.2800456410210893,0.2852277689825996,51.39987718509005,55.298565545587415,watch
job_000004,Bulgaria,230,12.23087924528302,monitoring,1.0,0.5,0.430162327077437,0.0,0.0,0.5614035087719297,0.0,6,,0.6636809326465521,0.325,0.4518050508160015,66.36809326465522,56.62690887187555,watch
job_000004,Bulgaria,231,12.284056981132077,monitoring,1.0,0.5923711585132394,0.569722914535611,0.0,0.10003870846465926,0.0,0.0,6,,0.6701420761878745,0.3638653508931507,0.37431411095732753,67.01420761878745,57.873384721504976,watch
job_000004,Bulgaria,232,12.337234716981133,monitoring,1.0,0.5625183907965203,0.4908918949806811,0.09911005206001354,0.0,0.0,0.0,6,,0.6414784909841263,0.36906627684048277,0.3580115428665802,64.14784909841264,58.62632044673389,watch
job_000004,Bulgaria,233,12.390412452830189,monitoring,1.0,0.5,0.4473214219799398,0.0,0.15190487806002015,0.0,0.0,6,,0.611830355494985,0.362976219515005,0.34209821329699097,61.1830355494985,58.933126259065645,watch
job_000004,Bulgaria,234,12.443590188679247,monitoring,1.0,0.5,0.24592517180016757,0.0,0.0,0.0,0.0,6,,0.5614812929500419,0.325,0.31188877577002516,56.14812929500419,58.59892662337827,watch
job_000004,Bulgaria,235,12.496767924528303,monitoring,1.0,0.6010998512574655,0.21931693272203995,0.0,0.0,0.0,0.0,6,,0.5851591885577496,0.3401649776886198,0.32306251759692584,58.51591885577496,58.58896569126588,watch
job_000004,Bulgaria,236,12.54994566037736,monitoring,1.0,0.5,0.5910693670607705,0.0,0.0,0.0,0.0,6,,0.6477673417651926,0.325,0.36366040505911557,64.77673417651926,59.331497909496285,watch
job_000004,Bulgaria,237,12.603123396226415,monitoring,1.0,0.5,0.6254945818325319,0.0,0.11090110282950988,0.0,0.0,6,,0.656373645458133,0.3527252757073775,0.3688241872748798,65.6373645458133,60.088201905854326,warning
job_000004,Bulgaria,238,12.656301132075473,monitoring,0.5852675487739767,0.5,0.43693399992236087,0.0,0.007263181922342923,0.5614035087719297,0.0,6,,0.520217492928675,0.2231326826740799,0.3698743114975354,52.021749292867504,59.12022759229591,warning
job_000004,Bulgaria,239,12.70947886792453,monitoring,1.0,0.5236220519196684,0.41344671357384516,0.0,0.0,0.0,0.0,6,,0.6104482939693618,0.32854330778795027,0.34056031482402704,61.04482939693619,59.35117980885275,warning
job_000004,Bulgaria,240,12.762656603773586,monitoring,1.0,0.5,0.3667860534181015,0.0,0.0,0.0,0.0,6,,0.5916965133545253,0.325,0.33001790801271524,59.169651335452535,59.32939639204472,warning
job_000004,Bulgaria,241,12.815834339622642,monitoring,0.0,0.5,0.0,1.0,0.0,0.0,0.0,6,,0.15,0.425,0.075,42.5,57.309868824999356,warning
job_000004,Bulgaria,242,12.8690120754717,monitoring,1.0,0.7125107926964106,0.3031284300836677,0.1370742941662644,0.0,0.0,0.0,6,,0.6395353453298401,0.40485262186265414,0.3523458834170118,63.953534532984015,58.107108709957515,warning
job_000004,Bulgaria,243,12.922189811320756,monitoring,1.0,0.5884110386623239,0.2261076218224038,0.45794772241015747,0.0,0.0,0.0,6,,0.583050217054298,0.49854335864290367,0.32217779907270916,58.3050217054298,58.13085826941419,warning
job_000004,Bulgaria,244,12.975367547169812,monitoring,1.0,0.5854634289028927,0.32211591740683837,0.1795246267361315,0.1415977742394881,0.0,0.0,6,,0.6061680080225773,0.43605257725295193,0.3361369019464597,60.61680080225773,58.429171373355416,warning
job_000004,Bulgaria,245,13.028545283018868,monitoring,0.9030265341440962,0.15837679366976284,0.0,0.17562976673411643,0.09837385452594462,0.0,0.0,6,,0.36357232505136244,0.3355770345749154,0.20436182587928367,36.357232505136245,55.780538709169114,warning
job_000004,Bulgaria,246,13.081723018867926,monitoring,1.0,0.44409904996749,0.0,0.08991160561751277,0.08562777692271338,0.0,0.0,6,,0.483229714990247,0.36949086369193135,0.2666148574951235,48.322971499024696,54.885630643951785,watch
job_000004,Bulgaria,247,13.134900754716982,monitoring,1.0,0.33890984189383966,0.0,0.08572437289832062,0.10277318557712946,0.0,0.0,6,,0.4516729525681519,0.35653330319277055,0.25083647628407596,45.16729525681519,53.719430397495394,watch
job_000004,Bulgaria,248,13.188078490566038,monitoring,1.0,0.26666666666666666,0.0,0.007419235497989888,0.10111317187948868,0.0,0.0,6,,0.43,0.3178750253941686,0.24000000000000002,43.0,52.433098749795946,watch
job_000004,Bulgaria,249,13.241256226415095,monitoring,1.0,0.26666666666666666,0.0,0.0,0.015405195765909102,0.0,0.0,6,,0.43,0.29385129894147727,0.24000000000000002,43.0,51.30112689982043,watch
job_000004,Bulgaria,250,13.294433962264153,monitoring,1.0,0.26666666666666666,0.0,0.0,0.12194529381649655,0.0,0.0,6,,0.43,0.3204863234541241,0.24000000000000002,43.0,50.304991671841975,watch
job_000004,Bulgaria,251,13.347611698113209,monitoring,1.0,0.29044123506781644,0.0,0.031643817966523886,0.013160657202950263,0.0,0.0,6,,0.4371323705203449,0.3079316858491934,0.24356618526017249,43.71323705203449,49.51398111746508,watch
job_000004,Bulgaria,252,13.400789433962265,monitoring,1.0,0.26666666666666666,0.0,0.006859929222485491,0.0,0.0,0.0,6,,0.43,0.2924009752278699,0.24000000000000002,43.0,48.73230338336927,watch
job_000004,Bulgaria,253,13.453967169811321,monitoring,1.0,0.4,0.0,0.03576217459576921,0.2027158975843501,0.0,0.0,6,,0.47,0.3731957355046068,0.26,47.0,48.52442697736496,watch
job_000004,Bulgaria,254,13.507144905660379,monitoring,1.0,0.46139071194019265,0.0,0.1880509073910238,0.0,0.0,0.0,6,,0.4884172135820578,0.38502642437788726,0.2692086067910289,48.84172135820578,48.562502303065855,watch
job_000004,Bulgaria,255,13.560322641509435,monitoring,1.0,0.3267179220174391,0.0,0.1230538109891082,0.08384597648463261,0.0,0.0,6,,0.4480153766052317,0.3630380162699619,0.24900768830261588,44.801537660523174,48.111186545960734,watch
job_000004,Bulgaria,256,13.613500377358491,monitoring,1.0,0.4,0.0,0.03313703192289273,0.10665376093487214,0.0,0.0,6,,0.47,0.34826140140673045,0.26,47.0,47.97784416044545,watch
job_000004,Bulgaria,257,13.666678113207547,monitoring,1.0,0.6126718738291257,0.07959278207021117,0.0,0.07650062155316172,0.0,0.0,6,,0.5536997576662904,0.36102593646265924,0.3038396983849005,55.36997576662904,48.86489995318748,watch
job_000004,Bulgaria,258,13.719855849056605,monitoring,0.9845732222802558,0.4,0.19555879856211014,0.0,0.0,0.0,0.0,6,,0.5134903274386171,0.306143305570064,0.2862484642403677,51.34903274386171,49.16299588806839,watch
job_000004,Bulgaria,259,13.773033584905662,monitoring,1.0,0.5,0.17860290952299157,0.1800295116102299,0.32002297549157,0.0,0.0,6,,0.5446507273807479,0.46801607293647296,0.30179043642844877,54.465072738074795,49.79924511006915,watch
job_000004,Bulgaria,260,13.826211320754718,monitoring,0.8818634133032116,0.26666666666666666,0.0,0.03743321674310893,0.0,0.0,0.0,6,,0.38865219465612405,0.273567479185891,0.21637268266064233,38.865219465612405,48.48716203273434,watch
job_000004,Bulgaria,261,13.879389056603774,monitoring,0.9685868070947614,0.4,0.0,0.049287627954278296,0.0,0.0,0.0,6,,0.45900538248316647,0.31939737155768777,0.2537173614189523,45.90053824831665,48.176767178604216,watch
job_000004,Bulgaria,262,13.932566792452832,monitoring,1.0,0.5,0.2039522342345463,0.0,0.0,0.0,0.0,6,,0.5509880585586365,0.325,0.305592835135182,55.09880585586365,49.00741181987535,watch
job_000004,Bulgaria,263,13.985744528301888,monitoring,1.0,0.6247494210799864,0.0,0.04117032299242911,0.19289682569983024,0.0,0.0,6,,0.5374248263239959,0.4063462326343057,0.293712413161998,53.74248263239959,49.57562031737827,watch
job_000004,Bulgaria,264,14.038922264150944,monitoring,1.0,0.4,0.0,0.06586128093169002,0.0,0.0,0.0,6,,0.47,0.3330514483260915,0.26,47.0,49.26654587929288,watch
job_000004,Bulgaria,265,14.0921,monitoring,0.9756973437989465,0.26666666666666666,0.0,0.11405528919277678,0.08857576991046141,0.0,0.0,6,,0.42149407032963127,0.3459876296448238,0.2351394687597893,42.149407032963126,48.4124892177333,watch
job_000004,Bulgaria,266,14.145277735849058,monitoring,0.6758453416360899,0.26666666666666666,0.0,0.015878844243544615,0.025194795564832673,0.0,0.0,6,,0.3165458695726314,0.22081762978547126,0.17516906832721799,31.65458695726314,46.401540946476885,watch
job_000004,Bulgaria,267,14.198455471698114,monitoring,0.0,0.26666666666666666,0.11101624953967479,0.0,0.07453660507581128,0.0,0.0,6,,0.10775406238491869,0.05863415126895282,0.05665243743095122,10.775406238491868,42.12640478151868,watch
job_000004,Bulgaria,268,14.25163320754717,monitoring,0.9618090264698154,0.4,0.017806401814384965,0.0,0.0,0.0,0.0,6,,0.4610847597180316,0.30045225661745384,0.2550327655661208,46.10847597180316,42.60425332435282,watch
job_000004,Bulgaria,269,14.304810943396227,monitoring,1.0,0.4,0.0,0.06391602778673872,0.0,0.0,0.0,6,,0.47,0.33237060972535853,0.26,47.0,43.13174292543048,watch
job_000004,Bulgaria,270,14.357988679245285,monitoring,0.1427727462881822,0.4,0.0,0.17285202554087906,0.0,0.0,0.0,6,,0.16997046120086376,0.15619139551135322,0.08855454925763644,16.997046120086377,39.99557930878919,watch
job_000004,Bulgaria,271,14.41116641509434,monitoring,0.38658876896539107,0.5321590479700702,0.07834860080444679,0.45794692088993594,0.0,0.0,0.0,6,,0.31454093373001957,0.3367524717483359,0.16889390110925578,33.675247174833586,39.237139452714516,watch
job_000004,Bulgaria,272,14.464344150943397,monitoring,1.0,0.4,0.04619913181082371,0.09100034332390035,0.0,0.0,0.0,6,,0.4815497829527059,0.34185012016336513,0.2669298697716236,48.15497829527059,40.30728011382124,watch
job_000004,Bulgaria,273,14.517521886792453,monitoring,1.0,0.26666666666666666,0.10117601446220195,0.1649631356258014,0.0,0.0,0.0,6,,0.4552940036155505,0.3477370974690305,0.2551764021693303,45.52940036155505,40.9339345435493,watch
job_000004,Bulgaria,274,14.570699622641511,monitoring,0.9891610753906476,0.26666666666666666,0.06248321618660111,0.1318294737311129,0.0012548721074612046,0.0,0.0,6,,0.44182718043337693,0.3337443026804167,0.2472046975061197,44.182718043337694,41.323788563523905,watch
job_000004,Bulgaria,275,14.623877358490567,monitoring,0.9194044766412803,0.26666666666666666,0.0,0.12636234073269478,0.0,0.0,0.0,6,,0.4017915668244481,0.31407793841676324,0.22388089532825609,40.17915668244481,41.18643273779441,watch
job_000004,Bulgaria,276,14.677055094339623,monitoring,0.8877365342406873,0.26666666666666666,0.0,0.003464844403156438,0.0,0.0,0.0,6,,0.3907077869842406,0.26314682910127657,0.21754730684813747,39.07077869842406,40.932554253069966,watch
job_000004,Bulgaria,277,14.73023283018868,monitoring,0.8909203189735481,0.26666666666666666,0.0,0.1092659690562553,0.0,0.0,0.0,6,,0.3918221116407418,0.30097316891307635,0.21818406379470964,39.18221116407418,40.72251308239047,watch
job_000004,Bulgaria,278,14.783410566037738,monitoring,0.8077918202815708,0.26666666666666666,0.0,0.1370884665010908,0.14162717951648132,0.0,0.0,6,,0.36272713709854976,0.32533571322489485,0.2015583640563142,36.272713709854976,40.18853715768621,watch
job_000004,Bulgaria,279,14.836588301886794,monitoring,0.8190179148765226,0.36459912436672276,0.0,0.30254005583644894,0.1289631419934609,0.0,0.0,6,,0.39603600751679974,0.39757415241526145,0.21849345163031295,39.75741524152615,40.136802527747,watch
job_000004,Bulgaria,280,14.88976603773585,monitoring,0.7694360188564678,0.26666666666666666,0.0,0.0,0.0,0.0,0.0,6,,0.34930260659976375,0.23235900471411697,0.1938872037712936,34.930260659976376,39.51201750361453,watch
job_000004,Bulgaria,281,14.942943773584906,monitoring,0.7325592625056293,0.26666666666666666,0.0,0.0,0.0,0.0,0.0,6,,0.33639574187697024,0.22313981562640733,0.18651185250112587,33.63957418769702,38.80732430570443,watch
job_000004,Bulgaria,282,14.996121509433964,monitoring,0.6704281634903431,0.26666666666666666,0.0,0.1169254420242845,0.0,0.0,0.0,6,,0.31464985722162003,0.24853094558108535,0.17408563269806862,31.464985722162,37.92624367567933,watch
job_000004,Bulgaria,283,15.04929924528302,monitoring,0.5839743346182443,0.26666666666666666,0.0,0.4281829046557267,0.08580947714500056,0.0,0.0,6,,0.2843910171163855,0.3573099695703156,0.15679486692364888,35.73099695703156,37.6628140694416,watch
job_000004,Bulgaria,284,15.102476981132076,monitoring,0.5903721546638083,0.4,0.0,0.12173731402522125,0.18120759349904011,0.0,0.0,6,,0.32663025413233293,0.2955029969495395,0.17807443093276165,32.66302541323329,37.062839430696606,watch
job_000004,Bulgaria,285,15.155654716981132,monitoring,0.540987985277816,0.26666666666666666,0.0,0.16486872018697718,0.394664006649937,0.0,0.0,6,,0.2693457948472356,0.3316170500473803,0.1481975970555632,33.16170500473803,36.594703299581575,watch
job_000004,Bulgaria,286,15.20883245283019,monitoring,0.4069998797587175,0.26666666666666666,0.0,0.0,0.02234302392118432,0.0,0.0,6,,0.2224499579155511,0.14733572591997546,0.12139997595174351,22.244995791555112,34.8727383986184,normal
job_000004,Bulgaria,287,15.262010188679247,monitoring,0.2865559290574354,0.26666666666666666,0.0,0.20500644832126416,0.014710076660942496,0.0,0.0,6,,0.1802945751701024,0.1870687583420369,0.09731118581148708,18.70687583420369,32.932834890888635,normal
job_000004,Bulgaria,288,15.315187924528303,monitoring,0.04577564672068463,0.13333333333333333,0.0,0.045197707076529134,0.0,0.0,0.0,6,,0.05602147635223962,0.047263109156956355,0.02915512934413693,5.602147635223962,29.653152420208876,normal
job_000004,Bulgaria,289,15.368365660377359,monitoring,0.2334371756139767,0.585827486616457,0.0,0.0,0.026753117424302676,0.0,0.0,6,,0.25745125744982894,0.15292169625203839,0.13456155811526388,25.745125744982893,29.184189219181757,normal
job_000004,Bulgaria,290,15.421543396226417,monitoring,0.13426578077012538,0.4,0.0,0.0,0.09835756056343603,0.0,0.0,6,,0.16699302326954388,0.11815583533339036,0.08685315615402507,16.69930232695439,27.686002792114472,normal
job_000004,Bulgaria,291,15.474721132075473,monitoring,0.0,0.665709539664443,0.10482748091699645,0.08134918368717628,0.0,0.0,0.0,6,,0.22591973212858202,0.12832864524017815,0.11558055308721592,22.591973212858203,27.07471924260372,normal
job_000004,Bulgaria,292,15.52789886792453,monitoring,0.0,0.40627349722092193,0.0,0.0,0.0,0.0,0.0,6,,0.12188204916627657,0.060941024583138284,0.060941024583138284,12.188204916627656,25.288337523486593,normal
job_000004,Bulgaria,293,15.581076603773585,monitoring,0.0,0.13333333333333333,0.0,0.0,0.0,0.0,0.0,6,,0.04,0.02,0.02,4.0,22.7337370206682,normal
job_000004,Bulgaria,294,15.634254339622643,monitoring,0.0,0.3744594278240457,0.05561212104107946,0.0,0.0,0.0,0.0,6,,0.12624085860748357,0.05616891417360685,0.06451073232976877,12.624085860748357,21.52057888147782,normal
job_000004,Bulgaria,295,15.6874320754717,monitoring,0.0,0.21842867986716064,0.0,0.0,0.0,0.0,0.0,6,,0.06552860396014819,0.032764301980074094,0.032764301980074094,6.552860396014819,19.72445266322226,normal
job_000004,Bulgaria,296,15.740609811320756,monitoring,0.0,0.26666666666666666,0.13013095500453017,0.010945651227255885,0.2805924027996425,0.0,0.0,6,,0.11253273875113254,0.11397907862945018,0.05951964325067953,11.397907862945019,18.725267287188988,normal
job_000004,Bulgaria,297,15.793787547169812,monitoring,0.0,0.13333333333333333,0.01742770393496802,0.012349550328028527,0.0,0.0,0.0,6,,0.044356925983742,0.024322342614809984,0.022614155590245204,4.4356925983742,17.010518324531215,normal
job_000004,Bulgaria,298,15.84696528301887,monitoring,0.0,0.13333333333333333,0.08253876644940512,0.013961963092799118,0.11082780526505462,0.0,0.0,6,,0.060634691612351285,0.05259363839874334,0.03238081496741077,6.063469161235129,15.696872424935684,normal
job_000004,Bulgaria,299,15.900143018867926,monitoring,0.0,0.0,0.0,0.23832578966182094,0.12196815125652666,0.0,0.0,6,,0.0,0.11390606419576899,0.0,11.390606419576898,15.18012050429263,normal
job_000004,Bulgaria,300,15.953320754716982,monitoring,0.0,0.13333333333333333,0.010972291827173962,0.07102496566077883,0.19756824293023956,0.0,0.0,6,,0.04274307295679349,0.09425079871383248,0.021645843774076093,9.425079871383248,14.489515628343502,normal
job_000004,Bulgaria,301,16.006498490566038,monitoring,0.0,0.13333333333333333,0.07129719858168432,0.0,0.0,0.0,0.0,6,,0.05782429964542108,0.02,0.030694579787252648,5.782429964542108,13.444665348687334,normal
job_000004,Bulgaria,302,16.059676226415096,monitoring,0.0,0.13333333333333333,0.07301127683154619,0.0,0.0,0.0,0.0,6,,0.05825281920788655,0.02,0.030951691524731928,5.8252819207886555,12.530339337339493,normal
job_000004,Bulgaria,303,16.11285396226415,monitoring,0.0,0.13333333333333333,0.03957291492358017,0.30921234735343395,0.18700501081570467,0.0,0.0,6,,0.049893228730895044,0.17497557427762803,0.025935937238537026,17.497557427762803,13.12640550819029,normal
job_000004,Bulgaria,304,16.16603169811321,monitoring,0.0,0.0,0.0,0.0,0.14509312242916253,0.0,0.0,6,,0.0,0.03627328060729063,0.0,3.6273280607290634,11.986516214494943,normal
job_000004,Bulgaria,305,16.219209433962266,monitoring,0.0,0.3156862440723298,0.1873318057574444,0.08690464785728233,0.1213424231376636,0.0,0.0,6,,0.14153882466106005,0.10810516914531418,0.07545270747446614,14.153882466106005,12.246600164688271,normal
job_000004,Bulgaria,306,16.27238716981132,monitoring,0.0,0.2408106418696333,0.0,0.3325455846865044,0.09726689514118719,0.0,0.0,6,,0.07224319256088998,0.17682927470601834,0.03612159628044499,17.682927470601832,12.8989594413979,normal
job_000004,Bulgaria,307,16.32556490566038,monitoring,0.0,0.13333333333333333,0.0,0.5011645633409826,0.19291495507069714,0.0,0.0,6,,0.04,0.24363633593701817,0.02,24.363633593701817,14.274720339674369,normal
job_000004,Bulgaria,308,16.378742641509437,monitoring,0.0,0.13333333333333333,0.0,0.0,0.35451194802384195,0.0,0.0,6,,0.04,0.10862798700596049,0.02,10.862798700596048,13.86528974298497,normal
job_000004,Bulgaria,309,16.43192037735849,monitoring,0.0,0.13333333333333333,0.0,0.0,0.2857338075256912,0.0,0.0,6,,0.04,0.09143345188142281,0.02,9.14334518814228,13.298656396403848,normal
job_000004,Bulgaria,310,16.48509811320755,monitoring,0.0,0.26666666666666666,0.0,0.0,0.27684668946884966,0.0,0.0,6,,0.08,0.10921167236721241,0.04,10.92116723672124,13.013357697241936,normal
job_000004,Bulgaria,311,16.538275849056603,monitoring,0.0,0.13333333333333333,0.0,0.0,0.040600932594271194,0.0,0.0,6,,0.04,0.0301502331485678,0.02,4.0,11.931754773572905,normal
job_000004,Bulgaria,312,16.59145358490566,monitoring,0.0,0.13333333333333333,0.0,0.0,0.13024932846724485,0.0,0.0,6,,0.04,0.05256233211681122,0.02,5.2562332116811215,11.130692186145891,normal
job_000004,Bulgaria,313,16.64463132075472,monitoring,0.0,0.0,0.0,1.0,0.1981292718794278,0.0,0.0,6,,0.0,0.39953231796985694,0.0,39.9532317969857,14.589396939446669,normal
job_000004,Bulgaria,314,16.697809056603774,monitoring,0.0,0.0,0.0,0.0,0.12602520497878295,0.0,0.0,6,,0.0,0.031506301244695736,0.0,3.150630124469574,13.216744921649417,normal
job_000004,Bulgaria,315,16.75098679245283,monitoring,0.0,0.13333333333333333,0.0,0.0,0.1729370193040515,0.0,0.0,6,,0.04,0.06323425482601287,0.02,6.323425482601287,12.389546588963642,normal
job_000004,Bulgaria,316,16.80416452830189,monitoring,0.0,0.13333333333333333,0.0,0.0,0.0,0.0,0.0,6,,0.04,0.02,0.02,4.0,11.382800998288005,normal
job_000004,Bulgaria,317,16.857342264150944,monitoring,0.0,0.13333333333333333,0.0,0.07982948313075912,0.0,0.0,0.0,6,,0.04,0.04794031909576569,0.02,4.794031909576569,10.592148707642634,normal
job_000004,Bulgaria,318,16.91052,monitoring,0.0,0.13333333333333333,0.0,0.0,0.0,0.0,0.0,6,,0.04,0.02,0.02,4.0,9.801090862725518,normal
job_000004,Bulgaria,319,16.963697735849056,monitoring,0.0,0.04700362268379359,0.0,0.0,0.3036219884215799,0.0,0.0,6,,0.014101086805138077,0.08295604050796401,0.007050543402569038,8.2956040507964,9.620432445294025,normal
job_000004,Bulgaria,320,17.016875471698114,monitoring,0.0,0.13333333333333333,0.0,0.0,0.21672804041792784,0.0,0.0,6,,0.04,0.07418201010448196,0.02,7.418201010448196,9.356164673112525,normal
job_000004,Bulgaria,321,17.070053207547172,monitoring,0.0,0.0,0.0,0.0,0.16163155081416086,0.0,0.0,6,,0.0,0.040407887703540216,0.0,4.0407887703540215,8.718319564781506,normal
job_000004,Bulgaria,322,17.123230943396226,monitoring,0.0,0.26666666666666666,0.0,0.0,0.3204193405620878,0.0,0.0,6,,0.08,0.12010483514052195,0.04,12.010483514052195,9.11337923869399,normal
job_000004,Bulgaria,323,17.176408679245284,monitoring,0.0,0.13333333333333333,0.0,0.0,0.0,0.0,0.0,6,,0.04,0.02,0.02,4.0,8.49977373005071,normal
job_000004,Bulgaria,324,17.229586415094342,monitoring,0.0,0.0,0.0,0.0,0.012804636091423481,0.0,0.0,6,,0.0,0.0032011590228558703,0.0,0.320115902285587,7.518214790718896,normal
job_000004,Bulgaria,325,17.282764150943397,monitoring,0.0,0.13333333333333333,0.0,0.0,0.0,0.0,0.0,6,,0.04,0.02,0.02,4.0,7.096029015832629,normal
job_000004,Bulgaria,326,17.335941886792455,monitoring,0.0,0.0,0.0,0.0,0.03584944437998363,0.0,0.0,6,,0.0,0.008962361094995907,0.0,0.8962361094995908,6.352053867072664,normal
job_000004,Bulgaria,327,17.38911962264151,monitoring,0.2043530752868982,0.13333333333333333,0.0,0.5863065589328764,0.18683514327478665,0.0,0.0,6,,0.11152357635041438,0.3230043502669279,0.060870615057379646,32.30043502669279,9.46585960622708,normal
job_000004,Bulgaria,328,17.442297358490567,monitoring,0.524188914545828,0.4,0.2952905646066237,0.1266282450661922,0.1710495155323871,0.0,0.0,6,,0.3772887612426957,0.278129493292721,0.20913136760015916,37.728876124269576,12.857421588392178,normal
job_000004,Bulgaria,329,17.495475094339625,monitoring,0.5335611464195831,0.4,0.2145740855538049,0.12468668984408118,0.027559637012031003,0.0,0.0,6,,0.3603899226353053,0.24392053730333194,0.19889834211698734,36.03899226353053,15.63921006940878,normal
job_000004,Bulgaria,330,17.54865283018868,monitoring,0.5580544256640529,0.4,0.20118434741201485,0.007896850468187088,0.28503124434361843,0.0,0.0,6,,0.36561513583542227,0.27353531516578333,0.20178853724461282,36.56151358354223,18.149886491104795,normal
job_000004,Bulgaria,331,17.601830566037737,monitoring,0.5912850264031689,0.4,0.21743917711415908,0.0,0.0,0.0,0.0,6,,0.3813095535196489,0.20782125660079223,0.21087288184775765,38.13095535196489,20.547614754408006,normal
job_000004,Bulgaria,332,17.655008301886795,monitoring,0.4848764371474004,0.26666666666666666,0.008594958762591965,0.0,0.028574532723234534,0.0,0.0,6,,0.2518554926922381,0.16836274246765873,0.1382645312438689,25.185549269223813,21.1041668961859,normal
job_000004,Bulgaria,333,17.70818603773585,monitoring,0.4376361818939201,0.2949127301843492,0.015610589650502802,0.0,0.2912953126135656,0.0,0.0,6,,0.24554913013080248,0.22646978315452382,0.13410573435401182,24.55491301308025,21.518256430213224,normal
job_000004,Bulgaria,334,17.761363773584907,monitoring,0.186109656795975,0.15640612377085222,0.0,0.0,0.0,0.0,0.0,6,,0.1120602170098469,0.06998833276462157,0.06068284992482283,11.20602170098469,20.2807882627058,normal
job_000004,Bulgaria,335,17.814541509433962,monitoring,0.25188273883191686,0.5300592197276712,0.0,0.0,0.045761224885230885,0.0,0.0,6,,0.24717672450947226,0.1539198738884376,0.12988543072553405,24.717672450947227,20.813214365294773,normal
job_000004,Bulgaria,336,17.86771924528302,monitoring,0.1379280226276283,0.13333333333333333,0.0,0.0,0.0,0.0,0.0,6,,0.0882748079196699,0.05448200565690707,0.04758560452552566,8.827480791966991,19.37492633649544,normal
job_000004,Bulgaria,337,17.920896981132078,monitoring,0.05702473994920908,0.1370245070163531,0.0,0.0,0.10477829634536963,0.0,0.0,6,,0.061066011087129106,0.06100443512609764,0.031958624042294784,6.10660110871291,17.782727309161537,normal
job_000004,Bulgaria,338,17.974074716981132,monitoring,0.32277572924653636,0.26666666666666666,0.0,0.0,0.11654543414050388,0.0,0.0,6,,0.1929715052362877,0.14983029084676006,0.10455514584930728,19.29715052362877,17.964458094897605,normal
job_000004,Bulgaria,339,18.02725245283019,monitoring,0.0,0.04880114597099861,0.0,0.0,0.0,0.0,0.0,6,,0.014640343791299583,0.007320171895649792,0.007320171895649792,1.4640343791299584,15.984407249005487,normal
job_000004,Bulgaria,340,18.080430188679248,monitoring,0.0,0.13333333333333333,0.0,0.0,0.21877380423184442,0.0,0.0,6,,0.04,0.0746934510579611,0.02,7.46934510579611,14.962599791820363,normal
job_000004,Bulgaria,341,18.133607924528302,monitoring,0.0,0.19764908238513262,0.0,0.0,0.29232887892305437,0.0,0.0,6,,0.05929472471553979,0.10272958208853349,0.029647362357769894,10.272958208853348,14.39984280186432,normal
job_000004,Bulgaria,342,18.18678566037736,monitoring,0.0,0.26666666666666666,0.0,0.0,0.0,0.0,0.0,6,,0.08,0.04,0.04,8.0,13.631861665640603,normal
job_000004,Bulgaria,343,18.239963396226415,monitoring,0.0,0.1699863849480389,0.0,0.06735908541296408,0.0,0.3333333333333333,0.0,6,,0.084329248817745,0.04907363763674326,0.09216462440887249,9.216462440887248,13.102013758670202,normal
job_000004,Bulgaria,344,18.293141132075473,monitoring,0.0,0.1487292727225387,0.0,0.0,0.0059405752115341956,0.0,0.0,6,,0.044618781816761606,0.023794534711264352,0.022309390908380803,4.461878181676161,12.065197489430918,normal
job_000004,Bulgaria,345,18.34631886792453,monitoring,0.0,0.26666666666666666,0.0,0.025681163307504525,0.0,0.0,0.0,6,,0.08,0.04898840715762658,0.04,8.0,11.577373790699209,normal
job_000004,Bulgaria,346,18.399496603773585,monitoring,0.0,0.26666666666666666,0.0,0.0,0.34033355391562176,0.0,0.0,6,,0.08,0.12508338847890543,0.04,12.508338847890544,11.689089597562168,normal
job_000004,Bulgaria,347,18.452674339622643,monitoring,0.0,0.16865901582590762,0.0,0.28055475691959236,0.15925738632732853,0.0,0.0,6,,0.05059770474777228,0.1633073638775756,0.02529885237388614,16.33073638775756,12.246087212385614,normal
job_000004,Bulgaria,348,18.5058520754717,monitoring,0.0,0.13333333333333333,0.0,0.04870801953588955,0.055358862533157936,0.0,0.0,6,,0.04,0.05088752247085083,0.02,5.088752247085083,11.38720701654955,normal
job_000004,Bulgaria,349,18.559029811320755,monitoring,0.0,0.0,0.0,0.0,0.0381887711483843,0.0,0.0,6,,0.0,0.009547192787096075,0.0,0.9547192787096075,10.135308488008755,normal
job_000004,Bulgaria,350,18.612207547169813,monitoring,0.0,0.0,0.0,0.0,0.23250676683335783,0.0,0.0,6,,0.0,0.05812669170833946,0.0,5.812669170833946,9.616591769947778,normal
job_000004,Bulgaria,351,18.665385283018868,monitoring,0.0,0.13333333333333333,0.0,0.0,0.0,0.0,0.0,6,,0.04,0.02,0.02,4.0,8.942600757554045,normal
job_000004,Bulgaria,352,18.718563018867926,monitoring,0.0,0.26666666666666666,0.0,0.0,0.12747981521119084,0.0,0.0,6,,0.08,0.0718699538027977,0.04,8.0,8.82948866664756,normal
job_000004,Bulgaria,353,18.771740754716983,monitoring,0.0,0.0,0.0,0.0,0.3312130862716845,0.0,0.0,6,,0.0,0.08280327156792112,0.0,8.280327156792113,8.763589285464906,normal
job_000004,Bulgaria,354,18.824918490566038,monitoring,0.0,0.0,0.0,0.0,0.22791561689298684,0.0,0.0,6,,0.0,0.05697890422324671,0.0,5.697890422324671,8.395705421888078,normal
job_000004,Bulgaria,355,18.878096226415096,monitoring,0.0,0.0,0.0,0.06818139051116279,0.25775504574309666,0.0,0.0,6,,0.0,0.08830224811468114,0.0,8.830224811468113,8.447847748637681,normal
job_000004,Bulgaria,356,18.931273962264154,monitoring,0.0,0.13333333333333333,0.0,0.0,0.16445949558076048,0.0,0.0,6,,0.04,0.06111487389519012,0.02,6.111487389519012,8.167484505543442,normal
job_000004,Bulgaria,357,18.984451698113208,monitoring,0.0,0.29596375988454104,0.0,0.0,0.09433412748273544,0.0,0.0,6,,0.08878912796536231,0.06797809585336502,0.04439456398268116,8.87891279653623,8.252855900462576,normal
job_000004,Bulgaria,358,19.037629433962266,monitoring,0.0,0.0,0.0,0.03665337400028341,0.059568655070495295,0.0,0.0,6,,0.0,0.027720844667723017,0.0,2.7720844667723017,7.595163328419742,normal
job_000004,Bulgaria,359,19.09080716981132,monitoring,0.0,0.13333333333333333,0.0,0.3009488924657336,0.05667350224045017,0.0,0.0,6,,0.04,0.1395004879231193,0.02,13.95004879231193,8.357749584086806,normal
job_000004,Bulgaria,360,19.14398490566038,monitoring,0.0,0.26666666666666666,0.0,0.05016399923469392,0.0,0.0,0.0,6,,0.08,0.05755739973214287,0.04,8.0,8.31481963399639,normal
job_000004,Bulgaria,361,19.197162641509436,monitoring,0.0,0.13333333333333333,0.0,0.05854030452631403,0.18292712032008138,0.0,0.0,6,,0.04,0.08622088666423025,0.02,8.622088666423025,8.351691917887585,normal
job_000004,Bulgaria,362,19.25034037735849,monitoring,0.0,0.13333333333333333,0.0,0.0831150238170823,0.22960385739736763,0.0,0.0,6,,0.04,0.10649122268532071,0.02,10.649122268532071,8.627383559964924,normal
job_000004,Bulgaria,363,19.30351811320755,monitoring,0.0,0.26666666666666666,0.0,0.0,0.23570370054469453,0.0,0.0,6,,0.08,0.09892592513617363,0.04,9.892592513617362,8.779208634403217,normal
job_000004,Bulgaria,364,19.356695849056607,monitoring,0.0,0.26666666666666666,0.0,0.0,0.2602733436109862,0.0,0.0,6,,0.08,0.10506833590274656,0.04,10.506833590274656,8.98652362910779,normal
job_000004,Bulgaria,365,19.40987358490566,monitoring,0.0,0.4,0.0251677376195316,0.0,0.01577095463030051,0.0,0.0,6,,0.1262919344048829,0.06394273865757513,0.06377516064292973,12.62919344048829,9.42364400647345,normal
job_000004,Bulgaria,366,19.46305132075472,monitoring,0.015930570944835,0.4,0.02224494778270343,0.0,0.021619051921352564,0.0,0.0,6,,0.13113693677636812,0.06938740571654689,0.0665228563563725,13.113693677636812,9.866449967013054,normal
job_000004,Bulgaria,367,19.516229056603777,monitoring,0.0,0.26666666666666666,0.0,0.0,0.3622542174496774,0.0,0.0,6,,0.08,0.13056355436241934,0.04,13.056355436241935,10.24923862332052,normal
job_000004,Bulgaria,368,19.56940679245283,monitoring,0.14130257809889615,0.5,0.1538390078458703,0.0,0.06510309949573133,0.07843137254901938,0.0,6,,0.24575879155098312,0.12660141939865688,0.14202264130646364,24.575879155098313,11.968435487133856,normal
job_000004,Bulgaria,369,19.62258452830189,monitoring,0.013215671077462432,0.4,0.02268414137977269,0.0,0.15546316807178076,0.0,0.0,6,,0.130296520222055,0.1021697097873108,0.06604575542245839,13.029652022205502,12.095781471342454,normal
job_000004,Bulgaria,370,19.675762264150944,monitoring,0.01232291444838985,0.5,0.07568467189648963,0.0,0.014085460113048747,0.07843137254901938,0.0,6,,0.1810773252859608,0.08160209364035964,0.10450355818395529,18.10773252859608,12.81721559821289,normal
job_000004,Bulgaria,371,19.72894,monitoring,0.0,0.5,0.00825583503356604,0.0,0.22191256087226052,0.07843137254901938,0.0,6,,0.15990709601329345,0.13047814021806514,0.09192464976483879,15.990709601329344,13.198034878586865,normal
job_000004,Bulgaria,372,19.78211773584906,monitoring,0.0,0.5,0.005455295676778786,0.0,0.06831962877139523,0.07843137254901938,0.0,6,,0.15920696117409663,0.09207990719284881,0.09150456886132069,15.920696117409664,13.524754227245602,normal
job_000004,Bulgaria,373,19.835295471698114,monitoring,0.0,0.4,0.0,0.0,0.0,0.0,0.0,6,,0.12,0.06,0.06,12.0,13.34178371997613,normal
job_000004,Bulgaria,374,19.88847320754717,monitoring,0.0,0.4792265828931052,0.0,0.0,0.11555134176271675,0.0,0.0,6,,0.14376797486793155,0.10077182287464496,0.07188398743396578,14.376797486793155,13.465985371994172,normal
job_000004,Bulgaria,375,19.94165094339623,monitoring,0.0,0.4,0.0,0.0,0.0,0.0,0.0,6,,0.12,0.06,0.06,12.0,13.29006712735487,normal
job_000004,Bulgaria,376,19.994828679245284,monitoring,0.0,0.4,0.0,0.0,0.07923030221512366,0.0,0.0,6,,0.12,0.07980757555378092,0.06,12.0,13.135259072072285,normal
job_000004,Bulgaria,377,20.048006415094342,monitoring,0.0,0.4,0.0,0.0,0.041656933277638405,0.0,0.0,6,,0.12,0.0704142333194096,0.06,12.0,12.99902798342361,normal
job_000004,Bulgaria,378,20.101184150943396,monitoring,0.0,0.4,0.0,0.0,0.2866559222602595,0.0,0.0,6,,0.12,0.13166398056506487,0.06,13.166398056506488,13.019112392193557,normal
job_000004,Bulgaria,379,20.154361886792454,monitoring,0.0,0.26666666666666666,0.0,0.0,0.0,0.0,0.0,6,,0.08,0.04,0.04,8.0,12.41681890513033,normal
job_000004,Bulgaria,380,20.207539622641512,monitoring,0.0,0.13333333333333333,0.0,0.0,0.0,0.0,0.0,6,,0.04,0.02,0.02,4.0,11.406800636514692,normal
job_000004,Bulgaria,381,20.260717358490567,monitoring,0.0,0.13333333333333333,0.0,0.0,0.39303736068329254,0.0,0.0,6,,0.04,0.11825934017082314,0.02,11.825934017082314,11.457096642182806,normal
job_000004,Bulgaria,382,20.313895094339625,monitoring,0.0,0.26666666666666666,0.0,0.0,0.028647884678975506,0.0,0.0,6,,0.08,0.047161971169743876,0.04,8.0,11.042245045120868,normal
job_000004,Bulgaria,383,20.367072830188683,monitoring,0.0,0.26666666666666666,0.0,0.0,0.02554730077351947,0.0,0.0,6,,0.08,0.04638682519337987,0.04,8.0,10.677175639706363,normal
job_000004,Bulgaria,384,20.420250566037737,monitoring,0.0,0.26666666666666666,0.0,0.0,0.0,0.0,0.0,6,,0.08,0.04,0.04,8.0,10.3559145629416,normal
job_000004,Bulgaria,385,20.473428301886795,monitoring,0.0,0.26666666666666666,0.0,0.0,0.0,0.0,0.0,6,,0.08,0.04,0.04,8.0,10.073204815388607,normal
job_000004,Bulgaria,386,20.52660603773585,monitoring,0.0,0.26666666666666666,0.0,0.0,0.023349041096008126,0.0,0.0,6,,0.08,0.045837260274002034,0.04,8.0,9.824420237541975,normal
job_000004,Bulgaria,387,20.579783773584907,monitoring,0.0,0.13333333333333333,0.0,0.0,0.22687886850894035,0.0,0.0,6,,0.04,0.07671971712723509,0.02,7.671971712723509,9.56612641456376,normal
job_000004,Bulgaria,388,20.632961509433965,monitoring,0.0,0.13333333333333333,0.0,0.0,0.0,0.0,0.0,6,,0.04,0.02,0.02,4.0,8.89819124481611,normal
job_000004,Bulgaria,389,20.68613924528302,monitoring,0.0,0.13333333333333333,0.0,0.047841776556455266,0.21669877581403243,0.0,0.0,6,,0.04,0.09091931574826745,0.02,9.091931574826745,8.921440084417386,normal
job_000004,Bulgaria,390,20.739316981132077,monitoring,0.0,0.0,0.0,0.0,0.0,0.0,0.0,6,,0.0,0.0,0.0,0.0,7.8508672742873,normal
job_000004,Bulgaria,391,20.792494716981135,monitoring,0.0,0.0,0.0,0.0,0.0,0.0,0.0,6,,0.0,0.0,0.0,0.0,6.908763201372824,normal
job_000004,Bulgaria,392,20.84567245283019,monitoring,0.0,0.4,0.0,0.0,0.08055433270480443,0.0,0.0,6,,0.12,0.08013858317620111,0.06,12.0,7.519711617208085,normal
job_000004,Bulgaria,393,20.898850188679248,monitoring,0.0,0.27067981508402733,0.0,0.0,0.2698529392294405,0.0,0.0,6,,0.0812039445252082,0.10806520706996423,0.0406019722626041,10.806520706996423,7.914128707982685,normal
job_000004,Bulgaria,394,20.952027924528302,monitoring,0.0,0.5420346693379465,0.024170845687207416,0.0,0.02539642815419212,0.07843137254901938,0.0,6,,0.17649624947808773,0.08765430743924,0.10061710176357697,17.649624947808775,9.082388256761815,normal
job_000004,Bulgaria,395,21.00520566037736,monitoring,0.0,0.23079744129801716,0.0,0.21341599848570972,0.0,0.0,0.0,6,,0.06923923238940514,0.10931521566470098,0.03461961619470257,10.931521566470098,9.30428425392681,normal
job_000004,Bulgaria,396,21.058383396226418,monitoring,0.0,0.0,0.0,0.23884521119811916,0.015324111928216536,0.3333333333333333,0.0,6,,0.03333333333333333,0.08742685190139583,0.06666666666666667,8.742685190139584,9.236892366272343,normal
job_000004,Bulgaria,397,21.111561132075472,monitoring,0.0,0.13333333333333333,0.03596434004640777,0.0,0.3569375961158773,0.9523809523809526,0.0,6,,0.14422918024969722,0.10923439902896932,0.2158708414831517,21.58708414831517,10.718915380117481,normal
job_000004,Bulgaria,398,21.16473886792453,monitoring,0.0,0.7581516173920249,0.0,0.0,0.16554366670788248,0.3333333333333333,0.0,6,,0.26077881855094076,0.15510865928577433,0.18038940927547037,26.077881855094077,12.561991357114675,normal
job_000004,Bulgaria,399,21.21791660377359,monitoring,0.0,0.026115177644725655,0.0,0.0,0.006808842641712615,0.0,0.0,6,,0.007834553293417696,0.005619487307137002,0.003917276646708848,0.7834553293417695,11.148567033781925,normal
job_000007,Bulgaria,0,0.0,calibration,0.4876719463611099,0.3333333333333333,0.2894450579518588,0.0,0.0,0.0,0.0,4,convergence;directional_coherence,0.34304644571435317,0.17191798659027746,0.1909511479650008,34.30464457143532,,calibrating
job_000007,Bulgaria,1,0.05174679487179487,calibration,0.18347783645536073,0.5,0.0,0.568244998180655,0.046522228601463385,0.0,0.0,6,,0.21421724275937626,0.33138576562743527,0.11169556729107213,33.13857656274352,,calibrating
job_000007,Bulgaria,2,0.10349358974358974,calibration,0.06410640063791444,0.1815585187377317,0.0,1.0,0.10907188400849964,0.0,0.0,6,,0.07690479584458956,0.42052834897226327,0.04005505793824264,42.052834897226326,,calibrating
job_000007,Bulgaria,3,0.1552403846153846,calibration,0.3863152256150426,0.16666666666666666,0.2226246285641537,0.0,0.0,0.0,0.0,6,,0.24086648610630332,0.12157880640376065,0.13565673940763157,24.08664861063033,,calibrating
job_000007,Bulgaria,4,0.20698717948717948,calibration,0.4119299588611866,0.16666666666666666,0.22047392875211907,0.0,0.0,0.0,0.0,6,,0.24929396778944507,0.12798248971529666,0.14045708108505517,24.929396778944508,,calibrating
job_000007,Bulgaria,5,0.2587339743589744,calibration,0.07297115014208172,0.0,0.0,0.0,0.0,0.0,0.0,6,,0.0255399025497286,0.01824278753552043,0.014594230028416345,2.55399025497286,,calibrating
job_000007,Bulgaria,6,0.3104807692307692,calibration,0.06575361541747171,0.0,0.0,0.5725648963253906,0.0,0.0,0.0,6,,0.023013765396115098,0.21683611756825463,0.013150723083494343,21.683611756825464,,calibrating
job_000007,Bulgaria,7,0.3622275641025641,calibration,0.0,0.0889291787365322,0.0,0.21437099973816956,0.006490784769695069,0.0,0.0,6,,0.026678753620959658,0.08999192291126294,0.013339376810479829,8.999192291126294,,calibrating
job_000007,Bulgaria,8,0.41397435897435897,calibration,0.05121242985477584,0.0015680576662558396,0.0,0.0,0.0,0.0,0.0,6,,0.018394767749048295,0.013038316113632336,0.010477694620893544,1.8394767749048295,,calibrating
job_000007,Bulgaria,9,0.46572115384615387,calibration,0.04944023055726655,0.0,0.0,0.0,0.032980028965517334,0.0,0.0,6,,0.01730408069504329,0.02060506488069597,0.00988804611145331,2.060506488069597,,calibrating
job_000007,Bulgaria,10,0.5174679487179488,calibration,0.025068005872317285,0.0,0.0,0.38626433771795254,0.050072441757362356,0.0,0.0,6,,0.00877380205531105,0.1539776301087033,0.005013601174463457,15.39776301087033,,calibrating
job_000007,Bulgaria,11,0.5692147435897436,calibration,0.0,0.0,0.0,0.0,0.012709023114890767,0.4166666666666673,0.0,6,,0.041666666666666734,0.0031772557787226917,0.08333333333333347,8.333333333333346,,calibrating
job_000007,Bulgaria,12,0.6209615384615385,calibration,0.0,0.0,0.004534821584231265,0.0,0.18996783548244645,0.0,0.0,6,,0.0011337053960578161,0.04749195887061161,0.0006802232376346897,4.749195887061161,,calibrating
job_000007,Bulgaria,13,0.6727083333333334,calibration,0.0,0.0,0.0,0.0,0.11202013805677315,0.0,0.0,6,,0.0,0.028005034514193287,0.0,2.8005034514193285,,calibrating
job_000007,Bulgaria,14,0.7244551282051283,calibration,0.0,0.37077434107660406,0.07765035886369666,1.0,0.1478611980222957,0.0,0.0,6,,0.1306448920389054,0.4425814506670645,0.0672637049910451,44.25814506670645,,calibrating
job_000007,Bulgaria,15,0.776201923076923,calibration,0.2214341536800342,0.16666666666666666,0.11850970156972344,0.0,0.16162152907648272,0.0,0.0,6,,0.1571293791804428,0.12076392068912922,0.08706328597146534,15.71293791804428,,calibrating
job_000007,Bulgaria,16,0.8279487179487179,calibration,0.12536413693814494,0.3267506794299595,0.12380531646302653,0.0,0.22705762251689715,0.0,0.0,6,,0.1728539808730952,0.13711804177825443,0.0926562267715769,17.28539808730952,,calibrating
job_000007,Bulgaria,17,0.8796955128205128,calibration,0.18872065845219232,0.4391887398466642,0.17210907067544273,0.0,0.0,0.0,0.0,6,,0.24083612008112726,0.11305847559004771,0.1294388032687545,24.083612008112727,,calibrating
job_000007,Bulgaria,18,0.9314423076923077,calibration,0.18565228922256452,0.3684978990697259,0.20496705546237998,0.0,0.0,0.0,0.0,6,,0.2267694348144103,0.10168775716610001,0.12315020102432878,22.676943481441032,,calibrating
job_000007,Bulgaria,19,0.9831891025641025,calibration,0.2308422850587089,0.4396573881340031,0.2263191920373315,0.16712255511334162,0.0,0.0,0.0,6,,0.26927181422008195,0.18215207377444725,0.14606494403744197,26.927181422008196,,calibrating
job_000007,Bulgaria,20,1.0349358974358975,calibration,0.28141166297459136,0.18392757952400327,0.26278052025276166,0.0,0.035802775450101396,0.0,0.0,6,,0.21936748596149838,0.10689274653477368,0.12328854756143301,21.936748596149837,,calibrating
job_000007,Bulgaria,21,1.0866826923076922,calibration,0.32941355912250564,0.274763062630545,0.22375386703097108,0.0,0.03584488990679455,0.0,0.0,6,,0.25366213123978326,0.1325290716519068,0.14066025127372855,25.366213123978326,,calibrating
job_000007,Bulgaria,22,1.138429487179487,calibration,0.35417052084666545,0.3016193106061585,0.26088991957578755,0.0,0.10408216508704615,0.0,0.0,6,,0.2796679553721273,0.1598060680743517,0.15521048869662502,27.96679553721273,,calibrating
job_000007,Bulgaria,23,1.190176282051282,calibration,0.3728040691363839,0.2882377229702544,0.26712087974718235,0.0,0.11815524439463333,0.0,0.0,6,,0.2837329610256063,0.16597548682829247,0.1578646042348923,28.37329610256063,,calibrating
job_000007,Bulgaria,24,1.241923076923077,calibration,0.41360505576540046,0.34487902875557386,0.2747505576239779,0.0,0.15879039266325412,0.0,0.0,6,,0.3169131175505568,0.19483071642049973,0.17566544911001286,31.69131175505568,,calibrating
job_000007,Bulgaria,25,1.2936698717948718,calibration,0.4303770372437913,0.22615147647186257,0.27145217839788954,0.0,0.2550680249977224,0.0,0.0,6,,0.2863404505763581,0.2052839870311578,0.1607159556792211,28.63404505763581,,calibrating
job_000007,Bulgaria,26,1.3454166666666667,calibration,0.42800784422179156,0.18225775268603017,0.27184060121541953,0.0,0.0,0.0,0.0,6,,0.272440221587291,0.13434062395835242,0.1537163219295758,27.2440221587291,,calibrating
job_000007,Bulgaria,27,1.3971634615384616,calibration,0.3375484677594156,0.38944110246532926,0.2592869903183752,0.04661266758912908,0.14988890511580358,0.0,0.0,6,,0.299796042034988,0.19658994224479934,0.16481890746943878,29.9796042034988,,calibrating
job_000007,Bulgaria,28,1.4489102564102565,calibration,0.34440428964748143,0.39866487938344275,0.28850080295131625,0.11965345557012559,0.13097874820847247,0.0,0.0,6,,0.31226616592948037,0.22052420082104882,0.17195571027971013,31.226616592948037,,calibrating
job_000007,Bulgaria,29,1.5006570512820514,calibration,0.3145658454775412,0.19765613894037024,0.2601631174993427,0.19532357242206805,0.09698510488697773,0.0,0.0,6,,0.23443566697408613,0.20089940877990908,0.1315860575614652,23.443566697408613,,calibrating
job_000007,Bulgaria,30,1.552403846153846,calibration,0.056244335810319915,0.47787304150271864,0.13281862334580044,0.5903972368401916,0.1375431500974356,0.0,0.0,6,,0.19625208582087766,0.32676686059641374,0.10285261688934184,32.676686059641376,,calibrating
job_000007,Bulgaria,31,1.604150641025641,calibration,0.019657445947667638,0.056271121177718764,0.09496507547861563,0.12946559656162726,0.14314381721004169,0.0,0.0,6,,0.04750271130465321,0.09445394276265467,0.026616918687983687,9.445394276265468,,calibrating
job_000007,Bulgaria,32,1.6558974358974359,calibration,0.0,0.0,0.0765471828076149,0.0,0.1430285757439722,0.0,0.0,6,,0.019136795701903724,0.03575714393599305,0.011482077421142234,3.575714393599305,,calibrating
job_000007,Bulgaria,33,1.7076442307692308,calibration,0.014557396909545897,0.0,0.0,0.09038973125273772,0.0,0.0,0.0,6,,0.005095088918341064,0.03527575516584468,0.0029114793819091794,3.5275755165844678,,calibrating
job_000007,Bulgaria,34,1.7593910256410257,calibration,0.04540089257099524,0.0,0.0,0.6265198756139442,0.0,0.0,0.0,6,,0.015890312399848335,0.23063217960762925,0.00908017851419905,23.063217960762923,,calibrating
job_000007,Bulgaria,35,1.8111378205128206,calibration,0.00412870868887772,0.0,0.0,0.2060524706499965,0.0,0.0,0.0,6,,0.0014450480411072018,0.07315054189971819,0.000825741737775544,7.315054189971819,,calibrating
job_000007,Bulgaria,36,1.8628846153846155,calibration,0.0,0.07407836116730415,0.0,0.0,0.10646364734902813,0.0,0.0,6,,0.022223508350191244,0.037727666012352654,0.011111754175095622,3.7727666012352654,,calibrating
job_000007,Bulgaria,37,1.9146314102564104,calibration,0.0,0.06930806021013726,0.0,0.0,0.007688384231027319,0.0,0.0,6,,0.020792418063041176,0.012318305089277419,0.010396209031520588,2.079241806304118,,calibrating
job_000007,Bulgaria,38,1.966378205128205,calibration,0.0,0.38323232510061744,0.0,0.0,0.041599702858373,0.0,0.0,6,,0.11496969753018522,0.06788477447968586,0.05748484876509261,11.496969753018522,,calibrating
job_000007,Bulgaria,39,2.018125,calibration,0.0,0.14618872624334486,0.0,0.37285421450894124,0.1854695242830579,0.0,0.0,6,,0.043856617873003455,0.19879466508539562,0.021928308936501727,19.87946650853956,,calibrating
job_000007,Bulgaria,40,2.069871794871795,calibration,0.0,0.08680748155072894,0.0,0.0,0.17332576054405177,0.0,0.0,6,,0.026042244465218682,0.05635256236862228,0.013021122232609341,5.635256236862228,,calibrating
job_000007,Bulgaria,41,2.1216185897435897,calibration,0.0,0.033918809630422965,0.0,0.0013194168050991604,0.0,0.0,0.0,6,,0.010175642889126889,0.0055496173263481505,0.005087821444563444,1.0175642889126888,,calibrating
job_000007,Bulgaria,42,2.1733653846153844,calibration,0.0,0.15707666186095684,0.0,0.030500743333740647,0.0,0.0,0.0,6,,0.04712299855828705,0.03423675944595275,0.023561499279143524,4.712299855828705,,calibrating
job_000007,Bulgaria,43,2.2251121794871795,calibration,0.0,0.042814364943728055,0.0,0.0,0.017622135201324707,0.0,0.0,6,,0.012844309483118417,0.010827688541890385,0.006422154741559208,1.2844309483118417,,calibrating
job_000007,Bulgaria,44,2.276858974358974,calibration,0.0,0.0,0.0,0.0,0.07828526017635866,0.0,0.0,6,,0.0,0.019571315044089665,0.0,1.9571315044089665,,calibrating
job_000007,Bulgaria,45,2.3286057692307693,calibration,0.0,0.0,0.0,0.11914938873420208,0.011455541910662415,0.0,0.0,6,,0.0,0.04456617153463633,0.0,4.456617153463633,,calibrating
job_000007,Bulgaria,46,2.380352564102564,calibration,0.0,0.12626360314198667,0.0,0.5707774441805252,0.18682357377568312,0.0,0.0,6,,0.037879080942596004,0.2654175393784026,0.018939540471298002,26.541753937840262,,calibrating
job_000007,Bulgaria,47,2.432099358974359,calibration,0.0,0.05773903092847079,0.0,0.28399745857535347,0.14549454742750936,0.0,0.0,6,,0.017321709278541236,0.14443360199752167,0.008660854639270618,14.443360199752167,,calibrating
job_000007,Bulgaria,48,2.483846153846154,calibration,0.0,0.0,0.0,0.01588260634587365,0.024677065773773474,0.0,0.0,6,,0.0,0.011728178664499146,0.0,1.1728178664499145,,calibrating
job_000007,Bulgaria,49,2.535592948717949,calibration,0.0,0.0,0.0,0.022555015137670945,0.28384272357419305,0.0,0.0,6,,0.0,0.07885493619173309,0.0,7.8854936191733085,,calibrating
job_000007,Bulgaria,50,2.5873397435897436,calibration,0.0,0.42847880121403586,0.0,1.0,0.27880592282847183,0.4166666666666673,0.0,6,,0.1702103070308775,0.4839733008892233,0.14760515351543885,48.39733008892233,,calibrating
job_000007,Bulgaria,51,2.6390865384615383,calibration,0.0,0.16818517345932027,0.0,1.0,0.2939535393384006,0.4166666666666673,0.0,6,,0.09212221870446281,0.4487161608534982,0.10856110935223151,44.87161608534982,,calibrating
job_000007,Bulgaria,52,2.6908333333333334,calibration,0.0,0.30740405536036525,0.0,1.0,0.3070187714222167,0.4166666666666673,0.0,6,,0.1338878832747763,0.4728653011596089,0.12944394163738826,47.286530115960886,,calibrating
job_000007,Bulgaria,53,2.742580128205128,calibration,0.0,0.20418641361710918,0.24022549918068045,0.0,0.26494350174096115,0.0,0.0,6,,0.12131229888030287,0.09686383747780666,0.06666178691966844,12.131229888030287,,calibrating
job_000007,Bulgaria,54,2.794326923076923,calibration,0.0,0.3505956280931966,0.23246017644738817,0.0,0.17078269495178106,0.0,0.0,6,,0.16329373253980603,0.09528501795192476,0.08745837068108772,16.329373253980602,,calibrating
job_000007,Bulgaria,55,2.846073717948718,calibration,0.0,0.23962603536871652,0.22285682717897684,0.0,0.18506519778750735,0.0,0.0,6,,0.12760201740535917,0.08221020475218432,0.069372429382154,12.760201740535917,,calibrating
job_000007,Bulgaria,56,2.897820512820513,calibration,0.0,0.0,0.27496781083750454,0.11845712104651364,0.22852819775482525,0.0,0.0,6,,0.06874195270937614,0.09859204180498608,0.04124517162562568,9.859204180498608,,calibrating
job_000007,Bulgaria,57,2.9495673076923077,calibration,0.0,0.0006447841039074,0.16481676205644255,0.3410775213080354,0.17878496766379287,0.0,0.0,6,,0.04139762574528286,0.16417009198934673,0.02481923192405249,16.41700919893467,,calibrating
job_000007,Bulgaria,58,3.001314102564103,calibration,0.0,0.2682096469207984,0.2484941627341237,0.09465297507223719,0.17959717875826847,0.0,0.0,6,,0.14258643475977045,0.1182592830029699,0.07750557144823832,14.258643475977046,,calibrating
job_000007,Bulgaria,59,3.0530608974358975,calibration,0.0,0.19392461340932776,0.26849133245466766,0.0,0.12971760489547762,0.0,0.0,6,,0.12530021713646525,0.061518093235268564,0.0693623918795993,12.530021713646525,,calibrating
job_000007,Bulgaria,60,3.104807692307692,monitoring,0.0,0.16666666666666666,0.25383137984722426,0.0,0.0,0.0,0.0,6,,0.11345784496180605,0.024999999999999998,0.06307470697708363,11.345784496180606,11.345784496180606,normal
job_000007,Bulgaria,61,3.1565544871794873,monitoring,0.0,0.16666666666666666,0.2790832402736329,0.0,0.018395112149924526,0.0,0.0,6,,0.11977081006840823,0.02959877803748113,0.06686248604104493,11.977081006840823,11.421540077459833,normal
job_000007,Bulgaria,62,3.208301282051282,monitoring,0.0,0.3239645166728572,0.2561201720803782,0.3521032058959406,0.0,0.0,0.0,6,,0.1612193980219517,0.17183079956450775,0.0870127033129853,17.183079956450776,12.112924862938746,normal
job_000007,Bulgaria,63,3.260048076923077,monitoring,0.0,0.34190000746813615,0.2960952460852957,0.0,0.0,0.0,0.0,6,,0.17659381376176475,0.05128500112022042,0.09569928803301478,17.659381376176476,12.778499644527274,normal
job_000007,Bulgaria,64,3.3117948717948718,monitoring,0.0,0.3271617716401346,0.26492510854274426,0.0,0.1790945279502019,0.0,0.0,6,,0.16437980862772644,0.09384789773357066,0.08881303202743182,16.437980862772644,13.217637390716718,normal
job_000007,Bulgaria,65,3.363541666666667,monitoring,0.0,0.28085570759939515,0.0,0.0,0.18949421325823285,0.0,0.0,6,,0.08425671227981854,0.08950190945446748,0.04212835613990927,8.950190945446748,12.70554381728432,normal
job_000007,Bulgaria,66,3.4152884615384616,monitoring,0.07759416885440287,0.4167709522255273,0.25940245095211323,0.0,0.1329844687200354,0.0,0.0,6,,0.21703985750472748,0.11516030222743866,0.11694484424752664,21.70398575047275,13.785356849266932,normal
job_000007,Bulgaria,67,3.4670352564102567,monitoring,0.12593771557470212,0.16666666666666666,0.2718739720888917,0.0,0.2112127198028397,0.0,0.0,6,,0.16204669347336864,0.10928760884438546,0.09096863892827417,16.204669347336864,14.075674349035324,normal
job_000007,Bulgaria,68,3.5187820512820513,monitoring,0.1111650432675092,0.4485507917080661,0.28149081982830854,0.0,0.06449350974685583,0.0,0.0,6,,0.24384570761312518,0.11119725700980118,0.13173925038395803,24.384570761312517,15.312741918508587,normal
job_000007,Bulgaria,69,3.570528846153846,monitoring,0.06693236347981237,0.300459833963566,0.2787699730430448,0.0,0.0,0.0,0.0,6,,0.1832567706677653,0.06180206596448799,0.10027094374695408,18.32567706677653,15.674294136300741,normal
job_000007,Bulgaria,70,3.622275641025641,monitoring,0.0,0.20213876392166003,0.18530663274334766,0.0,0.19655965114942558,0.0,0.0,6,,0.10696828736233492,0.0794607273756054,0.05811680949975115,10.696828736233492,15.076998288292671,normal
job_000007,Bulgaria,71,3.674022435897436,monitoring,0.0,0.011958169523834111,0.16231630553660642,0.0,0.17813928966737325,0.0,0.0,6,,0.04416652724130184,0.04632854784541843,0.02614117125906608,4.632854784541843,13.823701067842572,normal
job_000007,Bulgaria,72,3.725769230769231,monitoring,0.0,0.08749354334415181,0.17654486919909054,0.06045368400186139,0.0,0.0,0.0,6,,0.07038428030301817,0.034282820902274254,0.03960576188148635,7.038428030301818,13.009468303337682,normal
job_000007,Bulgaria,73,3.7775160256410256,monitoring,0.015065571365933873,0.0,0.18087369524489294,0.0,0.0,0.0,0.0,6,,0.05049137378930009,0.0037663928414834683,0.030144168559920716,5.049137378930009,12.05422859240876,normal
job_000007,Bulgaria,74,3.8292628205128207,monitoring,0.0,0.32029864436053035,0.17548973649766672,0.0,0.0,0.0,0.0,6,,0.13996202743257577,0.04804479665407955,0.07436825712872955,13.996202743257577,12.287265490510618,normal
job_000007,Bulgaria,75,3.8810096153846154,monitoring,0.0,0.012729275738066065,0.1696244922137554,0.0,0.0,0.0,0.0,6,,0.04622490577485867,0.0019093913607099097,0.027353065192773217,4.622490577485867,11.367492500947648,normal
job_000007,Bulgaria,76,3.93275641025641,monitoring,0.0,0.17323514867523784,0.2095474648485924,0.0,0.0,0.0,0.0,6,,0.10435741081471946,0.025985272301285677,0.05741739202857454,10.435741081471946,11.255682330610565,normal
job_000007,Bulgaria,77,3.984503205128205,monitoring,0.0,0.009923649907853997,0.2497077453860985,0.18012414989869327,0.09582335529576022,0.0,0.0,6,,0.06540403131888083,0.0884878387746608,0.03894470929409287,8.84878387746608,10.966854516233226,normal
job_000007,Bulgaria,78,4.03625,monitoring,0.0,0.1922463242316477,0.2243816595512406,0.37115018895608687,0.0,0.0,0.0,6,,0.11376931215730446,0.15873951476937753,0.06249419756743324,15.873951476937753,11.55570615151777,normal
job_000007,Bulgaria,79,4.087996794871795,monitoring,0.012515699472232565,0.4121591426361021,0.2608388628091892,0.1120143107469397,0.043423368781003675,0.0,0.0,6,,0.19323795330840934,0.11501364722015327,0.10345284071124022,19.323795330840934,12.487876853036548,normal
job_000007,Bulgaria,80,4.13974358974359,monitoring,0.08999720450208709,0.09579055806685102,0.06031162192726241,0.502190310459623,0.0,0.4166666666666673,0.0,6,,0.11698076114426811,0.21263449349641747,0.12474810123286789,21.263449349641746,13.540945552629172,normal
job_000007,Bulgaria,81,4.191490384615385,monitoring,0.16580856136615219,0.0,0.06502033490465571,0.038413164024115334,0.08906551856623329,0.4166666666666673,0.0,6,,0.11595474687098392,0.07716312739153673,0.12624809584226226,12.624809584226227,13.431009236420817,normal
job_000007,Bulgaria,82,4.2432371794871795,monitoring,0.1994248483845752,0.1558852148744338,0.0688500005262376,0.7737982537373967,0.1428356624407099,0.4166666666666673,0.0,6,,0.17544342819515757,0.37977729874557514,0.1569285853203492,37.97772987455751,16.37661571299722,normal
job_000007,Bulgaria,83,4.294983974358974,monitoring,0.1605578712020024,0.20706714743789126,0.0,0.0,0.07229606656715448,0.4166666666666673,0.0,6,,0.15998206581873495,0.08927355655797291,0.1465049796894176,15.998206581873495,16.331206617262374,normal
job_000007,Bulgaria,84,4.346730769230769,monitoring,0.29257953342142035,0.22691261229276352,0.2846653820109232,0.0,0.17852804762480678,0.0,0.0,6,,0.24164296588805698,0.1518137871054713,0.13525260582983709,24.164296588805698,17.271177413847575,normal
job_000007,Bulgaria,85,4.398477564102564,monitoring,0.3975673159442957,0.2345848512990009,0.33226550569773583,0.0,0.0,0.0,0.0,6,,0.2925903923946377,0.13457955668092406,0.16454101673836966,29.259039239463768,18.70972083292152,normal
job_000007,Bulgaria,86,4.450224358974359,monitoring,0.4477591457165608,0.18935346559737595,0.27513459482458674,0.0,0.0,0.0,0.0,6,,0.28230538938615574,0.1403428062687466,0.15922503820660655,28.230538938615574,19.852219005604805,normal
job_000007,Bulgaria,87,4.501971153846154,monitoring,0.42662556152364817,0.12275636377330329,0.252570655998749,0.04282967614816432,0.0,0.0,0.0,6,,0.24928851966495508,0.14006023159876504,0.14162416527053748,24.928851966495507,20.46141496091169,normal
job_000007,Bulgaria,88,4.553717948717948,monitoring,0.427490337652135,0.0,0.24169145499977468,0.037959648839516934,0.0,0.0,0.0,6,,0.21004448192819092,0.12015846150686468,0.1217517857803932,21.00444819281909,20.52657894874058,normal
job_000007,Bulgaria,89,4.605464743589744,monitoring,0.4130851476346339,0.0,0.2464247744577591,0.15119740541428295,0.0,0.0,0.0,6,,0.20618599528656162,0.1561903788036575,0.11958074569559066,20.618599528656162,20.53762141833045,normal
job_000007,Bulgaria,90,4.657211538461539,monitoring,0.41389182822178494,0.0,0.23700446179804516,0.0,0.0,0.0,0.0,6,,0.204113255327136,0.10347295705544624,0.11832903491406377,20.4113255327136,20.522465912056425,normal
job_000007,Bulgaria,91,4.708958333333333,monitoring,0.41218494565660496,0.0,0.22969877057827612,0.0,0.0,0.0,0.0,6,,0.20168942362438078,0.10304623641415124,0.11689180471806242,20.168942362438077,20.48004308610222,normal
job_000007,Bulgaria,92,4.760705128205128,monitoring,0.3973193639408313,0.0,0.2563964370176636,0.0,0.2619249071610109,0.0,0.0,6,,0.20316088663370685,0.16481106777546056,0.11792333834081581,20.316088663370685,20.460368555374437,normal
job_000007,Bulgaria,93,4.812451923076923,monitoring,0.40080651839753817,0.09421839722253061,0.23848727897730243,0.2095547274001033,0.10178196237061883,0.0,0.0,6,,0.22816962035022315,0.21312403436545502,0.13006715510948258,22.816962035022314,20.74315977293218,normal
job_000007,Bulgaria,94,4.864198717948718,monitoring,0.8196968431460153,0.6666666666666666,0.3090547500569545,0.009183892925149092,0.2675892128172023,0.0,0.0,6,,0.564157582615344,0.3750358765146066,0.31029758113774625,56.4157582615344,25.023871591564447,normal
job_000007,Bulgaria,95,4.915945512820513,monitoring,1.0,0.6330465165381428,0.3380305019557099,0.4072246142677523,0.1564357908391682,0.0,0.0,6,,0.6244215804503702,0.5265945401842267,0.3456615527740779,62.44215804503702,29.514065965981153,normal
job_000007,Bulgaria,96,4.967692307692308,monitoring,0.9561333522473624,0.5685908830144787,0.3392346683740269,0.11605325207283983,0.2116373878085805,0.0,0.0,6,,0.5900326052844272,0.41784995569165145,0.3274005031577483,59.00326052844272,33.052769313476546,normal
job_000007,Bulgaria,97,5.019439102564102,monitoring,0.9481250371676126,0.2893880674844004,0.3695723751533345,0.21736222184842371,0.1811142475969138,0.0,0.0,6,,0.5110532770423182,0.40179480896074,0.28846907382918274,51.10532770423182,35.21907632036718,normal
job_000007,Bulgaria,98,5.071185897435898,monitoring,1.0,0.43613355732431736,0.39050546610973885,0.0,0.22268609272679876,0.0,0.0,6,,0.57846643372473,0.37109155678034733,0.32399585351510846,57.846643372473,37.93438436661988,normal
job_000007,Bulgaria,99,5.1229326923076925,monitoring,1.0,0.19936149714094042,0.40257312949517193,0.0,0.08355691812497222,0.0,0.0,6,,0.510451731516075,0.3007934541023841,0.29029019399541683,51.0451731516075,39.507679020818394,normal
job_000007,Bulgaria,100,5.174679487179487,monitoring,0.9829076780819561,0.49989776956548193,0.4551512755364586,0.0,0.0,0.0,0.0,6,,0.6077748370824438,0.3207115849553113,0.3398388923816823,60.77748370824438,42.06005558330951,watch
job_000007,Bulgaria,101,5.226426282051282,monitoring,1.0,0.3648900260608775,0.4144043171848202,0.0,0.03625589406460486,0.0,0.0,6,,0.5630680871144682,0.31379747742528286,0.3168941514868546,56.30680871144682,43.76966595868599,watch
job_000007,Bulgaria,102,5.278173076923077,monitoring,1.0,0.3427369123106794,0.440570773417285,0.0,0.047585345988474505,0.0,0.0,6,,0.562963767047525,0.31330687334372054,0.31749615285919464,56.296376704752504,45.272871248213974,watch
job_000007,Bulgaria,103,5.329919871794872,monitoring,1.0,0.3927154391384304,0.4563367776713716,0.0,0.22486238579621476,0.0,0.0,6,,0.581898826159372,0.3651229123198182,0.32735783252147027,58.18988261593721,46.822912612340765,watch
job_000007,Bulgaria,104,5.381666666666667,monitoring,1.0,0.2922689226651778,0.4759298368808847,0.0,0.24019135348978415,0.0,0.0,6,,0.5566631360197745,0.35388817677222273,0.3152298139319094,55.66631360197745,47.88412073109717,watch
job_000007,Bulgaria,105,5.4334134615384615,monitoring,1.0,0.373181603085021,0.4680236774036707,0.0,0.28216268301545655,0.0,0.0,6,,0.5789604002764239,0.37651791121661726,0.32618079207330375,57.89604002764239,49.085551046682596,watch
job_000007,Bulgaria,106,5.485160256410256,monitoring,1.0,0.5848277853412885,0.4225085039684019,0.0,0.40376677009317846,0.0,0.0,6,,0.631075461594487,0.4386658603244879,0.3511004433964536,63.1075461594487,50.76819046021453,watch
job_000007,Bulgaria,107,5.536907051282052,monitoring,1.0,0.531564709251058,0.4352482454234796,0.0,0.4269516872995163,0.0,0.0,6,,0.6182814741311873,0.43647262821253774,0.3450219432011807,61.82814741311873,52.09538529456303,watch
job_000007,Bulgaria,108,5.588653846153846,monitoring,1.0,0.5900748220224685,0.4408702965466894,0.0,0.42042402116317046,0.0,0.0,6,,0.6372400207434129,0.44361722859416286,0.3546417677853737,63.72400207434129,53.49081930813642,watch
job_000007,Bulgaria,109,5.640400641025641,monitoring,1.0,0.6666666666666666,0.2707877692734086,0.0,0.4641755656921384,0.0,0.0,6,,0.617696942318352,0.4660438914230346,0.34061816539101125,61.7696942318352,54.48428429898028,watch
job_000007,Bulgaria,110,5.692147435897436,monitoring,1.0,0.5904233622430196,0.20344188588621379,0.0,0.4590155600890248,0.0,0.0,6,,0.5779874801444593,0.4533173943587091,0.319079787219385,57.798748014445934,54.88201994483616,watch
job_000007,Bulgaria,111,5.7438942307692304,monitoring,1.0,0.26328517719570993,0.1732685214251983,0.0,0.33818663285179607,0.0,0.0,6,,0.47230268351501253,0.3740394347923055,0.2654830547931362,47.23026835150125,53.96380975363597,watch
job_000007,Bulgaria,112,5.795641025641026,monitoring,1.0,0.6666666666666666,0.38554831887121543,0.056459378708514266,0.19504599310931237,0.0,0.0,6,,0.6463870797178037,0.41852228082530807,0.3578322478306823,64.63870797178038,55.244797539813305,watch
job_000007,Bulgaria,113,5.847387820512821,monitoring,1.0,0.5363654613258645,0.48755213994575564,0.0,0.20810378920127906,0.0,0.0,6,,0.6327976733841982,0.38248076649919943,0.35358764019074307,63.27976733841982,56.20899391564609,watch
job_000007,Bulgaria,114,5.899134615384615,monitoring,1.0,0.3874499088213798,0.5021292607162274,0.0,0.2646466593182795,0.0,0.0,6,,0.5917672878254707,0.3742791511527768,0.3334368754306411,59.17672878254707,56.56512209967421,watch
job_000007,Bulgaria,115,5.95088141025641,monitoring,1.0,0.16666666666666666,0.5160620502139134,0.0,0.3211517111759389,0.0,0.0,6,,0.5290155125534783,0.35528792779398477,0.302409307532087,52.90155125534783,56.12549359835504,watch
job_000007,Bulgaria,116,6.002628205128206,monitoring,1.0,0.16666666666666666,0.5054749666471644,0.03821914108114784,0.35518240570594345,0.0,0.0,6,,0.526368741661791,0.3771723008048876,0.30082124499707463,52.636874166179105,55.706859266493936,watch
job_000007,Bulgaria,117,6.054375,monitoring,1.0,0.16666666666666666,0.5122928471014682,0.0,0.018619837495865803,0.0,0.0,6,,0.528073211775367,0.27965495937396645,0.30184392706522023,52.80732117753671,55.35891469581907,watch
job_000007,Bulgaria,118,6.106121794871795,monitoring,1.0,0.28068551534225206,0.511919896375783,0.0,0.0,0.0,0.0,6,,0.5621856286966214,0.2921028273013378,0.31889081175770523,56.21856286966214,55.462072476680234,watch
job_000007,Bulgaria,119,6.15786858974359,monitoring,1.0,0.16666666666666666,0.5106494946855924,0.0,0.0024052660218211175,0.0,0.0,6,,0.5276623736713981,0.2756013165054553,0.30159742420283886,52.76623736713981,55.13857226353538,watch
job_000007,Bulgaria,120,6.209615384615384,monitoring,1.0,0.16666666666666666,0.49850808624790516,0.0,0.0,0.0,0.0,6,,0.5246270215619763,0.275,0.29977621293718576,52.46270215619763,54.81746785065485,watch
job_000007,Bulgaria,121,6.26136217948718,monitoring,1.0,0.16666666666666666,0.4962506215237089,0.17638758320504858,0.04059365264148418,0.0,0.0,6,,0.5240626553809272,0.34688406728213805,0.29943759322855634,52.406265538092725,54.5281235731474,watch
job_000007,Bulgaria,122,6.313108974358975,monitoring,1.0,0.39111965998810516,0.4949351709278523,0.31827554662304913,0.11452342834920193,0.0,0.0,6,,0.5910696907283945,0.44869524740358346,0.3329082246373936,59.106969072839455,55.077585033110445,watch
job_000007,Bulgaria,123,6.364855769230769,monitoring,1.0,0.23456910977357542,0.5011612553716024,0.0,0.35715724187514897,0.0,0.0,6,,0.5456610467749732,0.37447467693482356,0.3103595547717767,54.56610467749732,55.016207390436875,watch
job_000007,Bulgaria,124,6.416602564102564,monitoring,1.0,0.28461014556375,0.510030544489249,0.07916282209901213,0.4178450485891239,0.0,0.0,6,,0.5628906797914373,0.4248597717164977,0.31919610350794986,56.289067979143724,55.1689506610817,watch
job_000007,Bulgaria,125,6.4683493589743595,monitoring,1.0,0.3385240399506412,0.5142934583880848,0.20153059971888418,0.46178979670006326,0.0,0.0,6,,0.5801305765822136,0.4867617650692215,0.3279226247508089,58.013057658221356,55.51024350073846,watch
job_000007,Bulgaria,126,6.520096153846154,monitoring,1.0,0.6666666666666666,0.5155384989047146,0.0,0.4233478102014025,0.0,0.0,6,,0.6788846247261786,0.4558369525503506,0.3773307748357072,67.88846247261786,56.99562977736399,watch
job_000007,Bulgaria,127,6.571842948717949,monitoring,1.0,0.4898650704215437,0.506384133057665,0.2487649684444995,0.40831713633660277,0.0,0.0,6,,0.6235555543908793,0.5126267836029571,0.3494373805218813,62.35555543908793,57.63882085677086,watch
job_000007,Bulgaria,128,6.6235897435897435,monitoring,1.0,0.42694544943268853,0.503429480059498,0.1993727783987229,0.19906766551610944,0.0,0.0,6,,0.603941004844681,0.4335892062334836,0.33955623942382795,60.394100484468105,57.969454412094535,watch
job_000007,Bulgaria,129,6.675336538461538,monitoring,1.0,0.4717160113872213,0.4949816315251505,0.568011974241198,0.0,0.0,0.0,6,,0.615260211297454,0.5195615926925025,0.3450046464368558,61.5260211297454,58.39624241821264,watch
job_000007,Bulgaria,130,6.727083333333334,monitoring,1.0,0.6666666666666666,0.48979202215457146,0.0,0.061565047923770905,0.0,0.0,6,,0.6724480055386428,0.3653912619809427,0.3734688033231857,67.24480055386428,59.458069394490835,watch
job_000007,Bulgaria,131,6.778830128205128,monitoring,1.0,0.3285170964750017,0.43112531307635515,0.0,0.09915799073383388,0.0,0.0,6,,0.5563364572115893,0.3240670621547087,0.31394636143270355,55.63364572115893,58.999138553691004,watch
job_000007,Bulgaria,132,6.830576923076923,monitoring,1.0,0.522726929887759,0.41609493954456894,0.0,0.1976729597834329,0.0,0.0,6,,0.6108418138524699,0.37782727942902206,0.3408232804148492,61.08418138524699,59.249343693477726,watch
job_000007,Bulgaria,133,6.882323717948718,monitoring,0.8244110575488087,0.14953322130286048,0.42065491120332466,0.0,0.18799453771843713,0.0,0.0,6,,0.43856756433377236,0.27553138201224053,0.2504104313856895,43.856756433377235,57.402233222265664,watch
job_000007,Bulgaria,134,6.934070512820513,monitoring,1.0,0.4808630605325075,0.4125692623217647,0.1945369821805195,0.0,0.0,0.0,6,,0.5974012337401934,0.39021740284305795,0.33401484842814083,59.74012337401934,57.68278004047611,watch
job_000007,Bulgaria,135,6.985817307692308,monitoring,0.8247001188364912,0.13722812490892686,0.43199901873343793,0.0,0.0,0.0,0.0,6,,0.4378132337488094,0.22675924844546183,0.25032409531365296,43.78132337488094,56.014605240604695,watch
job_000007,Bulgaria,136,7.037564102564103,monitoring,0.8566307146010294,0.23431512710250896,0.4043570845074319,0.0,0.012790165766514596,0.0,0.0,6,,0.4712045593679709,0.25250248915726237,0.267126974661697,47.12045593679709,54.94730732414778,watch
job_000007,Bulgaria,137,7.089310897435897,monitoring,0.8587977213679798,0.24569782279985186,0.407413911450264,0.0,0.0,0.0,0.0,6,,0.4761420271813145,0.25155410376197274,0.26972630441111334,47.61420271813145,54.06733477142582,watch
job_000007,Bulgaria,138,7.141057692307692,monitoring,0.9339749700769288,0.3395320562226727,0.419066093257657,0.12392920870204824,0.0,0.0,0.0,6,,0.5335173797081411,0.32779877399835,0.30058471643743523,53.351737970814106,53.981463155352415,watch
job_000007,Bulgaria,139,7.192804487179488,monitoring,1.0,0.22842179776923327,0.4256810659845682,0.0,0.12966346674606508,0.0,0.0,6,,0.524946805826912,0.31667913635190126,0.29811542956307024,52.4946805826912,53.80304924663307,watch
job_000007,Bulgaria,140,7.244551282051282,monitoring,0.9247552885056057,0.6361357442151951,0.42307377053340517,0.0,0.22121230186824456,0.0,0.0,6,,0.6202735168748718,0.38191225922574185,0.34383248491341123,62.027351687487176,54.789965539535565,watch
job_000007,Bulgaria,141,7.296298076923077,monitoring,0.8874780698981729,0.308047226748635,0.40956200084521616,0.0,0.0,0.0,0.0,6,,0.5054219927002551,0.2680766014868385,0.2851369981187123,50.54219927002551,54.28023358719436,watch
job_000007,Bulgaria,142,7.348044871794872,monitoring,0.8492775210984017,0.2733825679735963,0.40029516360938694,0.0,0.16707220458820896,0.0,0.0,6,,0.4793356936788662,0.2950948166176921,0.27090716395712783,47.93356936788662,53.51863388087743,watch
job_000007,Bulgaria,143,7.399791666666666,monitoring,0.8695959105753681,0.16666666666666666,0.4010917378534215,0.0,0.057110070604056165,0.0,0.0,6,,0.4546315031647342,0.2566764952948561,0.25908294279308686,45.463150316473424,52.55197585314895,watch
job_000007,Bulgaria,144,7.451538461538462,monitoring,0.8855471869131765,0.16666666666666666,0.40808898889986706,0.004212540185873886,0.0,0.0,0.0,6,,0.4619637626445785,0.24786118579334998,0.26332278571761536,46.196376264457854,51.78930390250602,watch
job_000007,Bulgaria,145,7.503285256410257,monitoring,0.6989365749552102,0.16666666666666666,0.40817571069466985,0.13728452475532135,0.0502770485305313,0.0,0.0,6,,0.3966717289079911,0.26035298953579783,0.22601367159524252,39.66717289079911,50.334648181101194,watch
job_000007,Bulgaria,146,7.555032051282051,monitoring,0.8607876712904524,0.25078005605721343,0.4011425135212516,0.0,0.24609793049747228,0.0,0.0,6,,0.4767953301491353,0.3143384088555632,0.26994591969486026,47.67953301491353,50.016034361158674,watch
job_000007,Bulgaria,147,7.606778846153846,monitoring,0.8519710110298515,0.16666666666666666,0.3973558486490936,0.1213758826722828,0.3076491074633677,0.0,0.0,6,,0.4475288160227214,0.3573865885586037,0.25499757950333435,44.75288160227214,49.384456030092295,watch
job_000007,Bulgaria,148,7.6585256410256415,monitoring,0.8207718619913817,0.23220333277985344,0.4181334315775213,0.22788917067186792,0.06845649546751635,0.0,0.0,6,,0.46146450942531997,0.3368987990168563,0.26170488705188255,46.146450942532,48.995895419585054,watch
job_000007,Bulgaria,149,7.710272435897436,monitoring,0.7214972269838414,0.31444480245640116,0.4142224584891898,0.0,0.11946734360479169,0.0,0.0,6,,0.4504130848035623,0.25740786301561847,0.25359953453860695,45.04130848035623,48.521344986877594,watch
job_000007,Bulgaria,150,7.762019230769231,monitoring,1.0,0.23654045431043702,0.45722525904351896,0.0,0.0,0.0,0.0,6,,0.5352684510540108,0.28548106814656554,0.3040648570030934,53.52684510540108,49.12200500110041,watch
job_000007,Bulgaria,151,7.8137660256410255,monitoring,0.8614936055274967,0.0,0.5765024118342332,0.09592675042341099,0.05675670504112334,0.0,0.0,6,,0.4456483648931821,0.26313694029034884,0.2587740828806343,44.56483648931821,48.575144779686546,watch
job_000007,Bulgaria,152,7.86551282051282,monitoring,1.0,0.16666666666666666,0.46486764346399745,0.09572288370375161,0.0,0.0,0.0,6,,0.5162169108659993,0.3085030092963131,0.2947301465195996,51.62169108659993,48.940730336516154,watch
job_000007,Bulgaria,153,7.917259615384616,monitoring,1.0,0.16666666666666666,0.46457266170794637,0.0,0.0,0.0,0.0,6,,0.5161431654269866,0.275,0.29468589925619193,51.61431654269866,49.261560681258054,watch
job_000007,Bulgaria,154,7.96900641025641,monitoring,1.0,0.23340646737804133,0.46418575780444765,0.020797585342621182,0.2108694952874213,0.0,0.0,6,,0.5360683796645243,0.3450074987984789,0.30463883377737333,53.606837966452424,49.78299395548137,watch
job_000007,Bulgaria,155,8.020753205128205,monitoring,1.0,0.16666666666666666,0.4527106664820174,0.02805405042417325,0.14198591736722807,0.0,0.0,6,,0.5131776666205043,0.3203153969902677,0.2929065999723026,51.31776666205043,49.967166680269656,watch
job_000007,Bulgaria,156,8.0725,monitoring,1.0,0.16666666666666666,0.46592092070433805,0.05736049345893899,0.07388089344343111,0.0,0.0,6,,0.5164802301760845,0.3135463960714865,0.29488813810565073,51.648023017608445,50.16886944075031,watch
job_000007,Bulgaria,157,8.124246794871794,monitoring,0.8310760625367212,0.16666666666666666,0.43195900956026106,0.16625447897684953,0.06119226374995763,0.0,0.0,6,,0.44886637427791765,0.30625614921356703,0.2560090639413834,44.88663742779176,49.53500159919529,watch
job_000007,Bulgaria,158,8.17599358974359,monitoring,1.0,0.16666666666666666,0.48992812018889775,0.506276155861637,0.1692371555575533,0.0,0.0,6,,0.5224820300472244,0.4945059434409613,0.29848921802833467,52.24820300472244,49.86058576785855,watch
job_000007,Bulgaria,159,8.227740384615386,monitoring,0.7725984260102913,0.28173457795414786,0.3977406082710269,0.11779319221238951,0.046396275545678455,0.0,0.0,6,,0.454364974557603,0.2882364793564509,0.2564409631358345,45.436497455760296,49.329695170406765,watch
job_000007,Bulgaria,160,8.27948717948718,monitoring,0.6907972959371926,0.4600623263969852,0.3927794688875986,0.006617975746337145,0.15248389345867372,0.0,0.0,6,,0.47799261871901255,0.28214593781973235,0.26608572848012607,47.79926187190126,49.146043174586104,watch
job_000007,Bulgaria,161,8.331233974358975,monitoring,0.617123866797038,0.2643146075538472,0.3893474587770692,0.0,0.0,0.0,0.0,6,,0.39262460033938473,0.19392815783233658,0.22147408330904506,39.262460033938474,47.96001319770839,watch
job_000007,Bulgaria,162,8.38298076923077,monitoring,0.5455298052522745,0.23271090635083702,0.37955254706719926,0.0,0.0,0.0,0.0,6,,0.355636840510347,0.17128908726569417,0.20094547906316035,35.5636840510347,46.47245370010755,watch
job_000007,Bulgaria,163,8.434727564102564,monitoring,0.4782728516144608,0.17126906706472006,0.36280802588928157,0.0,0.14865541022080783,0.0,0.0,6,,0.3094782246567977,0.18242242551852517,0.1757661342659924,30.94782246567977,44.609497951976216,watch
job_000007,Bulgaria,164,8.486474358974359,monitoring,0.48149832697076284,0.30264473094551325,0.3650743472512733,0.0,0.16085900160193434,0.0,0.0,6,,0.35058642053623934,0.20598604178500127,0.19645752712367057,35.058642053623934,43.46339524417394,watch
job_000007,Bulgaria,165,8.538221153846154,monitoring,0.6271304762848982,0.19952237543297108,0.4048774283958018,0.0,0.0,0.0,0.0,6,,0.38057173642855613,0.1867109753861702,0.21608606583129558,38.057173642855616,42.814648652015734,watch
job_000007,Bulgaria,166,8.589967948717948,monitoring,0.3373343524891088,0.4695343597152948,0.37848455744949533,0.0,0.056150319609056976,0.0,0.0,6,,0.3535484706481503,0.16880132198183567,0.19466970807254028,35.35484706481503,41.91947246155165,watch
job_000007,Bulgaria,167,8.641714743589743,monitoring,0.26702976593259103,0.19323222702695828,0.38646347410137366,0.0,0.0,0.0,0.0,6,,0.24804595470983776,0.0957422755371915,0.14036030835576802,24.804595470983777,39.865687222683505,watch
job_000007,Bulgaria,168,8.693461538461538,monitoring,0.24901985271518765,0.2911170116959252,0.37814322497983976,0.0,0.0,0.0,0.0,6,,0.26902785820405317,0.10592251493318569,0.15019300604440228,26.902785820405317,38.31013905441012,watch
job_000007,Bulgaria,169,8.745208333333334,monitoring,0.19943029592703626,0.16666666666666666,0.38794823738178313,0.0,0.0,0.0,0.0,6,,0.21678766291990847,0.07485757398175906,0.12307829479267472,21.678766291990847,36.31437432291981,watch
job_000007,Bulgaria,170,8.796955128205129,monitoring,0.2145550004506243,0.20977644050931873,0.38403544107945076,0.4311592545834004,0.0,0.0,0.0,6,,0.23403604258037683,0.236010955293244,0.1319827823284403,23.6010955293244,34.78878086768836,normal
job_000007,Bulgaria,171,8.848701923076923,monitoring,0.21978155171949088,0.16666666666666666,0.380494133069221,0.0775715907949979,0.03335889950785525,0.0,0.0,6,,0.22204707636912704,0.11543516958508579,0.12603043030428132,22.204707636912705,33.27869207999528,normal
job_000007,Bulgaria,172,8.900448717948718,monitoring,0.18345014074080687,0.17456792348592384,0.38751535122962644,0.0,0.2713031904924285,0.0,0.0,6,,0.21345676411246617,0.1398735213311974,0.12100251935549391,21.345676411246618,31.84673019974544,normal
job_000007,Bulgaria,173,8.952195512820513,monitoring,0.3410994101509028,0.16666666666666666,0.43098886653629725,0.06672062739790074,0.2050018141598557,0.0,0.0,6,,0.27713201018689027,0.18487752566695487,0.15786821201062515,27.713201018689027,31.350706698018673,normal
job_000007,Bulgaria,174,9.003942307692308,monitoring,0.2419504678575737,0.4441310875680835,0.39955781974515836,0.05857291472450823,0.0,0.0,0.0,6,,0.3178114449568654,0.14760780025318382,0.17494342966850102,31.78114449568654,31.402359233738814,normal
job_000007,Bulgaria,175,9.055689102564102,monitoring,0.3833359241397187,0.6326215647493767,0.40448815036600905,0.07387103221561808,0.0,0.0,0.0,6,,0.42507608046521683,0.2165820770228025,0.23223364209525157,42.50760804652168,32.73498909127276,normal
job_000007,Bulgaria,176,9.107435897435897,monitoring,0.6169173142150423,0.4390200523917097,0.4412624083531549,0.0,0.0316266913757306,0.0,0.0,6,,0.45794267778106645,0.22798900925644966,0.2554258319547381,45.794267778106644,34.302102533692825,normal
job_000007,Bulgaria,177,9.159182692307692,monitoring,0.6401039409334293,0.4664918235483413,0.4443802816372493,0.0,0.16739810677264721,0.0,0.0,6,,0.4750789968005149,0.2718492854587703,0.2646516039645244,47.507899680051494,35.88679819125586,normal
job_000007,Bulgaria,178,9.210929487179488,monitoring,0.6159330408704867,0.2617133308326059,0.45041691694588565,0.0,0.0,0.0,0.0,6,,0.4066947927909235,0.19324025984251256,0.23000614534087108,40.66947927909235,36.46071992179624,normal
job_000007,Bulgaria,179,9.262676282051283,monitoring,0.5947013374125466,0.16666666666666666,0.4533582288955972,0.0,0.0,0.0,0.0,6,,0.37148502531829064,0.17367533435313665,0.21194400181684891,37.14850253182907,36.54325383500018,normal
job_000007,Bulgaria,180,9.314423076923077,monitoring,0.6610685725687695,0.49075721015007534,0.4360295127186218,0.0,0.0,0.0,0.0,6,,0.48760854162374734,0.23888072466470367,0.27123172294405845,48.760854162374734,38.00936587428512,normal
job_000007,Bulgaria,181,9.366169871794872,monitoring,0.6726367730734709,0.23735342852890418,0.4352779837198025,0.0,0.20994532857568407,0.0,0.0,6,,0.4154483950643367,0.25624853969162437,0.2354220664520002,41.54483950643367,38.433622710142956,normal
job_000007,Bulgaria,182,9.417916666666667,monitoring,0.6786741762727384,0.4373446581784146,0.44156195954662036,0.0,0.22919459381070903,0.0,0.0,6,,0.47912984903563793,0.29256889124762403,0.26757082791330294,47.912984903563796,39.571146173353455,normal
job_000007,Bulgaria,183,9.469663461538461,monitoring,0.699039013897936,0.319832796803064,0.43521786100320203,0.0,0.08963850678419245,0.0,0.0,6,,0.4494179591559973,0.24514429969099172,0.25306540145052714,44.941795915599734,40.215624142423,watch
job_000007,Bulgaria,184,9.521410256410256,monitoring,0.75686008888631,0.16666666666666666,0.43251994879656575,0.035181552678304584,0.08629028411854393,0.0,0.0,6,,0.42303101830934986,0.24810113668862005,0.24125001009674685,42.303101830934985,40.46612146504444,watch
job_000007,Bulgaria,185,9.57315705128205,monitoring,0.7986091775724274,0.16666666666666666,0.4312249511385599,0.0,0.05790193253036061,0.0,0.0,6,,0.43731944993498956,0.239127777525697,0.24940557818526948,43.731944993498956,40.858020288458974,watch
job_000007,Bulgaria,186,9.624903846153845,monitoring,0.8277997255574305,0.16666666666666666,0.430034484704234,0.19743666418210679,0.0,0.0,0.0,6,,0.44723852512115914,0.301052763853095,0.2550651178171212,44.72385251211591,41.3219201552978,watch
job_000007,Bulgaria,187,9.676650641025642,monitoring,0.8494478744739935,0.16666666666666666,0.4275454393656267,0.0,0.2570895468750291,0.0,0.0,6,,0.4541931159073044,0.30163435533725563,0.2590213907996427,45.41931159073044,41.81360712754972,watch
job_000007,Bulgaria,188,9.728397435897437,monitoring,0.8498706752336488,0.16666666666666666,0.4244396321305757,0.0,0.10223992809230059,0.0,0.0,6,,0.45356464436442095,0.2630276508314873,0.2586400798663161,45.356464436442096,42.238750004616804,watch
job_000007,Bulgaria,189,9.780144230769231,monitoring,0.8529585248278484,0.16666666666666666,0.4211260926397411,0.24526783232882385,0.010257180806464483,0.0,0.0,6,,0.4538170068496822,0.32664766772366655,0.25876061886153084,45.381700684968216,42.61590408625897,watch
job_000007,Bulgaria,190,9.831891025641026,monitoring,0.8787564246471219,0.3486238984370893,0.43569772402466944,1.0,0.0,0.0,0.0,6,,0.5210763491637868,0.6219826909273438,0.2933995282986882,62.19826909273438,44.965787887036015,watch
job_000007,Bulgaria,191,9.88363782051282,monitoring,0.8875536680788879,0.1792598397346395,0.45764048794823214,0.2246321899728251,0.0,0.0,0.0,6,,0.47883185773506065,0.3273986594704067,0.27304578276820834,47.883185773506064,45.31587563341242,watch
job_000007,Bulgaria,192,9.935384615384615,monitoring,0.8041495041572665,0.4096070643992418,0.4370139221370739,0.1993601521768378,0.0,0.0,0.0,6,,0.5135879263090843,0.3322544889610961,0.2878230488119007,51.35879263090843,46.04102567311194,watch
job_000007,Bulgaria,193,9.98713141025641,monitoring,0.7364957516421873,0.6221149578953812,0.4217378830598839,0.30985254723972316,0.09157193958219918,0.0,0.0,6,,0.549842471208351,0.4087825580243069,0.30387707647172724,54.98424712083509,47.11421224683872,watch
job_000007,Bulgaria,194,10.038878205128205,monitoring,0.6879821770748441,0.23582231978375026,0.4264747426566535,0.4337907930431762,0.10107477479009769,0.0,0.0,6,,0.4181591435754839,0.3844643634989096,0.23694099478102937,41.81591435754839,46.47841650012388,watch
job_000007,Bulgaria,195,10.090625,monitoring,0.6140973201749431,0.23400221539113336,0.4326133673296804,0.0576530710782873,0.0,0.0,0.0,6,,0.3932880685109902,0.20880323722980632,0.2228118014431107,39.32880685109902,45.620463342240896,watch
job_000007,Bulgaria,196,10.142371794871796,monitoring,0.6078210213412638,0.16666666666666666,0.4351463621267447,0.0,0.03627816275944221,0.0,0.0,6,,0.3715239480011285,0.1860247960251765,0.21183615858726446,37.152394800112845,44.604295117185536,watch
job_000007,Bulgaria,197,10.19411858974359,monitoring,0.5941124687607869,0.16666666666666666,0.4367378779600646,0.0,0.07912642816932962,0.0,0.0,6,,0.3671238335562916,0.19330972423252912,0.20933317544616709,36.71238335562916,43.657265705798764,watch
job_000007,Bulgaria,198,10.245865384615385,monitoring,0.5637525613459403,0.16666666666666666,0.4358911056437513,0.0,0.11723169330157107,0.0,0.0,6,,0.3562861728820169,0.19524606366187786,0.20313417811575077,35.62861728820169,42.693827895687114,watch
job_000007,Bulgaria,199,10.29761217948718,monitoring,0.5191524565483479,0.16666666666666666,0.44218545451291524,0.0,0.0,0.0,0.0,6,,0.34224972342015053,0.15478811413708696,0.19515830948660687,34.22497234201505,41.67756522924647,watch
job_000007,Bulgaria,200,10.349358974358974,monitoring,0.48743949101394757,0.1737063614449539,0.4486942174986821,0.0,0.07505480603549647,0.0,0.0,6,,0.33488928466303836,0.1666795284791041,0.19084798504433492,33.48892846630383,40.69492881769335,watch
job_000007,Bulgaria,201,10.40110576923077,monitoring,0.5642131754422302,0.49774728219871556,0.4611241154978733,0.0,0.0,0.0,0.0,6,,0.46207982493886357,0.21571538619036487,0.25667334474293435,46.207982493886355,41.35649525883652,watch
job_000007,Bulgaria,202,10.452852564102564,monitoring,0.6550774721880509,0.215273532253121,0.5020095479068044,0.0,0.0,0.0,0.0,6,,0.4193615619184552,0.19606039788498086,0.238607956461599,41.93615619184552,41.4260545707976,watch
job_000007,Bulgaria,203,10.504599358974358,monitoring,0.6146631632822079,0.34760252093707,0.4666081813825747,0.0,0.2222945456412049,0.0,0.0,6,,0.43606490877553744,0.2613798053714137,0.2450642380043883,43.606490877553746,41.68770692760833,watch
job_000007,Bulgaria,204,10.556346153846153,monitoring,0.6139980484256718,0.2726276498847774,0.4250707021975434,0.0,0.0,0.0,0.0,6,,0.40295528746380427,0.19439365958913457,0.22745436249748247,40.29552874638043,41.52064554586099,watch
job_000007,Bulgaria,205,10.60809294871795,monitoring,0.5736408376070207,0.6064630637607954,0.44699619891459746,0.0,0.0,0.0,0.0,6,,0.49446226201934523,0.23437966896587448,0.27274705692271306,49.44622620193452,42.471715224589815,watch
job_000007,Bulgaria,206,10.659839743589744,monitoring,0.6464332867506262,0.39415093819231906,0.4654744445420582,0.0,0.0,0.0,0.0,6,,0.4608655429559294,0.2207309624165044,0.25823046476028183,46.08655429559294,42.90549591311019,watch
job_000007,Bulgaria,207,10.711586538461539,monitoring,0.7066682240387563,0.16666666666666666,0.4854894617156153,0.0,0.0,0.0,0.0,6,,0.4187062438424685,0.20166705600968907,0.23915706406509354,41.87062438424685,42.781311329646584,watch
job_000007,Bulgaria,208,10.763333333333334,monitoring,0.4965911633885416,0.0,0.4344668152648388,0.0,0.09558186904384415,0.0,0.0,6,,0.28242361100219926,0.14804325810809643,0.16448825496743413,28.242361100219927,41.03663730211538,watch
job_000007,Bulgaria,209,10.815080128205128,monitoring,0.5221042547082355,0.0,0.4349404076279184,0.0,0.019663882014483373,0.0,0.0,6,,0.29147159105486203,0.1354420341806797,0.16966191208583487,29.147159105486203,39.60989991851988,watch
job_000007,Bulgaria,210,10.866826923076923,monitoring,0.7845962370768644,0.2549659274714955,0.4891680411784689,0.0,0.01807257326749912,0.0,0.0,6,,0.4733904715129684,0.2389120917068152,0.26853934271286756,47.33904715129684,40.53739758645311,watch
job_000007,Bulgaria,211,10.918573717948718,monitoring,0.8777582696106989,0.33449729731390654,0.4291431974234854,0.0,0.25948504917114934,0.0,0.0,6,,0.5148503829137879,0.3344854242925481,0.2900977281327486,51.48503829137879,41.8511144710442,watch
job_000007,Bulgaria,212,10.970320512820512,monitoring,0.6475127881994067,0.325276030634861,0.4333385898386753,0.0,0.0,0.0,0.0,6,,0.43254693251991944,0.21066960164508083,0.2432947507109118,43.254693251991945,42.019543924757926,watch
job_000007,Bulgaria,213,11.022067307692307,monitoring,0.6449090159078336,0.4613513086020903,0.4250338356051709,0.0,0.20236685336412238,0.0,0.0,6,,0.4703820070496615,0.2810216636083025,0.2619395748126559,47.03820070496615,42.62178273838292,watch
job_000007,Bulgaria,214,11.073814102564103,monitoring,0.643652602072797,0.40708721678620263,0.41047919436730834,0.0,0.07771991064009515,0.0,0.0,6,,0.4500243743531668,0.24140621069615342,0.251365482087586,45.00243743531668,42.90746130201497,watch
job_000007,Bulgaria,215,11.125560897435898,monitoring,0.7196204135411245,0.4513291930767287,0.4505419077863413,0.01965310016536142,0.0,0.0,0.0,6,,0.49990137960899744,0.2544830674046669,0.2792047478376854,49.990137960899744,43.757382501081146,watch
job_000007,Bulgaria,216,11.177307692307693,monitoring,0.7114218390248598,0.350810843471417,0.4970493988002743,0.0,0.0,0.0,0.0,6,,0.4785032464001946,0.23047708627692748,0.26946340414572567,47.85032464001946,44.24853555775374,watch
job_000007,Bulgaria,217,11.229054487179488,monitoring,0.7554496058883121,0.3646902309322041,0.498775074966118,0.0,0.08411980738645507,0.0,0.0,6,,0.4985082000820999,0.2645958879585224,0.2806097170624107,49.850820008209986,44.92080969180849,watch
job_000007,Bulgaria,218,11.280801282051282,monitoring,0.7851814831121364,0.21559916105139704,0.5285335819940185,0.5127354036315539,0.05751301295120015,0.0,0.0,6,,0.47162666290317146,0.42247088944458755,0.2686562080792396,47.16266629031715,45.18983248362954,watch
job_000007,Bulgaria,219,11.332548076923077,monitoring,0.8277866342850082,0.2849589135458625,0.5091034907189103,0.6058214762587981,0.2762882697980039,0.0,0.0,6,,0.5024888687432392,0.5308000797432118,0.28466668749671753,53.08000797432118,46.13665354251253,watch
job_000007,Bulgaria,220,11.384294871794872,monitoring,0.8548651237527407,0.19513945648988232,0.4966143461120066,0.5220554259341381,0.2913239735261135,0.0,0.0,6,,0.4818982167884256,0.49853759187014424,0.27473609514083147,49.853759187014425,46.58270621985276,watch
job_000007,Bulgaria,221,11.436041666666666,monitoring,0.8469664592194478,0.23764666166400836,0.5176701757049698,0.674686807735235,0.20121916506703214,0.0,0.0,6,,0.4971498031522517,0.5338337880285535,0.2826908174492363,53.383378802855354,47.39878692981307,watch
job_000007,Bulgaria,222,11.487788461538461,monitoring,0.8860886734012078,0.4323864649292085,0.5074627509417684,1.0,0.2780314580427044,0.0,0.0,6,,0.5667126629046273,0.7058880026003593,0.3181951170608881,70.58880026003594,50.181588529439814,watch
job_000007,Bulgaria,223,11.539535256410257,monitoring,0.9463666207590912,0.3325872778450383,0.46431375000426844,0.5252550508511734,0.3192164561038696,0.0,0.0,6,,0.5470829381202604,0.5501231286904067,0.3088084783292142,55.01231286904067,50.76127545019192,watch
job_000007,Bulgaria,224,11.591282051282052,monitoring,0.8886397189582207,0.6388897584781607,0.39810348926262135,0.24607731344301217,0.17215562132164894,0.0,0.0,6,,0.6022167014944808,0.4471593585467457,0.3332769309527614,60.22167014944808,51.89652281410265,watch
job_000007,Bulgaria,225,11.643028846153847,monitoring,0.8943130882493109,0.47914356387952217,0.4546721439383503,0.2121637490975174,0.0,0.0,0.0,6,,0.5704206860357031,0.3697071188283871,0.31893497382254304,57.04206860357031,52.513988308838776,watch
job_000007,Bulgaria,226,11.694775641025641,monitoring,0.939437676454578,0.22198601394966017,0.45665071829453474,0.42964134889388916,0.0,0.0,0.0,6,,0.509561670517634,0.41853179331895474,0.28968304512754484,50.9561670517634,52.327049757989734,watch
job_000007,Bulgaria,227,11.746522435897436,monitoring,0.9729615716658614,0.16666666666666666,0.46028187884032556,0.0,0.0,0.0,0.0,6,,0.5056070197931328,0.26824039291646534,0.2886345961592211,50.56070197931328,52.115088024548555,watch
job_000007,Bulgaria,228,11.79826923076923,monitoring,0.9851424845103669,0.16666666666666666,0.4474852630521714,0.032246400345977186,0.0,0.0,0.0,6,,0.5066711853416712,0.2825718612486838,0.28915128635989906,50.66711853416712,51.941331685702785,watch
job_000007,Bulgaria,229,11.850016025641025,monitoring,1.0,0.5508735373439511,0.46504775043926244,0.0,0.12416022594934013,0.0,0.0,6,,0.6315239988130009,0.3636710870889277,0.35238819316748204,63.15239988130009,53.286659869174464,watch
job_000007,Bulgaria,230,11.90176282051282,monitoring,0.9887016322151456,0.44588347515008575,0.4678635061455445,0.0,0.08604451057625899,0.0,0.0,6,,0.5967764903567128,0.33556905697036404,0.3348023736373737,59.67764903567128,54.053578569154084,watch
job_000007,Bulgaria,231,11.953509615384615,monitoring,0.9397268737098208,0.26767838792816767,0.48766468878435953,0.0,0.10543480863963053,0.0,0.0,6,,0.5311240943729775,0.301442178776588,0.30124683624884324,53.11240943729775,53.940638273331324,watch
job_000007,Bulgaria,232,12.005256410256411,monitoring,0.9811540406085458,0.31883683656773654,0.4494266260548749,0.0,0.1756079651154809,0.0,0.0,6,,0.5514116216970307,0.33701602691616717,0.3114703275151009,55.14116216970307,54.08470114089594,watch
job_000007,Bulgaria,233,12.057003205128206,monitoring,0.9732799926877095,0.3783421811751272,0.43900414088616796,0.0,0.18277792278101765,0.0,0.0,6,,0.5639016870147784,0.34576580604345086,0.31725794684673614,56.39016870147784,54.36135724816577,watch
job_000007,Bulgaria,234,12.10875,monitoring,1.0,0.6666666666666666,0.42968327792447036,0.0,0.05637207786994491,0.0,0.0,6,,0.6574208194811175,0.3640930194674862,0.36445249168867055,65.74208194811175,55.727044212159285,watch
job_000007,Bulgaria,235,12.160496794871795,monitoring,1.0,0.4293571588624331,0.44635763584654364,0.004283387319784649,0.026651968203981254,0.0,0.0,6,,0.5903965566203658,0.3225657514422849,0.33135721920634653,59.03965566203658,56.12455758614456,watch
job_000007,Bulgaria,236,12.21224358974359,monitoring,1.0,0.4084257467271983,0.4885342499360807,0.0,0.2044938547436604,0.0,0.0,6,,0.5946612865021796,0.3623873256949948,0.3345439994994919,59.46612865021797,56.52554611383337,watch
job_000007,Bulgaria,237,12.263990384615385,monitoring,1.0,0.3267282216265843,0.47885718208075695,0.0,0.3011701076655599,0.0,0.0,6,,0.5677327620081645,0.37430176016037764,0.32083781055610117,56.77327620081645,56.55527372427134,watch
job_000007,Bulgaria,238,12.31573717948718,monitoring,1.0,0.29780095651137606,0.4931952288443526,0.0,0.1594036075409115,0.0,0.0,6,,0.5626390941645009,0.3345210453619343,0.31864942780335925,56.26390941645008,56.52031000733279,watch
job_000007,Bulgaria,239,12.367483974358974,monitoring,1.0,0.20798564841956446,0.48192070424750294,0.048746160050269195,0.14030226146657104,0.0,0.0,6,,0.5328758705877451,0.33333456864717165,0.30348595290006014,53.28758705877451,56.1323832535058,watch
job_000007,Bulgaria,240,12.419230769230769,monitoring,1.0,0.3464495548333547,0.4962470114824132,0.20857694342456526,0.017070996042920474,0.0,0.0,6,,0.5779966193206096,0.37923711243433117,0.3264044849473652,57.799661932060964,56.33245669493242,watch
job_000007,Bulgaria,241,12.470977564102565,monitoring,1.0,0.18877283185415758,0.4814600773342969,0.0,0.012428222010409664,0.0,0.0,6,,0.5269968688898214,0.28142298028072604,0.30053493637826817,52.69968688898214,55.89652431821839,watch
job_000007,Bulgaria,242,12.52272435897436,monitoring,1.0,0.42715878875473956,0.4701665523827552,0.22347518379219597,0.047126436605531175,0.0,0.0,6,,0.5956892747221106,0.40407174179186234,0.33459880117062424,59.568927472211065,56.33721269669751,watch
job_000007,Bulgaria,243,12.574471153846154,monitoring,1.0,0.29039870731849854,0.4557179645585307,0.0,0.0,0.0,0.0,6,,0.5510491033351822,0.29355980609777477,0.3119175007815544,55.10491033351822,56.189336413116,watch
job_000007,Bulgaria,244,12.62621794871795,monitoring,1.0,0.563493917684643,0.3773548501836145,0.3104516380862782,0.0,0.0,0.0,6,,0.6133868878512965,0.44318216098289376,0.3411273151802386,61.33868878512965,56.807258697757646,watch
job_000007,Bulgaria,245,12.677964743589744,monitoring,1.0,0.24168775190705086,0.41051232529511944,0.30639932231793676,0.02935674010536644,0.0,0.0,6,,0.5251344068958951,0.40083211062367713,0.2978300115803255,52.51344068958951,56.292000536777465,watch
job_000007,Bulgaria,246,12.729711538461538,monitoring,1.0,0.2217579391884986,0.3668335443361158,0.0,0.22776089215392709,0.0,0.0,6,,0.5082357678405786,0.3402039139167566,0.2882887225286922,50.823576784057856,55.63578968645111,watch
job_000007,Bulgaria,247,12.781458333333333,monitoring,1.0,0.2586508115162014,0.3456437519369194,0.0,0.1489658660040925,0.0,0.0,6,,0.5140061814390903,0.32603908822845334,0.29064418451796814,51.40061814390903,55.12756910134606,watch
job_000007,Bulgaria,248,12.833205128205128,monitoring,1.0,0.21843217757588168,0.34581871152707244,0.0,0.08069711440835617,0.0,0.0,6,,0.5019843311545326,0.3029391052384713,0.2846376333654431,50.198433115453255,54.536072783038925,watch
job_000007,Bulgaria,249,12.884951923076922,monitoring,1.0,0.1779797067911407,0.4309079661464089,0.055209476269460225,0.0,0.0,0.0,6,,0.5111209035739445,0.2960202727129822,0.29133315094063245,51.11209035739444,54.12519489196159,watch
job_000007,Bulgaria,250,12.936698717948719,monitoring,1.0,0.5846924104565824,0.4516363378951477,0.0,0.10081916039486222,0.0,0.0,6,,0.6383168076107616,0.36290865166720293,0.35544931225275955,63.83168076107616,55.28997319625534,watch
job_000007,Bulgaria,251,12.988445512820514,monitoring,1.0,0.41819801794211864,0.4483140428866322,0.0,0.20492386122798384,0.0,0.0,6,,0.5875379161042936,0.3639606679983137,0.3299768091243126,58.75379161042936,55.70563140595622,watch
job_000007,Bulgaria,252,13.040192307692308,monitoring,1.0,0.25540214238860487,0.45211154174992196,0.0,0.014501920045420988,0.0,0.0,6,,0.539648528154062,0.291935801369646,0.30612705262077905,53.964852815406196,55.49673797509021,watch
job_000007,Bulgaria,253,13.091939102564103,monitoring,1.0,0.20805206226342154,0.4385004618672468,0.09271552808775542,0.0,0.0,0.0,6,,0.5220407341458382,0.31365824417022764,0.29698287861960027,52.20407341458382,55.10161822782944,watch
job_000007,Bulgaria,254,13.143685897435898,monitoring,1.0,0.16666666666666666,0.4467123845630674,0.0,0.16166473512353735,0.0,0.0,6,,0.5116780961407668,0.3154161837808844,0.2920068576844601,51.167809614076674,54.62956119417911,watch
job_000007,Bulgaria,255,13.195432692307692,monitoring,1.0,0.2631774407396083,0.42611346366868913,0.0,0.0,0.0,0.0,6,,0.5354815981390547,0.2894766161109412,0.3033936356612446,53.54815981390547,54.49979302854628,watch
job_000007,Bulgaria,256,13.247179487179487,monitoring,1.0,0.16666666666666666,0.43415205612006424,0.0,0.2595429816760888,0.0,0.0,6,,0.508538014030016,0.3398857454190222,0.29012280841800964,50.8538014030016,54.06227403348092,watch
job_000007,Bulgaria,257,13.298926282051282,monitoring,1.0,0.16666666666666666,0.44375601970729506,0.0,0.0,0.0,0.0,6,,0.5109390049268238,0.275,0.2915634029560943,51.09390049268237,53.70606920858509,watch
job_000007,Bulgaria,258,13.350673076923076,monitoring,1.0,0.024950812169048788,0.5221817087681283,0.12793499450455384,0.18605600767849556,0.0,0.0,6,,0.48803067084274665,0.3450338718215751,0.28206987814057655,48.803067084274666,53.117708953667844,watch
job_000007,Bulgaria,259,13.402419871794873,monitoring,1.0,0.5495683265398833,0.39043899966312906,1.0,0.40415559807391827,0.0,0.0,6,,0.6124802478777472,0.783474148499462,0.34100109893045183,78.34741484994619,56.14527366122124,watch
job_000007,Bulgaria,260,13.454166666666667,monitoring,1.0,0.4519483020098606,0.3630040829120846,1.0,0.31480671071060634,0.0,0.0,6,,0.5763355113309793,0.7464939229791306,0.3222428577382918,74.64939229791307,58.36576789762426,watch
job_000007,Bulgaria,261,13.505913461538462,monitoring,1.0,0.26675960073419236,0.3666758809560786,0.40335285347236766,0.1569738553690617,0.0,0.0,6,,0.5216968504592774,0.4704309026677229,0.29501532225354066,52.169685045927736,57.62223795542068,watch
job_000007,Bulgaria,262,13.557660256410257,monitoring,1.0,0.2800399223067075,0.3697073104696858,0.0,0.0,0.0,0.0,6,,0.5264388043094337,0.2920059883460061,0.297462084916459,52.64388043094337,57.024835052483404,watch
job_000007,Bulgaria,263,13.609407051282052,monitoring,1.0,0.18725804013120895,0.36904801698189216,0.1574141361964367,0.0,0.0,0.0,6,,0.4984394162848357,0.33318365368843417,0.28344590856696517,49.84394162848357,56.163127841603426,watch
job_000007,Bulgaria,264,13.661153846153846,monitoring,0.0,0.5,0.0,1.0,0.29375106013195124,1.0,0.0,6,,0.25,0.4984377650329878,0.275,49.843776503298784,55.40480568100687,watch
job_000007,Bulgaria,265,13.71290064102564,monitoring,1.0,0.7985448178785093,0.2923635844333871,0.4256160158293541,0.029281330523481103,0.7575757575757582,0.0,6,,0.7384119172294753,0.5260676608529206,0.5151514118619361,73.84119172294753,57.617172006039745,watch
job_000007,Bulgaria,266,13.764647435897436,monitoring,1.0,0.5517701490277265,0.3022300988354407,1.0,0.0,0.7575757575757582,0.0,6,,0.6668461451747539,0.6827655223541589,0.4796151886946267,68.27655223541589,58.896297633564885,watch
job_000007,Bulgaria,267,13.81639423076923,monitoring,1.0,0.3434257442337709,0.34020606977292617,0.44442090277580004,0.06108129868290933,0.7575757575757582,0.0,6,,0.6138368164709386,0.472331502277323,0.45405992361615627,61.38368164709386,59.194783715188365,watch
job_000007,Bulgaria,268,13.868141025641027,monitoring,1.0,0.3371425268238998,0.3457236074314631,0.233817672866656,0.030615500784464983,0.7575757575757582,0.0,6,,0.6133312356626115,0.39006143972303087,0.45394507165345604,61.33312356626115,59.4513844973171,watch
job_000007,Bulgaria,269,13.919887820512821,monitoring,1.0,0.3333333333333333,0.331464798519231,0.1464847850051363,0.09263634128302677,0.7575757575757582,0.0,6,,0.6086237753873835,0.3744287600725544,0.4512348712930363,60.86237753873836,59.62070366228765,watch
job_000007,Bulgaria,270,13.971634615384616,monitoring,1.0,0.4126409473192891,0.3605405406065641,0.0,0.0,0.7575757575757582,0.0,6,,0.6396849951050035,0.31189614209789335,0.46749237470402966,63.96849951050035,60.14243916407318,warning
job_000007,Bulgaria,271,14.02338141025641,monitoring,1.0,0.3333333333333333,0.37246307312055027,0.0,0.0,0.7575757575757582,0.0,6,,0.6188733440377133,0.3,0.4573846124832342,61.887334403771334,60.35182659283696,warning
job_000007,Bulgaria,272,14.075128205128205,monitoring,1.0,0.39875043236849433,0.3702698145209052,0.5388085050604728,0.0,0.7575757575757582,0.0,6,,0.6379501590983504,0.4983955416264396,0.4668681885485616,63.79501590983504,60.76500931087673,warning
job_000007,Bulgaria,273,14.126875,monitoring,1.0,0.4296343709892978,0.3731991287512767,0.5378043463103304,0.0,0.7575757575757582,0.0,6,,0.6479476692421843,0.5026766768570102,0.4719401764762378,64.79476692421842,61.248580224477735,warning
job_000007,Bulgaria,274,14.178621794871795,monitoring,1.0,0.6399749178721224,0.3451620367565939,0.5209241164532344,0.0,0.7575757575757582,0.0,6,,0.7040405603083609,0.5283196784394504,0.4992856947094591,70.40405603083609,62.34723732124074,warning
job_000007,Bulgaria,275,14.23036858974359,monitoring,1.0,0.457829530163104,0.33493073087252184,0.2821189105777764,0.07853144011838105,0.7575757575757582,0.0,6,,0.6468391175246375,0.43704890825628256,0.47042919067049555,64.68391175246376,62.6276382529875,warning
job_000007,Bulgaria,276,14.282115384615384,monitoring,1.0,0.5456294396545853,0.32250666524279953,0.027102664605131978,0.09895541418980587,0.7575757575757582,0.0,6,,0.6700730739646513,0.3660692021074355,0.4817355672497594,67.00730739646514,63.15319855020482,warning
job_000007,Bulgaria,277,14.33386217948718,monitoring,1.0,0.5153896511101898,0.303353259826021,0.0,0.0,0.7575757575757582,0.0,6,,0.656212786047138,0.32730844766652845,0.47432658815558326,65.6212786047138,63.4493681567459,warning
job_000007,Bulgaria,278,14.385608974358975,monitoring,1.0,0.7470483888257157,0.2987450774395869,0.19429222053108788,0.0,0.7575757575757582,0.0,6,,0.7245583617651872,0.43005953550973813,0.5083841714549471,72.45583617651872,64.53014431911863,warning
job_000007,Bulgaria,279,14.43735576923077,monitoring,1.0,0.43589344673767816,0.31139361767945106,0.0,0.0,0.7575757575757582,0.0,6,,0.634374014198742,0.3153840170106517,0.46360821117772105,63.43740141987419,64.3990151712093,warning
job_000007,Bulgaria,280,14.489102564102565,monitoring,1.0,0.4325412558961005,0.29176104027235905,0.0,0.0,0.7575757575757582,0.0,6,,0.6284602125944957,0.3148811883844151,0.46016049594042063,62.84602125944957,64.21265590179813,warning
job_000007,Bulgaria,281,14.54084935897436,monitoring,1.0,0.3983852543918374,0.27793911036572644,0.0,0.0,0.7575757575757582,0.0,6,,0.6147579296665586,0.30975778815877564,0.45296380622878624,61.47579296665586,63.884232349581055,warning
job_000007,Bulgaria,282,14.592596153846154,monitoring,1.0,0.6532007315103205,0.3030113794937935,0.4224318697250743,0.0,0.7575757575757582,0.0,6,,0.6974706400841203,0.4958312641303241,0.4949469681657688,69.74706400841202,64.58777214864077,warning
job_000007,Bulgaria,283,14.644342948717949,monitoring,1.0,0.43528471474916963,0.2653022605415481,0.0,0.17040672274984475,0.7575757575757582,0.0,6,,0.6226685553177137,0.35789438789983663,0.45660319780875935,62.26685553177137,64.30926215461643,warning
job_000007,Bulgaria,284,14.696089743589743,monitoring,1.0,0.4836020916930999,0.287215443428763,0.0,0.19848621707197459,0.7575757575757582,0.0,6,,0.6426420641226964,0.3721618680219586,0.46713778178343107,64.26420641226964,64.30385546553482,warning
job_000007,Bulgaria,285,14.747836538461538,monitoring,1.0,0.488783583480138,0.3092422877745337,0.0,0.13434593864006872,0.7575757575757582,0.0,6,,0.6497032227452506,0.35690402218203787,0.47121903220335243,64.97032227452506,64.38383148261366,warning
job_000007,Bulgaria,286,14.799583333333333,monitoring,1.0,0.7504073790656494,0.3740972919138484,0.4321735143110509,0.03049165027828488,0.7575757575757582,0.0,6,,0.7444041124557327,0.5214447494382864,0.5201908521620764,74.44041124557327,65.5906210541688,warning
job_000007,Bulgaria,287,14.851330128205129,monitoring,0.9104487375700127,0.5024411479824338,0.4077688831626291,0.133370793463115,0.04314830151020609,0.7575757575757582,0.0,6,,0.6470891990924676,0.36044520967951,0.47013640370091364,64.70891990924676,65.48481691677816,warning
job_000007,Bulgaria,288,14.903076923076924,monitoring,0.8683514090848928,0.5327124629976632,0.3614581313460176,0.13278245828705473,0.020461835916582148,0.7575757575757582,0.0,6,,0.6298588406730916,0.3485840411004874,0.45931102248368233,62.98588406730916,65.18494497484188,warning
job_000007,Bulgaria,289,14.954823717948718,monitoring,0.8419717231600001,0.5024693075486155,0.3306360850702142,0.027517295702702792,0.0026473277214341096,0.7575757575757582,0.0,6,,0.603847492395714,0.2961562123485968,0.44487530503997613,60.3847492395714,64.60892148660942,warning
job_000007,Bulgaria,290,15.006570512820513,monitoring,0.8060874741344979,0.6908702729232588,0.3551018704310011,0.343153786587576,0.14495367706523357,0.7575757575757582,0.0,6,,0.6539247411893779,0.4614946540440733,0.46962846784519025,65.3924741189378,64.70294780248882,warning
job_000007,Bulgaria,291,15.058317307692308,monitoring,0.7541528279845646,0.38747355367450526,0.33771834268593504,0.35386545236082056,0.01133569453241232,0.7575757575757582,0.0,6,,0.5403827173260087,0.3733460720067072,0.4111245015661306,54.038271732600876,63.42318667410227,warning
job_000007,Bulgaria,292,15.110064102564102,monitoring,0.672601991385914,0.42473985359780325,0.39759623925386817,0.2784871415257779,0.058480717707187206,0.7575757575757582,0.0,6,,0.5379892886354537,0.343952154846968,0.4093859637200852,53.79892886354537,62.26827573683544,warning
job_000007,Bulgaria,293,15.161810897435897,monitoring,0.6119568636788413,0.44151875734283097,0.4212116333149886,0.12831581538574346,0.07186390474884773,0.7575757575757582,0.0,6,,0.5277010135767667,0.2820935410933571,0.40331608284959286,52.770101357676666,61.12849481133639,warning
job_000007,Bulgaria,294,15.213557692307692,monitoring,0.6437069566917153,0.7671561555729454,0.39651628528050414,0.0,0.054578468782516806,0.7575757575757582,0.0,6,,0.6303309285916857,0.2896447797044998,0.4548074089815121,63.03309285916857,61.35704657707625,warning
job_000007,Bulgaria,295,15.265304487179487,monitoring,0.596842213018712,0.464951582927266,0.40913485128567023,0.0013427870065327605,0.0,0.7575757575757582,0.0,6,,0.5264215380137224,0.21942326614605437,0.4019965592508345,52.64215380137224,60.311259443991766,warning
job_000007,Bulgaria,296,15.317051282051283,monitoring,0.5552487302133396,0.5518197780768201,0.412463020989043,0.5497224709665873,0.0,0.7575757575757582,0.0,6,,0.5387563200025515,0.4139880141031635,0.40720731741769906,53.875632000255145,59.53898415074337,warning
job_000007,Bulgaria,297,15.368798076923078,monitoring,0.4873047985263338,0.6375736152385755,0.4320485515608098,0.0,0.012235315950311767,0.7575757575757582,0.0,6,,0.5455984777035677,0.2205210709049477,0.4094194362403262,54.559847770356775,58.94148778509698,warning
job_000007,Bulgaria,298,15.420544871794872,monitoring,0.484910715147351,0.8333333333333333,0.40841283848672344,1.0,0.0,0.7575757575757582,0.0,6,,0.5975795356808294,0.5962276787868377,0.43475922031763037,59.75795356808295,59.0394636790553,warning
job_000007,Bulgaria,299,15.472291666666667,monitoring,0.4140149389907005,0.6217190798616884,0.36774461699607375,1.0,0.038380244714672974,0.7575757575757582,0.0,6,,0.499114682611846,0.5563566579055966,0.3827376938419561,55.63566579055966,58.63100793243582,warning
job_000007,Bulgaria,300,15.524038461538462,monitoring,0.4757321886476316,0.6461611460471195,0.3307898171612871,1.0,0.1944814208322136,0.7575757575757582,0.0,6,,0.5188096398887045,0.6144775742770292,0.39320423372593893,61.44775742770292,58.96901787186787,warning
job_000007,Bulgaria,301,15.575785256410256,monitoring,0.44936904594776433,0.7616637283864671,0.3411446380354194,1.0,0.06767559488281134,0.7575757575757582,0.0,6,,0.5468220198640883,0.593510719465614,0.40681021566798753,59.3510719465614,59.01486436083109,warning
job_000007,Bulgaria,302,15.627532051282051,monitoring,0.46090879475476065,0.8333333333333333,0.3258180672913492,1.0,0.1442802168090689,0.7575757575757582,0.0,6,,0.5685301707445793,0.6262972528909574,0.4175696205598062,62.62972528909574,59.44864767222285,warning
job_000007,Bulgaria,303,15.679278846153846,monitoring,0.4563877007587146,0.5835887534977822,0.30674459886592415,0.5941979166827417,0.2817606665107676,0.7575757575757582,0.0,6,,0.4872560467889415,0.4800446756809975,0.3763426945214505,48.72560467889415,58.16188251302341,warning
job_000007,Bulgaria,304,15.73102564102564,monitoring,0.47315965441925245,0.515775948761483,0.29673570938596694,0.6476832940447396,0.27062568587355446,0.7575757575757582,0.0,6,,0.4702801667792508,0.490001880303083,0.36802383112111964,49.0001880303083,57.0624791750976,warning
job_000007,Bulgaria,305,15.782772435897437,monitoring,0.35912159397066346,0.6693056692163439,0.3075437769435624,0.7224707912231297,0.12478656375979572,0.7575757575757582,0.0,6,,0.47912777864810174,0.4742376667431618,0.3698668872332703,47.912777864810174,55.964515017863114,warning
job_000007,Bulgaria,306,15.834519230769232,monitoring,0.29152530994156123,0.6320447205393711,0.35055936893616585,1.0,0.05848876941951455,0.7575757575757582,0.0,6,,0.4550446926329751,0.5323102279211746,0.35721082692479444,53.23102279211746,55.636495950773636,warning
job_000007,Bulgaria,307,15.886266025641026,monitoring,0.21275549412337294,0.4864495002113621,0.3508353842362211,0.7695357347565611,0.0,0.7575757575757582,0.0,6,,0.3838656948232202,0.39549380572734394,0.3196589830069637,39.54938057273439,53.706042105408926,watch
job_000007,Bulgaria,308,15.93801282051282,monitoring,0.1455520487984323,0.44163432525186574,0.37393458034257354,0.4857091159778805,0.13881191089195127,0.7575757575757582,0.0,6,,0.35267473549823025,0.30733432930263394,0.302960897114004,35.26747354982302,51.49341387873862,watch
job_000007,Bulgaria,309,15.989759615384616,monitoring,0.0954957788018447,0.4157364882016993,0.3764776876378179,0.0,0.0,0.7575757575757582,0.0,6,,0.32802146670818577,0.08623441793071607,0.2894464336514482,32.80214667081858,49.25046181378822,watch
job_000007,Bulgaria,310,16.04150641025641,monitoring,0.0,0.573033251952605,0.15059891978833495,0.8975863877917716,0.0,1.0,0.0,6,,0.30955970553286527,0.40011022352001074,0.308544825761141,40.01102235200108,48.141729078373764,watch
job_000007,Bulgaria,311,16.093253205128207,monitoring,0.18762140837563518,0.6159904253416899,0.34401370597001085,0.5329114515109356,0.0,0.7575757575757582,0.0,6,,0.41222562278405783,0.3258229239239897,0.3330400528870338,41.22256227840578,47.311429062377606,watch
job_000007,Bulgaria,312,16.145,monitoring,0.1519778663788389,0.546236597209236,0.3815054446097555,0.5595707837456005,0.0,0.7575757575757582,0.0,6,,0.38819716930537906,0.3157797304870553,0.32107203106376814,38.81971693053791,46.292423606556845,watch
job_000007,Bulgaria,313,16.196746794871796,monitoring,0.07595540469336985,0.6311097267448607,0.3700283862871761,0.8269190138696242,0.005403113276237614,0.7575757575757582,0.0,6,,0.38418198199550746,0.4044277433584994,0.31687694940863115,40.44277433584994,45.590465694072016,watch
job_000007,Bulgaria,314,16.24849358974359,monitoring,0.0,0.8333333333333333,0.35954363257435223,1.0,0.0,0.7575757575757582,0.0,6,,0.4156434839011639,0.475,0.3304466964013045,47.5,45.819609810783376,watch
job_000007,Bulgaria,315,16.300240384615385,monitoring,0.0,0.4893959775240312,0.31919707313075635,1.0,0.004812319388900098,1.0,0.0,6,,0.3266180615398985,0.42461247647582967,0.32128895759821813,42.461247647582965,45.41660635119933,watch
job_000007,Bulgaria,316,16.35198717948718,monitoring,0.0,0.6037928049728569,0.33215548465000266,0.8124513276682749,0.0,0.7575757575757582,0.0,6,,0.3399342884119335,0.3749268854298247,0.2919073949585806,37.49268854298247,44.4657362142133,watch
job_000007,Bulgaria,317,16.403733974358975,monitoring,0.0,0.5884140088507178,0.31535880476527217,0.8560873634479949,0.0,0.7575757575757582,0.0,6,,0.3311214796041092,0.3878926785344059,0.2870810735575502,38.78926785344059,43.78456001092057,watch
job_000007,Bulgaria,318,16.45548076923077,monitoring,0.0,0.30369218699499845,0.1854871261177386,0.0,0.24543680915860294,1.0,0.0,6,,0.2374794376279342,0.10691303033890051,0.2733768969669106,27.337689696691058,41.81093557321303,watch
job_000007,Bulgaria,319,16.507227564102564,monitoring,0.0,0.16666666666666666,0.1871279629756775,0.27999803264757517,0.18634191729354388,1.0,0.0,6,,0.1967819907439194,0.16958479075003727,0.2530691944463516,25.306919444635163,39.830453637783684,watch
job_000007,Bulgaria,320,16.55897435897436,monitoring,0.0,0.16666666666666666,0.2033610502181081,0.0,0.045364528308618174,1.0,0.0,6,,0.20084026255452703,0.036341132077154545,0.2555041575327162,25.550415753271622,38.11684909164223,watch
job_000007,Bulgaria,321,16.610721153846153,monitoring,0.0,0.2898211738569639,0.23618028330930552,0.0,0.0,1.0,0.0,6,,0.24599142298441554,0.04347317607854458,0.2789002185749404,27.89002185749404,36.889629823544446,watch
job_000007,Bulgaria,322,16.66246794871795,monitoring,0.0,0.6070448413325413,0.3432569921423354,0.2181357649940243,0.0,0.7575757575757582,0.0,6,,0.3436852761929221,0.1674042439477897,0.2940604265363832,34.36852761929221,36.58709755903418,watch
job_000007,Bulgaria,323,16.714214743589743,monitoring,0.0,0.3333333333333333,0.3472923103278984,0.0,0.10271932663822475,0.7575757575757582,0.0,6,,0.2625806533395504,0.07567983165955619,0.2536089980643364,26.258065333955038,35.34761369202468,watch
job_000007,Bulgaria,324,16.76596153846154,monitoring,0.0,0.3543262291308715,0.3020918269368518,0.0,0.0655877094996822,0.7575757575757582,0.0,6,,0.25757840123105025,0.06954586174455127,0.24997785992531013,25.757840123105026,34.196840863754325,normal
job_000007,Bulgaria,325,16.817708333333332,monitoring,0.0,0.35126870628861556,0.27020601673270245,0.3039433818699332,0.037156553880117016,0.7575757575757582,0.0,6,,0.2486896918273361,0.1683596280677982,0.24473635996834936,24.86896918273361,33.077496262031836,normal
job_000007,Bulgaria,326,16.86945512820513,monitoring,0.017622012610397295,0.482260799146553,0.24370664496301356,0.7390446247624809,0.0,0.7575757575757582,0.0,6,,0.2875301811559342,0.3354102416914506,0.2639346706536661,33.54102416914506,33.13311961088542,normal
job_000007,Bulgaria,327,16.921201923076925,monitoring,0.0,0.16666666666666666,0.0,0.12648891798843334,0.2918532095004,1.0,0.0,6,,0.15,0.14223442367105166,0.225,22.5,31.857145257579173,normal
job_000007,Bulgaria,328,16.972948717948718,monitoring,0.1502117328508366,0.3280868541590925,0.1380058099428271,0.0,0.4859233792044641,1.0,0.0,6,,0.2855016152312273,0.20824680613768903,0.29995624618545524,29.995624618545524,31.633762780895136,normal
job_000007,Bulgaria,329,17.024695512820514,monitoring,0.14621639584463847,0.6666666666666666,0.1907589740039346,1.0,0.044541575077138566,1.0,0.0,6,,0.3988654820466071,0.4976894927304442,0.3578571252695179,49.76894927304442,33.80998515995305,normal
job_000007,Bulgaria,330,17.076442307692307,monitoring,0.12649158326671844,0.6666666666666666,0.2521267367999762,0.0,0.24918577613175463,1.0,0.0,6,,0.40730373834334543,0.19391933984961826,0.3631173271733401,40.73037383433454,34.64043180087883,normal
job_000007,Bulgaria,331,17.128189102564104,monitoring,0.0,0.5,0.0,0.0,0.026429425423021374,0.9523809523809533,0.0,6,,0.24523809523809534,0.08160735635575533,0.2654761904761907,26.54761904761907,33.66929427048766,normal
job_000007,Bulgaria,332,17.179935897435897,monitoring,0.0,0.4222079925317346,0.3977615230171863,0.0,0.1884380808606062,1.0,0.0,6,,0.32610277851381697,0.11044071909491174,0.32299542733233816,32.610277851381696,33.54221230019495,normal
job_000007,Bulgaria,333,17.231682692307693,monitoring,0.0,0.4369689041155977,0.11224462958988762,0.0,0.22298535526717192,1.0,0.0,6,,0.25915182863215125,0.12129167443413263,0.2823820300558228,28.238203005582278,32.90573118484143,normal
job_000007,Bulgaria,334,17.283429487179486,monitoring,0.0,0.5,0.12341667073954475,0.0,0.3788789907203928,1.0,0.0,6,,0.2808541676848862,0.1697197476800982,0.2935125006109317,29.35125006109317,32.479193449991634,normal
job_000007,Bulgaria,335,17.335176282051282,monitoring,0.0,0.5,0.3706778838805211,0.0,0.34434182755984377,1.0,0.0,6,,0.34266947097013023,0.16108545688996095,0.33060168258207817,34.26694709701302,32.6937238876342,normal
job_000007,Bulgaria,336,17.386923076923075,monitoring,0.0,0.3508994192461278,0.0,0.0,0.34481398168186106,1.0,0.0,6,,0.20526982577383834,0.13883840830738442,0.2526349128869192,25.26349128869192,31.802095975761127,normal
job_000007,Bulgaria,337,17.438669871794872,monitoring,0.0,0.21178971511635902,0.30454774262763507,0.6364281863288039,0.24342033668652838,1.0,0.0,6,,0.23967385019181647,0.3153734066541673,0.27745061866159915,31.53734066541673,31.7703253385198,normal
job_000007,Bulgaria,338,17.49041666666667,monitoring,0.0,0.6666666666666666,0.9845630159747383,0.07044975864976867,0.2904005268442717,1.0,0.0,6,,0.5461407539936846,0.19725754723848693,0.44768445239621074,54.61407539936845,34.51157534582164,normal
job_000007,Bulgaria,339,17.54216346153846,monitoring,0.0,0.5,0.7665419727263031,0.0,0.27321190568645476,1.0,0.0,6,,0.4416354931815758,0.1433029764216137,0.3899812959089455,44.16354931815758,35.66981222250195,normal
job_000007,Bulgaria,340,17.593910256410258,monitoring,0.0,0.47996776997727186,0.567869720728638,0.9412307475251787,0.28168601340771454,1.0,0.0,6,,0.3859577611753411,0.47184743048233196,0.3571756236058865,47.184743048233194,37.0516039215897,normal
job_000007,Bulgaria,341,17.64565705128205,monitoring,0.0,0.39477012797364086,0.7904618167220511,0.0,0.21469421620937817,1.0,0.0,6,,0.41604649257260506,0.11288907324839068,0.37778479170435375,41.604649257260505,37.5979693618702,normal
job_000007,Bulgaria,342,17.697403846153847,monitoring,0.0,0.6666666666666666,0.8067566058443618,0.1154004296375961,0.12453421025075058,1.0,0.0,6,,0.5016891514610904,0.1715237029358463,0.4210134908766543,50.168915146109036,39.10648285597886,normal
job_000007,Bulgaria,343,17.74915064102564,monitoring,0.0,0.5,0.4212152008130158,0.0,0.0,1.0,0.0,6,,0.3553038002032539,0.075,0.3381822801219524,35.53038002032539,38.67735051570045,normal
job_000007,Bulgaria,344,17.800897435897436,monitoring,0.0,0.5,0.7015144555438039,1.0,0.10037344007854536,1.0,0.0,6,,0.425378613885951,0.45009336001963635,0.38022716833157055,45.00933600196363,39.437188774052025,normal
job_000007,Bulgaria,345,17.85264423076923,monitoring,0.0,0.5,0.857099555258221,1.0,0.33519814065587855,1.0,0.0,6,,0.46427488881455525,0.5087995351639696,0.40356493328873316,50.87995351639696,40.81032054313342,watch
job_000007,Bulgaria,346,17.904391025641026,monitoring,0.18220321871457795,0.5644135976361578,1.0,1.0,0.10908777864975154,1.0,0.0,6,,0.5830952058409496,0.5074847889865061,0.47110268338833927,58.30952058409496,42.91022454804881,watch
job_000007,Bulgaria,347,17.956137820512822,monitoring,0.26921574843235185,0.6666666666666666,1.0,1.0,0.047287576256432186,1.0,0.0,6,,0.644225511951323,0.5291258311721959,0.5038431496864704,64.4225511951323,45.49170374569883,watch
job_000007,Bulgaria,348,18.007884615384615,monitoring,0.2637745787516205,0.398260555515878,1.0,1.0,0.0,1.0,0.0,6,,0.5617992692178306,0.4756827280152868,0.46249399907770583,56.179926921783064,46.77429052682894,watch
job_000007,Bulgaria,349,18.05963141025641,monitoring,0.19010152263756028,0.6666666666666666,1.0,1.0,0.0,1.0,0.0,6,,0.616535532923146,0.49752538065939,0.48802030452751205,61.6535532923146,48.55980205868722,watch
job_000007,Bulgaria,350,18.111378205128204,monitoring,0.0,0.5,1.0,0.5657136745116189,0.0,1.0,0.0,6,,0.5,0.2729997860790666,0.425,50.0,48.73262581164475,watch
job_000007,Bulgaria,351,18.163125,monitoring,0.0,0.38148827911108063,0.8378342970458286,1.0,0.0,1.0,0.0,6,,0.4239050579947813,0.4072232418666621,0.38289838642353635,42.39050579947813,47.97157141018476,watch
job_000007,Bulgaria,352,18.214871794871794,monitoring,0.0,0.2733591529932967,0.6073837684552624,1.0,0.1833579544496331,1.0,0.0,6,,0.3338536880118046,0.43684336156140274,0.3321114382172839,43.684336156140276,47.457103179699416,watch
job_000007,Bulgaria,353,18.26661858974359,monitoring,0.0,0.5,0.6556769143278618,0.0,0.022623749329071,1.0,0.0,6,,0.4139192285819654,0.08065593733226775,0.3733515371491793,41.39192285819654,46.72928154111907,watch
job_000007,Bulgaria,354,18.318365384615383,monitoring,0.0,0.40536564892913,0.14462595000413406,0.01232574118611383,0.13554284395593436,1.0,0.0,6,,0.25776618217977254,0.09900456774349294,0.28249873983998963,28.249873983998963,44.51175263426465,watch
job_000007,Bulgaria,355,18.37011217948718,monitoring,0.0,0.5,0.2730642217168128,1.0,0.23004640209585636,1.0,0.0,6,,0.31826605542920317,0.4825116005239641,0.31595963325752197,48.25116005239641,44.96048152444047,watch
job_000007,Bulgaria,356,18.421858974358976,monitoring,0.5803662011838909,0.970597204275418,0.8795159437589025,0.0,0.06597005601735359,0.4166666666666673,0.0,6,,0.7558529843033795,0.3071736449416238,0.47692354577525975,75.58529843033796,48.635459553148166,watch
job_000007,Bulgaria,357,18.47360576923077,monitoring,0.5233242261766043,0.6313914098587472,0.8456922271260902,0.0,0.0,0.7575757575757582,0.0,6,,0.6597615346585339,0.22553976802296316,0.4777425422981981,65.9761534658534,50.71634282267279,watch
job_000007,Bulgaria,358,18.525352564102565,monitoring,1.0,0.8261157114127031,1.0,0.2036603861500821,0.0,0.4166666666666673,0.0,6,,0.8895013800904776,0.44519849186443416,0.557250690045239,88.95013800904776,55.30439824503779,watch
job_000007,Bulgaria,359,18.57709935897436,monitoring,1.0,1.0,1.0,0.33360939164571535,0.0,0.4166666666666673,0.0,6,,0.9416666666666667,0.5167632870760004,0.5833333333333335,94.16666666666667,59.96787045563326,watch
job_000007,Bulgaria,360,18.628846153846155,monitoring,1.0,0.837254546073157,1.0,0.5857433985084878,0.12510893938569942,0.4166666666666673,0.0,6,,0.8928430304886138,0.6118756062353691,0.558921515244307,89.28430304886137,63.485842366820634,warning
job_000007,Bulgaria,361,18.680592948717948,monitoring,1.0,0.7914818661487948,1.0,1.0,0.0,0.7575757575757582,0.0,6,,0.9132021356022142,0.7187222799223192,0.6202374314374708,91.32021356022142,66.82596691002873,warning
job_000007,Bulgaria,362,18.732339743589744,monitoring,1.0,0.8069055570244323,1.0,0.27961241847844764,0.0,0.7575757575757582,0.0,6,,0.9178292428649054,0.46890018002112155,0.6225509850688165,91.78292428649054,69.82080179520415,warning
job_000007,Bulgaria,363,18.784086538461537,monitoring,1.0,0.9785890858000021,1.0,0.0,0.0,0.4166666666666673,0.0,6,,0.9352433924066674,0.3967883628700003,0.5801216962033339,93.52433924066675,72.66522628865965,warning
job_000007,Bulgaria,364,18.835833333333333,monitoring,1.0,0.8333333333333333,0.8734702322603549,0.0,0.0,0.0,0.0,6,,0.8183675580650887,0.375,0.45602053483905325,81.83675580650886,73.76580983080156,warning
job_000007,Bulgaria,365,18.88758012820513,monitoring,1.0,1.0,1.0,0.0,0.0,0.12820512820512872,0.0,6,,0.9128205128205128,0.4,0.5256410256410258,91.28205128205128,75.86775880495154,warning
job_000007,Bulgaria,366,18.939326923076923,monitoring,1.0,1.0,1.0,0.2542421299706805,0.0,0.9523809523809533,0.0,6,,0.9952380952380953,0.4889847454897382,0.6904761904761907,99.52380952380952,78.70648489121449,warning
job_000007,Bulgaria,367,18.99107371794872,monitoring,1.0,1.0,1.0,0.5138011970500095,0.0,1.0,0.0,6,,0.9999999999999999,0.5798304189675033,0.7,99.99999999999999,81.26170670426875,critical
job_000007,Bulgaria,368,19.042820512820512,monitoring,1.0,0.932221408309046,1.0,0.04562290039374639,0.0,0.6666666666666675,0.0,6,,0.9463330891593805,0.40580122638416816,0.6231665445796905,94.63330891593806,82.86629896966906,critical
job_000007,Bulgaria,369,19.09456730769231,monitoring,1.0,0.8781411621404762,1.0,0.0,0.007371278334029774,0.12820512820512872,0.0,6,,0.8762628614626556,0.3835639939045789,0.5073621999620972,87.62628614626557,83.43749743086063,critical
job_000007,Bulgaria,370,19.1463141025641,monitoring,1.0,1.0,1.0,0.35696640569201304,0.0,0.6666666666666675,0.0,6,,0.9666666666666667,0.5249382419922046,0.6333333333333335,96.66666666666667,85.02499773915736,critical
job_000007,Bulgaria,371,19.198060897435898,monitoring,1.0,0.8696979882216281,1.0,0.8204124879133153,0.0,0.9523809523809533,0.0,6,,0.9561474917045838,0.6675990690029046,0.670930888709435,95.61474917045838,86.29576791091348,critical
job_000007,Bulgaria,372,19.24980769230769,monitoring,1.0,1.0,1.0,0.025300703996044907,0.033316885310128795,0.9523809523809533,0.0,6,,0.9952380952380953,0.417184467726148,0.6904761904761907,99.52380952380952,87.88313290446101,critical
job_000007,Bulgaria,373,19.301554487179487,monitoring,1.0,0.8946761187491135,1.0,0.43863785933350663,0.010053357118680188,0.6666666666666675,0.0,6,,0.9350695022914007,0.5402380078587644,0.6175347511457006,93.50695022914007,88.5579909834225,critical
job_000007,Bulgaria,374,19.353301282051284,monitoring,1.0,0.8221933232127041,1.0,0.0,0.0,0.4166666666666673,0.0,6,,0.8883246636304779,0.3733289984819056,0.556662331815239,88.83246636304779,88.59092802897753,critical
job_000007,Bulgaria,375,19.405048076923077,monitoring,1.0,1.0,1.0,0.012557993523122283,0.0,0.6666666666666675,0.0,6,,0.9666666666666667,0.4043952977330928,0.6333333333333335,96.66666666666667,89.56001666550021,critical
job_000007,Bulgaria,376,19.456794871794873,monitoring,1.0,1.0,1.0,0.044524044979465785,0.0,0.0,0.0,6,,0.8999999999999999,0.41558341574281304,0.5,89.99999999999999,89.61281466564019,critical
job_000007,Bulgaria,377,19.508541666666666,monitoring,1.0,1.0,1.0,0.20524065134657019,0.010402341718719987,0.6666666666666675,0.0,6,,0.9666666666666667,0.4744348134009796,0.6333333333333335,96.66666666666667,90.45927690576336,critical
job_000007,Bulgaria,378,19.560288461538462,monitoring,1.0,0.9387003239282075,1.0,0.20180931187605128,0.08802860797688809,0.9523809523809533,0.0,6,,0.9768481924165575,0.48344545974007114,0.6812812390654218,97.68481924165575,91.32634198607045,critical
job_000007,Bulgaria,379,19.612035256410255,monitoring,1.0,0.8349476749591691,1.0,0.00649830722113738,0.1698207218211845,0.6666666666666675,0.0,6,,0.9171509691544174,0.4199717392265696,0.6085754845772089,91.71509691544173,91.37299257759501,critical
job_000007,Bulgaria,380,19.663782051282052,monitoring,1.0,0.9660733501493575,1.0,0.0,0.0,0.4166666666666673,0.0,6,,0.9314886717114739,0.39491100252240363,0.5782443358557371,93.14886717114739,91.5860975288213,critical
job_000007,Bulgaria,381,19.715528846153845,monitoring,1.0,0.8520128547545098,1.0,0.0,0.0,0.19607843137254935,0.0,6,,0.8752116995636078,0.3778019282131765,0.5170176144876863,87.52116995636078,91.09830622012603,critical
job_000007,Bulgaria,382,19.76727564102564,monitoring,1.0,0.6535635925088727,1.0,0.0,0.0,0.19607843137254935,0.0,6,,0.8156769208899167,0.3480345388763309,0.4872502251508408,81.56769208899168,89.95463252438992,critical
job_000007,Bulgaria,383,19.819022435897438,monitoring,1.0,0.7398634419363271,1.0,0.0,0.0,0.19607843137254935,0.0,6,,0.841566875718153,0.36097951629044905,0.500195202564959,84.1566875718153,89.25887913008097,critical
job_000007,Bulgaria,384,19.87076923076923,monitoring,1.0,0.7995985049439478,1.0,0.0,0.0,0.19607843137254935,0.0,6,,0.8594873946204392,0.36993977574159215,0.5091554620161021,85.94873946204392,88.86166236991653,critical
job_000007,Bulgaria,385,19.922516025641027,monitoring,1.0,0.875248635917071,1.0,0.0,0.0,0.19607843137254935,0.0,6,,0.8821824339123762,0.3812872953875607,0.5205029816620705,88.21824339123762,88.78445209247506,critical
job_000007,Bulgaria,386,19.97426282051282,monitoring,1.0,0.9328727344031772,1.0,0.0,0.0,0.4166666666666673,0.0,6,,0.9215284869876199,0.38993091016047654,0.5732642434938101,92.15284869876199,89.1886596852295,critical
job_000007,Bulgaria,387,20.026009615384616,monitoring,1.0,1.0,1.0,0.0,0.0,1.0,0.0,6,,0.9999999999999999,0.4,0.7,99.99999999999999,90.48602052300195,critical
job_000007,Bulgaria,388,20.07775641025641,monitoring,1.0,1.0,1.0,0.0,0.0,0.8333333333333346,0.0,6,,0.9833333333333334,0.4,0.666666666666667,98.33333333333334,91.42769806024172,critical
job_000007,Bulgaria,389,20.129503205128206,monitoring,1.0,0.9523324728905653,1.0,0.0,0.0,0.9523809523809533,0.0,6,,0.9809378371052648,0.3928498709335848,0.6833260614097755,98.09378371052648,92.22762833827589,critical
job_000007,Bulgaria,390,20.18125,monitoring,1.0,0.929905468479591,1.0,0.0,0.0,0.6666666666666675,0.0,6,,0.945638307210544,0.3894858202719387,0.6228191536052722,94.5638307210544,92.50797262420932,critical
job_000007,Bulgaria,391,20.232996794871795,monitoring,1.0,0.7401526355597343,1.0,0.0,0.03141176439293605,0.6666666666666675,0.0,6,,0.888712457334587,0.3688758364321942,0.5943562286672937,88.87124573345871,92.07156539731923,critical
job_000007,Bulgaria,392,20.28474358974359,monitoring,1.0,0.8133670124560615,1.0,0.0,0.0,0.4166666666666673,0.0,6,,0.8856767704034851,0.3720050518684092,0.5553383852017427,88.56767704034851,91.65109879448275,critical
job_000007,Bulgaria,393,20.336490384615384,monitoring,1.0,0.9596103385048771,1.0,0.0,0.0,0.4166666666666673,0.0,6,,0.9295497682181298,0.39394155077573156,0.577274884109065,92.95497682181299,91.80756415776237,critical
job_000007,Bulgaria,394,20.38823717948718,monitoring,1.0,0.740331544440454,1.0,0.0,0.0,0.19607843137254935,0.0,6,,0.8417073064693911,0.36104973166606813,0.500265417940578,84.1707306469391,90.89114413646357,critical
job_000007,Bulgaria,395,20.439983974358974,monitoring,1.0,0.6196049287827474,1.0,0.0,0.0,0.6666666666666675,0.0,6,,0.8525481453014909,0.3429407393174121,0.5762740726507456,85.25481453014909,90.21478458370582,critical
job_000007,Bulgaria,396,20.49173076923077,monitoring,1.0,0.7795159840353177,1.0,0.0,0.0,0.6666666666666675,0.0,6,,0.900521461877262,0.3669273976052977,0.6002607309386312,90.0521461877262,90.19526797618828,critical
job_000007,Bulgaria,397,20.543477564102563,monitoring,1.0,0.7872933390098471,1.0,0.0,0.0,0.6666666666666675,0.0,6,,0.9028546683696209,0.36809400085147703,0.6014273341848106,90.28546683696209,90.20609183948113,critical
job_000007,Bulgaria,398,20.59522435897436,monitoring,1.0,0.7127473489497178,1.0,0.0,0.0,0.6666666666666675,0.0,6,,0.8804908713515821,0.3569121023424577,0.5902454356757912,88.04908713515822,89.94725127496238,critical
job_000007,Bulgaria,399,20.646971153846152,monitoring,1.0,0.7633402291228433,1.0,0.0,0.0,0.4166666666666673,0.0,6,,0.8706687354035196,0.3645010343684265,0.54783436770176,87.06687354035196,89.60160594680913,critical
job_000008,Bulgaria,0,0.0,calibration,0.4090729374976028,0.0,0.0,0.0,0.0,0.0,0.0,4,convergence;directional_coherence,0.14317552812416098,0.1022682343744007,0.08181458749952057,14.317552812416098,,calibrating
job_000008,Bulgaria,1,0.05058602419274218,calibration,0.5155969296131231,0.5,0.0,0.0,0.16358282994922327,0.0,0.0,6,,0.3304589253645931,0.2447949398905866,0.1781193859226246,33.045892536459306,,calibrating
job_000008,Bulgaria,2,0.10117204838548435,calibration,0.5228092748696416,0.11170063726397272,0.0,0.0,0.17729946570495023,0.0,0.0,6,,0.21649343738356636,0.19178228073324385,0.12131695056352423,21.649343738356635,,calibrating
job_000008,Bulgaria,3,0.15175807257822654,calibration,0.0,0.5,0.0,0.25718216535773364,0.2763364382205733,0.0,0.0,6,,0.15,0.2340978674303501,0.075,23.40978674303501,,calibrating
job_000008,Bulgaria,4,0.2023440967709687,calibration,0.0,0.18607048553660313,0.0,1.0,0.053433405464979496,0.0,0.0,6,,0.05582114566098094,0.3912689241967353,0.02791057283049047,39.12689241967353,,calibrating
job_000008,Bulgaria,5,0.25293012096371087,calibration,0.5466883261283275,0.2207221942591337,0.0,0.9540365548886109,0.28946656943394306,0.0,0.0,6,,0.2575575724226547,0.5760598472404516,0.14244599436453556,57.60598472404516,,calibrating
job_000008,Bulgaria,6,0.3035161451564531,calibration,0.5622312098626338,0.0,0.0,0.0,0.0,0.0,0.0,6,,0.1967809234519218,0.14055780246565844,0.11244624197252676,19.67809234519218,,calibrating
job_000008,Bulgaria,7,0.35410216934919525,calibration,0.5428811730911538,0.005959411396304592,0.0,0.0,0.3668592521669575,0.0,0.0,6,,0.1917962340007952,0.2283290180239735,0.10947014632767646,22.832901802397352,,calibrating
job_000008,Bulgaria,8,0.4046881935419374,calibration,0.52568425314137,0.0,0.0,0.0,0.26952021238654705,0.0,0.0,6,,0.1839894885994795,0.19880111638197928,0.105136850628274,19.880111638197928,,calibrating
job_000008,Bulgaria,9,0.4552742177346796,calibration,0.5111295958031707,0.0,0.0,0.1262035439390001,0.15059087349152547,0.0,0.0,6,,0.17889535853110974,0.20960135770232408,0.10222591916063416,20.96013577023241,,calibrating
job_000008,Bulgaria,10,0.5058602419274217,calibration,0.4394953679113007,0.21311439315845981,0.0,0.2275730011633768,0.03484827651730352,0.0,0.0,6,,0.2177576967164932,0.2302036204881019,0.11986623255602913,23.02036204881019,,calibrating
job_000008,Bulgaria,11,0.5564462661201639,calibration,0.41033538488395016,0.03282418650201372,0.0,0.14190874035300285,0.17249482639949607,0.0,0.0,6,,0.15346464065998666,0.20029923991971463,0.0869907049520921,20.02992399197146,,calibrating
job_000008,Bulgaria,12,0.6070322903129062,calibration,0.013798225606846775,0.5,0.01872736843575385,0.1674885532609811,0.22902276005204114,0.0,0.0,6,,0.15951122107133484,0.19432624005606536,0.08056875038673242,19.432624005606534,,calibrating
job_000008,Bulgaria,13,0.6576183145056483,calibration,0.057020878527579075,0.5,0.0,0.9212483279732554,0.04714497729380639,0.0,0.0,6,,0.16995730748465268,0.4234783787459857,0.08640417570551581,42.34783787459857,,calibrating
job_000008,Bulgaria,14,0.7082043386983905,calibration,0.09267912830656892,0.35464363184553777,0.0,0.0,0.0615706307772134,0.0,0.0,6,,0.13883078446096045,0.09175898454777624,0.07173237043814444,13.883078446096045,,calibrating
job_000008,Bulgaria,15,0.7587903628911327,calibration,0.11917788959159056,0.04298291498233672,0.0,0.0,0.20935851273730202,0.0,0.0,6,,0.054607135851757714,0.08858153782957365,0.03028301516566862,8.858153782957364,,calibrating
job_000008,Bulgaria,16,0.8093763870838748,calibration,0.12462852888132347,0.0,0.0,0.024035706995517957,0.1869914662458953,0.0,0.0,6,,0.04361998510846321,0.08631749623023598,0.024925705776264698,8.631749623023598,,calibrating
job_000008,Bulgaria,17,0.859962411276617,calibration,0.14253455032469867,0.056049751790379555,0.0,0.20959608449822814,0.23230026385761837,0.0,0.0,6,,0.0667020181507584,0.17547479588851603,0.03691437283349667,17.5474795888516,,calibrating
job_000008,Bulgaria,18,0.9105484354693592,calibration,0.15534222322179703,0.0,0.0,0.5529460650110598,0.19057581665849677,0.0,0.0,6,,0.05436977812762896,0.28001063272394433,0.031068444644359407,28.001063272394433,,calibrating
job_000008,Bulgaria,19,0.9611344596621013,calibration,0.11439241487692792,0.0692692381728443,0.0,0.26049702012081244,0.0,0.0,0.0,6,,0.060818116658778065,0.13016244648744296,0.03326886870131223,13.016244648744296,,calibrating
job_000008,Bulgaria,20,1.0117204838548435,calibration,0.15047536906577524,0.15631969677322693,0.0,0.29374815646263625,0.23862750109334957,0.0,0.0,6,,0.09956228820498941,0.22353552681768796,0.05354302832913909,22.353552681768797,,calibrating
job_000008,Bulgaria,21,1.0623065080475858,calibration,0.18301326650967029,0.010230875990641338,0.000943266151843606,0.45616043803734024,0.0,0.0,0.0,6,,0.0673597226135379,0.20694410133908284,0.038278774623306804,20.694410133908285,,calibrating
job_000008,Bulgaria,22,1.1128925322403278,calibration,0.1824508537394708,0.22857555513538363,0.0,0.08133213743017029,0.1787986311390253,0.0,0.0,6,,0.13243046534942987,0.15306495259049116,0.07077650401820171,15.306495259049116,,calibrating
job_000008,Bulgaria,23,1.16347855643307,calibration,0.2456937666814366,0.0,0.0,0.0,0.005454630385182472,0.0,0.0,6,,0.08599281833850281,0.06278709926665477,0.049138753336287325,8.59928183385028,,calibrating
job_000008,Bulgaria,24,1.2140645806258124,calibration,0.26099818102422007,0.04155383493072538,0.0,0.011298032255827957,0.19392737523281506,0.0,0.0,6,,0.10381551383769463,0.12391877559340737,0.05843271144445282,12.391877559340738,,calibrating
job_000008,Bulgaria,25,1.2646506048185544,calibration,0.06517457336963675,0.5,0.00028762784207869696,1.0,0.16919352468443363,0.0,0.0,6,,0.17288300763989253,0.48359202451351757,0.08807805885023916,48.359202451351756,,calibrating
job_000008,Bulgaria,26,1.3152366290112967,calibration,0.0,0.14716562534443633,0.011652190535109044,1.0,0.17488244052850932,0.0,0.0,6,,0.04706273523710816,0.4157954539337928,0.023822672381931805,41.57954539337928,,calibrating
job_000008,Bulgaria,27,1.3658226532040387,calibration,0.0,0.5,0.007808585656811596,0.6566726879470232,0.27580879832999805,0.0,0.0,6,,0.1519521464142029,0.3737876403639576,0.07617128784852174,37.378764036395765,,calibrating
job_000008,Bulgaria,28,1.416408677396781,calibration,0.0,0.18502303837483255,0.009259883624626673,0.5334379623619829,0.17375169612127145,0.0,0.0,6,,0.05782188241860643,0.25789466661323673,0.02914243829991888,25.789466661323672,,calibrating
job_000008,Bulgaria,29,1.466994701589523,calibration,0.0,0.024422560610554627,0.00904526085722388,0.030186436599661033,0.15100329137596938,0.0,0.0,6,,0.009588083397472358,0.051979459745456896,0.005020173220166776,5.197945974545689,,calibrating
job_000008,Bulgaria,30,1.5175807257822653,calibration,0.0,0.0,0.00826871473876241,0.0,0.0,0.0,0.0,6,,0.0020671786846906026,0.0,0.0012403072108143616,0.20671786846906026,,calibrating
job_000008,Bulgaria,31,1.5681667499750074,calibration,0.0,0.0,0.006935141678265338,0.0,0.010841966504321532,0.0,0.0,6,,0.0017337854195663344,0.002710491626080383,0.0010402712517398006,0.2710491626080383,,calibrating
job_000008,Bulgaria,32,1.6187527741677497,calibration,0.0,0.0,0.007497775519417261,0.0,0.090021766114143,0.0,0.0,6,,0.0018744438798543152,0.02250544152853575,0.001124666327912589,2.2505441528535752,,calibrating
job_000008,Bulgaria,33,1.669338798360492,calibration,0.0,0.0,0.006386247871926623,0.1819934513407631,0.15809965006667884,0.0,0.0,6,,0.0015965619679816558,0.1032226204859368,0.0009579371807889934,10.32226204859368,,calibrating
job_000008,Bulgaria,34,1.719924822553234,calibration,0.0,0.0,0.005124687614977841,0.0,0.29478066779967593,0.0,0.0,6,,0.0012811719037444603,0.07369516694991898,0.0007687031422466762,7.369516694991899,,calibrating
job_000008,Bulgaria,35,1.7705108467459763,calibration,0.0,0.08935329694651226,0.016055292545095252,0.07149701498616932,0.09179024848964121,0.0,0.0,6,,0.03081981222022749,0.0613745119095464,0.015811288423741125,6.13745119095464,,calibrating
job_000008,Bulgaria,36,1.8210968709387183,calibration,0.0,0.12171993300747427,0.018238827801917868,0.0,0.0,0.0,0.0,6,,0.04107568685272175,0.01825798995112114,0.02099381412140882,4.107568685272175,,calibrating
job_000008,Bulgaria,37,1.8716828951314606,calibration,0.0,0.1349806504247255,0.004335067737057341,0.0,0.0,0.0,0.0,6,,0.04157796206168198,0.020247097563708825,0.020897357724267426,4.157796206168198,,calibrating
job_000008,Bulgaria,38,1.9222689193242026,calibration,0.0,0.016724005924930858,0.0028228258717123748,0.2881114223385283,0.0,0.0,0.0,6,,0.00572290824540735,0.10334759870722453,0.002932024769496485,10.334759870722452,,calibrating
job_000008,Bulgaria,39,1.972854943516945,calibration,0.0,0.0,0.0036206938488125384,0.0,0.0,0.0,0.0,6,,0.0009051734622031346,0.0,0.0005431040773218808,0.09051734622031346,,calibrating
job_000008,Bulgaria,40,2.023440967709687,calibration,0.0,0.0,0.0038670226587848963,0.0,0.12535759338818903,0.0,0.0,6,,0.0009667556646962241,0.031339398347047256,0.0005800533988177345,3.1339398347047256,,calibrating
job_000008,Bulgaria,41,2.0740269919024295,calibration,0.0,0.1361603458112493,0.0032149909169793935,0.0,0.0,0.0,0.0,6,,0.041651851472619635,0.020424051871687394,0.020906300509234303,4.165185147261964,,calibrating
job_000008,Bulgaria,42,2.1246130160951715,calibration,0.0,0.08592447311240094,0.002920094887103163,0.0,0.0,0.0,0.0,6,,0.026507365655496072,0.01288867096686014,0.013326685199925614,2.6507365655496073,,calibrating
job_000008,Bulgaria,43,2.1751990402879136,calibration,0.0,0.2349407406186517,0.0,0.2768945705606873,0.0,0.0,0.0,6,,0.07048222218559551,0.1321542107890383,0.035241111092797754,13.21542107890383,,calibrating
job_000008,Bulgaria,44,2.2257850644806556,calibration,0.0,0.09114664830878416,0.0036253365744246023,0.0,0.0,0.0,0.0,6,,0.028250328636241398,0.013671997246317624,0.014215797732481314,2.82503286362414,,calibrating
job_000008,Bulgaria,45,2.276371088673398,calibration,0.0,0.3159102426635136,0.0032708571239491962,0.0,0.305719205945368,0.0,0.0,6,,0.09559078708004137,0.12381633788586904,0.04787716496811942,12.381633788586905,,calibrating
job_000008,Bulgaria,46,2.32695711286614,calibration,0.0,0.041873162187869455,0.0,0.18357556715179463,0.0,0.0,0.0,6,,0.012561948656360835,0.07053242283130853,0.006280974328180418,7.053242283130853,,calibrating
job_000008,Bulgaria,47,2.377543137058882,calibration,0.0,0.15431440272308222,0.0,0.4160490227394179,0.12432674597381835,0.0,0.0,6,,0.04629432081692467,0.19984600486071316,0.023147160408462333,19.984600486071315,,calibrating
job_000008,Bulgaria,48,2.4281291612516247,calibration,0.014900103624930576,0.09584702444459829,0.0,0.12953062602662269,0.0,0.0,0.0,6,,0.033969143602105185,0.06343779868224032,0.01735707439167586,6.343779868224033,,calibrating
job_000008,Bulgaria,49,2.4787151854443668,calibration,0.036650136715544034,0.0,0.0,0.0,0.0,0.0,0.0,6,,0.01282754785044041,0.009162534178886008,0.007330027343108807,1.282754785044041,,calibrating
job_000008,Bulgaria,50,2.529301209637109,calibration,0.04478720707527022,0.0,0.0,0.0,0.05202453107987967,0.0,0.0,6,,0.015675522476344576,0.024202934538787475,0.008957441415054045,2.4202934538787475,,calibrating
job_000008,Bulgaria,51,2.579887233829851,calibration,0.05232950731182065,0.02886415652608361,0.0,0.0,0.24828415974304552,0.0,0.0,6,,0.026974574516962307,0.07948304024262909,0.014795524941276672,7.948304024262908,,calibrating
job_000008,Bulgaria,52,2.6304732580225934,calibration,0.05731292878908749,0.04261675841139275,0.002064769281947626,0.0,0.0,0.0,0.0,6,,0.03336074492008535,0.020720745958980786,0.018164814911818556,3.3360744920085352,,calibrating
job_000008,Bulgaria,53,2.6810592822153354,calibration,0.015430320432240737,0.4020006089763162,0.03104385834640208,0.0,0.18427522116824988,0.0,0.0,6,,0.13376175943077964,0.11022647674657007,0.06804273418485589,13.376175943077964,,calibrating
job_000008,Bulgaria,54,2.7316453064080775,calibration,0.0,0.08199331641470745,0.04087144742099831,0.0,0.02057439003601103,0.0,0.0,6,,0.03481585677966181,0.017442594971208873,0.018429714575355863,3.4815856779661813,,calibrating
job_000008,Bulgaria,55,2.78223133060082,calibration,0.0,0.0,0.04511662317668923,0.0,0.0,0.0,0.0,6,,0.011279155794172307,0.0,0.006767493476503384,1.1279155794172306,,calibrating
job_000008,Bulgaria,56,2.832817354793562,calibration,0.0,0.0,0.04526375544071022,0.0,0.16227377509297672,0.0,0.0,6,,0.011315938860177555,0.04056844377324418,0.006789563316106533,4.056844377324418,,calibrating
job_000008,Bulgaria,57,2.883403378986304,calibration,0.0,0.20156921181024237,0.05993886637495161,0.0,0.23816396308350285,0.0,0.0,6,,0.07545548013681061,0.08977637254241207,0.0392262117277791,8.977637254241207,,calibrating
job_000008,Bulgaria,58,2.933989403179046,calibration,0.0,0.042139992197678236,0.05312672956728443,0.0,0.24378887322306925,0.0,0.0,6,,0.025923680051124578,0.06726821713541904,0.0142900082647444,6.726821713541904,,calibrating
job_000008,Bulgaria,59,2.9845754273717886,calibration,0.0,0.09516629407528399,0.04829593615645278,0.3159643094603362,0.17627873226508525,0.0,0.0,6,,0.04062387226169839,0.16893213548868158,0.021519334534760515,16.893213548868157,,calibrating
job_000008,Bulgaria,60,3.0351614515645307,monitoring,0.0,0.18429347554346107,0.04529654302422791,0.41822636137641056,0.14797406015463982,0.0,0.0,6,,0.0666121784190953,0.21101676285192278,0.03443850278515335,21.101676285192276,21.101676285192276,normal
job_000008,Bulgaria,61,3.0857474757572727,monitoring,0.0,0.1897634006788473,0.05173317892254724,0.0,0.0,0.0,0.0,6,,0.069862314934291,0.028464510101827094,0.03622448694020918,6.9862314934291,19.407822910180695,normal
job_000008,Bulgaria,62,3.1363334999500148,monitoring,0.0,0.09322583563245068,0.05408791712679452,0.0,0.0,0.0,0.0,6,,0.04148972997143383,0.013983875344867601,0.02209706291388678,4.1489729971433835,17.576760920616216,normal
job_000008,Bulgaria,63,3.1869195241427573,monitoring,0.0,0.35431060859292574,0.021339235236486773,0.0,0.258580209384892,0.0,0.0,6,,0.11162799138699941,0.11779164363516187,0.05634747657441187,11.779164363516188,16.881049333764214,normal
job_000008,Bulgaria,64,3.2375055483354993,monitoring,0.0,0.21866232163378635,0.050486717564777156,0.0,0.16926489733260722,0.0,0.0,6,,0.07822037588133018,0.07511557257821976,0.04037235587978452,7.822037588133019,15.79396792428847,normal
job_000008,Bulgaria,65,3.2880915725282414,monitoring,0.08331773616805754,0.4566938823317228,0.046091429449226694,0.0,0.0,0.0,0.0,6,,0.17769222972064366,0.08933351639177281,0.09208134400075393,17.769222972064366,16.030998530021577,normal
job_000008,Bulgaria,66,3.338677596720984,monitoring,0.1524652584697934,0.5,0.002012544937270397,0.0,0.38144375543951864,0.0,0.0,6,,0.2038659766987453,0.20847725347732798,0.10579493343454924,20.847725347732798,16.609005748146924,normal
job_000008,Bulgaria,67,3.389263620913726,monitoring,0.1358203491278451,0.5,0.06402890375979213,0.6718813133392205,0.07409811168049633,0.0,0.0,6,,0.2135443481346938,0.3626380748708125,0.11176840538953785,36.26380748708125,18.967581956819043,normal
job_000008,Bulgaria,68,3.439849645106468,monitoring,0.1453678375004064,0.29685522397685665,0.06311520121598027,0.7063297901275561,0.1819997917143993,0.0,0.0,6,,0.15571411062219429,0.37358561744487456,0.08306913127900681,37.35856174448745,21.17449953133925,normal
job_000008,Bulgaria,69,3.49043566929921,monitoring,0.11670499342615942,0.266373640010623,0.0752558510477727,0.45481876516874337,0.12525876674254174,0.0,0.0,6,,0.13957280246428586,0.25963355385282894,0.07458542234399125,25.963355385282895,21.74916223381249,normal
job_000008,Bulgaria,70,3.5410216934919525,monitoring,0.004589124038783436,0.44003522566970277,0.09733500841531911,0.6949357567099032,0.0,0.0,0.0,6,,0.15795051321831483,0.31038007970861736,0.08152335992050996,31.038007970861734,22.8638237222584,normal
job_000008,Bulgaria,71,3.5916077176846946,monitoring,0.0,0.24968576945481163,0.10347798259214959,0.0,0.30813270672058346,0.0,0.0,6,,0.10077522648448088,0.1144860420983676,0.052974562807044184,11.44860420983676,21.4939973807678,normal
job_000008,Bulgaria,72,3.6421937418774366,monitoring,0.0,0.4096235692553605,0.11094414700365943,0.0,0.24111913131177004,0.0,0.0,6,,0.150623107527523,0.12172331821624657,0.07808515743885298,15.0623107527523,20.72219498540594,normal
job_000008,Bulgaria,73,3.692779766070179,monitoring,0.0,0.036513796155576345,0.12184101129462045,0.0,0.042066753494062095,0.0,0.0,6,,0.04141439167032802,0.015993757796851974,0.02375322111752952,4.141439167032802,18.732504287201166,normal
job_000008,Bulgaria,74,3.743365790262921,monitoring,0.0,0.4033243140782183,0.10925961162444302,0.7781459705711211,0.1372649615797356,0.0,0.0,6,,0.14831219712957622,0.367165977206559,0.07688758885539919,36.716597720655905,20.890595499215735,normal
job_000008,Bulgaria,75,3.793951814455663,monitoring,0.0,0.2330549559888672,0.11563127301704465,0.715560232837005,0.1562505640675337,0.0,0.0,6,,0.09882430505092132,0.32446696590816526,0.05230293435088677,32.44669659081653,22.27732763020783,normal
job_000008,Bulgaria,76,3.8445378386484053,monitoring,0.0,0.044393455298176863,0.1168089013648827,0.4297866197512348,0.0,0.0,0.0,6,,0.042520261930673736,0.1570843352076587,0.024180353499458934,15.708433520765869,21.489060337074793,normal
job_000008,Bulgaria,77,3.8951238628411478,monitoring,0.00411742643657166,0.4743351261901071,0.0903866144234553,0.64635699207108,0.25747882393189536,0.0,0.0,6,,0.16633829071569603,0.3627742787455108,0.0855317463793487,36.27742787455108,23.263664441571947,normal
job_000008,Bulgaria,78,3.94570988703389,monitoring,0.0849060204534772,0.48506304291195784,0.05864877300946988,0.0,0.1798027049427716,0.0,0.0,6,,0.18989821328467185,0.13893663778585588,0.09853797647890959,18.989821328467187,22.750803267999373,normal
job_000008,Bulgaria,79,3.996295911226632,monitoring,0.18780437251965398,0.47813468572099255,0.05645963543861793,0.0,0.018628369061001977,0.0,0.0,6,,0.22328684495783113,0.12332838825331287,0.11775002267787237,22.328684495783115,22.700149015333423,normal
job_000008,Bulgaria,80,4.046881935419374,monitoring,0.20156397117262212,0.4787561667201068,0.03530305944968447,0.0,0.0,0.0,0.0,6,,0.22300000478887091,0.12220441780117156,0.11742167815999312,22.300000478887092,22.652131190959864,normal
job_000008,Bulgaria,81,4.097467959612116,monitoring,0.20801541459572606,0.33076492994582957,0.041981602182643005,0.7639586913067461,0.0,0.0,0.0,6,,0.18253027463791374,0.3690041350981671,0.0975150627384161,36.90041350981671,24.361925069222686,normal
job_000008,Bulgaria,82,4.148053983804859,monitoring,0.2063773339283738,0.4080131392267986,0.06294855763623658,0.0,0.13612217182556863,0.0,0.0,6,,0.21037314805202956,0.1468268473225054,0.11191972131513005,21.037314805202957,23.96297183754032,normal
job_000008,Bulgaria,83,4.198640007997601,monitoring,0.20570566455135214,0.1821030778724546,0.07223818554446634,0.0,0.21493193724438464,0.0,0.0,6,,0.14468745234082622,0.1324748621298024,0.07929232242280856,14.468745234082622,22.823664645125397,normal
job_000008,Bulgaria,84,4.249226032190343,monitoring,0.25434276934596994,0.2031868219907475,0.056360370940359644,0.0,0.23411978367587277,0.0,0.0,6,,0.16406610860340362,0.1525936615540728,0.08980063280886007,16.40661086034036,22.053618190951195,normal
job_000008,Bulgaria,85,4.299812056383085,monitoring,0.3624454214622915,0.45438943368125917,0.060404547767922076,0.0,0.1368284852489275,0.0,0.0,6,,0.2782738645581603,0.1929768917299936,0.1497081815098355,27.82738645581603,22.746470382734977,normal
job_000008,Bulgaria,86,4.350398080575827,monitoring,0.43639693429976634,0.24129039973766772,0.058799194085835116,0.36588328885409693,0.0,0.0,0.0,6,,0.2398258454476773,0.27335194463452567,0.13229282593347869,27.335194463452567,23.29711727242109,normal
job_000008,Bulgaria,87,4.400984104768569,monitoring,0.5144712153568517,0.19133688991672781,0.06438149006233793,0.08098461686964807,0.0,0.0,0.0,6,,0.2535613648655009,0.1856629532310989,0.14125200006823022,25.356136486550092,23.54419957811657,normal
job_000008,Bulgaria,88,4.451570128961311,monitoring,0.5733283592570378,0.5,0.07251698105819972,1.0,0.1610982804218823,0.0,0.0,6,,0.36879417100451317,0.60860665991973,0.20054321901013755,60.86066599197299,28.022175547779337,normal
job_000008,Bulgaria,89,4.502156153154054,monitoring,0.5901328709482662,0.3618111565303167,0.06736810803753225,0.0,0.0,0.0,0.0,6,,0.3319318788003712,0.20180489121661405,0.18240346387483058,33.19318788003712,28.64269702765027,normal
job_000008,Bulgaria,90,4.552742177346796,monitoring,0.6069421083163112,0.025601949387417146,0.06041443484761323,0.49038524019032426,0.012025711141875712,0.0,0.0,6,,0.23521393143883737,0.3302170813392728,0.1342908792985168,33.02170813392728,29.168178360403513,normal
job_000008,Bulgaria,91,4.603328201539538,monitoring,0.702694958308778,0.2601251201296769,0.053250622411846235,0.0,0.2506661128582955,0.0,0.0,6,,0.337293427049937,0.2773590358112199,0.1875453530429841,33.7293427049937,29.715518081754333,normal
job_000008,Bulgaria,92,4.65391422573228,monitoring,0.6786730112953375,0.11137025983577035,0.05851432093187468,0.1267134046253011,0.06067301150922556,0.0,0.0,6,,0.2855752121370679,0.2458917362953617,0.16121728937421426,28.55752121370679,29.57655845758863,normal
job_000008,Bulgaria,93,4.704500249925022,monitoring,0.7706344171258069,0.5,0.04849240186393132,0.0,0.20612917130383457,0.0,0.0,6,,0.4318451464600152,0.31919089710741033,0.23640074370475112,43.18451464600152,31.209513200198174,normal
job_000008,Bulgaria,94,4.755086274117764,monitoring,0.843831622803605,0.14289712113808783,0.04500878166488734,0.6031421693208866,0.23891591993156114,0.0,0.0,6,,0.34946239973890997,0.503221213116815,0.1969522099811673,50.3221213116815,33.503026173576174,normal
job_000008,Bulgaria,95,4.8056722983105065,monitoring,0.9279573515895704,0.21935380539021976,0.05074096918357976,0.13885107600924665,0.0,0.0,0.0,6,,0.4032764569693105,0.3134902853091619,0.22610568650398402,40.32764569693105,34.32198051637876,normal
job_000008,Bulgaria,96,4.856258322503249,monitoring,0.8033143682986755,0.5,0.052940212565828926,0.0,0.1815347483399057,0.0,0.0,6,,0.44439508204599365,0.3212122791596453,0.24360390554460942,44.43950820459936,35.53608383896523,normal
job_000008,Bulgaria,97,4.9068443466959915,monitoring,0.8573637138675003,0.49971675378548014,0.03846951733840787,1.0,0.09098370383330402,0.0,0.0,6,,0.4596097053238711,0.6620443674930231,0.2522006834420833,66.2044367493023,39.21628618820568,normal
job_000008,Bulgaria,98,4.9574303708887335,monitoring,0.9420147909705248,0.1967780237413137,0.05364676903927386,0.0,0.12229302863281892,0.0,0.0,6,,0.4021502762218962,0.295593658462033,0.22596667711119311,40.215027622189616,39.33613516028375,normal
job_000008,Bulgaria,99,5.008016395081476,monitoring,0.9955264854775853,0.15994525446873584,0.05889718894746346,0.1298721579060438,0.1725404062149833,0.0,0.0,6,,0.4111421434946414,0.3614637663605678,0.23193166360794693,41.11421434946414,39.5495046629854,normal
job_000008,Bulgaria,100,5.058602419274218,monitoring,1.0,0.4667440081562938,0.05825082744473249,1.0,0.0,0.0,0.0,6,,0.5045859093080712,0.670011601223444,0.27874922534015395,67.0011601223444,42.84370331810848,watch
job_000008,Bulgaria,101,5.10918844346696,monitoring,0.9926229210364189,0.5,0.05706890398624757,0.0,0.0,0.0,0.0,6,,0.5116852483593085,0.3231557302591047,0.28208491980522094,51.16852483593085,43.84268190024717,watch
job_000008,Bulgaria,102,5.159774467659702,monitoring,0.9748197742308136,0.45082793131426696,0.05845235663961673,0.0,0.19102139667087276,0.0,0.0,6,,0.491048389534969,0.35908448242256163,0.27135599803924526,49.1048389534969,44.47414074663714,watch
job_000008,Bulgaria,103,5.210360491852445,monitoring,0.9856345817474945,0.5,0.06091493205733358,0.0,0.0,0.0,0.0,6,,0.5102008366259564,0.32140864543687364,0.28126415615809897,51.02008366259564,45.25965389655216,watch
job_000008,Bulgaria,104,5.260946516045187,monitoring,0.9553813230158849,0.5,0.11196547072275506,0.8715708955222715,0.12430865790750927,0.0,0.0,6,,0.5123748307362485,0.6499723086636436,0.2828710852115902,64.99723086636436,47.62816313292962,watch
job_000008,Bulgaria,105,5.311532540237929,monitoring,0.982881014100553,0.5,0.07407579690788688,0.41650162121929485,0.17337965660601498,0.0,0.0,6,,0.5125273041621652,0.5098407351033951,0.2826875723562936,51.25273041621652,48.06311120692405,watch
job_000008,Bulgaria,106,5.362118564430671,monitoring,0.9981613192316268,0.1971740336697571,0.07052435713950145,0.0,0.2516634894768487,0.0,0.0,6,,0.4261397611168718,0.3420323072275824,0.23978702246771416,42.61397611168718,47.409214995495624,watch
job_000008,Bulgaria,107,5.412704588623413,monitoring,0.9130644472924022,0.3068069011687735,0.07616011336174457,0.1390649604528851,0.2572968723802143,0.0,0.0,6,,0.43065465524340896,0.38728410125197993,0.24005794163805816,43.065465524340894,46.88796505895706,watch
job_000008,Bulgaria,108,5.463290612816155,monitoring,0.8618855513167477,0.5,0.11090325513726083,0.7244794724311482,0.026639976777097594,0.0,0.0,6,,0.47938575674517686,0.5506991973743631,0.2640125985339387,55.069919737436315,47.86979962037457,watch
job_000008,Bulgaria,109,5.513876637008897,monitoring,0.8713263814772053,0.5,0.16666062413820248,0.0,0.06334577812892606,0.0,0.0,6,,0.4966293895515725,0.3086680399015328,0.2742643699161715,49.66293895515725,48.084976340548494,watch
job_000008,Bulgaria,110,5.56446266120164,monitoring,0.8920101144295505,0.2841950274598833,0.18398663571059576,0.1501638091752906,0.09744855873410103,0.0,0.0,6,,0.44345870721595654,0.34255125562124705,0.24862927236148197,44.34587072159565,47.63628366627415,watch
job_000008,Bulgaria,111,5.615048685394382,monitoring,0.8365110643824136,0.31194724717449607,0.19012219186146728,0.0,0.0,0.0,0.0,6,,0.4338935946515604,0.2559198531717778,0.24261262873187722,43.38935946515604,47.12665276213998,watch
job_000008,Bulgaria,112,5.665634709587124,monitoring,0.8223426028381629,0.37211389025220065,0.14291766307268097,0.0,0.13250532164064635,0.0,0.0,6,,0.4351834938371874,0.2945290646575324,0.24172325356636484,43.51834938371874,46.693656356729434,watch
job_000008,Bulgaria,113,5.716220733779866,monitoring,0.8513197254401688,0.5,0.1244881772471437,0.0,0.0,0.0,0.0,6,,0.47908394821584493,0.2878299313600422,0.26393717167510533,47.908394821584494,46.83942497251205,watch
job_000008,Bulgaria,114,5.766806757972608,monitoring,0.7745326563163449,0.5,0.13690228169324653,1.0,0.11803530256165098,0.0,0.0,6,,0.4553120001340324,0.648141989719499,0.25044187351725594,64.81419897194989,48.99639785244459,watch
job_000008,Bulgaria,115,5.81739278216535,monitoring,0.7196206330673497,0.5,0.13988894283962852,0.5366965964283943,0.13394324850432834,0.0,0.0,6,,0.4368394572834795,0.4762347791428575,0.2399074680394142,47.62347791428575,48.83164745986552,watch
job_000008,Bulgaria,116,5.867978806358092,monitoring,0.6444350472003273,0.5,0.1329361806157866,0.0,0.2540697620999554,0.0,0.0,6,,0.4087863116740612,0.2996262023250707,0.22382743653243342,40.87863116740612,47.87728550477039,watch
job_000008,Bulgaria,117,5.918564830550834,monitoring,0.5538613198427736,0.5,0.21190691494120922,0.0,0.22624950303541333,0.0,0.0,6,,0.39682819068027303,0.2700277057195467,0.21755830120973613,39.6828190680273,46.893949532361226,watch
job_000008,Bulgaria,118,5.969150854743577,monitoring,0.469108379431194,0.5,0.2924109733400941,0.0,0.2743964556969304,0.0,0.0,6,,0.3872906761359414,0.2608762087820311,0.21268332188725292,38.72906761359414,45.91416370210918,watch
job_000008,Bulgaria,119,6.019736878936319,monitoring,0.2058472343529871,0.5,0.5410951610026314,1.0,0.24066453305938168,0.0,0.0,6,,0.3573203222742033,0.5366279418530921,0.19733372102099214,53.66279418530922,46.84399936009318,watch
job_000008,Bulgaria,120,6.070322903129061,monitoring,0.0,0.5,0.650028234918984,0.7442146658675787,0.01714996681181919,0.0,0.0,6,,0.312507058729746,0.3397626247566073,0.17250423523784758,33.97626247566073,45.29987093396128,watch
job_000008,Bulgaria,121,6.120908927321803,monitoring,0.0,0.5,0.6969164110516907,1.0,0.0,0.0,0.0,6,,0.32422910276292266,0.425,0.17953746165775358,42.5,44.96388642188593,watch
job_000008,Bulgaria,122,6.171494951514545,monitoring,0.0,0.5,0.7299342107333417,1.0,0.13126245165756814,0.0,0.0,6,,0.3324835526833354,0.45781561291439204,0.18449013161000127,45.7815612914392,45.062007406232325,watch
job_000008,Bulgaria,123,6.2220809757072875,monitoring,0.0,0.4452657487691331,0.748243634311243,1.0,0.13155450801065158,0.0,0.0,6,,0.32064063320855063,0.44967848931803284,0.1790264074620564,44.96784893180328,45.05070838930084,watch
job_000008,Bulgaria,124,6.2726669999000295,monitoring,0.0,0.30914007374869984,0.7513137915925816,1.0,0.027777469160717796,0.0,0.0,6,,0.28057047002275537,0.4033153783524844,0.15906807980119222,40.33153783524844,44.484407922814555,watch
job_000008,Bulgaria,125,6.3232530240927725,monitoring,0.0,0.5,0.9085122972002463,0.37792947402101285,0.09544972632529385,0.0,0.0,6,,0.37712807430006157,0.23113774748867794,0.21127684458003693,37.71280743000616,43.671815863677544,watch
job_000008,Bulgaria,126,6.3738390482855145,monitoring,0.0,0.5,0.7521229117357275,0.605626545034158,0.27255039102350065,0.0,0.0,6,,0.33803072793393185,0.35510688851783045,0.18781843676035914,35.510688851783044,42.6924806222502,watch
job_000008,Bulgaria,127,6.424425072478257,monitoring,0.0,0.3037299691464788,0.7131292416328421,1.0,0.2966019412806023,0.0,0.0,6,,0.26940130115215416,0.46970998069212233,0.15252888161689815,46.970998069212236,43.20590271588565,watch
job_000008,Bulgaria,128,6.475011096670999,monitoring,0.0,0.3936127530703809,0.6719247281960212,0.5473452421433633,0.19378986182404845,0.0,0.0,6,,0.2860650079701196,0.29906021316674636,0.1598306221899603,29.906021316674636,41.609916947980324,watch
job_000008,Bulgaria,129,6.525597120863741,monitoring,0.0,0.5,0.6654038778432616,1.0,0.22872013723277146,0.0,0.0,6,,0.3163509694608154,0.48218003430819284,0.17481058167648922,48.21800343081929,42.402887325921,watch
job_000008,Bulgaria,130,6.576183145056483,monitoring,0.0,0.5,0.704807674103671,1.0,0.20700529076505625,0.0,0.0,6,,0.32620191852591773,0.4767513226912641,0.18072115111555065,47.67513226912641,43.03555671910565,watch
job_000008,Bulgaria,131,6.626769169249225,monitoring,0.0,0.5,0.49738430448624754,1.0,0.2991197448789302,0.0,0.0,6,,0.27434607612156187,0.49977993621973255,0.1496076456729371,49.977993621973255,43.86864914744976,watch
job_000008,Bulgaria,132,6.677355193441968,monitoring,0.0,0.5,0.44682040491142405,1.0,0.25521285917493075,0.0,0.0,6,,0.261705101227856,0.4888032147937327,0.1420230607367136,48.880321479373265,44.470049827280576,watch
job_000008,Bulgaria,133,6.72794121763471,monitoring,0.0,0.5,0.7832004632725579,1.0,0.04132227780268225,0.0,0.0,6,,0.34580011581813946,0.43533056945067056,0.19248006949088367,43.53305694506705,44.357610681414954,watch
job_000008,Bulgaria,134,6.778527241827452,monitoring,0.0,0.5,0.9019671771555499,1.0,0.0,0.0,0.0,6,,0.37549179428888746,0.425,0.21029507657333246,42.5,44.13469739964516,watch
job_000008,Bulgaria,135,6.829113266020194,monitoring,0.0,0.47751276430976286,0.8272641830553199,0.7269958433241459,0.24446305307281652,0.0,0.0,6,,0.3500698750567588,0.3871912230781196,0.19571654210476241,38.71912230781196,43.48482838862518,watch
job_000008,Bulgaria,136,6.879699290212936,monitoring,0.0,0.29466521428114617,0.7993048376011236,0.37341023820546704,0.332835202226562,0.0,0.0,6,,0.28822577368462476,0.2581021660707259,0.16409550778234047,28.822577368462476,41.72535826620565,watch
job_000008,Bulgaria,137,6.930285314405678,monitoring,0.0,0.5,0.6507853241505929,0.0,0.24037132805425102,0.0,0.0,6,,0.3126963310376482,0.13509283201356276,0.1726177986225889,31.26963310376482,40.470671246712755,watch
job_000008,Bulgaria,138,6.98087133859842,monitoring,0.0,0.5,0.7731118183365366,0.0,0.29319812650685634,0.0,0.0,6,,0.3432779545841341,0.14829953162671408,0.1909667727504805,34.32779545841341,39.73352615211684,watch
job_000008,Bulgaria,139,7.031457362791163,monitoring,0.0,0.5,0.8744216537852693,0.0,0.2233427302020334,0.0,0.0,6,,0.3686054134463173,0.13083568255050834,0.2061632480677904,36.860541344631734,39.38876797521862,watch
job_000008,Bulgaria,140,7.082043386983905,monitoring,0.0,0.5,0.9213720521099809,0.0,0.28953639351477595,0.0,0.0,6,,0.3803430130274952,0.14738409837869398,0.21320580781649712,38.03430130274952,39.22623197452233,watch
job_000008,Bulgaria,141,7.132629411176647,monitoring,0.0,0.5,0.9665643319770805,1.0,0.11746785734011916,0.0,0.0,6,,0.39164108299427014,0.45436696433502977,0.21998464979656207,45.43669643350297,39.971487709600005,watch
job_000008,Bulgaria,142,7.183215435369389,monitoring,0.0,0.5,0.9846323274776922,0.0,0.03987380354824272,0.0,0.0,6,,0.39615808186942303,0.08496845088706068,0.22269484912165383,39.6158081869423,39.92880616688108,watch
job_000008,Bulgaria,143,7.233801459562131,monitoring,0.0,0.5,0.966412365936329,0.0,0.0,0.0,0.0,6,,0.39160309148408223,0.075,0.21996185489044934,39.160309148408224,39.83658652466434,watch
job_000008,Bulgaria,144,7.284387483754873,monitoring,0.0,0.46864880058441827,0.9565815482503626,0.0,0.04313291763796908,0.0,0.0,6,,0.3797400272379161,0.081080549497155,0.21378455232521712,37.974002723791614,39.61307646855961,watch
job_000008,Bulgaria,145,7.334973507947615,monitoring,0.0,0.5,0.8151682886383409,0.0,0.23353392470700296,0.0,0.0,6,,0.3537920721595852,0.13338348117675075,0.19727524329575113,35.379207215958516,39.10501215824748,watch
job_000008,Bulgaria,146,7.385559532140358,monitoring,0.0,0.5,0.893550037686397,0.0,0.19438045073298058,0.0,0.0,6,,0.37338750942159926,0.12359511268324513,0.20903250565295955,37.338750942159926,38.893060812316975,watch
job_000008,Bulgaria,147,7.4361455563331,monitoring,0.0,0.5,1.0,0.0,0.17701562747988334,0.0,0.0,6,,0.4,0.11925390686997084,0.22499999999999998,40.0,39.025893514838934,watch
job_000008,Bulgaria,148,7.486731580525842,monitoring,0.0,0.5,1.0,0.0,0.21316461622697347,0.0,0.0,6,,0.4,0.12829115405674335,0.22499999999999998,40.0,39.14278629305826,watch
job_000008,Bulgaria,149,7.537317604718584,monitoring,0.0,0.5,1.0,0.0,0.06569792193368994,0.0,0.0,6,,0.4,0.09142448048342249,0.22499999999999998,40.0,39.24565193789127,watch
job_000008,Bulgaria,150,7.587903628911326,monitoring,0.0,0.2333355322773083,1.0,0.2642182928211555,0.02094946477865973,0.0,0.0,6,,0.32000065968319247,0.1327140985236656,0.18500032984159623,32.00006596831925,38.37618162154263,watch
job_000008,Bulgaria,151,7.6384896531040685,monitoring,0.0,0.40751673458446286,1.0,0.0,0.1514788542610467,0.0,0.0,6,,0.37225502037533886,0.0989972237529311,0.21112751018766943,37.225502037533886,38.23810007146158,watch
job_000008,Bulgaria,152,7.6890756772968105,monitoring,0.0,0.1311127535618848,1.0,0.0,0.14622751571533085,0.0,0.0,6,,0.28933382606856545,0.05622379196311543,0.16966691303428272,28.933382606856544,37.12153397570898,watch
job_000008,Bulgaria,153,7.7396617014895535,monitoring,0.0,0.21201843960672967,1.0,0.0,0.18265676401007344,0.0,0.0,6,,0.3136055318820189,0.07746695694352781,0.18180276594100944,31.36055318820189,36.430216281208125,watch
job_000008,Bulgaria,154,7.7902477256822955,monitoring,0.0,0.5,1.0,0.0,0.0,0.0,0.0,6,,0.4,0.075,0.22499999999999998,40.0,36.85859032746315,watch
job_000008,Bulgaria,155,7.840833749875038,monitoring,0.0,0.5,0.9848133368583678,0.0,0.2656334570417425,0.0,0.0,6,,0.396203334214592,0.14140836426043563,0.22272200052875518,39.6203334214592,37.18999949874267,watch
job_000008,Bulgaria,156,7.89141977406778,monitoring,0.0,0.5,1.0,0.39530723095332004,0.0,0.0,0.0,6,,0.4,0.213357530833662,0.22499999999999998,40.0,37.52719955889355,watch
job_000008,Bulgaria,157,7.942005798260522,monitoring,0.0,0.5,1.0,0.0,0.27541993775482054,0.0,0.0,6,,0.4,0.14385498443870515,0.22499999999999998,40.0,37.82393561182632,watch
job_000008,Bulgaria,158,7.992591822453264,monitoring,0.0,0.5,1.0,0.0,0.2705993715408104,0.0,0.0,6,,0.4,0.1426498428852026,0.22499999999999998,40.0,38.08506333840716,watch
job_000008,Bulgaria,159,8.043177846646007,monitoring,0.0,0.5,0.9982304924635637,0.0,0.333522735635205,0.0,0.0,6,,0.39955762311589094,0.15838068390880125,0.22473457386953455,39.95576231158909,38.30954721518899,watch
job_000008,Bulgaria,160,8.093763870838748,monitoring,0.0,0.5,1.0,0.0,0.2762074868364857,0.0,0.0,6,,0.4,0.14405187170912143,0.22499999999999998,40.0,38.51240154936631,watch
job_000008,Bulgaria,161,8.14434989503149,monitoring,0.0,0.5,1.0,0.0,0.3699428323162721,0.0,0.0,6,,0.4,0.16748570807906804,0.22499999999999998,40.0,38.69091336344235,watch
job_000008,Bulgaria,162,8.194935919224232,monitoring,0.0,0.34800181701531663,1.0,1.0,0.19203650499768915,0.0,0.0,6,,0.35440054510459496,0.45020939880171973,0.2022002725522975,45.02093988017197,39.4505165454499,watch
job_000008,Bulgaria,163,8.245521943416975,monitoring,0.0,0.20145714237474704,1.0,0.0,0.12283899263063484,0.0,0.0,6,,0.3104371427124241,0.06092831951387077,0.18021857135621205,31.04371427124241,38.441700272545,watch
job_000008,Bulgaria,164,8.296107967609718,monitoring,0.0,0.5,1.0,1.0,0.3056678267689622,0.0,0.0,6,,0.4,0.5014169566922405,0.22499999999999998,50.14169566922405,39.845699720146484,watch
job_000008,Bulgaria,165,8.346693991802459,monitoring,0.0,0.5,1.0,1.0,0.2556862826477163,0.0,0.0,6,,0.4,0.4889215706619291,0.22499999999999998,48.89215706619291,40.93127460167206,watch
job_000008,Bulgaria,166,8.397280015995202,monitoring,0.0,0.5,1.0,0.8008585487792604,0.17636845622469513,0.0,0.0,6,,0.4,0.399392606128915,0.22499999999999998,40.0,40.81952164947141,watch
job_000008,Bulgaria,167,8.447866040187943,monitoring,0.0,0.32594202434827557,1.0,0.5531081655895945,0.3393213502132144,0.0,0.0,6,,0.3477826073044827,0.327309499161903,0.19889130365224134,34.77826073044827,40.094570339188635,watch
job_000008,Bulgaria,168,8.498452064380686,monitoring,0.0,0.3686332647602101,1.0,0.18234304450570119,0.35910507290341515,0.0,0.0,6,,0.36058997942806303,0.20889132351688072,0.2052949897140315,36.0589979428063,39.610301651622756,watch
job_000008,Bulgaria,169,8.549038088573427,monitoring,0.0,0.5,1.0,0.0421982102842152,0.3495480757620966,0.0,0.0,6,,0.4,0.17715639253999949,0.22499999999999998,40.0,39.657065453428025,watch
job_000008,Bulgaria,170,8.59962411276617,monitoring,0.0,0.5,1.0,0.05036908345777032,0.36299418426345065,0.0,0.0,6,,0.4,0.18337772527608226,0.22499999999999998,40.0,39.69821759901666,watch
job_000008,Bulgaria,171,8.650210136958913,monitoring,0.0,0.5,1.0,0.0,0.3821623668738502,0.0,0.0,6,,0.4,0.17054059171846253,0.22499999999999998,40.0,39.73443148713466,watch
job_000008,Bulgaria,172,8.700796161151654,monitoring,0.0,0.5,1.0,0.0,0.3909447805349497,0.0,0.0,6,,0.4,0.17273619513373742,0.22499999999999998,40.0,39.766299708678496,watch
job_000008,Bulgaria,173,8.751382185344397,monitoring,0.0,0.5,1.0,0.0,0.38981368362048563,0.0,0.0,6,,0.4,0.1724534209051214,0.22499999999999998,40.0,39.79434374363707,watch
job_000008,Bulgaria,174,8.801968209537138,monitoring,0.0,0.5,1.0,0.0,0.407679250066584,0.0,0.0,6,,0.4,0.176919812516646,0.22499999999999998,40.0,39.81902249440062,watch
job_000008,Bulgaria,175,8.852554233729881,monitoring,0.0,0.5,1.0,0.0,0.405845928051191,0.0,0.0,6,,0.4,0.17646148201279777,0.22499999999999998,40.0,39.840739795072544,watch
job_000008,Bulgaria,176,8.903140257922622,monitoring,0.0,0.5,1.0,0.0,0.3948930217952713,0.0,0.0,6,,0.4,0.17372325544881784,0.22499999999999998,40.0,39.859851019663836,watch
job_000008,Bulgaria,177,8.953726282115365,monitoring,0.0,0.5,1.0,0.0,0.40538069431945095,0.0,0.0,6,,0.4,0.17634517357986274,0.22499999999999998,40.0,39.87666889730417,watch
job_000008,Bulgaria,178,9.004312306308108,monitoring,0.0,0.5,1.0,0.0,0.3910374276959375,0.0,0.0,6,,0.4,0.17275935692398436,0.22499999999999998,40.0,39.89146862962767,watch
job_000008,Bulgaria,179,9.05489833050085,monitoring,0.0,0.5,1.0,1.0,0.3859858704631318,0.0,0.0,6,,0.4,0.5214964676157829,0.22499999999999998,52.149646761578296,41.36245000546174,watch
job_000008,Bulgaria,180,9.105484354693592,monitoring,0.0,0.5,1.0,0.4438335451607952,0.24913950949153146,0.0,0.0,6,,0.4,0.29262661817916114,0.22499999999999998,40.0,41.19895600480633,watch
job_000008,Bulgaria,181,9.156070378886334,monitoring,0.0,0.5,1.0,0.0,0.3110481504693667,0.0,0.0,6,,0.4,0.15276203761734167,0.22499999999999998,40.0,41.055081284229566,watch
job_000008,Bulgaria,182,9.206656403079077,monitoring,0.0,0.5,1.0,0.0,0.406451473138131,0.0,0.0,6,,0.4,0.17661286828453276,0.22499999999999998,40.0,40.92847153012202,watch
job_000008,Bulgaria,183,9.257242427271818,monitoring,0.0,0.5,1.0,0.0,0.424019715572137,0.0,0.0,6,,0.4,0.18100492889303427,0.22499999999999998,40.0,40.817054946507376,watch
job_000008,Bulgaria,184,9.30782845146456,monitoring,0.0,0.5,1.0,0.0,0.42944623161119594,0.0,0.0,6,,0.4,0.18236155790279898,0.22499999999999998,40.0,40.71900835292649,watch
job_000008,Bulgaria,185,9.358414475657304,monitoring,0.0,0.5,1.0,0.0,0.42702368069373947,0.0,0.0,6,,0.4,0.18175592017343487,0.22499999999999998,40.0,40.63272735057531,watch
job_000008,Bulgaria,186,9.409000499850045,monitoring,0.3544715273083883,0.5,1.0,0.0,0.430729423827011,0.0,0.0,6,,0.5240650345579358,0.2713002377838498,0.29589430546167766,52.40650345579358,42.045580483201505,watch
job_000008,Bulgaria,187,9.459586524042788,monitoring,0.0,0.23538922853997055,1.0,0.0,0.18089729183991424,1.0,0.0,6,,0.42061676856199115,0.08053270724097414,0.38530838428099556,42.061676856199114,42.04751204796122,watch
job_000008,Bulgaria,188,9.510172548235529,monitoring,0.0,0.5,1.0,0.0,0.24415097189195992,1.0,0.0,6,,0.5,0.13603774297298998,0.425,50.0,43.00181060220587,watch
job_000008,Bulgaria,189,9.560758572428272,monitoring,0.0,0.5,1.0,0.0,0.10221000979858319,1.0,0.0,6,,0.5,0.1005525024496458,0.425,50.0,43.84159332994117,watch
job_000008,Bulgaria,190,9.611344596621013,monitoring,0.0,0.13502417754341142,1.0,0.0,0.04221142948973272,1.0,0.0,6,,0.3905072532630234,0.03080648400394489,0.37025362663151173,39.05072532630234,43.26668916950452,watch
job_000008,Bulgaria,191,9.661930620813756,monitoring,0.0,0.019975735421489577,1.0,0.11675371761439732,0.0,1.0,0.0,6,,0.3559927206264468,0.043860161478262494,0.35299636031322346,35.59927206264468,42.34659911668133,watch
job_000008,Bulgaria,192,9.712516645006499,monitoring,0.0,0.38135347218872184,1.0,0.0,0.2546119951386172,1.0,0.0,6,,0.4644060416566166,0.12085601961296258,0.4072030208283083,46.44060416566166,42.837879722558974,watch
job_000008,Bulgaria,193,9.76310266919924,monitoring,0.0,0.5,1.0,0.009114288333831539,0.3851840438107591,1.0,0.0,6,,0.5,0.1744860118695308,0.425,50.0,43.6973341558519,watch
job_000008,Bulgaria,194,9.813688693391983,monitoring,0.0,0.25200488054805065,1.0,0.0,0.3026497117462434,1.0,0.0,6,,0.42560146416441524,0.11346316001876844,0.3878007320822076,42.560146416441526,43.56087162712265,watch
job_000008,Bulgaria,195,9.864274717584724,monitoring,0.0,0.3093843021211908,1.0,0.03090843199320919,0.158153556245431,1.0,0.0,6,,0.4428152906363573,0.09676398557715958,0.3964076453181786,44.28152906363573,43.64735051950422,watch
job_000008,Bulgaria,196,9.914860741777467,monitoring,0.0,0.07295286976853238,1.0,0.0991720851472137,0.25067118151827733,1.0,0.0,6,,0.37188586093055975,0.10832095564637398,0.36094293046527987,37.188586093055974,42.87229878833043,watch
job_000008,Bulgaria,197,9.965446765970208,monitoring,0.0,0.0,1.0,0.17765385512805504,0.276210339595063,1.0,0.0,6,,0.35,0.13123143419358502,0.35,35.0,41.92762293373078,watch
job_000008,Bulgaria,198,10.016032790162951,monitoring,0.0,0.5,1.0,0.0,0.252504709913653,1.0,0.0,6,,0.5,0.13812617747841324,0.425,50.0,42.89630818168309,watch
job_000008,Bulgaria,199,10.066618814355694,monitoring,0.0,0.5,1.0,0.0,0.255914745930848,1.0,0.0,6,,0.5,0.138978686482712,0.425,50.0,43.74875119988112,watch
job_000008,Bulgaria,200,10.117204838548435,monitoring,0.0,0.35477976538118416,1.0,0.0,0.27791300783424083,1.0,0.0,6,,0.45643392961435525,0.12269521676573783,0.4032169648071776,45.643392961435524,43.97610821126765,watch
job_000008,Bulgaria,201,10.167790862741178,monitoring,0.0,0.30058174403976473,1.0,0.0,0.006488362699444207,1.0,0.0,6,,0.4401745232119294,0.046709352280825754,0.39508726160596475,44.01745232119294,43.98106950445869,watch
job_000008,Bulgaria,202,10.21837688693392,monitoring,0.0,0.5,1.0,0.0,0.20012371420481714,1.0,0.0,6,,0.5,0.1250309285512043,0.425,50.0,44.703341163923646,watch
job_000008,Bulgaria,203,10.268962911126662,monitoring,0.0,0.43638529830340816,1.0,0.0,0.06944054033623975,1.0,0.0,6,,0.4809155894910224,0.08281792982957116,0.41545779474551126,48.09155894910224,45.10992729814508,watch
job_000008,Bulgaria,204,10.319548935319403,monitoring,0.0,0.07978902638305953,1.0,0.10654627626256681,0.19603225304300825,1.0,0.0,6,,0.37393670791491784,0.09826761391010938,0.36196835395745897,37.393670791491786,44.183976517346686,watch
job_000008,Bulgaria,205,10.370134959512146,monitoring,0.0,0.5,1.0,0.0,0.3388922917470322,1.0,0.0,6,,0.5,0.15972307293675805,0.425,50.0,44.88189933526508,watch
job_000008,Bulgaria,206,10.42072098370489,monitoring,0.0,0.5,1.0,0.0,0.2910583603630222,1.0,0.0,6,,0.5,0.14776459009075554,0.425,50.0,45.49607141503327,watch
job_000008,Bulgaria,207,10.47130700789763,monitoring,0.0,0.5,1.0,0.0,0.2868805647445531,1.0,0.0,6,,0.5,0.14672014118613827,0.425,50.0,46.03654284522928,watch
job_000008,Bulgaria,208,10.521893032090373,monitoring,0.0,0.12573143941159232,1.0,0.06598191878654781,0.0,1.0,0.0,6,,0.3877194318234777,0.04195338748703058,0.36885971591173883,38.77194318234777,45.164790885683495,watch
job_000008,Bulgaria,209,10.572479056283115,monitoring,0.0,0.5,1.0,0.0,0.2777397380471223,1.0,0.0,6,,0.5,0.14443493451178058,0.425,50.0,45.74501597940147,watch
job_000008,Bulgaria,210,10.623065080475858,monitoring,0.0,0.35711914227616787,1.0,0.0,0.17305069335560452,1.0,0.0,6,,0.4571357426828504,0.09683054468032631,0.4035678713414252,45.71357426828504,45.741242974067504,watch
job_000008,Bulgaria,211,10.673651104668599,monitoring,0.0,0.5,1.0,0.0,0.27804722639870344,1.0,0.0,6,,0.5,0.14451180659967586,0.425,50.0,46.25229381717941,watch
job_000008,Bulgaria,212,10.724237128861342,monitoring,0.0,0.16168878012317736,1.0,0.0,0.2763559008106879,1.0,0.0,6,,0.3985066340369532,0.09334229222114858,0.37425331701847664,39.85066340369532,45.48409816756132,watch
job_000008,Bulgaria,213,10.774823153054085,monitoring,0.0,0.5,1.0,0.0,0.24661416664127478,1.0,0.0,6,,0.5,0.13665354166031868,0.425,50.0,46.02600638745396,watch
job_000008,Bulgaria,214,10.825409177246826,monitoring,0.0,0.5,1.0,0.0,0.2732698893843002,1.0,0.0,6,,0.5,0.14331747234607506,0.425,50.0,46.50288562095949,watch
job_000008,Bulgaria,215,10.875995201439569,monitoring,0.0,0.5,1.0,0.0,0.274623893415205,1.0,0.0,6,,0.5,0.14365597335380126,0.425,50.0,46.92253934644435,watch
job_000008,Bulgaria,216,10.92658122563231,monitoring,0.0,0.5,1.0,0.0,0.23031824642879226,1.0,0.0,6,,0.5,0.13257956160719805,0.425,50.0,47.29183462487103,watch
job_000008,Bulgaria,217,10.977167249825053,monitoring,0.0,0.5,1.0,0.0,0.2272138940267216,1.0,0.0,6,,0.5,0.1318034735066804,0.425,50.0,47.616814469886506,watch
job_000008,Bulgaria,218,11.027753274017794,monitoring,0.0,0.2742804102675251,1.0,0.0,0.18519905428165315,1.0,0.0,6,,0.43228412308025754,0.08744182511054205,0.39114206154012876,43.22841230802575,47.090206210463215,watch
job_000008,Bulgaria,219,11.078339298210537,monitoring,0.0,0.5,1.0,0.3385459074014714,0.27365447188137737,1.0,0.0,6,,0.5,0.26190468556085933,0.425,50.0,47.43938146520763,watch
job_000008,Bulgaria,220,11.12892532240328,monitoring,0.0,0.4824496655701235,1.0,0.25483083210078467,0.2776930090914012,1.0,0.0,6,,0.494734899671037,0.23098149334364343,0.42236744983551855,49.4734899671037,47.683474485435156,watch
job_000008,Bulgaria,221,11.179511346596021,monitoring,0.0,0.26894982368843723,1.0,0.02339304340013858,0.3691030838324703,1.0,0.0,6,,0.43068494710653116,0.14080580970143167,0.39034247355326557,43.06849471065311,47.12967691246131,watch
job_000008,Bulgaria,222,11.230097370788764,monitoring,0.0,0.031358643691573304,1.0,0.12027764504603854,0.30527955710335697,1.0,0.0,6,,0.35940759310747195,0.12312086159568872,0.35470379655373596,35.9407593107472,45.787006800255625,watch
job_000008,Bulgaria,223,11.280683394981505,monitoring,0.0,0.0,1.0,0.24442881589620513,0.2928229129554459,1.0,0.0,6,,0.35,0.15875581380253326,0.35,35.0,44.49256598422495,watch
job_000008,Bulgaria,224,11.331269419174248,monitoring,0.0,0.04136917968177263,1.0,0.150057116915813,0.10491067327975401,1.0,0.0,6,,0.3624107539045318,0.08495303619273895,0.3562053769522659,36.24107539045318,43.502387112972336,watch
job_000008,Bulgaria,225,11.38185544336699,monitoring,0.0,0.0,1.0,0.0,0.1774357214530707,1.0,0.0,6,,0.35,0.04435893036326768,0.35,35.0,42.48210065941566,watch
job_000008,Bulgaria,226,11.432441467559732,monitoring,0.0,0.0,1.0,0.3008532943625379,0.0,1.0,0.0,6,,0.35,0.10529865302688825,0.35,35.0,41.58424858028578,watch
job_000008,Bulgaria,227,11.483027491752475,monitoring,0.0,0.38071003275391346,1.0,0.025716891214607948,0.19691035170713572,1.0,0.0,6,,0.4642130098261741,0.11533500476498373,0.40710650491308703,46.42130098261741,42.164694868565576,watch
job_000008,Bulgaria,228,11.533613515945216,monitoring,0.0,0.04444742299659927,1.0,0.0,0.27600873057438047,1.0,0.0,6,,0.36333422689897976,0.07566929609308501,0.35666711344948987,36.33342268989798,41.46494220712546,watch
job_000008,Bulgaria,229,11.58419954013796,monitoring,0.0,0.5,1.0,0.0,0.2658707059266237,1.0,0.0,6,,0.5,0.14146767648165592,0.425,50.0,42.489149142270406,watch
job_000008,Bulgaria,230,11.6347855643307,monitoring,0.0,0.0,1.0,0.0,0.1678630682564324,1.0,0.0,6,,0.35,0.0419657670641081,0.35,35.0,41.59045124519796,watch
job_000008,Bulgaria,231,11.685371588523443,monitoring,0.0,0.21107740574737174,1.0,0.4952962919763453,0.27756190088577903,1.0,0.0,6,,0.41332322172421154,0.27440578827527135,0.38166161086210576,41.33232217242116,41.55947575646475,watch
job_000008,Bulgaria,232,11.735957612716184,monitoring,0.0,0.12084452217714249,1.0,0.0,0.2106691874981932,1.0,0.0,6,,0.38625335665314275,0.07079397520111967,0.36812667832657137,38.625335665314275,41.20737894552669,watch
job_000008,Bulgaria,233,11.786543636908927,monitoring,0.0,0.38768761229589876,1.0,0.0,0.2521724989358391,1.0,0.0,6,,0.4663062836887696,0.12119626657834459,0.4081531418443848,46.630628368876955,41.858168876328726,watch
job_000008,Bulgaria,234,11.837129661101669,monitoring,0.0,0.18810513883879562,1.0,0.0,0.21676733415014565,1.0,0.0,6,,0.40643154165163864,0.08240760436335576,0.37821577082581936,40.643154165163864,41.71236711098894,watch
job_000008,Bulgaria,235,11.887715685294411,monitoring,0.0,0.24943159021090386,1.0,0.0,0.23664199328969376,1.0,0.0,6,,0.4248294770632711,0.09657523685405903,0.38741473853163555,42.48294770632711,41.80483678242952,watch
job_000008,Bulgaria,236,11.938301709487154,monitoring,0.0,0.1389361982038864,1.0,0.0,0.1358955904135904,1.0,0.0,6,,0.39168085946116593,0.05481432733398056,0.37084042973058295,39.16808594611659,41.48842668207197,watch
job_000008,Bulgaria,237,11.988887733679896,monitoring,0.0,0.5,1.0,0.0,0.0707369642377464,1.0,0.0,6,,0.5,0.0926842410594366,0.425,50.0,42.50981548022333,watch
job_000008,Bulgaria,238,12.039473757872639,monitoring,0.0,0.3093688683232422,1.0,0.0,0.051902405359403124,1.0,0.0,6,,0.4428106604969726,0.059380931588337106,0.39640533024848634,44.28106604969726,42.7223655485602,watch
job_000008,Bulgaria,239,12.09005978206538,monitoring,0.0,0.2522704608766162,1.0,0.0,0.27770223866265253,1.0,0.0,6,,0.4256811382629848,0.10726612879715555,0.38784056913149245,42.56811382629848,42.70385534188879,watch
job_000008,Bulgaria,240,12.140645806258123,monitoring,0.0,0.5,1.0,0.0,0.27158342016574993,1.0,0.0,6,,0.5,0.14289585504143748,0.425,50.0,43.57939270086214,watch
job_000008,Bulgaria,241,12.191231830450864,monitoring,0.0,0.5,1.0,0.0,0.26228749801889906,1.0,0.0,6,,0.5,0.14057187450472475,0.425,50.0,44.34986557675868,watch
job_000008,Bulgaria,242,12.241817854643607,monitoring,0.0,0.5,1.0,0.0,0.12974754842232647,1.0,0.0,6,,0.5,0.10743688710558161,0.425,50.0,45.02788170754764,watch
job_000008,Bulgaria,243,12.29240387883635,monitoring,0.0,0.35546032134699945,1.0,0.03843533968418904,0.268929156593091,1.0,0.0,6,,0.4566380964040998,0.13400370623978886,0.4033190482020499,45.66380964040998,45.104193059491124,watch
job_000008,Bulgaria,244,12.34298990302909,monitoring,0.0,0.1374447934536263,1.0,0.6118129046870783,0.0,1.0,0.0,6,,0.3912334380360879,0.23475123565852135,0.37061671901804394,39.12334380360879,44.38649114878524,watch
job_000008,Bulgaria,245,12.393575927221834,monitoring,0.0,0.3298912095792874,1.0,0.0,0.21958695790576382,1.0,0.0,6,,0.44896736287378625,0.10438042091333408,0.3994836814368931,44.89673628737862,44.44772056541645,watch
job_000008,Bulgaria,246,12.444161951414575,monitoring,0.0,0.0393705072616155,1.0,0.0,0.2765832000790103,1.0,0.0,6,,0.3618111521784847,0.0750513761089949,0.35590557608924234,36.18111521784847,43.455727923708295,watch
job_000008,Bulgaria,247,12.494747975607318,monitoring,0.0,0.21227935857963987,1.0,0.0,0.22336589090334916,1.0,0.0,6,,0.413683807573892,0.08768337651278327,0.381841903786946,41.368380757389204,43.20524626375,watch
job_000008,Bulgaria,248,12.545333999800059,monitoring,0.0,0.008179860960630028,1.0,0.0,0.29910386160750324,1.0,0.0,6,,0.35245395828818904,0.07600294454597031,0.3512269791440945,35.24539582881891,42.25006421155827,watch
job_000008,Bulgaria,249,12.595920023992802,monitoring,0.0,0.19487266744669995,1.0,0.0,0.2663105493469749,1.0,0.0,6,,0.40846180023401,0.09580853745374872,0.379230900117005,40.846180023401004,42.0815981089794,watch
job_000008,Bulgaria,250,12.646506048185545,monitoring,0.0,0.11399304437986289,1.0,0.41695592777517276,0.20048334040043866,1.0,0.0,6,,0.3841979133139589,0.21315436647839958,0.36709895665697945,38.41979133139589,41.642181295669374,watch
job_000008,Bulgaria,251,12.697092072378286,monitoring,0.0,0.0,1.0,0.0,0.16176783034657582,1.0,0.0,6,,0.35,0.040441957586643956,0.35,35.0,40.84511954018905,watch
job_000008,Bulgaria,252,12.747678096571029,monitoring,0.0,0.19467860649178445,1.0,0.0,0.04079724103231283,1.0,0.0,6,,0.40840358194753534,0.03940110123184587,0.37920179097376766,40.840358194753534,40.844548178736794,watch
job_000008,Bulgaria,253,12.79826412076377,monitoring,0.0,0.12036395934803162,1.0,0.0,0.0,1.0,0.0,6,,0.3861091878044095,0.018054593902204742,0.36805459390220474,38.61091878044095,40.5765126509413,watch
job_000008,Bulgaria,254,12.848850144956513,monitoring,0.0,0.22507943395817656,1.0,0.0,0.19364493139008399,1.0,0.0,6,,0.417523830187453,0.08217314794124747,0.3837619150937265,41.7523830187453,40.71761709507778,watch
job_000008,Bulgaria,255,12.899436169149254,monitoring,0.0,0.04962830338534703,1.0,0.0,0.20672591699635384,1.0,0.0,6,,0.36488849101560417,0.05912572475689051,0.35744424550780207,36.48884910156042,40.210164935855694,watch
job_000008,Bulgaria,256,12.950022193341997,monitoring,0.0,0.0,1.0,0.01988896714446031,0.21580578998567912,1.0,0.0,6,,0.35,0.060912585996980885,0.35,35.0,39.584945143553014,watch
job_000008,Bulgaria,257,13.00060821753474,monitoring,0.0,0.10016075021134625,1.0,0.00286399039694676,0.0,1.0,0.0,6,,0.38004822506340386,0.016026509170633304,0.36502411253170197,38.00482250634039,39.3953304270875,watch
job_000008,Bulgaria,258,13.051194241727481,monitoring,0.0,0.0,1.0,0.0,0.0,1.0,0.0,6,,0.35,0.0,0.35,35.0,38.867890775837004,watch
job_000008,Bulgaria,259,13.101780265920224,monitoring,0.0,0.0,1.0,0.0025707741551395233,0.22768952232096315,1.0,0.0,6,,0.35,0.05782215153453962,0.35,35.0,38.40374388273657,watch
job_000008,Bulgaria,260,13.152366290112965,monitoring,0.0,0.0,1.0,0.0,0.13042759751923913,1.0,0.0,6,,0.35,0.03260689937980978,0.35,35.0,37.99529461680819,watch
job_000008,Bulgaria,261,13.202952314305708,monitoring,0.0,0.23333902428310832,1.0,0.44471195448960643,0.2574509679844303,1.0,0.0,6,,0.42000170728493247,0.2550127797099361,0.3850008536424663,42.000170728493245,38.475879750210396,watch
job_000008,Bulgaria,262,13.25353833849845,monitoring,0.0,0.060085821522714675,1.0,0.11466205356999185,0.2102884198314019,1.0,0.0,6,,0.3680257464568144,0.10171669693575482,0.3590128732284072,36.80257464568144,38.275083137666925,watch
job_000008,Bulgaria,263,13.304124362691192,monitoring,0.0,0.0,1.0,0.029684033123218115,0.08644765774269536,1.0,0.0,6,,0.35,0.03200132602880018,0.35,35.0,37.8820731611469,watch
job_000008,Bulgaria,264,13.354710386883935,monitoring,0.0,0.0,1.0,0.0,0.0,1.0,0.0,6,,0.35,0.0,0.35,35.0,37.53622438180928,watch
job_000008,Bulgaria,265,13.405296411076677,monitoring,0.0,0.0,1.0,0.0,0.15970399533289878,1.0,0.0,6,,0.35,0.039925998833224695,0.35,35.0,37.23187745599217,watch
job_000008,Bulgaria,266,13.45588243526942,monitoring,0.0,0.0,1.0,0.0,0.2616574108946577,1.0,0.0,6,,0.35,0.06541435272366443,0.35,35.0,36.96405216127311,watch
job_000008,Bulgaria,267,13.50646845946216,monitoring,0.0,0.0,1.0,0.011815959435194675,0.09718812112107411,1.0,0.0,6,,0.35,0.028432616082586664,0.35,35.0,36.72836590192034,watch
job_000008,Bulgaria,268,13.557054483654904,monitoring,0.0,0.0,1.0,0.03205658193391135,0.18518471372854647,1.0,0.0,6,,0.35,0.05751598210900559,0.35,35.0,36.5209619936899,watch
job_000008,Bulgaria,269,13.607640507847645,monitoring,0.0,0.0,1.0,0.028723990259675775,0.0,1.0,0.0,6,,0.35,0.010053396590886521,0.35,35.0,36.33844655444712,watch
job_000008,Bulgaria,270,13.658226532040388,monitoring,0.0,0.0,1.0,0.0,0.0,1.0,0.0,6,,0.35,0.0,0.35,35.0,36.17783296791347,watch
job_000008,Bulgaria,271,13.70881255623313,monitoring,0.0,0.0,1.0,0.07249707265456455,0.0,1.0,0.0,6,,0.35,0.02537397542909759,0.35,35.0,36.03649301176385,watch
job_000008,Bulgaria,272,13.759398580425872,monitoring,0.0,0.0,1.0,0.0,0.25233098058091646,1.0,0.0,6,,0.35,0.06308274514522912,0.35,35.0,35.91211385035219,watch
job_000008,Bulgaria,273,13.809984604618615,monitoring,0.0,0.0,1.0,0.07825614251469594,0.2779877215409833,1.0,0.0,6,,0.35,0.0968865802653894,0.35,35.0,35.80266018830993,watch
job_000008,Bulgaria,274,13.860570628811356,monitoring,0.0,0.0,1.0,0.0,0.01730775328370835,1.0,0.0,6,,0.35,0.004326938320927088,0.35,35.0,35.70634096571274,watch
job_000008,Bulgaria,275,13.911156653004099,monitoring,0.0,0.0,1.0,0.0,0.025493409163167773,1.0,0.0,6,,0.35,0.006373352290791943,0.35,35.0,35.621580049827216,watch
job_000008,Bulgaria,276,13.96174267719684,monitoring,0.0,0.0,1.0,0.0,0.0,1.0,0.0,6,,0.35,0.0,0.35,35.0,35.54699044384795,watch
job_000008,Bulgaria,277,14.012328701389583,monitoring,0.0,0.2829665509138979,1.0,0.0,0.12047154497109702,1.0,0.0,6,,0.43488996527416934,0.07256286887985894,0.3924449826370847,43.48899652741694,36.50003117387623,watch
job_000008,Bulgaria,278,14.062914725582326,monitoring,0.0,0.081688634472395,1.0,0.0,0.04782356467024398,1.0,0.0,6,,0.3745065903417185,0.024209186338420244,0.36225329517085925,37.45065903417185,36.6141065171117,watch
job_000008,Bulgaria,279,14.113500749775067,monitoring,0.0,0.0,1.0,0.0,0.0,1.0,0.0,6,,0.35,0.0,0.35,35.0,36.4204137350583,watch
job_000008,Bulgaria,280,14.16408677396781,monitoring,0.0,0.0,1.0,0.0,0.0,1.0,0.0,6,,0.35,0.0,0.35,35.0,36.24996408685131,watch
job_000008,Bulgaria,281,14.214672798160551,monitoring,0.0,0.0,1.0,0.0,0.07662622861799603,1.0,0.0,6,,0.35,0.01915655715449901,0.35,35.0,36.09996839642915,watch
job_000008,Bulgaria,282,14.265258822353294,monitoring,0.0,0.0,1.0,0.0,0.14844549183640154,1.0,0.0,6,,0.35,0.037111372959100386,0.35,35.0,35.96797218885765,watch
job_000008,Bulgaria,283,14.315844846546035,monitoring,0.0,0.0,1.0,0.005500655666844692,0.11809338095161198,1.0,0.0,6,,0.35,0.03144857472129864,0.35,35.0,35.851815526194734,watch
job_000008,Bulgaria,284,14.366430870738778,monitoring,0.0,0.0,1.0,0.0,0.27804585196563913,1.0,0.0,6,,0.35,0.06951146299140978,0.35,35.0,35.74959766305137,watch
job_000008,Bulgaria,285,14.417016894931521,monitoring,0.0,0.0,1.0,0.0,0.2403359247246865,1.0,0.0,6,,0.35,0.06008398118117163,0.35,35.0,35.6596459434852,watch
job_000008,Bulgaria,286,14.467602919124262,monitoring,0.0,0.0,1.0,0.0,0.0,1.0,0.0,6,,0.35,0.0,0.35,35.0,35.58048843026698,watch
job_000008,Bulgaria,287,14.518188943317005,monitoring,0.0,0.0,1.0,0.0,0.2606880324677563,1.0,0.0,6,,0.35,0.06517200811693907,0.35,35.0,35.510829818634946,watch
job_000008,Bulgaria,288,14.568774967509746,monitoring,0.0,0.5,1.0,0.048972752157141156,0.2767757868923761,1.0,0.0,6,,0.5,0.16133440997809342,0.425,50.0,37.249530240398755,watch
job_000008,Bulgaria,289,14.61936099170249,monitoring,0.0,0.44293388001252043,1.0,0.13629387793378586,0.08309413062450532,1.0,0.0,6,,0.4828801640037561,0.13491647193482945,0.4164400820018781,48.28801640037561,38.57414857959598,watch
job_000008,Bulgaria,290,14.66994701589523,monitoring,0.0,0.002104313898190377,1.0,0.0,0.2192970422260664,1.0,0.0,6,,0.35063129416945715,0.05513990764124516,0.35031564708472857,35.06312941694571,38.152826280077946,watch
job_000008,Bulgaria,291,14.720533040087973,monitoring,0.0,0.0,1.0,0.0,0.0620550072717288,1.0,0.0,6,,0.35,0.0155137518179322,0.35,35.0,37.77448712646859,watch
job_000008,Bulgaria,292,14.771119064280716,monitoring,0.0,0.0,1.0,0.056109145764841696,0.2858418117816164,1.0,0.0,6,,0.35,0.09109865396309869,0.35,35.0,37.44154867129237,watch
job_000008,Bulgaria,293,14.821705088473458,monitoring,0.0,0.1703138942537443,1.0,0.0,0.23901274710034465,1.0,0.0,6,,0.4010941682761233,0.0853002709131478,0.37554708413806165,40.109416827612336,37.761692850050764,watch
job_000008,Bulgaria,294,14.8722911126662,monitoring,0.0,0.5,1.0,0.07597663177056982,0.2599273153880374,1.0,0.0,6,,0.5,0.1665736499667088,0.425,50.0,39.23028970804467,watch
job_000008,Bulgaria,295,14.922877136858942,monitoring,0.0,0.1570663793423931,1.0,0.13946575423746316,0.2727169878824947,1.0,0.0,6,,0.39711991380271794,0.14055221785509475,0.37355995690135896,39.7119913802718,39.28809390871193,watch
job_000008,Bulgaria,296,14.973463161051685,monitoring,0.0,0.5,1.0,0.0,0.2780474858343238,1.0,0.0,6,,0.5,0.14451187145858096,0.425,50.0,40.5735226396665,watch
job_000008,Bulgaria,297,15.024049185244426,monitoring,0.0,0.5,1.0,0.0,0.2677444402077105,1.0,0.0,6,,0.5,0.14193611005192763,0.425,50.0,41.70469992290652,watch
job_000008,Bulgaria,298,15.074635209437169,monitoring,0.0,0.5,1.0,0.0,0.25155054684012534,1.0,0.0,6,,0.5,0.13788763671003135,0.425,50.0,42.700135932157735,watch
job_000008,Bulgaria,299,15.125221233629912,monitoring,0.0,0.5,1.0,0.0,0.2672272681877343,1.0,0.0,6,,0.5,0.14180681704693357,0.425,50.0,43.576119620298805,watch
job_000008,Bulgaria,300,15.175807257822653,monitoring,0.0,0.5,1.0,0.0,0.14484569988791612,1.0,0.0,6,,0.5,0.11121142497197903,0.425,50.0,44.34698526586295,watch
job_000008,Bulgaria,301,15.226393282015396,monitoring,0.0,0.5,1.0,0.0,0.24680625516770618,1.0,0.0,6,,0.5,0.13670156379192655,0.425,50.0,45.02534703395939,watch
job_000008,Bulgaria,302,15.276979306208137,monitoring,0.0,0.5,1.0,0.0,0.17146986831630395,1.0,0.0,6,,0.5,0.11786746707907599,0.425,50.0,45.62230538988427,watch
job_000008,Bulgaria,303,15.32756533040088,monitoring,0.0,0.5,0.0,0.0,0.3951387660842012,1.0,0.0,5,proximity,0.25,0.1737846915210503,0.275,27.500000000000004,43.44762874309815,watch
job_000008,Bulgaria,304,15.378151354593621,monitoring,0.0,0.5,0.0,0.0,0.27804752768464075,1.0,0.0,5,proximity,0.25,0.14451188192116018,0.275,27.500000000000004,41.53391329392637,watch
job_000008,Bulgaria,305,15.428737378786364,monitoring,0.0,0.24345059356509513,0.0,0.0,0.30683992818993877,1.0,0.0,5,proximity,0.17303517806952856,0.11322757108224896,0.23651758903476428,23.651758903476427,39.388054767072376,watch
job_000008,Bulgaria,306,15.479323402979107,monitoring,0.0,0.5,0.0,0.0,0.27804752768464075,1.0,0.0,5,proximity,0.25,0.14451188192116018,0.275,27.500000000000004,37.96148819502369,watch
job_000008,Bulgaria,307,15.529909427171848,monitoring,0.0,0.5,0.0,0.12993150313198126,0.27804752768464075,1.0,0.0,5,proximity,0.25,0.1899879080173536,0.275,27.500000000000004,36.706109611620846,watch
job_000008,Bulgaria,308,15.580495451364591,monitoring,0.0,0.5,0.0,0.0,0.29625378644465883,1.0,0.0,5,proximity,0.25,0.14906344661116472,0.275,27.500000000000004,35.60137645822634,watch
job_000008,Bulgaria,309,15.631081475557332,monitoring,0.0,0.5,0.0,0.0,0.3447883662778171,1.0,0.0,5,proximity,0.25,0.16119709156945428,0.275,27.500000000000004,34.62921128323918,normal
job_000008,Bulgaria,310,15.681667499750075,monitoring,0.0,0.5,0.0,1.0,0.3851165844249388,1.0,0.0,5,proximity,0.25,0.5212791461062347,0.275,52.12791461062347,36.72905568252529,normal
job_000008,Bulgaria,311,15.732253523942816,monitoring,0.0,0.5,0.0,1.0,0.3934548917280356,1.0,0.0,5,proximity,0.25,0.523363722932009,0.275,52.336372293200895,38.601933675806364,normal
job_000008,Bulgaria,312,15.78283954813556,monitoring,0.0,0.5,0.0,1.0,0.3205384565535601,1.0,0.0,5,proximity,0.25,0.50513461413839,0.275,50.513461413839,40.03131700437028,watch
job_000008,Bulgaria,313,15.833425572328302,monitoring,0.0,0.5,0.0,1.0,0.27804752768464075,1.0,0.0,5,proximity,0.25,0.4945118819211602,0.275,49.45118819211602,41.161701546899764,watch
job_000008,Bulgaria,314,15.884011596521043,monitoring,0.0,0.5,0.0,1.0,0.40689749637253064,1.0,0.0,5,proximity,0.25,0.5267243740931327,0.275,52.67243740931327,42.54298985038938,watch
job_000008,Bulgaria,315,15.934597620713786,monitoring,0.0,0.16602489760438827,0.0,0.27742590717817167,0.33909210452175786,1.0,0.0,5,proximity,0.1498074692813165,0.20677582828345778,0.22490373464065824,22.490373464065826,40.13667588403055,watch
job_000008,Bulgaria,316,15.985183644906527,monitoring,0.0,0.01859785399182891,0.0,0.0,0.2999796397327847,1.0,0.0,5,proximity,0.10557935619754868,0.07778458803197051,0.20278967809877435,20.278967809877436,37.75375091513218,watch
job_000008,Bulgaria,317,16.03576966909927,monitoring,0.0,0.10955132748485079,0.0,0.0,0.3852776260204701,1.0,0.0,5,proximity,0.13286539824545524,0.11275210562784514,0.21643269912272764,21.643269912272764,35.82049319478905,watch
job_000008,Bulgaria,318,16.086355693292013,monitoring,0.0,0.0,0.0,0.0,0.28737576742192533,1.0,0.0,5,proximity,0.1,0.07184394185548133,0.2,20.0,33.92203401141437,normal
job_000008,Bulgaria,319,16.136941717484753,monitoring,0.0,0.029977617913018947,0.0,1.0,0.4154668624699878,1.0,0.0,5,proximity,0.1089932853739057,0.45836335830444974,0.20449664268695286,45.83633583044497,35.35175022969804,normal
job_000008,Bulgaria,320,16.187527741677496,monitoring,0.0,0.0,0.0,0.24945099677326737,0.429028674256758,1.0,0.0,5,proximity,0.1,0.19456501743483307,0.2,20.0,33.509540202134275,normal
job_000008,Bulgaria,321,16.23811376587024,monitoring,0.0,0.07612886873111033,0.0,1.0,0.41662700669199554,1.0,0.0,5,proximity,0.1228386606193331,0.4655760819826654,0.21141933030966656,46.55760819826654,35.075308361670146,normal
job_000008,Bulgaria,322,16.28869979006298,monitoring,0.0,0.0,0.0,0.0,0.0,0.0,0.0,3,proximity;convergence;directional_coherence,,,,,,unavailable
job_000008,Bulgaria,323,16.339285814255724,monitoring,0.0,0.0,0.0,0.0,0.0,1.0,0.0,5,proximity,0.1,0.0,0.2,20.0,33.26627135826973,normal
job_000008,Bulgaria,324,16.389871838448464,monitoring,0.0,0.08760845217207172,0.0,0.0,0.2944119889611201,1.0,0.0,5,proximity,0.1262825356516215,0.08674426506609079,0.21314126782581078,21.314126782581077,31.832014009187088,normal
job_000008,Bulgaria,325,16.440457862641207,monitoring,0.0,0.5,0.0,0.0,0.38777774427054684,1.0,0.0,5,proximity,0.25,0.1719444360676367,0.275,27.500000000000004,31.31217232808464,normal
job_000008,Bulgaria,326,16.49104388683395,monitoring,0.0,0.5,0.0,0.0,0.3622488347715531,1.0,0.0,5,proximity,0.25,0.1655622086928883,0.275,27.500000000000004,30.854711648714485,normal
job_000008,Bulgaria,327,16.541629911026693,monitoring,0.0,0.018740564709266865,0.0,0.0,0.31306014243751634,1.0,0.0,5,proximity,0.10562216941278006,0.08107612031576912,0.20281108470639003,20.281108470639005,29.585879267345426,normal
job_000008,Bulgaria,328,16.592215935219436,monitoring,0.0,0.0,0.0,0.0,0.27804752768464075,1.0,0.0,5,proximity,0.1,0.06951188192116019,0.2,20.0,28.435573755263974,normal
job_000008,Bulgaria,329,16.642801959412175,monitoring,0.0,0.0,0.0,0.0,0.3195151787018061,1.0,0.0,5,proximity,0.1,0.07987879467545153,0.2,20.0,27.423304904632296,normal
job_000008,Bulgaria,330,16.693387983604918,monitoring,0.0,0.0,0.0,0.0,0.33459707727638294,1.0,0.0,5,proximity,0.1,0.08364926931909573,0.2,20.0,26.53250831607642,normal
job_000008,Bulgaria,331,16.74397400779766,monitoring,0.0,0.0,0.0,0.0,0.27804752768464075,1.0,0.0,5,proximity,0.1,0.06951188192116019,0.2,20.0,25.748607318147247,normal
job_000008,Bulgaria,332,16.794560031990404,monitoring,0.0,0.0,0.0,0.0,0.27804752768464075,1.0,0.0,5,proximity,0.1,0.06951188192116019,0.2,20.0,25.058774439969575,normal
job_000008,Bulgaria,333,16.845146056183143,monitoring,0.0,0.0,0.0,0.0,0.27804752768464075,1.0,0.0,5,proximity,0.1,0.06951188192116019,0.2,20.0,24.451721507173225,normal
job_000008,Bulgaria,334,16.895732080375886,monitoring,0.0,0.0,0.0,0.0,0.3170238890803342,1.0,0.0,5,proximity,0.1,0.07925597227008355,0.2,20.0,23.917514926312435,normal
job_000008,Bulgaria,335,16.94631810456863,monitoring,0.0,0.0,0.0,0.0,0.31525800908545437,1.0,0.0,5,proximity,0.1,0.07881450227136359,0.2,20.0,23.447413135154942,normal
job_000008,Bulgaria,336,16.996904128761372,monitoring,0.0,0.0,0.0,0.0,0.27804752768464075,1.0,0.0,5,proximity,0.1,0.06951188192116019,0.2,20.0,23.033723558936348,normal
job_000008,Bulgaria,337,17.047490152954115,monitoring,0.0,0.38561211073754403,0.0,1.0,0.3677316942072073,1.0,0.0,5,proximity,0.21568363322126322,0.4997747401624334,0.2578418166106316,49.97747401624334,26.266973613813185,normal
job_000008,Bulgaria,338,17.098076177146854,monitoring,0.0,0.0,0.0,0.0,0.27804752768464075,1.0,0.0,5,proximity,0.1,0.06951188192116019,0.2,20.0,25.5149367801556,normal
job_000008,Bulgaria,339,17.148662201339597,monitoring,0.0,0.0,0.0,0.0,0.27804752768464075,1.0,0.0,5,proximity,0.1,0.06951188192116019,0.2,20.0,24.853144366536927,normal
job_000008,Bulgaria,340,17.19924822553234,monitoring,0.0,0.0,0.0,0.0,0.37483088176429025,1.0,0.0,5,proximity,0.1,0.09370772044107256,0.2,20.0,24.270767042552496,normal
job_000008,Bulgaria,341,17.249834249725083,monitoring,0.0,0.0,0.0,0.0,0.27804752768464075,1.0,0.0,5,proximity,0.1,0.06951188192116019,0.2,20.0,23.758274997446197,normal
job_000008,Bulgaria,342,17.300420273917826,monitoring,0.0,0.5,0.0,0.0,0.39877269158582024,1.0,0.0,5,proximity,0.25,0.17469317289645506,0.275,27.500000000000004,24.207281997752656,normal
job_000008,Bulgaria,343,17.351006298110565,monitoring,0.0,0.5,0.0,0.4861504198591414,0.27804752768464075,1.0,0.0,5,proximity,0.25,0.3146645288718597,0.275,31.46645288718597,25.078382504484654,normal
job_000008,Bulgaria,344,17.40159232230331,monitoring,0.0,0.29669132965052775,0.0,0.0,0.27804752768464075,1.0,0.0,5,proximity,0.18900739889515833,0.11401558136873935,0.24450369944757916,24.450369944757917,25.003020997317446,normal
job_000008,Bulgaria,345,17.45217834649605,monitoring,0.0,0.5,0.0,0.7113985264907434,0.27804752768464075,1.0,0.0,5,proximity,0.25,0.39350136619292037,0.275,39.35013661929204,26.7246748719544,normal
job_000008,Bulgaria,346,17.502764370688794,monitoring,0.0,0.5,0.0,0.0,0.33069883151321794,1.0,0.0,5,proximity,0.25,0.15767470787830448,0.275,27.500000000000004,26.817713887319872,normal
job_000008,Bulgaria,347,17.553350394881534,monitoring,0.0,0.5,0.0,0.0,0.27804752768464075,1.0,0.0,5,proximity,0.25,0.14451188192116018,0.275,27.500000000000004,26.899588220841487,normal
job_000008,Bulgaria,348,17.603936419074277,monitoring,0.0,0.5,0.0,0.0,0.27804752768464075,1.0,0.0,5,proximity,0.25,0.14451188192116018,0.275,27.500000000000004,26.97163763434051,normal
job_000008,Bulgaria,349,17.65452244326702,monitoring,0.0,0.5,0.0,0.0,0.3118077714993702,1.0,0.0,5,proximity,0.25,0.15295194287484254,0.275,27.500000000000004,27.03504111821965,normal
job_000008,Bulgaria,350,17.705108467459763,monitoring,0.0,0.5,0.0,0.0,0.27804752768464075,1.0,0.0,5,proximity,0.25,0.14451188192116018,0.275,27.500000000000004,27.090836184033293,normal
job_000008,Bulgaria,351,17.755694491652505,monitoring,0.0,0.1763792467918052,0.0,0.0,0.27804752768464075,1.0,0.0,5,proximity,0.15291377403754156,0.09596876893993096,0.22645688701877079,22.645688701877077,26.557418486174548,normal
job_000008,Bulgaria,352,17.806280515845245,monitoring,0.0,0.5,0.0,0.3383524365490645,0.27804752768464075,1.0,0.0,5,proximity,0.25,0.26293523471333274,0.275,27.500000000000004,26.670528267833603,normal
job_000008,Bulgaria,353,17.856866540037988,monitoring,0.0,0.5,0.0,0.0,0.31584323308193896,1.0,0.0,5,proximity,0.25,0.15396080827048475,0.275,27.500000000000004,26.77006487569357,normal
job_000008,Bulgaria,354,17.90745256423073,monitoring,0.0,0.0,0.0,0.0,0.0,0.0,0.0,0,density;inflow;proximity;convergence;directional_coherence;corner,,,,,,unavailable
job_000008,Bulgaria,355,17.958038588423474,monitoring,0.0,0.0,0.0,0.0,0.0,0.0,0.0,0,density;inflow;proximity;convergence;directional_coherence;corner,,,,,,unavailable
job_000008,Bulgaria,356,18.008624612616217,monitoring,0.0,0.0,0.0,0.0,0.0,0.0,0.0,0,density;inflow;proximity;convergence;directional_coherence;corner,,,,,,unavailable
job_000008,Bulgaria,357,18.059210636808956,monitoring,0.0,0.0,0.0,0.0,0.0,0.0,0.0,0,density;inflow;proximity;convergence;directional_coherence;corner,,,,,,unavailable
job_000008,Bulgaria,358,18.1097966610017,monitoring,0.0,0.0,0.0,0.0,0.0,0.0,0.0,0,density;inflow;proximity;convergence;directional_coherence;corner,,,,,,unavailable
job_000008,Bulgaria,359,18.160382685194442,monitoring,0.0,0.0,0.0,0.0,0.0,0.0,0.0,0,density;inflow;proximity;convergence;directional_coherence;corner,,,,,,unavailable
job_000008,Bulgaria,360,18.210968709387185,monitoring,0.0,0.0,0.0,0.0,0.0,0.0,0.0,0,density;inflow;proximity;convergence;directional_coherence;corner,,,,,,unavailable
job_000008,Bulgaria,361,18.261554733579924,monitoring,0.0,0.0,0.0,0.0,0.0,0.0,0.0,0,density;inflow;proximity;convergence;directional_coherence;corner,,,,,,unavailable
job_000008,Bulgaria,362,18.312140757772667,monitoring,0.0,0.0,0.0,0.0,0.0,0.0,0.0,0,density;inflow;proximity;convergence;directional_coherence;corner,,,,,,unavailable
job_000008,Bulgaria,363,18.36272678196541,monitoring,0.0,0.0,0.0,0.0,0.0,0.0,0.0,0,density;inflow;proximity;convergence;directional_coherence;corner,,,,,,unavailable
job_000008,Bulgaria,364,18.413312806158153,monitoring,0.0,0.0,0.0,0.0,0.0,0.0,0.0,0,density;inflow;proximity;convergence;directional_coherence;corner,,,,,,unavailable
job_000008,Bulgaria,365,18.463898830350896,monitoring,0.0,0.0,0.0,0.0,0.0,0.0,0.0,0,density;inflow;proximity;convergence;directional_coherence;corner,,,,,,unavailable
job_000008,Bulgaria,366,18.514484854543635,monitoring,0.0,0.0,0.0,0.0,0.0,0.0,0.0,0,density;inflow;proximity;convergence;directional_coherence;corner,,,,,,unavailable
job_000008,Bulgaria,367,18.56507087873638,monitoring,0.0,0.0,0.0,0.0,0.0,0.0,0.0,0,density;inflow;proximity;convergence;directional_coherence;corner,,,,,,unavailable
job_000008,Bulgaria,368,18.61565690292912,monitoring,0.0,0.0,0.0,0.0,0.0,0.0,0.0,0,density;inflow;proximity;convergence;directional_coherence;corner,,,,,,unavailable
job_000008,Bulgaria,369,18.666242927121864,monitoring,0.0,0.0,0.0,0.0,0.0,0.0,0.0,0,density;inflow;proximity;convergence;directional_coherence;corner,,,,,,unavailable
job_000008,Bulgaria,370,18.716828951314607,monitoring,0.0,0.0,0.0,0.0,0.0,0.0,0.0,0,density;inflow;proximity;convergence;directional_coherence;corner,,,,,,unavailable
job_000008,Bulgaria,371,18.767414975507346,monitoring,0.0,0.0,0.0,0.0,0.0,0.0,0.0,0,density;inflow;proximity;convergence;directional_coherence;corner,,,,,,unavailable
job_000008,Bulgaria,372,18.81800099970009,monitoring,0.0,0.0,0.0,0.0,0.0,0.0,0.0,0,density;inflow;proximity;convergence;directional_coherence;corner,,,,,,unavailable
job_000008,Bulgaria,373,18.868587023892832,monitoring,0.0,0.0,0.0,0.0,0.0,0.0,0.0,0,density;inflow;proximity;convergence;directional_coherence;corner,,,,,,unavailable
job_000008,Bulgaria,374,18.919173048085575,monitoring,0.0,0.0,0.0,0.0,0.0,0.0,0.0,0,density;inflow;proximity;convergence;directional_coherence;corner,,,,,,unavailable
job_000008,Bulgaria,375,18.969759072278315,monitoring,0.0,0.0,0.0,0.0,0.0,0.0,0.0,0,density;inflow;proximity;convergence;directional_coherence;corner,,,,,,unavailable
job_000008,Bulgaria,376,19.020345096471058,monitoring,0.0,0.0,0.0,0.0,0.0,0.0,0.0,0,density;inflow;proximity;convergence;directional_coherence;corner,,,,,,unavailable
job_000008,Bulgaria,377,19.0709311206638,monitoring,0.0,0.0,0.0,0.0,0.0,0.0,0.0,0,density;inflow;proximity;convergence;directional_coherence;corner,,,,,,unavailable
job_000008,Bulgaria,378,19.121517144856544,monitoring,0.0,0.0,0.0,0.0,0.0,0.0,0.0,0,density;inflow;proximity;convergence;directional_coherence;corner,,,,,,unavailable
job_000008,Bulgaria,379,19.172103169049286,monitoring,0.0,0.0,0.0,0.0,0.0,0.0,0.0,0,density;inflow;proximity;convergence;directional_coherence;corner,,,,,,unavailable
job_000008,Bulgaria,380,19.222689193242026,monitoring,0.0,0.0,0.0,0.0,0.0,0.0,0.0,0,density;inflow;proximity;convergence;directional_coherence;corner,,,,,,unavailable
job_000008,Bulgaria,381,19.27327521743477,monitoring,0.0,0.0,0.0,0.0,0.0,0.0,0.0,0,density;inflow;proximity;convergence;directional_coherence;corner,,,,,,unavailable
job_000008,Bulgaria,382,19.32386124162751,monitoring,0.0,0.0,0.0,0.0,0.0,0.0,0.0,0,density;inflow;proximity;convergence;directional_coherence;corner,,,,,,unavailable
job_000008,Bulgaria,383,19.374447265820255,monitoring,0.0,0.0,0.0,0.0,0.0,0.0,0.0,0,density;inflow;proximity;convergence;directional_coherence;corner,,,,,,unavailable
job_000008,Bulgaria,384,19.425033290012998,monitoring,0.0,0.0,0.0,0.0,0.0,0.0,0.0,0,density;inflow;proximity;convergence;directional_coherence;corner,,,,,,unavailable
job_000008,Bulgaria,385,19.475619314205737,monitoring,0.0,0.0,0.0,0.0,0.0,0.0,0.0,0,density;inflow;proximity;convergence;directional_coherence;corner,,,,,,unavailable
job_000008,Bulgaria,386,19.52620533839848,monitoring,0.0,0.0,0.0,0.0,0.0,0.0,0.0,0,density;inflow;proximity;convergence;directional_coherence;corner,,,,,,unavailable
job_000008,Bulgaria,387,19.576791362591223,monitoring,0.0,0.0,0.0,0.0,0.0,0.0,0.0,0,density;inflow;proximity;convergence;directional_coherence;corner,,,,,,unavailable
job_000008,Bulgaria,388,19.627377386783966,monitoring,0.0,0.0,0.0,0.0,0.0,0.0,0.0,0,density;inflow;proximity;convergence;directional_coherence;corner,,,,,,unavailable
job_000008,Bulgaria,389,19.677963410976705,monitoring,0.0,0.0,0.0,0.0,0.0,0.0,0.0,0,density;inflow;proximity;convergence;directional_coherence;corner,,,,,,unavailable
job_000008,Bulgaria,390,19.728549435169448,monitoring,0.0,0.0,0.0,0.0,0.0,0.0,0.0,0,density;inflow;proximity;convergence;directional_coherence;corner,,,,,,unavailable
job_000008,Bulgaria,391,19.77913545936219,monitoring,0.0,0.0,0.0,0.0,0.0,0.0,0.0,0,density;inflow;proximity;convergence;directional_coherence;corner,,,,,,unavailable
job_000008,Bulgaria,392,19.829721483554934,monitoring,0.0,0.0,0.0,0.0,0.0,0.0,0.0,0,density;inflow;proximity;convergence;directional_coherence;corner,,,,,,unavailable
job_000008,Bulgaria,393,19.880307507747677,monitoring,0.0,0.0,0.0,0.0,0.0,0.0,0.0,0,density;inflow;proximity;convergence;directional_coherence;corner,,,,,,unavailable
job_000008,Bulgaria,394,19.930893531940416,monitoring,0.0,0.0,0.0,0.0,0.0,0.0,0.0,0,density;inflow;proximity;convergence;directional_coherence;corner,,,,,,unavailable
job_000008,Bulgaria,395,19.98147955613316,monitoring,0.0,0.0,0.0,0.0,0.0,0.0,0.0,0,density;inflow;proximity;convergence;directional_coherence;corner,,,,,,unavailable
job_000008,Bulgaria,396,20.032065580325902,monitoring,0.0,0.0,0.0,0.0,0.0,0.0,0.0,0,density;inflow;proximity;convergence;directional_coherence;corner,,,,,,unavailable
job_000008,Bulgaria,397,20.082651604518645,monitoring,0.0,0.0,0.0,0.0,0.0,0.0,0.0,0,density;inflow;proximity;convergence;directional_coherence;corner,,,,,,unavailable
job_000008,Bulgaria,398,20.133237628711388,monitoring,0.0,0.0,0.0,0.0,0.0,0.0,0.0,0,density;inflow;proximity;convergence;directional_coherence;corner,,,,,,unavailable
job_000008,Bulgaria,399,20.183823652904127,monitoring,0.0,0.0,0.0,0.0,0.0,0.0,0.0,0,density;inflow;proximity;convergence;directional_coherence;corner,,,,,,unavailable
job_000009,Rwanda,0,0.0,calibration,0.0,0.0,0.0,0.0,0.0,0.0,0.0,4,convergence;directional_coherence,0.0,0.0,0.0,0.0,,calibrating
job_000009,Rwanda,1,0.04318781179138322,calibration,0.0,0.5,0.0,1.0,0.2833165820499566,0.0,0.0,6,,0.15,0.49582914551248913,0.075,49.58291455124891,,calibrating
job_000009,Rwanda,2,0.08637562358276644,calibration,0.0,0.1411763089543551,0.09176188340690225,1.0,0.008920460152793753,0.19444444444444442,0.0,6,,0.08473780798247653,0.37340656138135164,0.07382961774307749,37.34065613813517,,calibrating
job_000009,Rwanda,3,0.12956343537414966,calibration,0.0,0.0,0.0888420278752906,0.0,0.02830485072107724,0.19444444444444442,0.0,6,,0.0416549514132671,0.00707621268026931,0.05221519307018248,5.221519307018248,,calibrating
job_000009,Rwanda,4,0.1727512471655329,calibration,0.0,0.0,0.0868888762418243,0.4273186639654295,0.1747786331148456,0.19444444444444442,0.0,6,,0.041166663504900516,0.1932561906666117,0.051922220325162534,19.32561906666117,,calibrating
job_000009,Rwanda,5,0.2159390589569161,calibration,0.0,0.0,0.05976138694109415,0.0,0.18624732779461514,0.48611111111111116,0.0,6,,0.06355145784638466,0.046561831948653785,0.10618643026338637,10.618643026338637,,calibrating
job_000009,Rwanda,6,0.2591268707482993,calibration,0.0,0.0,0.08992949669119982,0.0,0.27905583510750676,0.19444444444444442,0.0,6,,0.0419268186172444,0.06976395877687669,0.05237831339256886,6.9763958776876684,,calibrating
job_000009,Rwanda,7,0.3023146825396825,calibration,0.0,0.013036145487403967,0.06817138216070685,0.22121787384862185,0.30592781889549675,0.48611111111111116,0.0,6,,0.06956480029750903,0.15586363239400242,0.10940335136943886,15.586363239400242,,calibrating
job_000009,Rwanda,8,0.3455024943310658,calibration,0.0,0.19780055079793332,0.07353991374759675,1.0,0.30580214295542857,0.48611111111111116,0.0,6,,0.1263362547873903,0.4561206183585471,0.13792329190405175,45.61206183585471,,calibrating
job_000009,Rwanda,9,0.388690306122449,calibration,0.0,0.0,0.07577969708807518,0.0,0.19325032278664445,0.48611111111111116,0.0,6,,0.06755603538312992,0.04831258069666111,0.10858917678543352,10.858917678543351,,calibrating
job_000009,Rwanda,10,0.4318781179138322,calibration,0.0,0.12016569096646398,0.0,0.0,0.13859783648726792,0.0,0.0,6,,0.03604970728993919,0.05267431276678658,0.018024853644969595,5.267431276678658,,calibrating
job_000009,Rwanda,11,0.47506592970521544,calibration,0.0,0.3135152549078952,0.0,0.0,0.10562047834754243,0.0,0.0,6,,0.09405457647236856,0.0734324078230699,0.04702728823618428,9.405457647236856,,calibrating
job_000009,Rwanda,12,0.5182537414965986,calibration,0.0,0.36709535172756397,0.0,0.0,0.0,0.19444444444444442,0.0,6,,0.12957304996271363,0.05506430275913459,0.09395319164802349,12.957304996271363,,calibrating
job_000009,Rwanda,13,0.5614415532879818,calibration,0.0,0.0689053976679335,0.0,0.0,0.0,0.0,0.0,6,,0.020671619300380046,0.010335809650190023,0.010335809650190023,2.0671619300380044,,calibrating
job_000009,Rwanda,14,0.604629365079365,calibration,0.0,0.1031998960747222,0.0,0.0,0.0,0.19444444444444442,0.0,6,,0.050404413266861105,0.01547998441120833,0.05436887330009722,5.436887330009722,,calibrating
job_000009,Rwanda,15,0.6478171768707482,calibration,0.0,0.5,0.0,0.0,0.290739374164185,0.19444444444444442,0.0,6,,0.16944444444444445,0.14768484354104625,0.11388888888888889,16.944444444444446,,calibrating
job_000009,Rwanda,16,0.6910049886621316,calibration,0.0,0.3244371237564709,0.0,0.0,0.27708950721850706,0.19444444444444442,0.0,6,,0.1167755815713857,0.1179379453680974,0.08755445745235951,11.79379453680974,,calibrating
job_000009,Rwanda,17,0.7341928004535148,calibration,0.0,0.025506998326792908,0.0,0.0,0.27794416286997703,0.19444444444444442,0.0,6,,0.027096543942482315,0.0733120904665132,0.042714938637907825,7.33120904665132,,calibrating
job_000009,Rwanda,18,0.777380612244898,calibration,0.0,0.013727884697695656,0.0,0.401701655246617,0.18205910738601155,0.19444444444444442,0.0,6,,0.02356280985375314,0.18816953888747318,0.04094807159354324,18.816953888747317,,calibrating
job_000009,Rwanda,19,0.8205684240362812,calibration,0.0,0.0,0.0,0.0,0.034439382444303904,0.19444444444444442,0.0,6,,0.019444444444444445,0.008609845611075976,0.03888888888888889,3.888888888888889,,calibrating
job_000009,Rwanda,20,0.8637562358276644,calibration,0.0,0.22345686890443195,0.0,0.0,0.07682602786535812,0.19444444444444442,0.0,6,,0.08648150511577403,0.05272503730200433,0.07240741922455368,8.648150511577404,,calibrating
job_000009,Rwanda,21,0.9069440476190476,calibration,0.0,0.14476866518673126,0.021671002296196406,0.0,0.0,0.0,0.0,6,,0.048848350130068476,0.02171529977800969,0.02496595012243915,4.884835013006848,,calibrating
job_000009,Rwanda,22,0.9501318594104309,calibration,0.0,0.27558883595720673,0.02225957839825328,0.0,0.0,0.0,0.0,6,,0.08824154538672534,0.04133832539358101,0.044677262153319006,8.824154538672534,,calibrating
job_000009,Rwanda,23,0.9933196712018141,calibration,0.0,0.05641253537602063,0.0,0.0,0.002597271289576614,0.19444444444444442,0.0,6,,0.036368205057250635,0.009111198128797246,0.047350769195291985,4.735076919529199,,calibrating
job_000009,Rwanda,24,1.0365074829931973,calibration,0.0,0.5,0.04383270510185876,0.0,0.264330221843676,0.0,0.0,6,,0.1609581762754647,0.141082555460919,0.08157490576527882,16.09581762754647,,calibrating
job_000009,Rwanda,25,1.0796952947845804,calibration,0.0,0.4224016859856206,0.045202072061820926,0.3112750886353737,0.0,0.0,0.0,6,,0.1380210238111414,0.17230653392022388,0.07014056370711622,17.23065339202239,,calibrating
job_000009,Rwanda,26,1.1228831065759637,calibration,0.015964692797136797,0.09655019574939441,0.04198585893972883,0.0,0.17714942521847274,0.0,0.0,6,,0.04504916593874841,0.06276105886631154,0.023973346762795847,6.2761058866311545,,calibrating
job_000009,Rwanda,27,1.166070918367347,calibration,0.059251554144806866,0.1296164598182752,0.04165783170428352,0.19794528923568647,0.2404646541852483,0.0,0.0,6,,0.07003743982223583,0.16365237228774532,0.037541454557345186,16.365237228774532,,calibrating
job_000009,Rwanda,28,1.20925873015873,calibration,0.09206377370336465,0.01817483713572661,0.04081231003131768,0.0,0.15836821285229316,0.0,0.0,6,,0.04787784944472503,0.06533422220927344,0.027260826815729573,6.533422220927345,,calibrating
job_000009,Rwanda,29,1.2524465419501134,calibration,0.2376203689670349,0.6666666666666666,0.0,0.0,0.23204523310395408,0.0,0.0,6,,0.2831671291384622,0.21741640051774724,0.14752407379340698,28.31671291384622,,calibrating
job_000009,Rwanda,30,1.2956343537414965,calibration,0.23944548979289965,0.6666666666666666,0.0,0.0,0.1406134878333577,0.0,0.0,6,,0.2838059214275149,0.19501474440656433,0.1478890979585799,28.38059214275149,,calibrating
job_000009,Rwanda,31,1.3388221655328798,calibration,0.11569080412298974,0.0,0.0473187966623109,0.0,0.0,0.0,0.0,6,,0.05232148060862413,0.028922701030747434,0.030235980323944586,5.2321480608624125,,calibrating
job_000009,Rwanda,32,1.3820099773242631,calibration,0.11517159446839396,0.19183699636898058,0.04465142045254895,0.0,0.15197502490563447,0.0,0.0,6,,0.10902401208776928,0.09556220429885419,0.05850758141690822,10.902401208776928,,calibrating
job_000009,Rwanda,33,1.4251977891156462,calibration,0.22655794597465365,0.33331516586886667,0.0,0.0,0.19217919048102822,0.0,0.0,6,,0.17928983085178876,0.15468155899425046,0.09530886407526074,17.928983085178878,,calibrating
job_000009,Rwanda,34,1.4683856009070295,calibration,0.10797238276043125,0.12671048613233526,0.040615374417629545,0.0,0.0,0.0,0.0,6,,0.08595732341025888,0.045999668609958105,0.04669335563458098,8.595732341025888,,calibrating
job_000009,Rwanda,35,1.5115734126984126,calibration,0.12262308124729326,0.09660540249843938,0.040118052306384856,0.0,0.0,0.0,0.0,6,,0.08192921226268067,0.04514658068658922,0.045033134470182284,8.192921226268068,,calibrating
job_000009,Rwanda,36,1.554761224489796,calibration,0.10925400265553394,0.10135641426691992,0.0408997919894061,0.800419051028123,0.0,0.0,0.0,6,,0.07887077320686436,0.3226636306637645,0.04318923146955569,32.26636306637645,,calibrating
job_000009,Rwanda,37,1.597949036281179,calibration,0.11159375188434645,0.12362097756415016,0.04493147001832742,0.25161750389801174,0.043160956064940456,0.0,0.0,6,,0.08737697393334816,0.14529794998624834,0.047601617514240926,14.529794998624833,,calibrating
job_000009,Rwanda,38,1.6411368480725623,calibration,0.10852213065017824,0.0827197733388409,0.043912294806256164,0.0,0.2832320958298983,0.0,0.0,6,,0.07377675143077869,0.11034652262084527,0.04069923635180021,11.034652262084526,,calibrating
job_000009,Rwanda,39,1.6843246598639456,calibration,0.08609026562138486,0.15881333362435074,0.048780738885888075,0.0,0.0,0.0,0.0,6,,0.08997077777626193,0.04534456644899883,0.04835716400081279,8.997077777626194,,calibrating
job_000009,Rwanda,40,1.7275124716553287,calibration,0.07647793275400225,0.09059149205890091,0.042572585460679074,0.7109182948278494,0.16606697777259774,0.0,0.0,6,,0.06458787044674083,0.3230463546302324,0.03527019817873745,32.30463546302324,,calibrating
job_000009,Rwanda,41,1.770700283446712,calibration,0.053888301577328775,0.07714882334174379,0.04443918426644583,1.0,0.0,0.0,0.0,6,,0.05311534862119967,0.3750443988955937,0.029015861456694197,37.50443988955937,,calibrating
job_000009,Rwanda,42,1.8138880952380951,calibration,0.03702112100268019,0.04737520314890639,0.04490854650328158,0.441830205173057,0.1633097893244039,0.0,0.0,6,,0.03839708992143038,0.21182957986467693,0.021246786648364234,21.18295798646769,,calibrating
job_000009,Rwanda,43,1.8570759070294784,calibration,0.16378050419605375,0.49500835074298133,0.0,0.3885398536579015,0.19946851796775503,0.0,0.0,6,,0.20582568169151322,0.30105245693266497,0.10700735345065795,30.105245693266497,,calibrating
job_000009,Rwanda,44,1.9002637188208618,calibration,0.24988980297428676,0.2736459992550836,0.0,0.7635380339539993,0.04102386882165052,0.0,0.0,6,,0.16955523081752544,0.38101362972114655,0.09102486048311989,38.10136297211466,,calibrating
job_000009,Rwanda,45,1.9434515306122448,calibration,0.23506980164496033,0.23264799871247493,0.0,0.0,0.0,0.0,0.0,6,,0.1520688301894786,0.09366465021811132,0.0819111601358633,15.20688301894786,,calibrating
job_000009,Rwanda,46,1.9866393424036282,calibration,0.024743157910293107,0.13469318456365095,0.05532699622225519,0.22471890175472192,0.0,0.0,0.0,6,,0.06289980969326167,0.10504138277627359,0.03345165869994454,10.504138277627359,,calibrating
job_000009,Rwanda,47,2.0298271541950115,calibration,0.0032485299191478585,0.0,0.06043442753126848,0.0,0.0,0.0,0.0,6,,0.01624559235451887,0.0008121324797869646,0.009714870113519843,1.624559235451887,,calibrating
job_000009,Rwanda,48,2.0730149659863946,calibration,0.0,0.0,0.06373696628512598,0.09546557392142647,0.13146518987042022,0.0,0.0,6,,0.015934241571281496,0.06627924834010432,0.009560544942768897,6.6279248340104315,,calibrating
job_000009,Rwanda,49,2.1162027777777777,calibration,0.21672203819963107,0.8333333333333333,0.0,1.0,0.2793914693949789,0.0,0.0,6,,0.32585271336987087,0.5990283768986524,0.1683444076399262,59.90283768986524,,calibrating
job_000009,Rwanda,50,2.1593905895691607,calibration,0.0,0.3294375361388696,0.03800110095437214,0.0,0.04559114358750143,0.0,0.0,6,,0.10833153608025392,0.0608134163177058,0.05511579556398626,10.833153608025391,,calibrating
job_000009,Rwanda,51,2.2025784013605443,calibration,0.29148670877701355,0.6070108640273797,0.0,1.0,0.0,0.0,0.0,6,,0.2841236072801686,0.5139233067983603,0.14934897135950967,51.39233067983603,,calibrating
job_000009,Rwanda,52,2.2457662131519274,calibration,0.05973139434486684,0.16666666666666666,0.0,0.0,0.0,0.0,0.0,6,,0.07090598802070339,0.03993284858621671,0.036946278868973365,7.090598802070339,,calibrating
job_000009,Rwanda,53,2.2889540249433105,calibration,0.06033296275960927,0.16666666666666666,0.0,0.09451145166446187,0.22367801504729914,0.0,0.0,6,,0.07111653696586323,0.12908175253428875,0.03706659255192185,12.908175253428874,,calibrating
job_000009,Rwanda,54,2.332141836734694,calibration,0.2610869816051885,0.16666666666666666,0.0,0.35539157803129295,0.14698699359649614,0.0,0.0,6,,0.14138044356181598,0.25140554611137367,0.0772173963210377,25.140554611137368,,calibrating
job_000009,Rwanda,55,2.375329648526077,calibration,0.20292051903633743,0.16666666666666666,0.0,0.39240413566371896,0.2696299448077614,0.0,0.0,6,,0.12102218166271808,0.28047906344332635,0.06558410380726748,28.047906344332635,,calibrating
job_000009,Rwanda,56,2.41851746031746,calibration,0.0,0.0,0.0,0.14368932729515752,0.2470929972056355,0.0,0.0,6,,0.0,0.112064513854714,0.0,11.2064513854714,,calibrating
job_000009,Rwanda,57,2.4617052721088437,calibration,0.0,0.0,0.0,0.0,0.08781584767387149,0.0,0.0,6,,0.0,0.021953961918467872,0.0,2.195396191846787,,calibrating
job_000009,Rwanda,58,2.504893083900227,calibration,0.00012213955075428268,0.0,0.0,0.16497070262983882,0.02044680474256251,0.0,0.0,6,,4.274884276399893e-05,0.06288198199377278,2.442791015085654e-05,6.288198199377278,,calibrating
job_000009,Rwanda,59,2.54808089569161,calibration,7.055961807208653e-05,0.0,0.0,0.10183229213309454,0.2741965172950153,0.0,0.0,6,,2.4695866325230283e-05,0.10420807147485495,1.4111923614417306e-05,10.420807147485494,,calibrating
job_000009,Rwanda,60,2.591268707482993,monitoring,0.0,0.03233520981601357,0.0,0.0,0.08123553816213415,0.0,0.0,6,,0.009700562944804071,0.025159166012935573,0.004850281472402036,2.5159166012935574,2.5159166012935574,normal
job_000009,Rwanda,61,2.6344565192743765,monitoring,0.0,0.0,0.0,0.0,0.032808318743666964,0.0,0.0,6,,0.0,0.008202079685916741,0.0,0.8202079685916741,2.312431565369331,normal
job_000009,Rwanda,62,2.6776443310657596,monitoring,0.0,0.016815263273651956,0.0,0.14588880683512098,0.17984811069581752,0.0,0.0,6,,0.005044578982095586,0.09854539955729451,0.002522289491047793,9.85453995572945,3.2174845722125456,normal
job_000009,Rwanda,63,2.7208321428571427,monitoring,0.0,0.13423549472647825,0.0,1.0,0.21209688007962982,0.0,0.0,6,,0.04027064841794347,0.4231595442288792,0.020135324208971735,42.31595442288792,7.909300954293591,normal
job_000009,Rwanda,64,2.7640199546485262,monitoring,0.0,0.24252844177133207,0.0,0.0,0.29949167895228673,0.0,0.0,6,,0.07275853253139962,0.11125218600377149,0.03637926626569981,11.12521860037715,8.295211071823617,normal
job_000009,Rwanda,65,2.8072077664399093,monitoring,0.0,0.11212755070189968,0.0,0.5160037533418691,0.05807532581590866,0.0,0.0,6,,0.0336382652105699,0.2119392777289163,0.01681913260528495,21.19392777289163,9.843057075951778,normal
job_000009,Rwanda,66,2.8503955782312924,monitoring,0.0,0.0,0.0,0.5306139019005729,0.0,0.0,0.0,6,,0.0,0.1857148656652005,0.0,18.57148656652005,10.890468614819971,normal
job_000009,Rwanda,67,2.8935833900226755,monitoring,0.0,0.0,0.0,0.05053657643297493,0.1865422252369414,0.0,0.0,6,,0.0,0.06432335806077658,0.0,6.432335806077657,10.355492677770894,normal
job_000009,Rwanda,68,2.936771201814059,monitoring,0.0,0.0,0.0,0.8602262497602797,0.1988687703178988,0.0,0.0,6,,0.0,0.3507963799955726,0.0,35.079637999557264,13.322390116385257,normal
job_000009,Rwanda,69,2.979959013605442,monitoring,0.0,0.0,0.0,0.02360121455415936,0.0929205618556068,0.0,0.0,6,,0.0,0.03149056555785748,0.0,3.149056555785748,12.101590089113317,normal
job_000009,Rwanda,70,3.023146825396825,monitoring,0.0,0.0048406898731449665,0.0,0.0,0.20118191386758816,0.19444444444444442,0.0,6,,0.020896651406387936,0.05102158194786879,0.03961499236986064,5.102158194786878,11.261658261794146,normal
job_000009,Rwanda,71,3.0663346371882088,monitoring,0.0,0.0,0.05491000865933139,0.27105446855829074,0.19820903756697225,0.48611111111111116,0.0,6,,0.06233861327594396,0.1444213233871448,0.10545872352112194,14.442132338714481,11.643315151024586,normal
job_000009,Rwanda,72,3.109522448979592,monitoring,0.0,0.027531634915290044,0.0,0.0,0.2084299076882193,0.19444444444444442,0.0,6,,0.027703934919031458,0.056237222159348337,0.0430186341261824,5.6237222159348335,10.920963998813814,normal
job_000009,Rwanda,73,3.152710260770975,monitoring,0.0,0.0,0.0,0.0,0.10219293274571889,0.19444444444444442,0.0,6,,0.019444444444444445,0.025548233186429722,0.03888888888888889,3.888888888888889,10.077114985622824,normal
job_000009,Rwanda,74,3.195898072562358,monitoring,0.0,0.0,0.0,0.7352019618632911,0.0,0.19444444444444442,0.0,6,,0.019444444444444445,0.25732068665215185,0.03888888888888889,25.732068665215184,11.955709427173907,normal
job_000009,Rwanda,75,3.2390858843537416,monitoring,0.0,0.0,0.018088853248503133,0.0,0.0,0.0,0.0,6,,0.004522213312125783,0.0,0.00271332798727547,0.45222133121257835,10.575290855658547,normal
job_000009,Rwanda,76,3.2822736961451247,monitoring,0.0,0.0,0.0,0.11844109358903346,0.0,0.0,0.0,6,,0.0,0.04145438275616171,0.0,4.145438275616171,9.803708546053462,normal
job_000009,Rwanda,77,3.3254615079365077,monitoring,0.0,0.0,0.0,0.0,0.13766896481966093,0.0,0.0,6,,0.0,0.03441724120491523,0.0,3.441724120491523,9.04027041498603,normal
job_000009,Rwanda,78,3.3686493197278913,monitoring,0.0,0.0,0.0025667996690345207,0.0,0.20055188956689587,0.0,0.0,6,,0.0006416999172586302,0.05013797239172397,0.0003850199503551781,5.013797239172397,8.557093633888393,normal
job_000009,Rwanda,79,3.4118371315192744,monitoring,0.0,0.0,0.024421138857304823,0.0,0.23286880816487643,0.0,0.0,6,,0.006105284714326206,0.05821720204121911,0.003663170828595723,5.8217202041219105,8.228848822316415,normal
job_000009,Rwanda,80,3.4550249433106575,monitoring,0.0,0.16666666666666666,0.046415473198747684,0.0,0.0,0.0,0.0,6,,0.06160386829968692,0.024999999999999998,0.03196232097981215,6.160386829968692,7.980633383234688,normal
job_000009,Rwanda,81,3.4982127551020405,monitoring,0.0,0.16666666666666666,0.047926372872001126,0.0,0.0,0.0,0.0,6,,0.06198159321800028,0.024999999999999998,0.032188955930800164,6.198159321800028,7.766736495862529,normal
job_000009,Rwanda,82,3.541400566893424,monitoring,0.0,0.0,0.03148409660570698,0.0,0.0,0.0,0.0,6,,0.007871024151426745,0.0,0.004722614490856047,0.7871024151426745,6.929180406176147,normal
job_000009,Rwanda,83,3.584588378684807,monitoring,0.0,0.0,0.031202319290757813,0.16088500729337324,0.0,0.0,0.0,6,,0.007800579822689453,0.05630975255268063,0.004680347893613671,5.630975255268063,6.773395788067177,normal
job_000009,Rwanda,84,3.6277761904761903,monitoring,0.0,0.0,0.0,0.5326356547371548,0.0,0.19444444444444442,0.0,6,,0.019444444444444445,0.18642247915800417,0.03888888888888889,18.642247915800418,8.197658043395165,normal
job_000009,Rwanda,85,3.670964002267574,monitoring,0.0,0.0,0.0,0.45887513128648644,0.015386055139443784,0.0,0.0,6,,0.0,0.16445280973513118,0.0,16.445280973513118,9.18737279500932,normal
job_000009,Rwanda,86,3.714151814058957,monitoring,0.0031445116554697553,0.0,0.0,0.875485284130078,0.0,0.0,0.0,6,,0.0011005790794144142,0.3072059773593947,0.0006289023310939511,30.72059773593947,11.77135978792094,normal
job_000009,Rwanda,87,3.75733962585034,monitoring,0.005789833464345891,0.0,0.0,0.4255574377931818,0.0,0.0,0.0,6,,0.0020264417125210616,0.1503925615937001,0.0011579666928691783,15.03925615937001,12.163507352494827,normal
job_000009,Rwanda,88,3.8005274376417235,monitoring,0.041690506205925515,0.16864965463952,0.0,0.15924857847477886,0.2957047906495737,0.0,0.0,6,,0.06518657356392993,0.1653832748759754,0.0336355494371131,16.53832748759754,12.688485768707153,normal
job_000009,Rwanda,89,3.8437152494331066,monitoring,0.016017109369484448,0.0,0.0,1.0,0.19353533742745066,0.0,0.0,6,,0.005605988279319556,0.4023881116992338,0.00320342187389689,40.23881116992338,15.9945248168531,normal
job_000009,Rwanda,90,3.8869030612244897,monitoring,0.0,0.5,0.0,1.0,0.26583412001635964,0.19444444444444442,0.0,6,,0.16944444444444445,0.4914585300040899,0.11388888888888889,49.14585300040899,19.972684198879808,normal
job_000009,Rwanda,91,3.930090873015873,monitoring,0.05351081131065796,0.1739789872388408,0.0,0.11377367668248174,0.15801329872040393,0.0,0.0,6,,0.07092248013038252,0.1187986624324602,0.03679901034795771,11.87986624324602,19.001546044203753,normal
job_000009,Rwanda,92,3.9732786848072563,monitoring,0.0,0.16666666666666666,0.0,0.08177826931299133,0.0,0.0,0.0,6,,0.049999999999999996,0.05362239425954696,0.024999999999999998,5.362239425954696,17.364829250013866,normal
job_000009,Rwanda,93,4.016466496598639,monitoring,0.05170062896331645,0.16666666666666666,0.0,0.13691919102858785,0.0,0.0,0.0,6,,0.06809522013716075,0.08584687410083486,0.03534012579266329,8.584687410083486,16.31121222922222,normal
job_000009,Rwanda,94,4.059654308390023,monitoring,0.0,0.16666666666666666,0.0,0.13767841269741865,0.0837841588672696,0.0,0.0,6,,0.049999999999999996,0.09413348416091392,0.024999999999999998,9.413348416091392,15.483468571646522,normal
job_000009,Rwanda,95,4.102842120181406,monitoring,0.0,0.3635483178479603,0.0,0.0,0.2386525104588503,0.0,0.0,6,,0.1090644953543881,0.11419537529190663,0.05453224767719405,11.419537529190663,14.99579684655182,normal
job_000009,Rwanda,96,4.146029931972789,monitoring,0.0,0.16666666666666666,0.0,0.0,0.23323984421222022,0.0,0.0,6,,0.049999999999999996,0.08330996105305505,0.024999999999999998,8.330996105305505,14.196020757602263,normal
job_000009,Rwanda,97,4.189217743764172,monitoring,0.0,0.33475771790544195,0.0,1.0,0.15607092590434024,0.0,0.0,6,,0.10042731537163259,0.43923138916190135,0.050213657685816294,43.92313891619013,17.763274936632804,normal
job_000009,Rwanda,98,4.232405555555555,monitoring,0.11849470108188867,0.2429187442453969,0.0,1.0,0.08145023708546345,0.13888888888888884,0.0,6,,0.12823765754116898,0.43642404617864755,0.08791452963096504,43.642404617864756,20.86877049838064,normal
job_000009,Rwanda,99,4.275593367346938,monitoring,0.0,0.4427180013118486,0.0,1.0,0.1695926035661748,0.0,0.0,6,,0.13281540039355458,0.45880585108832095,0.06640770019677729,45.88058510883209,23.870188251634815,normal
job_000009,Rwanda,100,4.3187811791383215,monitoring,0.0,0.5,0.0,0.0,0.0,0.19444444444444442,0.0,6,,0.16944444444444445,0.075,0.11388888888888889,16.944444444444446,23.039098994771972,normal
job_000009,Rwanda,101,4.3619689909297055,monitoring,0.09707778757323156,0.2589907123881401,0.07560750020635212,1.0,0.020527962167072995,0.0,0.0,6,,0.13057631441866108,0.41825004429329715,0.06960528940382014,41.82500442932972,25.2934076469189,normal
job_000009,Rwanda,102,4.405156802721089,monitoring,0.09082364157950812,0.3672065959940556,0.06911231149478246,1.0,0.0,0.0,0.0,6,,0.15922833122474012,0.4277868997939853,0.08361256443922732,42.778689979398536,27.391641526816457,normal
job_000009,Rwanda,103,4.448344614512472,monitoring,0.04470899072175477,0.23823797576636555,0.0,0.0,0.22198465127660655,0.0,0.0,6,,0.08711953948252382,0.10240910686454516,0.04467749450930578,10.240910686454516,25.333553825973024,normal
job_000009,Rwanda,104,4.491532426303855,monitoring,0.079673524360178,0.47185320289899835,0.0,0.0,0.09401865906721897,0.0,0.0,6,,0.1694416943957618,0.11420102629169898,0.08671268530688535,16.94416943957618,24.326827699605403,normal
job_000009,Rwanda,105,4.534720238095238,monitoring,0.0958274795017334,0.2020701514052105,0.0,0.5499111133011648,0.04250708715684758,0.0,0.0,6,,0.09416066324716985,0.2573630540308345,0.049476018611128256,25.73630540308345,24.495965024022766,normal
job_000009,Rwanda,106,4.577908049886621,monitoring,0.0,0.02742626495020384,0.0,0.0,0.29221708407651154,0.19444444444444442,0.0,6,,0.027672323929505596,0.07716821076165846,0.043002828631419465,7.716821076165846,22.482467750279937,normal
job_000009,Rwanda,107,4.621095861678005,monitoring,0.0,0.0,0.0,0.03214648742761767,0.2789056621825759,0.19444444444444442,0.0,6,,0.019444444444444445,0.08097768614531016,0.03888888888888889,8.097768614531017,20.75630385399007,normal
job_000009,Rwanda,108,4.664283673469388,monitoring,0.0,0.0,0.0,0.44636559397799686,0.2584454256952526,0.19444444444444442,0.0,6,,0.019444444444444445,0.22083931431611203,0.03888888888888889,22.083931431611205,20.915619163304605,normal
job_000009,Rwanda,109,4.707471485260771,monitoring,0.02611806797866312,0.2920001121920613,0.0,0.0,0.2752381981663285,0.0,0.0,6,,0.09674135745015047,0.1191390833650571,0.04902363042454182,11.91390833650571,19.835413864088736,normal
job_000009,Rwanda,110,4.750659297052154,monitoring,0.015078832950505102,0.27044558147385644,0.0,1.0,0.0,0.0,0.0,6,,0.08641126597483371,0.3943365454587047,0.04358260381117948,39.433654545870475,22.187202745902546,normal
job_000009,Rwanda,111,4.793847108843537,monitoring,0.049048127372338025,0.7698977477057872,0.0,1.0,0.0,0.0,0.0,6,,0.24813616889205448,0.47774669399895253,0.12529428763033568,47.77466939989525,25.25769874438167,normal
job_000009,Rwanda,112,4.83703492063492,monitoring,0.0,0.5,0.045577105542139264,1.0,0.2576679949513421,0.0,0.0,6,,0.1613942763855348,0.4894169987378355,0.08183656583132089,48.94169987378355,28.0997788799099,normal
job_000009,Rwanda,113,4.8802227324263034,monitoring,0.0,0.0,0.0,1.0,0.26701762920749134,0.0,0.0,6,,0.0,0.4167544073018728,0.0,41.67544073018728,29.728858301943184,normal
job_000009,Rwanda,114,4.923410544217687,monitoring,0.0,0.18411768215831356,0.0,0.17670121439759615,0.10402446572637761,0.0,0.0,6,,0.055235304647494064,0.11546919379450007,0.027617652323747032,11.546919379450008,27.547025631244004,normal
job_000009,Rwanda,115,4.9665983560090705,monitoring,0.0,0.0,0.0,0.0,0.0,0.0,0.0,6,,0.0,0.0,0.0,0.0,24.241382555494724,normal
job_000009,Rwanda,116,5.009786167800454,monitoring,0.0,0.026809549497038863,0.0,1.0,0.0,0.0,0.0,6,,0.008042864849111658,0.3540214324245558,0.004021432424555829,35.40214324245558,25.580673837930025,normal
job_000009,Rwanda,117,5.052973979591837,monitoring,0.0,0.4196697795769886,0.0,0.9453219216886237,0.10259869536317501,0.0,0.0,6,,0.12590093387309656,0.4194628133683603,0.06295046693654828,41.94628133683603,27.544546737798747,normal
job_000009,Rwanda,118,5.09616179138322,monitoring,0.0,0.1702268606347967,0.0,0.49503175513778636,0.0,0.0,0.0,6,,0.051068058190439004,0.19879514339344473,0.025534029095219502,19.879514339344475,26.624742849984237,normal
job_000009,Rwanda,119,5.139349603174603,monitoring,0.0,0.16666666666666666,0.0,1.0,0.0,0.0,0.0,6,,0.049999999999999996,0.375,0.024999999999999998,37.5,27.92977370798613,normal
job_000009,Rwanda,120,5.182537414965986,monitoring,0.0032443784298146613,0.2646295352881693,0.0,1.0,0.0,0.0,0.0,6,,0.08052439303688591,0.390505524900679,0.040343305979188324,39.0505524900679,29.26426716183594,normal
job_000009,Rwanda,121,5.22572522675737,monitoring,0.0,0.0,0.0,0.39855023022756436,0.03642876200210764,0.0,0.0,6,,0.0,0.14859977108017444,0.0,14.859977108017445,27.53575235537772,normal
job_000009,Rwanda,122,5.268913038548753,monitoring,0.0,0.00035622824716629074,0.0,0.8566839660766541,0.0,0.0,0.0,6,,0.00010686847414988722,0.29989282236390385,5.343423707494361e-05,29.989282236390384,27.83017594109924,normal
job_000009,Rwanda,123,5.312100850340136,monitoring,0.12318207187639463,0.6666666666666666,0.0,1.0,0.0,0.0,0.0,6,,0.2431137251567381,0.48079551796909864,0.12463641437527892,48.07955179690986,30.260101043796517,normal
job_000009,Rwanda,124,5.355288662131519,monitoring,0.29295395294674526,0.6666666666666666,0.0,1.0,0.0,0.0,0.0,6,,0.3025338835313608,0.5232384882366863,0.15859079058934905,52.32384882366863,32.90775077738117,normal
job_000009,Rwanda,125,5.398476473922902,monitoring,0.14721520389784443,0.6666666666666666,0.0,1.0,0.26274253710919504,0.0,0.0,6,,0.25152532136424555,0.5524894352517599,0.12944304077956886,55.24894352517599,35.58869390711655,normal
job_000009,Rwanda,126,5.441664285714285,monitoring,0.0,0.0006973001654816129,0.0,1.0,0.0,0.0,0.0,6,,0.00020919004964448386,0.3501045950248222,0.00010459502482224193,35.01045950248222,35.51930577856043,normal
job_000009,Rwanda,127,5.4848520975056685,monitoring,0.01706501962259555,0.24145570977658362,0.0,0.4920495282476001,0.17107954104893983,0.0,0.0,6,,0.07840946980088352,0.2554718315210314,0.039631360391006655,25.54718315210314,34.32265106338556,normal
job_000009,Rwanda,128,5.5280399092970525,monitoring,0.0,0.04563875924370406,0.0,0.0,0.0,0.0,0.0,6,,0.013691627773111217,0.0068458138865556085,0.0068458138865556085,1.3691627773111217,30.368232469056622,normal
job_000009,Rwanda,129,5.571227721088436,monitoring,0.0,0.0,0.0,0.49419109313582416,0.04788287640951992,0.0,0.0,6,,0.0,0.18493760169991844,0.0,18.493760169991845,28.943295793168847,normal
job_000009,Rwanda,130,5.614415532879819,monitoring,0.0,0.0,0.0,0.9187082645759931,0.2825653541463391,0.0,0.0,6,,0.0,0.3921892311381823,0.0,39.218923113818235,30.176371071646777,normal
job_000009,Rwanda,131,5.657603344671202,monitoring,0.0,0.0,0.0,0.12224465928578283,0.0,0.0,0.0,6,,0.0,0.04278563075002399,0.0,4.278563075002399,27.068634112049452,normal
job_000009,Rwanda,132,5.700791156462585,monitoring,0.0,0.05047207644775107,0.0,1.0,0.08212985802535497,0.0,0.0,6,,0.01514162293432532,0.37810327597350135,0.00757081146716266,37.81032759735014,28.357637330285534,normal
job_000009,Rwanda,133,5.743978968253968,monitoring,0.0,0.5,0.0,0.0,0.24153274413633138,0.0,0.0,6,,0.15,0.13538318603408284,0.075,15.0,26.75472085065127,normal
job_000009,Rwanda,134,5.787166780045351,monitoring,0.0,0.3887069849841293,0.0,0.0,0.17495481983899527,0.19444444444444442,0.0,6,,0.13605653993968325,0.10204475270736821,0.09719493663650829,13.605653993968325,25.176832827849317,normal
job_000009,Rwanda,135,5.830354591836735,monitoring,0.0,0.14323459643510733,0.0,0.0,0.2725137427105594,0.19444444444444442,0.0,6,,0.06241482337497664,0.08961362514290594,0.06037407835415499,8.961362514290593,23.23097639022227,normal
job_000009,Rwanda,136,5.873542403628118,monitoring,0.0,0.20889005162898158,0.0,0.0,0.231875286627731,0.19444444444444442,0.0,6,,0.08211145993313891,0.08930232940127998,0.07022239663323612,8.930232940127999,21.514887176210955,normal
job_000009,Rwanda,137,5.916730215419501,monitoring,0.0,0.0,0.0,0.32069961668383645,0.10886996953703144,0.19444444444444442,0.0,6,,0.019444444444444445,0.13946235822360062,0.03888888888888889,13.946235822360062,20.60664901374885,normal
job_000009,Rwanda,138,5.959918027210884,monitoring,0.0,0.5,0.0,1.0,0.2277729999427529,0.0,0.0,6,,0.15,0.4819432499856882,0.075,48.194324998568824,23.91717013192725,normal
job_000009,Rwanda,139,6.003105839002267,monitoring,0.0,0.0,0.0,0.0,0.0,0.19444444444444442,0.0,6,,0.019444444444444445,0.0,0.03888888888888889,3.888888888888889,21.513776382762646,normal
job_000009,Rwanda,140,6.04629365079365,monitoring,0.0,0.5,0.0,1.0,0.0805788154883778,0.0,0.0,6,,0.15,0.4451447038720944,0.075,44.51447038720944,24.273859663296264,normal
job_000009,Rwanda,141,6.0894814625850335,monitoring,0.0,0.0,0.0,0.0,0.07990617076668523,0.19444444444444442,0.0,6,,0.019444444444444445,0.019976542691671307,0.03888888888888889,3.888888888888889,21.827663170367376,normal
job_000009,Rwanda,142,6.1326692743764175,monitoring,0.0,0.04551197282039955,0.0,0.5112478026903711,0.0,0.19444444444444442,0.0,6,,0.033098036290564306,0.1857635268646898,0.04571568481194882,18.57635268646898,21.43750591229957,normal
job_000009,Rwanda,143,6.175857086167801,monitoring,0.0,0.04657254678713423,0.0,0.42444875057344705,0.0,0.0,0.0,6,,0.013971764036140269,0.15554294471877658,0.0069858820180701345,15.554294471877657,20.73152053944894,normal
job_000009,Rwanda,144,6.219044897959184,monitoring,0.0,0.3408852866201019,0.0,0.0,0.0,0.0,0.0,6,,0.10226558598603057,0.051132792993015284,0.051132792993015284,10.226558598603058,19.470925106547433,normal
job_000009,Rwanda,145,6.262232709750567,monitoring,0.01118775206703737,0.034328648868394575,0.0,0.0,0.024965810498368105,0.0,0.0,6,,0.014214307883981451,0.014187687971610553,0.00738684774366666,1.4214307883981452,17.304985788369518,normal
job_000009,Rwanda,146,6.30542052154195,monitoring,0.0,0.09006656984316301,0.0,0.4369677091413849,0.2847146848898453,0.0,0.0,6,,0.0270199709529489,0.23762735489842046,0.01350998547647445,23.762735489842047,18.07991575254622,normal
job_000009,Rwanda,147,6.348608333333333,monitoring,0.0,0.20887482779562636,0.0,0.0,0.0,0.13888888888888884,0.0,6,,0.07655133722757679,0.03133122416934395,0.05910900194712172,7.655133722757679,16.828941908971593,normal
job_000009,Rwanda,148,6.391796145124716,monitoring,0.0,0.1888418346679455,0.0,1.0,0.07640307250705904,0.13888888888888884,0.0,6,,0.07054143928927253,0.39742704332695655,0.056104052977969596,39.74270433269565,19.57859339981848,normal
job_000009,Rwanda,149,6.4349839569161,monitoring,0.004906345308901727,0.1817272011447482,0.0,0.0,0.08140704929866867,0.0,0.0,6,,0.05623538120154006,0.048837428823604825,0.028240349233492574,5.623538120154007,17.903986766258743,normal
job_000009,Rwanda,150,6.478171768707483,monitoring,0.0,0.6347731543789435,0.0,1.0,0.0,0.0,0.0,6,,0.19043194631368307,0.4452159731568415,0.09521597315684154,44.521597315684154,21.098100032189794,normal
job_000009,Rwanda,151,6.521359580498866,monitoring,0.0,0.18471991824516382,0.0,0.0,0.0,0.0,0.0,6,,0.055415975473549144,0.027707987736774572,0.027707987736774572,5.541597547354915,19.231319734009606,normal
job_000009,Rwanda,152,6.564547392290249,monitoring,0.0,0.16666666666666666,0.0,0.0,0.12946785142291337,0.0,0.0,6,,0.049999999999999996,0.05736696285572834,0.024999999999999998,5.736696285572834,17.61196492019719,normal
job_000009,Rwanda,153,6.607735204081632,monitoring,0.0,0.16666666666666666,0.0,0.0,0.22388560039282582,0.0,0.0,6,,0.049999999999999996,0.08097140009820646,0.024999999999999998,8.097140009820645,16.470185930952006,normal
job_000009,Rwanda,154,6.6509230158730155,monitoring,0.003128022957300629,0.16866544288973304,0.0,0.0,0.0,0.0,0.0,6,,0.05169444090197513,0.02608182217278511,0.02592542102492008,5.169444090197513,15.114096910061466,normal
job_000009,Rwanda,155,6.694110827664399,monitoring,0.04135117270479373,0.3333333333333333,0.0,0.11270314831023531,0.0,0.0,0.0,6,,0.11447291044667779,0.09978389508478079,0.05827023454095874,11.447291044667779,14.674080206214223,normal
job_000009,Rwanda,156,6.737298639455783,monitoring,0.0,0.20428711565600793,0.0,0.39849227437498186,0.0,0.0,0.0,6,,0.06128613469680238,0.17011536337964484,0.03064306734840119,17.011536337964483,14.954574942024255,normal
job_000009,Rwanda,157,6.780486451247166,monitoring,0.0,0.0,0.0,0.0,0.0,0.0,0.0,6,,0.0,0.0,0.0,0.0,13.160025948981344,normal
job_000009,Rwanda,158,6.823674263038549,monitoring,0.017605220658535287,0.16666666666666666,0.0,0.0,0.04097883974572493,0.0,0.0,6,,0.05616182723048735,0.03964601510106505,0.028521044131707057,5.616182723048735,12.254764761869431,normal
job_000009,Rwanda,159,6.866862074829932,monitoring,0.001152654401794631,0.19953004630110205,0.0,0.0,0.276065957447391,0.0,0.0,6,,0.06026244293095873,0.0992341599074617,0.030160037825524233,9.92341599074617,11.97500290933464,normal
job_000009,Rwanda,160,6.910049886621315,monitoring,0.001185264290554888,0.6575230723863079,0.0,0.0,0.0,0.0,0.0,6,,0.1976717642175866,0.0989247769305849,0.09886551371605716,19.76717642175866,12.910063730825522,normal
job_000009,Rwanda,161,6.953237698412698,monitoring,0.0,0.24674878827811,0.0,0.0,0.2647124832816715,0.13888888888888884,0.0,6,,0.08791352537232187,0.10319043906213438,0.06479009601949426,10.319043906213437,12.59914135187207,normal
job_000009,Rwanda,162,6.996425510204081,monitoring,0.0,0.0,0.0,0.06306483265783178,0.0,0.0,0.0,6,,0.0,0.02207269143024112,0.0,2.207269143024112,11.352116686810316,normal
job_000009,Rwanda,163,7.039613321995465,monitoring,0.0,0.0,0.0,0.0,0.1302142127659123,0.0,0.0,6,,0.0,0.032553553191478075,0.0,3.2553553191478075,10.380505322690814,normal
job_000009,Rwanda,164,7.082801133786848,monitoring,0.0,0.17075638434980464,0.0,0.0,0.10206519587387464,0.13888888888888884,0.0,6,,0.06511580419383027,0.051129756620939354,0.053391235430248464,6.511580419383027,9.916234334293879,normal
job_000009,Rwanda,165,7.125988945578231,monitoring,0.0,0.23808944080913308,0.0,0.0,0.0,0.0,0.0,6,,0.07142683224273992,0.03571341612136996,0.03571341612136996,7.142683224273992,9.583408201091494,normal
job_000009,Rwanda,166,7.169176757369614,monitoring,0.0,0.0,0.0,0.41996829622593135,0.09053987109593664,0.0,0.0,6,,0.0,0.16962387145306013,0.0,16.962387145306014,10.468885674397237,normal
job_000009,Rwanda,167,7.212364569160997,monitoring,0.0,0.0,0.0,0.37227389815074685,0.0,0.0,0.0,6,,0.0,0.1302958643527614,0.0,13.029586435276139,10.776169765702704,normal
job_000009,Rwanda,168,7.2555523809523805,monitoring,0.0,0.0,0.0,0.0,0.00808359627464375,0.0,0.0,6,,0.0,0.0020208990686609377,0.0,0.20208990686609377,9.50728018264231,normal
job_000009,Rwanda,169,7.298740192743764,monitoring,0.0,0.0,0.0,0.0,0.18234630032846663,0.0,0.0,6,,0.0,0.04558657508211666,0.0,4.558657508211666,8.913445461710634,normal
job_000009,Rwanda,170,7.341928004535148,monitoring,0.0,0.0,0.0,0.0,0.08621463419386312,0.0,0.0,6,,0.0,0.02155365854846578,0.0,2.155365854846578,8.102475908886948,normal
job_000009,Rwanda,171,7.385115816326531,monitoring,0.0,0.0,0.0,0.40768728626032635,0.0,0.19444444444444442,0.0,6,,0.019444444444444445,0.1426905501911142,0.03888888888888889,14.26905501911142,8.842465402113884,normal
job_000009,Rwanda,172,7.428303628117914,monitoring,0.0,0.18587064956536228,0.0,0.10997659325170842,0.28236904625162446,0.0,0.0,6,,0.055761194869608684,0.13696466663580842,0.027880597434804342,13.696466663580843,9.42494555348992,normal
job_000009,Rwanda,173,7.471491439909297,monitoring,0.0,0.025854112418024208,0.0,0.5596446751398673,0.25620082706756625,0.0,0.0,6,,0.007756233725407262,0.2638039599285487,0.003878116862703631,26.380395992854872,11.459599606213715,normal
job_000009,Rwanda,174,7.51467925170068,monitoring,0.0,0.5,0.0,0.0,0.197797498045533,0.0,0.0,6,,0.15,0.12444937451138324,0.075,15.0,11.884447653468069,normal
job_000009,Rwanda,175,7.557867063492063,monitoring,0.0,0.2827015492720508,0.0,0.20010642452436786,0.23064277974822991,0.13888888888888884,0.0,6,,0.09869935367050413,0.17010317591139384,0.07018301016858539,17.010317591139383,12.499552045988628,normal
job_000009,Rwanda,176,7.601054875283447,monitoring,0.0,0.6666666666666666,0.0,0.0,0.15118801378324948,0.13888888888888884,0.0,6,,0.21388888888888888,0.13779700344581236,0.12777777777777777,21.38888888888889,13.566272467136658,normal
job_000009,Rwanda,177,7.64424268707483,monitoring,0.0033348284387322725,0.5055566188191346,0.0,0.0,0.0,0.13888888888888884,0.0,6,,0.16672306448818558,0.07666719993255326,0.10427823628839442,16.672306448818556,13.938996544938487,normal
job_000009,Rwanda,178,7.687430498866213,monitoring,0.0,0.6666666666666666,0.0,0.0,0.0,0.13888888888888884,0.0,6,,0.21388888888888888,0.09999999999999999,0.12777777777777777,21.38888888888889,14.832983626212535,normal
job_000009,Rwanda,179,7.730618310657596,monitoring,0.0,0.0,0.0,0.2182658471764046,0.11939841093968993,0.324074074074074,0.0,6,,0.032407407407407406,0.10624264924666409,0.06481481481481481,10.62426492466641,14.327937382026999,normal
job_000009,Rwanda,180,7.773806122448979,monitoring,0.0,0.5,0.0,1.0,0.2399457175888013,0.0,0.0,6,,0.15,0.4849864293972003,0.075,48.498642939720035,18.42842204895016,normal
job_000009,Rwanda,181,7.8169939342403625,monitoring,0.0,0.2873245147487855,0.0,0.0,0.21542578688856737,0.0,0.0,6,,0.08619735442463565,0.09695512393445967,0.043098677212317825,9.695512393445966,17.38047289028966,normal
job_000009,Rwanda,182,7.860181746031746,monitoring,0.0,0.6666666666666666,0.0,0.0,0.0,0.13888888888888884,0.0,6,,0.21388888888888888,0.09999999999999999,0.12777777777777777,21.38888888888889,17.861482810121565,normal
job_000009,Rwanda,183,7.9033695578231296,monitoring,0.0,0.5150046194959513,0.0,0.0,0.15937747423975754,0.13888888888888884,0.0,6,,0.1683902747376743,0.11709506148433207,0.10502847070217047,16.83902747376743,17.73878816975907,normal
job_000009,Rwanda,184,7.946557369614513,monitoring,0.0,0.5936156443240571,0.0,1.0,0.0,0.13888888888888884,0.0,6,,0.19197358218610602,0.43904234664860853,0.11682012442638634,43.90423466486085,20.87864174917128,normal
job_000009,Rwanda,185,7.989745181405896,monitoring,0.0,0.29917697359935264,0.0,0.0,0.0,0.13888888888888884,0.0,6,,0.10364198096869467,0.0448765460399029,0.07265432381768067,10.364198096869467,19.616908510895062,normal
job_000009,Rwanda,186,8.032932993197278,monitoring,0.0,0.36779255124227295,0.0,0.7905917160705976,0.15866073857252067,0.13888888888888884,0.0,6,,0.12422665426157076,0.3715411679541803,0.08294666046411871,37.15411679541803,21.721373505037818,normal
job_000009,Rwanda,187,8.076120804988662,monitoring,0.0,0.3279954809180462,0.0,0.0,0.24460419481100992,0.0,0.0,6,,0.09839864427541385,0.1103503708404594,0.049199322137706926,11.035037084045939,20.43901313451879,normal
job_000009,Rwanda,188,8.119308616780046,monitoring,0.0,0.5,0.0,1.0,0.18141180901637446,0.0,0.0,6,,0.15,0.4703529522540936,0.075,47.035295225409364,23.63056698542566,normal
job_000009,Rwanda,189,8.162496428571428,monitoring,0.0,0.0,0.0,0.0,0.12039840795575743,0.19444444444444442,0.0,6,,0.019444444444444445,0.030099601988939358,0.03888888888888889,3.888888888888889,21.261565613841245,normal
job_000009,Rwanda,190,8.205684240362812,monitoring,0.0,0.0,0.0,0.0,0.29627793849456424,0.0,0.0,6,,0.0,0.07406948462364106,0.0,7.406948462364106,19.59901155566399,normal
job_000009,Rwanda,191,8.248872052154194,monitoring,0.0,0.09334205874881595,0.0,0.0,0.20191897354722232,0.0,0.0,6,,0.028002617624644784,0.06448105219912798,0.014001308812322392,6.448105219912797,18.020902795373846,normal
job_000009,Rwanda,192,8.292059863945578,monitoring,0.0,0.22709586403999688,0.0,0.0,0.0,0.0,0.0,6,,0.06812875921199905,0.03406437960599953,0.03406437960599953,6.812875921199906,16.675939570472973,normal
job_000009,Rwanda,193,8.33524767573696,monitoring,0.0,0.0,0.0,0.9260391580503343,0.035471412286855256,0.0,0.0,6,,0.0,0.33298155838933086,0.0,33.298155838933084,18.670605522688184,normal
job_000009,Rwanda,194,8.378435487528344,monitoring,0.0,0.2687662904324009,0.0,1.0,0.242856073735087,0.0,0.0,6,,0.08062988712972027,0.45102896199863185,0.04031494356486014,45.10289619986318,21.842480403949185,normal
job_000009,Rwanda,195,8.421623299319728,monitoring,0.0,0.0,0.0,0.3372874331770393,0.255375780476273,0.0,0.0,6,,0.0,0.181894546731032,0.0,18.1894546731032,21.404117316247667,normal
job_000009,Rwanda,196,8.46481111111111,monitoring,0.0,0.09575465776967516,0.0,0.041342999710330605,0.2519562540746283,0.0,0.0,6,,0.02872639733090255,0.09182231208272407,0.014363198665451275,9.182231208272407,19.937490983290637,normal
job_000009,Rwanda,197,8.507998922902495,monitoring,0.0,0.0,0.0,0.0,0.2759873713613681,0.0,0.0,6,,0.0,0.06899684284034202,0.0,6.899684284034202,18.372954179379867,normal
job_000009,Rwanda,198,8.551186734693877,monitoring,0.0,0.2026610101603432,0.0,0.0,0.1458262415982319,0.0,0.0,6,,0.060798303048102964,0.06685571192360945,0.030399151524051482,6.685571192360945,16.970468220937597,normal
job_000009,Rwanda,199,8.59437454648526,monitoring,0.0,0.0,0.0,0.6660455776910289,0.07187934350215114,0.0,0.0,6,,0.0,0.2510857880673979,0.0,25.10857880673979,17.94704149123386,normal
job_000009,Rwanda,200,8.637562358276643,monitoring,0.0,0.3247022527874015,0.0,0.0,0.0,0.324074074074074,0.0,6,,0.12981808324362784,0.04870533791811022,0.11352015273292504,12.981808324362785,17.35121351120933,normal
job_000009,Rwanda,201,8.680750170068027,monitoring,0.0,0.14662342407520518,0.0,1.0,0.1796511533214512,0.324074074074074,0.0,6,,0.07639443462996895,0.4169063019416436,0.0868083284260956,41.690630194164356,20.271943513163933,normal
job_000009,Rwanda,202,8.723937981859411,monitoring,0.0,0.4568535971269304,0.0,0.0,0.0625297625227745,0.324074074074074,0.0,6,,0.16946348654548654,0.08416048019973318,0.13334285438385438,16.946348654548654,19.8728721301301,normal
job_000009,Rwanda,203,8.767125793650793,monitoring,0.0,0.1657506607597412,0.0,0.0,0.24544953773163666,0.324074074074074,0.0,6,,0.08213260563532976,0.08622498354687035,0.08967741392877598,8.967741392877599,18.5642564416598,normal
job_000009,Rwanda,204,8.810313605442177,monitoring,0.0,0.4194614660278228,0.2227361804380669,0.0,0.1872251930212712,0.5833333333333335,0.0,6,,0.2398558182511969,0.10972551815949122,0.21299631363655014,23.985581825119688,19.214815487674986,normal
job_000009,Rwanda,205,8.85350141723356,monitoring,0.0,0.039839053767276734,0.22656385692786152,0.0,0.18026006872708086,0.5833333333333335,0.0,6,,0.12692601369548173,0.051040875246861725,0.15662710327093743,15.662710327093743,18.788562868405236,normal
job_000009,Rwanda,206,8.896689229024943,monitoring,0.0,0.18850384152965285,0.22735581028855578,0.0,0.15652404295910036,0.5833333333333335,0.0,6,,0.17172343836436815,0.06740658696922301,0.17904561443939798,17.904561443939798,18.682482697469386,normal
job_000009,Rwanda,207,8.939877040816326,monitoring,0.0,0.0,0.2262117553417171,0.051834217585827264,0.13252700284092378,0.5833333333333335,0.0,6,,0.11488627216876263,0.051273726865270486,0.15059842996792427,15.059842996792428,18.247765933388152,normal
job_000009,Rwanda,208,8.98306485260771,monitoring,0.0,0.20189160210380916,0.0,0.0,0.24514043256409337,0.324074074074074,0.0,6,,0.09297488803855014,0.09156884845659471,0.09509855513038618,9.509855513038618,17.199216682946208,normal
job_000009,Rwanda,209,9.026252664399093,monitoring,0.0,0.06085165382891224,0.0,1.0,0.06633445837782187,0.324074074074074,0.0,6,,0.05066290355608108,0.3757113626687923,0.07394256288915164,37.57113626687923,19.643847033018172,normal
job_000009,Rwanda,210,9.069440476190476,monitoring,0.0,0.31721349141073985,0.0,0.15598779268460902,0.2690914057912597,0.13888888888888884,0.0,6,,0.10905293631211083,0.16945060259903905,0.07535980148938874,16.945060259903904,19.319992620244463,normal
job_000009,Rwanda,211,9.11262828798186,monitoring,0.0,0.0,0.0,0.32731383522662194,0.13730232873331707,0.324074074074074,0.0,6,,0.032407407407407406,0.14888542451264694,0.06481481481481481,14.888542451264694,18.78821859996689,normal
job_000009,Rwanda,212,9.155816099773242,monitoring,0.0,0.24504947916496295,0.23281733547235317,0.0,0.18704817632176193,0.5833333333333335,0.0,6,,0.19005251095091052,0.08351946595518492,0.1883466888622641,19.00525109509105,18.81426249938179,normal
job_000009,Rwanda,213,9.199003911564626,monitoring,0.0,0.14974175276375698,0.24248722721882407,1.0,0.2019823893307718,0.5833333333333335,0.0,6,,0.16387766596716646,0.4229568602472564,0.17550101366405385,42.29568602472564,21.63203332242305,normal
job_000009,Rwanda,214,9.24219172335601,monitoring,0.0,0.26617349297820786,0.0,0.8020048440105868,0.1165015694462636,0.19444444444444442,0.0,6,,0.0992964923379068,0.34975311171200246,0.07881491283562006,34.97531117120025,23.233226664276312,normal
job_000009,Rwanda,215,9.285379535147392,monitoring,0.0,0.12050557185063607,0.16287220921574525,1.0,0.0,0.48611111111111116,0.0,6,,0.12548083497023826,0.3680758357775954,0.13972888938217942,36.80758357775954,24.8621494938943,normal
job_000009,Rwanda,216,9.328567346938776,monitoring,0.0,0.48949068377286936,0.1530908148546755,0.6670052826622292,0.26190741723875377,0.48611111111111116,0.0,6,,0.2337310199566408,0.3723523058073991,0.19360944701635396,37.23523058073991,26.346919224315776,normal
job_000009,Rwanda,217,9.371755158730158,monitoring,0.0,0.3427238071839187,0.14762071034180543,0.0,0.1933996967409974,0.48611111111111116,0.0,6,,0.1883334308517381,0.09975849526283716,0.17077389985108085,18.83334308517381,25.44529008761874,normal
job_000009,Rwanda,218,9.414942970521542,monitoring,0.0,0.5,0.1455619476047024,1.0,0.2238244937166592,0.48611111111111116,0.0,6,,0.2350015980122867,0.4809561234291648,0.1940565143629276,48.095612342916475,28.163328758254472,normal
job_000009,Rwanda,219,9.458130782312924,monitoring,0.0,0.42358375262348336,0.14476143147628648,1.0,0.13042444674364664,0.48611111111111116,0.0,6,,0.21187659476722775,0.44614367457943416,0.1824739998371877,44.614367457943416,30.137453402217147,normal
job_000009,Rwanda,220,9.501318594104308,monitoring,0.0,0.5,0.13158117200191652,1.0,0.08104687318279696,0.48611111111111116,0.0,6,,0.23150640411159024,0.4452617182956992,0.19195939802250972,44.52617182956992,31.86409961349948,normal
job_000009,Rwanda,221,9.544506405895692,monitoring,0.0,0.4400827627818471,0.21220816979917978,1.0,0.0263240876531491,0.5833333333333335,0.0,6,,0.24341020461768242,0.42259343633056434,0.21451030655382072,42.25934363305643,33.11152889584631,normal
job_000009,Rwanda,222,9.587694217687075,monitoring,0.0,0.5,0.2028386432037134,1.0,0.02997818595511432,0.5833333333333335,0.0,6,,0.2590429941342617,0.43249454648877855,0.2220924631472237,43.24945464887786,34.3280799862101,normal
job_000009,Rwanda,223,9.630882029478459,monitoring,0.0,0.3756666373269664,0.0,0.0,0.3080961220094834,0.324074074074074,0.0,6,,0.14510739860549732,0.1333740261014158,0.12116481041385976,14.510739860549732,31.949999171130855,normal
job_000009,Rwanda,224,9.67406984126984,monitoring,0.0,0.4564103311240992,0.0,1.0,0.08967380613391818,0.324074074074074,0.0,6,,0.16933050674463715,0.44088000120209436,0.13327636448342967,44.088000120209436,33.406559285020286,normal
job_000009,Rwanda,225,9.717257653061225,monitoring,0.0,0.10174045787542481,0.0,0.4166733549368581,0.18016048046136404,0.324074074074074,0.0,6,,0.06292954477003485,0.20613686302455503,0.08007588349612853,20.613686302455502,31.871414527112513,normal
job_000009,Rwanda,226,9.760445464852607,monitoring,0.0,0.24259044658764609,0.0,0.0,0.0841210674201835,0.324074074074074,0.0,6,,0.10518454138370123,0.05741883384319278,0.10120338180296172,10.518454138370123,29.309059280463426,normal
job_000009,Rwanda,227,9.80363327664399,monitoring,0.0,0.4140002270924159,0.0,0.0,0.04790109430629023,0.324074074074074,0.0,6,,0.15660747553513218,0.07407530764043495,0.1269148488786772,15.660747553513218,27.671261873229405,normal
job_000009,Rwanda,228,9.846821088435375,monitoring,0.0,0.14470223567677018,0.0,0.0,0.0,0.324074074074074,0.0,6,,0.07581807811043846,0.021705335351515528,0.08652015016633034,8.652015016633035,25.38895225043784,normal
job_000009,Rwanda,229,9.890008900226757,monitoring,0.0,0.012165952457171376,0.0,1.0,0.0,0.19444444444444442,0.0,6,,0.023094230181595857,0.3518248928685757,0.040713781757464595,35.182489286857574,26.564176694808207,normal
job_000009,Rwanda,230,9.933196712018141,monitoring,0.0,0.12528767458652368,0.0,0.5361014147215886,0.0,0.19444444444444442,0.0,6,,0.057030746820401546,0.20642864634053454,0.05768204007686744,20.642864634053453,25.853619247517635,normal
job_000009,Rwanda,231,9.976384523809523,monitoring,0.0,0.0,0.0,0.0,0.05328575602128152,0.19444444444444442,0.0,6,,0.019444444444444445,0.01332143900532038,0.03888888888888889,3.888888888888889,23.217851604482185,normal
job_000009,Rwanda,232,10.019572335600907,monitoring,0.0,0.22498569542831273,0.0,1.0,0.0,0.0,0.0,6,,0.06749570862849381,0.3837478543142469,0.03374785431424691,38.37478543142469,25.036683663715284,normal
job_000009,Rwanda,233,10.06276014739229,monitoring,0.0,0.16666666666666666,0.0,1.0,0.11482369562092191,0.0,0.0,6,,0.049999999999999996,0.40370592390523047,0.024999999999999998,40.37059239052304,26.876752710932216,normal
job_000009,Rwanda,234,10.105947959183673,monitoring,0.0,0.26068623931657053,0.0,0.6501623230815198,0.0,0.13888888888888884,0.0,6,,0.09209476068386004,0.26665974897601746,0.06688071367526335,26.665974897601746,26.85145937333256,normal
job_000009,Rwanda,235,10.149135770975057,monitoring,0.0,0.3333333333333333,0.0,0.50611016742869,0.008250768753587977,0.0,0.0,6,,0.09999999999999999,0.22920125078843848,0.049999999999999996,22.92012507884385,26.379699257993913,normal
job_000009,Rwanda,236,10.19232358276644,monitoring,0.0,0.31046925218707,0.0,1.0,0.0,0.13888888888888884,0.0,6,,0.10702966454500988,0.3965703878280605,0.07434816560583826,39.65703878280605,27.972980000971372,normal
job_000009,Rwanda,237,10.235511394557824,monitoring,0.0,0.16666666666666666,0.0,0.4170462775010821,0.0,0.13888888888888884,0.0,6,,0.06388888888888888,0.17096619712537872,0.05277777777777777,17.096619712537873,26.66781676635935,normal
job_000009,Rwanda,238,10.278699206349206,monitoring,0.0,0.18237737158592787,0.0,0.0,0.0,0.13888888888888884,0.0,6,,0.06860210036466724,0.02735660573788918,0.05513438351566695,6.860210036466724,24.290903958772237,normal
job_000009,Rwanda,239,10.32188701814059,monitoring,0.0,0.16666666666666666,0.0,0.6432365162962244,0.0,0.13888888888888884,0.0,6,,0.06388888888888888,0.2501327807036785,0.05277777777777777,25.01327807036785,24.377588852163708,normal
job_000009,Rwanda,240,10.365074829931972,monitoring,0.0,0.5609268818939174,0.0,1.0,0.0,0.0,0.0,6,,0.1682780645681752,0.43413903228408757,0.0841390322840876,43.413903228408756,26.661946577313113,normal
job_000009,Rwanda,241,10.408262641723356,monitoring,0.0,0.3333333333333333,0.0,0.7538329830987001,0.0,0.0,0.0,6,,0.09999999999999999,0.313841544084545,0.049999999999999996,31.3841544084545,27.228611517050076,normal
job_000009,Rwanda,242,10.45145045351474,monitoring,0.0,0.3875933177348121,0.0,0.09458182957122942,0.0,0.0,0.0,6,,0.11627799532044363,0.09124263801015212,0.05813899766022181,11.627799532044362,25.356514078849393,normal
job_000009,Rwanda,243,10.494638265306122,monitoring,0.0,0.3333333333333333,0.0,0.7006394535647547,0.0,0.0,0.0,6,,0.09999999999999999,0.29522380874766413,0.049999999999999996,29.522380874766412,25.856418094359437,normal
job_000009,Rwanda,244,10.537826077097506,monitoring,0.0,0.4135699065999412,0.0,1.0,0.0,0.0,0.0,6,,0.12407097197998235,0.4120354859899912,0.062035485989991174,41.20354859899912,27.698073754916198,normal
job_000009,Rwanda,245,10.581013888888888,monitoring,0.0,0.4056910099281344,0.0,0.16542246987408088,0.25131684979071806,0.0,0.0,6,,0.12170730297844032,0.18158072839282796,0.06085365148922016,18.158072839282795,26.55327364504019,normal
job_000009,Rwanda,246,10.624201700680272,monitoring,0.0,0.3116908342726395,0.0,1.0,0.0,0.0,0.0,6,,0.09350725028179184,0.3967536251408959,0.04675362514089592,39.67536251408959,28.127924309326115,normal
job_000009,Rwanda,247,10.667389512471654,monitoring,0.0,0.16666666666666666,0.0,0.729753507441504,0.15245108602270496,0.0,0.0,6,,0.049999999999999996,0.3185264991102027,0.024999999999999998,31.85264991102027,28.57489138152941,normal
job_000009,Rwanda,248,10.710577324263038,monitoring,0.0,0.545527875334061,0.0,1.0,0.23956191747883784,0.0,0.0,6,,0.1636583626002183,0.4917196606698186,0.08182918130010915,49.17196606698186,31.046540343783704,normal
job_000009,Rwanda,249,10.753765136054422,monitoring,0.0,0.4096970234948491,0.0,0.8809678528499255,0.1335883904669497,0.0,0.0,6,,0.12290910704845473,0.40319039963843867,0.061454553524227365,40.31903996384386,32.15924029819092,normal
job_000009,Rwanda,250,10.796952947845805,monitoring,0.0,0.37047302390702447,0.0,0.0,0.0,0.0,0.0,6,,0.11114190717210734,0.05557095358605367,0.05557095358605367,11.114190717210734,29.6338343484733,normal
job_000009,Rwanda,251,10.840140759637189,monitoring,0.0,0.4344006408367595,0.06482840666819387,0.0,0.0674593864962176,0.24305555555555558,0.0,6,,0.17083284947363186,0.08202494274956831,0.12349546823685412,17.083284947363186,28.127768420340086,normal
job_000009,Rwanda,252,10.88332857142857,monitoring,0.0,0.0,0.0,0.022590284918112775,0.0,0.19444444444444442,0.0,6,,0.019444444444444445,0.007906599721339471,0.03888888888888889,3.888888888888889,25.21910287656594,normal
job_000009,Rwanda,253,10.926516383219955,monitoring,0.0,0.0,0.0,0.0,0.008483828115516536,0.324074074074074,0.0,6,,0.032407407407407406,0.002120957028879134,0.06481481481481481,6.481481481481481,22.970588309155808,normal
job_000009,Rwanda,254,10.969704195011337,monitoring,0.0,0.0,0.0,0.04741371389837928,0.002224848667662259,0.324074074074074,0.0,6,,0.032407407407407406,0.01715101203134831,0.06481481481481481,6.481481481481481,20.99189548983489,normal
job_000009,Rwanda,255,11.012892006802721,monitoring,0.0,0.16666666666666666,0.0,0.0,0.0,0.13888888888888884,0.0,6,,0.06388888888888888,0.024999999999999998,0.05277777777777777,6.388888888888888,19.239534697721368,normal
job_000009,Rwanda,256,11.056079818594105,monitoring,0.0,0.058547791192792346,0.0,0.0,0.20804843037838056,0.324074074074074,0.0,6,,0.04997174476524511,0.06079427627351399,0.07359698349373367,7.359698349373367,17.813954335919608,normal
job_000009,Rwanda,257,11.099267630385487,monitoring,0.0,0.4164880325140914,0.0,0.0,0.1494574147538905,0.13888888888888884,0.0,6,,0.1388352986431163,0.09983755856558632,0.09025098265489148,13.883529864311631,17.34230339932665,normal
job_000009,Rwanda,258,11.142455442176871,monitoring,0.0,0.8333333333333333,0.0,0.0,0.0,0.24305555555555558,0.0,6,,0.2743055555555555,0.12499999999999999,0.1736111111111111,27.430555555555554,18.55289365807412,normal
job_000009,Rwanda,259,11.185643253968253,monitoring,0.0,0.0,0.0,0.012138473073958095,0.25298448584037686,0.324074074074074,0.0,6,,0.032407407407407406,0.06749458703597955,0.06481481481481481,6.749458703597955,17.136481463536978,normal
job_000009,Rwanda,260,11.228831065759637,monitoring,0.0,0.26509498639880946,0.0,0.0,0.10375917560868277,0.324074074074074,0.0,6,,0.11193590332705025,0.06570404186199211,0.10457906277463623,11.193590332705025,16.42333452783714,normal
job_000009,Rwanda,261,11.27201887755102,monitoring,0.0,0.35859384227631386,0.0,0.0,0.13168139701561604,0.13888888888888884,0.0,6,,0.12146704157178304,0.08670942559535108,0.08156685411922485,12.146704157178304,15.910138883358082,normal
job_000009,Rwanda,262,11.315206689342403,monitoring,0.0,0.48448505244601425,0.0,0.0,0.21900927354105834,0.0,0.0,6,,0.14534551573380428,0.12742507625216673,0.07267275786690214,14.534551573380428,15.745068406160764,normal
job_000009,Rwanda,263,11.358394501133787,monitoring,0.0,0.0,0.0,0.5946616562046739,0.2701719239084321,0.19444444444444442,0.0,6,,0.019444444444444445,0.2756745606487439,0.03888888888888889,27.567456064874392,17.163754925206398,normal
job_000009,Rwanda,264,11.40158231292517,monitoring,0.0,0.526100515128977,0.0,0.22449575798866495,0.09687902426184956,0.41666666666666674,0.0,6,,0.1994968212053598,0.18170834863084168,0.16224841060267992,19.94968212053598,17.498066188645947,normal
job_000009,Rwanda,265,11.444770124716554,monitoring,0.07364024476263477,0.5982888177612244,0.0,1.0,0.06002107428612744,0.24305555555555558,0.0,6,,0.22956628655084504,0.47315865242637417,0.15308248272782174,47.315865242637415,21.076202075124925,normal
job_000009,Rwanda,266,11.487957936507936,monitoring,0.0402842776626054,0.6666666666666666,0.0,0.8742198139688547,0.016361467497323312,0.13888888888888884,0.0,6,,0.22798838607080077,0.42013837117908137,0.13583463331029885,42.01383711790814,23.58871828025891,normal
job_000009,Rwanda,267,11.53114574829932,monitoring,0.0,0.17342678354972493,0.0,0.4806120094085147,0.07736944030742994,0.41666666666666674,0.0,6,,0.09369470173158416,0.21357058090229636,0.1093473508657921,21.357058090229636,23.3209190574554,normal
job_000009,Rwanda,268,11.574333560090702,monitoring,0.04782031483997849,0.8333333333333333,0.0,1.0,0.03321014158094537,0.24305555555555558,0.0,6,,0.291042665749548,0.4952576141052309,0.18317517407910683,49.52576141052309,26.465500139823522,normal
job_000009,Rwanda,269,11.617521371882086,monitoring,0.01604842327201456,0.46861536963132344,0.0,1.0,0.27274750763614247,0.13888888888888884,0.0,6,,0.16009044792349103,0.49249128817173776,0.1012797678768792,49.249128817173776,29.19953558110555,normal
job_000009,Rwanda,270,11.66070918367347,monitoring,0.0,0.6666666666666666,0.0,1.0,0.10078470536145884,0.13888888888888884,0.0,6,,0.21388888888888888,0.47519617634036465,0.12777777777777777,47.519617634036464,31.39794542745726,normal
job_000009,Rwanda,271,11.703896995464852,monitoring,0.0,0.08881205264820487,0.14891153219795253,0.0,0.17157834666536034,0.5833333333333335,0.0,6,,0.12220483217728294,0.05621639456357082,0.15232520439359032,15.232520439359032,29.45809442888547,normal
job_000009,Rwanda,272,11.747084807256236,monitoring,0.0,0.5,0.1146225199412341,1.0,0.21525128029514928,0.324074074074074,0.0,6,,0.21106303739271592,0.47881282007378734,0.15700819280599992,47.881282007378736,31.668876938304663,normal
job_000009,Rwanda,273,11.790272619047618,monitoring,0.0,0.37195004044567426,0.0,0.0,0.26002179352077265,0.0,0.0,6,,0.11158501213370227,0.1207979544470443,0.055792506066851134,12.07979544470443,29.318187159072636,normal
job_000009,Rwanda,274,11.833460430839002,monitoring,0.0,0.5191553769630612,0.0,0.0,0.0687680531884793,0.13888888888888884,0.0,6,,0.16963550197780727,0.09506531984157901,0.10565108432223697,16.963550197780727,27.835630723717607,normal
job_000009,Rwanda,275,11.876648242630385,monitoring,0.0,0.6666666666666666,0.0,0.0,0.0,0.13888888888888884,0.0,6,,0.21388888888888888,0.09999999999999999,0.12777777777777777,21.38888888888889,27.06202170353816,normal
job_000009,Rwanda,276,11.919836054421769,monitoring,0.0,0.8333333333333333,0.0,0.0,0.22800810087238874,0.0,0.0,6,,0.24999999999999997,0.18200202521809716,0.12499999999999999,24.999999999999996,26.814579099113583,normal
job_000009,Rwanda,277,11.963023866213153,monitoring,0.06466219237349509,0.8333333333333333,0.0,0.0,0.0,0.0,0.0,6,,0.27263176733072325,0.14116554809337375,0.137932438474699,27.263176733072324,26.868410815188632,normal
job_000009,Rwanda,278,12.006211678004535,monitoring,0.00505679685996194,1.0,0.0,0.0,0.0,0.0,0.0,6,,0.30176987890098667,0.15126419921499049,0.1510113593719924,30.176987890098665,27.265440064177835,normal
job_000009,Rwanda,279,12.049399489795919,monitoring,0.0,0.4209290717192281,0.0,0.0,0.20510505056716913,0.0,0.0,6,,0.12627872151576844,0.11441562339967651,0.06313936075788422,12.627872151576844,25.508931914665716,normal
job_000009,Rwanda,280,12.0925873015873,monitoring,0.0,1.0,0.0,0.0,0.17463887702944703,0.0,0.0,6,,0.3,0.19365971925736175,0.15,30.0,26.047860084905828,normal
job_000009,Rwanda,281,12.135775113378685,monitoring,0.0,0.575232476864036,0.0,0.0,0.0,0.0,0.0,6,,0.1725697430592108,0.0862848715296054,0.0862848715296054,17.25697430592108,24.99295379142766,normal
job_000009,Rwanda,282,12.178962925170067,monitoring,0.0,0.6666666666666666,0.0,0.0,0.2807610543495259,0.0,0.0,6,,0.19999999999999998,0.17019026358738149,0.09999999999999999,20.0,24.39379933645634,normal
job_000009,Rwanda,283,12.222150736961451,monitoring,0.0,0.16666666666666666,0.0,0.0,0.17894801624603074,0.0,0.0,6,,0.049999999999999996,0.06973700406150768,0.024999999999999998,6.973700406150768,22.30338746481967,normal
job_000009,Rwanda,284,12.265338548752835,monitoring,0.0,0.8333333333333333,0.0,0.0,0.07036065323432326,0.0,0.0,6,,0.24999999999999997,0.1425901633085808,0.12499999999999999,24.999999999999996,22.626980969041313,normal
job_000009,Rwanda,285,12.308526360544217,monitoring,0.0,0.7336416618777868,0.0,0.0,0.18113209274813152,0.0,0.0,6,,0.22009249856333604,0.1553292724687009,0.11004624928166802,22.009249856333604,22.552853235516388,normal
job_000009,Rwanda,286,12.351714172335601,monitoring,0.0,0.8333333333333333,0.0,0.0,0.14275242327892862,0.0,0.0,6,,0.24999999999999997,0.16068810581973214,0.12499999999999999,24.999999999999996,22.84651084725442,normal
job_000009,Rwanda,287,12.394901984126983,monitoring,0.0,0.49678426652619845,0.0,0.0,0.2446441002148946,0.13888888888888884,0.0,6,,0.16292416884674843,0.1356786650326534,0.10229541775670753,16.292416884674843,22.06001957174487,normal
job_000009,Rwanda,288,12.438089795918367,monitoring,0.0,0.8333333333333333,0.0,0.0,0.15859088241750363,0.0,0.0,6,,0.24999999999999997,0.16464772060437588,0.12499999999999999,24.999999999999996,22.412817223135487,normal
job_000009,Rwanda,289,12.48127760770975,monitoring,0.0,0.6216542571812774,0.0,0.0,0.1892712641903997,0.0,0.0,6,,0.18649627715438322,0.14056595462479154,0.09324813857719161,18.64962771543832,21.96123448221183,normal
job_000009,Rwanda,290,12.524465419501134,monitoring,0.0,1.0,0.0,0.0,0.28088369375496625,0.0,0.0,6,,0.3,0.22022092343874156,0.15,30.0,22.92588634434641,normal
job_000009,Rwanda,291,12.567653231292518,monitoring,0.0,0.8333333333333333,0.0,0.0,0.13442137253326597,0.0,0.0,6,,0.24999999999999997,0.15860534313331648,0.12499999999999999,24.999999999999996,23.17477998302484,normal
job_000009,Rwanda,292,12.6108410430839,monitoring,0.0,0.0,0.16740585556314336,0.0,0.1889285246021542,0.48611111111111116,0.0,6,,0.09046257500189696,0.04723213115053855,0.12233310055669375,12.233310055669374,21.861803591742188,normal
job_000009,Rwanda,293,12.654028854875284,monitoring,0.0,0.0,0.0,0.0,0.0,0.19444444444444442,0.0,6,,0.019444444444444445,0.0,0.03888888888888889,3.888888888888889,19.70505382739979,normal
job_000009,Rwanda,294,12.697216666666666,monitoring,0.0,0.0,0.0,0.0,0.0,0.19444444444444442,0.0,6,,0.019444444444444445,0.0,0.03888888888888889,3.888888888888889,17.807114034778483,normal
job_000009,Rwanda,295,12.74040447845805,monitoring,0.0,0.12582429418100474,0.0,0.0,0.23255585209153185,0.0,0.0,6,,0.037747288254301424,0.07701260715003368,0.018873644127150712,7.701260715003368,16.594411636405468,normal
job_000009,Rwanda,296,12.783592290249432,monitoring,0.0,0.6666666666666666,0.0,0.0,0.13243920586617652,0.13888888888888884,0.0,6,,0.21388888888888888,0.1331098014665441,0.12777777777777777,21.38888888888889,17.16974890670348,normal
job_000009,Rwanda,297,12.826780102040816,monitoring,0.0,0.6666666666666666,0.0,0.0,0.2541188948511799,0.13888888888888884,0.0,6,,0.21388888888888888,0.16352972371279495,0.12777777777777777,21.38888888888889,17.67604570456573,normal
job_000009,Rwanda,298,12.8699679138322,monitoring,0.0,0.0,0.22116150116646158,0.0,0.009974668960991792,0.5833333333333335,0.0,6,,0.11362370862494875,0.002493667240247948,0.14984089184163593,14.984089184163594,17.353010922117473,normal
job_000009,Rwanda,299,12.913155725623582,monitoring,0.0,0.0,0.22213430068173864,0.04093479892422951,0.14610855319071955,0.5833333333333335,0.0,6,,0.11386690850376802,0.050854317921160214,0.14998681176892747,14.998681176892747,17.070491352690507,normal
job_000009,Rwanda,300,12.956343537414966,monitoring,0.0,0.15630091700302307,0.0,0.20243571418722464,0.03528774453654807,0.0,0.0,6,,0.04689027510090692,0.1031195736501191,0.02344513755045346,10.31195736501191,16.259467274169076,normal
job_000009,Rwanda,301,12.999531349206348,monitoring,0.0,0.03649864016304048,0.0,0.0,0.132142548436789,0.19444444444444442,0.0,6,,0.03039403649335659,0.03851043313365332,0.04436368491334496,4.4363684913344965,14.840695420228927,normal
job_000009,Rwanda,302,13.042719160997732,monitoring,0.0,0.025287977085360087,0.0,0.0,0.30883001204103866,0.48611111111111116,0.0,6,,0.05619750423671915,0.08100069957306368,0.10101541878502625,10.101541878502625,14.271996995221771,normal
job_000009,Rwanda,303,13.085906972789115,monitoring,0.0,0.1200061762669135,0.0,1.0,0.12118976854792288,0.19444444444444442,0.0,6,,0.055446297324518494,0.3982983685770177,0.05688981532892591,39.82983685770177,17.33893777871937,normal
job_000009,Rwanda,304,13.129094784580499,monitoring,0.0,0.21344494155497792,0.17010060075092187,1.0,0.0,0.48611111111111116,0.0,6,,0.15516974376533496,0.3820167412332467,0.1547540535681072,38.20167412332467,19.842466140072005,normal
job_000009,Rwanda,305,13.172282596371883,monitoring,0.0,0.010785813015774099,0.166751621431566,0.0,0.0,0.48611111111111116,0.0,6,,0.09353476037373484,0.001617871952366115,0.12385283738932325,12.385283738932324,18.947604251935243,normal
job_000009,Rwanda,306,13.215470408163265,monitoring,0.0,0.0305822225075818,0.17101868612140775,0.0,0.16431016532422246,0.48611111111111116,0.0,6,,0.1005404493937376,0.04566487470719288,0.12746235851657067,12.746235851657067,18.20344004390186,normal
job_000009,Rwanda,307,13.258658219954649,monitoring,0.0,0.0,0.17215461802465995,0.4408599253188025,0.07967693428976637,0.48611111111111116,0.0,6,,0.09164976561727611,0.17422020743402247,0.12304541492592123,17.422020743402246,18.109669727841904,normal
job_000009,Rwanda,308,13.301846031746031,monitoring,0.0,0.1384065476201993,0.1750084951024187,0.0,0.0,0.48611111111111116,0.0,6,,0.13388519917277558,0.020760982143029894,0.14423447863061495,14.423447863061496,17.667323104068256,normal
job_000009,Rwanda,309,13.345033843537415,monitoring,0.0,0.0,0.17542496345684852,0.3798672135282034,0.0,0.48611111111111116,0.0,6,,0.09246735197532324,0.13295352473487118,0.12353596674074951,13.295352473487117,17.14268662839852,normal
job_000009,Rwanda,310,13.388221655328797,monitoring,0.0,0.06335554310058161,0.17600243560299306,0.0,0.15429302565191513,0.48611111111111116,0.0,6,,0.11161838294203387,0.04807658787806603,0.13312591902775844,13.312591902775845,16.683075261323797,normal
job_000009,Rwanda,311,13.431409467120181,monitoring,0.0,0.0,0.17540037834114758,0.0,0.035204635431965906,0.48611111111111116,0.0,6,,0.09246120569639801,0.008801158857991476,0.12353227897339437,12.353227897339437,16.163493577645674,normal
job_000009,Rwanda,312,13.474597278911565,monitoring,0.0,0.17216979798769247,0.1748992749115052,0.0,0.08613455348702648,0.48611111111111116,0.0,6,,0.14398686923529513,0.04735910806991049,0.14928258315710188,14.928258315710188,16.015265346213415,normal
job_000009,Rwanda,313,13.517785090702947,monitoring,0.0,0.021098775631998364,0.17390662464373813,0.0,0.1423504403606277,0.48611111111111116,0.0,6,,0.09841739996164517,0.038752426434956674,0.1264730322635827,12.64730322635827,15.611109891830798,normal
job_000009,Rwanda,314,13.560972902494331,monitoring,0.0,0.25931246530798524,0.0,0.0,0.0,0.324074074074074,0.0,6,,0.11020114699980296,0.03889686979619778,0.1037116846110126,11.020114699980295,15.060190468808738,normal
job_000009,Rwanda,315,13.604160714285713,monitoring,0.0,0.03692458309737018,0.0,0.24182856812622575,0.0,0.324074074074074,0.0,6,,0.043484782336618455,0.09017868630878453,0.07035350227942033,9.017868630878453,14.335111848257103,normal
job_000009,Rwanda,316,13.647348526077097,monitoring,0.0,0.5,0.01895096126582609,0.0,0.3121670679406603,0.324074074074074,0.0,6,,0.18714514772386392,0.15304176698516508,0.14265745900468874,18.714514772386394,14.860640199152618,normal
job_000009,Rwanda,317,13.69053633786848,monitoring,0.0,0.286844611864703,0.0,0.0,0.0,0.0,0.0,6,,0.0860533835594109,0.04302669177970545,0.04302669177970545,8.60533835594109,14.110003977967235,normal
job_000009,Rwanda,318,13.733724149659864,monitoring,0.0,0.31495986189774583,0.06237200346422022,1.0,0.0,0.324074074074074,0.0,6,,0.1424883668427862,0.3972439792846619,0.12141459461910972,39.72439792846619,17.18373125202711,normal
job_000009,Rwanda,319,13.776911961451248,monitoring,0.0,0.24363553711051864,0.05536215268597021,1.0,0.08480499179582855,0.324074074074074,0.0,6,,0.11933860671205554,0.40774657851553486,0.10966446828428814,40.774657851553485,20.014642443970274,normal
job_000009,Rwanda,320,13.82009977324263,monitoring,0.0,0.5,0.04904058426924351,1.0,0.0,0.324074074074074,0.0,6,,0.19466755347471829,0.425,0.1471709024552013,42.5,22.71288535069384,normal
job_000009,Rwanda,321,13.863287585034014,monitoring,0.0,0.20458481547886762,0.04549796081174952,1.0,0.08503759400516009,0.324074074074074,0.0,6,,0.10515734225400505,0.4019471208231201,0.10232723125840737,40.19471208231201,24.81070455848802,normal
job_000009,Rwanda,322,13.906475396825396,monitoring,0.0,0.5,0.0,1.0,0.11924567672828461,0.0,0.0,6,,0.15,0.45481141918207113,0.075,45.481141918207115,27.29115704165431,normal
job_000009,Rwanda,323,13.94966320861678,monitoring,0.0,0.24971303206577608,0.0,0.08234464356903456,0.29439049397745015,0.0,0.0,6,,0.07491390961973282,0.13987520355339106,0.03745695480986641,13.987520355339106,25.694720639296484,normal
job_000009,Rwanda,324,13.992851020408162,monitoring,0.0,0.5,0.0,0.559401809903595,0.30883773409685195,0.0,0.0,6,,0.15,0.34800006699047126,0.075,34.800006699047124,26.78735496646656,normal
job_000009,Rwanda,325,14.036038832199546,monitoring,0.0,0.3450994338209511,0.0,1.0,0.31416591141626504,0.0,0.0,6,,0.10352983014628532,0.4803063929272089,0.05176491507314266,48.03063929272089,29.33654908561708,normal
job_000009,Rwanda,326,14.07922664399093,monitoring,0.0,0.5,0.0,0.0,0.3065134163009998,0.0,0.0,6,,0.15,0.15162835407524994,0.075,15.162835407524994,27.63570344424603,normal
job_000009,Rwanda,327,14.122414455782312,monitoring,0.0,0.298651853355649,0.0,0.29605286035204964,0.3133148437060019,0.0,0.0,6,,0.0895955560066947,0.2267449900530652,0.04479777800334735,22.67449900530652,27.040358911573286,normal
job_000009,Rwanda,328,14.165602267573696,monitoring,0.0,0.5,0.0,1.0,0.2918499157874498,0.0,0.0,6,,0.15,0.4979624789468624,0.075,49.79624789468624,29.771065589546843,normal
job_000009,Rwanda,329,14.208790079365079,monitoring,0.0,0.5,0.2486451886656855,0.0,0.26626163394649033,0.19444444444444442,0.0,6,,0.23160574161086583,0.14156540848662258,0.1511856671887417,23.160574161086583,28.977806618131613,normal
job_000009,Rwanda,330,14.251977891156463,monitoring,0.0,0.5,0.21162179706443587,0.0,0.1480109440901119,0.324074074074074,0.0,6,,0.23531285667351637,0.11200273602252797,0.17155808437448017,23.531285667351636,28.324224104038013,normal
job_000009,Rwanda,331,14.295165702947845,monitoring,0.0,0.5,0.0,0.0,0.13733869526394948,0.0,0.0,6,,0.15,0.10933467381598737,0.075,15.0,26.725317211553453,normal
job_000009,Rwanda,332,14.338353514739229,monitoring,0.0,0.5,0.0,1.0,0.3134782901588045,0.0,0.0,6,,0.15,0.5033695725397012,0.075,50.33695725397011,29.558714016643453,normal
job_000009,Rwanda,333,14.381541326530613,monitoring,0.0,0.5,0.0,1.0,0.14233651586437637,0.0,0.0,6,,0.15,0.4605841289660941,0.075,46.058412896609404,31.538677882239366,normal
job_000009,Rwanda,334,14.424729138321995,monitoring,0.0,0.145627887282743,0.0,0.37168217164260237,0.2096071780546183,0.0,0.0,6,,0.0436883661848229,0.20433473768097685,0.02184418309241145,20.433473768097684,30.206053388542365,normal
job_000009,Rwanda,335,14.467916950113379,monitoring,0.0,0.329789411240118,0.0,1.0,0.2692210194491215,0.0,0.0,6,,0.0989368233720354,0.46677366654829805,0.0494684116860177,46.677366654829804,32.18261098049686,normal
job_000009,Rwanda,336,14.511104761904761,monitoring,0.0,0.5,0.0,1.0,0.283476173620875,0.0,0.0,6,,0.15,0.49586904340521876,0.075,49.586904340521876,34.27112618369986,normal
job_000009,Rwanda,337,14.554292573696145,monitoring,0.0,0.5,0.0,1.0,0.11406998492787603,0.0,0.0,6,,0.15,0.453517496231969,0.075,45.3517496231969,35.6008009964395,normal
job_000009,Rwanda,338,14.597480385487527,monitoring,0.0,0.5,0.0,1.0,0.23138600904162954,0.0,0.0,6,,0.15,0.4828465022604074,0.075,48.28465022604074,37.12286290399165,normal
job_000009,Rwanda,339,14.640668197278911,monitoring,0.0,0.18338763720073734,0.0,1.0,0.012808384464559392,0.0,0.0,6,,0.0550162911602212,0.38071024169625045,0.0275081455801106,38.07102416962505,37.23664225586766,normal
job_000009,Rwanda,340,14.683856009070295,monitoring,0.0,0.5,0.0,1.0,0.22683239631587324,0.0,0.0,6,,0.15,0.4817080990789683,0.075,48.170809907896825,38.54874237411116,normal
job_000009,Rwanda,341,14.727043820861677,monitoring,0.0,0.09785176694360559,0.0,1.0,0.0,0.0,0.0,6,,0.029355530083081675,0.3646777650415408,0.014677765041540837,36.46777650415408,38.29902646971631,normal
job_000009,Rwanda,342,14.770231632653061,monitoring,0.0,0.29624314616466624,0.0,1.0,0.2702323143192528,0.0,0.0,6,,0.08887294384939987,0.4619945505045131,0.04443647192469993,46.19945505045131,39.24707789940451,normal
job_000009,Rwanda,343,14.813419444444444,monitoring,0.0,0.0,0.0,0.7920212205216894,0.22580871687125278,0.0,0.0,6,,0.0,0.3336596064004045,0.0,33.36596064004045,38.54134382828082,normal
job_000009,Rwanda,344,14.856607256235828,monitoring,0.0,0.029662160145746345,0.0,1.0,0.2187530785062164,0.0,0.0,6,,0.008898648043723903,0.409137593648416,0.004449324021861952,40.9137593648416,38.82603369266811,normal
job_000009,Rwanda,345,14.89979506802721,monitoring,0.0,0.0,0.0,1.0,0.2979295522099427,0.324074074074074,0.0,6,,0.032407407407407406,0.42448238805248567,0.06481481481481481,42.448238805248565,39.260698306177765,normal
job_000009,Rwanda,346,14.942982879818594,monitoring,0.0,0.5,0.18330365146690253,1.0,0.28105385902159774,0.9722222222222223,0.0,6,,0.2930481350889479,0.4952634647553994,0.29693999216447986,49.52634647553994,40.492576086501224,watch
job_000009,Rwanda,347,14.986170691609978,monitoring,0.0,0.5,0.0,0.0,0.0,0.0,0.0,6,,0.15,0.075,0.075,15.0,37.43346695612107,watch
job_000009,Rwanda,348,15.02935850340136,monitoring,0.0,0.2765362759713529,0.0,0.6544243030918596,0.3138316772570854,0.324074074074074,0.0,6,,0.11536829019881326,0.3489868667921251,0.10629525621051775,34.89868667921251,37.129293322892046,watch
job_000009,Rwanda,349,15.072546315192744,monitoring,0.0,0.5,0.0,0.0,0.2706539353617657,0.0,0.0,6,,0.15,0.14266348384044142,0.075,15.0,34.473778124145,normal
job_000009,Rwanda,350,15.115734126984126,monitoring,0.0,0.5,0.0,0.0,0.2503560238701794,0.0,0.0,6,,0.15,0.13758900596754486,0.075,15.0,32.1369247492476,normal
job_000009,Rwanda,351,15.15892193877551,monitoring,0.0,0.5,0.0,0.0,0.25965895978250303,0.0,0.0,6,,0.15,0.13991473994562575,0.075,15.0,30.080493779337885,normal
job_000009,Rwanda,352,15.202109750566894,monitoring,0.0,0.03497066746107431,0.0,0.0,0.2951505194340363,0.324074074074074,0.0,6,,0.0428986076457297,0.07903322997767022,0.07006041493397595,7.903322997767022,27.41923328554938,normal
job_000009,Rwanda,353,15.245297562358276,monitoring,0.0,0.5,0.0,1.0,0.14695302955423198,0.324074074074074,0.0,6,,0.1824074074074074,0.461738257388558,0.1398148148148148,46.1738257388558,29.66978437994615,normal
job_000009,Rwanda,354,15.28848537414966,monitoring,0.0,0.4067843670092198,0.0,1.0,0.059782838963682694,0.324074074074074,0.0,6,,0.15444271751017336,0.4259633647923036,0.12583246986619778,42.59633647923036,31.220970631860258,normal
job_000009,Rwanda,355,15.331673185941042,monitoring,0.0,0.5,0.0,1.0,0.3008052012560898,0.0,0.0,6,,0.15,0.5002013003140224,0.075,50.020130031402246,33.4768697598053,normal
job_000009,Rwanda,356,15.374860997732426,monitoring,0.0,0.5,0.0,1.0,0.28417205012982444,0.0,0.0,6,,0.15,0.4960430125324561,0.075,49.60430125324561,35.412161539018136,normal
job_000009,Rwanda,357,15.418048809523809,monitoring,0.0,0.0,0.0,0.0,0.0,0.0,0.0,0,density;inflow;proximity;convergence;directional_coherence;corner,,,,,,unavailable
job_000009,Rwanda,358,15.461236621315193,monitoring,0.0,0.0,0.0,0.0,0.0,0.0,0.0,0,density;inflow;proximity;convergence;directional_coherence;corner,,,,,,unavailable
job_000009,Rwanda,359,15.504424433106577,monitoring,0.0,0.0,0.0,0.0,0.0,0.0,0.0,0,density;inflow;proximity;convergence;directional_coherence;corner,,,,,,unavailable
job_000009,Rwanda,360,15.547612244897959,monitoring,0.0,0.0,0.0,0.0,0.0,0.0,0.0,0,density;inflow;proximity;convergence;directional_coherence;corner,,,,,,unavailable
job_000009,Rwanda,361,15.590800056689343,monitoring,0.0,0.0,0.0,0.0,0.0,0.0,0.0,0,density;inflow;proximity;convergence;directional_coherence;corner,,,,,,unavailable
job_000009,Rwanda,362,15.633987868480725,monitoring,0.0,0.0,0.0,0.0,0.0,0.0,0.0,0,density;inflow;proximity;convergence;directional_coherence;corner,,,,,,unavailable
job_000009,Rwanda,363,15.677175680272109,monitoring,0.0,0.0,0.0,0.0,0.0,0.0,0.0,0,density;inflow;proximity;convergence;directional_coherence;corner,,,,,,unavailable
job_000009,Rwanda,364,15.720363492063491,monitoring,0.0,0.0,0.0,0.0,0.0,0.0,0.0,0,density;inflow;proximity;convergence;directional_coherence;corner,,,,,,unavailable
job_000009,Rwanda,365,15.763551303854875,monitoring,0.0,0.0,0.0,0.0,0.0,0.0,0.0,0,density;inflow;proximity;convergence;directional_coherence;corner,,,,,,unavailable
job_000009,Rwanda,366,15.806739115646259,monitoring,0.0,0.0,0.0,0.0,0.0,0.0,0.0,0,density;inflow;proximity;convergence;directional_coherence;corner,,,,,,unavailable
job_000009,Rwanda,367,15.849926927437641,monitoring,0.0,0.0,0.0,0.0,0.0,0.0,0.0,0,density;inflow;proximity;convergence;directional_coherence;corner,,,,,,unavailable
job_000009,Rwanda,368,15.893114739229025,monitoring,0.0,0.0,0.0,0.0,0.0,0.0,0.0,0,density;inflow;proximity;convergence;directional_coherence;corner,,,,,,unavailable
job_000009,Rwanda,369,15.936302551020407,monitoring,0.0,0.0,0.0,0.0,0.0,0.0,0.0,0,density;inflow;proximity;convergence;directional_coherence;corner,,,,,,unavailable
job_000009,Rwanda,370,15.979490362811791,monitoring,0.0,0.0,0.0,0.0,0.0,0.0,0.0,0,density;inflow;proximity;convergence;directional_coherence;corner,,,,,,unavailable
job_000009,Rwanda,371,16.022678174603175,monitoring,0.0,0.0,0.0,0.0,0.0,0.0,0.0,0,density;inflow;proximity;convergence;directional_coherence;corner,,,,,,unavailable
job_000009,Rwanda,372,16.065865986394556,monitoring,0.0,0.0,0.0,0.0,0.0,0.0,0.0,0,density;inflow;proximity;convergence;directional_coherence;corner,,,,,,unavailable
job_000009,Rwanda,373,16.10905379818594,monitoring,0.0,0.0,0.0,0.0,0.0,0.0,0.0,0,density;inflow;proximity;convergence;directional_coherence;corner,,,,,,unavailable
job_000009,Rwanda,374,16.152241609977324,monitoring,0.0,0.0,0.0,0.0,0.0,0.0,0.0,0,density;inflow;proximity;convergence;directional_coherence;corner,,,,,,unavailable
job_000009,Rwanda,375,16.195429421768708,monitoring,0.0,0.0,0.0,0.0,0.0,0.0,0.0,0,density;inflow;proximity;convergence;directional_coherence;corner,,,,,,unavailable
job_000009,Rwanda,376,16.238617233560092,monitoring,0.0,0.0,0.0,0.0,0.0,0.0,0.0,0,density;inflow;proximity;convergence;directional_coherence;corner,,,,,,unavailable
job_000009,Rwanda,377,16.281805045351472,monitoring,0.0,0.0,0.0,0.0,0.0,0.0,0.0,0,density;inflow;proximity;convergence;directional_coherence;corner,,,,,,unavailable
job_000009,Rwanda,378,16.324992857142856,monitoring,0.0,0.0,0.0,0.0,0.0,0.0,0.0,0,density;inflow;proximity;convergence;directional_coherence;corner,,,,,,unavailable
job_000009,Rwanda,379,16.36818066893424,monitoring,0.0,0.0,0.0,0.0,0.0,0.0,0.0,0,density;inflow;proximity;convergence;directional_coherence;corner,,,,,,unavailable
job_000009,Rwanda,380,16.411368480725624,monitoring,0.0,0.0,0.0,0.0,0.0,0.0,0.0,0,density;inflow;proximity;convergence;directional_coherence;corner,,,,,,unavailable
job_000009,Rwanda,381,16.454556292517008,monitoring,0.0,0.0,0.0,0.0,0.0,0.0,0.0,0,density;inflow;proximity;convergence;directional_coherence;corner,,,,,,unavailable
job_000009,Rwanda,382,16.49774410430839,monitoring,0.0,0.0,0.0,0.0,0.0,0.0,0.0,0,density;inflow;proximity;convergence;directional_coherence;corner,,,,,,unavailable
job_000009,Rwanda,383,16.540931916099773,monitoring,0.0,0.0,0.0,0.0,0.0,0.0,0.0,0,density;inflow;proximity;convergence;directional_coherence;corner,,,,,,unavailable
job_000009,Rwanda,384,16.584119727891157,monitoring,0.0,0.0,0.0,0.0,0.0,0.0,0.0,0,density;inflow;proximity;convergence;directional_coherence;corner,,,,,,unavailable
job_000009,Rwanda,385,16.62730753968254,monitoring,0.0,0.0,0.0,0.0,0.0,0.0,0.0,0,density;inflow;proximity;convergence;directional_coherence;corner,,,,,,unavailable
job_000009,Rwanda,386,16.67049535147392,monitoring,0.0,0.0,0.0,0.0,0.0,0.0,0.0,0,density;inflow;proximity;convergence;directional_coherence;corner,,,,,,unavailable
job_000009,Rwanda,387,16.713683163265305,monitoring,0.0,0.0,0.0,0.0,0.0,0.0,0.0,0,density;inflow;proximity;convergence;directional_coherence;corner,,,,,,unavailable
job_000009,Rwanda,388,16.75687097505669,monitoring,0.0,0.0,0.0,0.0,0.0,0.0,0.0,0,density;inflow;proximity;convergence;directional_coherence;corner,,,,,,unavailable
job_000009,Rwanda,389,16.800058786848073,monitoring,0.0,0.0,0.0,0.0,0.0,0.0,0.0,0,density;inflow;proximity;convergence;directional_coherence;corner,,,,,,unavailable
job_000009,Rwanda,390,16.843246598639457,monitoring,0.0,0.0,0.0,0.0,0.0,0.0,0.0,0,density;inflow;proximity;convergence;directional_coherence;corner,,,,,,unavailable
job_000009,Rwanda,391,16.886434410430837,monitoring,0.0,0.0,0.0,0.0,0.0,0.0,0.0,0,density;inflow;proximity;convergence;directional_coherence;corner,,,,,,unavailable
job_000010,Rwanda,0,0.0,calibration,0.5931370008336269,0.3333333333333333,0.26454781772978453,0.0,0.0,0.0,0.0,4,convergence;directional_coherence,0.37373490472421556,0.1982842502084067,0.20830957282619306,37.37349047242156,,calibrating
job_000010,Rwanda,1,0.03934811507936508,calibration,0.6936822131822453,0.16666666666666666,0.24900875448433615,0.0,0.0,0.0,0.0,6,,0.3550409632348699,0.19842055329556132,0.2010877558090995,35.50409632348699,,calibrating
job_000010,Rwanda,2,0.07869623015873016,calibration,0.1654293142324383,0.016921467249356625,0.0,0.0,0.0,0.0,0.0,6,,0.06297670015616039,0.04389554864551307,0.03562408293389116,6.297670015616038,,calibrating
job_000010,Rwanda,3,0.11804434523809525,calibration,0.0,0.0,0.0,0.004078006990190325,0.10410431204315991,0.43749999999999994,0.0,6,,0.04375,0.02745338045735659,0.0875,8.75,,calibrating
job_000010,Rwanda,4,0.15739246031746032,calibration,0.2516776686617647,0.08333333333333333,0.28934868649497386,0.0,0.0,0.0,0.0,6,,0.1854243556553611,0.07541941716544118,0.10623783670659902,18.54243556553611,,calibrating
job_000010,Rwanda,5,0.1967405753968254,calibration,0.4126691653909523,0.08333333333333333,0.3127979564076578,0.08071684841816555,0.11374038563275035,0.0,0.0,6,,0.2476336969887477,0.1723532847022836,0.14195352653933913,24.763369698874772,,calibrating
job_000010,Rwanda,6,0.2360886904761905,calibration,0.21989841464461604,0.048054163096476074,0.17243911639070142,0.17251020097819628,0.30960195325933676,0.0,0.0,6,,0.13449047315223378,0.1999617867828283,0.07705367485199983,19.99617867828283,,calibrating
job_000010,Rwanda,7,0.27543680555555555,calibration,0.2898555069045597,0.08333333333333333,0.08835254354212169,0.0,0.037413849792276396,0.0,0.0,6,,0.1485375633021263,0.09431733917420902,0.08372398291223018,14.853756330212631,,calibrating
job_000010,Rwanda,8,0.31478492063492064,calibration,0.0,0.08333333333333333,0.011576266646086767,0.26582028334271524,0.0,0.0,0.0,6,,0.02789406666152169,0.10553709916995033,0.014236439996913014,10.553709916995032,,calibrating
job_000010,Rwanda,9,0.3541330357142857,calibration,0.0,0.30408115826310855,0.24400081182154498,0.0,0.05555639347341607,0.0,0.0,6,,0.15222455043431882,0.059501272107820295,0.08221229551269803,15.222455043431882,,calibrating
job_000010,Rwanda,10,0.3934811507936508,calibration,0.0,0.0,0.0,0.0,0.035990655035741496,0.18749999999999992,0.0,6,,0.018749999999999992,0.008997663758935374,0.037499999999999985,3.7499999999999987,,calibrating
job_000010,Rwanda,11,0.4328292658730159,calibration,0.0,0.032014840239140634,0.26712573826903463,0.1308076915003108,0.11376106938978932,0.43749999999999994,0.0,6,,0.12013588663900085,0.0790251854084272,0.13237108677622628,13.237108677622627,,calibrating
job_000010,Rwanda,12,0.472177380952381,calibration,0.0,0.0011791519473088692,0.0,0.0,0.3671314774080299,0.18749999999999992,0.0,6,,0.019103745584192654,0.09195974214410381,0.03767687279209631,9.19597421441038,,calibrating
job_000010,Rwanda,13,0.511525496031746,calibration,0.0,0.16666666666666666,0.33491527940422516,0.030965354899110918,0.0,0.0,0.0,6,,0.13372881985105628,0.03583787421468882,0.07523729191063377,13.372881985105629,,calibrating
job_000010,Rwanda,14,0.5508736111111111,calibration,0.0,0.012756085351951772,0.009901367527774606,0.0,0.2031700046787679,0.0,0.0,6,,0.006302167487529183,0.05270591397248474,0.0033986179319589567,5.270591397248474,,calibrating
job_000010,Rwanda,15,0.5902217261904762,calibration,0.0,0.34724812422698886,0.0,0.27955398772900986,0.06905400073614693,0.18749999999999992,0.0,6,,0.12292443726809664,0.16719461452323853,0.08958721863404831,16.719461452323852,,calibrating
job_000010,Rwanda,16,0.6295698412698413,calibration,0.008856195694857691,0.16666666666666666,0.3106485676756912,0.1427138940388668,0.07000745815991004,0.0,0.0,6,,0.13076181041212298,0.09466577637729531,0.07336852429032523,13.076181041212298,,calibrating
job_000010,Rwanda,17,0.6689179563492064,calibration,0.0,0.09984594183322111,0.5654963304495025,0.0,0.37112899749368894,0.0,0.0,6,,0.17132786516234197,0.1077591406484054,0.09980134084240855,17.132786516234198,,calibrating
job_000010,Rwanda,18,0.7082660714285715,calibration,0.0,0.22861719674322545,0.1694601557337529,0.9019690776641108,0.0,0.0,0.0,6,,0.11095019795640586,0.3499817566939226,0.059711602871546754,34.99817566939226,,calibrating
job_000010,Rwanda,19,0.7476141865079365,calibration,0.13396208473803178,0.08333333333333333,0.0,0.0,0.0,0.0,0.0,6,,0.07188672965831112,0.04599052118450794,0.03929241694760636,7.188672965831112,,calibrating
job_000010,Rwanda,20,0.7869623015873016,calibration,0.0,0.11299646026250537,0.0,0.19632932618467694,0.0,0.18749999999999992,0.0,6,,0.05264893807875161,0.08566473320401273,0.054449469039375795,8.566473320401274,,calibrating
job_000010,Rwanda,21,0.8263104166666667,calibration,0.0,0.16820863222598254,0.0,1.0,0.0,0.18749999999999992,0.0,6,,0.06921258966779475,0.37523129483389733,0.06273129483389736,37.52312948338973,,calibrating
job_000010,Rwanda,22,0.8656585317460318,calibration,0.0,0.03543215311483971,0.0,0.055475041278309795,0.24469484632528687,0.18749999999999992,0.0,6,,0.029379645934451904,0.0859047989959561,0.04281482296722594,8.59047989959561,,calibrating
job_000010,Rwanda,23,0.9050066468253969,calibration,0.0,0.0034771462111723222,0.1269731275823621,0.2791761671222863,0.0,0.0,0.0,6,,0.03278642575894222,0.09823323042447606,0.019567541069030164,9.823323042447605,,calibrating
job_000010,Rwanda,24,0.944354761904762,calibration,0.0,0.0,0.0,0.011821437270383914,0.0,0.43749999999999994,0.0,6,,0.04375,0.00413750304463437,0.0875,8.75,,calibrating
job_000010,Rwanda,25,0.9837028769841271,calibration,0.06441403474362736,0.0,0.2947900555001197,0.1030609391682859,0.1556192065638261,0.0,0.0,6,,0.0962424260352995,0.09107963903576344,0.05710131527374343,9.62424260352995,,calibrating
job_000010,Rwanda,26,1.023050992063492,calibration,0.0,0.1113760539372381,0.22105625819592897,0.0,0.214492935414718,0.0,0.0,6,,0.08867688073015367,0.07032964194426522,0.049864846819975064,8.867688073015367,,calibrating
job_000010,Rwanda,27,1.0623991071428571,calibration,0.4630212871744161,0.0,0.0,0.0,0.11531603884508046,0.0,0.0,6,,0.16205745051104561,0.14458433150487415,0.09260425743488322,16.20574505110456,,calibrating
job_000010,Rwanda,28,1.1017472222222222,calibration,0.22893654556843396,0.0,0.12355341903197714,0.0,0.0,0.0,0.0,6,,0.11101614570694616,0.05723413639210849,0.06432032196848336,11.101614570694617,,calibrating
job_000010,Rwanda,29,1.1410953373015873,calibration,0.029424305191334457,0.11724175260403635,0.0,0.0,0.2976539576658839,0.43749999999999994,0.0,6,,0.08922103259817796,0.09935582860491003,0.11097112392887234,11.097112392887235,,calibrating
job_000010,Rwanda,30,1.1804434523809524,calibration,0.006539930580224636,0.29324304586945166,0.0,0.0019661384560132828,0.24365018675037575,0.43749999999999994,0.0,6,,0.13401188946391412,0.1072221346726725,0.13279444299646267,13.401188946391413,,calibrating
job_000010,Rwanda,31,1.2197915674603175,calibration,0.28793537084389675,0.10559789306023307,0.0,0.0,0.2591042599543204,0.18749999999999992,0.0,6,,0.15120674771343376,0.15259959165858925,0.1109267581278143,15.259959165858925,,calibrating
job_000010,Rwanda,32,1.2591396825396826,calibration,0.19214982013751414,0.4358253420760098,0.006287372627490331,0.0,0.2718479572156658,0.43749999999999994,0.0,6,,0.24332188282780548,0.18137324564969645,0.19224687123302786,24.33218828278055,,calibrating
job_000010,Rwanda,33,1.2984877976190476,calibration,0.14843119303248595,0.43773772061097016,0.0,0.28666531008297547,0.047007233336472484,0.18749999999999992,0.0,6,,0.2020222337446611,0.21485312321292652,0.1328468966981427,21.485312321292653,,calibrating
job_000010,Rwanda,34,1.3378359126984127,calibration,0.19355864316565027,0.18384235726727183,0.0,0.41756915373733294,0.0,0.18749999999999992,0.0,6,,0.14164823228815912,0.22211521818956986,0.1037880822232208,22.211521818956985,,calibrating
job_000010,Rwanda,35,1.3771840277777778,calibration,0.23768069546302714,0.09853935377613984,0.0,0.07455818925231722,0.2041651287207893,0.0,0.0,6,,0.11275004954490145,0.1513377253506861,0.062317042159026406,15.13377253506861,,calibrating
job_000010,Rwanda,36,1.416532142857143,calibration,0.2649885852563782,0.09983453084641823,0.0,0.0,0.1741826341304546,0.0,0.0,6,,0.12269636409365783,0.12476798447367093,0.06797289667823837,12.476798447367093,,calibrating
job_000010,Rwanda,37,1.455880257936508,calibration,0.0,0.008078021792311577,0.09602172431246696,0.0,0.26286893783022186,0.43749999999999994,0.0,6,,0.0701788376158102,0.0669289377264022,0.10311496191571677,10.311496191571678,,calibrating
job_000010,Rwanda,38,1.495228373015873,calibration,0.0057830841574525215,0.24847976409931097,0.11839041365525606,0.0,0.3583377416992413,0.0,0.0,6,,0.10616561209871568,0.1283021710790701,0.05618714349467556,12.83021710790701,,calibrating
job_000010,Rwanda,39,1.5345764880952382,calibration,0.0,0.11642316423234024,0.4592161096002907,0.0,0.3240998583658452,1.0,0.0,6,,0.24973097666977476,0.09848843922631234,0.28634589107489467,28.634589107489468,,calibrating
job_000010,Rwanda,40,1.5739246031746033,calibration,0.0,0.0,0.06751874783791097,0.0,0.2391515373400146,0.18749999999999992,0.0,6,,0.035629686959477734,0.05978788433500365,0.04762781217568663,5.978788433500365,,calibrating
job_000010,Rwanda,41,1.6132727182539683,calibration,0.0,0.1083177155747864,0.13641956232552618,0.0,0.20891298558602456,0.43749999999999994,0.0,6,,0.11035020525381746,0.0684759037327241,0.12421059168504688,12.421059168504687,,calibrating
job_000010,Rwanda,42,1.6526208333333334,calibration,0.0,0.047155428863616726,0.337387733604115,0.0,0.17659589839107756,0.7875000000000002,0.0,6,,0.1772435620601138,0.0512222889273119,0.21518147437015983,21.518147437015983,,calibrating
job_000010,Rwanda,43,1.6919689484126985,calibration,0.08925200487829285,0.08333333333333333,0.0,0.0,0.13214100145350838,0.0,0.0,6,,0.05623820170740249,0.0678482515829503,0.030350400975658567,6.78482515829503,,calibrating
job_000010,Rwanda,44,1.7313170634920636,calibration,0.0,0.07055934144491934,0.0,0.0,0.01707161227852988,0.0,0.0,6,,0.0211678024334758,0.01485180428637037,0.0105839012167379,2.11678024334758,,calibrating
job_000010,Rwanda,45,1.7706651785714287,calibration,0.0,0.2425604818318029,0.0,0.0,0.24239117200530383,0.0,0.0,6,,0.07276814454954086,0.0969818652760964,0.03638407227477043,9.69818652760964,,calibrating
job_000010,Rwanda,46,1.8100132936507938,calibration,0.11501852361037719,0.20159866027966938,0.0,0.05991387339653004,0.0,0.0,0.0,6,,0.10073608134753283,0.07996428563333022,0.05324350376402585,10.073608134753282,,calibrating
job_000010,Rwanda,47,1.8493614087301589,calibration,0.12556812033866152,0.17073594029420552,0.0,0.1945781894433997,0.0,0.0,0.0,6,,0.09516962420679317,0.1251047874339861,0.050724015111863134,12.51047874339861,,calibrating
job_000010,Rwanda,48,1.888709523809524,calibration,0.174365293634578,0.3766087000465673,0.0,0.3031469704002229,0.0,0.0,0.0,6,,0.1740104627860725,0.2061840680557076,0.0913643637339007,20.61840680557076,,calibrating
job_000010,Rwanda,49,1.928057638888889,calibration,0.04390382647443885,0.10009064353005852,0.0,0.0,0.39687013384183567,0.43749999999999994,0.0,6,,0.08914353232507115,0.1252070866085774,0.11129436182439655,12.520708660857741,,calibrating
job_000010,Rwanda,50,1.9674057539682541,calibration,0.0,0.08149657978719026,0.1492621804776976,0.0,0.0,0.65625,0.0,6,,0.1273895190555815,0.012224486968078539,0.1658638140397332,16.58638140397332,,calibrating
job_000010,Rwanda,51,2.006753869047619,calibration,0.0,0.13240351977611683,0.12350697081543345,0.0,0.0,0.18749999999999992,0.0,6,,0.0893477986366934,0.019860527966417525,0.07588657358873252,8.93477986366934,,calibrating
job_000010,Rwanda,52,2.046101984126984,calibration,0.11461588868872878,0.08333333333333333,0.14179508414821423,0.11232339869117335,0.0,0.0,0.0,6,,0.10056433207810862,0.08046716171409286,0.05669244035997789,10.056433207810862,,calibrating
job_000010,Rwanda,53,2.085450099206349,calibration,0.0575955986215373,0.15694935449424377,0.0,0.8031081005610341,0.12095149097605833,0.0,0.0,6,,0.06724326586581118,0.3492670107698974,0.035061522898444025,34.926701076989744,,calibrating
job_000010,Rwanda,54,2.1247982142857142,calibration,0.002976938607517812,0.1611509562699369,0.0,0.47429210267536326,0.17911896203957503,0.0,0.0,6,,0.0493872153936123,0.23569885453864087,0.024768031161994095,23.569885453864085,,calibrating
job_000010,Rwanda,55,2.1641463293650793,calibration,0.0,0.0,0.0,0.349684850539147,0.03796757337180657,0.0,0.0,6,,0.0,0.1318815910316531,0.0,13.188159103165308,,calibrating
job_000010,Rwanda,56,2.2034944444444444,calibration,0.0,0.13703145144160522,0.0,0.0,0.12468977961487138,0.18749999999999992,0.0,6,,0.05985943543248155,0.051727162619958626,0.05805471771624077,5.985943543248156,,calibrating
job_000010,Rwanda,57,2.2428425595238095,calibration,0.0,0.22145603683080772,0.0,0.30552952778176995,0.20897844741525687,0.0,0.0,6,,0.06643681104924232,0.19239835210205483,0.03321840552462116,19.239835210205484,,calibrating
job_000010,Rwanda,58,2.2821906746031746,calibration,0.0,0.0,0.1492084616927043,0.28473371411011816,0.06545355297602498,0.18749999999999992,0.0,6,,0.05605211542317606,0.11602018818254758,0.059881269253905633,11.60201881825476,,calibrating
job_000010,Rwanda,59,2.3215387896825397,calibration,0.046858370381217596,0.2331575047806403,0.03151501822124826,0.479869606411017,0.0,0.0,0.0,6,,0.0942264356229303,0.21464258055625637,0.04907255252652681,21.46425805562564,,calibrating
job_000010,Rwanda,60,2.3608869047619048,monitoring,0.07198628622687597,0.14087887288576742,0.0,0.27933809508803176,0.0,0.0,0.0,6,,0.06745886204513682,0.1368967357703952,0.03552908817824031,13.689673577039521,13.689673577039521,normal
job_000010,Rwanda,61,2.40023501984127,monitoring,0.023244571788132863,0.0758977903635788,0.15244177495762684,0.12459927622509698,0.25701203182428495,0.65625,0.0,6,,0.13464038097432685,0.12505856613642521,0.17014984915580741,17.01498491558074,14.088710937664466,normal
job_000010,Rwanda,62,2.439583134920635,monitoring,0.1790665101823796,0.5037601096870618,0.004680572632090621,0.613078115038331,0.28951179541739147,0.43749999999999994,0.0,6,,0.258721454627974,0.4072859331164178,0.19957940438434874,40.72859331164178,17.285496822541745,normal
job_000010,Rwanda,63,2.47893125,monitoring,0.08943070982180133,0.45503420613640627,0.1374090908121651,0.9686452509380308,0.2840434776942262,0.65625,0.0,6,,0.26778828298159363,0.5006495156277786,0.238002636506646,50.06495156277786,21.21903139137008,normal
job_000010,Rwanda,64,2.518279365079365,monitoring,0.04589384314575991,0.028679279827775923,0.13025781511796417,0.15455309892402075,0.2795237130634633,0.65625,0.0,6,,0.12285608282883978,0.13974986564987946,0.164269332871013,16.4269332871013,20.643979618857827,normal
job_000010,Rwanda,65,2.55762748015873,monitoring,0.34285701850956085,0.21544717571633332,0.01760804162573093,0.0,0.29325382453068966,0.43749999999999994,0.0,6,,0.232786119599679,0.19134478711751263,0.19102968630322179,23.278611959967897,20.960135499791033,normal
job_000010,Rwanda,66,2.5969755952380953,monitoring,0.28067139664502305,0.17260603074556002,0.0,0.0,0.230099653883942,0.9374999999999999,0.0,6,,0.24376679804942608,0.15358366724407527,0.26952518394083863,26.952518394083864,21.679221447106173,normal
job_000010,Rwanda,67,2.6363237103174604,monitoring,0.3117383616463804,0.0,0.08503190160560986,0.0,0.0,0.65625,0.0,6,,0.1959914019776356,0.0779345904115951,0.20635245757011755,20.635245757011756,21.553944364294843,normal
job_000010,Rwanda,68,2.6756718253968255,monitoring,0.35364334632156896,0.3987796040968739,0.0,0.30038007592286764,0.07065899943610161,0.43749999999999994,0.0,6,,0.28715905244161133,0.2710255536269524,0.2180456098788449,28.71590524416113,22.413379669878797,normal
job_000010,Rwanda,69,2.7150199404761906,monitoring,0.3098230692483361,0.18823824376135256,0.0,0.0,0.0,0.65625,0.0,6,,0.23053454736532336,0.1056915038762869,0.22145035041387012,23.053454736532338,22.49018867787722,normal
job_000010,Rwanda,70,2.7543680555555556,monitoring,0.4670449698556445,0.08333333333333333,0.06089003966108104,0.0,0.0,0.43749999999999994,0.0,6,,0.24743824936474584,0.12926124246391113,0.20254249992029105,24.743824936474585,22.760625028908905,normal
job_000010,Rwanda,71,2.7937161706349207,monitoring,0.44000416575365847,0.2839765605201749,0.0,0.0,0.04345680480845739,0.26249999999999996,0.0,6,,0.26544442616983294,0.1634617267185552,0.18309731722875794,26.544442616983293,23.21468313947783,normal
job_000010,Rwanda,72,2.833064285714286,monitoring,0.37361526023454156,0.26082629559100523,0.0,0.0,0.11716072874478885,0.26249999999999996,0.0,6,,0.2352632297593911,0.1618179415834834,0.16634699638555908,23.52632297593911,23.252079919853184,normal
job_000010,Rwanda,73,2.872412400793651,monitoring,0.0,0.414861582317367,0.22513403965752873,0.09836428148062845,0.2800125993010964,0.65625,0.0,6,,0.24636698460959228,0.16665988569109907,0.22724934329623436,24.636698460959227,23.41823414478591,normal
job_000010,Rwanda,74,2.911760515873016,monitoring,0.0,0.25936848909975885,0.0,0.0,0.19517869470929147,0.18749999999999992,0.0,6,,0.09656054672992764,0.0876999470422867,0.0764052733649638,9.656054672992765,21.766772608170733,normal
job_000010,Rwanda,75,2.951108630952381,monitoring,0.0,0.35100351884097497,0.0,0.0,0.4829059858928561,1.0,0.0,5,proximity,0.2053010556522925,0.17337702429936028,0.2526505278261463,25.265052782614628,22.186566229104002,normal
job_000010,Rwanda,76,2.990456746031746,monitoring,0.0,0.15913338945582306,0.0,0.08718156196068734,0.38810328173455755,0.7875000000000002,0.0,6,,0.12649001683674693,0.1514093755382534,0.18137000841837353,18.137000841837352,21.700618382632005,normal
job_000010,Rwanda,77,3.0298048611111112,monitoring,0.0,0.5,0.0,0.0,0.5828215467127686,1.0,0.0,6,,0.25,0.22070538667819217,0.275,27.500000000000004,22.396544176716166,normal
job_000010,Rwanda,78,3.0691529761904763,monitoring,0.0,0.4689175526610908,0.0,0.0,0.38810328173455755,0.0,0.0,6,,0.14067526579832723,0.167363453332803,0.07033763289916362,16.7363453332803,21.717320315503862,normal
job_000010,Rwanda,79,3.1085010912698414,monitoring,0.13600995747963965,0.34474157369471503,0.0,0.4357324076389068,0.22203393065727725,0.0,0.0,6,,0.15102595722628837,0.29372855076205384,0.07891322755013519,29.372855076205383,22.635984486788043,normal
job_000010,Rwanda,80,3.1478492063492065,monitoring,0.0,0.15142414593436032,0.0,0.0,0.39919022372009405,1.0,0.0,5,proximity,0.1454272437803081,0.12251117782017756,0.22271362189015406,22.271362189015406,22.592229811055326,normal
job_000010,Rwanda,81,3.1871973214285716,monitoring,0.0,0.36526915091307816,0.0,0.0,0.38810328173455755,0.18749999999999992,0.0,6,,0.12833074527392344,0.15181619307060112,0.09229037263696172,15.181619307060112,21.7029565505759,normal
job_000010,Rwanda,82,3.2265454365079367,monitoring,0.0,0.09094185883346928,0.0,0.0,0.0,0.0,0.0,6,,0.027282557650040784,0.013641278825020392,0.013641278825020392,2.7282557650040786,19.42599245630728,normal
job_000010,Rwanda,83,3.2658935515873018,monitoring,0.0,0.2148496062499524,0.0,0.26591511183491656,0.0,0.0,0.0,6,,0.06445488187498571,0.12529773007971365,0.03222744093749286,12.529773007971365,18.59844612250697,normal
job_000010,Rwanda,84,3.305241666666667,monitoring,0.0,0.3017649107776671,0.0,0.1991079978584509,0.18888100549048809,0.0,0.0,6,,0.09052947323330013,0.1621727872397299,0.045264736616650064,16.21727872397299,18.312706034682893,normal
job_000010,Rwanda,85,3.344589781746032,monitoring,0.02208687499417709,0.3333333333333333,0.0,0.0,0.1277226516498081,0.0,0.0,6,,0.10773040624796197,0.08745238166099628,0.054417374998835415,10.773040624796197,17.40794618549649,normal
job_000010,Rwanda,86,3.383937896825397,monitoring,0.07405930445445037,0.2404370462575176,0.0,0.0,0.4277267689871066,0.0,0.0,6,,0.09805187043631292,0.1615120752990169,0.05087741782951771,16.15120752990169,17.257137546825113,normal
job_000010,Rwanda,87,3.423286011904762,monitoring,0.0,0.039148088232496464,0.0,0.0,0.24837553572163126,0.0,0.0,6,,0.011744426469748938,0.06796609716528229,0.005872213234874469,6.796609716528229,16.001874207189488,normal
job_000010,Rwanda,88,3.462634126984127,monitoring,0.0,0.002646590302642819,0.0035207213433234613,0.0,0.17730901858955558,0.43749999999999994,0.0,6,,0.04542415742662371,0.04472424319278532,0.08842509674689494,8.842509674689495,15.142750463289488,normal
job_000010,Rwanda,89,3.5019822420634923,monitoring,0.0,0.16666666666666666,0.0,0.0,0.3880627992840269,0.26249999999999996,0.0,6,,0.07624999999999998,0.12201569982100673,0.07749999999999999,12.201569982100672,14.78980880554683,normal
job_000010,Rwanda,90,3.5413303571428574,monitoring,0.4574107574173374,0.6666666666666666,0.20310196301191577,0.0,0.44901881438241464,0.26249999999999996,0.0,6,,0.437119255849047,0.326607392949938,0.27444744593525483,43.7119255849047,18.260462819069772,normal
job_000010,Rwanda,91,3.5806784722222225,monitoring,0.0,0.16666666666666666,0.0,0.0,0.2764668877282497,0.26249999999999996,0.0,6,,0.07624999999999998,0.09411672193206241,0.07749999999999999,9.411672193206241,17.19860794396615,normal
job_000010,Rwanda,92,3.6200265873015876,monitoring,0.0,0.14902329385488336,0.04902422263743953,0.0,0.2211185040405536,0.65625,0.0,6,,0.12258804381582489,0.07763312008837091,0.16095712747384844,16.095712747384844,17.066260520376392,normal
job_000010,Rwanda,93,3.6593747023809526,monitoring,0.0,0.0,0.0,0.0,0.10538442215964726,0.18749999999999992,0.0,6,,0.018749999999999992,0.026346105539911815,0.037499999999999985,3.7499999999999987,15.468309257931224,normal
job_000010,Rwanda,94,3.6987228174603177,monitoring,0.0,0.0,0.02232159874301,0.0,0.0,0.65625,0.0,6,,0.0712053996857525,0.0,0.1345982398114515,13.45982398114515,15.227291024716894,normal
job_000010,Rwanda,95,3.738070932539683,monitoring,0.0,0.0,0.0,0.0,0.02023925704296125,0.18749999999999992,0.0,6,,0.018749999999999992,0.005059814260740312,0.037499999999999985,3.7499999999999987,13.850016101750866,normal
job_000010,Rwanda,96,3.777419047619048,monitoring,0.0,0.15991034763064974,0.0,0.0,0.0,0.65625,0.0,6,,0.11359810428919492,0.02398655214459746,0.15523655214459747,15.523655214459747,14.050852795275933,normal
job_000010,Rwanda,97,3.816767162698413,monitoring,0.004510421969512453,0.08333333333333333,0.0,0.0,0.02571475883715672,0.43749999999999994,0.0,6,,0.07032864768932935,0.020056295201667292,0.10090208439390248,10.09020843939025,13.57557547256965,normal
job_000010,Rwanda,98,3.856115277777778,monitoring,0.625491682375511,0.5833333333333334,0.2203615913182339,0.0,0.4045950379478196,0.43749999999999994,0.0,6,,0.4927624866609874,0.34502168008083267,0.3331525751728373,49.27624866609874,17.85965625579314,normal
job_000010,Rwanda,99,3.895463392857143,monitoring,0.2708832041986438,0.5,0.0,0.106168065649962,0.4142486005608758,0.18749999999999992,0.0,6,,0.2635591214695253,0.2834417741673666,0.16667664083972875,28.34417741673666,19.117798795106363,normal
job_000010,Rwanda,100,3.9348115079365082,monitoring,0.1304290127013273,0.22405815380032718,0.0,0.23132195618825235,0.30973410580737604,0.43749999999999994,0.0,6,,0.15661760058556273,0.22461218736311325,0.14719452561031454,22.461218736311324,19.519009188050962,normal
job_000010,Rwanda,101,3.9741596230158733,monitoring,0.07720915367254506,0.2510728684103169,0.0,0.45658286478673765,0.34798945927012426,0.0,0.0,6,,0.10234506430848585,0.303764586172573,0.05310276099605655,30.376458617257303,20.82190311955572,normal
job_000010,Rwanda,102,4.013507738095238,monitoring,0.05638075727557842,0.20713211641695056,0.0,0.0,0.11038515182259165,0.0,0.0,6,,0.08187289997153761,0.07276129473708509,0.04234596891765827,8.187289997153762,19.305749544867485,normal
job_000010,Rwanda,103,4.052855853174603,monitoring,0.0,0.0,0.0,0.0,0.0,0.43749999999999994,0.0,6,,0.04375,0.0,0.0875,8.75,18.039059599483387,normal
job_000010,Rwanda,104,4.092203968253968,monitoring,0.0,0.09863712567753137,0.0,0.005152116152616649,0.021739487432654584,0.18749999999999992,0.0,6,,0.0483411377032594,0.022033681363209177,0.05229556885162969,5.229556885162969,16.501919273764937,normal
job_000010,Rwanda,105,4.131552083333333,monitoring,0.0,0.0,0.0,0.23547984956481308,0.0,0.43749999999999994,0.0,6,,0.04375,0.08241794734768457,0.0875,8.75,15.571688960913145,normal
job_000010,Rwanda,106,4.170900198412698,monitoring,0.0,0.001324750859702371,0.0,0.0,0.0,0.9374999999999999,0.0,6,,0.09414742525791071,0.00019871262895535563,0.18769871262895535,18.769871262895535,15.955470837151031,normal
job_000010,Rwanda,107,4.210248313492063,monitoring,0.029485823964993763,0.2679755382781002,0.0,0.12017817778159942,0.049590938476343036,0.43749999999999994,0.0,6,,0.13446269987117787,0.10202788357560903,0.13359349553471378,13.446269987117788,15.654366735147041,normal
job_000010,Rwanda,108,4.2495964285714285,monitoring,0.0,0.1375453099865881,0.0,0.13343556754385907,0.0,0.0,0.0,6,,0.04126359299597643,0.06733424513833888,0.020631796497988214,6.733424513833889,14.583853668589462,normal
job_000010,Rwanda,109,4.288944543650794,monitoring,0.0,0.0,0.0,0.0,0.19609628204402554,0.43749999999999994,0.0,6,,0.04375,0.049024070511006386,0.0875,8.75,13.883791228358728,normal
job_000010,Rwanda,110,4.328292658730159,monitoring,0.002621423296185392,0.09795282257551044,0.0,0.0,0.2883641794734171,0.43749999999999994,0.0,6,,0.07405334492631802,0.08743932407872718,0.10271720804556364,10.271720804556365,13.450342777502444,normal
job_000010,Rwanda,111,4.367640773809524,monitoring,0.08426090884894664,0.16666666666666666,0.06898697701260789,0.0,0.0,0.26249999999999996,0.0,6,,0.12298806235028328,0.04606522721223666,0.10470022832168051,12.298806235028328,13.31215839240555,normal
job_000010,Rwanda,112,4.406988888888889,monitoring,0.027905674537795407,0.0,0.0,0.0,0.06907739229959822,0.0,0.0,6,,0.009766986088228392,0.02424576670934841,0.0055811349075590815,2.4245766709348406,12.005648585829064,normal
job_000010,Rwanda,113,4.446337003968254,monitoring,0.0,0.06960004262373903,0.0,0.0,0.0,0.65625,0.0,6,,0.08650501278712171,0.010440006393560854,0.14169000639356086,14.169000639356085,12.265250832252308,normal
job_000010,Rwanda,114,4.485685119047619,monitoring,0.0,0.0,0.0,0.0,0.3622865257044221,0.0,0.0,6,,0.0,0.09057163142610553,0.0,9.057163142610552,11.880280309495298,normal
job_000010,Rwanda,115,4.525033234126984,monitoring,0.0,0.5,0.0,0.07500775911906707,0.4273524130182898,1.0,0.0,6,,0.25,0.20809081894624593,0.275,27.500000000000004,13.754646672355863,normal
job_000010,Rwanda,116,4.564381349206349,monitoring,0.0,0.3705355071152929,0.0,0.5581493388215747,0.21285158214134337,0.18749999999999992,0.0,6,,0.12991065213458786,0.3041454901901809,0.09308032606729391,30.41454901901809,15.75383495395533,normal
job_000010,Rwanda,117,4.603729464285714,monitoring,0.0,0.28776331579621733,0.0,0.13053600142154495,0.22149115296851354,0.0,0.0,6,,0.0863289947388652,0.14422488610910172,0.0431644973694326,14.422488610910172,15.59407339278991,normal
job_000010,Rwanda,118,4.643077579365079,monitoring,0.0,0.08333333333333333,0.0,0.0,0.4743112719234532,0.0,0.0,6,,0.024999999999999998,0.1310778179808633,0.012499999999999999,13.107781798086329,15.29571840142548,normal
job_000010,Rwanda,119,4.6824256944444445,monitoring,0.0,0.0,0.0,0.0,0.30672903526960893,0.0,0.0,6,,0.0,0.07668225881740223,0.0,7.668225881740224,14.38041929906325,normal
job_000010,Rwanda,120,4.7217738095238095,monitoring,0.0,0.0,0.0,0.0,0.38211740488373225,0.18749999999999992,0.0,6,,0.018749999999999992,0.09552935122093306,0.037499999999999985,9.552935122093306,13.801121197826857,normal
job_000010,Rwanda,121,4.761121924603175,monitoring,0.0,0.0,0.0,0.0,0.17033841996411744,0.43749999999999994,0.0,6,,0.04375,0.04258460499102936,0.0875,8.75,13.194986654087636,normal
job_000010,Rwanda,122,4.80047003968254,monitoring,0.0,0.11450024232966541,0.0,0.09993954089671336,0.3446344564761903,0.0,0.0,6,,0.03435007269889962,0.13831248978234706,0.01717503634944981,13.831248978234706,13.271338132985285,normal
job_000010,Rwanda,123,4.839818154761905,monitoring,0.0,0.19353818381246962,0.0,0.46340556097832664,0.35582333961257945,0.18749999999999992,0.0,6,,0.07681145514374088,0.2801785088174296,0.06653072757187042,28.017850881742962,15.040919662836206,normal
job_000010,Rwanda,124,4.87916626984127,monitoring,0.0,0.011081324237925686,0.0,0.16571245072138469,0.3471071567885388,0.0,0.0,6,,0.0033243972713777057,0.1464383455853082,0.0016621986356888528,14.643834558530818,14.99326945031956,normal
job_000010,Rwanda,125,4.918514384920635,monitoring,0.0,0.21788116727255338,0.0,0.2223756991161859,0.3470279964265252,0.18749999999999992,0.0,6,,0.084114350181766,0.19727066888817937,0.07018217509088298,19.727066888817937,15.561325142939365,normal
job_000010,Rwanda,126,4.9578625,monitoring,0.14044919362310287,0.26964151474482595,0.0409111708937968,0.0,0.21550245857134032,0.0,0.0,6,,0.140277464914983,0.12943414026033467,0.07467274157041398,14.0277464914983,15.377295704766437,normal
job_000010,Rwanda,127,4.997210615079365,monitoring,0.12171091944988321,0.08333333333333333,0.02136071996157367,0.0,0.19803135360454682,0.0,0.0,6,,0.07293900179785254,0.0924355682636075,0.040046291884212694,9.24355682636075,14.641247039357754,normal
job_000010,Rwanda,128,5.03655873015873,monitoring,0.28265069986744085,0.13678948063140484,0.009217652696479523,0.0,0.21154984219643358,0.0,0.0,6,,0.14226900231714562,0.14406855761067933,0.07843120997267082,14.406855761067932,14.613120085962976,normal
job_000010,Rwanda,129,5.075906845238095,monitoring,0.0,0.0,0.0,0.0,0.0,0.0,0.0,6,,0.0,0.0,0.0,0.0,12.85954567564742,normal
job_000010,Rwanda,130,5.11525496031746,monitoring,0.39376863818472096,0.28381819751057513,0.1525410341257404,0.0,0.12636228433533714,0.0,0.0,6,,0.26109974114926,0.17260546025660078,0.14420761238239155,26.109974114926,14.44959708836085,normal
job_000010,Rwanda,131,5.1546030753968255,monitoring,0.47493588151499866,0.337049557558042,0.0,0.029307706018166037,0.24652636655785828,0.0,0.0,6,,0.2673424257976621,0.24118069275827864,0.14554460993670604,26.73424257976621,15.923754547329493,normal
job_000010,Rwanda,132,5.193951190476191,monitoring,0.1252319626905774,0.07876941898423227,0.0,0.19298894672782052,0.4378300648523236,0.0,0.0,6,,0.06746201263697177,0.22012705108809727,0.036861805385750325,22.012705108809726,16.654428614707122,normal
job_000010,Rwanda,133,5.233299305555556,monitoring,0.552969097887451,0.1889202189609594,0.0,0.0,0.0,0.0,0.0,6,,0.25021524994889566,0.16658030731600665,0.1389318524216341,25.021524994889567,17.658480180329015,normal
job_000010,Rwanda,134,5.272647420634921,monitoring,0.6593880457363622,0.4245182575536348,0.0,0.08090095620483205,0.0,0.0,0.0,6,,0.3581412932738172,0.256840084738827,0.1955553477803177,35.81412932738172,19.83715807797534,normal
job_000010,Rwanda,135,5.311995535714286,monitoring,0.4147386275697409,0.1538368102174628,0.0,0.0,0.0,0.0,0.0,6,,0.19130956271464813,0.12676017842505463,0.10602324704656761,19.130956271464814,19.752413861194075,normal
job_000010,Rwanda,136,5.351343650793651,monitoring,0.44063297049210115,0.08333333333333333,0.0,0.0,0.24312339612463885,0.0,0.0,6,,0.1792215396722354,0.18343909165418498,0.10062659409842023,18.3439091654185,19.583393297701004,normal
job_000010,Rwanda,137,5.390691765873016,monitoring,0.09663806894272735,0.26864783805293546,0.0,0.0,0.4071731771694065,0.18749999999999992,0.0,6,,0.1331676755458352,0.16624998723597378,0.09712478949648577,16.62499872359738,19.22838594880857,normal
job_000010,Rwanda,138,5.430039880952381,monitoring,0.2874789458379738,0.27418092445229003,0.0,0.12807804622488503,0.0,0.0,0.0,6,,0.18287190837897782,0.1578241913060467,0.09862292783543827,18.287190837897782,19.115442535499273,normal
job_000010,Rwanda,139,5.469387996031746,monitoring,0.2681529530446429,0.0,0.0,0.012627547334190014,0.0,0.0,0.0,6,,0.09385353356562502,0.07145787982812724,0.05363059060892859,9.385353356562502,17.94783183402686,normal
job_000010,Rwanda,140,5.508736111111111,monitoring,0.03952729703499349,0.2707318192755854,0.0,0.355328299786736,0.07435736775826132,0.18749999999999992,0.0,6,,0.11380409974492332,0.1934458440150091,0.08601523229833649,19.34458440150091,18.115442142123747,normal
job_000010,Rwanda,141,5.548084226190476,monitoring,0.46869364817702924,0.29767999632969266,0.047349599759364154,0.19513972752624553,0.16753435750867504,0.43749999999999994,0.0,6,,0.3089341757007091,0.2720079055050659,0.23299316904876435,30.89341757007091,19.64879919347741,normal
job_000010,Rwanda,142,5.5874323412698415,monitoring,0.463411001908129,0.0,0.0,0.060929834772891954,0.0,0.0,0.0,6,,0.16219385066784514,0.13717819264754444,0.0926822003816258,16.219385066784515,19.237269498274262,normal
job_000010,Rwanda,143,5.6267804563492065,monitoring,0.3155082861409719,0.1325354779265364,0.0,0.3769167493234094,0.16445219511108114,0.0,0.0,6,,0.15018854352730107,0.271791304265187,0.08298197891717485,27.1791304265187,20.190292809663596,normal
job_000010,Rwanda,144,5.666128571428572,monitoring,0.3776125342073296,0.39576820024252735,0.0,0.12549542923443285,0.18219661326790235,0.0,0.0,6,,0.25089484704532355,0.24324091713723858,0.13488773687784503,25.089484704532357,20.77819583704785,normal
job_000010,Rwanda,145,5.705476686507937,monitoring,0.09753283999900736,0.15177903698284606,0.0,0.0,0.3515057343375719,0.0,0.0,6,,0.0796702050945064,0.13502649913157172,0.04227342354722838,13.502649913157171,19.90513032618097,normal
job_000010,Rwanda,146,5.744824801587302,monitoring,0.0,0.4893984857411044,0.0,0.17240339164929233,0.21352817857662426,0.0,0.0,6,,0.1468195457223313,0.18713300458257404,0.07340977286116565,18.713300458257404,19.762110742030142,normal
job_000010,Rwanda,147,5.784172916666667,monitoring,0.0,0.5,0.0,0.0,0.230924324905885,0.43749999999999994,0.0,6,,0.19374999999999998,0.13273108122647126,0.16249999999999998,19.374999999999996,19.715657452986523,normal
job_000010,Rwanda,148,5.823521031746032,monitoring,0.0,0.09363765462012626,0.0,0.0,0.1543802198167222,0.18749999999999992,0.0,6,,0.04684129638603787,0.052640703147199486,0.05154564819301892,5.264070314719948,17.981466996394534,normal
job_000010,Rwanda,149,5.862869146825397,monitoring,0.0,0.3259213999628954,0.0,0.22646204687300417,0.1178664223010111,0.65625,0.0,6,,0.16340141998886862,0.15761653197523853,0.1801382099944343,18.013820999443432,17.9853494767604,normal
job_000010,Rwanda,150,5.902217261904762,monitoring,0.0,0.30820563863597744,0.0,0.22558506999040193,0.03532803175447219,0.0,0.0,6,,0.09246169159079323,0.13401762823065533,0.046230845795396616,13.401762823065532,17.43531907831702,normal
job_000010,Rwanda,151,5.941565376984127,monitoring,0.0,0.09994306903293297,0.0,0.14703551420368072,0.3723459319439484,0.0,0.0,6,,0.02998292070987989,0.1595403733122153,0.014991460354939945,15.95403733122153,17.25756526866556,normal
job_000010,Rwanda,152,5.980913492063492,monitoring,0.0,0.10662272511903212,0.0,0.28847139576085756,0.3857416029033697,0.0,0.0,6,,0.03198681753570964,0.2133937980099974,0.01599340876785482,21.33937980099974,17.74738301254566,normal
job_000010,Rwanda,153,6.020261607142857,monitoring,0.0,0.0,0.0,0.08212625979304004,0.6002193398603264,1.0,0.0,5,proximity,0.1,0.17879902589264562,0.2,20.0,18.01769705104018,normal
job_000010,Rwanda,154,6.0596097222222225,monitoring,0.0,0.08993733677589204,0.0,0.0,0.38810328173455755,0.0,0.0,6,,0.02698120103276761,0.11051642095002319,0.013490600516383806,11.051642095002318,17.181770456315636,normal
job_000010,Rwanda,155,6.098957837301588,monitoring,0.0,0.02642415905141954,0.0,0.530145337900917,0.17624970913098142,0.43749999999999994,0.0,6,,0.05167724771542586,0.23357691940577924,0.09146362385771292,23.357691940577922,17.92288103442711,normal
job_000010,Rwanda,156,6.138305952380953,monitoring,0.0,0.5,0.0,0.17255985526741982,0.06081445036181855,0.0,0.0,6,,0.15,0.15059956193405158,0.075,15.059956193405158,17.579330053504474,normal
job_000010,Rwanda,157,6.177654067460318,monitoring,0.0,0.09846224375719767,0.0,0.2436963616795348,0.36578663813007695,0.18749999999999992,0.0,6,,0.04828867312715929,0.19150972268393607,0.052269336563579634,19.150972268393605,17.76792711929117,normal
job_000010,Rwanda,158,6.217002182539683,monitoring,0.0,0.41294412716624807,0.0,0.3495349034101042,0.48700398509636084,0.18749999999999992,0.0,6,,0.14263323814987441,0.30602983154256386,0.09944161907493719,30.602983154256385,19.308133843486996,normal
job_000010,Rwanda,159,6.256350297619048,monitoring,0.0,0.5,0.0,0.0,0.548452685697554,0.0,0.0,6,,0.15,0.2121131714243885,0.075,21.21131714243885,19.53651583936122,normal
job_000010,Rwanda,160,6.295698412698413,monitoring,0.0,0.3032981351405009,0.0,0.0,0.3673743670922721,0.18749999999999992,0.0,6,,0.10973944054215026,0.13733831204414315,0.08299472027107513,13.733831204414315,18.84019368316759,normal
job_000010,Rwanda,161,6.335046527777778,monitoring,0.0,0.5,0.0,0.0,0.47307250683495394,0.18749999999999992,0.0,6,,0.16874999999999998,0.1932681267087385,0.11249999999999999,19.32681267087385,18.898587961692343,normal
job_000010,Rwanda,162,6.374394642857143,monitoring,0.0,0.37740251476977,0.0,0.10166579958330786,0.3149187804680659,0.18749999999999992,0.0,6,,0.13197075443093098,0.1709231021866397,0.09411037721546547,17.092310218663968,18.68183463252894,normal
job_000010,Rwanda,163,6.413742757936508,monitoring,0.0,0.16958032491247899,0.0,0.21930320845279594,0.29898111619546774,0.43749999999999994,0.0,6,,0.0946240974737437,0.17693845074421735,0.11293704873687184,17.693845074421734,18.563275885556074,normal
job_000010,Rwanda,164,6.453090873015873,monitoring,0.0,0.23255083745749766,0.0,0.46766028530988035,0.0,0.43749999999999994,0.0,6,,0.11351525123724929,0.19856372547708276,0.12238262561862465,19.856372547708276,18.718447485014337,normal
job_000010,Rwanda,165,6.4924389880952385,monitoring,0.0,0.3054516144558238,0.0,0.0,0.10565824155278909,0.18749999999999992,0.0,6,,0.11038548433674712,0.07223230255657084,0.08331774216837355,11.038548433674713,17.796859598853583,normal
job_000010,Rwanda,166,6.5317871031746035,monitoring,0.0,0.0464556359920353,0.0,0.0,0.0,0.18749999999999992,0.0,6,,0.03268669079761058,0.006968345398805295,0.04446834539880528,4.446834539880528,16.194856591776816,normal
job_000010,Rwanda,167,6.571135218253969,monitoring,0.0,0.007927540630299157,0.0,0.0,0.32516593423307,1.0,0.0,6,,0.10237826218908976,0.08248061465281237,0.2011891310945449,20.11891310945449,16.665743373898138,normal
job_000010,Rwanda,168,6.610483333333334,monitoring,0.0,0.2059602719249018,0.0,0.17442136504256922,0.3305719802863988,0.18749999999999992,0.0,6,,0.08053808157747053,0.1745845136252342,0.06839404078873526,17.45845136252342,16.76086833253317,normal
job_000010,Rwanda,169,6.649831448412699,monitoring,0.0,0.1538333260721278,0.0,0.1645338146982364,0.40296736738429983,0.18749999999999992,0.0,6,,0.06489999782163833,0.18140367590127687,0.060574998910819154,18.14036759012769,16.926408243444513,normal
job_000010,Rwanda,170,6.689179563492064,monitoring,0.0,0.0,0.0,0.0,0.2347378564641872,0.7875000000000002,0.0,6,,0.07875000000000003,0.0586844641160468,0.15750000000000006,15.750000000000005,16.785239254231172,normal
job_000010,Rwanda,171,6.728527678571429,monitoring,0.0,0.006107347175905294,0.0,0.0,0.20637792407316613,1.0,0.0,6,,0.1018322041527716,0.05251058309467733,0.2009161020763858,20.09161020763858,17.18200376864006,normal
job_000010,Rwanda,172,6.767875793650794,monitoring,0.0,0.051816386524483116,0.0,0.0,0.15404102238089407,0.7875000000000002,0.0,6,,0.09429491595734496,0.04628271357389598,0.16527245797867252,16.527245797867252,17.103432812147325,normal
job_000010,Rwanda,173,6.807223908730159,monitoring,0.0,0.45525435478854615,0.0,0.9351051531394451,0.580910407358403,0.7875000000000002,0.0,6,,0.21532630643656386,0.5408025586566885,0.225788153218282,54.080255865668846,21.540651578569907,normal
job_000010,Rwanda,174,6.846572023809524,monitoring,0.0,0.249867132271816,0.0,0.6108074579927852,0.38707053126325985,0.7875000000000002,0.0,6,,0.15371013968154484,0.3480303129540622,0.19498006984077246,34.80303129540622,23.132137144590267,normal
job_000010,Rwanda,175,6.885920138888889,monitoring,0.0,0.0,0.0,0.02219159811752885,0.0,0.18749999999999992,0.0,6,,0.018749999999999992,0.007767059341135097,0.037499999999999985,3.7499999999999987,20.806280687239436,normal
job_000010,Rwanda,176,6.925268253968254,monitoring,0.0,0.058800332911628415,0.0,0.6948521110802766,0.20565255889317632,0.0,0.0,6,,0.017640099873488524,0.3034314285381351,0.008820049936744262,30.34314285381351,21.950704147228326,normal
job_000010,Rwanda,177,6.9646163690476195,monitoring,0.0,0.2533611442130612,0.0,0.0,0.36298647483548757,0.7875000000000002,0.0,6,,0.1547583432639184,0.1287507903408311,0.19550417163195924,19.550417163195924,21.66266970914444,normal
job_000010,Rwanda,178,7.003964484126985,monitoring,0.0,0.20134593767616324,0.0,0.28662142560179565,0.1955451079327785,0.0,0.0,6,,0.06040378130284897,0.17940566659524756,0.030201890651424486,17.940566659524755,21.216017343190074,normal
job_000010,Rwanda,179,7.04331259920635,monitoring,0.0,0.5,0.0,0.5415373147825859,0.29322668149220626,0.43749999999999994,0.0,6,,0.19374999999999998,0.33784473054695663,0.16249999999999998,33.78447305469566,22.724232028570746,normal
job_000010,Rwanda,180,7.082660714285715,monitoring,0.0,0.24943443556765496,0.0,0.0,0.38810328173455755,1.0,0.0,5,proximity,0.1748303306702965,0.13444098576878763,0.23741516533514825,23.741516533514826,22.846306169164038,normal
job_000010,Rwanda,181,7.12200882936508,monitoring,0.0,0.2336788372179858,0.0,0.31197881557278656,0.42092692934042053,0.43749999999999994,0.0,6,,0.11385365116539574,0.24947614336827828,0.12255182558269787,24.94761433682783,23.098463149283692,normal
job_000010,Rwanda,182,7.161356944444445,monitoring,0.0,0.5,0.0,1.0,0.5905565331190961,1.0,0.0,5,proximity,0.25,0.572639133279774,0.275,57.2639133279774,27.198317170726934,normal
job_000010,Rwanda,183,7.20070505952381,monitoring,0.0,0.2744557633945886,0.0,0.9393226791791403,0.38810328173455755,0.43749999999999994,0.0,6,,0.1260867290183766,0.4669571226555267,0.12866836450918828,46.69571226555267,29.538004582106023,normal
job_000010,Rwanda,184,7.240053174603175,monitoring,0.0,0.0,0.0,0.11296135279055154,0.0,1.0,0.0,6,,0.1,0.039536473476693035,0.2,20.0,28.3934440322533,normal
job_000010,Rwanda,185,7.27940128968254,monitoring,0.0,0.21243094647486355,0.0,0.0,0.35524414806441457,1.0,0.0,6,,0.16372928394245906,0.12067567898733317,0.23186464197122955,23.186464197122955,27.76860645203766,normal
job_000010,Rwanda,186,7.318749404761905,monitoring,0.0,0.08550482691336389,0.0,0.1353991180712645,0.38740344286581935,0.43749999999999994,0.0,6,,0.06940144807400916,0.157066276078402,0.10032572403700457,15.7066276078402,26.321168990733963,normal
job_000010,Rwanda,187,7.35809751984127,monitoring,0.0,0.0,0.0,0.0,0.457502266099701,1.0,0.0,6,,0.1,0.11437556652492525,0.2,20.0,25.562628711845885,normal
job_000010,Rwanda,188,7.3974456349206354,monitoring,0.08744743016045683,0.17191070622670113,0.0,0.05125839767984479,0.285814558293994,0.18749999999999992,0.0,6,,0.10092981242417022,0.13704254223556356,0.08077609196609653,13.704254223556356,24.13962377325114,normal
job_000010,Rwanda,189,7.4367937500000005,monitoring,0.0,0.0,0.0,0.0,0.0,0.0,0.0,3,proximity;convergence;directional_coherence,,,,,,unavailable
job_000010,Rwanda,190,7.476141865079366,monitoring,0.0,0.14348982356688855,0.0,0.0,0.5075003027541642,0.7875000000000002,0.0,6,,0.1217969470700666,0.14839854922357434,0.17902347353503334,17.902347353503334,23.391150602881403,normal
job_000010,Rwanda,191,7.515489980158731,monitoring,0.0,0.5,0.0,0.0,0.5322853601729262,0.7875000000000002,0.0,6,,0.22875,0.20807134004323152,0.23250000000000004,23.250000000000004,23.374212530535633,normal
job_000010,Rwanda,192,7.554838095238096,monitoring,0.0,0.0,0.0,0.0,0.45044548608148766,1.0,0.0,6,,0.1,0.11261137152037191,0.2,20.0,22.969307026871356,normal
job_000010,Rwanda,193,7.594186210317461,monitoring,0.0,0.0,0.0,0.0,0.15239853030384293,1.0,0.0,6,,0.1,0.03809963257596073,0.2,20.0,22.61299018364679,normal
job_000010,Rwanda,194,7.633534325396826,monitoring,0.0,0.18470137374917256,0.0,0.6487786326087795,0.2973409028491711,0.0,0.0,6,,0.055410412124751764,0.3291129531877415,0.027705206062375882,32.91129531877415,23.848786799862072,normal
job_000010,Rwanda,195,7.672882440476191,monitoring,0.0,0.2449782597039383,0.0,0.0866748709943044,0.4141244110877841,0.18749999999999992,0.0,6,,0.09224347791118148,0.1706140465755433,0.07424673895559072,17.06140465755433,23.034300942785144,normal
job_000010,Rwanda,196,7.712230555555556,monitoring,0.0,0.0,0.0,0.0,0.0,0.18749999999999992,0.0,6,,0.018749999999999992,0.0,0.037499999999999985,3.7499999999999987,20.720184829650925,normal
job_000010,Rwanda,197,7.751578670634921,monitoring,0.0,0.0,0.0,0.0,0.25698685251467585,0.43749999999999994,0.0,6,,0.04375,0.06424671312866896,0.0875,8.75,19.283762650092815,normal
job_000010,Rwanda,198,7.790926785714286,monitoring,0.0,0.5,0.0,0.0,0.2377648062065018,1.0,0.0,6,,0.25,0.13444120155162545,0.275,27.500000000000004,20.269711132081678,normal
job_000010,Rwanda,199,7.830274900793651,monitoring,0.0,0.0,0.0,0.0,0.3854162868921519,0.7875000000000002,0.0,6,,0.07875000000000003,0.09635407172303798,0.15750000000000006,15.750000000000005,19.727345796231877,normal
job_000010,Rwanda,200,7.8696230158730165,monitoring,0.0,0.20622670112702235,0.0,0.0,0.09227750245929534,0.43749999999999994,0.0,6,,0.1056180103381067,0.05400338078387719,0.11843400516905335,11.843400516905335,18.78127236271269,normal
job_000010,Rwanda,201,7.908971130952382,monitoring,0.0,0.09057718752450271,0.0,0.0,0.06631483024633603,0.18749999999999992,0.0,6,,0.0459231562573508,0.030165285690259412,0.05108657812867539,5.108657812867539,17.140558616731273,normal
job_000010,Rwanda,202,7.948319246031747,monitoring,0.0,0.08691121913606084,0.0,0.0,0.2403563975237883,0.43749999999999994,0.0,6,,0.06982336574081825,0.0731257822513562,0.10053668287040912,10.053668287040912,16.29013177716843,normal
job_000010,Rwanda,203,7.987667361111112,monitoring,0.0,0.18432496272041574,0.0,0.0,0.2855976285745642,0.18749999999999992,0.0,6,,0.07404748881612472,0.09904815155170342,0.06514874440806234,9.904815155170342,15.52389378252866,normal
job_000010,Rwanda,204,8.027015476190476,monitoring,0.0,0.0,0.0,0.0,0.37327079348706454,0.0,0.0,6,,0.0,0.09331769837176614,0.0,9.331769837176614,14.780838909086416,normal
job_000010,Rwanda,205,8.066363591269841,monitoring,0.0,0.12323950445889599,0.0,0.3857675669824228,0.2312344829158848,0.7875000000000002,0.0,6,,0.11572185133766882,0.21131319484165356,0.17598592566883445,21.131319484165356,15.542896578095888,normal
job_000010,Rwanda,206,8.105711706349206,monitoring,0.0,0.281570788999511,0.0,0.42484813992504034,0.2457218768743473,0.7875000000000002,0.0,6,,0.16322123669985333,0.2523629365422776,0.1997356183499267,25.236293654227758,16.706104227231712,normal
job_000010,Rwanda,207,8.145059821428571,monitoring,0.0,0.14011142021980608,0.0,0.1485082746768708,0.18515574752099861,0.43749999999999994,0.0,6,,0.08578342606594182,0.11928354605012534,0.1085167130329709,11.928354605012533,16.13277427256541,normal
job_000010,Rwanda,208,8.184407936507936,monitoring,0.0,0.05699512762753498,0.0,0.23893732218491023,0.05988154001685522,0.18749999999999992,0.0,6,,0.035848538288260484,0.10714771691306263,0.04604926914413023,10.714771691306263,15.48261396281431,normal
job_000010,Rwanda,209,8.223756051587301,monitoring,0.0,0.08791653381435506,0.0,0.6363348536607828,0.0,0.18749999999999992,0.0,6,,0.04512496014430651,0.23590467885342722,0.05068748007215324,23.590467885342722,16.45555643351772,normal
job_000010,Rwanda,210,8.263104166666666,monitoring,0.0,0.1562027915650753,0.0,0.0,0.0,0.18749999999999992,0.0,6,,0.06561083746952258,0.023430418734761295,0.06093041873476128,6.561083746952258,15.268219711129865,normal
job_000010,Rwanda,211,8.302452281746032,monitoring,0.0,0.024701057154046493,0.0,0.0,0.0,0.43749999999999994,0.0,6,,0.05116031714621395,0.003705158573106974,0.09120515857310697,9.120515857310698,14.530495248671564,normal
job_000010,Rwanda,212,8.341800396825397,monitoring,0.0,0.11948566553234612,0.0,0.0,0.17388274387729935,0.18749999999999992,0.0,6,,0.05459569965970383,0.06139353579917675,0.055422849829851906,6.1393535799176755,13.523558248421097,normal
job_000010,Rwanda,213,8.381148511904762,monitoring,0.0,0.20467499229402636,0.0,0.0,0.2825156381912685,0.18749999999999992,0.0,6,,0.0801524976882079,0.10133015839192108,0.06820124884410395,10.133015839192108,13.116693159313618,normal
job_000010,Rwanda,214,8.420496626984127,monitoring,0.0,0.058677308664844365,0.0,0.27666348359932913,0.3687966552547124,0.18749999999999992,0.0,6,,0.0363531925994533,0.19783297937316996,0.04630159629972664,19.783297937316995,13.916685732674024,normal
job_000010,Rwanda,215,8.459844742063492,monitoring,0.1969613096584818,0.3934766346893041,0.0,0.47218646213986876,0.3981974223076841,0.0,0.0,6,,0.18697944878725986,0.37307643994389117,0.09841375713509198,37.30764399438912,16.723600724079837,normal
job_000010,Rwanda,216,8.499192857142857,monitoring,0.1359424550583696,0.5,0.0,0.5133600159803319,0.2981758789039452,0.0,0.0,6,,0.19757985927042937,0.3632055890836948,0.10218849101167392,36.320558908369485,19.075235706194594,normal
job_000010,Rwanda,217,8.538540972222222,monitoring,0.0,0.02454734554221025,0.0,0.0,0.23867675387690482,0.18749999999999992,0.0,6,,0.026114203662663066,0.06335129030055774,0.04118210183133152,6.335129030055773,17.546422905057934,normal
job_000010,Rwanda,218,8.577889087301587,monitoring,0.0,0.2604085835651138,0.0,0.3247857190870188,0.3353373102741172,0.0,0.0,6,,0.07812257506953414,0.23657061678375294,0.03906128753476707,23.657061678375293,18.279699557856016,normal
job_000010,Rwanda,219,8.617237202380952,monitoring,0.0,0.1957579852217355,0.0,0.3286126291221524,0.21559780616162708,0.18749999999999992,0.0,6,,0.07747739556652064,0.19827756951642042,0.0668636977832603,19.82775695164204,18.46546644511034,normal
job_000010,Rwanda,220,8.656585317460317,monitoring,0.0,0.09106200788952336,0.0,0.0,0.317731589690069,0.18749999999999992,0.0,6,,0.046068602366857,0.09309219860594575,0.051159301183428485,9.309219860594576,17.36671685496845,normal
job_000010,Rwanda,221,8.695933432539682,monitoring,0.0,0.33063369111189284,0.0,0.0,0.2761551595482451,0.0,0.0,6,,0.09919010733356785,0.11863384355384521,0.04959505366678393,11.863384355384522,16.706316955018377,normal
job_000010,Rwanda,222,8.735281547619048,monitoring,0.0,0.2151931645631833,0.0,0.004486585764794081,0.2803992297329192,0.0,0.0,6,,0.06455794936895498,0.10394908713538523,0.03227897468447749,10.394908713538523,15.948947966040794,normal
job_000010,Rwanda,223,8.774629662698413,monitoring,0.0,0.0,0.0,0.012398689595137152,0.27553198389948186,0.18749999999999992,0.0,6,,0.018749999999999992,0.07322253733316847,0.037499999999999985,7.322253733316847,14.913744658113922,normal
job_000010,Rwanda,224,8.813977777777778,monitoring,0.0,0.19707995629463426,0.0,0.14575987752530287,0.23125844515380325,0.18749999999999992,0.0,6,,0.07787398688839027,0.13839256186650195,0.06706199344419513,13.839256186650195,14.784806041538275,normal
job_000010,Rwanda,225,8.853325892857143,monitoring,0.0,0.14243657546427704,0.0,0.22995502078259403,0.3399657755391128,0.18749999999999992,0.0,6,,0.06148097263928311,0.18684118747832765,0.058865486319641544,18.684118747832766,15.252723566293614,normal
job_000010,Rwanda,226,8.892674007936508,monitoring,0.0,0.0,0.0,0.0,0.3759290763810615,0.43749999999999994,0.0,6,,0.04375,0.09398226909526537,0.0875,9.398226909526537,14.550183967481564,normal
job_000010,Rwanda,227,8.932022123015873,monitoring,0.0,0.22281665955500188,0.0,0.47077170520754197,0.42566420146894757,0.7875000000000002,0.0,6,,0.1455949978665006,0.3046086461231269,0.19092249893325033,30.460864612312687,16.459465644861297,normal
job_000010,Rwanda,228,8.971370238095238,monitoring,0.0,0.19612705796208763,0.0,0.25939454994453603,0.4781253277817956,1.0,0.0,6,,0.1588381173886263,0.23973848312034968,0.22941905869431314,23.973848312034967,17.361191564922137,normal
job_000010,Rwanda,229,9.010718353174603,monitoring,0.0,0.0,0.0,0.2192909560957148,0.31430528139764347,0.43749999999999994,0.0,6,,0.04375,0.15532815498291103,0.0875,15.532815498291102,17.141786436926413,normal
job_000010,Rwanda,230,9.050066468253968,monitoring,0.0,0.2117044250896574,0.0,0.7675521675921524,0.3080678670873033,0.43749999999999994,0.0,6,,0.10726132752689721,0.3774158891925278,0.1192556637634486,37.74158891925278,19.613762734805576,normal
job_000010,Rwanda,231,9.089414583333333,monitoring,0.0,0.18963800685796967,0.0,0.6223566451736227,0.3629986565721062,0.43749999999999994,0.0,6,,0.10064140205739089,0.3370201909824899,0.11594570102869545,33.70201909824899,21.304353498418784,normal
job_000010,Rwanda,232,9.128762698412698,monitoring,0.0,0.09135937505109407,0.0,0.13297413563057223,0.22006299195056098,0.0,0.0,6,,0.027407812515328218,0.11526060171600463,0.013703906257664109,11.526060171600463,20.130958299200586,normal
job_000010,Rwanda,233,9.168110813492063,monitoring,0.0,0.14884221079689772,0.0,0.21522629602913157,0.03812435458191172,0.0,0.0,6,,0.044652663239069315,0.10718662387520862,0.022326331619534658,10.718662387520862,19.001482789799017,normal
job_000010,Rwanda,234,9.207458928571429,monitoring,0.0,0.15967617613261162,0.0,0.4426609967781222,0.4117637058565164,0.0,0.0,6,,0.04790285283978348,0.28182370175636356,0.02395142641989174,28.182370175636358,20.1031892760995,normal
job_000010,Rwanda,235,9.246807043650794,monitoring,0.0,0.0,0.0,0.0,0.2852824707673396,0.0,0.0,6,,0.0,0.0713206176918349,0.0,7.1320617691834896,18.546653975269578,normal
job_000010,Rwanda,236,9.286155158730159,monitoring,0.11191751298262821,0.05271781681849986,0.0,0.1831057407095442,0.17109507511963196,0.0,0.0,6,,0.05498647458946983,0.14274782879668046,0.03029117511930062,14.274782879668047,18.034029443797394,normal
job_000010,Rwanda,237,9.325503273809524,monitoring,0.055532255928738776,0.033272786287365956,0.0,0.33537922241552776,0.14561045323548308,0.18749999999999992,0.0,6,,0.04816812546126835,0.17265932307959506,0.05359736912885263,17.265932307959506,17.941857787496847,normal
job_000010,Rwanda,238,9.364851388888889,monitoring,0.0,0.0,0.0,0.03722225353191587,0.35505091859302035,0.43749999999999994,0.0,6,,0.04375,0.10179051838442564,0.0875,10.179051838442565,17.010321073610335,normal
job_000010,Rwanda,239,9.404199503968254,monitoring,0.0,0.02807945183355615,0.0,0.3110706817267481,0.3966804152594866,0.0,0.0,6,,0.008423835550066844,0.21225676019426692,0.004211917775033422,21.225676019426693,17.516163667108298,normal
job_000010,Rwanda,240,9.443547619047619,monitoring,0.0,0.0,0.07097848671216563,0.12683383803032194,0.17588521601883728,0.0,0.0,6,,0.017744621678041406,0.088363147315322,0.010646773006824843,8.8363147315322,16.474581794839168,normal
job_000010,Rwanda,241,9.482895734126984,monitoring,0.0,0.019264736899407522,0.0,0.0,0.3095513938613026,0.0,0.0,6,,0.005779421069822256,0.08027755900023678,0.002889710534911128,8.027755900023678,15.46096268746131,normal
job_000010,Rwanda,242,9.52224384920635,monitoring,0.0,0.0,0.0,0.03178556705257688,0.3566460276083328,0.0,0.0,6,,0.0,0.10028645537048511,0.0,10.028645537048511,14.809084629411775,normal
job_000010,Rwanda,243,9.561591964285714,monitoring,0.0,0.01840024942780621,0.0,0.0,0.33303446667857,0.0,0.0,6,,0.005520074828341863,0.08601865408381343,0.0027600374141709314,8.601865408381343,14.064218322888124,normal
job_000010,Rwanda,244,9.60094007936508,monitoring,0.0,0.4391978701998386,0.0,0.0,0.3718803799828218,0.0,0.0,6,,0.13175936105995156,0.15884977552568125,0.06587968052997578,15.884977552568124,14.282709430449723,normal
job_000010,Rwanda,245,9.640288194444445,monitoring,0.0,0.09337255124322168,0.0,0.24129313480917217,0.5230336375794886,0.43749999999999994,0.0,6,,0.0717617653729665,0.22921688926456568,0.10150588268648325,22.921688926456568,15.319386969970543,normal
job_000010,Rwanda,246,9.67963630952381,monitoring,0.0,0.01363057779678744,0.0,0.42412854304184316,0.30457750093895547,0.0,0.0,6,,0.004089173339036232,0.22663395196890207,0.002044586669518116,22.663395196890207,16.200667957200903,normal
job_000010,Rwanda,247,9.718984424603175,monitoring,0.0,0.0,0.0,0.2079848135937085,0.2989925679083396,0.0,0.0,6,,0.0,0.14754282673488286,0.0,14.754282673488287,16.02710172315539,normal
job_000010,Rwanda,248,9.75833253968254,monitoring,0.0,0.0,0.0,0.0,0.29083119127849566,0.0,0.0,6,,0.0,0.07270779781962391,0.0,7.270779781962392,14.976343090212229,normal
job_000010,Rwanda,249,9.797680654761905,monitoring,0.0,0.41490600858914317,0.0,0.0,0.33749169126305173,0.0,0.0,6,,0.12447180257674295,0.1466088241041344,0.062235901288371476,14.66088241041344,14.938487808636374,normal
job_000010,Rwanda,250,9.83702876984127,monitoring,0.0,0.047939681489300084,0.0,0.47241121313319634,0.4386994515712497,1.0,0.0,6,,0.11438190444679003,0.28220973971282615,0.20719095222339504,28.220973971282614,16.532386148153922,normal
job_000010,Rwanda,251,9.876376884920635,monitoring,0.0,0.009374524687805932,0.0,0.0,0.12430721593635276,0.0,0.0,6,,0.00281235740634178,0.03248298268725908,0.00140617870317089,3.2482982687259074,14.93829560262256,normal
job_000010,Rwanda,252,9.915725,monitoring,0.0,0.024160805825466335,0.18126172599880563,0.0,0.2097943173416192,0.0,0.0,6,,0.052563673247341305,0.05607270020922475,0.030813379773640792,5.607270020922475,13.81857253281855,normal
job_000010,Rwanda,253,9.955073115079365,monitoring,0.0,0.0,0.0,0.0,0.122929103242988,0.43749999999999994,0.0,6,,0.04375,0.030732275810747,0.0875,8.75,13.210343828880324,normal
job_000010,Rwanda,254,9.99442123015873,monitoring,0.0,0.0,0.0,0.0,0.35276393239091314,0.43749999999999994,0.0,6,,0.04375,0.08819098309772828,0.0875,8.819098309772828,12.683394366587425,normal
job_000010,Rwanda,255,10.033769345238095,monitoring,0.2168008416206136,0.0,0.19880229172301064,0.3466993821570757,0.36321567686196754,1.0,0.0,6,,0.22558086749796744,0.2663489133756218,0.2731805120825743,27.318051208257433,14.439553187587826,normal
job_000010,Rwanda,256,10.07311746031746,monitoring,0.0,0.0,0.0,0.0,0.38752670117357424,0.0,0.0,6,,0.0,0.09688167529339356,0.0,9.688167529339356,13.86938690859801,normal
job_000010,Rwanda,257,10.112465575396826,monitoring,0.0,0.0,0.0,0.017558289528187013,0.34427012907173893,0.43749999999999994,0.0,6,,0.04375,0.09221293360280018,0.0875,9.221293360280018,13.311615682799852,normal
job_000010,Rwanda,258,10.15181369047619,monitoring,0.0,0.017125083068345582,0.0,0.0,0.26669326877865246,0.0,0.0,6,,0.005137524920503674,0.06924207965491495,0.002568762460251837,6.924207965491496,12.54512675672285,normal
job_000010,Rwanda,259,10.191161805555556,monitoring,0.0,0.0,0.061659114360997476,0.3333777778252938,0.28143912950502636,1.0,0.0,6,,0.11541477859024937,0.18704200461510942,0.20924886715414964,20.924886715414964,13.550697951765903,normal
job_000010,Rwanda,260,10.23050992063492,monitoring,0.0,0.2401214536064003,0.06502697891411074,0.8633975714911883,0.11101858776590272,1.0,0.0,6,,0.18829318081044777,0.3659620150043516,0.24577226487807668,36.59620150043516,16.316158377606214,normal
job_000010,Rwanda,261,10.269858035714286,monitoring,0.0,0.13811190649318583,0.05126717466920116,0.0,0.37326277633083194,1.0,0.0,6,,0.15425036561525604,0.11403248005668586,0.22840686217435807,22.840686217435806,17.099101718385764,normal
job_000010,Rwanda,262,10.309206150793651,monitoring,0.0,0.1414650726300928,0.0,0.09331235634768911,0.38760902428757443,1.0,0.0,6,,0.14243952178902786,0.1507813416880987,0.22121976089451392,22.121976089451394,17.70184664291364,normal
job_000010,Rwanda,263,10.348554265873016,monitoring,0.0,0.3146365923874631,0.01948012461416474,0.28666676950501,0.4567423438324393,1.0,0.0,6,,0.19926100886978013,0.2617144441429828,0.2501175075502442,26.17144441429828,18.718198375479798,normal
job_000010,Rwanda,264,10.387902380952381,monitoring,0.0,0.16791056821754607,0.0,0.04766300967747842,0.39441049613147594,1.0,0.0,6,,0.15037317046526383,0.14047126265261833,0.2251865852326319,22.51865852326319,19.174253593213805,normal
job_000010,Rwanda,265,10.427250496031746,monitoring,0.009368745082528104,0.04244212368150638,0.0,0.2382273303351035,0.3830170948127593,1.0,0.0,6,,0.11601169788333676,0.187842344143334,0.2082400675687316,20.82400675687316,19.37222397285293,normal
job_000010,Rwanda,266,10.466598611111111,monitoring,0.08056390554717828,0.1588545036633013,0.0,0.04469391736823714,0.48629635527641024,0.65625,0.0,6,,0.14147871804050277,0.18118611183427533,0.17119095665893086,18.118611183427532,19.22179043812188,normal
job_000010,Rwanda,267,10.505946726190476,monitoring,0.12705309458297098,0.22114598209243652,0.0,0.18928018199739452,0.24052354922354746,0.43749999999999994,0.0,6,,0.15456237773177078,0.19131412196458317,0.14608251623045967,19.131412196458317,19.21094504912225,normal
job_000010,Rwanda,268,10.545294841269842,monitoring,0.26560604516048514,0.028833381176027788,0.0,0.6340170878295623,0.0,0.65625,0.0,6,,0.16723713015897812,0.2926324992068723,0.1886962162085012,29.26324992068723,20.41722163371005,normal
job_000010,Rwanda,269,10.584642956349207,monitoring,0.09545992589836541,0.14697076225484143,0.0,0.4615539277569462,0.0,0.9374999999999999,0.0,6,,0.17125220274088032,0.20745447052774874,0.2286375995178993,22.86375995178993,20.710806231879634,normal
job_000010,Rwanda,270,10.623991071428572,monitoring,0.4128186927273687,0.388293459756626,0.0,0.0,0.0,1.0,0.0,6,,0.3609745803815668,0.16144869214533608,0.34080775750896763,36.09745803815668,22.55720444863288,normal
job_000010,Rwanda,271,10.663339186507937,monitoring,0.29524138080572526,0.06112915772213725,0.0,0.13080120895127342,0.0,0.9374999999999999,0.0,6,,0.21542323059864502,0.12876014199269759,0.25571764981946565,25.571764981946565,22.918951712630523,normal
job_000010,Rwanda,272,10.702687301587302,monitoring,0.12593308188606117,0.2215243808003119,0.0,0.0,0.0,1.0,0.0,6,,0.21053389290021496,0.06471192759156208,0.258415273497259,25.8415273497259,23.269660789081968,normal
job_000010,Rwanda,273,10.742035416666667,monitoring,0.1485771301495283,0.2543794176915185,0.0,0.0,0.0,0.43749999999999994,0.0,6,,0.17206582085979044,0.07530119519110985,0.15537233868363343,17.206582085979043,22.54209134470962,normal
job_000010,Rwanda,274,10.781383531746032,monitoring,0.0,0.0,0.012965713243833494,0.0,0.24943324634880862,1.0,0.0,6,,0.10324142831095838,0.062358311587202155,0.20194485698657502,20.194485698657502,22.260378667183367,normal
job_000010,Rwanda,275,10.820731646825397,monitoring,0.07154843172047837,0.038859628748589656,0.0,0.0,0.3090894402881268,0.43749999999999994,0.0,6,,0.08044983972674433,0.10098841231443974,0.10763863065638411,10.76386306563841,20.88079679499797,normal
job_000010,Rwanda,276,10.860079761904762,monitoring,0.0,0.05591330225414028,0.0,0.0,0.19299792448741507,1.0,0.0,6,,0.11677399067624208,0.05663647645997481,0.20838699533812105,20.838699533812104,20.875745123655665,normal
job_000010,Rwanda,277,10.899427876984127,monitoring,0.0,0.0,0.0,0.0,0.13250969090735354,1.0,0.0,6,,0.1,0.033127422726838385,0.2,20.0,20.770655708816985,normal
job_000010,Rwanda,278,10.938775992063492,monitoring,0.4065917767780721,0.13923457982795168,0.0,0.0,0.12270749226573228,0.0,0.0,6,,0.18407749582071073,0.15321000423514386,0.10220354232980719,18.407749582071073,20.487106973607474,normal
job_000010,Rwanda,279,10.978124107142857,monitoring,0.28994384187792194,0.02062128416285438,0.0,0.0,0.24332618188922478,0.0,0.0,6,,0.10766672990612898,0.13641069856621485,0.06108196100001255,13.641069856621485,19.665582519569156,normal
job_000010,Rwanda,280,11.017472222222223,monitoring,0.0,0.10914004522922299,0.0,0.0,0.35976589776004664,0.43749999999999994,0.0,6,,0.07649201356876689,0.1063124812243951,0.10387100678438344,10.63124812243951,18.5814623919136,normal
job_000010,Rwanda,281,11.056820337301588,monitoring,0.10517806861788097,0.11383444346528655,0.0,0.0,0.42630492821890675,0.18749999999999992,0.0,6,,0.08971265705584429,0.1499459157289899,0.07561078024336916,14.99459157289899,18.151037893631848,normal
job_000010,Rwanda,282,11.096168452380953,monitoring,0.0,0.1845124130025837,0.0,0.0,0.34646327952409195,0.7875000000000002,0.0,6,,0.13410372390077513,0.11429268183141054,0.1851768619503876,18.51768619503876,18.195035689800676,normal
job_000010,Rwanda,283,11.135516567460318,monitoring,0.11582496592735614,0.018095033915486048,0.0,0.0,0.39081414259655994,0.43749999999999994,0.0,6,,0.08971724824922045,0.12937403221830193,0.11337924827279414,12.937403221830193,17.564119793644217,normal
job_000010,Rwanda,284,11.174864682539683,monitoring,0.20171241839722548,0.08383252965200387,0.0,0.0,0.27298581523968146,0.18749999999999992,0.0,6,,0.11449910533463006,0.1312494378570273,0.09041736312724566,13.124943785702731,17.031418672691238,normal
job_000010,Rwanda,285,11.214212797619048,monitoring,0.0,0.0,0.0,0.3445078054217766,0.32546796385275656,0.7875000000000002,0.0,6,,0.07875000000000003,0.20194472286081094,0.15750000000000006,20.194472286081094,17.41098510629802,normal
job_000010,Rwanda,286,11.253560912698413,monitoring,0.0,0.0,0.0,0.0,0.0,0.43749999999999994,0.0,6,,0.04375,0.0,0.0875,8.75,16.37166689354226,normal
job_000010,Rwanda,287,11.292909027777778,monitoring,0.0,0.0,0.0,0.036379488217008316,0.06633041331441897,0.43749999999999994,0.0,6,,0.04375,0.02931542420455765,0.0875,8.75,15.457066866317188,normal
job_000010,Rwanda,288,11.332257142857143,monitoring,0.0,0.0,0.0,0.0347962189497568,0.22949613477801767,0.43749999999999994,0.0,6,,0.04375,0.0695527103269193,0.0875,8.75,14.652218842359126,normal
job_000010,Rwanda,289,11.371605257936508,monitoring,0.0,0.0,0.0,0.0,0.33216877179935966,0.43749999999999994,0.0,6,,0.04375,0.08304219294983992,0.0875,8.75,13.943952581276031,normal
job_000010,Rwanda,290,11.410953373015873,monitoring,0.0,0.0,0.0,0.0,0.3105941639919271,0.43749999999999994,0.0,6,,0.04375,0.07764854099798177,0.0875,8.75,13.320678271522908,normal
job_000010,Rwanda,291,11.450301488095239,monitoring,0.01389472545343805,0.0,0.0,0.0,0.4383165247284077,0.18749999999999992,0.0,6,,0.02361315390870331,0.11305281254546144,0.04027894509068759,11.305281254546145,13.078830629485697,normal
job_000010,Rwanda,292,11.489649603174604,monitoring,0.07675654435621093,0.0,0.0,0.0,0.21501477319109227,0.18749999999999992,0.0,6,,0.04561479052467382,0.07294282938682581,0.052851308871242175,7.2942829386825805,12.384684906589325,normal
job_000010,Rwanda,293,11.528997718253969,monitoring,0.14603698897636574,0.07564916642131192,0.0,0.0,0.4233884234635832,0.0,0.0,6,,0.07380769606812158,0.15370372807318403,0.040554772758469936,15.370372807318402,12.742967454676814,normal
job_000010,Rwanda,294,11.568345833333334,monitoring,0.286149549725308,0.16331886549691266,0.0,0.0,0.5151904311649707,0.65625,0.0,6,,0.2147730020529316,0.22483282504710655,0.2129777397695985,22.483282504710655,13.911805260680875,normal
job_000010,Rwanda,295,11.607693948412699,monitoring,0.15762724536079675,0.010164146103348816,0.0,0.0,0.5580085565377196,0.9374999999999999,0.0,6,,0.1519687797072835,0.1804335723901314,0.22055007098766166,22.055007098766165,14.88898948125111,normal
job_000010,Rwanda,296,11.647042063492064,monitoring,0.17530330352833165,0.22436093760015954,0.0,0.2134679979378706,0.563483208773,0.9374999999999999,0.0,6,,0.22241443751496393,0.2930645679936115,0.25621480134569025,29.306456799361154,16.619085559424317,normal
job_000010,Rwanda,297,11.686390178571429,monitoring,0.0,0.0,0.0,0.0,0.22780786298168024,0.43749999999999994,0.0,6,,0.04375,0.05695196574542006,0.0875,8.75,15.6747952922934,normal
job_000010,Rwanda,298,11.725738293650794,monitoring,0.0,0.13154013398160175,0.060893564296309884,0.0,0.4031328082660924,0.9374999999999999,0.0,6,,0.148435431268558,0.12051422216376335,0.21636505474168674,21.636505474168676,16.390200514118433,normal
job_000010,Rwanda,299,11.76508640873016,monitoring,0.3404102325774935,0.08333333333333333,0.12325443243889361,0.0,0.3360374806536697,0.43749999999999994,0.0,6,,0.21870718951184615,0.18161192830779077,0.18657021138133273,21.870718951184614,17.047862726566375,normal
job_000010,Rwanda,300,11.804434523809524,monitoring,0.33222871778348223,0.08333333333333333,0.1264268196528314,0.0,0.03810238229395568,0.43749999999999994,0.0,6,,0.2166367561374266,0.10508277501935948,0.18540976650462115,21.66367561374266,17.60176027302753,normal
job_000010,Rwanda,301,11.84378263888889,monitoring,0.4365446201157639,0.25,0.0,0.0,0.21743756647909884,0.11931818181818171,0.0,6,,0.23972243522233552,0.2009955466487157,0.1486725603867891,23.97224352223355,18.36621826293225,normal
job_000010,Rwanda,302,11.883130753968254,monitoring,0.4916578051180881,0.25,0.0,0.0,0.0,0.11931818181818171,0.0,6,,0.259012049973149,0.16041445127952203,0.15969519738725396,25.9012049973149,19.270416671058165,normal
job_000010,Rwanda,303,11.92247886904762,monitoring,0.306508933775503,0.08333333333333333,0.1274044571072504,0.17654031007661167,0.0,0.43749999999999994,0.0,6,,0.20787924109823863,0.15091634197068982,0.18041245532118816,20.787924109823862,19.45251756371005,normal
job_000010,Rwanda,304,11.961826984126985,monitoring,0.07191220580144586,0.0,0.0,0.0,0.11296925613646441,0.9374999999999999,0.0,6,,0.11891927203050605,0.04622036548447757,0.20188244116028917,20.188244116028915,19.54080474998831,normal
job_000010,Rwanda,305,12.00117509920635,monitoring,0.11176975291618879,0.0,0.0,0.0,0.0,0.65625,0.0,6,,0.10474441352066607,0.027942438229047198,0.15360395058323778,15.360395058323778,19.039155586988567,normal
job_000010,Rwanda,306,12.040523214285715,monitoring,0.0,0.0,0.0,0.0,0.12384402608962804,0.18749999999999992,0.0,6,,0.018749999999999992,0.03096100652240701,0.037499999999999985,3.7499999999999987,17.204456916549937,normal
job_000010,Rwanda,307,12.07987132936508,monitoring,0.3937508519593043,0.08333333333333333,0.1316200474727242,0.0,0.017931580312137676,0.43749999999999994,0.0,6,,0.23946781005393758,0.11542060806786049,0.1984931775127695,23.94678100539376,18.013535807211195,normal
job_000010,Rwanda,308,12.119219444444445,monitoring,0.4412424102011452,0.0,0.25280482114693387,0.03827685565214723,0.0,0.65625,0.0,6,,0.28326104885713427,0.12370750202853782,0.25741920521226913,28.326104885713427,19.251044096631464,normal
job_000010,Rwanda,309,12.15856755952381,monitoring,0.3275001017678443,0.08333333333333333,0.11739613306759025,0.07273571053158141,0.030451539997662293,0.43749999999999994,0.0,6,,0.21272406888564305,0.12744540912743013,0.1831094403137074,21.272406888564305,19.493607631663405,normal
job_000010,Rwanda,310,12.197915674603175,monitoring,0.19529732805455777,0.0,0.1357987955097355,0.0,0.0,0.65625,0.0,6,,0.1679287636965291,0.04882433201363944,0.1906792849373719,19.067928493737192,19.44252613511226,normal
job_000010,Rwanda,311,12.23726378968254,monitoring,0.09131000972225534,0.0,0.0,0.0,0.10988976427034715,0.9374999999999999,0.0,6,,0.12570850340278936,0.05029994349815062,0.20576200194445107,20.576200194445107,19.578567022232203,normal
job_000010,Rwanda,312,12.276611904761905,monitoring,0.23232150947409233,0.037851508254140714,0.11782543857905241,0.0,0.15041463101963687,0.65625,0.0,6,,0.18774934043693764,0.1013617613615534,0.20106584391979743,20.106584391979744,19.641929106601907,normal
job_000010,Rwanda,313,12.31596001984127,monitoring,0.24937733505811563,0.0,0.04291688616528096,0.0,0.0,0.9374999999999999,0.0,6,,0.1917612888116607,0.06234433376452891,0.24381299993641525,24.381299993641527,20.210653613046663,normal
job_000010,Rwanda,314,12.355308134920636,monitoring,0.23782012945128272,0.08807150119890057,0.24749927362328433,0.0,0.30046319762477686,0.9374999999999999,0.0,6,,0.2652833140734402,0.14778155694884998,0.28539964211358426,28.539964211358427,21.210170884844075,normal
job_000010,Rwanda,315,12.39465625,monitoring,0.2365266096930264,0.09374890060568937,0.2540236059006537,0.0,0.07139252149295801,0.9374999999999999,0.0,6,,0.2681648850494295,0.0910421178873495,0.2869711979145567,28.697119791455673,22.10860475363747,normal
job_000010,Rwanda,316,12.434004365079366,monitoring,0.11923497882969986,0.0,0.1648229318421451,0.0,0.3584079637443813,0.43749999999999994,0.0,6,,0.1266879755509312,0.11941073564352028,0.13607043554226173,13.607043554226173,21.08841740970811,normal
job_000010,Rwanda,317,12.47335248015873,monitoring,0.25565287589273555,0.18269052856057222,0.0,0.0,0.014594363791700555,0.65625,0.0,6,,0.20991066513062911,0.09496538920519486,0.20978415446263293,20.99106651306291,21.076735302110688,normal
job_000010,Rwanda,318,12.512700595238096,monitoring,0.3251905544113215,0.10510681356686727,0.0,0.0,0.2647836785764025,0.65625,0.0,6,,0.2109737381140227,0.16325958028196108,0.2120541329172944,21.205413291729442,21.09217666086494,normal
job_000010,Rwanda,319,12.552048710317461,monitoring,0.4744366539719641,0.08333333333333333,0.0,0.0,0.0,0.43749999999999994,0.0,6,,0.23480282889018744,0.13110916349299104,0.1948873307943928,23.480282889018746,21.378749408243397,normal
job_000010,Rwanda,320,12.591396825396826,monitoring,0.5953587341565845,0.12324283065410266,0.0,0.19522203214098724,0.0,0.43749999999999994,0.0,6,,0.2890984061510354,0.23565381938660704,0.2250581714294323,28.909840615103537,22.282480353066614,normal
job_000010,Rwanda,321,12.630744940476191,monitoring,0.370766862938595,0.0480473045803777,0.22907590787783602,0.0,0.0,0.9374999999999999,0.0,6,,0.2952015703720806,0.09989881142170541,0.30322185445645106,30.322185445645104,23.247244964176033,normal
job_000010,Rwanda,322,12.670093055555556,monitoring,0.3082957118005942,0.0,0.2675432438242891,0.0,0.01110734406227855,0.9374999999999999,0.0,6,,0.26853931008628024,0.07985076396571818,0.28929062893376223,28.929062893376223,23.929063115680055,normal
job_000010,Rwanda,323,12.709441170634921,monitoring,0.31747610375556023,0.09109113750284396,0.0,0.0,0.22545626414733466,0.43749999999999994,0.0,6,,0.18219397756529926,0.1493967626011503,0.16465889137653864,18.219397756529926,23.243903272582042,normal
job_000010,Rwanda,324,12.748789285714286,monitoring,0.16736501600375825,0.0,0.0,0.18424592265908324,0.20014048693159844,0.9374999999999999,0.0,6,,0.1523277556013154,0.15636244866451832,0.22097300320075164,22.097300320075163,23.106310918281217,normal
job_000010,Rwanda,325,12.788137400793651,monitoring,0.09049380582806701,0.08419239391130184,0.01596927283717196,0.04127035085540883,0.21330299054457985,0.9374999999999999,0.0,6,,0.154672868422507,0.10302268097925008,0.22062301117788446,22.062301117788447,22.981029742222084,normal
job_000010,Rwanda,326,12.827485515873017,monitoring,0.5563385707120297,0.45432882087179416,0.0,0.0,0.14199812903295403,0.26249999999999996,0.0,6,,0.3572671460107486,0.24273349806701508,0.23191703727317506,35.72671460107486,24.51051192528442,normal
job_000010,Rwanda,327,12.866833630952382,monitoring,0.1568884889145246,0.0,0.10170551969103792,0.0,0.1511266967426765,0.65625,0.0,6,,0.14596235104284308,0.07700379641430027,0.1778835257365606,17.78835257365606,23.703852803089013,normal
job_000010,Rwanda,328,12.906181746031747,monitoring,0.013781195194813944,0.0,0.4373981101765993,0.0,0.3110556393107149,0.9374999999999999,0.0,6,,0.2079229458623347,0.08120920862638221,0.25586595556545266,25.586595556545266,23.92978193350376,normal
job_000010,Rwanda,329,12.945529861111112,monitoring,0.0,0.0,0.4641226449168869,0.0,0.18801049617981033,1.0,0.0,6,,0.2160306612292217,0.04700262404495258,0.2696183967375331,26.961839673753307,24.293628862333705,normal
job_000010,Rwanda,330,12.984877976190477,monitoring,0.04051983687719475,0.0,0.04333517264909838,0.0,0.17348109335996315,0.9374999999999999,0.0,6,,0.11876573606929275,0.05350023255928947,0.2021042432728037,20.21042432728037,23.803644318127304,normal
job_000010,Rwanda,331,13.024226091269842,monitoring,0.10029485320138776,0.027642162483719215,0.07768392103538183,0.0,0.12257239100578471,0.65625,0.0,6,,0.12844182762444695,0.059863135424351,0.1671078831681427,16.71078831681427,22.95250159796974,normal
job_000010,Rwanda,332,13.063574206349207,monitoring,0.1580769093395615,0.11027655295680452,0.08417494258882637,0.004024110195052264,0.0,0.43749999999999994,0.0,6,,0.15320361980309447,0.05746914884667935,0.14828310619975693,15.320361980309446,22.036644843850503,normal
job_000010,Rwanda,333,13.102922321428572,monitoring,0.29817155337754864,0.37531059382755594,0.07466783498395937,0.0,0.0,0.26249999999999996,0.0,6,,0.26187018057639866,0.13083947741852053,0.17963107499723702,26.187018057639865,22.534689629505227,normal
job_000010,Rwanda,334,13.142270436507937,monitoring,0.3141876069258284,0.26913505722061215,0.0770253775055697,0.0,0.07517109768894326,0.26249999999999996,0.0,6,,0.236212523966616,0.13770993473678475,0.16726158659409296,23.6212523966616,22.665077161563993,normal
job_000010,Rwanda,335,13.181618551587302,monitoring,0.31685902530091203,0.5018989979567183,0.08430332935118234,0.575448241538148,0.0,0.26249999999999996,0.0,6,,0.3087961905801303,0.35590649055708756,0.2038021541563675,35.59064905570876,24.21614578886137,normal
job_000010,Rwanda,336,13.220966666666667,monitoring,0.7027572043619803,0.5666260085405961,0.30545829080449727,0.0,0.0,0.11931818181818171,0.0,6,,0.5042492149718144,0.2606832023715845,0.2952277221377964,50.424921497181444,27.361198873859777,normal
job_000010,Rwanda,337,13.260314781746033,monitoring,0.34577465790836265,0.17271674629172082,0.2487323529093546,0.0,0.0,0.26249999999999996,0.0,6,,0.2612692423827818,0.11235117642084878,0.18487229646183384,26.126924238278182,27.213085917589986,normal
job_000010,Rwanda,338,13.299662896825398,monitoring,0.7884551670736055,0.46164698294134693,0.3118259345788562,0.015493937060252596,0.0,0.11931818181818171,0.0,6,,0.5043417051846982,0.27178371718069183,0.29757560740638794,50.43417051846982,29.999616069695563,normal
job_000010,Rwanda,339,13.339011011904763,monitoring,0.6943143253710817,0.2664046512291895,0.0,0.23675134555741836,0.0,0.43749999999999994,0.0,6,,0.36668140924863546,0.2964022499722453,0.2663235627585948,36.66814092486354,30.79983905231572,normal
job_000010,Rwanda,340,13.378359126984128,monitoring,0.5950349885598164,0.1884569124225537,0.08886513845255714,0.0,0.0,0.26249999999999996,0.0,6,,0.3132656043358411,0.17702728400333714,0.2131053053432299,31.32656043358411,30.863045618067925,normal
job_000010,Rwanda,341,13.417707242063493,monitoring,0.5236812009585592,0.24995106779958737,0.3823534685879469,0.06647533304392655,0.25595907918058997,0.43749999999999994,0.0,6,,0.3976121078223586,0.2556690967700997,0.28708192064984195,39.761210782235864,31.93082543776808,normal
job_000010,Rwanda,342,13.457055357142858,monitoring,0.49532134004520095,0.3642123807346989,0.37473347655844685,0.5650684926276363,0.1307558714964738,0.43749999999999994,0.0,6,,0.42005955237584175,0.4089251324152962,0.297406146603012,42.005955237584175,33.13984101374601,normal
job_000010,Rwanda,343,13.496403472222223,monitoring,0.6522164879105994,0.25,0.0,0.007959501106420087,0.2382179013514585,0.11931818181818171,0.0,6,,0.3152075889505279,0.26289442270276153,0.19180693394575624,31.520758895052793,32.94555115950282,normal
job_000010,Rwanda,344,13.535751587301588,monitoring,0.6722644204581918,0.4688843313390147,0.0,0.0,0.19575436457816203,0.0,0.0,6,,0.37595784656207154,0.28733734595994065,0.20478553379249056,37.59578465620715,33.50357917910734,normal
job_000010,Rwanda,345,13.575099702380953,monitoring,0.4113238748154417,0.3900120529845389,0.0,0.598611169869818,0.274381255950987,0.26249999999999996,0.0,6,,0.28721697208076624,0.4394420000937243,0.19326658291076917,43.94420000937243,34.75645367873915,normal
job_000010,Rwanda,346,13.614447817460318,monitoring,0.3433210558529227,0.22638221980819256,0.0,0.2995677548304027,0.4182037130015719,0.26249999999999996,0.0,6,,0.2143270354909807,0.3291872393754935,0.15512154414181342,32.91872393754935,34.53592610979638,normal
job_000010,Rwanda,347,13.653795932539683,monitoring,0.43732023898072864,0.57229285530366,0.0,0.7868309290288664,0.44896030666622855,0.26249999999999996,0.0,6,,0.350999940234353,0.5828048898673915,0.22580797609169473,58.28048898673915,37.38527365502951,normal
job_000010,Rwanda,348,13.693144047619048,monitoring,0.18849629771209825,0.5,0.24152076611936385,0.6579979713015518,0.5476602357292008,0.9374999999999999,0.0,6,,0.37010389572907537,0.48933842331586785,0.3364273744603242,48.93384233158679,38.77110189621638,normal
job_000010,Rwanda,349,13.732492162698414,monitoring,0.2621277099314832,0.34694781622866183,0.0,0.4347807965922563,0.5462864892868587,0.65625,0.0,6,,0.26145404334461764,0.40631900104617447,0.23571771442059591,40.63190010461744,38.994397681224505,normal
job_000010,Rwanda,350,13.771840277777779,monitoring,0.27580544897206827,0.5,0.21177896497729284,0.8100352642182622,0.5286769571271329,0.9374999999999999,0.0,6,,0.3932266483845471,0.559632944001192,0.34942793454100757,55.9632944001192,41.030665287491864,watch
job_000010,Rwanda,351,13.811188392857144,monitoring,0.41183970288599775,0.5833333333333334,0.0,0.009660338697574782,0.5160007384287292,0.43749999999999994,0.0,6,,0.3628938960100992,0.32284122887283295,0.2573679405771996,36.28938960100992,40.461712205114026,watch
job_000010,Rwanda,352,13.850536507936509,monitoring,0.4973652748962336,0.145767352331052,0.22409835322848864,0.0619072063154554,0.36500978690164787,0.43749999999999994,0.0,6,,0.3175826402201195,0.25912639050953756,0.24245291081317782,31.75826402201195,39.41729842314178,watch
job_000010,Rwanda,353,13.889884623015874,monitoring,0.4665198699763794,0.42339790441299685,0.05471319677198307,0.3584819750433062,0.30051652442676136,0.7875000000000002,0.0,6,,0.38272962500862767,0.3807374755278919,0.3225206391730229,38.27296250086277,39.2799781124683,watch
job_000010,Rwanda,354,13.929232738095239,monitoring,0.5411510709746882,0.31739429342010517,0.0706458291021743,0.4488399181522183,0.04114254306501191,0.7875000000000002,0.0,6,,0.38103262014271605,0.3502765188762172,0.32393623257327964,38.10326201427161,39.1387721806847,watch
job_000010,Rwanda,355,13.968580853174604,monitoring,0.48100502513916876,0.08333333333333333,0.0,0.14545278797718625,0.012662379681234164,0.43749999999999994,0.0,6,,0.23710175879870904,0.18682532699711593,0.19620100502783375,23.710175879870903,37.28734062458704,watch
job_000010,Rwanda,356,14.00792896825397,monitoring,0.4315240230377031,0.32310150847768104,0.30980674705547484,0.48410294851276153,0.05202476428962624,0.26249999999999996,0.0,6,,0.3516655473703691,0.338788455082951,0.233741042937514,35.16655473703691,37.03284631808102,watch
job_000010,Rwanda,357,14.047277083333334,monitoring,0.4706004481807199,0.38110293919725474,0.13533763365649168,0.39865389020737485,0.040502359033463206,0.7875000000000002,0.0,6,,0.39162544703655133,0.3244700042557152,0.329086175564206,39.162544703655136,37.288410124349916,watch
job_000010,Rwanda,358,14.0866251984127,monitoring,0.3982967112580366,0.1367810940160852,0.40525275977234226,0.28075142653837126,0.0,0.43749999999999994,0.0,6,,0.3255013670882239,0.21835434120535185,0.24846442031987143,32.55013670882239,36.71981731448661,watch
job_000010,Rwanda,359,14.125973313492064,monitoring,0.6402553011804617,0.6666666666666666,0.3001369059572889,1.0,0.33103898541052473,0.26249999999999996,0.0,6,,0.5253735819024838,0.6928235716477466,0.32557159612968567,69.28235716477465,40.627322096521176,watch
job_000010,Rwanda,360,14.16532142857143,monitoring,0.3552303776775011,0.4873403502170391,0.3947993049120014,0.7820721271145731,0.24220182916157712,0.43749999999999994,0.0,6,,0.41298256348023743,0.49618434873242595,0.2908670238048563,49.61843487324259,41.70625562972775,watch
job_000010,Rwanda,361,14.204669543650795,monitoring,0.2501808782864263,0.06848323529472525,0.29354200453014184,0.15624854004765218,0.14780941132697614,0.65625,0.0,6,,0.24711877912120223,0.16445704671423766,0.23558996163101534,24.711877912120222,39.66693030361485,watch
job_000010,Rwanda,362,14.24401765873016,monitoring,0.4505268104420451,0.6666666666666666,0.19954007749080904,0.8941414166714904,0.31795687054324767,0.26249999999999996,0.0,6,,0.43381940302741806,0.6050704160813449,0.2725363737120303,60.50704160813449,42.16774366015721,watch
job_000010,Rwanda,363,14.283365773809525,monitoring,0.0071806251989268,0.2856432307326532,0.0,0.09221758618145907,0.2140719948206898,0.43749999999999994,0.0,6,,0.13195618803942033,0.1304357947783128,0.13178260964968333,13.195618803942033,38.691088677411386,watch
job_000010,Rwanda,364,14.32271388888889,monitoring,0.14639530579218216,0.16083362154615208,0.1419658304626201,0.0741670641470458,0.40836551602207527,0.9374999999999999,0.0,6,,0.2287299011067644,0.18877372113695318,0.26219897895975225,26.219897895975226,37.19454578363904,watch
job_000010,Rwanda,365,14.362062003968255,monitoring,0.15599053482670164,0.4292476225564309,0.0,0.0,0.2836003591773885,0.43749999999999994,0.0,6,,0.22712097395627484,0.1742848668844872,0.18308525034880496,22.712097395627485,35.456651977077655,watch
job_000010,Rwanda,366,14.40141011904762,monitoring,0.0,0.0697291410000009,0.0,0.4668442308122106,0.39237696828811874,0.7875000000000002,0.0,6,,0.0996687423000003,0.2719490940063035,0.1679593711500002,27.19490940063035,34.46524286790398,normal
job_000010,Rwanda,367,14.440758234126985,monitoring,0.04327250038150375,0.08333333333333333,0.2486328973000344,0.08374306182703993,0.1091034065198619,0.43749999999999994,0.0,6,,0.1460535994585349,0.07990404836480539,0.1459494346713059,14.605359945853492,32.08205691725792,normal
job_000010,Rwanda,368,14.48010634920635,monitoring,0.07044211496339865,0.2268136602916982,0.24668770374645918,0.13260765099965233,0.032491230674247036,0.43749999999999994,0.0,6,,0.19812076426131375,0.10616806330304447,0.17261362759840332,19.812076426131377,30.609659258322736,normal
job_000010,Rwanda,369,14.519454464285715,monitoring,0.0,0.3546940965103941,0.3295576282336885,0.5842941039502533,0.3184262264821084,0.43749999999999994,0.0,6,,0.23254763601154033,0.33731360747967487,0.19013775871161237,33.731360747967486,30.984263437080106,normal
job_000010,Rwanda,370,14.55880257936508,monitoring,0.31190164728039765,0.25029532756685696,0.32879422766107963,0.27895161976924265,0.09852416918067312,0.26249999999999996,0.0,6,,0.29270273173346617,0.23778382016953115,0.20174376274027,29.270273173346617,30.778584605432087,normal
job_000010,Rwanda,371,14.598150694444445,monitoring,0.42278002108724116,0.4470194154152958,0.26710995673104226,1.0,0.1857909212970229,0.43749999999999994,0.0,6,,0.3926063211878837,0.5691956479083604,0.27917541003939894,56.91956479083604,33.91550222768056,normal
job_000010,Rwanda,372,14.63749880952381,monitoring,0.2604865378298446,0.40870981142417956,0.1445309058018915,0.9295918639733135,0.10129922818061746,0.65625,0.0,6,,0.31554095811817234,0.47711006560690217,0.2663334151498796,47.711006560690215,35.570962747641715,normal
job_000010,Rwanda,373,14.676846924603176,monitoring,0.17048329382581953,0.16956436559217167,0.0,0.4280311054424444,0.37324905660447033,0.18749999999999992,0.0,6,,0.12928846251668832,0.31117862935125373,0.09703131360398964,31.117862935125373,35.03659077013975,normal
job_000010,Rwanda,374,14.71619503968254,monitoring,0.30743214279236086,0.4838512330374924,0.1631783172971152,0.96746108268717,0.2870013346762995,0.65625,0.0,6,,0.3591761992128528,0.5597974332632984,0.2897908611086633,55.979743326329846,37.54976907688256,normal
job_000010,Rwanda,375,14.755543154761906,monitoring,0.4585665979491447,0.5833333333333334,0.3144771273837198,0.36281306448132133,0.26077662550584946,0.43749999999999994,0.0,6,,0.45786759112813064,0.394320378432211,0.3138848886973869,45.786759112813066,38.53820788119422,normal
job_000010,Rwanda,376,14.794891269841271,monitoring,0.34046759625950795,0.16784239613492966,0.2093595777726233,0.0,0.3806997206777623,0.0,0.0,6,,0.22185627197446248,0.20546818865455702,0.12467381533803454,22.185627197446248,36.57589819914446,normal
job_000010,Rwanda,377,14.834239384920636,monitoring,0.22532807219341855,0.48333089288994163,0.03622506939051344,0.0,0.3799190046690072,0.18749999999999992,0.0,6,,0.25167036048230734,0.22381140314909767,0.16049900878075193,25.167036048230734,35.20683474103481,normal
job_000010,Rwanda,378,14.873587500000001,monitoring,0.2615447201882649,0.33842633673475336,0.19773405834614782,0.33121796897428274,0.2388048626437871,0.65625,0.0,6,,0.30812706767285564,0.29177763535922496,0.2639830032997882,30.812706767285565,34.6795393841849,normal
job_000010,Rwanda,379,14.912935615079366,monitoring,0.0,0.12829440434780584,0.14467874961392027,0.23072047066971538,0.34107830203016565,0.43749999999999994,0.0,6,,0.11840800870782182,0.18526590089411266,0.12844597309425893,18.526590089411265,32.74118546881206,normal
job_000010,Rwanda,380,14.952283730158731,monitoring,0.0,0.2541550360191253,0.0,0.45242799207438805,0.4067655109684038,0.43749999999999994,0.0,6,,0.11999651080573759,0.29816443037100554,0.12562325540286878,29.816443037100555,32.39021637700668,normal
job_000010,Rwanda,381,14.991631845238096,monitoring,0.0,0.29421587038217234,0.0,0.5812082748482681,0.2423821036830532,0.43749999999999994,0.0,6,,0.1320147611146517,0.30815080267498296,0.13163238055732585,30.815080267498296,32.201200043865676,normal
job_000010,Rwanda,382,15.030979960317461,monitoring,0.0,0.03215747436586319,0.26215669234224914,0.041704121630133005,0.23424060882148592,0.0,0.0,6,,0.07518641539532124,0.07798021593079751,0.04414712500621685,7.798021593079751,29.272818629771365,normal
job_000010,Rwanda,383,15.070328075396827,monitoring,0.05815757171947199,0.33773733928647354,0.26062138726162426,0.0,0.2262609568333798,0.0,0.0,6,,0.18683169870316332,0.12176523303118397,0.10138532332610906,18.683169870316334,28.00206077863676,normal
job_000010,Rwanda,384,15.109676190476192,monitoring,0.15414534556612206,0.39594242292584897,0.24791684507388206,0.5570900020647428,0.15146615705838037,0.0,0.0,6,,0.23471280909436792,0.3307757398176629,0.12740795931318405,33.07757398176629,28.611122363012303,normal
job_000010,Rwanda,385,15.149024305555557,monitoring,0.0,0.14957372715152217,0.1615559560144609,0.0,0.3687342526027384,0.43749999999999994,0.0,6,,0.12901110714907188,0.11461962222341293,0.13416945247489745,13.416945247489744,26.787821109149597,normal
job_000010,Rwanda,386,15.188372420634922,monitoring,0.0,0.44081344341135936,0.06818168750465207,0.0,0.3705441399119753,0.0,0.0,6,,0.14928945489957082,0.15875805148969774,0.07634926963740171,15.875805148969773,25.47837919392802,normal
job_000010,Rwanda,387,15.227720535714287,monitoring,0.0,0.351610034350898,0.0,0.5433867758409381,0.08203470556496045,0.18749999999999992,0.0,6,,0.12423301030526938,0.26343555308820316,0.09024150515263468,26.343555308820317,25.582200327715096,normal
job_000010,Rwanda,388,15.267068650793652,monitoring,0.0,0.0,0.0,0.26392205043636974,0.12693286997212885,0.18749999999999992,0.0,6,,0.018749999999999992,0.12410593514576163,0.037499999999999985,12.410593514576163,24.001607510138424,normal
job_000010,Rwanda,389,15.306416765873017,monitoring,0.0,0.0716495217424698,0.30302578159238047,0.44194947762618625,0.35951226822742793,0.18749999999999992,0.0,6,,0.11600130192083605,0.2553078124873926,0.09370129550022752,25.53078124873926,24.185108358770524,normal
job_000010,Rwanda,390,15.345764880952382,monitoring,0.0,0.02943899309309812,0.0,0.29354848743888184,0.08792541820572251,0.7875000000000002,0.0,6,,0.08758169792792947,0.12913917411900397,0.16191584896396477,16.191584896396478,23.22588554328564,normal
job_000010,Rwanda,391,15.385112996031747,monitoring,0.0,0.0,0.3338491687487878,0.01715447084521935,0.1097037341030199,0.0,0.0,6,,0.08346229218719695,0.03342999832158175,0.050077375312318165,8.346229218719694,21.440326784337728,normal
job_000010,Rwanda,392,15.424461111111112,monitoring,0.0,0.0,0.3285263884541226,0.013832198403606116,0.17329487064391616,0.0,0.0,6,,0.08213159711353064,0.04816498710224118,0.049278958268118386,8.213159711353065,19.853066735579567,normal
job_000010,Rwanda,393,15.463809226190477,monitoring,0.12501221568856583,0.18096893680935106,0.045933120115822894,0.40644316500648076,0.08507305647788564,0.0,0.0,6,,0.10952823656275908,0.2219217663152838,0.05903775167648925,22.19217663152838,20.133759923093425,normal
job_000010,Rwanda,394,15.503157341269842,monitoring,0.2170813567850113,0.21445163514486382,0.048138217892428996,0.07218958123021708,0.1465712202622464,0.0,0.0,6,,0.15234851989132037,0.14834724296412,0.0828047493125962,15.234851989132036,19.54589097101806,normal
job_000010,Rwanda,395,15.542505456349208,monitoring,0.18284855237824163,0.41943010266419645,0.033144966072230234,0.4720264008767257,0.0,0.0,0.0,6,,0.19811226564970105,0.2738358938010439,0.10445597078611231,27.38358938010439,20.48641478010842,normal
job_000010,Rwanda,396,15.581853571428573,monitoring,0.2646231499460253,0.1746402180569316,0.03876489989700307,0.09288342202970748,0.0,0.0,0.0,6,,0.1547013928724391,0.12486101790544368,0.08493539768229527,15.470139287243908,19.884461720964676,normal
job_000010,Rwanda,397,15.621201686507938,monitoring,0.38400498286417567,0.2620143883869509,0.12263677051332034,0.016364516243935742,0.22598992733599274,0.26249999999999996,0.0,6,,0.2699152531468768,0.19752846649346226,0.18699867040787582,26.99152531468768,20.737309352211437,normal
job_000010,Rwanda,398,15.660549801587303,monitoring,0.0,0.0,0.0,0.0,0.0,0.0,0.0,0,density;inflow;proximity;convergence;directional_coherence;corner,,,,,,unavailable
job_000010,Rwanda,399,15.699897916666668,monitoring,0.0,0.0,0.0,0.0,0.0,0.0,0.0,0,density;inflow;proximity;convergence;directional_coherence;corner,,,,,,unavailable
job_000011,Rwanda,0,0.0,calibration,0.0,0.20512820512820512,0.019101008388548144,0.0,0.0,0.0,0.0,4,convergence;directional_coherence,0.06631371363559857,0.030769230769230767,0.03363438202751299,6.6313713635598575,,calibrating
job_000011,Rwanda,1,0.03966722017220172,calibration,0.0317049121335352,0.2606424171125229,0.014348425220576815,0.19676463691196205,0.37323118741122774,0.0,0.0,6,,0.0928765506856384,0.20919801037225588,0.047589608776671996,20.91980103722559,,calibrating
job_000011,Rwanda,2,0.07933444034440344,calibration,0.0,0.07627744431510863,0.039804456098512346,0.10084338119387791,0.0,0.0,0.0,6,,0.03283434731916068,0.046736800065123554,0.017412285062043148,4.673680006512355,,calibrating
job_000011,Rwanda,3,0.11900166051660517,calibration,0.0,0.2514207760168487,0.0,0.25151819813647486,0.09672647364644467,0.0,0.0,6,,0.0754262328050546,0.14992610416190466,0.0377131164025273,14.992610416190466,,calibrating
job_000011,Rwanda,4,0.15866888068880688,calibration,0.012070270235794591,0.15384615384615385,0.2210080977486928,0.5455664071023711,0.0,0.0,0.0,6,,0.10563046517354746,0.2170427331217016,0.05864219178638591,21.704273312170162,,calibrating
job_000011,Rwanda,5,0.1983361008610086,calibration,0.0,0.05128205128205128,0.0,0.2964340750295272,0.16467677013440554,0.0,0.0,6,,0.015384615384615384,0.1526134264862436,0.007692307692307692,15.26134264862436,,calibrating
job_000011,Rwanda,6,0.23800332103321034,calibration,0.0,0.06026901649477884,0.058255482807808234,0.21064340152200411,0.0,0.0,0.0,6,,0.03264457565038571,0.08276554300691825,0.01777867489538806,8.276554300691826,,calibrating
job_000011,Rwanda,7,0.27767054120541207,calibration,0.0,0.0,0.0,0.12066649880965812,0.0,0.0681596884128529,0.0,6,,0.00681596884128529,0.04223327458338034,0.01363193768257058,4.223327458338034,,calibrating
job_000011,Rwanda,8,0.31733776137761377,calibration,0.0,0.04618912316688617,0.0,0.0,0.30674383900643476,0.0,0.0,6,,0.01385673695006585,0.08361432822664161,0.006928368475032925,8.361432822664161,,calibrating
job_000011,Rwanda,9,0.3570049815498155,calibration,0.0,0.09148815545623472,0.0,0.0,0.013296155647890322,0.0,0.0,6,,0.027446446636870413,0.017047262230407787,0.013723223318435207,2.7446446636870414,,calibrating
job_000011,Rwanda,10,0.3966722017220172,calibration,0.0,0.2535123152188459,0.3339297353526818,0.5662562298368158,0.0,0.0,0.0,6,,0.1595361284038242,0.2362165277257124,0.08811630758572915,23.621652772571238,,calibrating
job_000011,Rwanda,11,0.436339421894219,calibration,0.0,0.16144383202344523,0.0927039240250016,0.7810937848768502,0.0,0.0,0.0,6,,0.07160913061328397,0.29759939951041436,0.038122163407267026,29.759939951041435,,calibrating
job_000011,Rwanda,12,0.4760066420664207,calibration,0.04995292804364764,0.5512820512820513,0.0,1.0,0.22510873907256687,0.0,0.0,6,,0.18286814019989206,0.5014577244713613,0.09268289330103721,50.145772447136125,,calibrating
job_000011,Rwanda,13,0.5156738622386224,calibration,0.16525434369734407,0.35160622796445445,0.0,0.0,0.28765600084956927,0.0681596884128529,0.0,6,,0.17013685752469204,0.1659685203313965,0.09942374061670757,17.013685752469204,,calibrating
job_000011,Rwanda,14,0.5553410824108241,calibration,0.11927857335608322,0.5512820512820513,0.12509405224340722,0.0,0.22134117297954786,0.0,0.0,6,,0.2384056291200963,0.16784724427621545,0.12531213020003543,23.84056291200963,,calibrating
job_000011,Rwanda,15,0.5950083025830258,calibration,0.07221653548307239,0.07510130860542744,0.13218929070363977,0.0,0.0,0.0681596884128529,0.0,6,,0.0876694715178988,0.02931933016158221,0.05916883467554514,8.76694715178988,,calibrating
job_000011,Rwanda,16,0.6346755227552275,calibration,0.2792245570383993,0.3216619740405677,0.35741548989852534,0.0,0.3181846915823493,0.0,0.0,6,,0.2835810596502414,0.19760160826127232,0.15770653099854381,28.358105965024137,,calibrating
job_000011,Rwanda,17,0.6743427429274294,calibration,1.0,0.6538461538461539,0.36802018058720604,0.0,0.2944374596932027,0.0,0.0,6,,0.6381588913006476,0.42168628800022373,0.35327995016500396,63.81588913006476,,calibrating
job_000011,Rwanda,18,0.714009963099631,calibration,0.4983180165898861,0.5512820512820513,0.03557557388612743,1.0,0.29623817079599574,0.0,0.0,6,,0.34868981466260734,0.6313313545387782,0.18769224709320403,63.13313545387782,,calibrating
job_000011,Rwanda,19,0.7536771832718328,calibration,0.5744157535842949,0.4085524090367015,0.015189094365676378,0.59410317157636,0.2880379539205646,0.0,0.0,6,,0.32740851005693267,0.48483239828344604,0.17844437622721568,48.4832398283446,,calibrating
job_000011,Rwanda,20,0.7933444034440345,calibration,0.8950758229408677,0.6538461538461539,0.34231452489599207,0.0,0.25230101873328464,0.0,0.0,6,,0.5950090154071478,0.38492113349546114,0.32843926639949544,59.50090154071478,,calibrating
job_000011,Rwanda,21,0.8330116236162362,calibration,0.8379801488430049,0.61637106405667,0.17382199097065518,0.0,0.2125817112338381,0.0,0.0,6,,0.5216598690547165,0.35509612462771123,0.28612498802269976,52.16598690547165,,calibrating
job_000011,Rwanda,22,0.872678843788438,calibration,0.6840682319045637,0.33899298154076374,0.20844043827876332,0.0,0.22475583597156518,0.0,0.0,6,,0.3932318851985172,0.27805496420014675,0.21892865935384176,39.32318851985172,,calibrating
job_000011,Rwanda,23,0.9123460639606397,calibration,0.03599578270680495,0.2061654565857046,0.06938634355068657,0.0,0.21934015780362862,0.0,0.0,6,,0.09179474681076474,0.09475880361546407,0.04853192656181966,9.475880361546407,,calibrating
job_000011,Rwanda,24,0.9520132841328414,calibration,0.0709670007517645,0.26151792966835474,0.0,0.49882882555271374,0.17113117346479187,0.0,0.0,6,,0.103293829163624,0.2743423219478421,0.05342108960060611,27.434232194784208,,calibrating
job_000011,Rwanda,25,0.9916805043050431,calibration,0.05301449939050469,0.3068073974960112,0.2378347643560942,1.0,0.1727529344191709,0.0,0.0,6,,0.17005598512450357,0.45246296807682057,0.09229922415591675,45.24629680768206,,calibrating
job_000011,Rwanda,26,1.0313477244772449,calibration,0.11712044066043834,0.4423281549875365,0.39454971225923685,0.6703229962486674,0.20413826897933013,0.0,0.0,6,,0.27232802879222356,0.3812769493451062,0.14895576821910367,38.12769493451062,,calibrating
job_000011,Rwanda,27,1.0710149446494466,calibration,0.06276193295642676,0.18438386386019912,0.0,1.0,0.16978117410971671,0.0,0.0,6,,0.07728183569280911,0.4357933563455657,0.04020996617031522,43.57933563455657,,calibrating
job_000011,Rwanda,28,1.1106821648216483,calibration,0.2650466507179188,0.15384615384615385,0.11852628741939397,0.06256935216050764,0.08063307095849341,0.0,0.0,6,,0.16855174575996623,0.1313961267522038,0.09386519633341592,16.855174575996624,,calibrating
job_000011,Rwanda,29,1.15034938499385,calibration,0.0,0.05128205128205128,0.0,0.8735687629927013,0.2132764895186398,0.0,0.0,6,,0.015384615384615384,0.36676049711941305,0.007692307692307692,36.6760497119413,,calibrating
job_000011,Rwanda,30,1.1900166051660517,calibration,0.0,0.10553476744411935,0.0,0.0,0.0,0.0,0.0,6,,0.0316604302332358,0.0158302151166179,0.0158302151166179,3.16604302332358,,calibrating
job_000011,Rwanda,31,1.2296838253382534,calibration,0.0,0.217801094994719,0.0,0.19096263758200577,0.0,0.0,0.0,6,,0.0653403284984157,0.09950708740290987,0.03267016424920785,9.950708740290986,,calibrating
job_000011,Rwanda,32,1.269351045510455,calibration,0.0,0.004509038759005907,0.0,0.3264107136572583,0.0,0.0681596884128529,0.0,6,,0.008168680468987062,0.11492010559389129,0.014308293496421466,11.49201055938913,,calibrating
job_000011,Rwanda,33,1.309018265682657,calibration,0.0,0.0,0.0,0.0,0.0,0.0681596884128529,0.0,6,,0.00681596884128529,0.0,0.01363193768257058,1.363193768257058,,calibrating
job_000011,Rwanda,34,1.3486854858548587,calibration,0.008683277501687677,0.10256410256410256,0.0,0.0,0.1579306264389011,0.0,0.0,6,,0.033808377894821454,0.05703809136976258,0.017121270884952917,5.7038091369762585,,calibrating
job_000011,Rwanda,35,1.3883527060270604,calibration,0.0,0.14402845596034375,0.0,0.36153907874614544,0.0,0.0681596884128529,0.0,6,,0.05002450562938841,0.14814294595520244,0.035236206076622145,14.814294595520245,,calibrating
job_000011,Rwanda,36,1.428019926199262,calibration,0.0,0.10258118899662313,0.029584492327771616,0.23723707718886258,0.0,0.24537487828627053,0.0,6,,0.0627079676095569,0.09842015536559537,0.06889982785591331,9.842015536559536,,calibrating
job_000011,Rwanda,37,1.4676871463714638,calibration,0.0,0.0,0.1968381675063578,0.0,0.0,0.1487120474462245,0.0,6,,0.0640807466212119,0.0,0.059268134615198566,6.40807466212119,,calibrating
job_000011,Rwanda,38,1.5073543665436655,calibration,0.0,0.29225253538737117,0.0,0.0,0.05375881270397086,0.0,0.0,6,,0.08767576061621135,0.05727758348409839,0.043837880308105676,8.767576061621135,,calibrating
job_000011,Rwanda,39,1.5470215867158672,calibration,0.3323819917374547,0.14462363807244075,0.3015347887076811,0.0,0.10924500232596246,0.0,0.0,6,,0.23510448570676162,0.1321002942267204,0.13340016236450922,23.51044857067616,,calibrating
job_000011,Rwanda,40,1.586688806888069,calibration,0.24180995699736885,0.0,0.4033528054074835,0.12402434001163924,0.006489288957424614,0.24537487828627053,0.0,6,,0.210009174129577,0.1054833304927721,0.1579398878678504,21.0009174129577,,calibrating
job_000011,Rwanda,41,1.6263560270602706,calibration,0.5293079687302501,0.20252767767041552,0.31187661618123846,0.03680731896666885,0.0848609658316253,0.1487120474462245,0.0,6,,0.33885645114664426,0.19680394692936526,0.212764647313043,33.88564511466443,,calibrating
job_000011,Rwanda,42,1.6660232472324723,calibration,0.0,0.179148544111794,0.0,0.0,0.3934763395820787,0.24537487828627053,0.0,6,,0.07828205106216526,0.1252413665122888,0.07594725727402321,12.52413665122888,,calibrating
job_000011,Rwanda,43,1.7056904674046742,calibration,0.0,0.031282209791172674,0.0,0.046246859802323084,0.4202623766638968,0.36351833820188223,0.0,6,,0.045736496757540025,0.12594432656546317,0.07739599910905234,12.594432656546317,,calibrating
job_000011,Rwanda,44,1.745357687576876,calibration,0.12282876369835727,0.0,0.0,0.6428575573908845,0.2877777528716627,0.0,0.0,6,,0.04299006729442504,0.3276517742293145,0.024565752739671456,32.76517742293145,,calibrating
job_000011,Rwanda,45,1.7850249077490776,calibration,0.0,0.0,0.0,0.3384228011366358,0.3783119555091976,0.36351833820188223,0.0,6,,0.03635183382018822,0.2130259692751219,0.07270366764037645,21.30259692751219,,calibrating
job_000011,Rwanda,46,1.8246921279212793,calibration,0.0,0.0,0.0,0.0,0.30217242976732467,0.36351833820188223,0.0,6,,0.03635183382018822,0.07554310744183117,0.07270366764037645,7.554310744183117,,calibrating
job_000011,Rwanda,47,1.864359348093481,calibration,0.010296322499151061,0.0,0.0,0.0,0.2785821999674123,0.36351833820188223,0.0,6,,0.0399555466948911,0.07221963061664084,0.07476293214020666,7.476293214020665,,calibrating
job_000011,Rwanda,48,1.9040265682656827,calibration,0.03299766824205223,0.037718922472568,0.0,0.0,0.03491016557472304,0.36351833820188223,0.0,6,,0.059216694446676904,0.022634796825079018,0.0849610396596721,8.49610396596721,,calibrating
job_000011,Rwanda,49,1.9436937884378844,calibration,0.050383403537920715,0.0,0.0,0.0,0.019469151622942046,0.36351833820188223,0.0,6,,0.05398602505846047,0.01746313879021569,0.0827803483479606,8.27803483479606,,calibrating
job_000011,Rwanda,50,1.9833610086100861,calibration,0.0,0.05045379431432351,0.0,0.0,0.0753176494445303,0.36351833820188223,0.0,6,,0.051487972114485275,0.0263974815082811,0.08027173678752497,8.027173678752497,,calibrating
job_000011,Rwanda,51,2.023028228782288,calibration,0.0,0.0019098203844591084,0.0,0.0,0.15986708754056678,0.7573298712539215,0.0,6,,0.07630593324072989,0.04025324494281056,0.1517524473084532,15.17524473084532,,calibrating
job_000011,Rwanda,52,2.0626954489544898,calibration,0.0,0.0,0.0,0.0,0.2398021691588277,0.5998052580331059,0.0,6,,0.05998052580331059,0.05995054228970693,0.11996105160662118,11.996105160662118,,calibrating
job_000011,Rwanda,53,2.1023626691266912,calibration,0.2816548946377408,0.06708563005726917,0.06402863113555902,0.0,0.09371541499042024,0.36351833820188223,0.0,6,,0.171063893744468,0.10390542191563064,0.14870178574684884,17.106389374446803,,calibrating
job_000011,Rwanda,54,2.142029889298893,calibration,0.2752315519131981,0.0,0.055887255318593385,0.0,0.10540201463052887,0.36351833820188223,0.0,6,,0.1466546908194559,0.09515839163593173,0.13613306632080507,14.66546908194559,,calibrating
job_000011,Rwanda,55,2.1816971094710946,calibration,0.38692364967068665,0.0,0.023190983214593928,0.0,0.3458375245048106,0.0681596884128529,0.0,6,,0.1480369920296741,0.1831902935438743,0.09449531509889701,18.319029354387432,,calibrating
job_000011,Rwanda,56,2.2213643296432966,calibration,0.0,0.15011505021032107,0.07202503520340946,0.4259462637147189,0.0,0.36351833820188223,0.0,6,,0.09939260768413691,0.17159844983169975,0.10602468045243602,17.159844983169975,,calibrating
job_000011,Rwanda,57,2.2610315498154985,calibration,0.0,0.0,0.0,0.3282438655300309,0.052804048155112596,0.5998052580331059,0.0,6,,0.05998052580331059,0.12808636497428896,0.11996105160662118,12.808636497428896,,calibrating
job_000011,Rwanda,58,2.3006987699877,calibration,0.0,0.0,0.0,0.0,0.368679132142367,0.47092148357971125,0.0,6,,0.047092148357971125,0.09216978303559176,0.09418429671594225,9.418429671594225,,calibrating
job_000011,Rwanda,59,2.340365990159902,calibration,0.0,0.23562061791499284,0.09528411611408989,0.0,0.0,0.36351833820188223,0.0,6,,0.13085904822320854,0.035343092687248924,0.12233937774473885,13.085904822320854,,calibrating
job_000011,Rwanda,60,2.3800332103321034,monitoring,0.0,0.04397999977562389,0.0,0.0,0.1900029199543155,0.0,0.0,6,,0.013193999932687167,0.05409772995492246,0.006596999966343583,5.409772995492245,5.409772995492245,normal
job_000011,Rwanda,61,2.4197004305043053,monitoring,0.0,0.26658395726267703,0.025756907195722763,0.0,0.40742389489607256,0.0,0.0,6,,0.08641441397773379,0.14184356731341968,0.04385112966875997,14.184356731341968,6.462723043794212,normal
job_000011,Rwanda,62,2.4593676506765068,monitoring,0.0,0.3067044909503036,0.0,0.0,0.06628628349642658,0.1487120474462245,0.0,6,,0.10688255202971353,0.06257724451665218,0.07574808313179043,10.688255202971353,6.9697869028954695,normal
job_000011,Rwanda,63,2.4990348708487087,monitoring,0.08587899741190014,0.061665653224813995,0.0,0.0,0.1654488140069695,0.0681596884128529,0.0,6,,0.05537331390289454,0.07208180083843951,0.040057585148672706,7.208180083843951,6.998394084609287,normal
job_000011,Rwanda,64,2.53870209102091,monitoring,0.08186091987065967,0.0,0.0,0.0,0.10144185654064228,0.1487120474462245,0.0,6,,0.04352252669935333,0.045825694102825484,0.04611459346337683,4.611459346337683,6.711961916016694,normal
job_000011,Rwanda,65,2.578369311193112,monitoring,0.11224702571316574,0.011736211624158848,0.0,0.0,0.10531823274347829,0.1487120474462245,0.0,6,,0.05767852723147811,0.05615174635778483,0.053952246375501875,5.7678527231478105,6.598668812872428,normal
job_000011,Rwanda,66,2.618036531365314,monitoring,0.2397093279884623,0.0,0.10539370340487432,0.0,0.045037935730836316,0.0681596884128529,0.0,6,,0.11706265948846567,0.07118681592982466,0.0773828587909942,11.706265948846568,7.211580469189325,normal
job_000011,Rwanda,67,2.6577037515375155,monitoring,0.03014742820466004,0.0,0.0,0.03684520792111154,0.0,0.1487120474462245,0.0,6,,0.025422804616253465,0.020432679823554047,0.03577189513017691,3.5771895130176907,6.775453554448729,normal
job_000011,Rwanda,68,2.6973709717097174,monitoring,0.06280112132652978,0.0,0.0,0.0,0.0,0.1487120474462245,0.0,6,,0.03685159720890787,0.015700280331632444,0.04230263375455086,4.230263375455086,6.470030732969492,normal
job_000011,Rwanda,69,2.737038191881919,monitoring,0.0,0.0,0.07893312867581499,0.24842306610863174,0.0,0.24537487828627053,0.0,6,,0.0442707699975808,0.08694807313802111,0.06091494495862636,8.69480731380211,6.737003922669405,normal
job_000011,Rwanda,70,2.776705412054121,monitoring,0.5771865797792911,0.0,0.14823396006215783,0.43172428600740037,0.38296411570459016,0.0681596884128529,0.0,6,,0.24588976177957664,0.39114117397356046,0.15130434764775247,39.11411739735605,10.622257539631804,normal
job_000011,Rwanda,71,2.8163726322263223,monitoring,0.672790817362926,0.0560362975511665,0.0,0.5362439362365568,0.43421385661518735,0.1487120474462245,0.0,6,,0.26715888008699645,0.4728419908099982,0.17270601759450507,47.28419908099982,15.021690524595966,normal
job_000011,Rwanda,72,2.856039852398524,monitoring,0.7848959190844351,0.005469762207618148,0.0,0.0,0.15419100953107923,0.1487120474462245,0.0,6,,0.2912257050864602,0.2355921964850213,0.18754205763727463,29.122570508646017,16.71379612268197,normal
job_000011,Rwanda,73,2.8957070725707257,monitoring,0.8879982936014003,0.0,0.0,0.20934195065568323,0.0,0.1487120474462245,0.0,6,,0.3256706075051125,0.2952692561298392,0.20734206820952494,32.56706075051125,18.616187878021485,normal
job_000011,Rwanda,74,2.9353742927429276,monitoring,0.9738133176414417,0.02438139967897421,0.0,0.2447329450544095,0.057832864048135736,0.1487120474462245,0.0,6,,0.3630202858228193,0.34722528614328385,0.22816228296937938,36.302028582281935,20.73848876253274,normal
job_000011,Rwanda,75,2.9750415129151295,monitoring,1.0,0.07031749559071657,0.0953525632891124,0.15412178670208665,0.11952157420666265,0.24537487828627053,0.0,6,,0.41947087732812005,0.34437064323600347,0.2739254844892285,41.94708773281201,23.28352063896625,normal
job_000011,Rwanda,76,3.014708733087331,monitoring,1.0,0.24672106451277792,0.22553745827548857,0.0,0.044582107075184896,0.1487120474462245,0.0,6,,0.4952718886673279,0.2981536864457129,0.3005811879074849,49.52718886673279,26.43276082629824,normal
job_000011,Rwanda,77,3.054375953259533,monitoring,0.9210721415587028,0.08511374519508545,0.039646257092641406,0.07033592450388786,0.05256245249977558,0.0,0.0,6,,0.357820937377232,0.28079328387024316,0.2029284286548996,35.782093737723194,27.554680775669233,normal
job_000011,Rwanda,78,3.0940431734317344,monitoring,1.0,0.051195351242116396,0.36029626900855394,0.0,0.09442569016764528,0.24537487828627053,0.0,6,,0.47997016045340046,0.28128572522822876,0.31079871869485465,47.99701604534005,30.007761008029732,normal
job_000011,Rwanda,79,3.1337103936039363,monitoring,1.0,0.0874339219521081,0.3939435940622505,0.11544329380103784,0.24062307251261972,0.24537487828627053,0.0,6,,0.49925356292982204,0.36367600925133436,0.3212816030594079,49.9253562929822,32.39787244222403,normal
job_000011,Rwanda,80,3.173377613776138,monitoring,1.0,0.07507010376805716,0.39650175904555657,0.0,0.2654384358618762,0.24537487828627053,0.0,6,,0.4961839587204333,0.3276201245306776,0.3198107550792962,49.61839587204333,34.464335253802346,normal
job_000011,Rwanda,81,3.2130448339483397,monitoring,1.0,0.12301296289155228,0.02226886089831187,0.0,0.2477516393050606,0.0,0.0,6,,0.39247110409204367,0.330389854259998,0.22179227356847964,39.24711040920437,35.03826827245059,normal
job_000011,Rwanda,82,3.252712054120541,monitoring,1.0,0.0,0.0337765645804051,0.0,0.26249397603493446,0.0,0.0,6,,0.35844414114510126,0.31562349400873363,0.20506648468706076,35.84441411451012,35.13500577349773,normal
job_000011,Rwanda,83,3.292379274292743,monitoring,1.0,0.08123215553370464,0.035437807821721914,0.0,0.35039007039086534,0.0,0.0,6,,0.38322909861554183,0.34978234092777205,0.217500494503314,38.32290986155418,35.5175542640645,normal
job_000011,Rwanda,84,3.3320464944649446,monitoring,1.0,0.023509260619074306,0.05847845627934931,0.3643184628316079,0.0,0.0,0.0,6,,0.3716723922555596,0.38103785108392385,0.21229815753476355,38.10378510839239,35.827901965383845,normal
job_000011,Rwanda,85,3.3717137146371465,monitoring,1.0,0.0,0.045547445913484794,0.20957004309317837,0.34172969261575303,0.0,0.0,6,,0.3613868614783712,0.40878193823655073,0.20683211688702274,40.878193823655074,36.433936988376395,normal
job_000011,Rwanda,86,3.4113809348093485,monitoring,1.0,0.16760952489407693,0.38240135623028004,0.8820990510044826,0.24365322343402987,0.24537487828627053,0.0,6,,0.5204206843544201,0.6447894024441879,0.33157660782590764,64.4789402444188,39.79933737910149,normal
job_000011,Rwanda,87,3.45104815498155,monitoring,1.0,0.2896373366120099,0.3817126067227344,1.0,0.28005243858019296,0.24537487828627053,0.0,6,,0.5568568404929136,0.7134587101368497,0.34977746715746577,71.34587101368497,43.5849214152515,watch
job_000011,Rwanda,88,3.490715375153752,monitoring,0.8095922563095724,0.06537165613095479,0.3900667291530069,0.1798118067013494,0.4861868895222349,0.24537487828627053,0.0,6,,0.4250229566645155,0.3966846672230674,0.27930918471176286,42.50229566645155,43.45500632539551,watch
job_000011,Rwanda,89,3.5303825953259533,monitoring,0.9589633687316802,0.18525743943596573,0.37956643870356077,1.0,0.2208419088374011,0.24537487828627053,0.0,6,,0.510643508391395,0.6727399353076651,0.3255912311245191,67.2739935307665,46.31328479004003,watch
job_000011,Rwanda,90,3.5700498154981553,monitoring,0.8944419827401904,0.1613524505374841,0.09605270467849021,1.0,0.4697130028262123,0.24537487828627053,0.0,6,,0.41001109311856143,0.7152416139722232,0.2665741454876883,71.52416139722231,49.3385899829019,watch
job_000011,Rwanda,91,3.6097170356703567,monitoring,0.6115997125111731,0.1603562008262769,0.0,1.0,0.0,0.0681596884128529,0.0,6,,0.2689827284680789,0.5269533582517347,0.1600053103087467,52.69533582517347,49.74139948397449,watch
job_000011,Rwanda,92,3.6493842558425587,monitoring,0.858623624370753,0.10771167158165497,0.2287261164513275,1.0,0.2905967035718539,0.36351833820188223,0.0,6,,0.42636513293728007,0.6534618327229,0.29489406071947444,65.34618327229,51.61397353857235,watch
job_000011,Rwanda,93,3.68905147601476,monitoring,0.6140667130212359,0.08907816901785146,0.21989543043894255,1.0,0.01818612157721381,0.36351833820188223,0.0,6,,0.3329724916927119,0.5214249340022901,0.24186305016314275,52.14249340022901,51.677395921971154,watch
job_000011,Rwanda,94,3.728718696186962,monitoring,0.5341053845669123,0.0,0.5876451702451542,1.0,0.09485019169899607,0.24537487828627053,0.0,6,,0.3583856649883349,0.507238894066477,0.24404282810740968,50.72388940664771,51.56297514013234,watch
job_000011,Rwanda,95,3.768385916359164,monitoring,0.0,0.0,0.4770913094614504,0.0,0.20398865344352116,0.36351833820188223,0.0,6,,0.15562466118555082,0.05099716336088029,0.144267364059594,15.562466118555083,47.24291405754307,watch
job_000011,Rwanda,96,3.8080531365313655,monitoring,0.0,0.0,0.1187295480366041,0.0,0.0,0.36351833820188223,0.0,6,,0.06603422082933924,0.0,0.09051309984586706,9.051309984586705,42.659921568788306,watch
job_000011,Rwanda,97,3.8477203567035674,monitoring,0.0,0.0,0.5126676362648215,0.3356954530787749,0.24269144813820231,0.24537487828627053,0.0,6,,0.15270439689483242,0.17816627061212179,0.12597512109697734,17.816627061212177,39.67872622787917,watch
job_000011,Rwanda,98,3.887387576875769,monitoring,0.0,0.2191644315009759,0.04565676055295113,0.9818057591281744,0.07605796154299536,0.36351833820188223,0.0,6,,0.11351535340871878,0.3955211708057562,0.1124268464484655,39.55211708057562,39.663533130202744,watch
job_000011,Rwanda,99,3.927054797047971,monitoring,0.515424571179928,0.15726947544326583,0.10045272157232095,1.0,0.36476931024771,0.36351833820188223,0.0,6,,0.28904445675922297,0.5936388916733993,0.21444691142870007,59.363889167339934,42.027575854659204,watch
job_000011,Rwanda,100,3.9667220172201723,monitoring,0.2159856517431946,0.06581577611306295,0.06650948607852543,0.5716603097346931,0.08866649566896517,0.1487120474462245,0.0,6,,0.1268382872082908,0.2861165116771419,0.09278832916662208,28.611651167714193,40.4176648922258,watch
job_000011,Rwanda,101,4.006389237392374,monitoring,0.0,0.2414813749553153,0.0,0.6838280846782349,0.0,0.24537487828627053,0.0,6,,0.09698190031522164,0.27556203588067946,0.0852971819005514,27.556203588067945,38.87428953572686,watch
job_000011,Rwanda,102,4.046056457564576,monitoring,0.7237294692369007,0.23491251572487734,0.0,1.0,0.0898649220585024,0.1487120474462245,0.0,6,,0.3386502736950009,0.5886354751825823,0.20972518069535664,58.86354751825823,41.273000493630626,watch
job_000011,Rwanda,103,4.085723677736778,monitoring,0.0,0.0,0.0,0.0,0.0,0.36351833820188223,0.0,6,,0.03635183382018822,0.0,0.07270366764037645,7.270366764037645,37.19268444607947,watch
job_000011,Rwanda,104,4.1253908979089795,monitoring,0.1989835378433193,0.1515988529601783,0.0,1.0,0.07331980895737954,0.36351833820188223,0.0,6,,0.15147572795340347,0.4408156646442014,0.13524020315306706,44.08156646442014,38.01935028828035,watch
job_000011,Rwanda,105,4.165058118081181,monitoring,0.0,0.1861295235515889,0.0,0.5305318641070975,0.025277414312261038,0.7010710808179159,0.0,6,,0.12594596514726825,0.21992493454828774,0.16813364469632153,21.992493454828775,36.09612746826616,watch
job_000011,Rwanda,106,4.2047253382533825,monitoring,0.0,0.0,0.0,0.10901265595345665,0.0,0.7010710808179159,0.0,6,,0.07010710808179159,0.03815442958370983,0.14021421616358318,14.021421616358317,33.447162766037216,normal
job_000011,Rwanda,107,4.244392558425584,monitoring,0.01714964557180256,0.10390744386884926,0.0,1.0,0.28308847342491145,0.511197663096397,0.0,6,,0.08829437542042537,0.44064564632950587,0.12125557831396731,44.064564632950585,34.72125099006682,normal
job_000011,Rwanda,108,4.284059778597786,monitoring,0.0,0.03512325831694948,0.0,1.0,0.14795413929279994,0.511197663096397,0.0,6,,0.06165674380472455,0.3922570235707424,0.10750802136682183,39.22570235707424,35.26178515410771,normal
job_000011,Rwanda,109,4.323726998769988,monitoring,0.0,0.0,0.028450646284284137,0.0,0.32500396541501786,0.7010710808179159,0.0,6,,0.07721976965286262,0.08125099135375446,0.1444818131062258,14.44818131062258,32.764152692889496,normal
job_000011,Rwanda,110,4.363394218942189,monitoring,0.0,0.07601664046145569,0.0,0.0,0.2707598942302963,0.511197663096397,0.0,6,,0.07392475844807642,0.07909246962679242,0.11364202868849776,11.364202868849777,30.196158714004728,normal
job_000011,Rwanda,111,4.403061439114391,monitoring,0.20102848670999085,0.059242320668663966,0.0,0.21637957492209192,0.06821872333687666,0.36351833820188223,0.0,6,,0.12448450036928421,0.15193100183474864,0.12179571308267421,15.193100183474865,28.395791690341145,normal
job_000011,Rwanda,112,4.442728659286593,monitoring,0.14320645890177236,0.010991723637838364,0.0,0.42675289313303155,0.16499379731732902,0.36351833820188223,0.0,6,,0.08977161152716005,0.22806233519701213,0.10299371796640668,22.806233519701212,27.725044709864353,normal
job_000011,Rwanda,113,4.482395879458795,monitoring,0.08653566020174457,0.06414697192014264,0.0,0.8006001251881758,0.45138297952451156,0.24537487828627053,0.0,6,,0.07406906047528045,0.4243117495354469,0.07600415348562442,42.43117495354469,29.48978033910599,normal
job_000011,Rwanda,114,4.522063099630997,monitoring,0.0,0.30320255532075874,0.0,0.0,0.110838570337627,0.511197663096397,0.0,6,,0.14208053290586733,0.07319002588252056,0.14771991591739322,14.771991591739322,27.723645689421993,normal
job_000011,Rwanda,115,4.561730319803198,monitoring,0.0,0.24846943295492124,0.0,0.29543444022234433,0.1680506604990017,0.511197663096397,0.0,6,,0.12566059619611608,0.1826851341458091,0.1395099475625176,18.268513414580912,26.589029816441062,normal
job_000011,Rwanda,116,4.6013975399754,monitoring,0.137900472655752,0.3134690070565779,0.0,0.319978123571261,0.36125819928228503,0.36351833820188223,0.0,6,,0.17865770136667478,0.28380236229293726,0.14730411323001352,28.380236229293725,26.803974585983383,normal
job_000011,Rwanda,117,4.641064760147602,monitoring,0.0,0.45555568100721666,0.0,1.0,0.0,0.511197663096397,0.0,6,,0.1877864706118047,0.41833335215108247,0.17057288477036192,41.83333521510825,28.607497861478365,normal
job_000011,Rwanda,118,4.680731980319804,monitoring,0.005736325009748876,0.08279554974117172,0.0,0.49884966126090075,0.0020796770777132927,0.36351833820188223,0.0,6,,0.06319821249595184,0.18897071442435656,0.08627026510350198,18.897071442435657,27.44224669119324,normal
job_000011,Rwanda,119,4.720399200492005,monitoring,0.0,0.14820403171468707,0.0,0.0,0.013945808599983957,0.511197663096397,0.0,6,,0.09558097582404583,0.02571705690719905,0.12447013737648248,12.447013737648248,25.642818736767843,normal
job_000011,Rwanda,120,4.760066420664207,monitoring,0.0,0.05020014958894216,0.0,0.0,0.20192362239066244,0.36351833820188223,0.0,6,,0.05141187869687087,0.05801092803600694,0.08023369007871776,8.023369007871777,23.528484769300317,normal
job_000011,Rwanda,121,4.799733640836409,monitoring,0.4024612168631048,0.0,0.0,0.03622610209493462,0.029780441700801547,0.1487120474462245,0.0,6,,0.1557326306467091,0.1207395503742037,0.11023465286186587,15.573263064670911,22.573858164744788,normal
job_000011,Rwanda,122,4.8394008610086106,monitoring,0.6349175066182138,0.10142332694353247,0.0,0.48423886048766523,0.0,0.0681596884128529,0.0,6,,0.2594640942407198,0.34342647686676614,0.15582893804774323,34.342647686676614,23.986112907376608,normal
job_000011,Rwanda,123,4.8790680811808125,monitoring,0.681728130722504,0.0,0.0,0.4246000001029362,0.0,0.0681596884128529,0.0,6,,0.2454208145941617,0.31904203271665366,0.1499775638270714,31.904203271665367,24.93628375109126,normal
job_000011,Rwanda,124,4.9187353013530135,monitoring,0.6811124495736578,0.0,0.0,0.38687661322555983,0.02607466436110809,0.0681596884128529,0.0,6,,0.2452053261920655,0.3122035931126374,0.14985442759730216,31.22035931126374,25.690372818311957,normal
job_000011,Rwanda,125,4.958402521525215,monitoring,0.7388708631828362,0.0,0.0,0.5854904991034168,0.15174721612088798,0.0681596884128529,0.0,6,,0.26542077095527794,0.42757619451212686,0.16140611031913782,42.75761945121268,27.738442414260046,normal
job_000011,Rwanda,126,4.998069741697417,monitoring,0.6642334310477536,0.0,0.0,0.902005919648316,0.3271582885897252,0.1487120474462245,0.0,6,,0.2473529056113362,0.5635500017862802,0.16258909569879562,56.355000178628025,31.172429345984206,normal
job_000011,Rwanda,127,5.037736961869619,monitoring,0.0,0.0384666337494789,0.0,0.4137808012863192,0.2593101312664046,0.511197663096397,0.0,6,,0.06265975643448338,0.21542080832923471,0.10800952768170125,21.54208083292347,30.016787524416916,normal
job_000011,Rwanda,128,5.07740418204182,monitoring,0.2243396446059958,0.2397623378140061,0.0,0.0,0.3894620187116589,0.36351833820188223,0.0,6,,0.18679941077648857,0.18941476650151462,0.15353594723367653,18.94147665015146,28.687750219505062,normal
job_000011,Rwanda,129,5.117071402214022,monitoring,0.45171520952367183,0.38962332832075514,0.03201149585871389,0.0,0.32014768270493565,0.24537487828627053,0.0,6,,0.30752768362281724,0.25140922230526513,0.20266324118890883,30.752768362281724,28.935552396638265,normal
job_000011,Rwanda,130,5.156738622386224,monitoring,0.4310034049700598,0.14292824387722497,0.0,0.0,0.28027622668815344,0.24537487828627053,0.0,6,,0.21826715273131544,0.19925914449613705,0.15671489323284982,21.826715273131544,28.08249194181746,normal
job_000011,Rwanda,131,5.196405842558426,monitoring,0.127497684385882,0.2625125919688975,0.0,0.0,0.41810337029424355,0.36351833820188223,0.0,6,,0.15972980094591616,0.17577715246536602,0.13758009331288745,17.577715246536602,26.821918738383758,normal
job_000011,Rwanda,132,5.236073062730628,monitoring,0.17673776370987074,0.2016681892202603,0.0,0.1117292933214616,0.25889709418676815,0.0,0.0,6,,0.12235867406453285,0.17826419551971034,0.06559778112501319,17.826419551971036,25.742458836014233,normal
job_000011,Rwanda,133,5.275740282902829,monitoring,0.17047121121174413,0.3084924123390188,0.0,0.7794928783851126,0.1605591838263731,0.24537487828627053,0.0,6,,0.17675013545444312,0.40185396804517154,0.12944307975045574,40.185396804517154,27.475611392234583,normal
job_000011,Rwanda,134,5.315407503075031,monitoring,0.03811577803139575,0.16689521240863098,0.0,1.0,0.19452770884598947,0.0,0.0,6,,0.0634090860335778,0.43319515358064087,0.0326574374675738,43.31951535806409,29.37687986813412,normal
job_000011,Rwanda,135,5.355074723247233,monitoring,0.0,0.0601294475148152,0.0,1.0,0.053563459359291334,0.36351833820188223,0.0,6,,0.05439066807463278,0.37241028196704506,0.08172308476759872,37.241028196704505,30.320577667562567,normal
job_000011,Rwanda,136,5.394741943419435,monitoring,0.0,0.0,0.0,0.880212052846668,0.16143419598202413,0.36351833820188223,0.0,6,,0.03635183382018822,0.3484327674918398,0.07270366764037645,34.843276749183985,30.86330155735714,normal
job_000011,Rwanda,137,5.434409163591636,monitoring,0.0,0.17404722643246087,0.0,1.0,0.03362293678648625,0.36351833820188223,0.0,6,,0.08856600174992649,0.38451281816149063,0.09881075160524558,38.45128181614906,31.77385918841217,normal
job_000011,Rwanda,138,5.474076383763838,monitoring,0.0,0.07126564373083258,0.0,0.4946117776023484,0.1223099569061413,0.24537487828627053,0.0,6,,0.04591718094787682,0.21438145794698216,0.05976482221687899,21.438145794698215,30.533573581166497,normal
job_000011,Rwanda,139,5.51374360393604,monitoring,0.0,0.057944249517145704,0.0,0.3299382664942805,0.22762495362855223,0.24537487828627053,0.0,6,,0.04192076268377076,0.18107626910770808,0.05776661308482596,18.107626910770808,29.042459980719013,normal
job_000011,Rwanda,140,5.553410824108242,monitoring,0.27978023438809213,0.29188938611056275,0.0,0.3184665941037395,0.23667287169175683,0.1487120474462245,0.0,6,,0.2003611026136235,0.2843599923728555,0.12948186428344774,28.435999237285547,28.969684691507,normal
job_000011,Rwanda,141,5.5930780442804435,monitoring,0.0,0.4754016913097156,0.0,0.8385678968200113,0.30598600289382877,0.36351833820188223,0.0,6,,0.1789723412131029,0.4413055183069185,0.14401392133683377,44.13055183069185,30.788988748209178,normal
job_000011,Rwanda,142,5.632745264452645,monitoring,0.0,0.15005635206580653,0.0,0.09091619560484757,0.31813338231541727,0.36351833820188223,0.0,6,,0.08136873943993017,0.13386246685042194,0.09521212045024742,13.386246685042194,28.700659700629142,normal
job_000011,Rwanda,143,5.6724124846248465,monitoring,0.0,0.5,0.0,0.5763858980448456,0.3449791889636487,0.7010710808179159,0.0,6,,0.22010710808179157,0.3629798615566081,0.21521421616358316,36.29798615566081,29.612338875232943,normal
job_000011,Rwanda,144,5.712079704797048,monitoring,0.0,0.24840953075877925,0.0,0.0,0.172770984924942,0.36351833820188223,0.0,6,,0.11087469304782199,0.08045417584505238,0.10996509725419333,11.0874693047822,27.389354526778856,normal
job_000011,Rwanda,145,5.75174692496925,monitoring,0.0,0.0,0.0,0.0,0.0,0.7010710808179159,0.0,6,,0.07010710808179159,0.0,0.14021421616358318,14.021421616358317,25.785202577528395,normal
job_000011,Rwanda,146,5.791414145141451,monitoring,0.0,0.30718183635220386,0.0,1.0,0.21101653402350565,0.7010710808179159,0.0,6,,0.16226165898745276,0.448831408958707,0.18629149161641376,44.883140895870696,28.076955175729474,normal
job_000011,Rwanda,147,5.831081365313653,monitoring,0.0,0.2876739017386328,0.0,0.33015308371054575,0.3355694944664131,0.36351833820188223,0.0,6,,0.12265400434177805,0.24259703817608919,0.11585475290117137,24.25970381760892,27.61888501275501,normal
job_000011,Rwanda,148,5.870748585485855,monitoring,0.0,0.16421128725216635,0.0,0.4787495565091116,0.302303849931739,0.0681596884128529,0.0,6,,0.056079355016935194,0.2677700003489487,0.03826363077039553,26.777000034894872,27.517858815411792,normal
job_000011,Rwanda,149,5.910415805658057,monitoring,0.0,0.32398799163680664,0.0,0.0,0.4301220513791589,0.511197663096397,0.0,6,,0.1483161638006817,0.15612871159031072,0.15083773136480041,15.612871159031073,26.089260296646106,normal
job_000011,Rwanda,150,5.950083025830259,monitoring,0.0,0.5,0.0,1.0,0.27690265876654824,0.7010710808179159,0.0,6,,0.22010710808179157,0.49422566469163703,0.21521421616358316,49.422566469163705,28.889257037348216,normal
job_000011,Rwanda,151,5.98975024600246,monitoring,0.0,0.23048558182646361,0.0,0.779542997669542,0.23419532342568547,0.511197663096397,0.0,6,,0.12026544085757879,0.3659617173147306,0.13681236989324896,36.596171731473056,29.814086800643196,normal
job_000011,Rwanda,152,6.029417466174662,monitoring,0.0,0.5,0.0,0.0,0.36643318243544765,0.511197663096397,0.0,6,,0.2011197663096397,0.16660829560886192,0.1772395326192794,20.11197663096397,28.64983358028169,normal
job_000011,Rwanda,153,6.069084686346864,monitoring,0.0,0.37764904426940066,0.0,0.731361043653879,0.2972731428228636,0.511197663096397,0.0,6,,0.1644144795904599,0.38694200762498365,0.15888688925968952,38.69420076249837,29.85515764214769,normal
job_000011,Rwanda,154,6.108751906519066,monitoring,0.0,0.17266050581629397,0.0,0.06996620160620594,0.15252345963257896,0.36351833820188223,0.0,6,,0.08814998556507642,0.08851811134276091,0.09860274351282054,9.860274351282055,27.455771647243814,normal
job_000011,Rwanda,155,6.148419126691267,monitoring,0.0,0.3880670190232412,0.0,1.0,0.2456400677674062,0.7010710808179159,0.0,6,,0.18652721378876394,0.4696200697953377,0.19842426901706936,46.96200697953377,29.79651988711861,normal
job_000011,Rwanda,156,6.188086346863469,monitoring,0.0,0.06831469322463388,0.0,0.21004951284818682,0.0,0.36351833820188223,0.0,6,,0.05684624178757838,0.08376453348056047,0.08295087162407153,8.376453348056048,27.226111902431104,normal
job_000011,Rwanda,157,6.227753567035671,monitoring,0.0,0.09658700523990557,0.0,1.0,0.0,0.24537487828627053,0.0,6,,0.05351358940059872,0.3644880507859858,0.06356302644323994,36.44880507859858,28.3328350835712,normal
job_000011,Rwanda,158,6.267420787207873,monitoring,0.0,0.15319864304439393,0.0,1.0,0.0,0.36351833820188223,0.0,6,,0.0823114267335064,0.3729797964566591,0.09568346409703554,37.297979645665905,29.408652431022567,normal
job_000011,Rwanda,159,6.307088007380074,monitoring,0.0,0.16928157405633434,0.0,1.0,0.04889300668881889,0.511197663096397,0.0,6,,0.10190423852654001,0.38761548778065485,0.12763176872772958,38.76154877806549,30.53099999266772,normal
job_000011,Rwanda,160,6.346755227552276,monitoring,0.0,0.06260687365006981,0.0,0.8364946906125391,0.2188159821154483,0.36351833820188223,0.0,6,,0.05513389591520916,0.35686816829076123,0.08209469868788692,35.68681682907612,31.14969801303673,normal
job_000011,Rwanda,161,6.3864224477244775,monitoring,0.05167788495048433,0.3578424665201048,0.0,1.0,0.11983439460338952,0.24537487828627053,0.0,6,,0.149977487517328,0.44655443986648413,0.1130869226253667,44.655443986648415,32.77038752987013,normal
job_000011,Rwanda,162,6.4260896678966795,monitoring,0.0,0.5,0.23014755000610077,1.0,0.30882757317003945,0.7010710808179159,0.0,6,,0.27764399558331676,0.5022068932925099,0.2497363486644983,50.22068932925099,34.86442374579583,normal
job_000011,Rwanda,163,6.465756888068881,monitoring,0.0,0.19932159147411554,0.3066968228130154,0.6626139971909419,0.31676063102809726,0.7010710808179159,0.0,6,,0.2065777912272801,0.3410032954949713,0.21611697830665283,34.10032954949713,34.772732442239985,normal
job_000011,Rwanda,164,6.505424108241082,monitoring,0.0,0.03932033792090473,0.0,0.0415665190543705,0.2375925772372322,0.9542356377799411,0.0,6,,0.10721966515426554,0.07984447666647343,0.19674517824412394,19.674517824412394,32.96094668810067,normal
job_000011,Rwanda,165,6.545091328413284,monitoring,0.0,0.20328927449754622,0.0,1.0,0.3188729463510768,0.36351833820188223,0.0,6,,0.09733861616945208,0.46021162776240115,0.10319705881500837,46.02116277624012,34.5281726186774,normal
job_000011,Rwanda,166,6.584758548585486,monitoring,0.0,0.3454663893002304,0.0,0.4101466917270188,0.23375342343577446,0.36351833820188223,0.0,6,,0.13999175061025732,0.2538096563584347,0.124523626035411,25.380965635843474,33.43050778073733,normal
job_000011,Rwanda,167,6.624425768757688,monitoring,0.0,0.31973410983342165,0.0,1.0,0.06695103125654144,0.36351833820188223,0.0,6,,0.13227206677021472,0.41469787428914856,0.1206637841153897,41.469787428914856,34.39522133851863,normal
job_000011,Rwanda,168,6.664092988929889,monitoring,0.0,0.19941912165114734,0.0,0.0,0.24650920125664613,0.0,0.0,6,,0.0598257364953442,0.09154016856183364,0.0299128682476721,9.154016856183365,31.3662768006384,normal
job_000011,Rwanda,169,6.703760209102091,monitoring,0.4446303711272575,0.00959250556191964,0.3663743451662946,0.0024711420006400856,0.10208697679601476,0.24537487828627053,0.0,6,,0.27462945568331676,0.13898311251533005,0.19439607749193777,27.462945568331676,30.897877052761594,normal
job_000011,Rwanda,170,6.743427429274293,monitoring,0.08779216979149568,0.033696887007984185,0.47063671637989973,0.05425585578793523,0.028411345772090375,0.36351833820188223,0.0,6,,0.19484733844458188,0.053094961467871474,0.16591214210685817,19.484733844458187,29.528299867765185,normal
job_000011,Rwanda,171,6.783094649446495,monitoring,0.6300926011653933,0.14996418333766653,0.10729901650906135,0.8945509955466424,0.1875473089514552,0.1487120474462245,0.0,6,,0.30721762428107535,0.5399974534711869,0.19435040969933273,53.99974534711869,32.464873325287606,normal
job_000011,Rwanda,172,6.822761869618697,monitoring,0.8700493852186625,0.054058570500827775,0.11091989771518099,0.4985277903889421,0.24857693578193346,0.1487120474462245,0.0,6,,0.3633360351501979,0.46225009246140286,0.2284990567653787,46.22500924614029,34.116089635789926,normal
job_000011,Rwanda,173,6.862429089790898,monitoring,0.44510215647526385,0.16419527592647776,0.08651926400655782,0.10868194676575944,0.2792777256514862,0.1487120474462245,0.0,6,,0.24154535829054757,0.24376294328867498,0.156370021774253,24.3762943288675,32.94731419895923,normal
job_000011,Rwanda,174,6.9020963099631,monitoring,0.777554551469641,0.2488404756078059,0.0,0.5165595872769215,0.27254109459304393,0.24537487828627053,0.0,6,,0.3713337235253432,0.4806458384037646,0.2419119572923532,48.064583840376464,34.7613865559293,normal
job_000011,Rwanda,175,6.941763530135302,monitoring,0.883655248233769,0.028329278474054538,0.15527273676248793,0.3510583625756464,0.24035505787785189,0.1487120474462245,0.0,6,,0.3714675093592799,0.4081223952004896,0.23401376142148003,40.81223952004896,35.48748891162366,normal
job_000011,Rwanda,176,6.981430750307504,monitoring,0.49884188242461225,0.15206072069785764,0.10506530237698637,0.0,0.23914562712140885,0.1487120474462245,0.0,6,,0.2613504053968406,0.20730598549118393,0.16807968943539395,26.135040539684063,34.3651951069909,normal
job_000011,Rwanda,177,7.021097970479705,monitoring,0.5773447256217955,0.1599307553815374,0.12553573290357342,0.010793468092446724,0.18871704032360376,0.1487120474462245,0.0,6,,0.29630501855260544,0.21928276862593682,0.1880313278563706,29.630501855260544,33.79703191678326,normal
job_000011,Rwanda,178,7.060765190651907,monitoring,0.48147408290703164,0.03723395231185488,0.0,0.0,0.24642586486271514,0.24537487828627053,0.0,6,,0.20422360253964458,0.18756007978921493,0.15095488508543867,20.42236025396446,32.192071317245,normal
job_000011,Rwanda,179,7.100432410824109,monitoring,0.47107893837340714,0.21603030598142742,0.0,0.22474887425502804,0.38693833051883914,0.24537487828627053,0.0,6,,0.2542242080537478,0.3255709691095355,0.17569530922914964,32.55709691095355,32.235874388490025,normal
job_000011,Rwanda,180,7.1400996309963105,monitoring,0.5152040651284954,0.16893775203121514,0.3641930663674931,0.0,0.06061054336560467,0.0,0.0,6,,0.3220510149962112,0.1692943149282073,0.1830104357855053,32.20510149962112,32.23218164182576,normal
job_000011,Rwanda,181,7.179766851168512,monitoring,0.33053007391419753,0.012500564476983922,0.43530692757418443,0.4416504599819787,0.10283118694261531,0.0681596884128529,0.0,6,,0.2350783959478957,0.2647930608794434,0.14690907627308536,26.479306087944337,31.54183657535999,normal
job_000011,Rwanda,182,7.2194340713407135,monitoring,0.9578758338270575,0.1954783999501149,0.3578294146075216,0.028256259581830177,0.23675026022483006,0.0,0.0,6,,0.483357415476385,0.3378679743591297,0.274571338949057,48.3357415476385,33.55710517203342,normal
job_000011,Rwanda,183,7.259101291512915,monitoring,0.2566093334379706,0.1292048038310986,0.0,0.0,0.1956071788531065,0.1487120474462245,0.0,6,,0.14344591259724174,0.13243484864743407,0.10044499675150381,14.344591259724174,31.251603502556307,normal
job_000011,Rwanda,184,7.298768511685117,monitoring,0.22331317236157514,0.01352535207694995,0.0,0.0,0.14443896791027735,0.0681596884128529,0.0,6,,0.08903318479092157,0.0939668378795056,0.0603233749664281,9.396683787950561,28.629013136803618,normal
job_000011,Rwanda,185,7.338435731857319,monitoring,0.32274076838363036,0.13783936050579232,0.24315401620107763,0.4248957464753622,0.10987643135236644,0.0,0.0,6,,0.21509958113627775,0.27754371527624483,0.12169716018275656,27.754371527624482,28.52405614370212,normal
job_000011,Rwanda,186,7.37810295202952,monitoring,0.185381904130175,0.0819474534779009,0.0,0.695648213878438,0.0,0.24537487828627053,0.0,6,,0.11400539031755857,0.30211446891168214,0.09844347450497425,30.211446891168215,28.72654303339805,normal
job_000011,Rwanda,187,7.417770172201722,monitoring,0.07256943479935919,0.0,0.1576579043671709,0.5534572837899947,0.014011407156729327,0.24537487828627053,0.0,6,,0.08935126610019549,0.21535525981552026,0.08723754827220158,21.535525981552027,27.863620987176525,normal
job_000011,Rwanda,188,7.457437392373924,monitoring,0.0,0.017610221054119135,0.3756715141809395,0.8452987179455097,0.023969209105160098,0.1487120474462245,0.0,6,,0.11407214960609306,0.3044883867153363,0.0887346697745037,30.44883867153363,28.173847109299377,normal
job_000011,Rwanda,189,7.497104612546126,monitoring,0.0,0.04016312569699306,0.1330657147500024,0.52456891159354,0.04573775561423308,0.36351833820188223,0.0,6,,0.08166720021678674,0.20105802681584622,0.09868799370742576,20.105802681584624,27.205681777973606,normal
job_000011,Rwanda,190,7.536771832718328,monitoring,0.0,0.0,0.14330268082756695,0.0,0.17667988140663485,0.36351833820188223,0.0,6,,0.07217750402707995,0.04416997035165871,0.09419906976451149,9.419906976451148,25.07138880179091,normal
job_000011,Rwanda,191,7.576439052890529,monitoring,0.0,0.08407438609734737,0.0,0.2189077236710168,0.04801909125944485,0.511197663096397,0.0,6,,0.07634208213884391,0.10123363401431919,0.11485069053388151,11.485069053388152,23.44103043198258,normal
job_000011,Rwanda,192,7.616106273062731,monitoring,0.0,0.18992471855574797,0.0,1.0,0.10717259823458909,0.511197663096397,0.0,6,,0.10809718187636409,0.40528185734200944,0.1307282404026416,40.528185734200946,25.491489068248782,normal
job_000011,Rwanda,193,7.655773493234933,monitoring,0.0,0.24603820356380518,0.6530186714371873,0.9776238514692999,0.07276596312769827,0.36351833820188223,0.0,6,,0.2734179627486266,0.39726556933075025,0.2075621988905253,39.726556933075024,27.19969721202793,normal
job_000011,Rwanda,194,7.695440713407135,monitoring,0.0,0.4804546246293984,0.20531283960961189,1.0,0.11492294756612062,0.36351833820188223,0.0,6,,0.2318164311114107,0.4507989305859399,0.175568787276228,45.07989305859399,29.34532071361586,normal
job_000011,Rwanda,195,7.735107933579336,monitoring,0.0,0.14507675001575432,0.27855711551012585,0.4741980013799486,0.006860311587432701,0.24537487828627053,0.0,6,,0.1376997917108848,0.18944589088220334,0.11262005548613613,18.944589088220333,28.097232918568395,normal
job_000011,Rwanda,196,7.774775153751538,monitoring,0.0,0.2874194835352061,0.24493401186009045,0.0,0.01143622299948033,0.36351833820188223,0.0,6,,0.18381118184577264,0.04597197828015099,0.15255669194967092,18.381118184577264,26.93129915048946,normal
job_000011,Rwanda,197,7.81444237392374,monitoring,0.049261331168541055,0.21005709005445714,0.0,0.28049750914787863,0.3694070627359982,0.24537487828627053,0.0,6,,0.10479608075395355,0.2343497901860609,0.09043580539913088,23.43497901860609,26.51174073466345,normal
job_000011,Rwanda,198,7.854109594095942,monitoring,0.0,0.16990479504131253,0.0,0.22141170015882525,0.1946810201660939,0.1487120474462245,0.0,6,,0.0658426432570162,0.15165006935330919,0.05522812874544178,15.165006935330918,25.15013267874355,normal
job_000011,Rwanda,199,7.8937768142681435,monitoring,0.0,0.0211800532117613,0.18048933284652727,0.19278570880550217,0.2422086340902916,0.24537487828627053,0.0,6,,0.07601383700378726,0.13120416458626286,0.07932538356599739,13.120416458626286,23.706566732329478,normal
job_000011,Rwanda,200,7.9334440344403445,monitoring,0.0,0.2775466633150204,0.0,0.0,0.0,0.511197663096397,0.0,6,,0.13438376530414584,0.04163199949725306,0.14387153211653247,14.387153211653247,22.58823710984833,normal
job_000011,Rwanda,201,7.973111254612546,monitoring,0.0,0.004265906087912415,0.4345391234360962,0.4120590334889995,0.062121092745232025,0.511197663096397,0.0,6,,0.16103431899503748,0.1603908208206447,0.1680602870478807,16.80602870478807,21.894372101241096,normal
job_000011,Rwanda,202,8.012778474784747,monitoring,0.260899970650167,0.0,0.31150138263451393,0.0,0.0,0.24537487828627053,0.0,6,,0.193727823214814,0.06522499266254175,0.1479801771824646,19.3727823214814,21.59178132766993,normal
job_000011,Rwanda,203,8.05244569495695,monitoring,0.0,0.0,0.32010710650921376,0.0,0.05031948012516394,0.24537487828627053,0.0,6,,0.10456426445593049,0.012579870031290985,0.09709104163363616,10.45642644559305,20.255538741820708,normal
job_000011,Rwanda,204,8.092112915129151,monitoring,0.0,0.11247925805426552,0.723012626059903,0.12138983863808867,0.0,0.511197663096397,0.0,6,,0.2656167002408951,0.059358332231470856,0.22756331523640472,26.561670024089512,21.012274495692964,normal
job_000011,Rwanda,205,8.131780135301353,monitoring,0.0,0.1921829765226082,0.03882225780818875,0.9069492002894921,0.08450058246695533,0.24537487828627053,0.0,6,,0.0918979452374567,0.3673848121964523,0.08372576080687365,36.73848121964523,22.899419302567235,normal
job_000011,Rwanda,206,8.171447355473555,monitoring,0.0,0.09021017278752488,0.43023103657822825,1.0,0.09631279654631619,0.36351833820188223,0.0,6,,0.17097264480100274,0.38760972505470775,0.1507698490452394,38.760972505470775,24.80280568691566,normal
job_000011,Rwanda,207,8.211114575645757,monitoring,0.0,0.05080098826572321,0.24414186791964207,0.460934884028253,0.0,0.36351833820188223,0.0,6,,0.11262759727981571,0.16894735764974703,0.11694509606818124,16.8947357649747,23.853837296282748,normal
job_000011,Rwanda,208,8.250781795817959,monitoring,0.0,0.04208662070034649,0.4018219020798481,0.7613192425023885,0.09236598314024576,0.24537487828627053,0.0,6,,0.13761894955869303,0.29586622376594934,0.11566125407428329,29.586622376594935,24.54177150592021,normal
job_000011,Rwanda,209,8.290449015990161,monitoring,0.0,0.20621780029194745,0.4604828191819164,1.0,0.1134612663559778,0.1487120474462245,0.0,6,,0.19185724962768577,0.40929798663278655,0.12974750241032448,40.92979866327865,26.508334764803223,normal
job_000011,Rwanda,210,8.330116236162363,monitoring,0.0,0.08320281590982954,0.3748470923448033,0.5301202967537274,0.13799479493883707,0.36351833820188223,0.0,6,,0.15502445167933793,0.23252122498498826,0.14141115387857137,23.252122498498824,26.117589292846695,normal
job_000011,Rwanda,211,8.369783456334563,monitoring,0.0,0.15472094627266825,0.0,0.35070042853585476,0.17542102734770132,0.7010710808179159,0.0,6,,0.11652339196359207,0.18980854876537473,0.1634223581044834,18.980854876537474,25.26118116288959,normal
job_000011,Rwanda,212,8.409450676506765,monitoring,0.0,0.03952490243537265,0.0,0.4185602358815138,0.1412923310701491,0.511197663096397,0.0,6,,0.0629772370402515,0.18774790069137298,0.10816826798458531,18.7747900691373,24.482814231639313,normal
job_000011,Rwanda,213,8.449117896678967,monitoring,0.0,0.1548581921994036,0.17367691423715848,0.9191564406199976,0.20723801983561632,0.24537487828627053,0.0,6,,0.11441417404773775,0.39674298800581376,0.09835524162273841,39.674298800581376,26.30579237991236,normal
job_000011,Rwanda,214,8.488785116851169,monitoring,0.0,0.0,0.3712918303094767,0.17563580900058934,0.12803356500662139,0.36351833820188223,0.0,6,,0.1291747913975574,0.09348092440186162,0.12839744218679794,12.917479139755738,24.699194791093568,normal
job_000011,Rwanda,215,8.52845233702337,monitoring,0.0,0.0459739573794783,0.04252955482794836,0.8018793737794184,0.0,0.1487120474462245,0.0,6,,0.03929578066545303,0.28755387442971814,0.0430179363203589,28.755387442971813,25.18593790931896,normal
job_000011,Rwanda,216,8.568119557195573,monitoring,0.0,0.0,0.032178219303382834,0.5578686682008775,0.0,0.1487120474462245,0.0,6,,0.02291575957046816,0.19525403387030713,0.034569142384752324,19.525403387030714,24.50667376664437,normal
job_000011,Rwanda,217,8.607786777367775,monitoring,0.0,0.0,0.0,0.307002304723936,0.07244083020396508,0.0681596884128529,0.0,6,,0.00681596884128529,0.12556101420436888,0.01363193768257058,12.556101420436889,23.07260508509947,normal
job_000011,Rwanda,218,8.647453997539976,monitoring,0.0,0.020159891207165836,0.053753649723358964,0.6657805279019505,0.0,0.1487120474462245,0.0,6,,0.03435758453761194,0.23604716844675755,0.04082944062882362,23.604716844675757,23.13645849624863,normal
job_000011,Rwanda,219,8.687121217712178,monitoring,0.0,0.08438230796263338,0.6182107230821358,1.0,0.14747493530827444,0.7010710808179159,0.0,6,,0.24997448124111554,0.3995260800214636,0.24560317082029853,39.95260800214636,25.154396436956358,normal
job_000011,Rwanda,220,8.726788437884379,monitoring,0.0,0.0,0.7029248017482789,0.341504675690871,0.30539270137925734,0.36351833820188223,0.0,6,,0.21208303425725794,0.19587481183661917,0.17814238790261827,21.208303425725795,24.68086527560869,normal
job_000011,Rwanda,221,8.76645565805658,monitoring,0.0,0.09596746063870279,0.181255723942993,1.0,0.0,0.1487120474462245,0.0,6,,0.08897537392198153,0.3643951190958054,0.07132588717649926,36.43951190958054,26.091902871685313,normal
job_000011,Rwanda,222,8.806122878228782,monitoring,0.0,0.0,0.32293258078734605,1.0,0.28331430955951903,0.1487120474462245,0.0,6,,0.09560434994145896,0.4208285773898797,0.0781822966073468,42.082857738987975,28.010817455761632,normal
job_000011,Rwanda,223,8.845790098400984,monitoring,0.0,0.0,0.2502370410387123,0.3006600855289848,0.0,0.1487120474462245,0.0,6,,0.07743046500430052,0.10523102993514469,0.06727796564505174,10.523102993514469,25.91229172029197,normal
job_000011,Rwanda,224,8.885457318573186,monitoring,0.07491366774587306,0.13487396390012008,0.35746866191426757,0.2372003218637729,0.11684368388170832,0.0,0.0,6,,0.1560491383596585,0.15119054514423386,0.08883412742133276,15.60491383596585,24.675406374172837,normal
job_000011,Rwanda,225,8.925124538745388,monitoring,0.0,0.010678220843080706,0.034321128620730695,1.0,0.007545022556441864,0.24537487828627053,0.0,6,,0.03632123623673394,0.3534879887655726,0.05582487807682582,35.34879887655726,25.956213474458966,normal
job_000011,Rwanda,226,8.96479175891759,monitoring,0.0,0.0,0.6257674606150412,0.20223363761098764,0.0,0.1487120474462245,0.0,6,,0.17131306989838274,0.07078177316384567,0.12360752858150106,17.131306989838276,24.897224696304484,normal
job_000011,Rwanda,227,9.004458979089792,monitoring,0.0,0.009651315836982827,0.6204780673567208,0.485065757690262,0.22033304203856355,0.1487120474462245,0.0,6,,0.1728861163348975,0.22630397307678,0.12426181696830044,22.630397307678,24.625205409669306,normal
job_000011,Rwanda,228,9.044126199261994,monitoring,0.0,0.003345920614728067,0.5768616214389265,0.3893337004961365,0.05714379112376698,0.24537487828627053,0.0,6,,0.16975666937277709,0.15105463104679875,0.1361061069653023,16.97566693727771,23.70726079298231,normal
job_000011,Rwanda,229,9.083793419434194,monitoring,0.0,0.0,0.5511381720699357,0.49251844559156793,0.0029874397460325024,0.0681596884128529,0.0,6,,0.1446005118587692,0.1731283158935569,0.09630266349306092,17.31283158935569,22.939929288547116,normal
job_000011,Rwanda,230,9.123460639606396,monitoring,0.0,0.06590974759544893,0.2906186578965202,0.0,0.0,0.24537487828627053,0.0,6,,0.11696507658139178,0.00988646213931734,0.10255423648104947,11.69650765813918,21.590718692898164,normal
job_000011,Rwanda,231,9.163127859778598,monitoring,0.0,0.11412182821822871,0.1755724302446312,0.0,0.2700792551766841,0.36351833820188223,0.0,6,,0.11448148984681464,0.08463808802690533,0.11615780640980543,11.615780640980542,20.39372612666805,normal
job_000011,Rwanda,232,9.2027950799508,monitoring,0.0,0.0,0.31652535772984036,0.0,0.08783070887299141,0.1487120474462245,0.0,6,,0.09400254417708254,0.021957677218247852,0.07722121314872095,9.400254417708254,19.074509521592876,normal
job_000011,Rwanda,233,9.242462300123002,monitoring,0.0,0.17432220950911245,0.24605016735047555,0.0,0.07856490915775138,0.1487120474462245,0.0,6,,0.12868040943497508,0.045789558715804715,0.09279826601818308,12.868040943497508,18.32973329222143,normal
job_000011,Rwanda,234,9.282129520295204,monitoring,0.0,0.03817454020662346,0.5111037711448915,0.0,0.0,0.24537487828627053,0.0,6,,0.16376579267683697,0.005726181030993519,0.13146672235998136,16.376579267683695,18.095354809276902,normal
job_000011,Rwanda,235,9.321796740467406,monitoring,0.0,0.04071068633171736,0.37968874840357164,0.0,0.0,0.0681596884128529,0.0,6,,0.11395136184169341,0.006106602949757603,0.07669185289286393,11.395136184169342,17.291328574263996,normal
job_000011,Rwanda,236,9.361463960639608,monitoring,0.0,0.062172148357632635,0.20210300591901728,0.11675672431218515,0.10130019502425244,0.1487120474462245,0.0,6,,0.08404860073166656,0.0755157245189728,0.06938368263074238,8.404860073166656,16.224952354132316,normal
job_000011,Rwanda,237,9.40113118081181,monitoring,0.0,0.011077732326697207,0.0,0.7995542223305301,0.0,0.0,0.0,6,,0.003323319698009162,0.28150563766469006,0.001661659849004581,28.150563766469006,17.65602572361272,normal
job_000011,Rwanda,238,9.44079840098401,monitoring,0.0,0.0,0.0,0.5968357019398346,0.0,0.0681596884128529,0.0,6,,0.00681596884128529,0.2088924956789421,0.01363193768257058,20.88924956789421,18.0440125849265,normal
job_000011,Rwanda,239,9.480465621156211,monitoring,0.0,0.03817112896781351,0.0,0.06758877009991396,0.37376787887911983,0.0,0.0,6,,0.011451338690344053,0.12282370859992187,0.0057256693451720264,12.282370859992186,17.35261557793438,normal
job_000011,Rwanda,240,9.520132841328413,monitoring,0.0,0.11374847163498289,0.0,0.4533726223089347,0.17275030178184375,0.0,0.0,6,,0.03412454149049487,0.21893026399883553,0.017062270745247434,21.893026399883553,17.89746487656828,normal
job_000011,Rwanda,241,9.559800061500615,monitoring,0.0,0.09619773562948768,0.039256215006585056,0.8923969311734974,0.029898392990891812,0.0,0.0,6,,0.03867337444049256,0.33424318450287016,0.020318092595410907,33.42431845028702,19.76068730541453,normal
job_000011,Rwanda,242,9.599467281672817,monitoring,0.0,0.0,0.011784624386653056,1.0,0.09426675863973973,0.0,0.0,6,,0.002946156096663264,0.3735666896599349,0.0017676936579979583,37.35666896599349,21.872205104684006,normal
job_000011,Rwanda,243,9.63913450184502,monitoring,0.0,0.0,0.0,0.5681399269369448,0.12136468903694823,0.0,0.0,6,,0.0,0.22919014668716772,0.0,22.919014668716773,21.997822252367936,normal
job_000011,Rwanda,244,9.678801722017221,monitoring,0.0,0.0,0.13687967524104405,0.8349502215586505,0.21076059930616323,0.0,0.0,6,,0.03421991881026101,0.34492272737206847,0.02053195128615661,34.49227273720685,23.497156310548604,normal
job_000011,Rwanda,245,9.718468942189423,monitoring,0.0,0.2019726513229228,0.0,1.0,0.4377887967673234,0.0681596884128529,0.0,6,,0.06740776423816214,0.4897430968902693,0.043927835381009,48.97430968902693,26.554414715966004,normal
job_000011,Rwanda,246,9.758136162361625,monitoring,0.07317775972377016,0.162890877579801,0.0,0.12248350922025343,0.20814640850455415,0.0,0.0,6,,0.07447947917725986,0.13763390192113992,0.03906918358172418,13.763390192113992,25.019491773103763,normal
job_000011,Rwanda,247,9.797803382533825,monitoring,0.1910717881868972,0.09914719291806588,0.11820405376886679,0.4776111530457839,0.23102691105792553,0.1487120474462245,0.0,6,,0.14104150192767292,0.2875606573149399,0.10055945412966424,28.75606573149399,25.46788064811059,normal
job_000011,Rwanda,248,9.837470602706027,monitoring,0.0,0.2757882603175408,0.0,1.0,0.17937273909499413,0.0,0.0,6,,0.08273647809526223,0.4362114238213796,0.041368239047631115,43.62114238213796,27.646272056193876,normal
job_000011,Rwanda,249,9.877137822878229,monitoring,0.0,0.2015940927917556,0.13595740047584945,1.0,0.1450838188265086,0.19474196689386544,0.0,6,,0.1139417746458756,0.4165100686253905,0.08958111736891386,41.65100686253905,29.326840232955295,normal
job_000011,Rwanda,250,9.91680504305043,monitoring,0.04358859376344246,0.09072959795263259,0.08121182743854055,1.0,0.0,0.0,0.0,6,,0.06277784406262978,0.3745065881337555,0.03450893256136446,37.45065881337555,30.301698462605728,normal
job_000011,Rwanda,251,9.956472263222633,monitoring,0.09405535831872076,0.006138331872376161,0.24379292554814783,1.0,0.04938091929529994,0.0,0.0,6,,0.09570910636030207,0.38677981918436155,0.05630076027682275,38.67798191843615,31.30685247730538,normal
job_000011,Rwanda,252,9.996139483394835,monitoring,0.0,0.09496691584052079,0.12908405519833546,1.0,0.0,0.0,0.0,6,,0.0607610885517401,0.3642450373760781,0.03360764565582844,36.42450373760781,31.92097062854167,normal
job_000011,Rwanda,253,10.035806703567037,monitoring,0.15016732740837727,0.07000824392558525,0.43568212057053185,0.23965776408678893,0.2957761546315442,0.0,0.0,6,,0.18248156791324058,0.20586732452919426,0.10588702015609301,20.586732452919428,30.560862047467,normal
job_000011,Rwanda,254,10.075473923739239,monitoring,0.0,0.23236866572087497,0.3035049453571214,0.2825479274087476,0.0,0.0681596884128529,0.0,6,,0.15240280489682814,0.1337470744511929,0.09401297934427004,15.240280489682814,28.7223922605329,normal
job_000011,Rwanda,255,10.11514114391144,monitoring,0.0,0.11748577900252681,0.5713275544111918,0.7445923927622571,0.21107687214657836,0.0,0.0,6,,0.17807762230355598,0.3309994223538136,0.10332200001205778,33.099942235381356,29.247698257514713,normal
job_000011,Rwanda,256,10.15480836408364,monitoring,0.0,0.0,0.6938522034518395,0.45939215424131696,0.2715611549014048,0.0,0.0,6,,0.17346305086295988,0.2286775427098121,0.10407783051777593,22.867754270981212,28.482104979130693,normal
job_000011,Rwanda,257,10.194475584255843,monitoring,0.07059983631756796,0.04339222395482865,0.403979074934806,0.564203149432652,0.0059977116390347,0.0,0.0,6,,0.13872237863129888,0.22312932288380316,0.08122566209695879,22.312932288380317,27.74180425624065,normal
job_000011,Rwanda,258,10.234142804428044,monitoring,0.0,0.030681442192790735,0.5936913611376923,1.0,0.0,0.0,0.0,6,,0.15762727294226028,0.3546022163289186,0.09365592049957244,35.46022163289186,28.66801434143879,normal
job_000011,Rwanda,259,10.273810024600246,monitoring,0.10020518618635378,0.0,0.391977448566824,0.5011823731967462,0.02021452033133482,0.0,0.0,6,,0.13306617730692982,0.2055187572482833,0.07883765452229435,20.55187572482833,27.694077707445537,normal
job_000011,Rwanda,260,10.313477244772448,monitoring,0.0,0.0,0.6013839436334509,1.0,0.14395769666008523,0.0,0.0,6,,0.15034598590836273,0.3859894241650213,0.09020759154501763,38.59894241650213,29.002661472532328,normal
job_000011,Rwanda,261,10.35314446494465,monitoring,0.0,0.0,0.059197121826538905,0.6298385408316965,0.0,0.0,0.0,6,,0.014799280456634726,0.22044348929109378,0.008879568273980835,22.04434892910938,28.167663967321573,normal
job_000011,Rwanda,262,10.392811685116852,monitoring,0.0,0.09063351969951433,0.747461826578929,0.1812660113499237,0.11939713239952632,0.24537487828627053,0.0,6,,0.2385930003832136,0.10688741502728202,0.1747892775990206,23.85930003832136,27.650660295841547,normal
job_000011,Rwanda,263,10.432478905289054,monitoring,0.0,0.020624431261873983,0.5597901927253347,0.3993691643267758,0.0,0.1487120474462245,0.0,6,,0.16100608230451832,0.14287287220365263,0.11680460308732621,16.100608230451833,26.26465404799478,normal
job_000011,Rwanda,264,10.472146125461256,monitoring,0.0,0.07267025071786122,0.2834229507392287,0.0,0.0,0.0,0.0,6,,0.09265681290016553,0.010900537607679183,0.05341398021856349,9.265681290016554,24.224777317037393,normal
job_000011,Rwanda,265,10.511813345633456,monitoring,0.2461536972574934,0.05128205128205128,0.30520889622090974,0.0,0.06298238121719373,0.0,0.0,6,,0.1778406334799655,0.08497632731097947,0.10270438157694284,17.78406334799655,23.451891640752493,normal
job_000011,Rwanda,266,10.551480565805658,monitoring,0.0,0.0,0.23328913103945012,0.115731843512757,0.0,0.0,0.0,6,,0.05832228275986253,0.04050614522946495,0.03499336965591752,5.832228275986253,21.337532036980544,normal
job_000011,Rwanda,267,10.59114778597786,monitoring,0.03284463221315612,0.012882432168277688,0.23272829504729137,0.8169005350677303,0.116856573374442,0.0,0.0,6,,0.07354242468691079,0.3252728534958468,0.043410535524966584,32.52728534958468,22.68030243449304,normal
job_000011,Rwanda,268,10.630815006150062,monitoring,0.285394368991191,0.0,0.21526714161302093,0.0,0.016770215656282162,0.1487120474462245,0.0,6,,0.16857601929479454,0.0755411461618683,0.11911135452943625,16.857601929479454,21.98157837389141,normal
job_000011,Rwanda,269,10.670482226322264,monitoring,0.43578307591227633,0.2914179925958553,0.35595253135217836,0.0,0.05346548939905747,0.0,0.0,6,,0.3289376071860979,0.16602484021721176,0.1842621937746603,32.89376071860979,23.291040255257617,normal
job_000011,Rwanda,270,10.710149446494466,monitoring,0.5093758223454598,0.2659440215251681,0.2744066911516106,0.0,0.12263155902922765,0.0,0.0,6,,0.32666641706636396,0.19789344857244706,0.18292777137060875,32.6666417066364,24.41611242942307,normal
job_000011,Rwanda,271,10.749816666666668,monitoring,0.3908394490626574,0.0056525050957315056,0.3020460524132302,0.41674848764083117,0.1113736583816904,0.0681596884128529,0.0,6,,0.22081704064524235,0.27226312329973756,0.1379546111214463,27.226312329973755,24.75333641748915,normal
job_000011,Rwanda,272,10.78948388683887,monitoring,0.27395140754045444,0.12494486160206583,0.3476838459065241,0.6582042100660359,0.17234141817766,0.24537487828627053,0.0,6,,0.24482490042503688,0.36068640919295103,0.1747595632916335,36.068640919295106,26.111172957705868,normal
job_000011,Rwanda,273,10.829151107011072,monitoring,0.13417132767778708,0.21469412165881127,0.0,1.0,0.20743343506659348,0.36351833820188223,0.0,6,,0.1477200350050571,0.4676053089349168,0.13174205142475554,46.76053089349168,28.589095910000168,normal
job_000011,Rwanda,274,10.868818327183272,monitoring,0.26927204513008773,0.07618691169006529,0.0,0.2773021385511768,0.04553056790684648,0.24537487828627053,0.0,6,,0.14163877713117734,0.18718443850565525,0.11435742143678145,18.718443850565524,27.40461766286801,normal
job_000011,Rwanda,275,10.908485547355474,monitoring,0.36653694380218044,0.30955795057200447,0.09384429391462186,0.0,0.20255956965399802,0.24537487828627053,0.0,6,,0.269153876809647,0.18870782094984528,0.18289270109068415,26.9153876809647,27.34591006503961,normal
job_000011,Rwanda,276,10.948152767527676,monitoring,0.5178987864439433,0.29410459980162906,0.03461473748235243,0.9625578241926602,0.0,0.24537487828627053,0.0,6,,0.3026871273950841,0.5104856250486612,0.20196263353863997,51.048562504866126,30.190228357818793,normal
job_000011,Rwanda,277,10.987819987699877,monitoring,0.5127521064942732,0.03612468795873438,0.0474158259901527,0.0,0.021961738529804903,0.24537487828627053,0.0,6,,0.22669208798678114,0.13909716444982967,0.1641564740484418,22.669208798678113,29.28770601072191,normal
job_000011,Rwanda,278,11.02748720787208,monitoring,0.5246766815721418,0.20575177592535202,0.3124583063535782,1.0,0.05888841008522861,0.0681596884128529,0.0,6,,0.330292916757535,0.5267540393031453,0.19629878633883846,52.67540393031454,32.094229761073024,normal
job_000011,Rwanda,279,11.067154428044281,monitoring,0.42571388503993934,0.2717452514829152,0.0,0.5079356273164085,0.0,0.1487120474462245,0.0,6,,0.24539463995347577,0.3249677285431651,0.15564697421967005,32.49677285431651,32.142534932262244,normal
job_000011,Rwanda,280,11.106821648216483,monitoring,0.39850693717395247,0.023785832460968187,0.0,0.0,0.24144311176632194,0.1487120474462245,0.0,6,,0.16148438249379626,0.16355538710421383,0.11301167179318061,16.35553871042138,30.248095385641342,normal
job_000011,Rwanda,281,11.146488868388685,monitoring,0.0,0.3508546770979317,0.0,0.30644698163264883,0.0,0.36351833820188223,0.0,6,,0.14160823694956776,0.15988464513611683,0.1253318692050662,15.988464513611683,28.536939680997783,normal
job_000011,Rwanda,282,11.186156088560887,monitoring,0.040802031094650144,0.23058611950987304,0.0,0.5276967524886648,0.0037823610205803084,0.1487120474462245,0.0,6,,0.0983277514807119,0.23042787932632122,0.07249073363465589,23.042787932632123,27.877641471193904,normal
job_000011,Rwanda,283,11.225823308733087,monitoring,0.0,0.13907926887315064,0.0,0.2124778489711801,0.20735387358637172,0.0,0.0,6,,0.04172378066194519,0.14706760586747855,0.020861890330972594,14.706760586747855,26.297135765060375,normal
job_000011,Rwanda,284,11.26549052890529,monitoring,0.0,0.23562332939003286,0.0,0.0,0.10341019493649851,0.0,0.0,6,,0.07068699881700985,0.06119604814262955,0.035343499408504925,7.068699881700985,23.98972345905725,normal
job_000011,Rwanda,285,11.305157749077491,monitoring,0.0,0.35778007386673377,0.0,0.467156277412866,0.2665608864297478,0.7010710808179159,0.0,6,,0.1774411302418117,0.2838119297819501,0.19388122724359325,28.381192978195006,24.51669980135378,normal
job_000011,Rwanda,286,11.344824969249693,monitoring,0.24903700851324145,0.12299522289927531,0.43399559767611806,0.0,0.1015121513000821,0.24537487828627053,0.0,6,,0.2570979070970737,0.1060865733882222,0.1824310004462114,25.70979070970737,24.659870710356213,normal
job_000011,Rwanda,287,11.384492189421895,monitoring,0.0,0.4975675674818552,0.1583978696852258,0.0,0.00924538998481072,0.36351833820188223,0.0,6,,0.22522157148605124,0.07694648261848096,0.17109848321543858,22.522157148605125,24.403345082946082,normal
job_000011,Rwanda,288,11.424159409594097,monitoring,0.0,0.3032570930655491,0.5864981319088486,0.0,0.1317381357150502,0.36351833820188223,0.0,6,,0.2739534947170651,0.07842309788859492,0.2061669513865361,27.39534947170651,24.762385609597334,normal
job_000011,Rwanda,289,11.463826629766299,monitoring,0.0815580024275515,0.25254134636230163,0.33468738189353986,0.39281280232519405,0.12597888560125478,0.1487120474462245,0.0,6,,0.20285075497634092,0.22724990477536475,0.1341383192131314,22.724990477536476,24.51789819375003,normal
job_000011,Rwanda,290,11.5034938499385,monitoring,0.17675688288202385,0.405845084714394,0.4234007624430276,1.0,0.0,0.1487120474462245,0.0,6,,0.3043398297784059,0.455065983427665,0.18948066313926287,45.5065983427665,27.036542211632007,normal
job_000011,Rwanda,291,11.543161070110703,monitoring,0.0,0.4125010524290741,0.0,0.8516115470784867,0.0,0.0681596884128529,0.0,6,,0.13056628457000752,0.35993919934183144,0.07550709554693169,35.99391993418315,28.111427538338145,normal
job_000011,Rwanda,292,11.582828290282903,monitoring,0.0,0.15912927901321147,0.10291391769947088,0.40221758666168245,0.0,0.0,0.0,6,,0.07346726312883116,0.16464554718357058,0.03930647950690235,16.464554718357057,26.713802799940414,normal
job_000011,Rwanda,293,11.622495510455105,monitoring,0.0,0.2019413219087484,0.1000271435861892,0.2133319177830054,0.0,0.19474196689386544,0.0,6,,0.10506337915855836,0.10495736951036413,0.08424366320301373,10.506337915855836,24.768907013850264,normal
job_000011,Rwanda,294,11.662162730627307,monitoring,0.0,0.12036634162659027,0.2050905315040983,0.0,0.16002446989781777,0.0681596884128529,0.0,6,,0.09419850420528694,0.05806106871844298,0.062450468652173866,9.419850420528695,22.927020222651674,normal
job_000011,Rwanda,295,11.701829950799508,monitoring,0.0,0.05873904008212415,0.0,0.0,0.41054039296408656,0.19474196689386544,0.0,6,,0.037095908714023795,0.11144595425334027,0.04775924939109172,11.144595425334026,21.513129246973556,normal
job_000011,Rwanda,296,11.74149717097171,monitoring,0.0,0.25737105284315565,0.244204874844409,0.0,0.046563455346479155,0.0,0.0,6,,0.13826253456404894,0.05024652176309313,0.07523638915313469,13.826253456404894,20.590704152105314,normal
job_000011,Rwanda,297,11.781164391143912,monitoring,0.0,0.15440713772100606,0.0,0.0,0.13642772810894632,0.19474196689386544,0.0,6,,0.06579633800568836,0.05726800268538749,0.062109464036924,6.579633800568836,18.909375709920937,normal
job_000011,Rwanda,298,11.820831611316114,monitoring,0.0,0.0,0.28658644765380553,0.0,0.058553689697042596,0.1487120474462245,0.0,6,,0.08651781665807383,0.014638422424260649,0.07273037663731573,8.651781665807382,17.67846442462731,normal
job_000011,Rwanda,299,11.860498831488316,monitoring,0.0,0.05502378622026779,0.10231106052395832,0.0,0.0,0.24537487828627053,0.0,6,,0.06662238882569696,0.008253567933040168,0.07267520266888802,7.267520266888802,16.429151125698688,normal
job_000011,Rwanda,300,11.900166051660518,monitoring,0.0,0.39237002522621156,0.0,0.0,0.0,0.24537487828627053,0.0,6,,0.1422484953964905,0.05885550378393173,0.10793047944118583,14.224849539649052,16.16463493537273,normal
job_000011,Rwanda,301,11.939833271832718,monitoring,0.0,0.0,0.27269275337718807,0.0,0.1600393197254027,0.1487120474462245,0.0,6,,0.08304439308891946,0.040009829931350674,0.07064632249582312,8.304439308891947,15.221411460195037,normal
job_000011,Rwanda,302,11.97950049200492,monitoring,0.0,0.032462503762144504,0.2230651572502571,0.0,0.16041043584208653,0.36351833820188223,0.0,6,,0.10185687426139585,0.04497198452484331,0.11103281679223669,11.103281679223668,14.727235886478475,normal
job_000011,Rwanda,303,12.019167712177122,monitoring,0.0,0.06165078875836397,0.0,0.0,0.13653535023378632,0.24537487828627053,0.0,6,,0.04303272445613624,0.04338145587220117,0.058322593971008696,5.83225939710087,13.659838707753162,normal
job_000011,Rwanda,304,12.058834932349324,monitoring,0.0,0.0,0.18054995357605266,0.0,0.341512172660379,0.511197663096397,0.0,6,,0.09625725470365287,0.08537804316509474,0.12932202565568732,12.932202565568732,13.572522370691031,normal
job_000011,Rwanda,305,12.098502152521526,monitoring,0.0,0.04699790375631468,0.3691886063716674,0.0,0.010197549379226463,0.24537487828627053,0.0,6,,0.13093401054843828,0.009599072908253816,0.11150295217645141,13.093401054843829,13.515027812789366,normal
job_000011,Rwanda,306,12.138169372693728,monitoring,0.0,0.009749478544501866,0.552030736368656,0.0,0.08456997144889807,0.1487120474462245,0.0,6,,0.155803732400137,0.022604914643899795,0.11400944172621857,15.580373240013701,13.762869264056286,normal
job_000011,Rwanda,307,12.17783659286593,monitoring,0.0,0.07929945085571177,0.4724069913412219,0.15224969654672274,0.09064779798010301,0.24537487828627053,0.0,6,,0.16642907092064604,0.08784426091473548,0.13183094198679413,16.642907092064604,14.108473803417285,normal
job_000011,Rwanda,308,12.217503813038132,monitoring,0.18826223943794776,0.11395627229025695,0.4708608831846782,0.0,0.0,0.0681596884128529,0.0,6,,0.22460985512781365,0.06415900070302548,0.1390069588914004,22.460985512781363,15.110775208540975,normal
job_000011,Rwanda,309,12.257171033210334,monitoring,0.0,0.16812856133960258,0.28835641546416013,0.06292296465435078,0.1977482844593835,0.0,0.0,6,,0.1225276722679208,0.09667939294480904,0.06847274652056441,12.25276722679208,14.767814250731108,normal
job_000011,Rwanda,310,12.296838253382534,monitoring,0.11191746882851412,0.09557171380760865,0.5528575466407842,0.4755725547011436,0.06286798644208147,0.0,0.0,6,,0.2060570148924586,0.22448251503419045,0.11964788283296177,22.448251503419044,15.68946672105366,normal
job_000011,Rwanda,311,12.336505473554736,monitoring,0.0,0.09869761746774507,0.48332629141266004,0.6549576020847209,0.1583172980172407,0.1487120474462245,0.0,6,,0.16531206283811098,0.28361912785412424,0.11704599582130568,28.361912785412425,17.210160248776713,normal
job_000011,Rwanda,312,12.376172693726938,monitoring,0.0,0.1447927646765277,0.677426434323882,0.8435056402031343,0.1398004518329893,0.24537487828627053,0.0,6,,0.23733192581255588,0.35189600173082347,0.17240785550731558,35.18960017308235,19.36769303969339,normal
job_000011,Rwanda,313,12.41583991389914,monitoring,0.0,0.0,0.6170724752691026,0.38772431064109963,0.3899210350641885,0.24537487828627053,0.0,6,,0.1788056066459027,0.233183767490432,0.1416358469476195,23.3183767490432,19.841775084815364,normal
job_000011,Rwanda,314,12.455507134071341,monitoring,0.0,0.14298095639709069,0.2595001487559759,0.1647127865954767,0.3477564550791335,0.0681596884128529,0.0,6,,0.11458529294940648,0.16603573253776382,0.07400410345553056,16.603573253776382,19.453190865090686,normal
job_000011,Rwanda,315,12.495174354243543,monitoring,0.0,0.25115909141001536,0.5202105689889777,1.0,0.0,0.0,0.0,6,,0.20540036967024902,0.38767386371150225,0.11570544905984895,38.767386371150224,21.770894325817828,normal
job_000011,Rwanda,316,12.534841574415745,monitoring,0.0,0.0640908518154667,0.3480419079193503,0.9091848327331886,0.09649689765896638,0.1487120474462245,0.0,6,,0.12110893726910003,0.3519525436436776,0.09156232344946745,35.19525436436776,23.38181753044382,normal
job_000011,Rwanda,317,12.574508794587947,monitoring,0.0,0.09516665156500129,0.7202589543925335,0.7793491226471956,0.20066900570446775,0.24537487828627053,0.0,6,,0.2331522218962608,0.3372144420873856,0.17138881655088434,33.72144420873856,24.622572731839185,normal
job_000011,Rwanda,318,12.614176014760147,monitoring,0.0,0.1706474182217711,0.641912077093747,0.5797260359939166,0.15936569409715806,0.0681596884128529,0.0,6,,0.21848821358125337,0.268342648855426,0.1355158619798983,26.834264885542602,24.887975790283594,normal
job_000011,Rwanda,319,12.65384323493235,monitoring,0.0,0.2869333508601602,0.4131162273448432,0.0,0.34366639172958957,0.0,0.0,6,,0.18935906209425885,0.12895660056142141,0.1050074367307505,18.935906209425884,24.17372744058067,normal
job_000011,Rwanda,320,12.693510455104551,monitoring,0.0,0.2940023993839213,0.49951035309950076,0.06537002895542271,0.11253503035778264,0.24537487828627053,0.0,6,,0.23761579591867862,0.0951136276314318,0.1681018885297674,23.76157959186786,24.124269698735134,normal
job_000011,Rwanda,321,12.733177675276753,monitoring,0.0,0.24099932648304323,0.5627713801759485,0.0,0.013602148828293725,0.36351833820188223,0.0,6,,0.2493444768090883,0.03955043617952991,0.1932692736392252,24.934447680908832,24.221491056595976,normal
job_000011,Rwanda,322,12.772844895448955,monitoring,0.0,0.05421222273510945,0.27146566418545953,0.0,0.0,0.511197663096397,0.0,6,,0.13524984917653743,0.008131833410266418,0.15109121565736477,15.109121565736478,23.128006717692834,normal
job_000011,Rwanda,323,12.812512115621157,monitoring,0.0,0.21452891956872597,0.6905823628298,0.7509976515104282,0.0,0.36351833820188223,0.0,6,,0.273356100398256,0.29502851596395874,0.20847036000015534,29.502851596395875,23.8929881031372,normal
job_000011,Rwanda,324,12.852179335793359,monitoring,0.0,0.22391853344674004,0.24682659807662996,0.0,0.3700807187488377,0.1487120474462245,0.0,6,,0.14375341429780195,0.12610795970422042,0.10035417921775039,14.375341429780194,22.750870502334358,normal
job_000011,Rwanda,325,12.89184655596556,monitoring,0.0,0.04074934159812525,0.21298177370051838,0.41255674779938806,0.0,0.1487120474462245,0.0,6,,0.08034145064918961,0.1505072629695046,0.06780207678404145,15.05072629695046,21.82685319768829,normal
job_000011,Rwanda,326,12.931513776137763,monitoring,0.0,0.12501336491045403,0.0,0.5615426034238676,0.31022645291981427,0.36351833820188223,0.0,6,,0.07385584329332442,0.2928485291648753,0.09145567237694455,29.28485291648753,22.7218131639442,normal
job_000011,Rwanda,327,12.971180996309963,monitoring,0.0,0.21221108400335464,0.49570901128668565,0.7062786134925906,0.46117417367969027,0.36351833820188223,0.0,6,,0.22394241184286603,0.3943227207428325,0.1788916819338825,39.43227207428325,24.727068233184887,normal
job_000011,Rwanda,328,13.010848216482165,monitoring,0.0,0.045087509019148285,0.6177022378910004,0.16555904645363734,0.0,0.24537487828627053,0.0,6,,0.19248930000712164,0.0647087926116453,0.1484934376937764,19.248930000712164,24.06969164528816,normal
job_000011,Rwanda,329,13.050515436654367,monitoring,0.0,0.20595767481638091,0.655600103014113,0.0,0.0,0.36351833820188223,0.0,6,,0.26203916201863076,0.030893651222457137,0.20193733431495053,26.203916201863077,24.32579859207715,normal
job_000011,Rwanda,330,13.090182656826569,monitoring,0.0,0.2158291010454878,0.389122214447923,0.44442931163878224,0.15615300466879256,0.511197663096397,0.0,6,,0.2131490502352668,0.2269628753975951,0.192982229943291,22.69628753975951,24.13025726579903,normal
job_000011,Rwanda,331,13.12984987699877,monitoring,0.0,0.057327171793616176,0.38290522746687994,0.0,0.0,0.511197663096397,0.0,6,,0.16404422471444455,0.008599075769042426,0.16827439250835383,16.827439250835383,23.253919104003394,normal
job_000011,Rwanda,332,13.169517097170973,monitoring,0.0,0.25369237883273454,0.7606041831632794,0.0,0.0,0.5998052580331059,0.0,6,,0.3262392852439508,0.03805385682491018,0.27210553590602327,32.623928524395076,24.378320234450396,normal
job_000011,Rwanda,333,13.209184317343174,monitoring,0.0,0.39187773773077045,0.0,0.0,0.42685401639637943,0.24537487828627053,0.0,6,,0.14210080914785816,0.16549516475871043,0.10785663631686968,16.549516475871044,23.43886378342087,normal
job_000011,Rwanda,334,13.248851537515376,monitoring,0.017281907829149977,0.0,0.0,0.0,0.329732910150803,0.1487120474462245,0.0,6,,0.020919872484824943,0.08675370449498825,0.033198791055074894,8.675370449498825,21.667244583350225,normal
job_000011,Rwanda,335,13.288518757687578,monitoring,0.3075161424304188,0.09810897254812415,0.0344926407711307,0.0,0.0,0.0681596884128529,0.0,6,,0.1525024706491518,0.09159538148982332,0.09502540816654258,15.250247064915179,20.89720488113802,normal
job_000011,Rwanda,336,13.328185977859778,monitoring,0.2863223288757946,0.09687140000479114,0.20171511741670556,0.0,0.3023363728052782,0.0,0.0,6,,0.17970301446214185,0.16169538542098688,0.10205244338838343,17.970301446214183,20.54597646894716,normal
job_000011,Rwanda,337,13.36785319803198,monitoring,0.03193289772934833,0.0,0.09623976991192393,0.3257731835810289,0.1930373239086885,0.0,0.0,6,,0.0352364566832529,0.1702631696628693,0.020822545032658256,17.02631696628693,20.12361732862793,normal
job_000011,Rwanda,338,13.407520418204182,monitoring,0.2172228689075931,0.02643673219599683,0.3157069126136232,0.06812853740054876,0.0,0.1487120474462245,0.0,6,,0.17775695667448488,0.08211621514648987,0.12450852999220652,17.77569566744849,19.841866729286398,normal
job_000011,Rwanda,339,13.447187638376384,monitoring,0.0,0.08654188752805225,0.1018246090450795,0.6267780699095512,0.01647393909249096,0.24537487828627053,0.0,6,,0.0759562063483126,0.2364720923706735,0.07732995014322386,23.647209237067347,20.298507830220114,normal
job_000011,Rwanda,340,13.486854858548586,monitoring,0.31478381197124816,0.05128205128205128,0.2809620398057003,0.26319854706608115,0.29464202733767286,0.0,0.0,6,,0.19579945952597727,0.25216825899266637,0.11279337605741237,25.216825899266638,20.888705998505696,normal
job_000011,Rwanda,341,13.526522078720788,monitoring,0.0,0.22753727048471256,0.24539368286267885,0.0,0.2211526917278526,0.1487120474462245,0.0,6,,0.14448080660570592,0.08941876350467004,0.10068205249135362,14.448080660570591,20.11583095795348,normal
job_000011,Rwanda,342,13.56618929889299,monitoring,0.11214722437361173,0.22901296411143252,0.4853551479550601,0.0,0.11907996768916415,0.0681596884128529,0.0,6,,0.23611017359424416,0.09215874263240884,0.14321659936726683,23.611017359424416,20.535253326129993,normal
job_000011,Rwanda,343,13.605856519065192,monitoring,0.0,0.0,0.4882077454081553,0.7342024379304875,0.0,0.0,0.0,6,,0.12205193635203883,0.2569708532756706,0.0732311618112233,25.69708532756706,21.15467316630244,normal
job_000011,Rwanda,344,13.645523739237394,monitoring,0.0,0.15595469885927568,0.4322047210259011,0.8323910144712867,0.03524655550000407,0.24537487828627053,0.0,6,,0.17937507774288503,0.3235416987688427,0.13729888864003062,32.35416987688427,22.49861277157226,normal
job_000011,Rwanda,345,13.685190959409594,monitoring,0.0,0.29912044452013725,0.7196228884847593,0.0,0.11335539825549536,0.0,0.0,6,,0.269641855477231,0.07320691624189443,0.15281149995073448,26.9641855477231,23.034481504710364,normal
job_000011,Rwanda,346,13.724858179581796,monitoring,0.0,0.05912548608932552,0.35083350619120457,0.0,0.14358760098345574,0.0681596884128529,0.0,6,,0.1122619912158841,0.04476572315926276,0.0751257865246501,11.22619912158841,21.61748761873573,normal
job_000011,Rwanda,347,13.764525399753998,monitoring,0.0,0.22026377229149446,0.08659362059977475,0.0,0.17346413663102375,0.19474196689386544,0.0,6,,0.10720173352677857,0.07640560000148011,0.08497700231246347,10.720173352677858,20.309809906808784,normal
job_000011,Rwanda,348,13.8041926199262,monitoring,0.0,0.15301069112818688,0.04600343388730598,0.6161501549624738,0.22312457117694898,0.19474196689386544,0.0,6,,0.07687826249966911,0.2943853007003311,0.06880051213109703,29.43853007003311,21.405256326395705,normal
job_000011,Rwanda,349,13.843859840098402,monitoring,0.0,0.0,0.052869367472889964,0.942671684771282,0.06049077204255301,0.19474196689386544,0.0,6,,0.032691538557609034,0.34505778268058696,0.04687879849970659,34.5057782680587,22.977318959395266,normal
job_000011,Rwanda,350,13.883527060270604,monitoring,0.0,0.21882569916851533,0.0,1.0,0.046966004554736304,0.0,0.0,6,,0.06564770975055459,0.3945653560139613,0.032823854875277295,39.45653560139613,24.954824956435367,normal
job_000011,Rwanda,351,13.923194280442805,monitoring,0.0,0.1881233922100994,0.18351050052597112,0.0,0.10332992425773702,0.0,0.0,6,,0.1023146427945226,0.05405098989594916,0.05574508391041058,10.23146427945226,23.188021675197394,normal
job_000011,Rwanda,352,13.962861500615007,monitoring,0.0,0.07983043785349182,0.3125168960989961,0.0,0.22417160746407996,0.0,0.0,6,,0.10207835538079657,0.06801746754404377,0.058852100092873186,10.207835538079657,21.630399338743263,normal
job_000011,Rwanda,353,14.00252872078721,monitoring,0.0,0.38244476994162113,0.23390209006757087,0.0,0.24101458660875807,0.0,0.0,6,,0.17320895349937906,0.11762036214343269,0.0924520290013788,17.320895349937906,21.11325886008662,normal
job_000011,Rwanda,354,14.04219594095941,monitoring,0.0,0.0,0.09785138798927055,0.22606017505153952,0.21920295194649017,0.19474196689386544,0.0,6,,0.04393704368670419,0.13392179925466138,0.05362610157716367,13.392179925466138,20.18672938793216,normal
job_000011,Rwanda,355,14.081863161131611,monitoring,0.04930160260067995,0.1317114619110133,0.056783194998740696,0.0,0.22555058981541018,0.0681596884128529,0.0,6,,0.07778076707451242,0.08846976739067453,0.051766456739169665,8.846976739067452,18.825959070068397,normal
job_000011,Rwanda,356,14.121530381303813,monitoring,0.0,0.2036656000169518,0.01565526883104527,0.0,0.1649588150187601,0.0681596884128529,0.0,6,,0.07182946605413215,0.0717895437572328,0.04653006800977014,7.182946605413215,17.428797574309773,normal
job_000011,Rwanda,357,14.161197601476015,monitoring,0.0,0.2257669846308241,0.2653476579037455,0.0,0.19779897917471587,0.24537487828627053,0.0,6,,0.15860449769381066,0.08331479248830258,0.12274217203743953,15.860449769381066,17.240595837718327,normal
job_000011,Rwanda,358,14.200864821648217,monitoring,0.0,0.06557978306607264,0.0,0.0,0.47660727960780314,0.24537487828627053,0.0,6,,0.044211422748448845,0.12898878736186167,0.058911943117165,12.898878736186168,16.719589785534467,normal
job_000011,Rwanda,359,14.240532041820419,monitoring,0.0,0.3064725098507666,0.02688029282697609,0.0,0.11357542391197839,0.24537487828627053,0.0,6,,0.12319931399060104,0.07436473245560958,0.09907789605891551,12.319931399060104,16.191630779157542,normal
job_000011,Rwanda,360,14.280199261992621,monitoring,0.0,0.15647105458035543,0.0,0.0,0.0,0.0,0.0,6,,0.046941316374106624,0.023470658187053312,0.023470658187053312,4.6941316374106625,14.811930882147918,normal
job_000011,Rwanda,361,14.319866482164823,monitoring,0.0,0.0,0.0,0.0,0.18255850575813973,0.511197663096397,0.0,6,,0.05111976630963971,0.04563962643953493,0.10223953261927941,10.22395326192794,14.26137356772152,normal
job_000011,Rwanda,362,14.359533702337025,monitoring,0.0,0.4499918572994956,0.13838511350363739,0.0,0.18013654231878592,0.47092148357971125,0.0,6,,0.21668598392372915,0.11253291417462083,0.1824408423364122,21.668598392372914,15.150240546679688,normal
job_000011,Rwanda,363,14.399200922509225,monitoring,0.0,0.03567723454177003,0.0,0.23465284595452807,0.06746807091595652,0.0681596884128529,0.0,6,,0.0175191392038163,0.10434709899433946,0.018983522863836085,10.434709899433946,14.5843768690102,normal
job_000011,Rwanda,364,14.438868142681427,monitoring,0.0,0.0,0.48970623000488833,0.9090255300784301,0.38360050618527314,0.36351833820188223,0.0,6,,0.1587783913214103,0.4140590620737688,0.14615960214110968,41.40590620737688,17.802960389614203,normal
job_000011,Rwanda,365,14.478535362853629,monitoring,0.0,0.27169140885222154,0.03903593127856223,0.783230243609006,0.2628085108085612,0.24537487828627053,0.0,6,,0.11580389330393408,0.38058642429312556,0.09568407667687168,38.058642429312556,20.233642234378006,normal
job_000011,Rwanda,366,14.51820258302583,monitoring,0.0,0.2450756541477814,0.6644716865878746,0.5155589763505306,0.0,0.1487120474462245,0.0,6,,0.25451182263592553,0.21720698984485293,0.1661745105995933,25.451182263592553,20.859747037883754,normal
job_000011,Rwanda,367,14.557869803198033,monitoring,0.0,0.11565664838525547,0.6562845981804659,0.35742258882183425,0.0,0.1487120474462245,0.0,6,,0.21363934880531557,0.1424464033454303,0.1455335964741031,21.363934880531556,20.92024957900149,normal
job_000011,Rwanda,368,14.597537023370235,monitoring,0.0,0.2833860076861641,0.34544071526132514,0.0,0.0,0.1487120474462245,0.0,6,,0.18624718586580297,0.04250790115292462,0.12406641793136827,18.624718586580297,20.644785859910943,normal
job_000011,Rwanda,369,14.637204243542437,monitoring,0.0,0.20328029858872734,0.0014371749530290104,0.0,0.14628082951626148,0.0681596884128529,0.0,6,,0.06815935215616074,0.06706225216737446,0.044339558713834035,6.815935215616074,18.985323782595557,normal
job_000011,Rwanda,370,14.676871463714638,monitoring,0.0,0.08474050094140491,0.3038107389607054,0.0,0.0,0.1487120474462245,0.0,6,,0.11624603976722026,0.012711075141210736,0.08802509547456144,11.624603976722025,18.102037405890734,normal
job_000011,Rwanda,371,14.71653868388684,monitoring,0.0,0.2472212879219817,0.4082633455255092,0.00397237673819544,0.0,0.47092148357971125,0.0,6,,0.22332437111594292,0.03847352504666566,0.19250699173306587,22.33243711159429,18.60968537057516,normal
job_000011,Rwanda,372,14.75620590405904,monitoring,0.0,0.2768977845080412,0.6839008817246348,0.1019056384851645,0.0,0.27263875365141177,0.0,6,,0.28130843114871223,0.07720164114601374,0.19864755066518375,28.130843114871222,19.75222429989069,normal
job_000011,Rwanda,373,14.795873124231242,monitoring,0.0,0.12288270552051615,0.25637868619535664,0.48038184079648344,0.0,0.5998052580331059,0.0,6,,0.1609400090083046,0.18656605010684663,0.1768502603640021,18.65660501068466,19.620749985185967,normal
job_000011,Rwanda,374,14.835540344403444,monitoring,0.0,0.3954899490341162,0.4786705202917227,1.0,0.0,0.36351833820188223,0.0,6,,0.27466644860335376,0.4093234923551174,0.20382773803925228,40.93234923551174,22.17814189522506,normal
job_000011,Rwanda,375,14.875207564575646,monitoring,0.0,0.31124240938001146,0.05150299165681902,0.9785176927019489,0.17460919471114583,0.36351833820188223,0.0,6,,0.14260030454839642,0.4328198525304703,0.12711547779590102,43.281985253047026,24.710603098163695,normal
job_000011,Rwanda,376,14.914874784747848,monitoring,0.0,0.07079154707040003,0.0,0.0,0.13729475490579351,0.1487120474462245,0.0,6,,0.03610866886574246,0.044942420787008386,0.0403611415498049,4.494242078700839,22.28463977582815,normal
job_000011,Rwanda,377,14.95454200492005,monitoring,0.0,0.3573760204665179,0.6134625399444722,0.0,0.22851907801276827,0.1487120474462245,0.0,6,,0.27544964587069587,0.11073617257316976,0.1753681935508934,27.544964587069586,22.915878753177125,normal
job_000011,Rwanda,378,14.994209225092252,monitoring,0.0,0.5,0.3212400364049009,0.0,0.27434044060019314,0.24537487828627053,0.0,6,,0.2548474969298523,0.14358511015004827,0.17226098111798924,25.484749692985233,23.224143265954098,normal
job_000011,Rwanda,379,15.033876445264454,monitoring,0.11389349410009997,0.25434892899219885,0.45997910881969484,0.0,0.22326161566696018,0.0,0.0,6,,0.23116217883761836,0.12244111679059487,0.12992790449180405,23.116217883761834,23.211192220091025,normal
job_000011,Rwanda,380,15.073543665436656,monitoring,0.0,0.5,0.3007455017654482,0.0,0.2608619246120346,0.24537487828627053,0.0,6,,0.2497238632699891,0.14021548115300864,0.16918680092207133,24.97238632699891,23.42253551291997,normal
job_000011,Rwanda,381,15.113210885608856,monitoring,0.1314621537721392,0.3497545100233228,0.020399733243905642,0.0,0.10057884780479924,0.1487120474462245,0.0,6,,0.17090924488284442,0.11047342689773303,0.111557976733757,17.090924488284443,22.66274218996371,normal
job_000011,Rwanda,382,15.152878105781058,monitoring,0.0,0.09556645601368308,0.0,0.39292791340125954,0.22440452866526303,0.24537487828627053,0.0,6,,0.053207424632731974,0.20796087025880905,0.06340994405930657,20.796087025880905,22.438743570273772,normal
job_000011,Rwanda,383,15.19254532595326,monitoring,0.0,0.33845902154627,0.0,0.7766954982109776,0.16539761035376788,0.36351833820188223,0.0,6,,0.13788954028406922,0.3639616801942246,0.12347252087231694,36.39616801942246,24.113634504171614,normal
job_000011,Rwanda,384,15.232212546125462,monitoring,0.0,0.37862988821160687,0.0,0.682699903845159,0.07695387968201027,0.24537487828627053,0.0,6,,0.13812645429210912,0.3149779194980492,0.10586945888899513,31.49779194980492,24.99973339764761,normal
job_000011,Rwanda,385,15.271879766297664,monitoring,0.0,0.11080860340559083,0.0,0.0,0.1906838970766085,0.36351833820188223,0.0,6,,0.06959441484186547,0.06429226477999075,0.08932495815121508,8.932495815121507,23.07166488774448,normal
job_000011,Rwanda,386,15.311546986469866,monitoring,0.0,0.30930496849760974,0.0,0.0,0.13364951207507725,0.36351833820188223,0.0,6,,0.12914332436947112,0.07980812329341078,0.11909941291501791,12.914332436947113,21.852784993648797,normal
job_000011,Rwanda,387,15.351214206642068,monitoring,0.0,0.44210980453655835,0.0,0.0,0.20131016454585668,0.0681596884128529,0.0,6,,0.1394489102022528,0.11664401181694792,0.07994840836305434,13.944891020225281,20.903837716837977,normal
job_000011,Rwanda,388,15.39088142681427,monitoring,0.0,0.4275353637146961,0.0,0.44382465015843214,0.23528909360198463,0.511197663096397,0.0,6,,0.17938037542404853,0.27829120551315184,0.16636983717648382,27.829120551315185,21.734871656975244,normal
job_000011,Rwanda,389,15.430548646986471,monitoring,0.0,0.5,0.0,0.5547363904002616,0.1503726558361568,0.24537487828627053,0.0,6,,0.17453748782862705,0.30675090059913074,0.1240749756572541,30.675090059913074,22.807697865327786,normal
job_000011,Rwanda,390,15.470215867158672,monitoring,0.0,0.4343313060505314,0.05768680107453534,0.0375595408313948,0.26540048446817116,0.36351833820188223,0.0,6,,0.18107292590398147,0.14464565631561066,0.14650638370913643,18.107292590398146,22.243649232336228,normal
job_000011,Rwanda,391,15.509883087330874,monitoring,0.0,0.17681850613723624,0.0,0.5575399467468405,0.14772389035207056,0.24537487828627053,0.0,6,,0.07758303966979793,0.25859272986999726,0.07559775157783954,25.859272986999727,22.677524082895847,normal
job_000011,Rwanda,392,15.549550307503075,monitoring,0.0,0.5,0.0,1.0,0.10564457907379064,0.24537487828627053,0.0,6,,0.17453748782862705,0.4514111447684476,0.1240749756572541,45.14111447684476,25.373154930169715,normal
job_000011,Rwanda,393,15.589217527675277,monitoring,0.0,0.5,0.0,1.0,0.18992620319125836,0.0,0.0,6,,0.15,0.47248155079781456,0.075,47.248155079781455,27.998154948123126,normal
job_000011,Rwanda,394,15.62888474784748,monitoring,0.0,0.2035323469276409,0.0,1.0,0.38431150546960674,0.0681596884128529,0.0,6,,0.06787567291957755,0.4766077284065478,0.044161789721716714,47.66077284065478,30.357669095226925,normal
job_000011,Rwanda,395,15.668551968019681,monitoring,0.0,0.25494198516967514,0.0,1.0,0.11522192855821158,0.19474196689386544,0.0,6,,0.0959567922402891,0.41704677991500416,0.07718969115422436,41.70467799150042,31.719310162779742,normal
job_000011,Rwanda,396,15.708219188191883,monitoring,0.0,0.5,0.0,0.9408290556683802,0.1235774553053737,0.0681596884128529,0.0,6,,0.1568159688412853,0.43518453331027646,0.08863193768257058,43.518453331027644,33.135207342969494,normal
job_000011,Rwanda,397,15.747886408364085,monitoring,0.0,0.21919217517638556,0.0,0.3293545117126052,0.11408448264410948,0.36351833820188223,0.0,6,,0.1021094863731039,0.17667402603689703,0.10558249391683427,17.667402603689702,31.27907077425592,normal
job_000011,Rwanda,398,15.787553628536287,monitoring,0.0,0.5,0.0,0.11144383169596435,0.28213120883115406,0.511197663096397,0.0,6,,0.2011197663096397,0.18453814330137602,0.1772395326192794,20.11197663096397,29.93901947706089,normal
job_000011,Rwanda,399,15.827220848708487,monitoring,0.0,0.5,0.0,0.0,0.18170047591270583,0.0681596884128529,0.0,6,,0.1568159688412853,0.12042511897817645,0.08863193768257058,15.68159688412853,28.228128765909005,normal
