job_id,site,frame_index,source_frame_index,timestamp_seconds,detection_count,mean_detection_confidence,object_count,bbox_area_ratio,center_x,center_y,center_spread,mean_nearest_neighbor_distance,max_grid_fraction,track_match_count,tracked_speed_per_second,tracked_direction_x,tracked_direction_y,tracked_direction_degrees,tracked_coherence,flow_roi_pixels,flow_speed_per_second,flow_p90_speed_per_second,flow_direction_x,flow_direction_y,flow_direction_degrees,flow_divergence_per_second,flow_convergence_per_second,flow_coherence
job_000004,Bulgaria,0,0,0.0,6,0.38517603029807407,6,0.06878181944016466,0.6035043822394477,0.5084033448019145,0.32804527852156007,0.20486726666018493,0.5,0,,,,,,0,,,,,,,,
job_000004,Bulgaria,1,1,0.05,6,0.3535217692454656,6,0.06276717729018373,0.5404752370384004,0.44354184233112104,0.4172637176715835,0.2992701109269406,0.3333333333333333,0,,,,,,8563,0.004884854890406132,0.018552202731370926,-0.0023201361764222383,-0.0014190259389579296,-148.54949318723448,0.04196825250983238,0.0,0.5567578531801773
job_000004,Bulgaria,2,2,0.1,5,0.41911988854408266,5,0.05072585295487939,0.524147408604622,0.3780353362471969,0.42338428304335507,0.3597176998426425,0.4,0,,,,,,6914,0.017688913270831108,0.04503432661294937,-0.010314224287867546,-0.005941316951066256,-150.05670703419864,0.012966466136276722,0.0,0.6729098829731313
job_000004,Bulgaria,3,3,0.15,7,0.32417002958910807,7,0.07630978870180688,0.48239973002956027,0.4688888549804688,0.40829174993719736,0.28457441203975364,0.2857142857142857,0,,,,,,10359,0.00801003910601139,0.026775935664772987,-0.00198366679251194,-0.0026966978330165148,-126.33786708405954,0.02767801098525524,0.0,0.41793836742177326
job_000004,Bulgaria,4,4,0.2,7,0.348389704312597,7,0.09986314633174723,0.5802653587999798,0.5006003112389298,0.40713321909974776,0.20531779486549917,0.2857142857142857,0,,,,,,9482,0.007275483570992947,0.02187977358698845,-0.002818627282977104,-0.0007540545775555074,-165.02265383106575,-0.00919741578400135,0.00919741578400135,0.4010384701747114
job_000004,Bulgaria,5,5,0.25,6,0.32560621698697406,6,0.06758194206298396,0.5353487690289815,0.4813829681019724,0.4544415500385464,0.30504196140598644,0.3333333333333333,0,,,,,,6416,0.007985742762684822,0.026189908385276794,-0.0037264188285917044,-0.002203029813244939,-149.40875096206253,0.061269015073776245,0.0,0.5420809172292927
job_000004,Bulgaria,6,6,0.3,8,0.3185691647231579,8,0.08231803790037416,0.47189678276578584,0.4798685418234931,0.41077179558074384,0.19484222612545643,0.25,0,,,,,,8412,0.04719022661447525,0.2599625289440155,-0.03623095527291298,0.017878776416182518,153.73518689393688,-0.12177706509828568,0.12177706509828568,0.8561547811189495
job_000004,Bulgaria,7,7,0.35,8,0.3110612388700247,8,0.08128830315873414,0.4367000730087359,0.4983415568316424,0.427256036037319,0.1852197328374233,0.375,0,,,,,,7542,0.02310388721525669,0.13988976180553436,-0.0175919346511364,0.0111017394810915,147.7452122619509,-0.027716783806681633,0.027716783806681633,0.900369612693457
job_000004,Bulgaria,8,8,0.4,8,0.3769254647195339,8,0.08664765345836825,0.46805831094582867,0.48093036104131626,0.4130971064865533,0.1919827462412011,0.25,0,,,,,,8899,0.019955523312091827,0.0861903578042984,-0.015445920638740063,0.007563534192740917,153.9100051587228,-0.053525160998106,0.053525160998106,0.8618344712776845
job_000004,Bulgaria,9,9,0.45,8,0.3656495623290539,8,0.08579291616137015,0.40238121921817466,0.46502831644482084,0.3879712136101512,0.2630596638418823,0.25,0,,,,,,11510,0.017597224563360214,0.020390067249536514,-0.010813243687152863,0.010888823308050632,134.80046251867796,-0.08486940711736679,0.08486940711736679,0.8720563713099547
job_000004,Bulgaria,10,10,0.5,8,0.4033453222364187,8,0.08642959840384479,0.4005393501371145,0.4657208076229802,0.3889688664380651,0.2587439085429851,0.25,0,,,,,,11294,0.037641994655132294,0.1088179275393486,-0.019836699590086937,0.02574119344353676,127.61859500443613,-0.37799444794654846,0.37799444794654846,0.863337591559185
job_000004,Bulgaria,11,11,0.55,8,0.39829418435692787,8,0.09684804336836182,0.4480459964523713,0.4821523048259594,0.3958706222843261,0.21282455102827186,0.25,0,,,,,,11309,0.012783985584974289,0.02097238413989544,-0.006831320468336344,0.00611300952732563,138.1762182956626,-0.10211367905139923,0.10211367905139923,0.7170772780464859
job_000004,Bulgaria,12,12,0.6,7,0.3855216737304415,7,0.07328150053660643,0.42622749507427216,0.4437185650780088,0.40426741795479926,0.2559943403292199,0.2857142857142857,0,,,,,,8036,0.015396255999803543,0.04549631476402283,-0.010381604544818401,0.005104351323097944,153.81791503131484,-0.1104903519153595,0.1104903519153595,0.7513893714158619
job_000004,Bulgaria,13,13,0.65,10,0.3355941757559776,10,0.11427568666189747,0.4935870250066122,0.5155129831808585,0.3994990411058583,0.13935238235828243,0.3,0,,,,,,8720,0.017742160707712173,0.05283459648489952,-0.009885636158287525,0.0047791507095098495,154.19883740333435,-0.09373417496681213,0.09373417496681213,0.6188794589946468
job_000004,Bulgaria,14,14,0.7,8,0.3113871440291405,8,0.11035986657269334,0.5731953444580237,0.5022731847233243,0.38273401073912355,0.18625937642295254,0.25,0,,,,,,11027,0.012393597513437271,0.031463757157325745,-0.0010436538141220808,0.0016645414289087057,122.08737451036141,-0.024046210572123528,0.024046210572123528,0.15852263504437414
job_000004,Bulgaria,15,15,0.75,6,0.35448702424764633,6,0.07844235335401394,0.5931413234935866,0.46263783066361036,0.42100244826220323,0.23353960877401445,0.3333333333333333,0,,,,,,7815,0.005385029595345259,0.011896954849362373,-0.0014553783694282174,-0.0012748485896736383,-138.78304048455092,-0.023195529356598854,0.023195529356598854,0.3592882384412736
job_000004,Bulgaria,16,16,0.8,5,0.3777152419090271,5,0.05646743605840886,0.5544331441322963,0.39482429716322154,0.41973003241818896,0.3552586411550762,0.2,0,,,,,,7591,0.004263098817318678,0.010453317314386368,-0.0007982946117408574,-0.0015824161237105727,-116.76995386287271,-0.00905382726341486,0.00905382726341486,0.415748173301175
job_000004,Bulgaria,17,17,0.85,8,0.3306365106254816,8,0.09076047053507212,0.5104019085566203,0.4809564802381727,0.39813753600845037,0.20272907890985709,0.25,0,,,,,,9354,0.005417546723037958,0.009291604161262512,-0.0016737988917157054,-0.0010439828038215637,-148.0473613661673,-0.008657922968268394,0.008657922968268394,0.3641296213116402
job_000004,Bulgaria,18,18,0.9,9,0.34380532138877445,9,0.12169903364629629,0.5470821142196656,0.5044880313637816,0.3697601821434114,0.18568979838370278,0.2222222222222222,0,,,,,,12337,0.011122013442218304,0.023811835795640945,0.001784446882084012,0.003735168604180217,64.46423504066271,-0.07440818101167679,0.07440818101167679,0.3721927894695467
job_000004,Bulgaria,19,19,0.95,8,0.3475011959671974,8,0.11270789508543762,0.5328782714903355,0.491375078536846,0.38778570901533704,0.19137303902809552,0.25,0,,,,,,11143,0.006025881040841341,0.016649892553687096,0.0013654091162607074,0.0018450581701472402,53.497233155760576,-0.019873926416039467,0.019873926416039467,0.380913448343887
job_000004,Bulgaria,20,20,1.0,8,0.30278898775577545,8,0.09402254374706259,0.44981420834859215,0.4725176453590393,0.3834996781314963,0.2482544013003678,0.25,0,,,,,,11600,0.009317043237388134,0.013311066664755344,0.0011074475478380919,0.004809497389942408,77.03294440236604,0.04766002297401428,0.0,0.5297123204254952
job_000004,Bulgaria,21,21,1.05,7,0.33121438111577717,7,0.08807808650200508,0.496177822919119,0.44831701308961897,0.3823983182392727,0.2729530652061128,0.2857142857142857,0,,,,,,10796,0.004374380223453045,0.009022735990583897,-0.00012037724809488282,0.0015056690899655223,94.57103703055186,-0.024481523782014847,0.024481523782014847,0.3452999941614157
job_000004,Bulgaria,22,22,1.1,7,0.3400883951357433,7,0.08463887961067085,0.5706977425586609,0.4662936836323411,0.39716963548352907,0.1861060300234299,0.2857142857142857,0,,,,,,7859,0.00729783670976758,0.018564430996775627,0.0010449544060975313,0.00240446999669075,66.51080054290726,-0.008148429915308952,0.008148429915308952,0.3592459219584947
job_000004,Bulgaria,23,23,1.15,7,0.3404594638517925,7,0.08541760427515699,0.5705775198482331,0.46646444330770503,0.397327175827154,0.18596071767805483,0.2857142857142857,0,,,,,,7938,0.004635147284716368,0.012093810364603996,9.24495980143547e-05,0.0020661787129938602,87.4380526419017,-0.016286181285977364,0.016286181285977364,0.4462093317259196
job_000004,Bulgaria,24,24,1.2,8,0.365928266197443,8,0.09371163046045532,0.5144020942350228,0.48851998735357216,0.40425271348353486,0.20544684679924816,0.25,0,,,,,,8921,0.009422244504094124,0.032313235104084015,-0.0011704007629305124,0.0059253377839922905,101.1735001344716,0.03405601531267166,0.0,0.6410174690997449
job_000004,Bulgaria,25,25,1.25,6,0.41285468141237897,6,0.06846566323638836,0.5317549977037642,0.40950322445528015,0.3886568517339816,0.27807289191004286,0.3333333333333333,0,,,,,,8095,0.003666079370304942,0.0126880444586277,-0.0001104624752770178,0.0006572407437488437,99.54053831774374,0.0041966745629906654,0.0,0.18179061304459124
job_000004,Bulgaria,26,26,1.3,9,0.35179654094907975,9,0.07701706697228572,0.4093858669201534,0.5284875563633294,0.4063543855511479,0.18887910500199734,0.3333333333333333,0,,,,,,8466,0.03634226694703102,0.10846282541751862,-0.00386180286295712,0.028466615825891495,97.72562588861425,-0.05240011587738991,0.05240011587738991,0.7904671765741416
job_000004,Bulgaria,27,27,1.35,9,0.3351607703500324,9,0.11463339401818848,0.5531121572962514,0.558025733727977,0.4131650785025121,0.19689229049088705,0.3333333333333333,0,,,,,,8610,0.021516796201467514,0.06978777050971985,0.0005397505010478199,0.01647750288248062,88.12384364603828,-0.029614849016070366,0.029614849016070366,0.7662079712712616
job_000004,Bulgaria,28,28,1.4,8,0.34535842947661877,8,0.0957206791681247,0.5266317494213582,0.5218285185319406,0.4128551239461412,0.21375514050171068,0.25,0,,,,,,8671,0.014696663245558739,0.04732502996921539,-0.0031468088272958994,0.008684736676514149,109.91736883032632,-0.06531589478254318,0.06531589478254318,0.6285280152693291
job_000004,Bulgaria,29,29,1.45,8,0.387551873922348,8,0.08924478538310697,0.5033284123986959,0.5184975191398904,0.4001822332991205,0.2216529142324461,0.25,0,,,,,,9567,0.018109677359461784,0.05886770784854889,-0.0017405705293640494,0.009336061775684357,100.56070728107908,-0.03979452699422836,0.03979452699422836,0.524411754312015
job_000004,Bulgaria,30,30,1.5,9,0.4022552751832538,9,0.09705124629220077,0.5094424678219689,0.4944519294142233,0.37622406993105995,0.23925052998099902,0.2222222222222222,0,,,,,,11883,0.0360625721514225,0.12077926099300385,0.006547893863171339,0.02097393572330475,72.66205653028679,-0.08080506324768066,0.08080506324768066,0.6092819857318333
job_000004,Bulgaria,31,31,1.55,7,0.43909055846078054,7,0.07671103174301085,0.5412338666972659,0.4463160025379645,0.3814035972745973,0.22901278591841193,0.2857142857142857,0,,,,,,9205,0.024951672181487083,0.10734550654888153,0.001725690672174096,0.015865974128246307,83.79252526708648,0.11715474724769592,0.0,0.6396183379786191
job_000004,Bulgaria,32,32,1.6,7,0.3983845348869051,7,0.0968574629196955,0.5766874377216612,0.5024726050240653,0.4098035091572033,0.2018284369809463,0.2857142857142857,0,,,,,,8696,0.05371152609586716,0.241962730884552,0.008911266922950745,0.0463254451751709,79.1114584635241,-0.028507307171821594,0.028507307171821594,0.8782985487114654
job_000004,Bulgaria,33,33,1.65,7,0.356914684176445,7,0.08630047840866621,0.5143399418819519,0.48347586778105883,0.4251790846473317,0.2193129306625991,0.2857142857142857,0,,,,,,7431,0.01636616513133049,0.03157642483711243,0.002319985069334507,0.001364818774163723,30.467777337364637,0.13092319667339325,0.0,0.1644652292073924
job_000004,Bulgaria,34,34,1.7,10,0.39867287427186965,10,0.12124812674163984,0.5192708347241084,0.5681270677072031,0.41208332939880526,0.17781616762291522,0.3,0,,,,,,12170,0.23718953132629395,0.867323100566864,-0.1678997278213501,-0.027858935296535492,-170.57897119096614,0.41761961579322815,0.0,0.7175497811209096
job_000004,Bulgaria,35,35,1.75,6,0.46724283198515576,6,0.08181589752506802,0.534677527513769,0.4500265980944221,0.41261701882636354,0.2945884535828795,0.3333333333333333,0,,,,,,9808,0.17620505392551422,0.5043051838874817,-0.14410431683063507,-0.06046373024582863,-157.23790406686564,0.002177625894546509,0.0,0.8868935837629887
job_000004,Bulgaria,36,36,1.8,8,0.3651162050664425,8,0.0886091038525793,0.43852358659108476,0.5152624801353172,0.40948356019165316,0.2580472550512789,0.25,0,,,,,,10775,0.11791740357875824,0.39365869760513306,-0.07811316847801208,0.049229539930820465,147.77949366899162,-0.4869793951511383,0.4869793951511383,0.7830234246433777
job_000004,Bulgaria,37,37,1.85,8,0.35121077112853527,8,0.09643595879389551,0.434592516720295,0.5188697770789816,0.40780668108533336,0.25418722957175505,0.25,0,,,,,,11724,0.1168350949883461,0.40018922090530396,-0.0869223102927208,0.038101959973573685,156.32999815764998,-0.13000184297561646,0.13000184297561646,0.8123117388380614
job_000004,Bulgaria,38,38,1.9,9,0.4075667940908008,9,0.12565667785647025,0.4553603687772045,0.5332564153789002,0.3943980038340099,0.24461163349559023,0.2222222222222222,0,,,,,,15772,0.22670291364192963,0.7399667501449585,-0.1450905054807663,0.12740036845207214,138.71443574703414,-1.0308905839920044,1.0308905839920044,0.8517127176859455
job_000004,Bulgaria,39,39,1.95,10,0.36011498272418974,10,0.12483943956320571,0.4617256671190262,0.526048720324481,0.3801070594023017,0.2297294267646573,0.2,0,,,,,,15547,0.11914336681365967,0.4912945330142975,-0.05515984073281288,0.08919315785169601,121.73394393602756,-0.4655308127403259,0.4655308127403259,0.880212498404281
job_000004,Bulgaria,40,40,2.0,10,0.3799396350979805,10,0.12275015349828713,0.45949855297803877,0.5283054125750508,0.3814908878355854,0.23209329337734266,0.2,0,,,,,,15305,0.10059820115566254,0.40419286489486694,-0.059593334794044495,0.05083588883280754,139.53427769411635,-0.5766132473945618,0.5766132473945618,0.7786462301799291
job_000004,Bulgaria,41,41,2.05,9,0.3923332790533702,9,0.11085380032541411,0.48951055153652473,0.4940779234646768,0.3736218812505265,0.2531376173470599,0.2222222222222222,0,,,,,,13920,0.08124666661024094,0.3703959286212921,-0.07447461783885956,0.009464078582823277,172.75779008704134,-0.4116082489490509,0.4116082489490509,0.9240200282513853
job_000004,Bulgaria,42,42,2.1,9,0.3557380967670017,9,0.10809552173541732,0.4857441729969448,0.49671058497801723,0.37694071346774655,0.25011400498915587,0.2222222222222222,0,,,,,,13566,0.15637364983558655,0.7043624520301819,-0.13682928681373596,0.05823234096169472,156.946177454456,-0.6826483011245728,0.6826483011245728,0.9509612180364378
job_000004,Bulgaria,43,43,2.15,9,0.4107503890991211,9,0.10926766584434203,0.4835743241839939,0.49692529592003837,0.3779851265470187,0.2477036321399439,0.2222222222222222,0,,,,,,13656,0.07274612039327621,0.3554639220237732,-0.05626499280333519,0.040015965700149536,144.57935758193608,-0.5049470067024231,0.5049470067024231,0.9491043534879676
job_000004,Bulgaria,44,44,2.2,9,0.3935701333814197,9,0.10578574870158264,0.4829254534509447,0.4973050474629971,0.37930103222613354,0.24718493756670595,0.2222222222222222,0,,,,,,13193,0.0688011646270752,0.32946309447288513,-0.049838434904813766,0.04322857782244682,139.0624712040682,-0.1062779501080513,0.1062779501080513,0.9589093825651451
job_000004,Bulgaria,45,45,2.25,10,0.3779904007911682,10,0.13043229918677338,0.5112415820360183,0.5299290664107712,0.3839571194634654,0.20429830146176803,0.2,0,,,,,,13205,0.07008148729801178,0.3394128680229187,-0.04459341615438461,0.05016903579235077,131.63272123272827,-0.19374236464500427,0.19374236464500427,0.9577858661140445
job_000004,Bulgaria,46,46,2.3,9,0.4435269302792019,9,0.10419319840883513,0.47939053056416686,0.5010964970529816,0.38370692878892604,0.24921722183779105,0.2222222222222222,0,,,,,,12856,0.08851202577352524,0.4468719959259033,-0.06026309356093407,0.055522628128528595,137.34447781418334,-0.28861182928085327,0.28861182928085327,0.9257663932356621
job_000004,Bulgaria,47,47,2.35,9,0.41125448048114777,9,0.10413481807167457,0.47861578619038614,0.5014280550764422,0.38416464185663607,0.2488744577300673,0.2222222222222222,0,,,,,,12929,0.023772019892930984,0.1294654756784439,-0.02046123333275318,0.003550619352608919,170.15554710070177,-0.12201152741909027,0.12201152741909027,0.8735907350049851
job_000004,Bulgaria,48,48,2.4,9,0.39149985048506,9,0.103357203468701,0.47788854815341814,0.5015185462103949,0.3846958368404956,0.24835014309082354,0.2222222222222222,0,,,,,,12763,0.021502261981368065,0.11049744486808777,-0.017728300765156746,-0.0004438150499481708,-178.5659415758822,-0.11106130480766296,0.11106130480766296,0.8247437038516919
job_000004,Bulgaria,49,49,2.45,8,0.4062318988144398,8,0.08610433601011647,0.5008749246597289,0.4499018907546997,0.3713683821960784,0.24399238218626162,0.25,0,,,,,,10532,0.0027352450415492058,0.00804007239639759,0.000743277370929718,-0.0012621883070096374,-59.50702242721491,-0.01648242212831974,0.01648242212831974,0.5355205914303014
job_000004,Bulgaria,50,50,2.5,7,0.45953682490757536,7,0.07043244952691431,0.4773298939069113,0.4274057913078833,0.3863863780857963,0.28162203778566713,0.2857142857142857,0,,,,,,8221,0.004699346609413624,0.01165990624576807,0.0007321131997741759,-0.0025306190364062786,-73.86473680124301,-0.02676614746451378,0.02676614746451378,0.5605869184303481
job_000004,Bulgaria,51,51,2.55,8,0.39380588941276073,8,0.09330989991627699,0.515279929464062,0.4729562759399414,0.3939952735220302,0.19069011391885865,0.25,0,,,,,,7937,0.0034835299011319876,0.009847095236182213,0.0007247875328175724,-0.0002603466564323753,-19.75849654333978,-0.033178552985191345,0.033178552985191345,0.2210769420831104
job_000004,Bulgaria,52,52,2.6,7,0.4081912211009434,7,0.06924887277571232,0.47775444374198006,0.42754856493107224,0.3867592709269498,0.2819947019071088,0.2857142857142857,0,,,,,,8166,0.003197459038347006,0.009533300995826721,0.0007356435526162386,-0.00037569378037005663,-27.05343921485261,-0.02870936505496502,0.02870936505496502,0.2583379368852118
job_000004,Bulgaria,53,53,2.65,7,0.43391486363751547,7,0.0708636471736796,0.4773243092355274,0.42737939874961894,0.38625087672075276,0.2818410396288874,0.2857142857142857,0,,,,,,8396,0.0030896204989403486,0.008292177692055702,-0.00031186273554340005,-0.0010822619078680873,-106.07477464683716,-0.010991804301738739,0.010991804301738739,0.3645427962260257
job_000004,Bulgaria,54,54,2.7,7,0.40644471773079466,7,0.06682026750400595,0.4781475508496875,0.4271094347434069,0.386751046868135,0.28211976904717073,0.2857142857142857,0,,,,,,7838,0.006676335819065571,0.016925087198615074,-0.001871177344582975,-0.00208765990100801,-131.86999114238986,0.010664609260857105,0.0,0.4199163998335066
job_000004,Bulgaria,55,55,2.75,7,0.409133364047323,7,0.06582318262487295,0.4783946201914833,0.4267027577395162,0.38697201395030284,0.2821706527942368,0.2857142857142857,0,,,,,,7685,0.004572118166834116,0.011670226231217384,0.000308473187033087,-0.0023599311243742704,-82.55293026916925,0.0028519604820758104,0.0,0.5205478829920878
job_000004,Bulgaria,56,56,2.8,7,0.41931729444435667,7,0.07505005140448792,0.4776041990234738,0.44309901282900854,0.38820920176036583,0.27889549397030733,0.2857142857142857,0,,,,,,8952,0.004342909902334213,0.011183148249983788,-0.001269849599339068,-0.0008769991109147668,-145.36978974407586,-0.007181860506534576,0.007181860506534576,0.35535115776351206
job_000004,Bulgaria,57,57,2.85,7,0.4233557177441461,7,0.07285844332227813,0.4779697747457595,0.4433479965048492,0.3885941956637375,0.27915923694818695,0.2857142857142857,0,,,,,,8653,0.005939798895269632,0.01408737525343895,-0.0024503564927726984,-0.0015124125638976693,-148.3162257740102,-0.03209324926137924,0.03209324926137924,0.4847841853557974
job_000004,Bulgaria,58,58,2.9,6,0.4269496624668439,6,0.05936068759939432,0.46897331890132693,0.42979274384769384,0.4179238928819829,0.3342619892635044,0.3333333333333333,0,,,,,,6831,0.01097142044454813,0.025179684162139893,-0.004208073485642672,-0.001680311281234026,-158.23285050484114,-0.04875398054718971,0.04875398054718971,0.4129958304959893
job_000004,Bulgaria,59,59,2.95,5,0.4933939099311829,5,0.0493763189542623,0.4804897709687551,0.4196470514933267,0.45675532049707085,0.46160015118544917,0.2,0,,,,,,6738,0.005936165805906057,0.013559926301240921,-0.0013850275427103043,-0.0021838394459336996,-122.38355447520549,0.02159491367638111,0.0,0.4356366869225016
job_000004,Bulgaria,60,60,3.0,7,0.357527494430542,7,0.0769026996826829,0.5133695595321202,0.4618360468950221,0.39723734687336715,0.29533648018641995,0.2857142857142857,0,,,,,,10485,0.007103098090738058,0.01449981052428484,-0.0008658547885715961,-0.0022498653270304203,-111.04908981777706,-0.013107108883559704,0.013107108883559704,0.33939074060077945
job_000004,Bulgaria,61,61,3.05,6,0.355780728161335,6,0.05904381972842479,0.48842309266328804,0.43802194183255416,0.4192739261105357,0.34663185177502037,0.16666666666666666,0,,,,,,8162,0.007453579921275377,0.018173903226852417,-0.0013682411517947912,-0.0025143749080598354,-118.55359647567353,0.021095290780067444,0.0,0.3840497091639508
job_000004,Bulgaria,62,62,3.1,6,0.41201356301705044,6,0.05716488351278623,0.5459488264388508,0.47503643035888676,0.4590878297205446,0.33492717129236693,0.3333333333333333,0,,,,,,7904,0.008237490430474281,0.01832456886768341,-0.0011794260935857892,-0.000584303867071867,-153.64555387893893,0.027296030893921852,0.0,0.15978510738360366
job_000004,Bulgaria,63,63,3.15,6,0.39206410199403763,6,0.07416334344468649,0.5443491379419962,0.4867101533913318,0.4655267930628581,0.3324546118964786,0.3333333333333333,0,,,,,,9593,0.002809655386954546,0.008747456595301628,-2.765528734016698e-05,0.0001688794291112572,99.30007277125442,0.011215660721063614,0.0,0.06090740910951129
job_000004,Bulgaria,64,64,3.2,6,0.39512135088443756,6,0.07424711383432346,0.5443904613455137,0.4869201006712736,0.4659158346349325,0.3325222957585308,0.3333333333333333,0,,,,,,9697,0.002935683121904731,0.009367579594254494,-0.00038341249455697834,-0.0001729048090055585,-155.72639189019037,0.004342121537774801,0.0,0.14327031991352335
job_000004,Bulgaria,65,65,3.25,6,0.41409379492203396,6,0.057058364799418955,0.5458032606376543,0.4752721656987697,0.45921845446431336,0.3347495791641882,0.3333333333333333,0,,,,,,7764,0.004177512135356665,0.012070691213011742,-0.0015193739673122764,0.0004422186757437885,163.77219328125997,-0.011039337143301964,0.011039337143301964,0.37879494769461386
job_000004,Bulgaria,66,66,3.3,7,0.3968160961355482,7,0.07971497769938152,0.517611163854599,0.47928308557581023,0.4369618125506033,0.2517010268779781,0.2857142857142857,0,,,,,,10432,0.0069466279819607735,0.02164604142308235,-0.000539459811989218,0.0016436083242297173,108.17070324387353,-0.008527842350304127,0.008527842350304127,0.2490236037862507
job_000004,Bulgaria,67,67,3.35,7,0.3946309770856585,7,0.07816437795705365,0.5221148407175427,0.48621272132510235,0.43473945400036645,0.24371066535757294,0.2857142857142857,0,,,,,,9799,0.003162881126627326,0.009609519504010677,-0.0003893652465194464,-0.0004079793579876423,-133.6626656325509,0.0011269383830949664,0.0,0.17830622444779978
job_000004,Bulgaria,68,68,3.4,6,0.4148455907901128,6,0.07431659963577984,0.5438125388489828,0.4879508972167969,0.4662822976280911,0.3327325853800876,0.3333333333333333,0,,,,,,9681,0.003076924243941903,0.008446461521089077,-0.00044936215272173285,-0.000988647690974176,-114.44284232802963,-0.0042123133316636086,0.0042123133316636086,0.35294307296656036
job_000004,Bulgaria,69,69,3.45,6,0.41365575790405273,6,0.07467210589170455,0.5432925408085187,0.4881109484919795,0.46641852054963934,0.3319854349841032,0.3333333333333333,0,,,,,,9698,0.0035005751997232437,0.010565019212663174,-0.0006143284263089299,-0.0009267425048165023,-123.54000361172764,0.005609071347862482,0.0,0.31762445388241706
job_000004,Bulgaria,70,70,3.5,5,0.441214919090271,5,0.0482184319623314,0.47932789584000907,0.42171766563698093,0.458321891968857,0.4625813860483035,0.2,0,,,,,,6503,0.006824275944381952,0.022207845002412796,-0.002153970766812563,-0.0008546175085939467,-158.35861672989455,0.040206968784332275,0.0,0.3395697480108056
job_000004,Bulgaria,71,71,3.55,6,0.40859787662823993,6,0.06430089909286818,0.5099368593759007,0.45277470600457836,0.42957445418421053,0.3615350377005482,0.16666666666666666,0,,,,,,8666,0.003595903981477022,0.011758072301745415,-0.0013199974782764912,0.0009862020378932357,143.23570218665287,0.034412287175655365,0.0,0.4582219137127433
job_000004,Bulgaria,72,72,3.6,6,0.39295874039332074,6,0.058748570717231455,0.46658094939258365,0.4313937375574935,0.4192960596392009,0.335347241612219,0.3333333333333333,0,,,,,,6773,0.00670894468203187,0.016567768529057503,-0.002370398724451661,-9.63970014709048e-05,-177.67123582618026,0.019604230299592018,0.0,0.3536112034778111
job_000004,Bulgaria,73,73,3.65,7,0.3752438596316746,7,0.07627896027949635,0.49455448020072207,0.4564776476098116,0.3991315136947794,0.26831840750789604,0.2857142857142857,0,,,,,,9086,0.004496307577937841,0.015593474730849266,-0.0021943224128335714,0.0017428556457161903,141.54139927935472,0.014414732344448566,0.0,0.6232332755229443
job_000004,Bulgaria,74,74,3.7,7,0.3507728363786425,7,0.0860587309310479,0.5095553271827243,0.4837771859749284,0.4225484904110175,0.21926376105325068,0.2857142857142857,0,,,,,,7337,0.01181352511048317,0.04220191761851311,-0.005909411236643791,0.003759813727810979,147.53378153611698,-0.05324744060635567,0.05324744060635567,0.5928877690687467
job_000004,Bulgaria,75,75,3.75,9,0.3555549763970905,9,0.11146687293471856,0.4635863818504191,0.5263731748478893,0.4079897394495181,0.19582717599618948,0.3333333333333333,0,,,,,,10361,0.015607577748596668,0.051709506660699844,0.0010707005858421326,-0.005293191876262426,-78.56457796876454,-0.11453632265329361,0.11453632265329361,0.3460111727272478
job_000004,Bulgaria,76,76,3.8,8,0.37501297146081924,8,0.09213372842965215,0.47475267797708515,0.45384048885769324,0.37516599446851334,0.23489110873767893,0.375,0,,,,,,10801,0.010777260176837444,0.027704939246177673,0.00012783899728674442,0.00047296943375840783,74.87492916748668,-0.026451848447322845,0.026451848447322845,0.04546069386599562
job_000004,Bulgaria,77,77,3.85,7,0.3674867068018232,7,0.07397291662450414,0.44871089188825525,0.43222728103556957,0.3900035608394562,0.28712450923493227,0.42857142857142855,0,,,,,,8552,0.010907218791544437,0.02637704275548458,0.0016179276863113046,0.0019756879191845655,50.68531360833839,-0.05406267195940018,0.05406267195940018,0.23412304605187229
job_000004,Bulgaria,78,78,3.9,7,0.38003660312720705,7,0.07166730677091497,0.5164132619187946,0.4674228188852784,0.42925421466624,0.25220046275665764,0.2857142857142857,0,,,,,,9549,0.016084866598248482,0.03673389554023743,0.0025945778470486403,0.000848734169267118,18.113873337767384,-0.10840300470590591,0.10840300470590591,0.16971659822711624
job_000004,Bulgaria,79,79,3.95,7,0.37051871844700407,7,0.07379513561413596,0.5156040178877966,0.4745438848223005,0.43270566832848983,0.25861876196722217,0.2857142857142857,0,,,,,,9731,0.00833132117986679,0.02484053187072277,0.0010930493008345366,0.004594574682414532,76.61808909646362,-0.03534207493066788,0.03534207493066788,0.5668733012424879
job_000004,Bulgaria,80,80,4.0,6,0.3390529577930768,6,0.0716499313079732,0.3820310534702407,0.505734266469508,0.32695917676213676,0.23802593546268033,0.3333333333333333,0,,,,,,9694,0.010040251538157463,0.026073435321450233,0.0016646110452711582,0.006083431653678417,74.69673627413836,-0.012247622013092041,0.012247622013092041,0.6281780004236968
job_000004,Bulgaria,81,81,4.05,7,0.29290930926799774,7,0.08959176727183635,0.41573702593644457,0.532021920138566,0.32193300545290654,0.21767822175134072,0.2857142857142857,0,,,,,,12153,0.02120882086455822,0.062017641961574554,0.0037615213077515364,0.01425988506525755,75.22292339801005,0.011319229379296303,0.0,0.6953548401332138
job_000004,Bulgaria,82,82,4.1,7,0.2986720757825034,7,0.1071980324376843,0.3985924090657916,0.6140267609288453,0.38044056709847884,0.1757988839704952,0.2857142857142857,0,,,,,,11080,0.01687736064195633,0.05486601963639259,-0.0011010521557182074,0.005365896504372358,101.59581738649354,-0.003216102486476302,0.003216102486476302,0.3245588464299374
job_000004,Bulgaria,83,83,4.15,8,0.3554675914347172,8,0.12370958826915425,0.42971893151601154,0.6147960035889236,0.36609528846162964,0.1823569994241073,0.25,0,,,,,,13160,0.017604263499379158,0.06509606540203094,-0.00753467483446002,0.008695021271705627,130.91058132855207,0.007145536597818136,0.0,0.653558799635367
job_000004,Bulgaria,84,84,4.2,8,0.36448108218610287,8,0.1030304797879642,0.45891005943218866,0.548316541424504,0.32910623226572633,0.18370343418964394,0.25,0,,,,,,12193,0.01725674793124199,0.06448777765035629,-0.006352258380502462,0.006359894294291735,134.965583674817,0.03912220150232315,0.0,0.5208890468409152
job_000004,Bulgaria,85,85,4.25,8,0.3705718591809273,8,0.10603802270804284,0.4317272156476974,0.5888442114547447,0.35839341838001326,0.20560475659134686,0.25,0,,,,,,13747,0.024500874802470207,0.08381631970405579,-0.01161750964820385,0.011699383147060871,134.79881596143358,0.1014472022652626,0.0,0.6729406515414618
job_000004,Bulgaria,86,86,4.3,7,0.39265979187829153,7,0.10191091854473837,0.4089584916830062,0.5724223676812713,0.3372608625609103,0.2254528912300446,0.2857142857142857,0,,,,,,13532,0.05690550059080124,0.13867387175559998,-0.010927015915513039,0.032752782106399536,108.44978141417701,0.23189932107925415,0.0,0.6067505597829054
job_000004,Bulgaria,87,87,4.35,7,0.4047117361000606,7,0.10053834861529413,0.4087420899243582,0.5708495896960062,0.3363256840917385,0.22424884346272206,0.2857142857142857,0,,,,,,13315,0.02236090414226055,0.05160197988152504,-0.003246003994718194,0.011985610239207745,105.15362812015637,0.002846015617251396,0.0,0.5553166672643769
job_000004,Bulgaria,88,88,4.4,6,0.4189296265443166,6,0.09003587844133192,0.36701752675904165,0.6017570995990141,0.37990842064296926,0.28611370003561726,0.16666666666666666,0,,,,,,12135,0.02557559311389923,0.04690674692392349,-0.009020227938890457,-0.013448082841932774,-123.85151682697484,-0.17158307135105133,0.17158307135105133,0.6331453472028253
job_000004,Bulgaria,89,89,4.45,6,0.4440153216322263,6,0.08757086567766371,0.41256920099258415,0.5628849265016155,0.3617248929809062,0.26131091697091324,0.3333333333333333,0,,,,,,11669,0.009217286482453346,0.025984929874539375,-0.002942460123449564,-0.0005522581050172448,-169.37005875197156,-0.019904594868421555,0.019904594868421555,0.32480677557201115
job_000004,Bulgaria,90,90,4.5,6,0.4402320881684621,6,0.0847801845433064,0.41294465329911967,0.5620413744891132,0.36103164299207935,0.2600856240839052,0.3333333333333333,0,,,,,,11284,0.015487608499825,0.03428933769464493,-0.00461491197347641,-0.0020833085291087627,-155.7041678364899,-0.09943259507417679,0.09943259507417679,0.326929576028268
job_000004,Bulgaria,91,91,4.55,8,0.3807153180241585,8,0.08735176434950281,0.32837238361438115,0.5644682804743448,0.3041264076998981,0.11142125359999255,0.25,0,,,,,,8719,0.01716209575533867,0.056564491242170334,-0.002255659084767103,0.0024482181761413813,132.65583454424416,0.05964723974466324,0.0,0.19396985813805226
job_000004,Bulgaria,92,92,4.6,8,0.4035409241914749,8,0.11067841474904835,0.4079082508881887,0.5901281387717636,0.3430783396031062,0.17763503705686123,0.25,0,,,,,,13203,0.012630186043679714,0.029345829039812088,2.067312743747607e-05,0.004358755424618721,89.72825406462188,-0.012545001693069935,0.012545001693069935,0.34511007474667127
job_000004,Bulgaria,93,93,4.65,8,0.42166596092283726,8,0.09083582447508529,0.32844094795485335,0.5671674587108471,0.3046396772072263,0.11052434569017269,0.25,0,,,,,,8942,0.014296432957053185,0.035358451306819916,-0.0005272193811833858,0.004699015058577061,96.40169053639944,-0.040864162147045135,0.040864162147045135,0.3307467684133651
job_000004,Bulgaria,94,94,4.7,7,0.4487046492951257,7,0.09068755321056089,0.5407121272314163,0.5747603159102183,0.3516063997406958,0.24535139841903558,0.2857142857142857,0,,,,,,12239,0.01588134653866291,0.04162878170609474,-0.0044518704526126385,0.0017436002381145954,158.61192418326934,-0.05103563517332077,0.05103563517332077,0.3010537687296692
job_000004,Bulgaria,95,95,4.75,8,0.4085083343088627,8,0.10620341212589855,0.49132848630348847,0.5900504933463204,0.3561493151613265,0.24176692663647198,0.25,0,,,,,,14259,0.008562212809920311,0.022938765585422516,-0.0011809682473540306,-0.0003235038020648062,-164.68070767426025,0.018706250935792923,0.0,0.14300925654049307
job_000004,Bulgaria,96,96,4.8,6,0.4628268281618754,6,0.09230713887245746,0.4280542380279965,0.6585401252464013,0.2715294758873664,0.1844267879944663,0.16666666666666666,0,,,,,,12308,0.012234082445502281,0.03280305862426758,-0.002917386358603835,-0.0017529126489534974,-149.0004318049133,0.024026919156312943,0.0,0.27819862761019903
job_000004,Bulgaria,97,97,4.85,8,0.4320160951465368,8,0.11460936941527046,0.38825560907522844,0.666806627202917,0.25186800205267196,0.131533276582208,0.25,0,,,,,,13696,0.01329171285033226,0.03945475071668625,-0.0037435099948197603,-0.0022448261734098196,-149.0506487013863,-0.02692655846476555,0.02692655846476555,0.328399135829469
job_000004,Bulgaria,98,98,4.9,6,0.4485776200890541,6,0.0633733071715849,0.40519170098834567,0.601536018465772,0.2609892555608513,0.09473346495735768,0.3333333333333333,0,,,,,,7945,0.036228884011507034,0.10683583468198776,-0.0064643798395991325,-0.009001176804304123,-125.68479323528686,0.1580444872379303,0.0,0.30588686735357196
job_000004,Bulgaria,99,99,4.95,7,0.4217211391244616,7,0.10141980882862513,0.49651526269458585,0.668653229809312,0.26893536674111923,0.1625315674502301,0.2857142857142857,0,,,,,,13545,0.009309477172791958,0.02328343503177166,-0.005120770540088415,-0.0017539390828460455,-161.09291517422042,0.01622692681849003,0.0,0.5814308788990332
job_000004,Bulgaria,100,100,5.0,4,0.5354721546173096,4,0.05096162081056168,0.5433358907699586,0.5889350220009133,0.2217442334162046,0.16066940996840137,0.25,0,,,,,,6793,0.005599174648523331,0.014991345815360546,-0.0010428933892399073,-0.00036729357088916004,-160.59839517406266,0.07036538422107697,0.0,0.1974721977140542
job_000004,Bulgaria,101,101,5.05,6,0.445914958914121,6,0.0764129214893937,0.42800434430440265,0.6659982610631873,0.27519447271871106,0.1808515366476009,0.16666666666666666,0,,,,,,10204,0.007633926812559366,0.023911241441965103,-0.0017436083871871233,-0.0017186087789013982,-135.41370806117905,0.08114121854305267,0.0,0.32070271524438937
job_000004,Bulgaria,102,102,5.1,6,0.4922291884819667,6,0.07755275915692672,0.42630208399560715,0.6641049161369418,0.27446004330404344,0.18308514443704446,0.16666666666666666,0,,,,,,10373,0.018466603010892868,0.05256245285272598,-0.002618558006361127,0.00010376836871728301,177.7306669329897,0.1720956563949585,0.0,0.14191095502051368
job_000004,Bulgaria,103,103,5.15,5,0.49997699856758115,5,0.05421926597789732,0.35518042882283535,0.6376800367567274,0.23684549648643544,0.17789661479246427,0.2,0,,,,,,7270,0.00860842876136303,0.021557271480560303,0.0002748527331277728,0.0021704784594476223,82.78291575933495,0.056713346391916275,0.0,0.2541476415973768
job_000004,Bulgaria,104,104,5.2,6,0.4634496023257573,6,0.07817232427733364,0.4261658463213179,0.664107718291106,0.2749954979106352,0.18597631692593894,0.16666666666666666,0,,,,,,10549,0.00847506895661354,0.018548406660556793,-0.0009298241348005831,0.001884926576167345,116.25687548244237,0.0499429926276207,0.0,0.2479967998564423
job_000004,Bulgaria,105,105,5.25,6,0.46524839103221893,6,0.08339818901279177,0.4270438406202528,0.6781399856379001,0.2846792051339746,0.2010891117444774,0.16666666666666666,0,,,,,,11175,0.00889724399894476,0.018752047792077065,0.0018687450792640448,0.0024186004884541035,52.3083328239422,-0.003734712488949299,0.003734712488949299,0.3435268048377956
job_000004,Bulgaria,106,106,5.3,5,0.4807361900806427,5,0.07828634712005388,0.5922758992513021,0.6473453267415364,0.24893343571102225,0.11334521382495374,0.4,0,,,,,,8258,0.011446892283856869,0.040688663721084595,-0.002035164274275303,-0.002351453062146902,-130.87593257778815,-0.07439527660608292,0.07439527660608292,0.2716771735804854
job_000004,Bulgaria,107,107,5.35,6,0.41941820333401364,6,0.08400860708371455,0.6396130482355754,0.659294561692226,0.25201726400809615,0.11568034258841603,0.3333333333333333,0,,,,,,9170,0.004563870374113321,0.014880775474011898,-0.0015043322928249836,0.0002564452588558197,170.325719953225,-0.0032652062363922596,0.0032652062363922596,0.33437277812879973
job_000004,Bulgaria,108,108,5.4,7,0.4190875824008669,7,0.09271678396680288,0.3746092465661821,0.6071885931428778,0.3662886982718515,0.22472504439456156,0.14285714285714285,0,,,,,,12523,0.01608377881348133,0.03916383162140846,0.000648109067697078,0.011736787855625153,86.83931926938924,-0.06958601623773575,0.06958601623773575,0.7308399825288554
job_000004,Bulgaria,109,109,5.45,7,0.4395719234432493,7,0.09048665261127552,0.37412773839065006,0.6082857439757655,0.3670375061558895,0.22202726726320282,0.14285714285714285,0,,,,,,12214,0.01222141832113266,0.03689279034733772,0.0005854389746673405,0.00898693036288023,86.27282588224155,-0.029284067451953888,0.029284067451953888,0.736901288711022
job_000004,Bulgaria,110,110,5.5,6,0.4447680090864499,6,0.07246088336128453,0.39347760611110266,0.5570078626091098,0.36792049317388725,0.26767533271729554,0.16666666666666666,0,,,,,,9726,0.04547501355409622,0.19898852705955505,0.0068365428596735,0.04204665869474411,80.76485539188518,0.20682500302791595,0.0,0.9367523151584636
job_000004,Bulgaria,111,111,5.55,6,0.4572259411215782,6,0.07234901435225,0.3937263444066048,0.5585800323957278,0.3687100949930002,0.26858458779326194,0.16666666666666666,0,,,,,,9754,0.022708028554916382,0.08302032202482224,0.005134261213243008,0.01992052234709263,75.54728594368335,-0.043967921286821365,0.043967921286821365,0.9059143996071137
job_000004,Bulgaria,112,112,5.6,7,0.3999896028212139,7,0.09462616755695973,0.3756132442326772,0.6128662139650375,0.3685547856438121,0.21307788841864275,0.14285714285714285,0,,,,,,12780,0.03295142576098442,0.1283222883939743,-0.0015972733963280916,0.023892059922218323,93.82474539130476,-0.0662846788764,0.0662846788764,0.7266875920884353
job_000004,Bulgaria,113,113,5.65,8,0.4027854707092047,8,0.07232106268655271,0.4067915367583434,0.5711471959396646,0.35682792972219624,0.19449604104370954,0.125,0,,,,,,9836,0.03342263028025627,0.13007166981697083,-0.0013994235778227448,0.026356477290391922,93.03932284439345,0.04121334105730057,0.0,0.7896925771587607
job_000004,Bulgaria,114,114,5.7,8,0.41392489336431026,8,0.08154347705285939,0.486553838973244,0.562886835027624,0.3551744597561955,0.20991651746802922,0.125,0,,,,,,10918,0.016232948750257492,0.03844194486737251,-0.00532573601230979,0.008775271475315094,121.25367701477965,0.0033479835838079453,0.0,0.6323517282594081
job_000004,Bulgaria,115,115,5.75,7,0.4456081475530352,7,0.07870814393045428,0.5475910867963518,0.6306527334546285,0.27655680959867956,0.17354504696929504,0.14285714285714285,0,,,,,,10588,0.006032946053892374,0.0175679549574852,-0.0015671192668378353,-8.762747165746987e-05,-176.79956619201894,-0.02275862731039524,0.02275862731039524,0.26016596895058675
job_000004,Bulgaria,116,116,5.8,8,0.4290977083146572,8,0.08991818823033144,0.4978854179382324,0.6631037288241917,0.3017784315279243,0.12015922896531217,0.25,0,,,,,,12162,0.026444459334015846,0.06591315567493439,0.0055793882347643375,0.019444547593593597,73.98977949177046,-0.008355924859642982,0.008355924859642982,0.7649688232613256
job_000004,Bulgaria,117,117,5.85,6,0.44991765171289444,6,0.06595542749339524,0.5959744585884942,0.5821673310833212,0.23201554648332628,0.1267812927636546,0.16666666666666666,0,,,,,,9034,0.01054522953927517,0.02489641308784485,-0.00247001345269382,0.0035599013790488243,124.75458496252038,0.028061335906386375,0.0,0.4108854849305876
job_000004,Bulgaria,118,118,5.9,6,0.4137824947635333,6,0.059137483482435985,0.4278026888767878,0.5459768601405767,0.36762324347641223,0.26364270243744065,0.16666666666666666,0,,,,,,7923,0.03508191183209419,0.09861650317907333,0.01112799160182476,0.019250139594078064,59.968940032004696,-0.05521630123257637,0.05521630123257637,0.6338055089279951
job_000004,Bulgaria,119,119,5.95,5,0.48001334071159363,5,0.05578700775216888,0.33792267302672063,0.5098123183073822,0.3256057853144808,0.2619157823319918,0.2,0,,,,,,7492,0.03184831142425537,0.09195523709058762,-0.004720894619822502,0.02571520395576954,100.4027407061707,0.3170430362224579,0.0,0.8209211634570516
job_000004,Bulgaria,120,120,6.0,5,0.5076427191495896,5,0.05636095814008095,0.3380340188741684,0.5098238019590025,0.32539839917838626,0.26167578159520577,0.2,0,,,,,,7525,0.02397206798195839,0.053750019520521164,-0.0009217406040988863,0.018243832513689995,92.8923187591255,0.19435331225395203,0.0,0.7620161275073151
job_000004,Bulgaria,121,121,6.05,5,0.48143438398838045,5,0.056867717334469346,0.3387537038326263,0.509583275406449,0.3253356689842079,0.26145476738049156,0.2,0,,,,,,7673,0.012285423465073109,0.031211158260703087,0.0006421257276087999,0.007279376499354839,84.95889383515716,0.09097885340452194,0.0,0.5948222395636552
job_000004,Bulgaria,122,122,6.1,9,0.41525739596949685,9,0.09974644946748783,0.5188439942068525,0.5871253512033219,0.3526260395540717,0.17635033648501983,0.2222222222222222,0,,,,,,12150,0.016082696616649628,0.020685655996203423,0.0011858307989314198,0.006583716720342636,79.78960488026866,-0.02706252411007881,0.02706252411007881,0.415953735180282
job_000004,Bulgaria,123,123,6.15,8,0.40201942808926105,8,0.07864949510986871,0.5524666429807742,0.5471434191421226,0.33971618977406265,0.1445943668020862,0.25,0,,,,,,9437,0.0026460145600140095,0.006934433709830046,-0.0004945368855260313,0.0008216639398597181,121.04257612900814,0.00036912865471094847,0.0,0.3624352889724027
job_000004,Bulgaria,124,124,6.2,8,0.4420888274908066,8,0.1059063479041707,0.395065692315499,0.5571455121040344,0.32828986536667076,0.21300858530617472,0.125,0,,,,,,14220,0.0074572996236383915,0.012272563762962818,-0.0011913718190044165,-0.002835741965100169,-112.78859183534401,-0.06189526617527008,0.06189526617527008,0.41246046026951594
job_000004,Bulgaria,125,125,6.25,7,0.46634427990232197,7,0.08701322959983597,0.5216588684490749,0.6069946793652086,0.25831318937951253,0.129705331088897,0.2857142857142857,0,,,,,,10411,0.007385768461972475,0.01704227924346924,-0.0003456702979747206,-0.0012126729125156999,-105.91010902128238,-0.02780861034989357,0.02780861034989357,0.17073067289007732
job_000004,Bulgaria,126,126,6.3,9,0.39492133259773254,9,0.11500531218835117,0.43883992930253346,0.5820278230517979,0.341127735305796,0.1715024326915259,0.2222222222222222,0,,,,,,14010,0.01215363573282957,0.027067191898822784,-0.0011382001684978604,0.0004072559531778097,160.31243659186225,-0.03906754031777382,0.03906754031777382,0.09946538127138288
job_000004,Bulgaria,127,127,6.35,8,0.46911490336060524,8,0.1020265738756412,0.3948482811450958,0.556159993895778,0.327260663006775,0.213010397387582,0.125,0,,,,,,13811,0.004698288626968861,0.011843479238450527,0.00012543339107651263,-0.00045215999125503004,-74.4954902304144,-0.0021641571074724197,0.0021641571074724197,0.09987376079732906
job_000004,Bulgaria,128,128,6.4,9,0.4196756001975801,9,0.11699842448024199,0.4520299584777267,0.6449043148339041,0.27819286459099396,0.0966771290537495,0.2222222222222222,0,,,,,,12950,0.004985947161912918,0.014279674738645554,0.00011548627662705258,-0.00026586721651256084,-66.52104152343662,-0.05169302597641945,0.05169302597641945,0.05813665182642952
job_000004,Bulgaria,129,129,6.45,6,0.5233858128388723,6,0.0878292798927928,0.5340726799435086,0.6728232324859241,0.2671426832420518,0.15024458835355173,0.3333333333333333,0,,,,,,10485,0.0033303070813417435,0.010116049088537693,-0.0004491708823479712,0.00042384761036373675,136.66148815972107,-0.009954501874744892,0.009954501874744892,0.18544144013243116
job_000004,Bulgaria,130,130,6.5,10,0.4228503853082657,10,0.11776641980087416,0.43377666423718136,0.5923887867397731,0.3249030184861016,0.17202019704547894,0.2,0,,,,,,14376,0.014026875607669353,0.030788064002990723,-0.0003783892607316375,-0.00042084409506060183,-131.95933761720397,-0.06193186342716217,0.06193186342716217,0.040346838840023325
job_000004,Bulgaria,131,131,6.55,10,0.4329154834151268,10,0.12474517690464168,0.4340853778521219,0.6024343744913738,0.32095232294071663,0.16210710911296905,0.2,0,,,,,,15431,0.0068834880366921425,0.019493412226438522,0.0007452148129232228,0.0005506426095962524,36.46086342787197,-0.02487066760659218,0.02487066760659218,0.13460923048984275
job_000004,Bulgaria,132,132,6.6,8,0.48361610248684883,8,0.10723586718187747,0.4886178294817607,0.6401264508565268,0.2725400309351226,0.13800380665231982,0.25,0,,,,,,12835,0.007039586082100868,0.017173195257782936,0.0004955893382430077,-0.0011205867631360888,-66.14216861614858,0.001242982572875917,0.0,0.17405640741176195
job_000004,Bulgaria,133,133,6.65,9,0.43088387615150875,9,0.11453760754407905,0.5259597473674351,0.610654900790242,0.34895374931233314,0.1957710909666363,0.2222222222222222,0,,,,,,13914,0.008593272417783737,0.028427645564079285,0.00036605336936190724,-0.000994236906990409,-69.78754452710335,-0.02724572643637657,0.02724572643637657,0.12329202926238551
job_000004,Bulgaria,134,134,6.7,7,0.4554291239806584,7,0.10177202192654981,0.5353875126157488,0.6924561515687004,0.2353252770957587,0.12810056336748218,0.2857142857142857,0,,,,,,12133,0.01262058224529028,0.0315079540014267,-0.003089610254392028,0.004086293280124664,127.09260419941562,-0.013381612487137318,0.013381612487137318,0.40591150045814034
job_000004,Bulgaria,135,135,6.75,8,0.4603367783129215,8,0.10817606105972376,0.5344629873832067,0.658898256443165,0.2374752369645587,0.12067410318004623,0.25,0,,,,,,12756,0.007974682375788689,0.02581096813082695,-0.0007263917941600084,0.003221471793949604,102.7068001794888,0.00946245901286602,0.0,0.41410445755796926
job_000004,Bulgaria,136,136,6.8,6,0.5441268260280291,6,0.0918287596621831,0.4394835518466102,0.5727406725471402,0.35198015256010023,0.265278165622902,0.3333333333333333,0,,,,,,12390,0.008701726794242859,0.02285967953503132,0.002297054510563612,0.0007548011490143836,18.190276392065485,0.022063810378313065,0.0,0.277863053302602
job_000004,Bulgaria,137,137,6.85,6,0.5275610735019048,6,0.0917978409907631,0.43971098628309035,0.5728442380457748,0.35241382779794994,0.26540763547248253,0.3333333333333333,0,,,,,,12407,0.009422389790415764,0.030188748612999916,0.0032298602163791656,0.0005305475206114352,9.328289540886374,-0.008204410783946514,0.008204410783946514,0.34737948610841757
job_000004,Bulgaria,138,138,6.9,8,0.4525985158979893,8,0.11021724993172273,0.4429507557302713,0.5688211290924637,0.31590322335262705,0.20933543754619033,0.25,0,,,,,,14700,0.03999517858028412,0.13438309729099274,0.005131978075951338,0.02719862386584282,79.31475755446274,-0.06360314786434174,0.06360314786434174,0.6920472606742548
job_000004,Bulgaria,139,139,6.95,6,0.4915093928575516,6,0.0857501461147726,0.5947308487362332,0.5551388516838167,0.35849507501402056,0.29170932086488977,0.16666666666666666,0,,,,,,11655,0.004951196722686291,0.014138530939817429,-0.0002734970476012677,0.000757089932449162,109.86214064478753,0.007651644293218851,0.0,0.162582037722927
job_000004,Bulgaria,140,140,7.0,5,0.5322027832269669,5,0.07835868240804515,0.5180952723821004,0.6496697093822338,0.25497327380679663,0.23869481410685517,0.2,0,,,,,,10529,0.005829832050949335,0.014672310091555119,-0.00165426020976156,0.001188446767628193,144.30593417616288,-0.001490801339969039,0.001490801339969039,0.34939345165992336
job_000004,Bulgaria,141,141,7.05,6,0.48324330647786456,6,0.09262427349314456,0.5658956421746147,0.6714154584908191,0.26083702130792075,0.17251832516021373,0.3333333333333333,0,,,,,,10613,0.006563200149685144,0.0158376507461071,-0.003199393395334482,0.001814872375689447,150.43570208469797,0.0011936303926631808,0.0,0.560442834868014
job_000004,Bulgaria,142,142,7.1,4,0.5732540711760521,4,0.056757758131284336,0.5223049581050873,0.7025878835607458,0.26071272302715603,0.2870449664888968,0.25,0,,,,,,7621,0.013430281542241573,0.0351966917514801,-0.006045261397957802,0.0029790985863655806,153.7659695581947,0.11573516577482224,0.0,0.5018101828801578
job_000004,Bulgaria,143,143,7.15,4,0.578020453453064,4,0.05614021175330071,0.522276618083318,0.7029789889300311,0.26110728215891155,0.2879138759779922,0.25,0,,,,,,7534,0.006791770923882723,0.019656797870993614,-0.0017342567443847656,0.0028819399885833263,121.03814618959355,0.03806460648775101,0.0,0.49523368190358147
job_000004,Bulgaria,144,144,7.2,4,0.5992555469274521,4,0.05556608280585396,0.5220126310984294,0.7030177293000398,0.2610317185886447,0.28715248081640565,0.25,0,,,,,,7413,0.007280612830072641,0.016284406185150146,-0.0038244689349085093,0.0019913790747523308,152.49426511984586,0.0033818359952419996,0.0,0.5922388712113106
job_000004,Bulgaria,145,145,7.25,5,0.5434397876262664,5,0.0722548118307626,0.5781353696187337,0.719190594708478,0.2613772854209524,0.18516822988866993,0.4,0,,,,,,7878,0.0069628991186618805,0.017658190801739693,-0.0031532812863588333,0.0018709966680034995,149.31726248642957,0.005748854484409094,0.0,0.5265881753094617
job_000004,Bulgaria,146,146,7.3,4,0.6919455379247665,4,0.05862833098660943,0.4134384751319885,0.7041795659948278,0.2061990985651124,0.21369240533870643,0.25,0,,,,,,7927,0.10430608689785004,0.3701678514480591,-0.02459336817264557,0.08930017054080963,105.3976163978248,-0.050497688353061676,0.050497688353061676,0.8880095708549718
job_000004,Bulgaria,147,147,7.35,6,0.4906657586495082,6,0.09982515987738382,0.5361956622865466,0.7302500736566236,0.24625888014645317,0.151891696981831,0.3333333333333333,0,,,,,,11892,0.029253749176859856,0.10733531415462494,-0.00995602272450924,0.014514611102640629,124.44743682293607,-0.07032930105924606,0.07032930105924606,0.6016675604138374
job_000004,Bulgaria,148,148,7.4,5,0.5808695375919342,5,0.08762644638969236,0.4837349001566569,0.7213976146556712,0.23644589272292368,0.20602200998904108,0.2,0,,,,,,11782,0.02247232384979725,0.06712982803583145,-0.008852418512105942,0.008500203490257263,136.16280199864815,-0.051323216408491135,0.051323216408491135,0.5461243837213516
job_000004,Bulgaria,149,149,7.45,6,0.5022912075122198,6,0.10490268035195725,0.5352498359150356,0.7312221715479721,0.24640898583856802,0.14628853497712643,0.3333333333333333,0,,,,,,12182,0.01862194575369358,0.05077480897307396,-0.007423277013003826,0.0037563121877610683,153.15976609775674,-0.06547471135854721,0.06547471135854721,0.4467605453679513
job_000004,Bulgaria,150,150,7.5,5,0.43884167075157166,5,0.10808936278209813,0.47806546529134114,0.7165492050736039,0.23583646679390377,0.2072910847251935,0.2,0,,,,,,14087,0.02570394240319729,0.07146572321653366,-0.009869302622973919,0.007666727527976036,142.1590223187265,-0.06954634934663773,0.06954634934663773,0.4862006503398786
job_000004,Bulgaria,151,151,7.55,7,0.3999134174415043,7,0.13360014187496957,0.5444717804590861,0.7106470885100188,0.23326955772592267,0.09912838802582792,0.2857142857142857,0,,,,,,14251,0.013015007600188255,0.039430227130651474,-0.005676234606653452,0.005396636202931404,136.446454611565,-0.03908376395702362,0.03908376395702362,0.6017820343997635
job_000004,Bulgaria,152,152,7.6,6,0.4226936971147855,6,0.09806240555954619,0.5978813118404812,0.6796518443543235,0.2000404852978297,0.09059033441624419,0.3333333333333333,0,,,,,,9846,0.01670045405626297,0.04763118922710419,-0.009503607638180256,0.008780711330473423,137.26409016016734,-0.02022501267492771,0.02022501267492771,0.7747733537459053
job_000004,Bulgaria,153,153,7.65,4,0.5061285048723221,4,0.07421354354878947,0.5401935140291849,0.667243696142126,0.2085059668003189,0.23769820587406532,0.25,0,,,,,,9932,0.019198061898350716,0.06011683866381645,-0.009558506309986115,0.009261364117264748,135.9045534689619,-0.08003377914428711,0.08003377914428711,0.6932635525472384
job_000004,Bulgaria,154,154,7.7,6,0.4205229232708613,6,0.10028626454317328,0.5627445777257284,0.612049361805857,0.3717344736318933,0.2878005052125118,0.16666666666666666,0,,,,,,13161,0.035234060138463974,0.09234330803155899,-0.01608354225754738,0.0046467650681734085,163.88523891187583,0.009524707682430744,0.0,0.4751467375522011
job_000004,Bulgaria,155,155,7.75,3,0.592268576224645,3,0.042646050818877464,0.4195158905453153,0.6892836111563224,0.22252231614071755,0.3079259946881392,0.3333333333333333,0,,,,,,5764,0.027477938681840897,0.06914447993040085,-0.014984159730374813,0.010118059813976288,145.9707951000652,0.0670323297381401,0.0,0.6579962642995231
job_000004,Bulgaria,156,156,7.8,6,0.42554329335689545,6,0.09866592350588892,0.4898887223667569,0.6242749955919055,0.366680472036388,0.24394160878663693,0.3333333333333333,0,,,,,,11445,0.01960889808833599,0.05244007334113121,-0.008560442365705967,0.00407808693125844,154.5274580306659,0.047940488904714584,0.0,0.4835657786894101
job_000004,Bulgaria,157,157,7.85,7,0.3943102955818176,7,0.10384605396603513,0.3673946125166757,0.612516035857024,0.30553489420327207,0.17583241790611104,0.2857142857142857,0,,,,,,12017,0.015268294140696526,0.05129864066839218,-0.007041539531201124,0.00564197264611721,141.29684960603618,-0.016660606488585472,0.016660606488585472,0.5909653992351044
job_000004,Bulgaria,158,158,7.9,6,0.4893663475910823,6,0.07648944953591294,0.37022202544742155,0.5815011465990984,0.3188351867502058,0.20969387911787388,0.3333333333333333,0,,,,,,10195,0.023640653118491173,0.07834551483392715,-0.00908280536532402,0.010931281372904778,129.72320345540226,-0.03541939705610275,0.03541939705610275,0.6011816965780089
job_000004,Bulgaria,159,159,7.95,6,0.45926227420568466,6,0.11133310334421917,0.48792637189229343,0.6904216201217087,0.22351359293733591,0.16237717126966075,0.3333333333333333,0,,,,,,14513,0.01058827806264162,0.03185948356986046,-0.0019323299638926983,0.006637090817093849,106.23244921629278,-0.002217136789113283,0.002217136789113283,0.652859732667725
job_000004,Bulgaria,160,160,8.0,7,0.44370272755622864,7,0.11653614078032896,0.42614389147077286,0.6047717341670283,0.3319522381696425,0.217108063054062,0.2857142857142857,0,,,,,,15400,0.010340499691665173,0.031462423503398895,-0.002421794692054391,0.00663989270105958,110.0386325669833,-0.030312079936265945,0.030312079936265945,0.6835029794543563
job_000004,Bulgaria,161,161,8.05,6,0.44128744055827457,6,0.11325260372894688,0.40432953884204226,0.6157673523749834,0.3525432325075635,0.2651835608791175,0.16666666666666666,0,,,,,,14998,0.009171674959361553,0.022073276340961456,-0.0025036546867340803,0.0053514158353209496,115.07249763180033,-0.02236832119524479,0.02236832119524479,0.6441707529628706
job_000004,Bulgaria,162,162,8.1,7,0.4363493685211454,7,0.10571157449347679,0.4275240392912002,0.6048171139268018,0.3332626997472109,0.2187251256105813,0.2857142857142857,0,,,,,,13902,0.027657942846417427,0.07575623691082001,-0.01353718712925911,0.013713487423956394,134.62932580380493,0.02904670685529709,0.0,0.6967090838983805
job_000004,Bulgaria,163,163,8.15,7,0.4559477929558073,7,0.10791165266125635,0.47144860199519567,0.6555575456568804,0.23159901700289884,0.14580521364638985,0.2857142857142857,0,,,,,,14215,0.015078185126185417,0.0425015427172184,-0.00816099438816309,0.008596791885793209,133.5103204965336,0.02608305774629116,0.0,0.7861390763730807
job_000004,Bulgaria,164,164,8.2,8,0.4303142298012972,8,0.12734287183995616,0.4860733012358347,0.6558290075372768,0.2195843627618149,0.11210510989873082,0.375,0,,,,,,14071,0.016065632924437523,0.06246168166399002,-0.008669352158904076,0.009449437260627747,132.5347139862279,0.01904362440109253,0.0,0.7982124188201156
job_000004,Bulgaria,165,165,8.25,7,0.5229152398450034,7,0.10780639253715003,0.4702672742661976,0.6556458972749256,0.2305755073268524,0.14671468696477147,0.2857142857142857,0,,,,,,14017,0.01836760714650154,0.06287960708141327,-0.011603938415646553,0.006909711752086878,149.22778193177706,0.04542303830385208,0.0,0.7352829264257915
job_000004,Bulgaria,166,166,8.3,7,0.5472692591803414,7,0.13508452662098636,0.5237445581526983,0.705505589076451,0.23006510163515137,0.12195369189856596,0.2857142857142857,0,,,,,,16177,0.030861087143421173,0.10228605568408966,-0.02242330089211464,0.00727928476408124,162.01499477688864,-0.06850749254226685,0.06850749254226685,0.7639150826759674
job_000004,Bulgaria,167,167,8.35,7,0.564351179770061,7,0.11145583671330427,0.4372500516119457,0.6955847805769986,0.2403234473779739,0.17191254531536398,0.2857142857142857,0,,,,,,14564,0.017172185704112053,0.04574260115623474,-0.009312625974416733,0.002997796284034848,162.15628737984355,0.01189986988902092,0.0,0.5697143147013133
job_000004,Bulgaria,168,168,8.4,6,0.605576271812121,6,0.10679593370170304,0.48468759324815536,0.692065684000651,0.22534412380393332,0.16959409534719774,0.3333333333333333,0,,,,,,13907,0.01387729775160551,0.04079872742295265,-0.008407884277403355,0.005620141513645649,146.2397645616481,0.02249370515346527,0.0,0.7287646307768426
job_000004,Bulgaria,169,169,8.45,6,0.5809425115585327,6,0.10519883738849459,0.4842161999808417,0.6929762498832043,0.2257070190242338,0.17038472810413877,0.3333333333333333,0,,,,,,13699,0.011537379585206509,0.031053626909852028,-0.007485297508537769,0.005462982691824436,143.8769704003327,0.009794030338525772,0.0,0.8031992747831118
job_000004,Bulgaria,170,170,8.5,9,0.4565279997057385,9,0.11208115389192873,0.4749584233319318,0.6115954473676015,0.22566801682339838,0.11992087868750405,0.3333333333333333,0,,,,,,14640,0.021394886076450348,0.053590238094329834,-0.011494224891066551,0.01234783511608839,132.9495319671701,0.025612998753786087,0.0,0.7884914146805547
job_000004,Bulgaria,171,171,8.55,9,0.42058461242251927,9,0.12757792757391637,0.4556916369332208,0.6532117474716876,0.22710816189120514,0.11646051722644939,0.2222222222222222,0,,,,,,14995,0.0121921980753541,0.025762047618627548,-0.0040428973734378815,0.005219056271016598,127.7628478494602,0.033982861787080765,0.0,0.5414762077251376
job_000004,Bulgaria,172,172,8.6,7,0.5240932149546487,7,0.11088189859549284,0.4661033539544968,0.6608608205482442,0.23184477741075957,0.15298357902755222,0.2857142857142857,0,,,,,,14568,0.015580737963318825,0.037008799612522125,-0.0070671457797288895,0.005060599651187658,144.3945320005399,0.08940182626247406,0.0,0.5578806967745098
job_000004,Bulgaria,173,173,8.65,7,0.5530633585793632,7,0.11175884230927756,0.4654483386448452,0.6624688204003389,0.23114924325348377,0.15301390835941678,0.2857142857142857,0,,,,,,14528,0.016150087118148804,0.03733121231198311,-0.008737313561141491,0.003828546265140176,156.33776244660405,0.057764098048210144,0.0,0.5906660970553207
job_000004,Bulgaria,174,174,8.7,8,0.5219666268676519,8,0.10679362707028944,0.47320973277091977,0.638549566268921,0.23058921689206777,0.1370254961674081,0.25,0,,,,,,13989,0.03581075742840767,0.08369852602481842,-0.020423492416739464,0.002195078879594803,173.86550511059258,0.01624886319041252,0.0,0.5736018078952422
job_000004,Bulgaria,175,175,8.75,7,0.5619096500532967,7,0.1011869893680705,0.4654814958572388,0.6651720178190362,0.23240100019293222,0.14906776721013312,0.2857142857142857,0,,,,,,13227,0.018828855827450752,0.043940894305706024,-0.01023438386619091,0.0026199312414973974,165.64103664113952,-0.034628983587026596,0.034628983587026596,0.5610752500635695
job_000004,Bulgaria,176,176,8.8,8,0.567694766446948,8,0.1166199832297337,0.47176956335703535,0.6350799119030986,0.22821406215285125,0.14288403487466095,0.25,0,,,,,,15235,0.023737868294119835,0.05862576141953468,-0.010270601138472557,0.005504121538251638,151.8126815948217,-0.00921610463410616,0.00921610463410616,0.4908820464414904
job_000004,Bulgaria,177,177,8.85,9,0.5315190586778853,9,0.14934092000697596,0.4132059984736972,0.6902371740144957,0.2372267364566153,0.11600431571089669,0.2222222222222222,0,,,,,,15664,0.03182801231741905,0.0855773314833641,-0.011702625080943108,0.004818452522158623,157.62101805756623,-0.024223705753684044,0.024223705753684044,0.39763042199417037
job_000004,Bulgaria,178,178,8.9,6,0.5773856192827225,6,0.11121647842144515,0.4492564095391168,0.6784954424257631,0.2427975584961417,0.16957189866720504,0.16666666666666666,0,,,,,,14548,0.049435775727033615,0.135202094912529,-0.023974226787686348,-0.0020434537436813116,-175.12814445292744,0.07005707919597626,0.0,0.48671546405595323
job_000004,Bulgaria,179,179,8.95,7,0.5116482142891202,7,0.13769218393849578,0.49519299098423547,0.6955066055217117,0.255111982082378,0.11577378052036695,0.2857142857142857,0,,,,,,16460,0.02702096477150917,0.08845837414264679,-0.008662779815495014,0.004072162322700024,154.82292284321576,-0.003425355302169919,0.003425355302169919,0.35424940458388926
job_000004,Bulgaria,180,180,9.0,7,0.5262891692774636,7,0.1265887631971562,0.40650197608130323,0.6802463692962808,0.24992715216455125,0.16674391698922927,0.14285714285714285,0,,,,,,16682,0.03442022204399109,0.10350855439901352,-0.010485085658729076,0.005290301516652107,153.2265474611756,-0.14153020083904266,0.14153020083904266,0.3411982103776514
job_000004,Bulgaria,181,181,9.05,8,0.47563349455595016,8,0.14489465478533042,0.37434890617926914,0.6771118570257116,0.24695876091551286,0.12280840211549987,0.25,0,,,,,,17307,0.048692796379327774,0.13604065775871277,-0.015830086544156075,0.02413020096719265,123.26599478516927,-0.21989624202251434,0.21989624202251434,0.5926807567440163
job_000004,Bulgaria,182,182,9.1,9,0.44103914002577466,9,0.16447411259960648,0.41758420864741,0.6947110807944717,0.2663517128823208,0.08341483124773076,0.2222222222222222,0,,,,,,18098,0.06796108186244965,0.22410906851291656,-0.027573691681027412,0.011787263676524162,156.8541521673881,-0.3757757246494293,0.3757757246494293,0.44124466814109053
job_000004,Bulgaria,183,183,9.15,7,0.4317819135529654,7,0.11001787742883518,0.4564361152194795,0.6488436259920636,0.27204789088514586,0.061298865197375756,0.2857142857142857,0,,,,,,11566,0.020983681082725525,0.057462237775325775,0.0019850421231240034,0.005896864924579859,71.39539338373079,-0.025030754506587982,0.025030754506587982,0.29651660991750717
job_000004,Bulgaria,184,184,9.2,7,0.43977064320019316,7,0.1288443778390133,0.4799785455067953,0.6683443543772218,0.2598894293666694,0.1234826777320007,0.2857142857142857,0,,,,,,15580,0.02580607868731022,0.07222255319356918,-0.0058387103490531445,0.003262978047132492,150.80124779659243,-0.08775454014539719,0.08775454014539719,0.2591875583638606
job_000004,Bulgaria,185,185,9.25,6,0.5015726685523987,6,0.09593338202094238,0.5052279445860121,0.6442695664770809,0.2619959694773294,0.12128530077311343,0.3333333333333333,0,,,,,,11449,0.027670351788401604,0.07555165886878967,-0.008085920475423336,-0.01309964619576931,-121.6854781141526,0.05514071509242058,0.0,0.5563444623951362
job_000004,Bulgaria,186,186,9.3,8,0.4934082105755806,8,0.1374202858836837,0.4380373130242029,0.6703360169022172,0.26290948509031614,0.07977877475679221,0.25,0,,,,,,15547,0.036408163607120514,0.11924774944782257,-0.013204137794673443,-0.007425298448652029,-150.64893522680893,-0.12373512983322144,0.12373512983322144,0.4160808487742929
job_000004,Bulgaria,187,187,9.35,9,0.4486793743239509,9,0.14649648107655303,0.44638853779545534,0.6486225206665543,0.2604575274443948,0.08620191094804681,0.2222222222222222,0,,,,,,16777,0.027651825919747353,0.08224492520093918,-0.0025217183865606785,0.004990856628865004,116.80599323837694,-0.3774113655090332,0.3774113655090332,0.20222006604975512
job_000004,Bulgaria,188,188,9.4,9,0.444701138469908,9,0.14754560757060028,0.4480530253163091,0.6564780969188045,0.2533615273552009,0.07356443855982746,0.2222222222222222,0,,,,,,16150,0.021464383229613304,0.06916883587837219,-0.0013007789384573698,0.0026463193353265524,116.17608700018513,-0.21992193162441254,0.21992193162441254,0.13737799554945818
job_000004,Bulgaria,189,189,9.45,8,0.48538246750831604,8,0.13371164339649966,0.43745046754678096,0.6718002884476273,0.26367127091878917,0.08038637836534708,0.25,0,,,,,,14960,0.022633975371718407,0.06277254223823547,-0.0027675710152834654,0.00022015902504790574,175.45172449251106,-0.15302526950836182,0.15302526950836182,0.12266135026559441
job_000004,Bulgaria,190,190,9.5,9,0.4377950446473228,9,0.1418338758574684,0.5146137573100903,0.6562750058900181,0.2711509294862273,0.09551658219780879,0.2222222222222222,0,,,,,,16352,0.04073265939950943,0.11810796707868576,-0.023430725559592247,0.013110516592860222,150.77107693939487,-0.055947769433259964,0.055947769433259964,0.6591588568069746
job_000004,Bulgaria,191,191,9.55,8,0.4857312347739935,8,0.13736872957648213,0.487677455941836,0.659326802359687,0.23976275550904796,0.09273187588643476,0.25,0,,,,,,15630,0.04082275554537773,0.10616083443164825,0.0017511898186057806,-0.011391477659344673,-81.26044740540677,-0.11776169389486313,0.11776169389486313,0.28232526267623437
job_000004,Bulgaria,192,192,9.6,6,0.5230870445569357,6,0.09119578903484558,0.4885092828008864,0.6232191203553,0.21071652148752323,0.15922223805475597,0.3333333333333333,0,,,,,,11976,0.04096680507063866,0.09916844964027405,-0.002537669613957405,-0.00394955649971962,-122.72156179720113,-0.17713555693626404,0.17713555693626404,0.11459390470536021
job_000004,Bulgaria,193,193,9.65,7,0.36264820396900177,7,0.11968602017639815,0.5283815213612147,0.6498183073820892,0.22246109466157543,0.11227614980975878,0.2857142857142857,0,,,,,,14135,0.05091960355639458,0.17451077699661255,-0.004695691168308258,-0.004805554170161486,-134.33751781064873,0.05565934628248215,0.0,0.131950047914451
job_000004,Bulgaria,194,194,9.7,9,0.4088313960366779,9,0.16386867715161507,0.4734235869513618,0.6397841543817716,0.23356996946384614,0.09588619812081528,0.2222222222222222,0,,,,,,18831,0.09919705241918564,0.36097288131713867,0.005891920533031225,0.01504593901336193,68.61491737198263,0.1222832202911377,0.0,0.16289228555445054
job_000004,Bulgaria,195,195,9.75,7,0.40482441442353384,7,0.09150346699184153,0.4995764204433986,0.611861411604301,0.21399744793614198,0.14560076214347747,0.42857142857142855,0,,,,,,10757,0.05024874955415726,0.15195973217487335,-0.010859346017241478,0.02087368629872799,117.48529673439678,-0.15826794505119324,0.15826794505119324,0.46825990343962376
job_000004,Bulgaria,196,196,9.8,9,0.4352062592903773,9,0.1617750014310473,0.49662221890908703,0.6605231171282231,0.24351323946532283,0.12768317229228104,0.3333333333333333,0,,,,,,19018,0.05724187567830086,0.20538628101348877,0.00990670919418335,-0.005895561072975397,-30.757211859729036,0.18116526305675507,0.0,0.2013953765182526
job_000004,Bulgaria,197,197,9.85,9,0.444283041689131,9,0.1599228071336584,0.4724147668591252,0.6419410784058119,0.24601664849579172,0.11725923066949047,0.2222222222222222,0,,,,,,19330,0.053581301122903824,0.1936233639717102,0.0005344398668967187,0.006344954017549753,85.18530184178027,-0.06014109402894974,0.06014109402894974,0.1188366505157574
job_000004,Bulgaria,198,198,9.9,9,0.5084840340746773,9,0.1513068124735232,0.4730704214837817,0.6444626576615948,0.24381143394607055,0.11154651496864879,0.2222222222222222,0,,,,,,18556,0.08848443627357483,0.2838749289512634,0.005093339364975691,-0.028126299381256104,-79.7356482901223,-0.31475400924682617,0.31475400924682617,0.32303704731280175
job_000004,Bulgaria,199,199,9.95,7,0.45568803378513884,7,0.12690760968239273,0.45864805607568654,0.7190137106274801,0.26401476040938837,0.15368708193659547,0.2857142857142857,0,,,,,,15451,0.01515024621039629,0.047983888536691666,-0.0015914757968857884,0.0011424965923652053,144.32600112313185,0.05684550106525421,0.0,0.1293117813465553
job_000004,Bulgaria,200,200,10.0,6,0.4953679144382477,6,0.11601574006456634,0.5079474581612481,0.7270820005440418,0.2514366864931342,0.14705706323706857,0.16666666666666666,0,,,,,,13960,0.006487581878900528,0.007809348404407501,-0.0033070628996938467,0.0023074711207300425,145.0949648403428,0.04973649978637695,0.0,0.6215727233166887
job_000004,Bulgaria,201,201,10.05,7,0.4714135868208749,7,0.14327673078073408,0.478918559210641,0.7352194084692254,0.24416602224912698,0.1258168023424467,0.14285714285714285,0,,,,,,17098,0.008318138308823109,0.010446992702782154,-0.0027993405237793922,0.006384998094290495,113.67382963095957,0.038215890526771545,0.0,0.8381314521995386
job_000004,Bulgaria,202,202,10.1,8,0.4173463564366102,8,0.13148495846273564,0.40956699649492906,0.6906610930407489,0.23234170230787657,0.17003530986029347,0.25,0,,,,,,17006,0.006509679835289717,0.0034079784527420998,0.0010462772333994508,0.005925809033215046,79.98689839050856,-0.019347578287124634,0.019347578287124634,0.9243875464341847
job_000004,Bulgaria,203,203,10.15,7,0.4665708158697401,7,0.10030523235575665,0.42592408316476005,0.6760999669473637,0.24313381458922817,0.19872548386272385,0.2857142857142857,0,,,,,,13599,0.0029580239206552505,0.008675946854054928,-0.0004045305249746889,0.0006306666182354093,122.67746136580614,0.001985061913728714,0.0,0.253296301038155
job_000004,Bulgaria,204,204,10.2,7,0.46128873101302553,7,0.10384825468431194,0.4250309705734253,0.6780024331713479,0.24234825076708408,0.19856816370695926,0.2857142857142857,0,,,,,,14035,0.0019796870183199644,0.0026500646490603685,-0.0008021861431188881,0.0005098620895296335,147.56033805365192,-0.003139187814667821,0.003139187814667821,0.48012951054280084
job_000004,Bulgaria,205,205,10.25,7,0.4665265658072063,7,0.10076061805549946,0.42587096804664254,0.6758584764268664,0.2431066632235834,0.19878410294189905,0.2857142857142857,0,,,,,,13671,0.0012450561625882983,0.0018951412057504058,-0.0007020432385616004,0.00033947304473258555,154.1939087222099,0.009457731619477272,0.0,0.626326715467191
job_000004,Bulgaria,206,206,10.3,6,0.5102692047754923,6,0.09248169477920816,0.36393847266832985,0.6604894873536663,0.20130854788103117,0.18226592319470827,0.3333333333333333,0,,,,,,12465,0.0004769248771481216,0.0012318453518673778,5.474793942994438e-05,-7.265784370247275e-05,-53.0018474153981,-0.003987941890954971,0.003987941890954971,0.19075387111512704
job_000004,Bulgaria,207,207,10.35,6,0.4905445873737335,6,0.09213273095855258,0.3635252429379357,0.6604386883017458,0.2008436752131201,0.18221858271661018,0.3333333333333333,0,,,,,,12425,0.0019108569249510765,0.0031236233189702034,0.00011782437650253996,-4.9602480430621654e-05,-22.830439161996175,-0.02201378345489502,0.02201378345489502,0.06690176628174768
job_000004,Bulgaria,208,208,10.4,5,0.5412532091140747,5,0.07383448954471757,0.3875658218065897,0.6072769080268012,0.1668933657679778,0.1654490567113936,0.4,0,,,,,,10007,0.0005533674266189337,0.0007843465427868068,5.863681963091949e-06,0.00031002165633253753,88.91644932215328,-0.004244409967213869,0.004244409967213869,0.5603457823120553
job_000004,Bulgaria,209,209,10.45,6,0.49627068638801575,6,0.08584896269437094,0.455864757961697,0.634408164318697,0.22404887162398668,0.1871593125510268,0.3333333333333333,0,,,,,,11619,0.0023135582450777292,0.006831718143075705,-0.0007022098870947957,0.0017283776542171836,112.11105498317279,-0.00843846332281828,0.00843846332281828,0.8063682069072188
job_000004,Bulgaria,210,210,10.5,6,0.5098500673969587,6,0.09266222283922323,0.36343076891369286,0.6598667097680363,0.20113111481549278,0.18190670496318387,0.3333333333333333,0,,,,,,12460,0.0005877204239368439,0.0011441553942859173,8.417500794166699e-05,0.00021210867271292955,68.35442139570605,-0.0019075488671660423,0.0019075488671660423,0.38828090091371653
job_000004,Bulgaria,211,211,10.55,7,0.4500144911663873,7,0.10576448436379669,0.425164144379752,0.6767598692071501,0.243048522418957,0.19875699890816126,0.2857142857142857,0,,,,,,14363,0.004604964051395655,0.014861201867461205,0.0004414216091390699,0.0024352793116122484,79.7260489965278,-0.011661064811050892,0.011661064811050892,0.5374552911946655
job_000004,Bulgaria,212,212,10.6,7,0.42945851385593414,7,0.10637022291161782,0.4255126345725287,0.6768058696121135,0.24304110552134717,0.1991154254295204,0.2857142857142857,0,,,,,,14386,0.00535309873521328,0.019164953380823135,0.0012777993688359857,0.0016893140273168683,52.89609058761244,0.011545616202056408,0.0,0.39568642661902287
job_000004,Bulgaria,213,213,10.65,7,0.451912060379982,7,0.10815556629400278,0.48719345955621624,0.6523476252480158,0.22817844002327975,0.16408641063131804,0.42857142857142855,0,,,,,,14190,0.002795920707285404,0.009781221859157085,0.0002072207716992125,-4.969647488906048e-05,-13.486187732293322,0.0002330040733795613,0.0,0.0762169909116075
job_000004,Bulgaria,214,214,10.7,8,0.43735856749117374,8,0.14565259114928245,0.4496108124653499,0.6659467114342583,0.2510718629440713,0.17644723674406754,0.375,0,,,,,,19224,0.004560534376651049,0.008908738382160664,-0.000547245959751308,0.0032696884591132402,99.50149598366542,-0.020154209807515144,0.020154209807515144,0.7269254020565414
job_000004,Bulgaria,215,215,10.75,7,0.4637769545827593,7,0.10749639264173715,0.39612147467476977,0.6400287850193246,0.20815133702067373,0.1526059837969351,0.42857142857142855,0,,,,,,14107,0.005423183552920818,0.011439763009548187,0.0015186592936515808,-0.0005214078701101243,-18.949105732248984,-0.016181571409106255,0.016181571409106255,0.2960760940392342
job_000004,Bulgaria,216,216,10.8,8,0.4108823202550411,8,0.1420533657053674,0.47513300875822706,0.6969671178747107,0.26797094602650917,0.160813189618757,0.25,0,,,,,,17934,0.003961639944463968,0.008005404844880104,1.1314776202198118e-05,0.003287277650088072,89.8027892890747,0.04702657088637352,0.0,0.8297819006233365
job_000004,Bulgaria,217,217,10.85,8,0.40700616873800755,8,0.14087635986390343,0.4751386602719625,0.6970038926159894,0.26818604245592514,0.16109439554276328,0.25,0,,,,,,17894,0.002247436670586467,0.00782087817788124,-0.00016407885414082557,0.0011308059329167008,98.25594481644798,-0.016663681715726852,0.016663681715726852,0.5084226780820824
job_000004,Bulgaria,218,218,10.9,4,0.5530726462602615,4,0.06432293216126395,0.3764758030573527,0.6905966935334382,0.19565487373402904,0.19123829687508961,0.25,0,,,,,,8669,0.00060759432381019,0.0016318553825840354,-0.00013259811385069042,0.0004398004384711385,106.7778538417292,0.00033511448418721557,0.0,0.7560219412889899
job_000004,Bulgaria,219,219,10.95,5,0.47158277332782744,5,0.11320051164469605,0.46159839630126953,0.7236915418836805,0.253127312150142,0.2187575124441688,0.2,0,,,,,,15110,0.004926574416458607,0.017191709950566292,-0.0005393927567638457,0.004366706125438213,97.04173052298736,-0.005538549739867449,0.005538549739867449,0.8930939830255135
job_000004,Bulgaria,220,220,11.0,7,0.39476338241781506,7,0.1361211408670055,0.5181730860755557,0.7012562847642041,0.25388815324325825,0.1549239023948789,0.2857142857142857,0,,,,,,17056,0.0025100207421928644,0.008057618513703346,-0.00027489190688356757,0.0018928087083622813,98.2632726679573,-0.01000495720654726,0.01000495720654726,0.7620119399277226
job_000004,Bulgaria,221,221,11.05,5,0.47694900929927825,5,0.09438925365839146,0.3620882368087769,0.7109602158157913,0.18187661189952303,0.15279584641971378,0.2,0,,,,,,11933,0.00131898932158947,0.003784758737310767,-0.00019611649622675031,0.0009361895499750972,101.83144648820131,0.003176206722855568,0.0,0.7251845013134536
job_000004,Bulgaria,222,222,11.1,6,0.44733400642871857,6,0.11887396931611785,0.5176725149154663,0.729554948689025,0.26324235862172446,0.16200894186572035,0.3333333333333333,0,,,,,,15028,0.004520470276474953,0.010127916000783443,-0.00100450380705297,0.0038041791412979364,104.79150080223883,0.005366601515561342,0.0,0.8703885673919866
job_000004,Bulgaria,223,223,11.15,7,0.4397924074104854,7,0.1290379230900618,0.4913489046550933,0.6663356498435692,0.2401153975344165,0.17060367292446355,0.42857142857142855,0,,,,,,17060,0.010650746524333954,0.029243582859635353,0.0001250394416274503,0.0038851462304592133,88.15663045886255,0.02051408216357231,0.0,0.3649657640253184
job_000004,Bulgaria,224,224,11.2,5,0.49942790269851683,5,0.0731580799727871,0.46073397000630695,0.7045621179651331,0.24367326456984187,0.21170692670798336,0.2,0,,,,,,9944,0.002591129392385483,0.009449277073144913,-0.00016377776046283543,0.0006448302883654833,104.25097908099295,0.01719953678548336,0.0,0.2567621223834065
job_000004,Bulgaria,225,225,11.25,6,0.4748444656531016,6,0.10635113790233183,0.522133700052897,0.7298780935781973,0.26764765330692886,0.16120541063465085,0.3333333333333333,0,,,,,,13456,0.007828926667571068,0.023574233055114746,-0.0016459759790450335,0.005926858633756638,105.52075764009035,0.0261662770062685,0.0,0.7856977187198076
job_000004,Bulgaria,226,226,11.3,7,0.44394162935870035,7,0.11531284544608135,0.5224492595309304,0.7019679760806775,0.258187643798785,0.15714943214470015,0.2857142857142857,0,,,,,,14885,0.0063179549761116505,0.016037466004490852,-0.0013201248366385698,0.0050623174756765366,104.61579028321259,0.047718312591314316,0.0,0.8280550089277517
job_000004,Bulgaria,227,227,11.35,10,0.35898018926382064,10,0.16176141382542056,0.5239237229029338,0.6626903590449581,0.23535067882612898,0.0906933356813469,0.4,0,,,,,,17020,0.01308651827275753,0.04274342954158783,0.0005171549273654819,0.004082967527210712,82.78126865170583,0.03569155931472778,0.0,0.31449075622647
job_000004,Bulgaria,228,228,11.4,7,0.4573029577732086,7,0.11945720060049671,0.5330384379341488,0.7005188210300667,0.261466066088387,0.17118839875830538,0.2857142857142857,0,,,,,,15361,0.008022819645702839,0.0231767725199461,8.51545905788953e-07,-0.00018749680020846426,-89.73978408721915,-0.00482013588771224,0.00482013588771224,0.023370677915346895
job_000004,Bulgaria,229,229,11.45,9,0.36003386974334717,9,0.1371327516649996,0.4886828086994313,0.6401239811147682,0.21184299677902682,0.10979417101117013,0.4444444444444444,0,,,,,,14381,0.004189515020698309,0.01298892218619585,0.001473790965974331,-0.002404357772320509,-58.493094566091806,-0.010612033307552338,0.010612033307552338,0.673134164006947
job_000004,Bulgaria,230,230,11.5,6,0.41004182895024616,6,0.10444590008369557,0.523050136036343,0.7308251934286988,0.26982149648954706,0.16346026755536514,0.3333333333333333,0,,,,,,13385,0.002466818317770958,0.008274911902844906,-8.901190449250862e-05,0.0010679221013560891,94.76462186075634,-0.022000646218657494,0.022000646218657494,0.43441597178051805
job_000004,Bulgaria,231,231,11.55,6,0.3936341553926468,6,0.0853618053683866,0.5034216642379761,0.6511653735313886,0.2410005437959593,0.19158394571229934,0.5,0,,,,,,11360,0.009333334863185883,0.02332119457423687,0.004264538642019033,-0.00029653176898136735,-3.97762034217115,-0.02051103673875332,0.02051103673875332,0.4580180438763648
job_000004,Bulgaria,232,232,11.6,7,0.3687503550733839,7,0.11752313324405142,0.550220521291097,0.6811460908758579,0.2616417090320172,0.1518560414209693,0.42857142857142855,0,,,,,,14679,0.006080223713070154,0.01899227499961853,0.0009651279542595148,-0.0003245571570005268,-18.586972198441632,-0.012492521665990353,0.012492521665990353,0.16746724917736294
job_000004,Bulgaria,233,233,11.65,7,0.3634745797940663,7,0.13805695994399966,0.49738078230903265,0.7337815723721943,0.28487578208358394,0.1185650415090908,0.2857142857142857,0,,,,,,15021,0.008589678443968296,0.017144514247775078,-0.0021366120781749487,0.004639455117285252,114.72752739060364,-0.02557811513543129,0.02557811513543129,0.5946443016584165
job_000004,Bulgaria,234,234,11.7,9,0.3427886598640018,9,0.14622385107356636,0.5379929312953242,0.6643008290985484,0.2409053921965374,0.11201122887265672,0.4444444444444444,0,,,,,,16730,0.003968806471675634,0.014265172183513641,0.0008615014376118779,-0.0003183751250617206,-20.282217301332864,0.006948912050575018,0.0,0.23141677422092938
job_000004,Bulgaria,235,235,11.75,8,0.3651961702853441,8,0.13748150808272458,0.5300977885723114,0.6788598078268546,0.2495191104367997,0.13647749559252348,0.375,0,,,,,,17410,0.008038989268243313,0.025896960869431496,0.0018846129532903433,0.00033127685310319066,9.969590335560888,-0.035289663821458817,0.035289663821458817,0.23802834850684118
job_000004,Bulgaria,236,236,11.8,7,0.35930717842919485,7,0.1185128485470781,0.5221465065365746,0.7029395996578156,0.25848104150532786,0.15557445069857598,0.2857142857142857,0,,,,,,14860,0.00227798311971128,0.008066768757998943,0.0004527907876763493,0.0003463297034613788,37.41157814723298,-0.0042908997274935246,0.0042908997274935246,0.25024589644289735
job_000004,Bulgaria,237,237,11.85,7,0.3890208452939987,7,0.11827271296409171,0.5345420405978247,0.6997418035275091,0.262255738588781,0.17054727687220012,0.2857142857142857,0,,,,,,14855,0.003719958011060953,0.013100438751280308,0.0015648656990379095,0.00032575984369032085,11.759381062032627,-0.002816000021994114,0.002816000021994114,0.4296857651032217
job_000004,Bulgaria,238,238,11.9,8,0.40349780954420567,8,0.1151928566687149,0.5025542209545771,0.6377594029461896,0.22054405405556476,0.13730020487241407,0.5,0,,,,,,13715,0.003968848381191492,0.01592331938445568,0.0022119085770100355,-0.0007396724540740252,-18.490173402499032,0.006587109062820673,0.0,0.5876532814856416
job_000004,Bulgaria,239,239,11.95,7,0.4340812351022448,7,0.09994599908151604,0.506836530140468,0.6543148242607318,0.23559525326920983,0.16533944793604863,0.42857142857142855,0,,,,,,13173,0.009350806474685669,0.031361985951662064,0.004236869979649782,-0.0012058165157213807,-15.886394606433706,0.007866425439715385,0.0,0.4710949338190385
job_000004,Bulgaria,240,240,12.0,7,0.41401747933455874,7,0.10722633365537025,0.49986775262015204,0.6551845974392362,0.23021351065123838,0.1525690436053968,0.42857142857142855,0,,,,,,12555,0.004808495286852121,0.015498610213398933,0.0012088778894394636,0.0004984471015632153,22.407437477556996,0.017019398510456085,0.0,0.27193677343896183
job_000004,Bulgaria,241,241,12.05,8,0.3970762938261032,8,0.07687166528399647,0.4400240879505873,0.484848611443131,0.2852734436163902,0.1510564796230253,0.375,0,,,,,,8746,0.23676274716854095,0.5671318769454956,-0.006541039329022169,0.008347314782440662,128.08260434660733,0.6429500579833984,0.0,0.04479104455389383
job_000004,Bulgaria,242,242,12.1,8,0.39625836722552776,8,0.07794652627374,0.44044889075060684,0.4848502459349455,0.2856974896607526,0.1518639235178086,0.375,0,,,,,,8717,0.01108959037810564,0.0281062088906765,0.00021652411669492722,0.002147565595805645,84.24272020401858,-0.018113156780600548,0.018113156780600548,0.19463778499277065
job_000004,Bulgaria,243,243,12.15,9,0.37435471680429244,9,0.0931528043792634,0.46045100777237497,0.48984607963405025,0.2752518865973639,0.1315062777177581,0.4444444444444444,0,,,,,,9072,0.025816116482019424,0.08194868266582489,-0.0050942315720021725,0.011769987642765045,113.40370274311901,-0.03210606053471565,0.03210606053471565,0.4967874994804358
job_000004,Bulgaria,244,244,12.2,9,0.3482084704769982,9,0.0882042545720417,0.4663490102246956,0.4897762643947523,0.2791387404787354,0.13129772111267787,0.4444444444444444,0,,,,,,8929,0.01589600369334221,0.05537620186805725,-0.005576380994170904,0.009455757215619087,120.5292958416944,-0.011841168627142906,0.011841168627142906,0.690587714925448
job_000004,Bulgaria,245,245,12.25,7,0.36553614267281126,7,0.05511689100025156,0.46756420192264375,0.42156994683401916,0.23802940570733677,0.10160734558450082,0.42857142857142855,0,,,,,,5921,0.0040383064188063145,0.013326180167496204,0.002090031746774912,-0.0014229733496904373,-34.24852748284621,0.0020207425113767385,0.0,0.6261177258563468
job_000004,Bulgaria,246,246,12.3,7,0.3819598491702761,7,0.06650151827833674,0.4727797403222039,0.422396026086555,0.24100077933249733,0.09126384650247767,0.42857142857142855,0,,,,,,6082,0.004286761861294508,0.01311586145311594,0.0016794739058241248,-0.0012909994693472981,-37.54922148772277,-0.014039798639714718,0.014039798639714718,0.4941556739436425
job_000004,Bulgaria,247,247,12.35,10,0.3205261304974556,10,0.16994963788429654,0.43896652499834693,0.5349298297034368,0.31713025600015304,0.11116240173344497,0.4,0,,,,,,18097,0.011470791883766651,0.027644077315926552,0.0019003467168658972,-0.003483859356492758,-61.38878243647578,-0.00024346946156583726,0.00024346946156583726,0.3459612745731805
job_000004,Bulgaria,248,248,12.4,8,0.3573682941496372,8,0.0738542640451868,0.4419134466598431,0.46949818575823743,0.2730585921308556,0.12871700782697615,0.5,0,,,,,,6558,0.0033032323699444532,0.010670626536011696,0.002219194546341896,-0.00046851823572069407,-11.921272648848156,0.004243991803377867,0.0,0.6866342196777533
job_000004,Bulgaria,249,249,12.45,7,0.3591754968677248,7,0.06043988343081383,0.41727485841228845,0.45969578576466397,0.2819235666073581,0.1498708312167247,0.42857142857142855,0,,,,,,6294,0.004046238027513027,0.013179668225347996,0.0026962466072291136,-0.0008900616085156798,-18.2686431177452,0.028697296977043152,0.0,0.7017279406795638
job_000004,Bulgaria,250,250,12.5,7,0.3734849670103618,7,0.06623023265121838,0.409047648594493,0.4594538749210418,0.27523557824201256,0.13938677094519575,0.42857142857142855,0,,,,,,5827,0.003674660576507449,0.011819960549473763,0.002372682560235262,-0.0005615251138806343,-13.314789744747982,0.01777171902358532,0.0,0.663523412507487
job_000004,Bulgaria,251,251,12.55,6,0.3390200634797414,6,0.05870562252934714,0.37415817413065167,0.4475620346304811,0.28097205390400176,0.16326901298318908,0.3333333333333333,0,,,,,,5987,0.009386079385876656,0.029149776324629784,0.006881062872707844,-0.0023536912631243467,-18.883429451723504,0.008272416889667511,0.0,0.7748149615392643
job_000004,Bulgaria,252,252,12.6,10,0.25902937203645704,10,0.1183049510193814,0.5017981688181559,0.44902229379724573,0.33707691290375397,0.18393808558947447,0.3,0,,,,,,11508,0.0034641542006284,0.009612646885216236,0.001640709931962192,-0.0004957486526109278,-16.81245255491807,0.00020401636720634997,0.0,0.4947732325911953
job_000004,Bulgaria,253,253,12.65,6,0.2992936571439107,6,0.04644989952490954,0.4859296427832709,0.3259986335848585,0.3234307376910856,0.21109423303737218,0.5,0,,,,,,4313,0.004075920209288597,0.01833292283117771,0.0028319789562374353,-0.0014916423242539167,-27.776394126080035,0.04462983459234238,0.0,0.7852943302125321
job_000004,Bulgaria,254,254,12.7,5,0.2978168368339539,5,0.06590259041564737,0.45551778634389234,0.44749949985080295,0.3253651120098831,0.2035038278282529,0.4,0,,,,,,7997,0.003264407394453883,0.012083128094673157,0.001375483931042254,0.0007846281514503062,29.702073326064635,0.02112100087106228,0.0,0.48509248967084956
job_000004,Bulgaria,255,255,12.75,5,0.3133758157491684,5,0.045266206460436095,0.4556382091840108,0.475685662870054,0.36054768528412584,0.23031777256200417,0.4,0,,,,,,5184,0.008492262102663517,0.029985088855028152,0.002960326848551631,-0.00096276612021029,-18.015712646747247,0.09543110430240631,0.0,0.3665630325413623
job_000004,Bulgaria,256,256,12.8,7,0.2833827861717769,7,0.09871677835218977,0.5225651400429863,0.5264219026716929,0.3425950337379354,0.12279314208035251,0.2857142857142857,0,,,,,,10505,0.0035835541784763336,0.011473368853330612,0.0010853508720174432,0.0004070039722137153,20.55592466516942,0.02711462788283825,0.0,0.3234649923247937
job_000004,Bulgaria,257,257,12.85,6,0.31194382160902023,6,0.06435564180919082,0.48104280100928404,0.4831372531843774,0.3344443469467573,0.16854600565417435,0.3333333333333333,0,,,,,,6324,0.003987557254731655,0.013942651450634003,0.0017532792408019304,-0.00020713824778795242,-6.737881249080873,0.0402488112449646,0.0,0.4427454523015657
job_000004,Bulgaria,258,258,12.9,7,0.28573409787246157,7,0.10585010081225363,0.5500323568071638,0.587402629852295,0.3810111322871371,0.12410883402494753,0.42857142857142855,0,,,,,,10944,0.003447764553129673,0.009737769141793251,0.00029147916939109564,0.00034694469650276005,49.965323462102845,0.021467281505465508,0.0,0.1314284462870397
job_000004,Bulgaria,259,259,12.95,4,0.3113419897854328,4,0.035317187640740925,0.42286584675312044,0.4681168132358127,0.3959065251065607,0.2807015045860536,0.5,0,,,,,,3724,0.003226501401513815,0.00707282917574048,-0.0016112127341330051,0.0018976026913151145,130.3338546249426,0.07404633611440659,0.0,0.7715347148016215
job_000004,Bulgaria,260,260,13.0,4,0.3361872360110283,4,0.03515908316490963,0.4229984854658445,0.46815959612528485,0.3960101113078149,0.28079064340874893,0.5,0,,,,,,3690,0.0012304481351748109,0.0028697222005575895,-0.0004335109260864556,0.0008304956718347967,117.56413525037439,0.039777759462594986,0.0,0.7613748900975177
job_000004,Bulgaria,261,261,13.05,4,0.3464852198958397,4,0.034965138559192144,0.423108788828055,0.4681643203452781,0.3961869416522535,0.2808899817303274,0.5,0,,,,,,3718,0.001917120418511331,0.003407066920772195,-0.0008084864821285009,0.0011614651884883642,124.8414629065602,0.05107000470161438,0.0,0.7381647926178352
job_000004,Bulgaria,262,262,13.1,6,0.3010253186027209,6,0.07544972817608826,0.5229261683093177,0.5311746326493628,0.3729929137605115,0.1772243754611478,0.3333333333333333,0,,,,,,8722,0.003439913270995021,0.00908153411000967,-0.00017044109699781984,0.002648002468049526,93.68281484586471,-0.0019525345414876938,0.0019525345414876938,0.771380522651886
job_000004,Bulgaria,263,263,13.15,6,0.3551697035630544,6,0.07077176630130792,0.5052570319837993,0.46244200070699054,0.31558030462702547,0.13145441774348485,0.3333333333333333,0,,,,,,7496,0.01101940032094717,0.02998499944806099,0.003096570260822773,0.0008539484697394073,15.417384425025757,-0.001164264278486371,0.001164264278486371,0.29150048567127557
job_000004,Bulgaria,264,264,13.2,6,0.3390085349480311,6,0.07394118112147127,0.4163465821080738,0.4935843461825524,0.3440808367530897,0.24282495407270646,0.3333333333333333,0,,,,,,9065,0.004285847302526236,0.012313473969697952,0.0008137966506183147,0.001927160657942295,67.10675874373307,-0.010118302889168262,0.010118302889168262,0.48810419654896864
job_000004,Bulgaria,265,265,13.25,7,0.3149772265127727,7,0.09297069972905325,0.4690632212729681,0.5565131808084155,0.3763853250248038,0.2098493512023303,0.2857142857142857,0,,,,,,10855,0.003820704761892557,0.011697487905621529,0.000371527363313362,0.0002779688802547753,36.803055477730794,-0.01193363219499588,0.01193363219499588,0.12144448824838984
job_000004,Bulgaria,266,266,13.3,5,0.3704505741596222,5,0.04141465469445427,0.3455585392316182,0.435766421424018,0.3027615573717014,0.23644396006897989,0.4,0,,,,,,4669,0.007068449165672064,0.022445153445005417,0.0034226360730826855,0.004192303400486708,50.771475315758195,-0.020555395632982254,0.020555395632982254,0.7656572537448875
job_000004,Bulgaria,267,267,13.35,6,0.34630632897218067,6,0.060123276620159705,0.41893232531017727,0.5180802327615243,0.3707887000551675,0.2673238306125225,0.3333333333333333,0,,,,,,7153,0.011924843303859234,0.03757471218705177,0.0059613133780658245,0.0049857222475111485,39.90729961741629,-0.07899316400289536,0.07899316400289536,0.6516984287776578
job_000004,Bulgaria,268,268,13.4,6,0.35395868370930356,6,0.0802046351188014,0.4363475683662627,0.5610229798305183,0.39749647279784533,0.20203465963879777,0.3333333333333333,0,,,,,,9124,0.0055170487612485886,0.014107953757047653,0.0019356193952262402,-0.0006349122268147767,-18.16026724509278,0.037985704839229584,0.0,0.36923546708563604
job_000004,Bulgaria,269,269,13.45,7,0.3397818697350366,7,0.09423747075992778,0.45783444742361706,0.5534054660292529,0.3718746288011137,0.19761047905197882,0.2857142857142857,0,,,,,,10999,0.006645440589636564,0.012691623531281948,0.0007790401577949524,0.003757209749892354,78.2859715826824,-0.008485476486384869,0.008485476486384869,0.5774071713101548
job_000004,Bulgaria,270,270,13.5,6,0.37021806339422864,6,0.0657732378496593,0.4043069399065442,0.5144818553218135,0.36122625586637164,0.2598133479491756,0.3333333333333333,0,,,,,,7895,0.0018829333130270243,0.004780443385243416,0.000170146522577852,-0.00019515794701874256,-48.91677678571589,0.02142968587577343,0.0,0.13750567054008755
job_000004,Bulgaria,271,271,13.55,5,0.34372631311416624,5,0.04208208062882306,0.30821210503578184,0.4159916213706688,0.26602097278164416,0.1953734894892444,0.6,0,,,,,,4599,0.0015651091234758496,0.0035359973553568125,-0.0008920820546336472,0.00041130182216875255,155.24754427341094,-0.009818063117563725,0.009818063117563725,0.6276455280293296
job_000004,Bulgaria,272,272,13.6,6,0.3306695943077405,6,0.049907300147133134,0.363771359788047,0.4332460262157299,0.2755248901974702,0.19249522422709206,0.5,0,,,,,,5672,0.004447551444172859,0.020180096849799156,0.0026768536772578955,-0.0014833987224847078,-28.993360191994935,0.05550408735871315,0.0,0.6881078295653661
job_000004,Bulgaria,273,273,13.65,7,0.3309373621429716,7,0.06747496940730599,0.42326173342409584,0.5040412812005906,0.34151183303098925,0.22693362074779325,0.42857142857142855,0,,,,,,7975,0.005045565776526928,0.018670497462153435,0.0016812349203974009,-0.003003640566021204,-60.76284732842785,0.014392795972526073,0.0,0.6822132013686857
job_000004,Bulgaria,274,274,13.7,6,0.3611275951067607,6,0.05991080541865928,0.3872384182280964,0.5017044338179223,0.3565153260902323,0.25994262615035507,0.5,0,,,,,,6939,0.0020494069904088974,0.005221782252192497,6.506226054625586e-05,-0.00040125701343640685,-80.78987007491043,-0.0013261614367365837,0.0013261614367365837,0.1983488830298865
job_000004,Bulgaria,275,275,13.75,8,0.33325281739234924,8,0.11628748441584778,0.292957686757048,0.5200206500512582,0.3086477481455703,0.1116588784693299,0.375,0,,,,,,12301,0.007145987823605537,0.0207163468003273,0.0017351905116811395,-0.0018046984914690256,-46.12489464182145,-0.008190635591745377,0.008190635591745377,0.3503451273075529
job_000004,Bulgaria,276,276,13.8,7,0.3465657298054014,7,0.06289648639672864,0.3385428281057448,0.491438262172477,0.3055697198319,0.10739641536585541,0.2857142857142857,0,,,,,,7008,0.006006299983710051,0.016002384945750237,0.0015558496816083789,0.001424366724677384,42.47382895205478,-0.00657325703650713,0.00657325703650713,0.3511947699498873
job_000004,Bulgaria,277,277,13.85,7,0.32973708638123106,7,0.06229844152941732,0.3957869975339799,0.4435483326987614,0.26841159123496205,0.15561033760234816,0.42857142857142855,0,,,,,,7039,0.0032479932997375727,0.009892726317048073,0.0008424936677329242,-0.0001187156158266589,-8.020729739500121,0.01969279907643795,0.0,0.2619514804463771
job_000004,Bulgaria,278,278,13.9,7,0.3552707774298532,7,0.06243101939641141,0.3959388982682001,0.44354838921279505,0.2684316981727469,0.1560832640279248,0.42857142857142855,0,,,,,,7071,0.002684444421902299,0.008656246587634087,0.0012047874042764306,-0.00038415452581830323,-17.68522998019431,0.01776937209069729,0.0,0.47106591636092066
job_000004,Bulgaria,279,279,13.95,6,0.31823675086100894,6,0.05233997515412587,0.4389498985475964,0.3974330490018115,0.23728206989056133,0.11294024635007303,0.5,0,,,,,,5764,0.00939352810382843,0.03462761268019676,0.004744147416204214,-0.0023452749010175467,-26.30554401618482,0.19296148419380188,0.0,0.5633865669904674
job_000004,Bulgaria,280,280,14.0,5,0.37833243012428286,5,0.044687013716527106,0.429284725189209,0.3905095700864439,0.2581515640003104,0.12351272476579249,0.4,0,,,,,,4753,0.006512877065688372,0.021920591592788696,0.0040312958881258965,-0.0032270897645503283,-38.677596232758106,0.13865725696086884,0.0,0.7928693281598586
job_000004,Bulgaria,281,281,14.05,4,0.40583541989326477,4,0.03598038896760971,0.37543773899475735,0.361371554268731,0.25404387519004096,0.17104848262970057,0.5,0,,,,,,3856,0.00210184627212584,0.005366162862628698,0.00020506736473180354,-0.0013613036135211587,-81.43335115121972,0.03902428224682808,0.0,0.6549778186478171
job_000004,Bulgaria,282,282,14.1,6,0.3454641029238701,6,0.05512459567383151,0.4392769409550561,0.39670081491823556,0.23708662095824518,0.1125913715996561,0.5,0,,,,,,5955,0.003841760568320751,0.014676724560558796,0.0020950709003955126,-0.0014691415708512068,-35.03956578778195,0.06534700840711594,0.0,0.6660610837917617
job_000004,Bulgaria,283,283,14.15,5,0.36553713083267214,5,0.045820660768565995,0.42992539644241345,0.3901160558064779,0.2584232417934892,0.12445782855245943,0.4,0,,,,,,4929,0.0060301003977656364,0.022527674213051796,0.004184739198535681,-0.0023023656103760004,-28.8187721152797,0.07678478956222534,0.0,0.7920744178599446
job_000004,Bulgaria,284,284,14.2,4,0.36881573498249054,4,0.03668043289768601,0.3757695212960243,0.3612670651188603,0.2543497032576097,0.17141202821801096,0.5,0,,,,,,3983,0.0011036244686692953,0.0022859263699501753,0.0002569980570115149,-0.0004884189111180604,-62.24738738070444,0.016678886488080025,0.0,0.5000856192702836
job_000004,Bulgaria,285,285,14.25,4,0.3873577117919922,4,0.036383715042970215,0.37555502355098724,0.3612007635611075,0.25409313215077967,0.17122398149974538,0.5,0,,,,,,3936,0.0010628466261550784,0.0018428073963150382,0.00036629149690270424,-0.0004856973828282207,-52.97801592495861,0.02333187498152256,0.0,0.5723638129550496
job_000004,Bulgaria,286,286,14.3,4,0.3856469467282295,4,0.03658435154695214,0.3754446526368459,0.3611085406056157,0.25419939063370905,0.1713354037678273,0.5,0,,,,,,3983,0.0015649499837309122,0.004475042689591646,9.424226300325245e-05,-0.00029353753780014813,-72.20041230046891,0.02402770146727562,0.0,0.19699999243098015
job_000004,Bulgaria,287,287,14.35,7,0.3193832848753248,7,0.10189149269636093,0.5238743464152018,0.5233945251141907,0.3397501517693074,0.12893511794372284,0.2857142857142857,0,,,,,,11495,0.011832237243652344,0.028671754524111748,0.0025855766143649817,-0.00740016158670187,-70.74086024449795,-0.002612690906971693,0.002612690906971693,0.662499547956924
job_000004,Bulgaria,288,288,14.4,6,0.3325452481706937,6,0.07693467649344521,0.4889304465717739,0.4563983840706907,0.30772878603122245,0.15738305649050618,0.3333333333333333,0,,,,,,9139,0.0048887357115745544,0.01168605126440525,0.0010743519524112344,0.00187906832434237,60.241360634741966,-0.014314839616417885,0.014314839616417885,0.44275579891996314
job_000004,Bulgaria,289,289,14.45,4,0.3928793668746948,4,0.037019907784278425,0.3759093979994456,0.36133487136275677,0.254620110866939,0.17172824423718194,0.5,0,,,,,,4030,0.001716646715067327,0.004903803579509258,-0.0009491301607340574,-0.00013638734526466578,-171.82273418406626,0.007424499839544296,0.0,0.5585769755796132
job_000004,Bulgaria,290,290,14.5,5,0.3672348350286484,5,0.06878102510158357,0.45512232263882957,0.4467415731924551,0.3259489481564354,0.20434851037092244,0.4,0,,,,,,8207,0.006386635359376669,0.01954527013003826,0.0019773244857788086,-0.0017734799766913056,-41.88921356025311,0.022961564362049103,0.0,0.41588927626659133
job_000004,Bulgaria,291,291,14.55,6,0.35167185465494794,6,0.09895436564467426,0.5051738252242406,0.5256829061625916,0.3633840147497178,0.15747837670243842,0.3333333333333333,0,,,,,,10972,0.006339919753372669,0.02560690976679325,-0.00028812108212150633,0.0034313963260501623,94.79964653443903,-0.024700438603758812,0.024700438603758812,0.5431411470418316
job_000004,Bulgaria,292,292,14.6,6,0.36704086263974506,6,0.09897556418057059,0.5049905197487937,0.5257542592507822,0.3634595578725237,0.15736976282588638,0.3333333333333333,0,,,,,,10945,0.0033851261250674725,0.010941783897578716,0.00037616753252223134,0.0022510848939418793,80.51324386949,-0.004795143846422434,0.004795143846422434,0.6742136470038228
job_000004,Bulgaria,293,293,14.65,6,0.3773721208175023,6,0.09735093120539462,0.5051301856835684,0.525911952831127,0.3639264017648452,0.15762819780139298,0.3333333333333333,0,,,,,,10797,0.0035976541694253683,0.011474606581032276,0.000357216689735651,0.0019554155878722668,79.6473235100271,-0.006302029825747013,0.006302029825747013,0.5525200649450807
job_000004,Bulgaria,294,294,14.7,6,0.40570790072282154,6,0.09813437162962987,0.5050456855032179,0.5258239281030349,0.36386989052998003,0.1572373442189696,0.3333333333333333,0,,,,,,10872,0.00481285760179162,0.01818949356675148,0.0007494281744584441,0.0010551406303420663,54.615201149159525,-0.013247309252619743,0.013247309252619743,0.2689055526489438
job_000004,Bulgaria,295,295,14.75,5,0.39617962539196017,5,0.06594343470668236,0.4510263363520305,0.47223643974021623,0.3527636514371434,0.22623038724912714,0.4,0,,,,,,7818,0.0027845536824315786,0.0056013790890574455,-0.00028940793708898127,0.0008175708935596049,109.49320583625196,-0.012803183868527412,0.012803183868527412,0.31146198123780555
job_000004,Bulgaria,296,296,14.8,4,0.43597935885190964,4,0.05052315789800065,0.4158284505208333,0.4641816059748332,0.38608264012189425,0.27388276360313735,0.5,0,,,,,,5754,0.001413803081959486,0.003848388558253646,0.00044939102372154593,-0.00026680968585424125,-30.698192190470245,-0.009670576080679893,0.009670576080679893,0.36966087785091173
job_000004,Bulgaria,297,297,14.85,5,0.37301136553287506,5,0.06472794691599872,0.4511040918032328,0.4724024468881113,0.35308344260402413,0.22639569469467064,0.4,0,,,,,,7641,0.006166921462863684,0.00884111225605011,0.002340997103601694,-0.004147449508309364,-60.55776700313647,-0.038147080689668655,0.038147080689668655,0.7722687698225194
job_000004,Bulgaria,298,298,14.9,4,0.4309910163283348,4,0.04858893407849696,0.4164412394165993,0.46448032414471657,0.3868787588663578,0.27428499422086783,0.5,0,,,,,,5458,0.008161420002579689,0.015593845397233963,0.006362016778439283,-0.00021189820836298168,-1.9076319631322423,-0.1145646795630455,0.1145646795630455,0.779955524944755
job_000004,Bulgaria,299,299,14.95,6,0.33676688373088837,6,0.12904054395522666,0.39106355574395923,0.5300799346264498,0.3727219084292025,0.27500761519316164,0.3333333333333333,0,,,,,,16221,0.003471717471256852,0.005831712391227484,0.0016693640500307083,0.000521352281793952,17.343893630489625,-0.03372573480010033,0.03372573480010033,0.5037509393832127
job_000004,Bulgaria,300,300,15.0,5,0.31923947632312777,5,0.06440936911605627,0.3935662627220154,0.5318243789672852,0.38722681220764377,0.34524952588394886,0.2,0,,,,,,8659,0.0017035040073096752,0.004074934404343367,0.0002846328425221145,0.0002999634016305208,46.502190735739006,-0.0034699339885264635,0.0034699339885264635,0.2427432409053094
job_000004,Bulgaria,301,301,15.05,4,0.35950014740228653,4,0.053584512317105086,0.45734837154547375,0.4857544810683639,0.39535649408126755,0.32921157622979186,0.25,0,,,,,,7227,0.0016080857021734118,0.0043347496539354324,8.184651960618794e-05,0.00011137868568766862,53.689729851145465,0.0066798715852200985,0.0,0.08595154668355953
job_000004,Bulgaria,302,302,15.1,4,0.3279830999672413,4,0.039160479537696274,0.3027961179614067,0.433397012286716,0.3125789566555638,0.3188337326995472,0.25,0,,,,,,5378,0.001430801465176046,0.0029361415654420853,-6.337169179460034e-05,0.0005284257931634784,96.83856162226974,0.010175543837249279,0.0,0.3719678652016152
job_000004,Bulgaria,303,303,15.15,3,0.3676268408695857,3,0.025027707332025594,0.20713282426198323,0.40873796203990037,0.3018285431908145,0.4396984306152176,0.3333333333333333,0,,,,,,3451,0.0014770542038604617,0.003576694056391716,-0.00012881302973255515,0.0005021482356823981,104.38750467367406,0.018520237877964973,0.0,0.3509734675105347
job_000004,Bulgaria,304,304,15.2,3,0.36646869281927746,3,0.025037016476988267,0.20719344748391047,0.4086299472384982,0.3017551423844607,0.4394795646397264,0.3333333333333333,0,,,,,,3451,0.0008275670115835965,0.0023182430304586887,0.00011064692080253735,-7.968243153300136e-05,-35.75956456521262,0.004250362049788237,0.0,0.16476321080892886
job_000004,Bulgaria,305,305,15.25,4,0.3450966067612171,4,0.03386183450599135,0.2625172222654025,0.4129773599130136,0.2785406950810993,0.2282182911197645,0.5,0,,,,,,3616,0.0015599047765135765,0.005236444063484669,0.0005959595437161624,-0.0002625521447043866,-23.776065043567446,0.002781043527647853,0.0,0.41748105130607366
job_000004,Bulgaria,306,306,15.3,4,0.35123410820961,4,0.03394994471922945,0.2627056981126467,0.4128294732835558,0.27862742674250757,0.22844412817246146,0.5,0,,,,,,3609,0.0016837212024256587,0.004836607724428177,0.0004383855848573148,-0.0008591035148128867,-62.96556976294723,-9.400073759024963e-05,9.400073759024963e-05,0.5728323074814838
job_000004,Bulgaria,307,307,15.35,4,0.3118531368672848,4,0.03409428391632951,0.2768535946806272,0.4138708273569743,0.28813669385882756,0.2580556541538204,0.5,0,,,,,,4563,0.003050363389775157,0.00607473636046052,4.1400886402698234e-05,-0.0018521994352340698,-88.71952173197172,-0.0033954184036701918,0.0033954184036701918,0.6073578268851618
job_000004,Bulgaria,308,308,15.4,4,0.3528670594096184,4,0.04975065245753608,0.3438878491520882,0.5376706238146182,0.4179173593197376,0.47860423609147773,0.25,0,,,,,,6782,0.004652330651879311,0.014118490740656853,0.0017114091897383332,-0.002700972603634,-57.64054882349277,0.027309421449899673,0.0,0.6872955807117018
job_000004,Bulgaria,309,309,15.45,6,0.29692889998356503,6,0.07458924194757496,0.409182526005639,0.5140527872391689,0.35671748395122316,0.2684396293992266,0.3333333333333333,0,,,,,,10009,0.0031025067437440157,0.0087486756965518,0.0003079356683883816,-0.001762887928634882,-80.09172175410087,0.016161169856786728,0.0,0.5768175892482313
job_000004,Bulgaria,310,310,15.5,3,0.37176356712977093,3,0.039642138636219904,0.41270612014664537,0.47831304455980844,0.44678686662943806,0.5340428027505904,0.3333333333333333,0,,,,,,5377,0.00228019617497921,0.007227654103189707,0.0003466517955530435,-0.0016703000292181969,-78.27535655478533,-0.00028869957895949483,0.00028869957895949483,0.7481341499262975
job_000004,Bulgaria,311,311,15.55,5,0.30465120673179624,5,0.08017436180086202,0.5202467699845632,0.5300685875504105,0.3858007514187041,0.2589645740593476,0.2,0,,,,,,10704,0.06381455063819885,0.33976638317108154,-0.019735833629965782,-0.04232100024819374,-115.00136457693422,-0.25241899490356445,0.25241899490356445,0.7317543621173629
job_000004,Bulgaria,312,312,15.6,4,0.34000301361083984,4,0.05772184300273053,0.4603174924850464,0.48367201840436014,0.39654786502320627,0.3335624452878884,0.25,0,,,,,,7693,0.0015834432560950518,0.003846199484542012,0.0003407130716368556,-0.0008752037538215518,-68.7292499222747,0.021234456449747086,0.0,0.5931278061684498
job_000004,Bulgaria,313,313,15.65,4,0.33274776488542557,4,0.05733238504850384,0.46019760618607203,0.48361084902728046,0.3969580718594439,0.3339449664049093,0.25,0,,,,,,7711,0.0012977467849850655,0.0029187961481511593,0.0005219389568082988,-0.000753322325181216,-55.28386855422747,0.014634005725383759,0.0,0.7061999059771339
job_000004,Bulgaria,314,314,15.7,4,0.3197653368115425,4,0.05872778022708088,0.46090945303440095,0.4831373356006764,0.39674786838607445,0.33425921782716106,0.25,0,,,,,,7826,0.0018869320629164577,0.005506409332156181,0.0002775900065898895,-0.0010650015901774168,-75.3910391301585,0.021802609786391258,0.0,0.5832662316243694
job_000004,Bulgaria,315,315,15.75,4,0.3299255818128586,4,0.05570802568852764,0.4595909794171651,0.4838282691107856,0.39641981024898254,0.33289079856165515,0.25,0,,,,,,7431,0.0035076034255325794,0.007727638352662325,0.0007703840383328497,-0.0001376892760163173,-10.133370674149356,0.040196456015110016,0.0,0.22311296087035615
job_000004,Bulgaria,316,316,15.8,4,0.29885849729180336,4,0.05817696964822814,0.46081489423910776,0.483023918999566,0.3968387120205726,0.3342420013545486,0.25,0,,,,,,7878,0.0017373829614371061,0.0038938517682254314,0.00024231537827290595,-0.00037333229556679726,-57.01397584930932,0.04099886864423752,0.0,0.25617681608892306
job_000004,Bulgaria,317,317,15.85,4,0.28119323775172234,4,0.058420060205166525,0.46108972827593486,0.4831792531190095,0.3972109060422683,0.33484756002360594,0.25,0,,,,,,7767,0.002380100777372718,0.004353327210992575,0.0008518756367266178,-0.0008894939091987908,-46.23755067248658,0.03740440681576729,0.0,0.5174661131823761
job_000004,Bulgaria,318,318,15.9,3,0.30109519759813946,3,0.03384762484899556,0.3623677531878154,0.3347706618132415,0.28942900381598363,0.29263584351856753,0.3333333333333333,0,,,,,,4605,0.0024457452818751335,0.005743360612541437,0.0006574488943442702,-0.0008443836704827845,-52.09517781365203,0.005832178983837366,0.0,0.4375561319529765
job_000004,Bulgaria,319,319,15.95,3,0.34240620334943134,3,0.03295880640451447,0.36120194660292726,0.3367001816078468,0.2897816259754536,0.29281666372892884,0.3333333333333333,0,,,,,,4492,0.0036127022467553616,0.00862173829227686,0.0007818092126399279,-3.5816301533486694e-05,-2.623004512158696,0.05974116176366806,0.0,0.2166326308416175
job_000004,Bulgaria,320,320,16.0,3,0.39670418202877045,3,0.034145069377184284,0.3617013308737013,0.3369473115897473,0.29035765493816285,0.29409361399932565,0.3333333333333333,0,,,,,,4623,0.011524521745741367,0.012622124515473843,-0.008630760945379734,-0.0006665486143901944,-175.58384645092826,-0.2894997000694275,0.2894997000694275,0.75113409921165
job_000004,Bulgaria,321,321,16.05,3,0.37276272972424823,3,0.03730673140691691,0.3629463089836968,0.3372503633852358,0.29176484002245207,0.296565192436896,0.3333333333333333,0,,,,,,5075,0.01624343916773796,0.02241506800055504,-0.00989336147904396,-0.004478268325328827,-155.64593099157435,-0.19769182801246643,0.19769182801246643,0.6685603036303728
job_000004,Bulgaria,322,322,16.1,3,0.33045042554537457,3,0.0365695345167898,0.3631248407893711,0.33631702470190733,0.2913668706697564,0.2963865195866869,0.3333333333333333,0,,,,,,4928,0.01610773801803589,0.04809983819723129,-0.012065880931913853,0.00022750395874027163,178.91980765102542,-0.19609282910823822,0.19609282910823822,0.7492067190377436
job_000004,Bulgaria,323,323,16.15,3,0.33596378564834595,3,0.038777012207775095,0.3645448618465,0.3347091792542258,0.2915122341140789,0.2970253317961434,0.3333333333333333,0,,,,,,5218,0.023271115496754646,0.09160181134939194,-0.013663142919540405,-0.002118694130331278,-171.18555291262024,-0.13885152339935303,0.13885152339935303,0.5941458305973567
job_000004,Bulgaria,324,324,16.2,2,0.357407882809639,2,0.013241013164419493,0.2414342115322749,0.2560140609741211,0.2524802873378837,0.5049605746757674,0.5,0,,,,,,1826,0.0007776503916829824,0.0012928572250530124,-0.00011265639477642253,-0.0004848606185987592,-103.08047015850005,0.011304860934615135,0.0,0.6401029863848902
job_000004,Bulgaria,325,325,16.25,3,0.32150088250637054,3,0.023544786991491335,0.3568179527918498,0.33651412681297016,0.2864518336373387,0.2846360963974294,0.3333333333333333,0,,,,,,3261,0.010693133808672428,0.024913547560572624,0.0005676805158145726,-0.009445632807910442,-86.560672830622,-0.1384991705417633,0.1384991705417633,0.8849301187028723
job_000004,Bulgaria,326,326,16.3,2,0.3606347292661667,2,0.013216169719022713,0.2419677456219991,0.25612819636309586,0.252963779746057,0.505927559492114,0.5,0,,,,,,1855,0.0024271870497614145,0.007276296149939299,0.0002693432616069913,-0.0018999926978722215,-81.93150273548301,-0.0024030532222241163,0.0024030532222241163,0.790622547203053
job_000004,Bulgaria,327,327,16.35,2,0.3006165474653244,2,0.013015122310914564,0.2422507087389628,0.25664718239395706,0.2534243472868172,0.5068486945736344,0.5,0,,,,,,1797,0.0037882504984736443,0.010127169080078602,-0.0007745800539851189,-0.001336289569735527,-120.09871898060376,0.015312843956053257,0.0,0.40772199051267444
job_000004,Bulgaria,328,328,16.4,2,0.3001234084367752,2,0.012993937388020394,0.24236409664154052,0.25669805385448313,0.25358433083645354,0.5071686616729072,0.5,0,,,,,,1826,0.0005191281088627875,0.0012693037278950214,-9.042336023412645e-05,-0.00024763806140981615,-110.0593232294024,0.007466868497431278,0.0,0.507833050008206
job_000004,Bulgaria,329,329,16.45,2,0.28297530114650726,2,0.013045540106514063,0.24228153228759763,0.257095389895969,0.2535552060075271,0.5071104120150542,0.5,0,,,,,,1792,0.0004044948145747185,0.0010208857711404562,0.00015532804536633193,-6.686752749374136e-05,-23.2915056948306,-0.0066498504020273685,0.0066498504020273685,0.41807614515824737
job_000004,Bulgaria,330,330,16.5,2,0.29974035918712616,2,0.013138236522575336,0.24245790839195253,0.25707455211215546,0.2536462405580324,0.5072924811160647,0.5,0,,,,,,1792,0.000759981747251004,0.0020983542781323195,0.00022584976977668703,-0.00030537156271748245,-53.513739111599804,-0.010928763076663017,0.010928763076663017,0.49976940560379995
job_000004,Bulgaria,331,331,16.55,2,0.3418641686439514,2,0.013220338348239692,0.2422958960135778,0.25659286181131996,0.2531824351884741,0.5063648703769482,0.5,0,,,,,,1826,0.001742710592225194,0.004934367723762989,0.0008919121464714408,-0.0013337606796994805,-56.228570253545165,-0.012724578380584717,0.012724578380584717,0.9206929903839853
job_000004,Bulgaria,332,332,16.6,3,0.3162979781627655,3,0.023281891599026158,0.3570002251201206,0.3372057926507644,0.2865465904994322,0.284082861761533,0.3333333333333333,0,,,,,,3249,0.002262048190459609,0.004371537361294031,-0.0004915071767754853,0.0007831651601009071,122.11199986690127,0.019867872819304466,0.0,0.40875460342716724
job_000004,Bulgaria,333,333,16.65,2,0.3465752452611923,2,0.01317773930224946,0.2420887808005015,0.256473735526756,0.2529669703225121,0.5059339406450242,0.5,0,,,,,,1826,0.001152027165517211,0.0035127007868140936,0.0007213122444227338,-0.0004967172280885279,-34.55246282306184,-0.019419711083173752,0.019419711083173752,0.7602220157076094
job_000004,Bulgaria,334,334,16.7,2,0.3420644700527191,2,0.013231208032849606,0.24200347065925598,0.2564212339895743,0.2529932447945765,0.5059864895891529,0.5,0,,,,,,1826,0.0008914542850106955,0.0019584179390221834,0.0005928301252424717,-0.00030137403518892825,-26.947186261211435,-0.006818483117967844,0.006818483117967844,0.7460132862473802
job_000004,Bulgaria,335,335,16.75,4,0.2671949751675129,4,0.04911513240918631,0.4224040021498998,0.39400522002467403,0.2901458997888375,0.20579258377328902,0.25,0,,,,,,5600,0.010117570869624615,0.02636568993330002,-0.0054245213977992535,-0.003303198143839836,-148.6611694020059,-0.03527923673391342,0.03527923673391342,0.6277303429881911
job_000004,Bulgaria,336,336,16.8,3,0.31135467688242596,3,0.023479547733578486,0.3570700764656067,0.3376152285823116,0.28703475762689695,0.28498527392690004,0.3333333333333333,0,,,,,,3225,0.0026796094607561827,0.005591895896941423,-0.001522697159089148,-0.0008543455041944981,-150.70435811537934,-0.035535287111997604,0.035535287111997604,0.65158715542928
job_000004,Bulgaria,337,337,16.85,2,0.35238881409168243,2,0.013252863217257814,0.24203044474124907,0.25584517938119394,0.252753549361609,0.505507098723218,0.5,0,,,,,,1825,0.001102255773730576,0.002620574552565813,1.4195564290275797e-05,-0.0004940786748193204,-88.35426568636548,-0.027433469891548157,0.027433469891548157,0.44842819029645914
job_000004,Bulgaria,338,338,16.9,3,0.30266136427720386,3,0.021685130210310006,0.37375743786493937,0.3244678756337107,0.2944849471017125,0.3096076527904772,0.3333333333333333,0,,,,,,2956,0.002708019921556115,0.007093587890267372,-0.00030589353991672397,-0.001988395117223263,-98.74578503405431,-0.03496888652443886,0.03496888652443886,0.742899545162477
job_000004,Bulgaria,339,339,16.95,2,0.35764695703983307,2,0.013224693295376677,0.24189631740252177,0.2558395332760281,0.2527059792715817,0.5054119585431635,0.5,0,,,,,,1796,0.0012109163217246532,0.002566414885222912,0.00014402231317944825,-0.0004967294516973197,-73.83095081336323,-0.018512623384594917,0.018512623384594917,0.4271039762073149
job_000004,Bulgaria,340,340,17.0,2,0.37927666306495667,2,0.013257864056225869,0.24184819062550864,0.25566992936310945,0.25263033865791384,0.5052606773158277,0.5,0,,,,,,1796,0.0005988458287902176,0.0014801939250901341,-0.00018794472271110862,-0.00010735159594332799,-150.26555066211805,-0.003532974747940898,0.003532974747940898,0.3614336388707279
job_000004,Bulgaria,341,341,17.05,3,0.32941890756289166,3,0.04801056758761133,0.36614502800835497,0.3455577167463891,0.29935007048647866,0.3092871398928447,0.3333333333333333,0,,,,,,6458,0.00964092742651701,0.03063763491809368,-0.0005358541384339333,-0.0040433770045638084,-97.54921144666605,-0.0008164090104401112,0.0008164090104401112,0.4230640557767269
job_000004,Bulgaria,342,342,17.1,3,0.32726458211739856,3,0.08063347833958508,0.19110719892713757,0.44117361351295753,0.3415510672652277,0.508125790581284,0.3333333333333333,0,,,,,,10583,0.00044887763215228915,0.0009793232893571258,9.220866559189744e-06,-3.2090552849695086e-05,-73.96857874717212,-0.0015121237374842167,0.0015121237374842167,0.07438338906162371
job_000004,Bulgaria,343,343,17.15,5,0.29205955266952516,5,0.09636239436062553,0.408007265329361,0.36683157673588507,0.4301026395972358,0.3481872823021344,0.4,0,,,,,,12540,0.0011936206137761474,0.0026141495909541845,-4.5748627599095926e-05,-0.00011469378659967333,-111.745882744621,0.003282783553004265,0.0,0.10345094392238582
job_000004,Bulgaria,344,344,17.2,5,0.30548284351825716,5,0.0394208956389448,0.5074690385659536,0.3034254328409831,0.347309222589422,0.26280782509017064,0.4,0,,,,,,5203,0.0026272335089743137,0.0069714440032839775,-0.0013793230755254626,-0.0008435933850705624,-148.55006247713058,-0.010867089033126831,0.010867089033126831,0.615416634410856
job_000004,Bulgaria,345,345,17.25,5,0.31515602469444276,5,0.0987562532993244,0.3294604392846425,0.44945443329987694,0.3168309752560314,0.25170256690140214,0.4,0,,,,,,13045,0.0015651185531169176,0.002453344874083996,-0.0004474066663533449,0.000842995592392981,117.95642512540003,-0.0004641138366423547,0.0004641138366423547,0.6097722821373485
job_000004,Bulgaria,346,346,17.3,4,0.36736249178647995,4,0.03175065938166679,0.3894974410533905,0.35862769020928276,0.2570495035294545,0.18592123543771963,0.5,0,,,,,,4252,0.004321141168475151,0.010630610398948193,-0.0013589832233265042,0.0035460772924125195,110.96861329656578,-0.02431662194430828,0.02431662194430828,0.8788338089382886
job_000004,Bulgaria,347,347,17.35,4,0.32212837040424347,4,0.08954873025509041,0.26571872234344485,0.43832654953002925,0.32300137349805125,0.2851986899933926,0.5,0,,,,,,11723,0.002058998914435506,0.004769657738506794,-0.0003550653927959502,0.0009114761487580836,111.283393295226,-0.0032066681887954473,0.0032066681887954473,0.4750815102489427
job_000004,Bulgaria,348,348,17.4,3,0.3429229458173116,3,0.0228447994311745,0.3246012343300713,0.313170169312277,0.25065035818531883,0.20785304736140606,0.6666666666666666,0,,,,,,2902,0.0027050713542848825,0.008782295510172844,6.851965736132115e-05,0.0011807071277871728,86.67869467844254,-0.007847229018807411,0.007847229018807411,0.43721347540073513
job_000004,Bulgaria,349,349,17.45,4,0.31681112572550774,4,0.05405373617264772,0.4013458028435707,0.37748902991965966,0.27781160236983676,0.20625395124422022,0.5,0,,,,,,7091,0.009259982965886593,0.025504225865006447,-0.00468241423368454,0.0046169874258339405,135.40310315042336,0.00041567342123016715,0.0,0.7101344293031184
job_000004,Bulgaria,350,350,17.5,4,0.34043990820646286,4,0.031713685615225605,0.3901809026797612,0.3580221591172395,0.2570745319779247,0.18542147244821144,0.5,0,,,,,,4157,0.003442795481532812,0.008794523775577545,-0.0013210638426244259,0.0006534691201522946,153.68052875505273,-0.028264833614230156,0.028264833614230156,0.42809665657702917
job_000004,Bulgaria,351,351,17.55,5,0.3092964023351669,5,0.03851972190845342,0.5081833902994791,0.3021569442749023,0.34668624592763503,0.2609250866038556,0.4,0,,,,,,5044,0.009395213797688484,0.01703532040119171,-0.003450911259278655,-0.006071974989026785,-119.61105193813606,-0.039762530475854874,0.039762530475854874,0.7433679844002116
job_000004,Bulgaria,352,352,17.6,5,0.31607051491737365,5,0.09395818597813817,0.4074144800504048,0.36689254195601856,0.4306290661395612,0.34832180778151933,0.4,0,,,,,,12237,0.0011966348392888904,0.0019583655521273613,0.00015238254854921252,0.0004800625320058316,72.38940148026218,-0.0010227917227894068,0.0010227917227894068,0.4209028620113307
job_000004,Bulgaria,353,353,17.65,5,0.31206817328929903,5,0.0964731089860506,0.3294253571828206,0.4481855159335666,0.3169832707809099,0.2512537258313536,0.4,0,,,,,,12581,0.0022027697414159775,0.005283754784613848,-0.00026713727856986225,0.0006120491307228804,113.57952615074184,0.01219115313142538,0.0,0.3031670506320395
job_000004,Bulgaria,354,354,17.7,6,0.29491548736890155,6,0.1214178656642851,0.3770677473809984,0.4684828328497616,0.311685284343682,0.21967203733922555,0.3333333333333333,0,,,,,,15244,0.004011237528175116,0.012742719613015652,-0.0011919374810531735,0.002843604888767004,112.74168843578967,-0.004637613892555237,0.004637613892555237,0.768668145868077
job_000004,Bulgaria,355,355,17.75,6,0.31197277704874676,6,0.12211774013517507,0.37691491345564526,0.46833665753588266,0.31087273088572964,0.21867479970482182,0.3333333333333333,0,,,,,,15310,0.0063522085547447205,0.0203871950507164,-0.0014585371827706695,0.0049318973906338215,106.47481925077126,-0.012441540136933327,0.012441540136933327,0.8096472182195575
job_000004,Bulgaria,356,356,17.8,6,0.32412367810805637,6,0.12196068583229124,0.3769273499647776,0.4679689372027362,0.3107510006051021,0.21861597325507218,0.3333333333333333,0,,,,,,15253,0.003020030912011862,0.008718193508684635,-0.0006610474665649235,0.0019476645393297076,108.74747936789215,-0.006216130685061216,0.006216130685061216,0.6810489827911514
job_000004,Bulgaria,357,357,17.85,6,0.29692498594522476,6,0.12114410331359494,0.3768549515141381,0.46821221834347565,0.31084261112834793,0.21830649534953725,0.3333333333333333,0,,,,,,15297,0.0029134207870811224,0.009917251765727997,-0.000743479875382036,0.001224013278260827,121.27498135585701,-0.005676541943103075,0.005676541943103075,0.49155999066464046
job_000004,Bulgaria,358,358,17.9,6,0.28424526502688724,6,0.12262722302856864,0.377123126718733,0.46825740072462296,0.3103998344041004,0.21776652967695562,0.3333333333333333,0,,,,,,15297,0.003337701316922903,0.01252527441829443,-0.0006552013801410794,0.0008517100941389799,127.57027277846586,-0.010356837883591652,0.010356837883591652,0.3219488752294021
job_000004,Bulgaria,359,359,17.95,6,0.31543535987536114,6,0.12229596994606313,0.3767234381702211,0.4683372715373098,0.30990734239396234,0.21832472759654808,0.3333333333333333,0,,,,,,15330,0.0063817426562309265,0.021372178569436073,-0.0019799149595201015,0.0022719064727425575,131.07141188321756,-0.027933398261666298,0.027933398261666298,0.4722178829855877
job_000004,Bulgaria,360,360,18.0,8,0.2917823102325201,8,0.09128329342248288,0.548943737645944,0.3778736079180682,0.2971993368004195,0.1629099004606016,0.375,0,,,,,,8317,0.0055445837788283825,0.01931600831449032,-0.002725692233070731,0.0010039384942501783,159.7800252292942,-0.033656392246484756,0.033656392246484756,0.523880887958882
job_000004,Bulgaria,361,361,18.05,6,0.3118573725223541,6,0.0603644830634286,0.5246290273136563,0.3473720856654791,0.33422759736818397,0.22733875827596714,0.3333333333333333,0,,,,,,7251,0.005206433590501547,0.02021043933928013,-0.003684591967612505,-0.001985719194635749,-151.6786568284801,-0.03377488628029823,0.03377488628029823,0.8039296110679184
job_000004,Bulgaria,362,362,18.1,7,0.2990246819598334,7,0.06867373874994352,0.5404549976189931,0.3644953909374419,0.31478511860116404,0.19019220569408787,0.2857142857142857,0,,,,,,7734,0.005304811522364616,0.02034952864050865,-0.003632091451436281,-0.0027566931676119566,-142.8021448557637,-0.03975429758429527,0.03975429758429527,0.8595524533012443
job_000004,Bulgaria,363,363,18.15,4,0.3163917548954487,4,0.04536256738639707,0.4458577404419581,0.38958228252552174,0.2958535059401346,0.23167775910266952,0.25,0,,,,,,5604,0.014470293186604977,0.05673917010426521,-0.008773619309067726,-0.009857150726020336,-131.67153186958458,-0.08085169643163681,0.08085169643163681,0.9119514334559362
job_000004,Bulgaria,364,364,18.2,3,0.3634256919225057,3,0.036650104561116746,0.43161189291212293,0.3764494236604667,0.3393300373097819,0.30668531967857615,0.3333333333333333,0,,,,,,4457,0.007579650264233351,0.026636658236384392,-0.0041885338723659515,-0.005611545406281948,-126.73816074225236,-0.04175775498151779,0.04175775498151779,0.9238388201850755
job_000004,Bulgaria,365,365,18.25,4,0.35418784618377686,4,0.04416046422464206,0.4708956251541774,0.4040516394155997,0.30560551380072054,0.21522030755669308,0.5,0,,,,,,4679,0.006382917053997517,0.02164343371987343,-0.0033171719405800104,-0.004266789648681879,-127.86291471697693,-0.03918294981122017,0.03918294981122017,0.8467204760424579
job_000004,Bulgaria,366,366,18.3,7,0.3001824063914163,7,0.1424522826204138,0.4383842112053008,0.47529287186879954,0.3083141265225369,0.1983536909001373,0.42857142857142855,0,,,,,,15319,0.002602960681542754,0.006883807014673948,-0.0009787642629817128,-0.0012099790619686246,-128.9697447794189,-0.008103866130113602,0.008103866130113602,0.5978910393056468
job_000004,Bulgaria,367,367,18.35,8,0.31245486810803413,8,0.14843434811134182,0.4370928704738617,0.46889555586708914,0.2887335186598083,0.1627437380395963,0.375,0,,,,,,15897,0.004904630593955517,0.017532581463456154,-0.0008936544763855636,-0.002069468144327402,-113.35604334155353,-0.03410211578011513,0.03410211578011513,0.4596019154985395
job_000004,Bulgaria,368,368,18.4,5,0.35222878456115725,5,0.06346349864038159,0.4662591505050659,0.40530935781973376,0.27451560418151355,0.16981990858834425,0.4,0,,,,,,6110,0.005706334486603737,0.014780324883759022,0.0002932184434030205,-0.0036596772260963917,-85.41916763597445,-0.021684302017092705,0.021684302017092705,0.6433911259071632
job_000004,Bulgaria,369,369,18.45,6,0.35028722137212753,6,0.07365367223732819,0.4703289229008887,0.4090191005188742,0.2508491355042597,0.1294289877177341,0.3333333333333333,0,,,,,,7249,0.003569233464077115,0.009137609973549843,-0.00023442567908205092,-0.0018135770224034786,-97.36529825462496,-0.02386067993938923,0.02386067993938923,0.5123412023540194
job_000004,Bulgaria,370,370,18.5,6,0.34440840780735016,6,0.07331790701847052,0.4701581208242311,0.4085997769862045,0.2508017427787198,0.12975687149041454,0.3333333333333333,0,,,,,,7227,0.0035354928113520145,0.009481420740485191,-4.1812818381004035e-06,-0.0020961049012839794,-90.114292698027,-0.012894035317003727,0.012894035317003727,0.5928760666495638
job_000004,Bulgaria,371,371,18.55,6,0.3402312571803729,6,0.07266518825095514,0.4697757755716642,0.40870359208848744,0.25063273542058484,0.13011728253995566,0.3333333333333333,0,,,,,,7146,0.00721774622797966,0.017762552946805954,-0.00020669910009019077,-0.004919209983199835,-92.40608219229061,-0.018799150362610817,0.018799150362610817,0.6821451644921493
job_000004,Bulgaria,372,372,18.6,6,0.34421031922101974,6,0.07361099445675791,0.49613707462946577,0.4181521203782823,0.25509211992152386,0.13890333699162158,0.5,0,,,,,,6333,0.0042792377062141895,0.011383384466171265,0.00015967139916028827,-0.001061919261701405,-81.44899854356568,-0.016112200915813446,0.016112200915813446,0.250945712783085
job_000004,Bulgaria,373,373,18.65,7,0.3501550682953426,7,0.08169784384648306,0.48718882855914897,0.4194372772539734,0.2372500562083154,0.11263315222332994,0.42857142857142855,0,,,,,,7147,0.0036550527438521385,0.009507199749350548,-0.00016390361997764558,-0.0012244392419233918,-97.62429842479642,-0.0044899205677211285,0.0044899205677211285,0.3379870834926904
job_000004,Bulgaria,374,374,18.7,7,0.3632631663765226,7,0.08099217410192708,0.4870888624872481,0.4194260602274899,0.23724069145238907,0.11303769825335543,0.42857142857142855,0,,,,,,7094,0.002530819969251752,0.006458047777414322,-0.00010120680235559121,-0.0006055033300071955,-99.48898114065827,-0.005013218615204096,0.005013218615204096,0.24257085660214647
job_000004,Bulgaria,375,375,18.75,7,0.3497247802359717,7,0.08133130905174969,0.4871924868651799,0.4190844561057116,0.23718842808061444,0.11332002366844758,0.42857142857142855,0,,,,,,7186,0.0055618551559746265,0.017326653003692627,0.00018618360627442598,-0.003290552878752351,-86.76158589587124,-0.0159226693212986,0.0159226693212986,0.5925749283771277
job_000004,Bulgaria,376,376,18.8,7,0.35334026387759615,7,0.08023034096701681,0.4869598070780436,0.41898858206612727,0.23725635048693614,0.11378619760685073,0.42857142857142855,0,,,,,,7156,0.00351815577596426,0.009131001308560371,1.1105288649559952e-05,-0.001453045173548162,-89.56211011673079,-0.0037356519605964422,0.0037356519605964422,0.4130253755202961
job_000004,Bulgaria,377,377,18.85,6,0.37363587816556293,6,0.07083017780972395,0.46205799314710827,0.41082358065946606,0.24669300780699358,0.12789979198321505,0.3333333333333333,0,,,,,,7145,0.003747892566025257,0.010241730138659477,0.00020915802451781929,-0.0019501980859786272,-83.87844825917577,0.0025945515371859074,0.0,0.5233293225207002
job_000004,Bulgaria,378,378,18.9,7,0.3564759450299399,7,0.07974837806692202,0.48693377176920566,0.41772552772804544,0.23705623182204322,0.11345065509633537,0.42857142857142855,0,,,,,,7088,0.003486503614112735,0.008204485289752483,7.048370025586337e-05,-0.0020006168633699417,-87.98224787164291,0.0172172412276268,0.0,0.5741735288266626
job_000004,Bulgaria,379,379,18.95,6,0.38973544041315716,6,0.10120937432064177,0.5158470319377051,0.4834475911693808,0.3275492305555279,0.19600184919741745,0.3333333333333333,0,,,,,,11444,0.003962205722928047,0.012243968434631824,3.224300962756388e-05,-0.0019755945540964603,-89.06497800020345,0.006816888228058815,0.0,0.4986761890641355
job_000004,Bulgaria,380,380,19.0,7,0.3632688650063106,7,0.10983469528061443,0.5330667118231455,0.4806568176027328,0.30629866057163674,0.17200218293264738,0.42857142857142855,0,,,,,,11394,0.001117601990699768,0.0031718795653432608,-4.6042339818086475e-05,3.306174403405748e-05,144.31890722498073,-0.0013170207384973764,0.0013170207384973764,0.05071852003393651
job_000004,Bulgaria,381,381,19.05,6,0.3921062499284744,6,0.1005664552393507,0.5159895151853561,0.4835356182522244,0.32763820294751583,0.19605545482698863,0.3333333333333333,0,,,,,,11394,0.001469251699745655,0.0034355835523456335,-0.0004835636354982853,0.0002993111847899854,148.24375218507367,0.00885575357824564,0.0,0.3870685531919022
job_000004,Bulgaria,382,382,19.1,6,0.39785465598106384,6,0.10053696503189488,0.5160236888461643,0.4834746137077426,0.3275985612100837,0.19600973493671822,0.3333333333333333,0,,,,,,11344,0.0012483985628932714,0.003346939804032445,-0.00021141351317055523,0.00015095749404281378,144.4716833256654,0.008201722986996174,0.0,0.20808780487799314
job_000004,Bulgaria,383,383,19.15,7,0.37008679125990185,7,0.10783854491823132,0.5822173603943417,0.42608953001637934,0.37128333217315906,0.2443626027505814,0.2857142857142857,0,,,,,,12425,0.002187395701184869,0.006082572974264622,-0.0004800157039426267,-0.00010457028110977262,-167.71026322557051,0.013005000539124012,0.0,0.22459305108343575
job_000004,Bulgaria,384,384,19.2,7,0.36611406079360415,7,0.16882655425781096,0.4552351789815086,0.5301308117215596,0.35705441905944585,0.24173882857608156,0.2857142857142857,0,,,,,,20250,0.0024299481883645058,0.0056717973202466965,-0.0004222474235575646,-0.0005575744435191154,-127.13640510731445,-0.007646509911864996,0.007646509911864996,0.2878314766142331
job_000004,Bulgaria,385,385,19.25,6,0.38794035464525223,6,0.1279194573033354,0.3956974208354949,0.47456006650571475,0.31962058980367747,0.22195559984346436,0.3333333333333333,0,,,,,,14852,0.0022381064482033253,0.006597091443836689,-6.15922617726028e-05,-0.00024224387016147375,-104.26558692175053,0.00302123767323792,0.0,0.11167985068704177
job_000004,Bulgaria,386,386,19.3,6,0.3739242007335027,6,0.12798344201805967,0.39579430354966055,0.4749332734096198,0.3195867441774348,0.22203849665787576,0.3333333333333333,0,,,,,,14953,0.0015777972294017673,0.004032001830637455,-0.00020947396114934236,-8.23625159682706e-05,-158.53587458834807,0.0035251241642981768,0.0,0.14265727975246756
job_000004,Bulgaria,387,387,19.35,8,0.33162290789186954,8,0.14315713666552424,0.4986040577292442,0.424124264717102,0.3641277097059769,0.2339575969278515,0.375,0,,,,,,15783,0.002344782231375575,0.006329055409878492,-5.184562542126514e-05,-8.681530016474426e-05,-120.84541936566987,0.009454755112528801,0.0,0.04312471933278481
job_000004,Bulgaria,388,388,19.4,9,0.31569210688273114,9,0.15289038215908038,0.49763276135479967,0.4245494520713272,0.34328673317655334,0.20231442479328138,0.3333333333333333,0,,,,,,16984,0.0012333971681073308,0.0035792957060039043,0.00014981788990553468,0.00014219843433238566,43.50534515735802,0.00281444750726223,0.0,0.16746998195367424
job_000004,Bulgaria,389,389,19.45,9,0.31625250809722477,9,0.15347638553325627,0.4976491914855109,0.42467973418687105,0.34319166791401085,0.2021464300621604,0.3333333333333333,0,,,,,,16920,0.001753239776007831,0.005538583733141422,0.000228087927098386,-0.00021274789469316602,-43.007048031966306,-0.008019296452403069,0.008019296452403069,0.17790302940514466
job_000004,Bulgaria,390,390,19.5,7,0.3497378315244402,7,0.1379328969839288,0.40920186411766774,0.46813486492823037,0.298058358008252,0.182744497964425,0.2857142857142857,0,,,,,,16004,0.0019168180879205465,0.004706950392574072,0.0004379838064778596,-5.8413057558937e-05,-7.5965991935315405,0.005424229893833399,0.0,0.23051840915885108
job_000004,Bulgaria,391,391,19.55,8,0.3201488386839628,8,0.13989043420795633,0.5497033675511679,0.5290917184617784,0.3316557406142084,0.11659687730312072,0.25,0,,,,,,13818,0.005830839741975069,0.014907031320035458,-0.00164405582472682,0.0023259264416992664,125.254164907197,0.00687621021643281,0.0,0.4884900342836744
job_000004,Bulgaria,392,392,19.6,8,0.3132591377943754,8,0.16647519019922044,0.5120791683594386,0.46683364753369927,0.4042968102933901,0.28048768933363355,0.25,0,,,,,,21626,0.0021133681293576956,0.004193061497062445,0.000358714401954785,-0.00032251051743514836,-41.95786207666911,0.02707602083683014,0.0,0.22825107158518593
job_000004,Bulgaria,393,393,19.65,7,0.32788697310856413,7,0.1265136293049184,0.46877674545560566,0.4093594197873716,0.38220095840836554,0.2691504937767037,0.2857142857142857,0,,,,,,16314,0.001371684717014432,0.003647227305918932,8.427155262324959e-05,-0.0004002852365374565,-78.11120811744125,0.008299457840621471,0.0,0.2982171122627176
job_000004,Bulgaria,394,394,19.7,4,0.35992348194122314,4,0.09877673638543243,0.30826332569122317,0.4737340361983688,0.35740259272628694,0.37011488764673756,0.25,0,,,,,,13041,0.013778858818113804,0.0620642825961113,-0.009355085901916027,-2.586284972494468e-05,-179.84160184355144,-0.05066891387104988,0.05066891387104988,0.6789474930580912
job_000004,Bulgaria,395,395,19.75,5,0.27956357300281526,5,0.10954497647573384,0.3654692971706391,0.4942577778851544,0.342152276557911,0.2610290156125507,0.4,0,,,,,,12776,0.01027699001133442,0.03742503374814987,-0.005744722671806812,-0.0001826716325012967,-178.17871310108393,-0.01830456592142582,0.01830456592142582,0.559271366706642
job_000004,Bulgaria,396,396,19.8,6,0.2928680380185445,6,0.12332619437131076,0.46965977350870763,0.42632238129038874,0.41747919526902283,0.32153321558272574,0.3333333333333333,0,,,,,,14467,0.014349620789289474,0.04324734956026077,-0.0077185919508337975,0.000194799795281142,178.55429106623913,0.016923602670431137,0.0,0.5380664636319988
job_000004,Bulgaria,397,397,19.85,4,0.44819648936390877,4,0.11560848923263957,0.41171690821647644,0.6747870198002568,0.26719351940991254,0.27819350885633476,0.25,0,,,,,,15261,0.06969214230775833,0.26766717433929443,-0.04801946505904198,-0.024754146113991737,-152.72878919363382,0.08155304193496704,0.0,0.7751865170455228
job_000004,Bulgaria,398,398,19.9,6,0.4145364984869957,6,0.13421102339442892,0.4435717211829291,0.6142869030987775,0.24191448335379506,0.18776815393033353,0.16666666666666666,0,,,,,,17406,0.02946167252957821,0.0997903048992157,-0.0016119122738018632,-0.022158371284604073,-94.16065664520234,0.039720796048641205,0.0,0.7540957913450742
job_000004,Bulgaria,399,399,19.95,6,0.35277946293354034,6,0.12527666493143993,0.6225288099712796,0.5559013296056676,0.3353631060040986,0.27388568312163813,0.16666666666666666,0,,,,,,16606,0.028624234721064568,0.10011419653892517,-0.004701533354818821,-0.020586395636200905,-102.86461023804729,0.06923733651638031,0.0,0.7377120015681623
job_000007,Bulgaria,0,0,0.0,5,0.42839816212654114,5,0.06735960361438899,0.5261629931131998,0.4811625007346825,0.33816849310673996,0.21862437158650794,0.4,0,,,,,,0,,,,,,,,
job_000007,Bulgaria,1,1,0.05,6,0.3727201198538144,6,0.08130056582592295,0.5363733636008369,0.48495989905463327,0.30947279650605103,0.15021426971706925,0.3333333333333333,0,,,,,,8515,0.003959005232900381,0.010598604567348957,0.0005940973642282188,0.0004387821245472878,36.44844013527236,0.0020950278267264366,0.0,0.18655371837294527
job_000007,Bulgaria,2,2,0.1,6,0.3831789270043373,6,0.08123244621703993,0.5366455872853596,0.4851656678282184,0.30955188536834966,0.1499607202306352,0.3333333333333333,0,,,,,,8465,0.0034260537941008806,0.008010483346879482,0.0006573374848812819,-0.0006767830345779657,-45.83505876917469,-0.013481889851391315,0.013481889851391315,0.27537975908916595
job_000007,Bulgaria,3,3,0.15,6,0.3754353001713753,6,0.08124476910372862,0.5366317139731512,0.48520186742146815,0.30960652128138494,0.1499937493091969,0.3333333333333333,0,,,,,,8465,0.0007007474196143448,0.001708726049400866,-2.2161675587994978e-05,0.00011474089114926755,100.93180536332716,0.002388040767982602,0.0,0.16676694678199483
job_000007,Bulgaria,4,4,0.2,6,0.37913604577382404,6,0.08115730069447895,0.5366941981845432,0.4852337943183051,0.30978393282625644,0.15002867260996225,0.3333333333333333,0,,,,,,8575,0.0010517763439565897,0.002661348320543766,0.00034200685331597924,0.0003458655846770853,45.321406542841686,0.0031390392687171698,0.0,0.46246231084175604
job_000007,Bulgaria,5,5,0.25,6,0.3547416503230731,6,0.08162663997340043,0.5365679634941949,0.48500959372814795,0.3097692242673034,0.15026255799806296,0.3333333333333333,0,,,,,,8621,0.001370032667182386,0.003098326502367854,0.0005379670183174312,0.00034703005803748965,32.825124635243576,0.005131220445036888,0.0,0.4672780568806095
job_000007,Bulgaria,6,6,0.3,7,0.35940380820206236,7,0.0983564621095704,0.5385888587860834,0.4962608559421761,0.2880154866277868,0.13847759502290855,0.42857142857142855,0,,,,,,9971,0.003386693773791194,0.00553556252270937,0.001476922887377441,-0.0010097990743815899,-34.36112722220459,-0.015204663388431072,0.015204663388431072,0.5282829504766842
job_000007,Bulgaria,7,7,0.35,7,0.3620083225624902,7,0.0989654984602654,0.5385516688937233,0.4961166008439644,0.2880588794276257,0.13832077484826621,0.42857142857142855,0,,,,,,10007,0.0023804018273949623,0.004645024426281452,0.000572898075915873,-4.812056795344688e-05,-4.8012882888741,0.009103820659220219,0.0,0.24152034358363692
job_000007,Bulgaria,8,8,0.4,7,0.36265634638922556,7,0.0986057736401868,0.538494991120838,0.4964709710822534,0.2879272324108605,0.13848202917865343,0.42857142857142855,0,,,,,,9999,0.0017471214523538947,0.0034275129437446594,-0.00014063525304663926,0.00023711372341495007,120.67273442862778,-0.0007132472819648683,0.0007132472819648683,0.1577927722199483
job_000007,Bulgaria,9,9,0.45,6,0.37937599420547485,6,0.08160342694720901,0.5364455223083496,0.4856868579063886,0.3096598763145853,0.15045599748941788,0.3333333333333333,0,,,,,,8552,0.0013700815616175532,0.0026349269319325686,0.00013799592852592468,0.0002888030430767685,64.46058663543037,0.004416761454194784,0.0,0.23361983694855323
job_000007,Bulgaria,10,10,0.5,7,0.3618422618934086,7,0.09884233191744302,0.5384271122160412,0.4966112308401279,0.28781040350159953,0.13837786195310836,0.42857142857142855,0,,,,,,9999,0.0028766454197466373,0.006819411180913448,0.0011058117961511016,-0.001467838417738676,-53.00706604925051,-0.001200461876578629,0.001200461876578629,0.6388559523118368
job_000007,Bulgaria,11,11,0.55,6,0.3603302960594495,6,0.08155156518780177,0.5364498125182258,0.4858077932287146,0.30958916539768055,0.15035767107556816,0.3333333333333333,0,,,,,,8552,0.0005405695410445333,0.0012714206241071224,0.00017382518853992224,1.45073099702131e-05,4.770803114998316,0.0011415064800530672,0.0,0.3226773041243022
job_000007,Bulgaria,12,12,0.6,7,0.33469212906701223,7,0.09817043927710242,0.5384535278592791,0.4968132594275096,0.28779717735506827,0.13824899294734225,0.42857142857142855,0,,,,,,10008,0.0015338067896664143,0.0026982154231518507,-0.0001466801477363333,-0.0003259096120018512,-114.23078942159215,-0.0008062864653766155,0.0008062864653766155,0.2330126182361438
job_000007,Bulgaria,13,13,0.65,7,0.3310465450797762,7,0.09763122215718559,0.5384366273880005,0.4968448749925724,0.2877870524729724,0.13828773216610551,0.42857142857142855,0,,,,,,9995,0.000913575233425945,0.0016478142933920026,-7.507182453991845e-05,0.0003394547093193978,102.47047941918457,-0.0075485678389668465,0.0075485678389668465,0.3805453863596724
job_000007,Bulgaria,14,14,0.7,6,0.3461124350627263,6,0.08497285032702806,0.5587079366048177,0.5042719181673027,0.30474004052840614,0.19127755412830924,0.5,0,,,,,,9445,0.00508839963003993,0.0059591601602733135,0.0018165779765695333,-0.0018026476027444005,-44.77947003625717,-0.05260099843144417,0.05260099843144417,0.5029475065975946
job_000007,Bulgaria,15,15,0.75,6,0.3487435653805733,6,0.0868847933951582,0.5632544067170885,0.4938907246530791,0.30358975789516945,0.18966075342057767,0.5,0,,,,,,9615,0.004241764545440674,0.0063136275857687,2.4175606085918844e-05,-0.003136887913569808,-89.55843727581617,-0.0008418792858719826,0.0008418792858719826,0.7395462519854339
job_000007,Bulgaria,16,16,0.8,5,0.36167699098587036,5,0.06985960575904396,0.5657789897918702,0.4798874198065864,0.3307872911981231,0.21952066380468346,0.4,0,,,,,,8122,0.004445299971848726,0.0040255822241306305,-0.00016609960584901273,-0.0032454051543027163,-92.92983759592326,0.00841549038887024,0.0,0.7310311740800203
job_000007,Bulgaria,17,17,0.85,6,0.32297390202681225,6,0.08036743171683572,0.5650556882222494,0.4953325200963903,0.30346525962058174,0.1911295729322515,0.5,0,,,,,,8934,0.004769896622747183,0.009396109730005264,-0.0008621602901257575,-0.0025882634799927473,-108.42310964483605,0.019725298509001732,0.0,0.5719372202216431
job_000007,Bulgaria,18,18,0.9,7,0.30727462683405193,7,0.09894442662353004,0.5623431909651984,0.5047326486577433,0.281950627038598,0.15508271822646247,0.5714285714285714,0,,,,,,9566,0.006589606869965792,0.012273451313376427,0.0006231105653569102,-0.00484855379909277,-82.6767893216121,-0.03664780035614967,0.03664780035614967,0.7418392880791813
job_000007,Bulgaria,19,19,0.95,6,0.334270437558492,6,0.08094444437190872,0.5649005770683289,0.49523690306110146,0.3034365331570239,0.19113675983251965,0.5,0,,,,,,9024,0.0017211103113368154,0.00438222149387002,-0.0004643596475943923,-5.475093348650262e-05,-173.27551230736736,-0.010064695030450821,0.010064695030450821,0.2716712834802466
job_000007,Bulgaria,20,20,1.0,5,0.3427449524402618,5,0.07256762789344245,0.6000938669840494,0.49284967210557723,0.3210288690555814,0.20372698501453607,0.6,0,,,,,,7797,0.0012826872989535332,0.0028432304970920086,-0.0006370572373270988,-0.00017192754603456706,-164.89695589138904,0.002695748582482338,0.0,0.514427194620503
job_000007,Bulgaria,21,21,1.05,5,0.34548247456550596,5,0.07032709669246501,0.5657529719670614,0.47993403964572484,0.3300683295056092,0.2186756152955424,0.4,0,,,,,,8202,0.0018385234288871288,0.004013195168226957,-0.0004923214437440038,-3.846262552542612e-05,-175.5328394657577,-0.005274341441690922,0.005274341441690922,0.26859685180418025
job_000007,Bulgaria,22,22,1.1,4,0.3801806792616844,4,0.061370711585248636,0.6102577904860179,0.47306792117931223,0.3552512679808148,0.2525236546876545,0.5,0,,,,,,6880,0.0057776388712227345,0.013460608199238777,-0.00146594294346869,0.0015062728198245168,134.22260357645294,-0.026103489100933075,0.026103489100933075,0.3637934865645187
job_000007,Bulgaria,23,23,1.15,3,0.3860580424467723,3,0.0484874572905239,0.6168421745300293,0.46144045606071565,0.4096133513985477,0.477500579684296,0.3333333333333333,0,,,,,,6474,0.0019561834633350372,0.0032828806433826685,-0.00046186475083231926,0.0001237388059962541,165.00202332567983,-0.006994463503360748,0.006994463503360748,0.2444315985447156
job_000007,Bulgaria,24,24,1.2,5,0.3301700443029404,5,0.06980104300350326,0.49811859130859376,0.39589087450945815,0.41714249060812014,0.3375203082149282,0.4,0,,,,,,7814,0.004832034930586815,0.004594980739057064,-0.0004928582347929478,0.0030593983829021454,99.15152057549497,-0.040593571960926056,0.040593571960926056,0.6413122021676585
job_000007,Bulgaria,25,25,1.25,5,0.34925747811794283,5,0.06979447300489662,0.4983260031541188,0.3959956303349247,0.4171713404875895,0.33733775639278935,0.4,0,,,,,,7815,0.0027021041605621576,0.002583549590781331,-0.00044151113252155483,0.0017535710940137506,104.13209837373692,0.004006203729659319,0.0,0.6692186706967118
job_000007,Bulgaria,26,26,1.3,4,0.35662107914686203,4,0.05508290220691516,0.47632112875580784,0.36776778433058,0.4596012234577666,0.5295755914567113,0.25,0,,,,,,7406,0.0021444291342049837,0.005089741200208664,-0.0010034878505393863,0.0004368741065263748,156.47382705919946,0.00380496634170413,0.0,0.5103744781342626
job_000007,Bulgaria,27,27,1.35,4,0.362985335290432,4,0.054931338665902094,0.47650506322582564,0.36771620291250723,0.45980521699688,0.5301613265483672,0.25,0,,,,,,7366,0.00099798699375242,0.0027923942543566227,-0.0005019563832320273,0.00013041944475844502,165.43532283132123,0.006289610639214516,0.0,0.5196687359473542
job_000007,Bulgaria,28,28,1.4,5,0.3238893121480942,5,0.06301947183599556,0.4591245949268341,0.3956304027416088,0.4164640415651702,0.3666971175142338,0.2,0,,,,,,8535,0.0009402120485901833,0.0023879078216850758,-0.00031227487488649786,-5.952356514171697e-05,-169.20815330391792,-0.0008785980753600597,0.0008785980753600597,0.3381122757407231
job_000007,Bulgaria,29,29,1.45,5,0.3347599357366562,5,0.06271489487927435,0.4593149960041047,0.39553314632839626,0.41646875071066264,0.3668852740701595,0.2,0,,,,,,8535,0.0012491209199652076,0.002781979274004698,-8.148870256263763e-05,9.828180736803915e-06,173.12289377300272,0.006089566275477409,0.0,0.06570960389739544
job_000007,Bulgaria,30,30,1.5,5,0.35918659567832945,5,0.06176424591628499,0.4598357949654262,0.3953706105550131,0.41648113561564776,0.36735391392210487,0.2,0,,,,,,8401,0.003939315676689148,0.007653381209820509,-0.0013190974714234471,0.0020492831245064735,122.7688683248541,0.021422917023301125,0.0,0.6186671609431982
job_000007,Bulgaria,31,31,1.55,5,0.345832622051239,5,0.061732234244108314,0.4598743230104446,0.395319753576208,0.4163616215859231,0.36720570865247154,0.2,0,,,,,,8376,0.0013400980969890952,0.0030119281727820635,0.00014827298582531512,0.0003630502906162292,67.78445634032515,0.004054145887494087,0.0,0.2926361747908823
job_000007,Bulgaria,32,32,1.6,5,0.3541583180427551,5,0.06173903543484509,0.45986828962961834,0.3954368266352901,0.41644780822366667,0.3673022038887434,0.2,0,,,,,,8297,0.0008478647214360535,0.0021001582499593496,-4.886642636847682e-05,-0.00015267544949892908,-107.74817192825786,0.004747703671455383,0.0,0.18906917773667914
job_000007,Bulgaria,33,33,1.65,5,0.3400352865457535,5,0.061809520206105535,0.4598380802075068,0.3953191283897118,0.41624848057878433,0.36712810184498074,0.2,0,,,,,,8376,0.0011102615389972925,0.0025783590972423553,-0.00026434421306475997,-0.0005115112871862948,-117.32949467251458,0.0007764398469589651,0.0,0.5185977862963321
job_000007,Bulgaria,34,34,1.7,5,0.33953329622745515,5,0.06165632662941424,0.4598805044094722,0.39536059909396704,0.41652946921597644,0.36746617535695214,0.2,0,,,,,,8335,0.0016187616856768727,0.004108209162950516,-0.0003108512028120458,-0.00014335260493680835,-155.2426677252327,-0.0012535143177956343,0.0012535143177956343,0.21146618906235698
job_000007,Bulgaria,35,35,1.75,4,0.37590888142585754,4,0.053130320226648764,0.4777520850300789,0.36758495789987067,0.4599714208728122,0.5317309689695494,0.25,0,,,,,,7237,0.0009499559528194368,0.002156768226996064,0.00026248409994877875,0.00031373853562399745,50.08302579041214,-0.00051613844698295,0.00051613844698295,0.4306090374550527
job_000007,Bulgaria,36,36,1.8,5,0.35766978859901427,5,0.061391711041703816,0.460117329955101,0.39535244977032696,0.41662230255244,0.36770650961234336,0.2,0,,,,,,8387,0.001607803045772016,0.003593368688598275,0.0003220517246518284,1.8285985788679682e-05,3.24974526961296,-0.007813519798219204,0.007813519798219204,0.20062808298576068
job_000007,Bulgaria,37,37,1.85,5,0.3779045850038528,5,0.06105771151943838,0.4601981961727142,0.3952382080643265,0.41653918086497627,0.36774451035924827,0.2,0,,,,,,8215,0.0014286746736615896,0.003776411758735776,0.0003594922018237412,0.00019895391596946865,28.9614756306208,-0.0005836287164129317,0.0005836287164129317,0.28759089607767957
job_000007,Bulgaria,38,38,1.9,4,0.349467683583498,4,0.0530157793354472,0.47789360905687017,0.3674445770404957,0.45965183055946907,0.5315783876124703,0.25,0,,,,,,7116,0.003602145006880164,0.009796356782317162,0.001187393325380981,0.002672916743904352,66.04770889937265,0.005009164568036795,0.0,0.8119574124844062
job_000007,Bulgaria,39,39,1.95,5,0.4001931339502335,5,0.060768058016234236,0.460222995877266,0.3954448134810836,0.41641739776870884,0.36740407842217476,0.2,0,,,,,,8190,0.00419276487082243,0.01372716948390007,0.0012194396695122123,-0.0011455498170107603,-43.21047830896734,-0.007384634111076593,0.007384634111076593,0.3990483973145551
job_000007,Bulgaria,40,40,2.0,5,0.37554964423179626,5,0.061146058603238615,0.4603632958730062,0.3957002908212167,0.4165923423787476,0.36756851384602285,0.2,0,,,,,,8247,0.003637337125837803,0.011837674304842949,0.0009426457108929753,0.0012491352390497923,52.96038526551747,0.00143151986412704,0.0,0.43023300535217257
job_000007,Bulgaria,41,41,2.05,5,0.35140176117420197,5,0.061020910623675956,0.46032131870587667,0.395846645920365,0.41676649338662347,0.3676648551313847,0.2,0,,,,,,8196,0.003083922201767564,0.00995665229856968,0.0007860573241487145,0.0014222098980098963,61.07051211230543,-0.0006360302795656025,0.0006360302795656025,0.5269206165198875
job_000007,Bulgaria,42,42,2.1,6,0.33509981632232666,6,0.07948845058175238,0.4531558735503091,0.4147929521254552,0.3832392322672539,0.2755026083613473,0.3333333333333333,0,,,,,,9617,0.0033606530632823706,0.01144383568316698,0.00032137378002516925,0.0014813273446634412,77.75937926748088,7.885003287810832e-05,0.0,0.45103957247697396
job_000007,Bulgaria,43,43,2.15,5,0.3548992156982422,5,0.06144516079677588,0.4603304962317149,0.39599589736373336,0.41690377055151995,0.3677424643974291,0.2,0,,,,,,8328,0.0010090292198583484,0.0022985513787716627,-0.00013535436301026493,0.00046453491086140275,106.24485962138297,0.00012216031609568745,0.0,0.47952303451710715
job_000007,Bulgaria,44,44,2.2,5,0.34949674010276793,5,0.06134461817615515,0.4604470058282216,0.39580653296576607,0.41692730929644195,0.3678408554512461,0.2,0,,,,,,8247,0.0012009443016722798,0.0027455072849988937,9.326900180894881e-05,0.0008138641715049744,83.46241214166886,0.0012699095532298088,0.0,0.682122444014028
job_000007,Bulgaria,45,45,2.25,5,0.35143879652023313,5,0.06138644361054183,0.4604414264361063,0.39564234203762483,0.4167156225300747,0.36761592088914,0.2,0,,,,,,8196,0.0007108547142706811,0.0017814149614423513,8.560463902540505e-05,0.0001781257742550224,64.33174214797305,0.0011308345710858703,0.0,0.2780150399840321
job_000007,Bulgaria,46,46,2.3,5,0.3504128634929657,5,0.061781294111876356,0.4603987882534663,0.395771317658601,0.416669688659598,0.3675257204696254,0.2,0,,,,,,8421,0.002168667037039995,0.005246688146144152,-0.0003047139325644821,-0.0007877758471295238,-111.14661171667048,-0.009517955593764782,0.009517955593764782,0.38948098966971895
job_000007,Bulgaria,47,47,2.35,5,0.36179512441158296,5,0.06137577817318566,0.46042064964771273,0.395662333170573,0.41668206781862976,0.3676003785817187,0.2,0,,,,,,8276,0.0014359898632392287,0.0042984881438314915,3.376297536306083e-05,-0.0010440469486638904,-88.14778246288883,-0.011220899410545826,0.011220899410545826,0.727437397547395
job_000007,Bulgaria,48,48,2.4,5,0.36629273891448977,5,0.0611804569592155,0.4604045820236206,0.3956991866782859,0.4165549105254583,0.36744386452272115,0.2,0,,,,,,8288,0.0011712691048160195,0.002585846930742264,-0.00010590812598820776,-2.29790857702028e-05,-167.758174778313,-0.003121476387605071,0.003121476387605071,0.09252559017163102
job_000007,Bulgaria,49,49,2.45,5,0.36073562502861023,5,0.06120579371844806,0.4603835751612981,0.3957247387921369,0.4164057131590237,0.3672413072232891,0.2,0,,,,,,8288,0.0007464702939614654,0.0018086787313222885,-7.293520320672542e-05,-8.003888069652021e-05,-132.34125842446971,-0.012114986777305603,0.012114986777305603,0.145063478553614
job_000007,Bulgaria,50,50,2.5,5,0.3720030725002289,5,0.06255803738231294,0.4601903597513835,0.3963280925044307,0.4171979313941852,0.3677045150966659,0.2,0,,,,,,8431,0.003499424085021019,0.0090838223695755,-7.775446283631027e-05,-0.002340395003557205,-91.90282604471425,-0.056411076337099075,0.056411076337099075,0.669163325374582
job_000007,Bulgaria,51,51,2.55,5,0.3611151039600372,5,0.0629461726380394,0.4600475023190181,0.39681506192242655,0.4176193212059742,0.3679742495703481,0.2,0,,,,,,8523,0.002021322725340724,0.004749067593365908,0.00044081947999075055,-0.0014448828296735883,-73.03357004187154,-0.02224048785865307,0.02224048785865307,0.7473481127078405
job_000007,Bulgaria,52,52,2.6,5,0.3618419706821442,5,0.06349853227876512,0.4600591878096262,0.3976902446040401,0.41816642017990613,0.36850861023297926,0.2,0,,,,,,8592,0.0013650370528921485,0.002542783273383975,0.0001818080199882388,-0.000891096075065434,-78.46836215122235,-0.001344999298453331,0.001344999298453331,0.6662484979991861
job_000007,Bulgaria,53,53,2.65,5,0.3559723824262619,5,0.06259053386817234,0.4600844570000967,0.39693930590594256,0.4173945576616659,0.36772662249816407,0.2,0,,,,,,8472,0.0012540932511910796,0.0021240413188934326,0.0002694746945053339,-0.0005573190283030272,-64.1953211353081,-0.004926349967718124,0.004926349967718124,0.4936224254931435
job_000007,Bulgaria,54,54,2.7,6,0.3524831682443619,6,0.07561666633724778,0.482280203865634,0.4157232025523245,0.38675517381911484,0.2729193603807037,0.3333333333333333,0,,,,,,8941,0.002507507335394621,0.004717590752989054,0.00029943662229925394,-0.001918066176585853,-81.1269580482269,-0.006007250864058733,0.006007250864058733,0.774194573767087
job_000007,Bulgaria,55,55,2.75,6,0.3363466262817383,6,0.07580813442884302,0.48221013579103683,0.4158548567030165,0.3868162647911881,0.27302676901703576,0.3333333333333333,0,,,,,,8917,0.0009938476141542196,0.002392226830124855,0.0002388836001046002,-0.0003582409699447453,-56.30370055696064,-0.004856148734688759,0.004856148734688759,0.43324880067536553
job_000007,Bulgaria,56,56,2.8,6,0.3494306926925977,6,0.07631002774446567,0.4821015407641729,0.4162315374539222,0.38724588365905427,0.273402910160271,0.3333333333333333,0,,,,,,9019,0.0008735598530620337,0.0016043344512581825,0.00014262078911997378,-0.0003448261704761535,-67.52991558608217,-0.0072782463394105434,0.0072782463394105434,0.42716764494183745
job_000007,Bulgaria,57,57,2.85,6,0.34368446469306946,6,0.07715724452523341,0.482042208313942,0.4168073524663478,0.3877163439585591,0.2738989164848012,0.3333333333333333,0,,,,,,9137,0.0009423714363947511,0.0018792964983731508,6.74269613227807e-05,-0.0005799574428237975,-83.3684553260794,-0.00891951285302639,0.00891951285302639,0.6195687365395602
job_000007,Bulgaria,58,58,2.9,5,0.37981780171394347,5,0.07168595705645225,0.5669799105326334,0.48317190382215713,0.33326299217182226,0.22156530296933324,0.4,0,,,,,,8399,0.001752020325511694,0.003099004505202174,0.00022543520026374608,-0.0007141513051465154,-72.48072518607209,-0.021455368027091026,0.021455368027091026,0.42744248381159117
job_000007,Bulgaria,59,59,2.95,5,0.3540221780538559,5,0.07222835361256004,0.5672772614161173,0.4838273196750217,0.3339510542047845,0.2221942662955075,0.4,0,,,,,,8458,0.0009298693621531129,0.0017120805568993092,-3.95336355722975e-05,-0.000338858924806118,-96.65444078405348,-0.013480914756655693,0.013480914756655693,0.36688730545653303
job_000007,Bulgaria,60,60,3.0,5,0.33996354341506957,5,0.07122798741364224,0.567788971265157,0.4838636822170681,0.3338512739711808,0.22172749283716145,0.4,0,,,,,,8321,0.0015716840280219913,0.0022253443021327257,0.0002043892745859921,0.00015740207163617015,37.600200724100304,-0.03018474020063877,0.03018474020063877,0.16413834693635088
job_000007,Bulgaria,61,61,3.05,5,0.35165425539016726,5,0.07170042573074799,0.5679267644882202,0.48448131137424044,0.33452936478825285,0.22211666805765687,0.4,0,,,,,,8380,0.0014011862222105265,0.0023458495270460844,-1.3361490346142091e-05,2.4806826331769116e-05,118.3078609659523,-0.026023365557193756,0.026023365557193756,0.020108943154395077
job_000007,Bulgaria,62,62,3.1,5,0.40024758577346803,5,0.07304185049953374,0.5669071388244629,0.4843015077379015,0.33439770986087536,0.2226258881962694,0.4,0,,,,,,8552,0.004954258445650339,0.01466930378228426,0.0003252725873608142,-0.0021407376043498516,-81.36032432353983,-0.023818228393793106,0.023818228393793106,0.4370600075503544
job_000007,Bulgaria,63,63,3.15,5,0.38634119033813474,5,0.07329946172625322,0.5671405982971192,0.4847842449612088,0.3344914294043658,0.22257055853746968,0.4,0,,,,,,8560,0.002156360074877739,0.005643543321639299,2.4028122425079346e-06,-0.0001355327112833038,-88.9843294780388,-0.013449973426759243,0.013449973426759243,0.06286241824821227
job_000007,Bulgaria,64,64,3.2,5,0.39417633414268494,5,0.07304838021398474,0.5671056048075358,0.4846480489660193,0.3345175174477157,0.2227633384317988,0.4,0,,,,,,8602,0.003141470719128847,0.004610844422131777,-0.001015229383483529,0.001100695924833417,132.68696390952965,0.01868198998272419,0.0,0.4766573672533637
job_000007,Bulgaria,65,65,3.25,6,0.39328494171301526,6,0.08265081219811332,0.5377975145975749,0.4886149477075647,0.3125539920146688,0.1523983305798339,0.3333333333333333,0,,,,,,8866,0.0025889708194881678,0.005451110191643238,-0.0005697945598512888,0.0002828061697073281,153.60341316702642,0.021534999832510948,0.0,0.24570275433854247
job_000007,Bulgaria,66,66,3.3,5,0.39839923083782197,5,0.07333263364890436,0.5670802577336629,0.48400074852837466,0.3344304867063732,0.22306335212691675,0.4,0,,,,,,8579,0.002456522546708584,0.0054987468756735325,0.00075529795140028,-0.00012073048128513619,-9.081608682235633,0.0021760016679763794,0.0,0.31136948668822567
job_000007,Bulgaria,67,67,3.35,5,0.39045482873916626,5,0.07344063597258355,0.5671922906239828,0.4841753330937138,0.3344393877681586,0.22312145430283542,0.4,0,,,,,,8579,0.0012295892229303718,0.0017917560180649161,1.4816328985034488e-05,0.0005233309930190444,88.37829896408525,0.008646898902952671,0.0,0.42578503300934384
job_000007,Bulgaria,68,68,3.4,5,0.3955586075782776,5,0.07366219279546014,0.5669857915242513,0.4840009491531937,0.334219505085585,0.22287221907429838,0.4,0,,,,,,8579,0.0019299447303637862,0.0035807467065751553,9.884926112135872e-05,0.00046907298383302987,78.0999907185292,-0.009269392117857933,0.009269392117857933,0.24838807721988784
job_000007,Bulgaria,69,69,3.45,4,0.41945819556713104,4,0.05939482908909723,0.5609343647956848,0.4774160279168023,0.3727434911365468,0.32918092944360533,0.25,0,,,,,,8077,0.001928093028254807,0.005768196191638708,0.00041740620508790016,-0.0006255150656215847,-56.284817707212206,-0.009157140739262104,0.009157140739262104,0.3900202736872847
job_000007,Bulgaria,70,70,3.5,5,0.3804028511047363,5,0.07270635047022855,0.5667749849955241,0.48348247951931417,0.33346729954708765,0.2223219345213922,0.4,0,,,,,,8561,0.0025139956269413233,0.004366553388535976,0.00030959982541389763,0.00043200055370107293,54.37214277752929,-0.0065390439704060555,0.0065390439704060555,0.21141055538863773
job_000007,Bulgaria,71,71,3.55,5,0.3715782105922699,5,0.07227826247743782,0.5669417921702068,0.4832315077605071,0.3332879833400959,0.22211424814586414,0.4,0,,,,,,8510,0.0006089244270697236,0.001390468911267817,8.336806058650836e-05,-9.144958312390372e-05,-47.6468021220076,-0.001822338905185461,0.001822338905185461,0.20322186324140076
job_000007,Bulgaria,72,72,3.6,5,0.3443729102611542,5,0.07227001268468473,0.5666965516408284,0.4832944926509152,0.33290085657673396,0.22154841629349895,0.4,0,,,,,,8436,0.0010773552348837256,0.0024927500635385513,0.0003983432543464005,-0.00016714156663510948,-22.762522155222694,-0.008077233098447323,0.008077233098447323,0.40097082977762577
job_000007,Bulgaria,73,73,3.65,5,0.35310338735580443,5,0.07243011071385326,0.5665602922439575,0.48318101105866595,0.3328144052270663,0.2214652604152692,0.4,0,,,,,,8385,0.0008229925879277289,0.0020176460966467857,0.0003634773602243513,4.152161636739038e-05,6.516899270211823,-0.01071311254054308,0.01071311254054308,0.4445255971774752
job_000007,Bulgaria,74,74,3.7,5,0.37787762880325315,5,0.07288306247050688,0.5666037448247273,0.48357609501591436,0.3333454159870483,0.2219886823862332,0.4,0,,,,,,8470,0.001566784456372261,0.004680807236582041,0.0006777583621442318,-3.390021447557956e-05,-2.863442133188641,-0.008824216201901436,0.008824216201901436,0.43311997554069426
job_000007,Bulgaria,75,75,3.75,5,0.35978267192840574,5,0.07317287598531959,0.5665435473124186,0.4839087634616428,0.3335950012078175,0.22226794990544416,0.4,0,,,,,,8521,0.0014673556433990598,0.0027185254730284214,0.00019549716671463102,-0.0006502174655906856,-73.26584427110089,0.00012636448082048446,0.0,0.4627175465184587
job_000007,Bulgaria,76,76,3.8,5,0.3458299100399017,5,0.07380116255121215,0.5661800956726074,0.48400476808901177,0.33367047181756304,0.22232746978828924,0.4,0,,,,,,8538,0.0013852149713784456,0.0027241946663707495,0.00021286822448018938,-0.00025663161068223417,-50.325311422028754,0.005335685797035694,0.0,0.24070318157416715
job_000007,Bulgaria,77,77,3.85,5,0.35456802845001223,5,0.07395660682871864,0.5662587833404541,0.4842221804018374,0.33383671254585484,0.222662874259622,0.4,0,,,,,,8589,0.0007949016871862113,0.0017458387883380055,7.800065213814378e-05,0.0001478173944633454,62.180173512707725,-0.0023599392734467983,0.0023599392734467983,0.21025861404486587
job_000007,Bulgaria,78,78,3.9,5,0.3508741706609726,5,0.07575063510360641,0.56531844774882,0.48426099706579134,0.3337755543778871,0.22207469819986841,0.4,0,,,,,,8702,0.0023977821692824364,0.006220127455890179,0.0007555263000540435,0.0003288735169917345,23.523040888280132,-0.01614907756447792,0.01614907756447792,0.34365135032086835
job_000007,Bulgaria,79,79,3.95,6,0.35440527151028317,6,0.08583590096683583,0.5649232069651285,0.49734145152715986,0.30576315324767694,0.19219589533707748,0.5,0,,,,,,9378,0.0039264969527721405,0.009819354861974716,0.0010314008686691523,0.001726183108985424,59.14152473037032,-0.031601130962371826,0.031601130962371826,0.5121217697175955
job_000007,Bulgaria,80,80,4.0,5,0.3472383737564087,5,0.0695258191138158,0.5615778001149495,0.49538943537959346,0.3345326721788885,0.24428628073093722,0.4,0,,,,,,9076,0.0028700334951281548,0.006312239915132523,0.0008018240914680064,5.70323973079212e-05,4.068500369866436,-0.02967084012925625,0.02967084012925625,0.28008378406195145
job_000007,Bulgaria,81,81,4.05,4,0.3661764897406101,4,0.061881715132191775,0.6043295284112294,0.4931566079457601,0.36179040683227254,0.2720131747097937,0.5,0,,,,,,7942,0.0007200462277978659,0.0014183380408212543,-2.3888973373686895e-05,2.0170775314909406e-05,139.8237560802233,0.0020261032041162252,0.0,0.04342177830501774
job_000007,Bulgaria,82,82,4.1,3,0.3999113589525223,3,0.04928664889880981,0.6188184685177273,0.46486095852322046,0.4119333035597947,0.48175339334281064,0.3333333333333333,0,,,,,,6683,0.0019747698679566383,0.0036490624770522118,0.0004636693047359586,-0.0011103827273473144,-67.33575008968172,-0.04258209466934204,0.04258209466934204,0.6093385360753418
job_000007,Bulgaria,83,83,4.15,3,0.41296620666980743,3,0.04848767226253439,0.6190546088748509,0.46411573857436944,0.4113051967316067,0.48110098539370183,0.3333333333333333,0,,,,,,6490,0.003348248777911067,0.008744335733354092,-0.0007966867415234447,0.00010053255391540006,172.8079557722596,-0.03297639638185501,0.03297639638185501,0.2398282683494633
job_000007,Bulgaria,84,84,4.2,4,0.35066646337509155,4,0.05593315015980478,0.47802782207727434,0.37043642379619457,0.46226929859352905,0.5337189790774665,0.25,0,,,,,,7555,0.0032085676211863756,0.008858566172420979,-0.0010683781001716852,0.0009244107059203088,139.1321078209041,0.014065862633287907,0.0,0.4403170198762473
job_000007,Bulgaria,85,85,4.25,5,0.32372342944145205,5,0.08106934724267274,0.5933919763565063,0.5070446918628834,0.3261556876321685,0.20707192969901653,0.6,0,,,,,,8828,0.004909716080874205,0.007298991549760103,0.0004198331735096872,0.003266690531745553,82.67652475456967,0.016379347071051598,0.0,0.6708246147360447
job_000007,Bulgaria,86,86,4.3,5,0.34729858338832853,5,0.06945418714914878,0.49447923024495444,0.4129451822351527,0.42475793267500683,0.3565733271246578,0.4,0,,,,,,9086,0.003205709857866168,0.005441141314804554,-9.29796151467599e-05,0.0008565100724808872,96.19556007942333,-0.035733792930841446,0.035733792930841446,0.26875234925306724
job_000007,Bulgaria,87,87,4.35,4,0.3762572631239891,4,0.05788117019497714,0.4783248523871105,0.37334803916789866,0.465010625554987,0.5381076794995141,0.25,0,,,,,,7774,0.0009152699494734406,0.0020148218609392643,-0.0003492804244160652,-0.00020894716726616025,-149.11121610266548,0.0019431834807619452,0.0,0.44468658931960625
job_000007,Bulgaria,88,88,4.4,4,0.37435364723205566,4,0.05782123782491144,0.4783059477806091,0.37327284901230423,0.46515127248446103,0.5382559970682799,0.25,0,,,,,,7774,0.0011148113990202546,0.002954420866444707,-7.639205432496965e-05,-0.0007113536121323705,-96.12948600516718,-0.001977684907615185,0.001977684907615185,0.6417621082079169
job_000007,Bulgaria,89,89,4.45,4,0.3793373517692089,4,0.058468884462360204,0.4782609860102336,0.3737142280296043,0.4655061769791134,0.5387531406072663,0.25,0,,,,,,7825,0.00106927496381104,0.0025993967428803444,-7.579366501886398e-05,-0.0005590278306044638,-97.72114960993063,-0.003486337373033166,0.003486337373033166,0.5275935095126185
job_000007,Bulgaria,90,90,4.5,4,0.36762119829654694,4,0.05804774398218909,0.4783842245737711,0.3734022370091191,0.46521911859896536,0.5384023031506211,0.25,0,,,,,,7723,0.0023096571676433086,0.005798371508717537,-0.0002624743210617453,-0.0009383184951730072,-105.6278146518784,-0.002711724257096648,0.002711724257096648,0.4218539123818374
job_000007,Bulgaria,91,91,4.55,4,0.3724004998803139,4,0.058035891989194496,0.4784029722213745,0.3732737753126356,0.4650845327268962,0.538224963342075,0.25,0,,,,,,7774,0.0009466646006330848,0.0026746978983283043,-0.0001428851392120123,-0.000421753094997257,-108.7157941552345,-0.002001712564378977,0.002001712564378977,0.4703880494386641
job_000007,Bulgaria,92,92,4.6,4,0.370929479598999,4,0.05830804566747775,0.47830897867679595,0.37368495552628134,0.4654091715264603,0.5386999165460197,0.25,0,,,,,,7820,0.001078781788237393,0.0026810893323272467,-0.00029312027618288994,-0.0004118071810808033,-125.4428847813872,-0.003577027702704072,0.003577027702704072,0.46856063395307856
job_000007,Bulgaria,93,93,4.65,4,0.3866608217358589,4,0.057703682660115045,0.4783138970534007,0.3734844472673204,0.4651204193768292,0.5383031486326574,0.25,0,,,,,,7769,0.0012748182052746415,0.0036934521049261093,-0.00025624874979257584,-0.000796989188529551,-107.823687925381,-0.0035597323440015316,0.0035597323440015316,0.656698296191839
job_000007,Bulgaria,94,94,4.7,4,0.38129352778196335,4,0.05717253508649691,0.478192608555158,0.3732220261185258,0.46481292195746393,0.5375986031215546,0.25,0,,,,,,7759,0.002085622865706682,0.00596545310690999,-0.0007996884523890913,-0.0005706838564947248,-144.48710334875852,0.0070042782463133335,0.0,0.47105189640219913
job_000007,Bulgaria,95,95,4.75,4,0.37573257088661194,4,0.056727253662472915,0.47817767063776656,0.3729255693930167,0.46456560105953076,0.5373082122918245,0.25,0,,,,,,7727,0.0007415242725983262,0.001473620068281889,-0.00032219584682025015,-4.7890735004330054e-05,-171.54553642101422,0.0072160218842327595,0.0,0.43927841591377703
job_000007,Bulgaria,96,96,4.8,4,0.3581794574856758,4,0.055775768015144556,0.47810458540916445,0.3719211701993589,0.4637180698982794,0.5360690351092724,0.25,0,,,,,,7574,0.0012873628875240684,0.002542591653764248,0.00015330614405684173,0.00015503323811572045,45.32092613286983,-0.011694328859448433,0.011694328859448433,0.16936350300161138
job_000007,Bulgaria,97,97,4.85,5,0.34497263431549074,5,0.06725286933012824,0.4944205486774444,0.4118707685117369,0.4236409169753624,0.35580361383663905,0.4,0,,,,,,8817,0.0011747145326808095,0.00269162654876709,4.319658182794228e-05,-5.400739246397279e-05,-51.346229057313494,-0.0040855128318071365,0.0040855128318071365,0.05887164707136533
job_000007,Bulgaria,98,98,4.9,6,0.3265541543563207,6,0.07553303624360147,0.4765579455428653,0.4282564486986325,0.3905073048966833,0.2940796043776573,0.3333333333333333,0,,,,,,9789,0.0016299765557050705,0.003974897786974907,-0.00034854639670811594,0.00036452070344239473,133.7166603376737,-0.0015446440083906054,0.0015446440083906054,0.3094161612808216
job_000007,Bulgaria,99,99,4.95,6,0.31786835938692093,6,0.07561970448049843,0.47671198911137047,0.42820275918937023,0.39060036967274225,0.29414425973105784,0.3333333333333333,0,,,,,,9916,0.0009482330060563982,0.002470185048878193,-0.0001480684441048652,-0.00019527792755980045,-127.17102874181995,-0.002446825848892331,0.002446825848892331,0.25844575293156197
job_000007,Bulgaria,100,100,5.0,6,0.33381545543670654,6,0.07543194605043801,0.4767182128296957,0.4279710204512985,0.39053856021318484,0.293979604294546,0.3333333333333333,0,,,,,,9807,0.0008285672520287335,0.0020507769659161568,-0.00016977128689177334,-6.660578947048634e-05,-158.57860271887967,-0.00651941355317831,0.00651941355317831,0.22010218552333147
job_000007,Bulgaria,101,101,5.05,5,0.34459066987037656,5,0.06735225159386618,0.49424708724021915,0.41213953512686274,0.4239046267622189,0.35599923465395433,0.4,0,,,,,,8696,0.0007620789110660553,0.0021156794391572475,-0.00023139578115660697,-0.00018750644812826067,-140.9811863604247,-0.0024172470439225435,0.0024172470439225435,0.390812473374843
job_000007,Bulgaria,102,102,5.1,5,0.3340567141771317,5,0.06789664909514799,0.4942574298381806,0.412660439102738,0.42415725865329806,0.35620856731168393,0.4,0,,,,,,8834,0.0015699757495895028,0.003645661287009716,-0.0004800667811650783,0.00012457456614356488,165.45293000658833,-0.0034557003527879715,0.0034557003527879715,0.3159072165796144
job_000007,Bulgaria,103,103,5.15,5,0.32794628143310545,5,0.06778139488272318,0.49429439147313436,0.41248704345137976,0.42391026733595594,0.3558925692601522,0.4,0,,,,,,8821,0.0010016050655394793,0.0020622150041162968,-0.00025328912306576967,-0.00015486232587136328,-148.55816122860773,-0.002900593215599656,0.002900593215599656,0.2964042272635216
job_000007,Bulgaria,104,104,5.2,5,0.31074127852916716,5,0.06781291756075748,0.49424477259318034,0.41250330748381436,0.42403303147830645,0.3559866329294409,0.4,0,,,,,,8825,0.0007000027690082788,0.0018071986269205809,2.842994945240207e-05,-0.00010218755051027983,-74.45271834213158,-0.008993352763354778,0.008993352763354778,0.15152603667583953
job_000007,Bulgaria,105,105,5.25,5,0.3123851478099823,5,0.06736085494849788,0.4944258753458658,0.4121237323902272,0.4239721469431456,0.35594185059621625,0.4,0,,,,,,8737,0.0006133520510047674,0.0014438577927649021,-8.861774404067546e-05,0.00016342710296157748,118.46859984771494,-0.00037141787470318377,0.00037141787470318377,0.3031004710138874
job_000007,Bulgaria,106,106,5.3,4,0.3307606168091297,4,0.05666201127048091,0.4777891471982002,0.3726038402981229,0.46385042427447415,0.5357661585827898,0.25,0,,,,,,7676,0.0016740531427785754,0.0043393089435994625,0.00031328361365012825,-0.0004221019917167723,-53.41723778283693,-0.016092224046587944,0.016092224046587944,0.3140033903331528
job_000007,Bulgaria,107,107,5.35,4,0.3317066393792629,4,0.05706500742022012,0.477849376698335,0.3731256484985352,0.4644417235313898,0.5365060791077721,0.25,0,,,,,,7680,0.0008768232073634863,0.0022513705771416426,-0.00015340188110712916,-2.853105434041936e-05,-169.464004169984,-0.012054861523211002,0.012054861523211002,0.1779521271686314
job_000007,Bulgaria,108,108,5.4,4,0.3572404310107231,4,0.057075942870873135,0.477781879901886,0.373235199186537,0.4643636767912653,0.5366122210794233,0.25,0,,,,,,7662,0.0011321271304041147,0.0026655083056539297,-0.00012851991050411016,-0.00012903488823212683,-134.8854379293952,-0.013215210288763046,0.013215210288763046,0.1608645388607371
job_000007,Bulgaria,109,109,5.45,4,0.33558687195181847,4,0.056744151307282685,0.4778208295504252,0.37284288406372074,0.46407247981668415,0.5361980116154705,0.25,0,,,,,,7573,0.000588582013733685,0.001725589856505394,-0.00011296387674519792,-0.00013955208123661578,-128.9892935947342,-0.010214251466095448,0.010214251466095448,0.30504297851270673
job_000007,Bulgaria,110,110,5.5,5,0.2772988885641098,5,0.06538546107399112,0.459909257888794,0.4005159738328722,0.4204783059300273,0.37093466935003844,0.2,0,,,,,,8870,0.000868622912093997,0.002217097207903862,1.4328755241876934e-05,4.252145663485862e-05,71.3773641140476,-0.02382841147482395,0.02382841147482395,0.051657383311162444
job_000007,Bulgaria,111,111,5.55,5,0.27295083105564116,5,0.06550733078808056,0.45991501410802205,0.4004019447609231,0.42061332918844574,0.3711345926601738,0.2,0,,,,,,8837,0.0004956935881637037,0.0011870278976857662,5.833710383740254e-05,5.563036393141374e-05,43.6394746999772,-0.014936617575585842,0.014936617575585842,0.1626204097156649
job_000007,Bulgaria,112,112,5.6,5,0.2791875243186951,5,0.06547211867005133,0.4598881653944651,0.39994967778523766,0.4203870048114172,0.3710422740120068,0.2,0,,,,,,8820,0.0007146672578528523,0.001518094795756042,-2.288963514729403e-05,0.00027380583924241364,94.77870409583981,-0.022903991863131523,0.022903991863131523,0.3844599495632438
job_000007,Bulgaria,113,113,5.65,5,0.29165597558021544,5,0.06573555625798083,0.4598684827486673,0.39974040419967083,0.42029051872599665,0.37101476506306585,0.2,0,,,,,,8912,0.0007928822305984795,0.0016427987720817327,0.0001476622128393501,0.00021532467508222908,55.559018584802054,-0.021771462634205818,0.021771462634205818,0.32929435235236565
job_000007,Bulgaria,114,114,5.7,5,0.29747935831546785,5,0.06531134602585227,0.45988442818323766,0.39968211845115376,0.4200875670284014,0.37078542523395,0.2,0,,,,,,8820,0.0013184313429519534,0.002663632156327367,0.00017755659064278007,0.00036288658156991005,63.92798255034451,-0.04117804393172264,0.04117804393172264,0.3064219510207267
job_000007,Bulgaria,115,115,5.75,5,0.2855439156293869,5,0.06535430029627116,0.45985069990158084,0.39988575617472333,0.4202003521826638,0.37091199151496335,0.2,0,,,,,,8820,0.00062153534963727,0.0013604683335870504,3.184273009537719e-05,4.878704930888489e-05,56.867990549245796,-0.017843909561634064,0.017843909561634064,0.09373434802958532
job_000007,Bulgaria,116,116,5.8,5,0.27744159996509554,5,0.06478276617873192,0.4597216856479645,0.3988665425335919,0.41914805579503217,0.3698505132887756,0.2,0,,,,,,8802,0.0012820486444979906,0.002317485399544239,0.0005562538281083107,-0.00025608783471398056,-24.720371865146006,-0.026164263486862183,0.026164263486862183,0.4776510369407915
job_000007,Bulgaria,117,117,5.85,5,0.280729877948761,5,0.06592885244057964,0.4598593107859294,0.3999586585715965,0.42032685249793267,0.37096382519669724,0.2,0,,,,,,8841,0.002282909583300352,0.005349930375814438,0.0007288681226782501,0.0013344809412956238,61.35747183562124,-0.008272130973637104,0.008272130973637104,0.6660601949911049
job_000007,Bulgaria,118,118,5.9,5,0.3038735330104828,5,0.06436650294325347,0.4597856573263804,0.39850352817111545,0.4188333161250047,0.36962536698003523,0.2,0,,,,,,8684,0.0024106400087475777,0.004549291450530291,-6.254439358599484e-05,0.0013862705091014504,92.58326296869545,0.03425763174891472,0.0,0.5756482490608902
job_000007,Bulgaria,119,119,5.95,5,0.28513104319572447,5,0.06472571950494742,0.45980302969614656,0.3988445006476508,0.41909206294608675,0.36985927142780417,0.2,0,,,,,,8734,0.0006323367706499994,0.0012176744639873505,-4.501570947468281e-05,0.00014092765923123807,107.71474190455135,0.0014151831855997443,0.0,0.2339617562948655
job_000007,Bulgaria,120,120,6.0,5,0.2935932606458664,5,0.06449802169939277,0.4597423370679219,0.39918389920835146,0.4193514435085009,0.37006243169339,0.2,0,,,,,,8680,0.001124402740970254,0.0021043193992227316,-0.00013927470718044788,0.00014453905168920755,133.93736604153997,0.0045083751901984215,0.0,0.17851357555288336
job_000007,Bulgaria,121,121,6.05,5,0.298207214474678,5,0.0638213257861205,0.45977308233578995,0.3988401314064309,0.41906954322200735,0.3697631749175132,0.2,0,,,,,,8630,0.0007867417298257351,0.0012664125533774495,-0.00012830508057959378,-2.710435182962101e-05,-168.07168468240616,0.004895466845482588,0.0,0.16668331679041182
job_000007,Bulgaria,122,122,6.1,5,0.3290507227182388,5,0.06360094385124902,0.45985119342803954,0.3991731248078523,0.41929135535941064,0.36986519651015903,0.2,0,,,,,,8585,0.0027386920992285013,0.006077972706407309,-0.00015354700735770166,-0.00039929334889166057,-111.03409120339202,-0.005262518301606178,0.005262518301606178,0.15620553219128858
job_000007,Bulgaria,123,123,6.15,5,0.30074022710323334,5,0.0628637951426541,0.4599368949731192,0.39857319019458914,0.4185451522408778,0.3690801702571536,0.2,0,,,,,,8400,0.0010583436815068126,0.002606339054182172,-0.00011334757436998188,0.00014070291945245117,128.85425248667866,-0.01653205417096615,0.01653205417096615,0.17071886304032383
job_000007,Bulgaria,124,124,6.2,5,0.3135723084211349,5,0.06269425414455046,0.45996289491653447,0.3984028682002315,0.41861757871513083,0.3692172654965754,0.2,0,,,,,,8428,0.0010693494696170092,0.002212309744209051,8.778350456850603e-05,-0.0003244279942009598,-74.8594923713043,-0.012526178732514381,0.012526178732514381,0.3142980301221827
job_000007,Bulgaria,125,125,6.25,5,0.30513903200626374,5,0.06267426316190688,0.46013443152109784,0.39839950985378686,0.41875518563509573,0.36947297176247884,0.2,0,,,,,,8475,0.0007249327027238905,0.0015864439774304628,7.316132541745901e-05,-8.025701390579343e-05,-47.648076418175215,-0.016239169985055923,0.016239169985055923,0.14980578855403714
job_000007,Bulgaria,126,126,6.3,5,0.29322673976421354,5,0.0632048767736464,0.4601551310221354,0.3990605481465658,0.4192510467019984,0.3700050212222659,0.2,0,,,,,,8484,0.001784964231774211,0.005115574225783348,0.00027581449830904603,0.0005855097551830113,64.77640868983117,-0.022478347644209862,0.022478347644209862,0.3625961859670899
job_000007,Bulgaria,127,127,6.35,5,0.27598724365234373,5,0.062100500151713346,0.4600859244664511,0.3977049326013635,0.41793180603484986,0.36861700182236373,0.2,0,,,,,,8380,0.001716039958409965,0.0027841750998049974,0.00012362886627670377,-0.0003716002975124866,-71.5980703431035,-0.03003452904522419,0.03003452904522419,0.22821493119171538
job_000007,Bulgaria,128,128,6.4,4,0.2688053548336029,4,0.030906836864023606,0.5054735402266185,0.2969249451601947,0.3964973977958514,0.3827496334744525,0.25,0,,,,,,4280,0.00042751876753754914,0.001194067532196641,0.00010708070476539433,-0.0001736095582600683,-58.33411396080949,-0.004563164431601763,0.004563164431601763,0.47711788872083755
job_000007,Bulgaria,129,129,6.45,4,0.27159831672906876,4,0.030879942671497723,0.505508894721667,0.2969815872333668,0.3965556600907943,0.38290323152081207,0.25,0,,,,,,4212,0.0008522466523572803,0.002614636905491352,0.00015093208639882505,-0.0005489347386173904,-74.62617149550756,-0.009898081421852112,0.009898081421852112,0.6680066802386976
job_000007,Bulgaria,130,130,6.5,4,0.3550434336066246,4,0.0313739509229093,0.5053891539573669,0.2964159356223212,0.3962811553346775,0.3826474230404052,0.25,0,,,,,,4251,0.007134974934160709,0.02355579473078251,0.000979858567006886,-0.004256658721715212,-77.03666278962531,-0.057038575410842896,0.057038575410842896,0.612193033157624
job_000007,Bulgaria,131,131,6.55,5,0.29764295518398287,5,0.05551519980755652,0.43993062257766724,0.4047794108920627,0.4355415743508386,0.3844497269423214,0.2,0,,,,,,7507,0.007292380090802908,0.025501884520053864,0.0018992102704942226,-0.005915150977671146,-72.19944628207061,0.011686748825013638,0.0,0.8519260781951354
job_000007,Bulgaria,132,132,6.6,5,0.2939646393060684,5,0.05488978296642657,0.4401012508074443,0.404630170751501,0.43508866680153996,0.38385621187220237,0.2,0,,,,,,7409,0.006281695328652859,0.021816229447722435,0.001623612130060792,-0.005234856624156237,-72.76851012943287,0.011856229044497013,0.0,0.8725130685116326
job_000007,Bulgaria,133,133,6.65,4,0.2707192935049534,4,0.0331356146704123,0.548864675561587,0.31236226823594837,0.39985801050143355,0.3517087672896517,0.5,0,,,,,,4120,0.0027724665123969316,0.0022384854964911938,0.00042382601532153785,0.0021735120099037886,78.9660151510265,-0.057088702917099,0.057088702917099,0.7987287378641865
job_000007,Bulgaria,134,134,6.7,5,0.2703951209783554,5,0.039256834130638865,0.5171423125267028,0.35869484018396447,0.3749048768668161,0.2918856893025983,0.4,0,,,,,,4982,0.003736412851139903,0.0073177386075258255,0.0001221483835252002,0.0011882093967869878,84.13058967511088,-0.023754291236400604,0.023754291236400604,0.31968398416873234
job_000007,Bulgaria,135,135,6.75,6,0.27345699568589527,6,0.04402066041063442,0.4785221957498127,0.45817908063346957,0.4174586503883565,0.31433463863211913,0.3333333333333333,0,,,,,,5617,0.00662200665101409,0.01767689175903797,-0.005476201418787241,-0.00014777320029679686,-178.4542704206484,0.007604035548865795,0.0,0.8272711198142243
job_000007,Bulgaria,136,136,6.8,6,0.32390280812978745,6,0.06909519674152717,0.47732355064815946,0.4313514756567684,0.3892833424138213,0.28904959854049295,0.3333333333333333,0,,,,,,9008,0.0021089043002575636,0.005139474291354418,0.00014767926768399775,0.000765863514970988,79.08577522500704,0.008366882801055908,0.0,0.3698469635382416
job_000007,Bulgaria,137,137,6.85,4,0.3356269523501396,4,0.028612007455700493,0.5061639219522476,0.30521432735301834,0.40091478561286154,0.39011597849172097,0.25,0,,,,,,3896,0.0005663455813191831,0.002062272746115923,-6.263300019782037e-05,-0.00039763085078448057,-98.95142213756402,0.006884593982249498,0.0,0.710755893603486
job_000007,Bulgaria,138,138,6.9,5,0.3319235324859619,5,0.058237499425226984,0.46074631055196125,0.40352655552051686,0.4189861623585091,0.3675906108168371,0.2,0,,,,,,7865,0.002871148753911257,0.008614265359938145,0.0003972630074713379,0.0011766107054427266,71.34360271586776,0.0040358551777899265,0.0,0.43253272471155335
job_000007,Bulgaria,139,139,6.95,5,0.2868090569972992,5,0.06079696342050918,0.4604864227771759,0.39672836444996024,0.4167675116268842,0.3676039925760009,0.2,0,,,,,,8192,0.0009939962765201926,0.0024280499201267958,2.7847985620610416e-05,0.0001900005736388266,81.66164808108073,0.01078855898231268,0.0,0.193190401734085
job_000007,Bulgaria,140,140,7.0,6,0.26997758944829303,6,0.07241919652081098,0.47702467905150514,0.42635949570455667,0.38790890556943286,0.2912670370689993,0.3333333333333333,0,,,,,,9385,0.0012566071236506104,0.0025514396838843822,-0.00014737620949745178,-4.968998473486863e-05,-161.36773444884685,0.014427890069782734,0.0,0.12376789904537755
job_000007,Bulgaria,141,141,7.05,6,0.2963624248902003,6,0.07190651476535466,0.4771304620636834,0.42632212697723765,0.3878596824448824,0.2910682553559319,0.3333333333333333,0,,,,,,9385,0.0014471622416749597,0.0030894679948687553,-0.0005917824455536902,-0.0002888049930334091,-153.98643866624425,0.020856132730841637,0.0,0.45502453991990655
job_000007,Bulgaria,142,142,7.1,6,0.28840206811825436,6,0.07978426516028754,0.4755310734113058,0.42578093564068825,0.38792689490967336,0.2896018558587899,0.3333333333333333,0,,,,,,10270,0.0029507523868232965,0.006432762835174799,-0.0010138091165572405,-0.0009695478365756571,-136.27842024139508,-0.005397426895797253,0.005397426895797253,0.4754022520642206
job_000007,Bulgaria,143,143,7.15,7,0.285624372107642,7,0.09103577310150959,0.48734873817080543,0.44666691633759353,0.36387644653741846,0.24041830103255618,0.42857142857142855,0,,,,,,10159,0.00133110664319247,0.0032493718899786472,-0.0002354864263907075,-0.0005654165288433433,-112.6109024245686,0.007609650958329439,0.0,0.46013943569846627
job_000007,Bulgaria,144,144,7.2,5,0.2902104645967484,5,0.05237864771779776,0.5488510278860728,0.36244713112160004,0.3714170886797574,0.270633919854517,0.6,0,,,,,,4937,0.002505115931853652,0.005858610384166241,-0.0002325273962924257,-0.0015478025889024138,-98.54368990727639,-0.0024913775268942118,0.0024913775268942118,0.624790049207728
job_000007,Bulgaria,145,145,7.25,5,0.3327042400836945,5,0.049690372031952874,0.5145757341384887,0.35022387681183986,0.3707417034349461,0.2851484377858077,0.4,0,,,,,,6218,0.002919315593317151,0.0064209578558802605,2.7771848181146197e-05,-0.002301017986610532,-89.30850934571838,-0.012562068179249763,0.012562068179249763,0.788262009148928
job_000007,Bulgaria,146,146,7.3,4,0.319946713745594,4,0.031168269457856203,0.5054835642377535,0.2976997357827646,0.3968309493828935,0.38355459442821027,0.25,0,,,,,,4215,0.0011563110165297985,0.0019500904018059373,-0.00012172990682302043,-0.00040500404429621994,-106.72892144820932,0.020612699910998344,0.0,0.36573413317684367
job_000007,Bulgaria,147,147,7.35,4,0.30334245413541794,4,0.031313899200295474,0.5054589038093885,0.2975186745325724,0.39678725269119114,0.3834661589456268,0.25,0,,,,,,4293,0.000514871149789542,0.0010408360976725817,-8.434400660917163e-05,-0.00017572075012139976,-115.64048814924296,0.002542046131566167,0.0,0.3785696285799961
job_000007,Bulgaria,148,148,7.4,4,0.29149556159973145,4,0.031330138313906776,0.5054361363252003,0.297435963595355,0.39684214306539506,0.3835220383098531,0.25,0,,,,,,4273,0.0006296142237260938,0.0017453364562243223,-0.0001984772679861635,5.542700455407612e-05,164.39701256585073,0.0018940933514386415,0.0,0.327297712664492
job_000007,Bulgaria,149,149,7.45,3,0.31050212184588116,3,0.022652531851587505,0.5448745065265231,0.22580105581401302,0.4279819813477982,0.608542548352098,0.3333333333333333,0,,,,,,3036,0.0006710699526593089,0.0027974601835012436,-0.0005097595858387649,0.00019108271226286888,159.45155581909424,0.003934566862881184,0.0,0.8112364381050851
job_000007,Bulgaria,150,150,7.5,4,0.2931917831301689,4,0.03180811903412969,0.505370647708575,0.2968257436045894,0.39636336717261417,0.38266622067331,0.25,0,,,,,,4312,0.00143525842577219,0.0033765812404453754,-0.00027369335293769836,-0.0008720143232494593,-107.42516249609159,0.012040985748171806,0.0,0.6367890152126221
job_000007,Bulgaria,151,151,7.55,4,0.296672947704792,4,0.031888993463588707,0.505215173959732,0.29691158047428834,0.3963605877338867,0.38250290745423887,0.25,0,,,,,,4312,0.0008089145412668586,0.0030709942802786827,-0.0005015030619688332,2.2354588509188034e-05,177.4477199204438,0.008689392358064651,0.0,0.6205860063113671
job_000007,Bulgaria,152,152,7.6,3,0.30967801809310913,3,0.02296717340869455,0.5443028701676262,0.22584072866557556,0.42802961192607364,0.6092291290138129,0.3333333333333333,0,,,,,,3075,0.0008617663406766951,0.002707661595195532,-0.00056027015671134,-0.0001868889812612906,-161.55287886302477,0.0031608270946890116,0.0,0.6853579799487585
job_000007,Bulgaria,153,153,7.65,3,0.3284209171930949,3,0.022920503961577198,0.5443680365880331,0.22592788036958675,0.427981187946847,0.6089619351084189,0.3333333333333333,0,,,,,,3075,0.0005763915833085775,0.0014630239456892014,-0.00018986951909027994,-0.00011215345875825733,-149.43020517202888,-0.004304306581616402,0.004304306581616402,0.38258619172235503
job_000007,Bulgaria,154,154,7.7,3,0.3256519337495168,3,0.023067436547794667,0.5441897617446052,0.22582203664897402,0.42792566015179123,0.6089496725851871,0.3333333333333333,0,,,,,,3075,0.0008068042225204408,0.002403923310339451,-0.00011161682050442323,-0.00013055079034529626,-130.52940167892322,-0.02235041931271553,0.02235041931271553,0.2128904929476414
job_000007,Bulgaria,155,155,7.75,3,0.3205966254075368,3,0.0231014024691238,0.5441558652453952,0.22579111640835983,0.4280029748190014,0.6092066248937962,0.3333333333333333,0,,,,,,3075,0.00020975989173166454,0.0005802627420052886,3.989929973613471e-05,-2.9369975891313516e-05,-36.35687892520419,-0.0015959388110786676,0.0015959388110786676,0.23619106060502676
job_000007,Bulgaria,156,156,7.8,4,0.31727488338947296,4,0.029742898404124894,0.5056264390548071,0.30386690563625757,0.40014149578959196,0.38818755706465746,0.25,0,,,,,,4038,0.0005571190267801285,0.0013265972957015038,1.563723162689712e-05,-0.00016444311768282205,-84.56796117547984,-0.0048375618644058704,0.0048375618644058704,0.29649845847000644
job_000007,Bulgaria,157,157,7.85,4,0.31883247196674347,4,0.029750220258946525,0.5057042688131332,0.3039766285154554,0.40016577012638616,0.3882386720961435,0.25,0,,,,,,4005,0.000865169451572001,0.0028577183838933706,0.0002444148703943938,-0.00032431870931759477,-52.99738664414098,-0.009645958431065083,0.009645958431065083,0.46939357186432334
job_000007,Bulgaria,158,158,7.9,4,0.31423819437623024,4,0.02955391928176579,0.505828375617663,0.3040469876042119,0.40024441191749127,0.3884871559606523,0.25,0,,,,,,3998,0.0007384885684587061,0.0020277053117752075,0.00019585916015785187,0.00014263477351050824,36.06404422328659,-0.015222683548927307,0.015222683548927307,0.3280919531028459
job_000007,Bulgaria,159,159,7.95,4,0.32680539786815643,4,0.02960821741677614,0.5057547306021055,0.3042856675607186,0.400269625744799,0.38838940467854244,0.25,0,,,,,,4008,0.000860445317812264,0.0031836931593716145,-0.0001699960557743907,0.0004719483549706638,109.80904790323632,-0.0013716230168938637,0.0013716230168938637,0.5829902695554322
job_000007,Bulgaria,160,160,8.0,4,0.30820585787296295,4,0.0295038018622312,0.5057721565167109,0.3044897194261904,0.4003218438496042,0.38868489080380203,0.25,0,,,,,,3982,0.0013874790165573359,0.0026320014148950577,0.00015396083472296596,0.0006095978897064924,75.82572082826175,-0.01599622517824173,0.01599622517824173,0.4531525343628328
job_000007,Bulgaria,161,161,8.05,4,0.3101292550563812,4,0.029478191723910866,0.5058780709902445,0.3043788742136072,0.40024140815707704,0.38867267691835633,0.25,0,,,,,,4046,0.0005183081375434995,0.0016288000624626875,0.0002767610130831599,0.00016344494360964745,30.56454696048722,-0.006531430408358574,0.006531430408358574,0.6201333128687604
job_000007,Bulgaria,162,162,8.1,4,0.3145762160420418,4,0.02973899392168255,0.5058019494016965,0.3043628074504711,0.4001377908226942,0.3884997306970064,0.25,0,,,,,,4046,0.0015216772444546223,0.006291035562753677,0.0009269247530028224,0.00023408043489325792,14.17283321322077,0.006275661289691925,0.0,0.6282703260629974
job_000007,Bulgaria,163,163,8.15,4,0.3168398439884186,4,0.02965712418883099,0.5058418129881224,0.3042798784044054,0.4001460160189427,0.3885446178167068,0.25,0,,,,,,4014,0.0004012193239759654,0.0012811061460524797,-7.663291762582958e-05,-0.00012098448496544734,-122.35062415711766,0.0034400455188006163,0.0,0.35694343335539214
job_000007,Bulgaria,164,164,8.2,4,0.32871750742197037,4,0.029597368077798582,0.5058349877595901,0.3043322713286788,0.4000983668618477,0.3884963144457636,0.25,0,,,,,,4014,0.00034178176429122686,0.0010047836694866419,0.00012114065611967817,1.3172762010071892e-06,0.6230063022463745,0.000318479462293908,0.0,0.35445957203204986
job_000007,Bulgaria,165,165,8.25,4,0.3271872401237488,4,0.029514665445282764,0.5058470944563548,0.30433496192649556,0.4001716448058036,0.38862718195295565,0.25,0,,,,,,4014,0.00043021314195357263,0.001150321215391159,-1.9984761820524e-05,-8.630941738374531e-05,-103.0369666411199,0.0031509697437286377,0.0,0.20592798231846038
job_000007,Bulgaria,166,166,8.3,4,0.32500752806663513,4,0.029213007352743743,0.5061689803997675,0.3041601339975992,0.40017091537221533,0.3888889554392406,0.25,0,,,,,,3974,0.0007029131520539522,0.0020912799518555403,0.0004118346842005849,-0.00025430318783037364,-31.694853788495674,-0.0031257199589163065,0.0031257199589163065,0.6885952284207731
job_000007,Bulgaria,167,167,8.35,4,0.31815434992313385,4,0.029243964917990927,0.5060685157775879,0.30428914493984643,0.40029819304011843,0.3889748640998745,0.25,0,,,,,,3928,0.0004434949660208076,0.0008372084121219814,8.054701902437955e-05,-0.000186018121894449,-66.587084354171,-0.0060225785709917545,0.0060225785709917545,0.45706962020593805
job_000007,Bulgaria,168,168,8.4,4,0.26887692138552666,4,0.02914431864673661,0.5059838096300762,0.3039635340372721,0.40022762837575737,0.3890479357839516,0.25,0,,,,,,3984,0.0011870786547660828,0.0021850799676030874,0.00013200091780163348,4.617289232555777e-05,19.27943913693538,0.0009365972364321351,0.0,0.11780466756828452
job_000007,Bulgaria,169,169,8.45,4,0.27881424501538277,4,0.029447197075669465,0.5058623900016149,0.30395862967879683,0.40012021950361776,0.3887273980305661,0.25,0,,,,,,4024,0.00039031877531670034,0.0008429703884758055,-4.5053417125018314e-05,8.989644993562251e-05,116.61866170508185,0.003995287232100964,0.0,0.25762115541272945
job_000007,Bulgaria,170,170,8.5,4,0.28311071544885635,4,0.028951093354365152,0.5060549626747768,0.30422775833695026,0.40024206810443136,0.3888767427806933,0.25,0,,,,,,3991,0.002604464301839471,0.0015029385685920715,0.0008963776635937393,-0.0020138148684054613,-66.0054729345625,-0.01475949864834547,0.01475949864834547,0.8463548822238012
job_000007,Bulgaria,171,171,8.55,4,0.2811606600880623,4,0.0290327032288287,0.5061957880854606,0.3035244447213632,0.39975946658329503,0.38782106177541187,0.25,0,,,,,,3989,0.0012018579291179776,0.0013979877112433314,0.0004719370335806161,-0.0008285486837849021,-60.334385282583646,-0.008501291275024414,0.008501291275024414,0.7933791015021813
job_000007,Bulgaria,172,172,8.6,4,0.28753505274653435,4,0.029206260312992324,0.5062414934237799,0.3037785159216987,0.3997599239345288,0.38784126968573707,0.25,0,,,,,,4020,0.001304795267060399,0.0029682181775569916,0.00015755683125462383,-0.0005919513059780002,-75.09541116595437,0.007723939139395952,0.0,0.4694687570916283
job_000007,Bulgaria,173,173,8.65,4,0.2905258797109127,4,0.029223224597636925,0.5063333416978519,0.30339968822620533,0.3996038362040501,0.38764438086446373,0.25,0,,,,,,3973,0.001483860076405108,0.004298836924135685,-0.000488729274366051,-0.0006790449842810631,-125.74371034935714,-0.004968110006302595,0.004968110006302595,0.5638234866658013
job_000007,Bulgaria,174,174,8.7,5,0.27257427871227263,5,0.042264609319807245,0.4848555409908295,0.34463471589265043,0.36927470027956505,0.2738984397968312,0.4,0,,,,,,4816,0.0017395770410075784,0.0052278172224760056,-0.0009065964259207249,-0.0003984393260907382,-156.27503042678174,0.010189705528318882,0.0,0.5692696019895573
job_000007,Bulgaria,175,175,8.75,5,0.27193300426006317,5,0.04219331019556687,0.48486056486765544,0.34468366128427014,0.3692581867298397,0.27396737894045453,0.4,0,,,,,,4816,0.0010686604073271155,0.004097071476280689,-0.0007676927489228547,-0.00012436795805115253,-170.79790081937307,0.005542208440601826,0.0,0.7277348771687535
job_000007,Bulgaria,176,176,8.8,5,0.27805148661136625,5,0.0424529245329563,0.48483529408772796,0.34478960673014325,0.3691753909763512,0.2738509254178979,0.4,0,,,,,,4816,0.0007741296431049705,0.0019101824145764112,1.7553118595969863e-05,-0.00012949859956279397,-82.28078683535315,-0.006575162056833506,0.006575162056833506,0.16881257612040682
job_000007,Bulgaria,177,177,8.85,5,0.2799182802438736,5,0.04245141414111649,0.4847762688000997,0.3447195943196615,0.3692812078805841,0.2739275985182327,0.4,0,,,,,,4869,0.00035439280327409506,0.00098750414326787,-9.588815737515688e-05,4.36593609265401e-06,177.3930350767208,-0.0039414591155946255,0.0039414591155946255,0.270850589907022
job_000007,Bulgaria,178,178,8.9,4,0.306906059384346,4,0.02939705343371029,0.5060726061463356,0.3036536993803801,0.3998071710284831,0.3876715597988539,0.25,0,,,,,,3981,0.0010050793644040823,0.002933038165792823,0.0001093377941288054,0.000254563958151266,66.75598791923335,-0.006660377606749535,0.006660377606749535,0.275651417189635
job_000007,Bulgaria,179,179,8.95,4,0.30372558161616325,4,0.029458948201503472,0.5060306052366892,0.30360318466469094,0.39982294392512724,0.3875774854668621,0.25,0,,,,,,3981,0.0004387552908156067,0.0012221504002809525,-7.656968227820471e-05,0.0002037281374214217,110.59835136627485,-0.0013809275114908814,0.0013809275114908814,0.4960443181158469
job_000007,Bulgaria,180,180,9.0,4,0.3196019120514393,4,0.029328089827705288,0.5061698973178863,0.3037322450567175,0.3999594687792119,0.38793667077703076,0.25,0,,,,,,3984,0.0008765531238168478,0.0025965336244553328,-0.00023059821978677064,-0.00047734391409903765,-115.78454345735364,0.008342776447534561,0.0,0.6047839062742689
job_000007,Bulgaria,181,181,9.05,4,0.30377131700515747,4,0.029492717662990203,0.5060882925987245,0.3036373473979809,0.3999245867698882,0.38786357396021864,0.25,0,,,,,,4016,0.0007222638814710081,0.0018710121512413025,-0.0003399177803657949,-0.00019106535182800144,-150.65997076515606,-0.010138173587620258,0.010138173587620258,0.5398802112352582
job_000007,Bulgaria,182,182,9.1,4,0.3118782080709934,4,0.029565626469583335,0.5060247763991356,0.3035969681209988,0.39985478144866793,0.3876664479154499,0.25,0,,,,,,4045,0.0006666064728051424,0.0017094636568799615,-0.00034439124283380806,9.735252388054505e-05,164.21546235111506,0.006904818583279848,0.0,0.5368784246080115
job_000007,Bulgaria,183,183,9.15,4,0.3154469355940819,4,0.029581563047111917,0.5060267214973768,0.3037772690808332,0.39981399637101356,0.3875501053760553,0.25,0,,,,,,4086,0.00035355836735107005,0.0008219785522669554,5.0483654376876075e-06,0.00018107435607817024,88.40300344176826,-0.003950368147343397,0.003950368147343397,0.5123474184817213
job_000007,Bulgaria,184,184,9.2,4,0.32148896530270576,4,0.02957681746790934,0.5060109525918961,0.30360566156881824,0.3998190454830869,0.3875362832885792,0.25,0,,,,,,4045,0.00040012915269471705,0.001249001594260335,-3.332724736537784e-05,9.470026270719245e-06,164.1373594965879,-0.0074574933387339115,0.0074574933387339115,0.08658853936257391
job_000007,Bulgaria,185,185,9.25,4,0.32916178554296494,4,0.02950189123016571,0.5060037751992543,0.3036548746956719,0.39984817616426377,0.38749578962806086,0.25,0,,,,,,4045,0.0005608220235444605,0.0016785046318545938,-5.996578329359181e-05,-8.591767254984006e-05,-124.91290989143151,-0.010191485285758972,0.010191485285758972,0.18682347346006467
job_000007,Bulgaria,186,186,9.3,4,0.3301706500351429,4,0.029458489125522142,0.5059014320373535,0.30355745598121925,0.3998186901972184,0.3873991628872506,0.25,0,,,,,,4053,0.0012146728113293648,0.0033684989903122187,-7.293395174201578e-05,-0.000588410475756973,-97.06581907974366,-0.012829351238906384,0.012829351238906384,0.4881259807556791
job_000007,Bulgaria,187,187,9.35,4,0.31469180062413216,4,0.029610496871014278,0.505676210920016,0.30373908855296944,0.39976149978883957,0.3871369231982302,0.25,0,,,,,,4024,0.0010623999405652285,0.002048071473836899,-0.00030346898711286485,-0.0006382062565535307,-115.43122769329348,0.0033125285990536213,0.0,0.665175913627448
job_000007,Bulgaria,188,188,9.4,5,0.28501078188419343,5,0.04189622495103749,0.5224926606814067,0.34465488575122977,0.36828032323836146,0.26878660292572315,0.4,0,,,,,,4381,0.0015296591445803642,0.0030255448073148727,-0.0005026884027756751,-0.0011028546141460538,-114.50381123915875,0.03935912251472473,0.0,0.7923441487267113
job_000007,Bulgaria,189,189,9.45,5,0.2864255100488663,5,0.04229912526770471,0.5223036841551463,0.3445269323278356,0.36825804474457446,0.26887920677825666,0.4,0,,,,,,4453,0.0012687441194429994,0.0025444680359214544,0.0002619455335661769,-1.5166905541263986e-05,-3.3137824434813106,-0.01540993433445692,0.01540993433445692,0.20680628313006774
job_000007,Bulgaria,190,190,9.5,5,0.28712884783744813,5,0.041898197664260416,0.5222776265939076,0.3445634269714356,0.3683535640549656,0.2689669224198303,0.4,0,,,,,,4354,0.006052651908248663,0.00968413520604372,0.0026034992188215256,-0.0019042729400098324,-36.18279297584686,-0.00799426157027483,0.00799426157027483,0.5329226143694764
job_000007,Bulgaria,191,191,9.55,5,0.3158427894115448,5,0.04160263804110411,0.5225721653302511,0.3444036187065972,0.3681085183088224,0.26856799685477084,0.4,0,,,,,,4312,0.002234402345493436,0.004914250690490007,0.0009402362629771233,-0.0002654069394338876,-15.763145165255105,-0.0004423675418365747,0.0004423675418365747,0.43724332885972017
job_000007,Bulgaria,192,192,9.6,5,0.30575268864631655,5,0.04113144894213528,0.5229246298472087,0.344444921988028,0.36811309224228767,0.26859749944567063,0.4,0,,,,,,4242,0.0012970268726348877,0.003208867972716689,0.000487215060275048,0.00010723988816607744,12.413315696504823,-0.024890689179301262,0.024890689179301262,0.3846316984067108
job_000007,Bulgaria,193,193,9.65,5,0.28742035031318663,5,0.04134299801111613,0.5227870019276937,0.3444689863699454,0.3680862732732486,0.2686364896117682,0.4,0,,,,,,4273,0.0005899516982026398,0.0016117377672344446,-5.873553618584992e-06,8.50064170663245e-05,93.95259349403605,-0.010763373225927353,0.010763373225927353,0.14443401641488315
job_000007,Bulgaria,194,194,9.7,5,0.2470567047595978,5,0.041333930306413275,0.5227934201558432,0.3442687564425998,0.36801679033579865,0.2684766589349198,0.4,0,,,,,,4243,0.0011826778063550591,0.004165429621934891,0.0005824266700074077,0.00041664965101517737,35.578733919529135,-0.01958133466541767,0.01958133466541767,0.6055013009288449
job_000007,Bulgaria,195,195,9.75,4,0.25397754088044167,4,0.0295491828795064,0.5054596622784933,0.3037350583959509,0.39933668956949414,0.38589996895084966,0.25,0,,,,,,4009,0.00041377090383321047,0.0010771483648568392,0.00021094040130265057,-4.671425631386228e-05,-12.487027402769773,8.078277460299432e-05,0.0,0.5221514868983961
job_000007,Bulgaria,196,196,9.8,5,0.2538991540670395,5,0.04125749589793374,0.5228060928980509,0.3442146795767325,0.36796154154516386,0.2683206680784515,0.4,0,,,,,,4229,0.00043927266960963607,0.001179890357889235,0.0001520923397038132,4.7620425903005525e-05,17.385446103891052,0.004979746416211128,0.0,0.36281132485800105
job_000007,Bulgaria,197,197,9.85,4,0.256213903427124,4,0.029791169683176823,0.5054771626989046,0.3032474438349406,0.39906535345598304,0.38546377413978206,0.25,0,,,,,,4063,0.0006561569753102958,0.0021378931123763323,0.00033605980570428073,1.7178457710542716e-05,2.9262564996824687,-0.006805475801229477,0.006805475801229477,0.5128324315746884
job_000007,Bulgaria,198,198,9.9,6,0.2468382567167282,6,0.057964592413632485,0.5019907808966106,0.36636209252439894,0.3419904713865506,0.1903410361036996,0.3333333333333333,0,,,,,,5254,0.0015441671712324023,0.004099264740943909,0.0006530141108669341,0.00015325992717407644,13.208054316901821,0.010137408971786499,0.0,0.43438159965151774
job_000007,Bulgaria,199,199,9.95,5,0.28747365474700926,5,0.05104379705478039,0.4067894613742828,0.42290011370623565,0.25812078234054514,0.11399743600212657,0.4,0,,,,,,4329,0.0012484673643484712,0.004440702963620424,0.0007879954064264894,0.00012653530575335026,9.122605402392598,0.0015506065683439374,0.0,0.6392559455419823
job_000007,Bulgaria,200,200,10.0,5,0.2747635394334793,5,0.049791910854954734,0.4075796302159628,0.422751057236283,0.2587400708955391,0.11320927312667539,0.4,0,,,,,,4245,0.001423807698301971,0.004812200553715229,0.0007572235190309584,-2.0832250811508857e-05,-1.5758874633067705,0.025797005742788315,0.0,0.5320311356196955
job_000007,Bulgaria,201,201,10.05,5,0.2332579880952835,5,0.0444450009442877,0.48507532000541687,0.3381061596340603,0.36604252566216744,0.26483727424689024,0.4,0,,,,,,4899,0.000976666109636426,0.0037231789901852608,3.6271852877689525e-05,-5.6496955949114636e-05,-57.29895741103387,0.006507783196866512,0.0,0.06874234126680054
job_000007,Bulgaria,202,202,10.1,4,0.29223472252488136,4,0.03737160890778156,0.3621058245499929,0.4016771987632469,0.26664616393130036,0.18831254325448102,0.5,0,,,,,,3886,0.003021128010004759,0.010461212135851383,0.0018859714036807418,0.0009667169651947916,27.13890785047582,-0.00012796217924915254,0.00012796217924915254,0.7014927419633602
job_000007,Bulgaria,203,203,10.15,4,0.2985701896250248,4,0.03742451862620317,0.36211042751868566,0.4015571064419216,0.2665807510528339,0.18833240068098525,0.5,0,,,,,,3886,0.00126440089661628,0.004287180490791798,0.0008305865339934826,0.0001319457369390875,9.026495389610801,-0.0081229442730546,0.0081229442730546,0.6651383975011028
job_000007,Bulgaria,204,204,10.2,6,0.2500813379883766,6,0.05044442014081897,0.4699994388553832,0.37099831486925666,0.3439005475574683,0.225786950059205,0.5,0,,,,,,4885,0.0010836644796654582,0.0033077022526413202,0.0005837565404362977,1.8257193005410954e-05,1.7913619213129108,-0.004603445529937744,0.004603445529937744,0.5389509222736529
job_000007,Bulgaria,205,205,10.25,6,0.2384920989473661,6,0.05077416638353554,0.46982839670446186,0.37109819577064046,0.34379624814639287,0.22578037362008643,0.5,0,,,,,,4933,0.0009429294150322676,0.002789159305393696,0.0006591351702809334,0.0001224422885570675,10.523428742078705,0.004618819337338209,0.0,0.7109877696942423
job_000007,Bulgaria,206,206,10.3,6,0.25619299709796906,6,0.05441922968078837,0.5036277804109787,0.3714506985228738,0.3446579130540109,0.19819852234589705,0.3333333333333333,0,,,,,,5293,0.002968801883980632,0.008221941068768501,0.001182166044600308,-0.0009179541375488043,-37.82940577848133,0.060435764491558075,0.0,0.5041478842459494
job_000007,Bulgaria,207,207,10.35,6,0.27051329364379245,6,0.05525343712343323,0.5031328042348225,0.3714295693385748,0.34455088492572633,0.19922568241550867,0.3333333333333333,0,,,,,,5379,0.002247788477689028,0.004959065932780504,0.0006707726861350238,-0.0012675297912210226,-62.11235088653254,0.02823139727115631,0.0,0.6379932322734797
job_000007,Bulgaria,208,208,10.4,6,0.29975450535615283,6,0.05440505501749691,0.503675569428338,0.371481716485671,0.3447688850011373,0.19856368903117846,0.3333333333333333,0,,,,,,5289,0.0020106032025069,0.006663039326667786,0.0013491660356521606,-0.00027267824043519795,-11.42605983898389,0.0183410607278347,0.0,0.6845933454044124
job_000007,Bulgaria,209,209,10.45,5,0.2952143013477325,5,0.03668815617857591,0.5114420640468598,0.3374120669894748,0.3641114700554239,0.2886091704863422,0.2,0,,,,,,5018,0.0037246523424983025,0.0060708425007760525,0.0022384647745639086,0.0011352816363796592,26.892745264405185,0.038792286068201065,0.0,0.6738610647465504
job_000007,Bulgaria,210,210,10.5,6,0.2647380953033765,6,0.04950552920645715,0.4930688917636871,0.3661061787310942,0.3409133072074012,0.22274574398767719,0.3333333333333333,0,,,,,,5958,0.004914253484457731,0.012231193482875824,0.0032793148420751095,0.0015480763977393508,25.270736700322704,0.032486408948898315,0.0,0.7379257968091087
job_000007,Bulgaria,211,211,10.55,5,0.27397446930408476,5,0.0373599223651309,0.5112004923820497,0.33825018070362234,0.36426220465433196,0.28780409800672385,0.2,0,,,,,,5111,0.0010440053883939981,0.002919258549809456,0.0008312754798680544,8.227540092775598e-06,0.567065843364441,0.0030745374970138073,0.0,0.796275770323785
job_000007,Bulgaria,212,212,10.6,6,0.25395285338163376,6,0.05007334299281548,0.4926109787490633,0.36637034298461163,0.340864912342767,0.2225072523324768,0.3333333333333333,0,,,,,,6029,0.0011126521276310086,0.003407200565561652,0.0008023248519748449,-0.00014079433458391577,-9.953092243901205,-0.000753460917621851,0.000753460917621851,0.7321108431366694
job_000007,Bulgaria,213,213,10.65,6,0.26326744506756466,6,0.049622252822988946,0.49297489060295946,0.3662229579172016,0.3409653761712606,0.22267821635323207,0.3333333333333333,0,,,,,,5940,0.0020589123014360666,0.004494048189371824,0.0014723525382578373,0.0005954995867796242,22.021090935313577,0.0015704055549576879,0.0,0.7713877272883721
job_000007,Bulgaria,214,214,10.7,6,0.2695408711830775,6,0.04945068584344286,0.49377623796463016,0.3667977462580174,0.34116003036339493,0.22215238655943106,0.3333333333333333,0,,,,,,5953,0.005906370002776384,0.009954525157809258,0.0027877362444996834,0.0022856423165649176,39.348048355552145,0.002257085870951414,0.0,0.6103487913873623
job_000007,Bulgaria,215,215,10.75,6,0.27334562689065933,6,0.04917733884107292,0.49384872251086764,0.3668495119353872,0.34126061856178336,0.22240702977363816,0.3333333333333333,0,,,,,,5953,0.0011323409853503108,0.002776832552626729,0.0005860135424882174,0.00042878903332166374,36.19312047176001,-0.0036385655403137207,0.0036385655403137207,0.6412687689384452
job_000007,Bulgaria,216,216,10.8,5,0.28529366552829744,5,0.036455890113818584,0.5124194939931234,0.33862913272998946,0.36466620146293593,0.2881500006170047,0.2,0,,,,,,4974,0.0012776816729456186,0.0034964480437338352,0.0008250565733760595,8.286299271276221e-05,5.735161425396934,-0.003245837287977338,0.003245837287977338,0.6489935985392102
job_000007,Bulgaria,217,217,10.85,5,0.2903920114040375,5,0.036174943993775494,0.5124753538767497,0.3385907420405635,0.36464045961701647,0.2880437749431103,0.2,0,,,,,,5005,0.0007405749056488276,0.0023627392947673798,0.0005436756182461977,-0.00013066227256786078,-13.513680646257907,0.002988673048093915,0.0,0.7550300868587285
job_000007,Bulgaria,218,218,10.9,5,0.3266063332557678,5,0.04571226717341267,0.5813063017527262,0.4157812457614474,0.27136021399448407,0.1485522779876941,0.4,0,,,,,,5045,0.004888058640062809,0.010252737440168858,0.0036654220893979073,-0.0007262935978360474,-11.207828693735031,-0.037633806467056274,0.037633806467056274,0.7644519370433849
job_000007,Bulgaria,219,219,10.95,6,0.30858416855335236,6,0.04804709929930714,0.4936913662486606,0.36634105753015583,0.3411768671095548,0.22247497864936547,0.3333333333333333,0,,,,,,5842,0.004376373253762722,0.006582518108189106,0.002378029515966773,-0.0021748333238065243,-42.444560956828376,-0.03303803503513336,0.03303803503513336,0.7363551248560709
job_000007,Bulgaria,220,220,11.0,4,0.34485210105776787,4,0.029071837540011334,0.6261173566182454,0.40105212882713037,0.28539779358663236,0.219320623752171,0.25,0,,,,,,4009,0.003752591786906123,0.0068868836387991905,0.002275363774970174,-0.0013665417209267616,-30.988254548282892,0.020237570628523827,0.0,0.7072947575506539
job_000007,Bulgaria,221,221,11.05,4,0.3217320367693901,4,0.02917220757939683,0.6259904901186625,0.4006772800728126,0.28546164198654317,0.2194974739725187,0.25,0,,,,,,3978,0.0019813203252851963,0.0034417188726365566,0.0009638976771384478,0.00039510682108812034,22.288986709019117,-0.03888251632452011,0.03888251632452011,0.5257772916889283
job_000007,Bulgaria,222,222,11.1,4,0.3259391523897648,4,0.029328526664762593,0.6258602062861125,0.40024206196820294,0.28534745906955555,0.21945273956088007,0.25,0,,,,,,4042,0.006602453999221325,0.02746165543794632,0.0016278375405818224,0.005311849992722273,72.96210852740401,-0.10186213254928589,0.10186213254928589,0.8414571708219513
job_000007,Bulgaria,223,223,11.15,4,0.32116837427020073,4,0.0296570434208277,0.4789343277613322,0.5067620206762243,0.09533139262029736,0.0551077925165467,0.5,0,,,,,,3382,0.007268786430358887,0.017421456053853035,0.0016747688641771674,0.0061949677765369415,74.87208613631157,-0.052168235182762146,0.052168235182762146,0.8828650422667781
job_000007,Bulgaria,224,224,11.2,3,0.40722253918647766,3,0.022283268336159606,0.5092609193589952,0.5066800576669199,0.09217618311701406,0.10357748818327488,0.3333333333333333,0,,,,,,3083,0.004953801166266203,0.013366231694817543,-0.00047919477219693363,0.0039588287472724915,96.90176665242306,-0.05025136470794678,0.05025136470794678,0.8049829045349454
job_000007,Bulgaria,225,225,11.25,4,0.38011495769023895,4,0.029574397418185936,0.626456864674886,0.40056173889725294,0.2853553412602657,0.21919672275342866,0.25,0,,,,,,4078,0.0028828971553593874,0.008019129745662212,0.00020424269314389676,0.0020764984656125307,84.38250296753151,-0.030222656205296516,0.030222656205296516,0.7237576465959721
job_000007,Bulgaria,226,226,11.3,4,0.35978860035538673,4,0.0296866861485731,0.6268168727556864,0.40088964038425023,0.28506682732798905,0.21917435309401873,0.25,0,,,,,,4042,0.002352344337850809,0.006761444732546806,0.0004484461387619376,0.0007001597550697625,57.360796987692055,-0.046327944844961166,0.046327944844961166,0.3534606406935663
job_000007,Bulgaria,227,227,11.35,4,0.34983811900019646,4,0.029428558175462475,0.6267526745796204,0.4014636569552951,0.2850517092558252,0.21914004744651822,0.25,0,,,,,,4042,0.0020339209586381912,0.00599761214107275,-5.7565139286452904e-05,0.0006840756977908313,94.81012147471125,-0.03553224727511406,0.03553224727511406,0.3375222043596044
job_000007,Bulgaria,228,228,11.4,4,0.33220167830586433,4,0.029279279120741263,0.6268815994262695,0.40140290966740366,0.28497535436943394,0.21879560022101116,0.25,0,,,,,,4010,0.0028144423849880695,0.008176486007869244,-4.313901808927767e-05,0.0010074807796627283,92.45183314271208,-0.024486353620886803,0.024486353620886803,0.35829617278794595
job_000007,Bulgaria,229,229,11.45,4,0.3602411448955536,4,0.02917831847550172,0.6267001072565714,0.4010284353185583,0.28490957177065107,0.21939883977800098,0.25,0,,,,,,3988,0.0031922513153403997,0.011431601829826832,-7.546091364929453e-05,0.0012498287251219153,93.45515311758255,-0.03356514498591423,0.03356514498591423,0.39223249708493985
job_000007,Bulgaria,230,230,11.5,4,0.32545265555381775,4,0.03007793155208034,0.6267680048942565,0.4005063533782959,0.2849052301034556,0.21922295922024757,0.25,0,,,,,,4120,0.008330111391842365,0.02967168763279915,0.00012278568465262651,0.00391806848347187,88.20503396865203,-0.03411140292882919,0.03411140292882919,0.4705809773107912
job_000007,Bulgaria,231,231,11.55,4,0.29686352238059044,4,0.030509149030823423,0.6269264340400695,0.40015597520051177,0.2845758573154413,0.21890838818234878,0.25,0,,,,,,4165,0.006149852182716131,0.025672661140561104,0.0005615593981929123,0.003452928503975272,80.76270131266726,0.02241252362728119,0.0,0.568842041701186
job_000007,Bulgaria,232,232,11.6,4,0.35833775997161865,4,0.03166664466234107,0.6269859631856283,0.399860864215427,0.2841156199330088,0.2187070112629811,0.25,0,,,,,,4360,0.012517566792666912,0.054392896592617035,0.003481031395494938,0.009043878875672817,68.94805047396993,-0.07993044704198837,0.07993044704198837,0.7741666192199573
job_000007,Bulgaria,233,233,11.65,4,0.35700032860040665,4,0.036757373262214205,0.4804813822110494,0.5056542361224139,0.09210404437772644,0.040160741165705144,0.5,0,,,,,,3872,0.019557498395442963,0.06573847681283951,0.007267827168107033,0.014473964460194111,63.337351354367165,0.08747007697820663,0.0,0.8281325997702759
job_000007,Bulgaria,234,234,11.7,5,0.38272264003753664,5,0.04708153627807473,0.5816999912261963,0.4231418411820023,0.2734984331465675,0.1460993284267921,0.4,0,,,,,,4998,0.038517843931913376,0.18517634272575378,0.00857731606811285,0.03321915864944458,75.52221909377162,0.0809372216463089,0.0,0.8907207042567582
job_000007,Bulgaria,235,235,11.75,4,0.31784994527697563,4,0.05845300821399526,0.5967020293076833,0.46545886993408203,0.35790969331419914,0.2845581236250351,0.25,0,,,,,,7930,0.002360954647883773,0.0035933705512434244,0.00011114490916952491,-0.0005545432213693857,-78.66659728844864,-0.06897890567779541,0.06897890567779541,0.23955213400434913
job_000007,Bulgaria,236,236,11.8,3,0.4603913029034932,3,0.024883453687061886,0.5123619185553657,0.5145307046395761,0.08888961038624073,0.103518467760066,0.3333333333333333,0,,,,,,3401,0.015390144661068916,0.062224071472883224,0.007047510705888271,0.010758085176348686,56.77160520277388,-0.06089014559984207,0.06089014559984207,0.8356608270425052
job_000007,Bulgaria,237,237,11.85,5,0.3100093185901642,5,0.047815367250990184,0.6213561566670736,0.42219403726083266,0.2569738095072937,0.15896003430574707,0.4,0,,,,,,4935,0.012260053306818008,0.04508468136191368,0.006535142194479704,0.007526162546128035,49.03145715566704,0.03734450414776802,0.0,0.8130068663760571
job_000007,Bulgaria,238,238,11.9,5,0.30674088597297666,5,0.07043266138796705,0.41076811591784157,0.47506958926165543,0.3114262336638434,0.22169098703546344,0.4,0,,,,,,7978,0.0029136750381439924,0.009522100910544395,-0.000852723082061857,-0.000933517178054899,-132.41019851299401,-0.02153315395116806,0.02153315395116806,0.43393788235130715
job_000007,Bulgaria,239,239,11.95,5,0.2928642719984055,5,0.04547902291332102,0.43791462818781535,0.42355454409563975,0.26453670106942073,0.15990171003157824,0.4,0,,,,,,4705,0.006176345981657505,0.023237185552716255,0.0025298309046775103,0.0031744674779474735,51.44757937625489,-0.022725237533450127,0.022725237533450127,0.6572207287699826
job_000007,Bulgaria,240,240,12.0,5,0.3257237195968628,5,0.04027761028420855,0.514714050690333,0.33823846251876266,0.363279234851095,0.2872600978594021,0.2,0,,,,,,5482,0.006559622939676046,0.023031607270240784,0.0022990102879703045,0.002617583842948079,48.707330537422436,-0.014689129777252674,0.014689129777252674,0.5311048429028778
job_000007,Bulgaria,241,241,12.05,6,0.2927809034784635,6,0.051645018295422895,0.527964120109876,0.36540301169878164,0.3384683824463585,0.22627262264271233,0.3333333333333333,0,,,,,,5563,0.005249987356364727,0.021723181009292603,0.001980222761631012,0.0015351715264841914,37.78470141911388,-0.009520372375845909,0.009520372375845909,0.4772583850421844
job_000007,Bulgaria,242,242,12.1,4,0.3140539601445198,4,0.03886732060419479,0.5325844248135885,0.5038055949740939,0.07742827571267388,0.05335396719378439,0.5,0,,,,,,3807,0.01649659499526024,0.05104685574769974,0.007838440127670765,0.0021897379774600267,15.608178684326859,-0.025734703987836838,0.025734703987836838,0.49334763582451996
job_000007,Bulgaria,243,243,12.15,4,0.3861015737056732,4,0.04064194555927922,0.5306997537612914,0.5052502950032552,0.07603448033012361,0.05281412750015994,0.5,0,,,,,,3915,0.011765716597437859,0.034328166395425797,0.005446486175060272,0.003796925535425544,34.881627378222284,0.04641052708029747,0.0,0.564295546015402
job_000007,Bulgaria,244,244,12.2,5,0.3266927689313889,5,0.04787043584407563,0.435600604613622,0.4226542522289135,0.2620661730113113,0.1566326603295777,0.4,0,,,,,,4862,0.009855763986706734,0.03579791262745857,0.005522670689970255,0.004167279694229364,37.03736075022441,-0.017583727836608887,0.017583727836608887,0.7019784492768201
job_000007,Bulgaria,245,245,12.25,4,0.3887455239892006,4,0.04182151757198117,0.5314672350883485,0.5066596808256927,0.07502283253801134,0.05236431388085887,0.5,0,,,,,,3969,0.010013232938945293,0.03405534476041794,0.007165655959397554,0.0020029861479997635,15.617052154488505,-0.01375664584338665,0.01375664584338665,0.7430501854035911
job_000007,Bulgaria,246,246,12.3,7,0.2685543830905642,7,0.06589345793124855,0.5115396834555127,0.39455404382534126,0.3226114012944745,0.1809471496639989,0.2857142857142857,0,,,,,,6089,0.010415123775601387,0.04388388246297836,0.0075262305326759815,0.0002965844178106636,2.256673828808103,-0.0010218521347269416,0.0010218521347269416,0.7231860268461333
job_000007,Bulgaria,247,247,12.35,7,0.2922968566417694,7,0.06539840301235758,0.5118041254225232,0.39400846087743363,0.3223315860684307,0.181643162103669,0.2857142857142857,0,,,,,,6085,0.004093144554644823,0.012682262808084488,0.002237656619399786,9.773139754543081e-05,2.5008484673717577,0.01466490887105465,0.0,0.5472051671161802
job_000007,Bulgaria,248,248,12.4,8,0.30827062390744686,8,0.07714183553187882,0.5005019878347715,0.4133798872983014,0.3074430019202077,0.15771332151984557,0.375,0,,,,,,6095,0.004079930018633604,0.013612211681902409,0.0017920049140229821,0.0013786869822070003,37.5730443504786,-0.008974628522992134,0.008974628522992134,0.5541728335640965
job_000007,Bulgaria,249,249,12.45,7,0.31196366250514984,7,0.0659031777504323,0.5128055004846482,0.39485765992018285,0.3227921500178181,0.18103258379848178,0.2857142857142857,0,,,,,,6077,0.004251042380928993,0.010347411967813969,0.0011593992821872234,0.002158545423299074,61.758837103102955,0.003372832667082548,0.0,0.5763784416488067
job_000007,Bulgaria,250,250,12.5,6,0.3575621967514356,6,0.07950616400635305,0.38399981657663984,0.4977760638719724,0.27741582848848434,0.17529522412122747,0.3333333333333333,0,,,,,,9428,0.004597054794430733,0.011351491324603558,0.0003301287069916725,0.0014656573766842484,77.3063785065515,0.009156538173556328,0.0,0.32681293136956185
job_000007,Bulgaria,251,251,12.55,5,0.3867979347705841,5,0.07439978943047826,0.44991737047831215,0.5804599196822554,0.16248674089450924,0.09324665885754302,0.4,0,,,,,,8660,0.0012313228799030185,0.002931870287284255,0.00028568360721692443,-0.00017622136510908604,-31.667987623973318,0.004965676926076412,0.0,0.2726028861713096
job_000007,Bulgaria,252,252,12.6,5,0.3628945767879486,5,0.07443404887997283,0.44994026819864913,0.5807013617621528,0.16257273416946,0.09308958411828439,0.4,0,,,,,,8801,0.0015812903875485063,0.00368900247849524,0.00023843269445933402,0.0001924147509271279,38.90346662956528,-0.00024695246247574687,0.00024695246247574687,0.19375819213851744
job_000007,Bulgaria,253,253,12.65,6,0.35512890418370563,6,0.08134091890880848,0.3840101165903939,0.498533578566563,0.2781417740170796,0.1751533195201235,0.3333333333333333,0,,,,,,9712,0.0015588095411658287,0.00394026655703783,7.933136657811701e-05,0.0006127701490186155,82.6233184170602,-0.0020616475958377123,0.0020616475958377123,0.39638201556444175
job_000007,Bulgaria,254,254,12.7,6,0.33511489629745483,6,0.08068843476364057,0.3841687421003978,0.4990302580374259,0.27842556018719655,0.1760114037340228,0.3333333333333333,0,,,,,,9732,0.0025401171296834946,0.006862310227006674,0.00038190872874110937,0.0007331069209612906,62.482943676661165,0.005413002800196409,0.0,0.32542579773837116
job_000007,Bulgaria,255,255,12.75,7,0.291715036545481,7,0.08841786996378327,0.469086830388932,0.44061666922594506,0.36274584731489073,0.23301533219137596,0.2857142857142857,0,,,,,,10747,0.0010320538422092795,0.003474076511338353,0.00018607811944093555,0.0002768049598671496,56.08960495772044,-0.0038842265494167805,0.0038842265494167805,0.32317663102414307
job_000007,Bulgaria,256,256,12.8,7,0.298132706965719,7,0.08945817186369238,0.4691001596904936,0.44024502789532693,0.36277694401664856,0.2327970664128714,0.2857142857142857,0,,,,,,10834,0.001390510587953031,0.003943427000194788,0.00022232824994716793,0.00022980570793151855,45.947479664419255,0.0064872740767896175,0.0,0.2299520111398596
job_000007,Bulgaria,257,257,12.85,6,0.3371614987651507,6,0.08042009291394753,0.45858268472883434,0.43380232328250085,0.39023817088483015,0.27710270138099385,0.3333333333333333,0,,,,,,9579,0.0010635462822392583,0.0024891220964491367,0.00030621569021604955,0.0001518936624052003,26.383015246143234,0.0017036549979820848,0.0,0.3213948291899094
job_000007,Bulgaria,258,258,12.9,4,0.404423788189888,4,0.03852532628733312,0.605267588297526,0.42294343489187736,0.3012198274433391,0.19197608520336795,0.5,0,,,,,,3964,0.0030445668380707502,0.009285252541303635,0.000737262424081564,0.0025847123470157385,74.07974988210198,0.006856930907815695,0.0,0.8828200482780365
job_000007,Bulgaria,259,259,12.95,4,0.40724707394838333,4,0.03871395775268248,0.6051357388496399,0.42314815874452943,0.3012360391528172,0.19210788126431347,0.5,0,,,,,,3971,0.0014230009401217103,0.0035115359351038933,0.00046377512626349926,0.00020145993039477617,23.479712319965998,0.004872057121247053,0.0,0.3553347217849512
job_000007,Bulgaria,260,260,13.0,6,0.3518346647421519,6,0.06677131265762944,0.522214416662852,0.4991916703589168,0.32557651204009896,0.18372157265396138,0.3333333333333333,0,,,,,,7763,0.0016347531927749515,0.004138686694204807,0.0004508988931775093,-0.00013812838005833328,-17.031923196410247,-0.0004824255302082747,0.0004824255302082747,0.2884726949815906
job_000007,Bulgaria,261,261,13.05,5,0.3659097611904144,5,0.057088756390358965,0.5203089563051859,0.5046493826972114,0.35648973188127436,0.22802438571022127,0.4,0,,,,,,6578,0.0014708017697557807,0.003679311368614435,0.0004741257580462843,0.0002705786901060492,29.712957972363714,0.009914343245327473,0.0,0.37115888621996507
job_000007,Bulgaria,262,262,13.1,4,0.3606160990893841,4,0.0371512004693526,0.6052079598108927,0.42582280900743275,0.30232447331181517,0.19789035545528413,0.5,0,,,,,,3971,0.0032740074675530195,0.007473952602595091,0.0018792478367686272,0.0017220493173226714,42.50059563990381,0.01819504424929619,0.0,0.7785341119445229
job_000007,Bulgaria,263,263,13.15,4,0.351409375667572,4,0.036765214508003415,0.6051454861958822,0.42583155278806334,0.30296805602006055,0.19812609160487551,0.5,0,,,,,,3950,0.0015188310062512755,0.0030699637718498707,0.0007923399680294096,9.391969069838524e-05,6.759989015928737,-0.014932285994291306,0.014932285994291306,0.525329621459705
job_000007,Bulgaria,264,264,13.2,3,0.4249965101480484,3,0.03127040485547673,0.7237759643130831,0.4108156062938549,0.29684313664773265,0.2583894960117276,0.6666666666666666,0,,,,,,4325,0.09687826037406921,0.1843574196100235,0.03571365401148796,-0.026897089555859566,-36.98456707581939,0.0893360823392868,0.0,0.461499476870733
job_000007,Bulgaria,265,265,13.25,3,0.4116909404595693,3,0.03131927989278295,0.7236648718516032,0.4110399057835708,0.2969164634283807,0.2583366372759041,0.6666666666666666,0,,,,,,4276,0.0011225085472688079,0.002797086723148823,0.0004541675734799355,0.00044907437404617667,44.67692406255522,-0.0058342763222754,0.0058342763222754,0.5689922464349315
job_000007,Bulgaria,266,266,13.3,3,0.41572315494219464,3,0.03175983770401217,0.724044238196479,0.41108514762219084,0.29637034876192175,0.2579122517451755,0.6666666666666666,0,,,,,,4325,0.007734751794487238,0.021612463518977165,-0.0007151097524911165,0.004147200379520655,99.78341602226497,0.09437303990125656,0.0,0.5440902011464329
job_000007,Bulgaria,267,267,13.35,2,0.4909612387418747,2,0.022402785298598495,0.7655839045842489,0.3285370579472295,0.32664385347153047,0.6532877069430609,0.5,0,,,,,,3056,0.0020506069995462894,0.005590327084064484,-0.0006023047026246786,0.00029536860529333353,153.87679219031534,-0.011862596496939659,0.011862596496939659,0.32713752862480994
job_000007,Bulgaria,268,268,13.4,2,0.5038022100925446,2,0.022501861221282053,0.7657234509785971,0.3288128393667716,0.3266001866331787,0.6532003732663574,0.5,0,,,,,,3056,0.0020455282647162676,0.0054778107441961765,-0.0003680594963952899,0.0010337327839806676,109.59821980587202,0.0007657830137759447,0.0,0.5364393289616499
job_000007,Bulgaria,269,269,13.45,4,0.35113416239619255,4,0.039140213888210755,0.6895529786745707,0.4291748859264233,0.2656365351615324,0.20914880132570293,0.5,0,,,,,,4910,0.002341998042538762,0.007288823835551739,0.0002474657667335123,0.0006220178329385817,68.30518428060448,0.022616500034928322,0.0,0.28583998962653556
job_000007,Bulgaria,270,270,13.5,3,0.38245904445648193,3,0.030613938440517723,0.7237418386671278,0.41486437762225115,0.29884751521163794,0.2613452213232211,0.6666666666666666,0,,,,,,4174,0.0031631947495043278,0.0073768263682723045,0.000303164852084592,-0.0013910732232034206,-77.70543243941627,-0.011771623976528645,0.011771623976528645,0.45009093057371685
job_000007,Bulgaria,271,271,13.55,2,0.47636424005031586,2,0.02285225890204957,0.7655570030212402,0.3283742480807834,0.3257844385167128,0.6515688770334256,0.5,0,,,,,,3057,0.0016388054937124252,0.0039047827012836933,-0.0001902187941595912,-0.000785963493399322,-103.60511084559356,0.011747005395591259,0.0,0.49344130160219773
job_000007,Bulgaria,272,272,13.6,3,0.4496348202228546,3,0.026790901313776243,0.5438573982980516,0.4464232197514287,0.44378489524391523,0.5270260994694724,0.3333333333333333,0,,,,,,3627,0.004306511487811804,0.009206973016262054,0.00034462937037460506,0.0015515609411522746,77.47689144127386,0.04194764792919159,0.0,0.3690630649177896
job_000007,Bulgaria,273,273,13.65,6,0.3429337491591771,6,0.05151552216128667,0.5105323725276523,0.5077695234322254,0.3525369885353563,0.17624293820566753,0.3333333333333333,0,,,,,,6680,0.003514327807351947,0.008815273642539978,0.0004954010946676135,0.0009151918347924948,61.572941187908064,0.017042480409145355,0.0,0.29612264942219524
job_000007,Bulgaria,274,274,13.7,6,0.3330099508166313,6,0.056282343459515015,0.5060035109519959,0.522711146319354,0.3522034303976217,0.15213122559426498,0.5,0,,,,,,5992,0.006999494507908821,0.028062092140316963,0.0019896363373845816,0.000123567835544236,3.55383224283058,0.016242999583482742,0.0,0.28480196363620514
job_000007,Bulgaria,275,275,13.75,5,0.3560472667217255,5,0.0479608339956942,0.5658801325162252,0.4974416379575376,0.35159009751494913,0.23118667007184626,0.6,0,,,,,,4753,0.0061592115089297295,0.019686061888933182,0.0029433714225888252,-0.0019231216283515096,-33.1595468688008,-0.0032116156071424484,0.0032116156071424484,0.5708425042562246
job_000007,Bulgaria,276,276,13.8,4,0.39909040555357933,4,0.03603906956473549,0.567583793401718,0.4790107214892352,0.3910442497026714,0.310220220197082,0.5,0,,,,,,4922,0.008303194306790829,0.023277921602129936,0.004008938558399677,-0.0013233658391982317,-18.268252854891852,0.03290799632668495,0.0,0.5084447969931123
job_000007,Bulgaria,277,277,13.85,5,0.37794620394706724,5,0.04309639678932949,0.5712285486857096,0.47978549957275385,0.35003637037625873,0.25998497236396756,0.4,0,,,,,,5614,0.006616820581257343,0.01866842992603779,0.0018224944360554218,-0.0008627864881418645,-25.33332717735482,-0.018014751374721527,0.018014751374721527,0.3047391602922916
job_000007,Bulgaria,278,278,13.9,4,0.3808216527104378,4,0.048443265720690964,0.5696251531442007,0.5044225056966145,0.40037553980783686,0.34995010238242363,0.5,0,,,,,,6560,0.016379237174987793,0.0396105982363224,0.008274213410913944,-0.0019904926884919405,-13.526381193802127,-0.037486594170331955,0.037486594170331955,0.5195766040155777
job_000007,Bulgaria,279,279,13.95,5,0.3689324498176575,5,0.06100338361601318,0.5676608665784201,0.5181646149246781,0.3595189832725602,0.253120649868672,0.6,0,,,,,,6342,0.008177041076123714,0.020555280148983,0.0035238030832260847,-0.0008818833157420158,-14.050513494414611,0.01081808004528284,0.0,0.4442290717655712
job_000007,Bulgaria,280,280,14.0,4,0.36222168058156967,4,0.04170559741624194,0.5473423977692922,0.4792384006358959,0.3893376150740914,0.281033013144258,0.5,0,,,,,,3849,0.005658612586557865,0.017807932570576668,0.0003359446709509939,0.0028667363803833723,83.31615558052164,0.0761580839753151,0.0,0.5100814759687191
job_000007,Bulgaria,281,281,14.05,4,0.394122201949358,4,0.04124653080979678,0.547311861316363,0.47956698558948657,0.3891666230535903,0.28110481556292893,0.5,0,,,,,,3883,0.004652388859540224,0.014466273598372936,0.0005598374991677701,0.0021444333251565695,75.36861705620063,0.0626584067940712,0.0,0.47638021514342666
job_000007,Bulgaria,282,282,14.1,5,0.34870807230472567,5,0.05018956766916138,0.565878943602244,0.49738410949707035,0.35141887362515345,0.23094670457816863,0.6,0,,,,,,4982,0.008440964855253696,0.02735295332968235,0.0037226660642772913,-0.0008808940765447915,-13.313017721760335,0.09975702315568924,0.0,0.45320287186298175
job_000007,Bulgaria,283,283,14.15,4,0.3807825446128845,4,0.040728103217290125,0.5479136288166047,0.47902788762693055,0.38841311243968785,0.28031910442127517,0.5,0,,,,,,3805,0.002275060396641493,0.00738481106236577,0.0009629792184568942,0.0006163133657537401,32.61952443611198,0.032612767070531845,0.0,0.5025430774514279
job_000007,Bulgaria,284,284,14.2,4,0.3555801957845688,4,0.041104438974666944,0.5474540263414382,0.4800374790474221,0.38909769482749335,0.2809628045033949,0.5,0,,,,,,3839,0.002882358618080616,0.00827280804514885,0.0013044520746916533,0.000634530559182167,25.939889229285463,0.05698012560606003,0.0,0.5032664695275424
job_000007,Bulgaria,285,285,14.25,5,0.3612380921840668,5,0.05093698745087345,0.5654174892107646,0.4977563942803277,0.351284081532074,0.23034131428227034,0.6,0,,,,,,5061,0.0052339863032102585,0.015136562287807465,0.0026465870905667543,-0.0014389309799298644,-28.532617684566496,0.002761596580967307,0.0,0.5755584484668526
job_000007,Bulgaria,286,286,14.3,4,0.5012446567416191,4,0.04760785387979496,0.572059800227483,0.5068279266357423,0.4000612557907087,0.3497736064834185,0.5,0,,,,,,6401,0.016053101047873497,0.04175809398293495,0.010752810165286064,-0.007205830421298742,-33.82740859108896,-0.04534422978758812,0.04534422978758812,0.806323436216599
job_000007,Bulgaria,287,287,14.35,4,0.5127145126461983,4,0.047316947120878604,0.5722060789664587,0.5071310113977503,0.4004019737379838,0.3502466945893009,0.5,0,,,,,,6392,0.00841027032583952,0.022977428510785103,0.00510691711679101,-0.004561916459351778,-41.77383736207732,-0.011015964671969414,0.011015964671969414,0.8142128657290666
job_000007,Bulgaria,288,288,14.4,5,0.3971594959497452,5,0.05442746754866676,0.5756421709060668,0.5023394125479239,0.35836153985591274,0.273770928266479,0.4,0,,,,,,7064,0.008399340324103832,0.023511158302426338,0.00480183819308877,-0.003961716312915087,-39.524049801958405,-0.0015508753713220358,0.0015508753713220358,0.7411508719726299
job_000007,Bulgaria,289,289,14.45,4,0.40315650403499603,4,0.03589645306415386,0.5556452651818593,0.4586324850718181,0.3858568359038601,0.3063778559960655,0.25,0,,,,,,4690,0.005136291962116957,0.016041802242398262,0.0019851927645504475,0.0008278798777610064,22.637476194643327,0.0341637097299099,0.0,0.41876534353726336
job_000007,Bulgaria,290,290,14.5,4,0.46872011199593544,4,0.035103150260594115,0.5550258497397105,0.4571446913260001,0.38580775856741856,0.3075204467005937,0.25,0,,,,,,4514,0.005808352958410978,0.017460482195019722,0.0006105534266680479,-0.0005998035776428878,-44.491137917906066,0.10648037493228912,0.0,0.1473542338938331
job_000007,Bulgaria,291,291,14.55,4,0.4622335508465767,4,0.03572658678640347,0.5546618173519771,0.4580151151727747,0.38616518089178103,0.3077133642812213,0.25,0,,,,,,4652,0.002571078948676586,0.007368743419647217,0.000391599431168288,-0.00012238870840519667,-17.355875575514776,0.018237590789794922,0.0,0.15957476064466428
job_000007,Bulgaria,292,292,14.6,4,0.4443657286465168,4,0.035781274098119834,0.5554642875989277,0.45840351493270304,0.38594926001776647,0.3072447555328609,0.25,0,,,,,,4608,0.003170482348650694,0.009532308205962181,0.00047361565520986915,-0.0011270042741671205,-67.2057602285096,0.057124827057123184,0.0,0.38558081457768906
job_000007,Bulgaria,293,293,14.65,4,0.41871795803308487,4,0.035790168584918985,0.5555856297413508,0.45905938325104884,0.38602585630891734,0.30687646144615827,0.25,0,,,,,,4632,0.0032185912132263184,0.010360966436564922,0.0011728244135156274,-0.0010409790556877851,-41.591716359482426,0.04717690870165825,0.0,0.4872222196951506
job_000007,Bulgaria,294,294,14.7,4,0.4390420652925968,4,0.036582140850480276,0.5552351077397665,0.4587055135656286,0.38611679591598413,0.3068523379585043,0.25,0,,,,,,4732,0.009841346181929111,0.027923665940761566,0.004852924961596727,-0.0072970702312886715,-56.374061777870615,0.1497858464717865,0.0,0.8904730297521174
job_000007,Bulgaria,295,295,14.75,3,0.5182328820228577,3,0.02973305760675565,0.5450735025935702,0.4507116788699303,0.4446033813914895,0.5270500207699875,0.3333333333333333,0,,,,,,4018,0.005587686784565449,0.0177870262414217,0.0029077206272631884,-0.0034258640371263027,-49.67688792710574,0.01581159420311451,0.0,0.8041757752671382
job_000007,Bulgaria,296,296,14.8,4,0.4881564825773239,4,0.03708430318822341,0.5549799323081971,0.4592979378170437,0.3855797894482257,0.30593281185271015,0.25,0,,,,,,4744,0.005487991962581873,0.015316037461161613,0.0025467497762292624,-0.0031029032543301582,-50.62209949534553,0.041175682097673416,0.0,0.7314547175668096
job_000007,Bulgaria,297,297,14.85,4,0.489494688808918,4,0.03705721386334371,0.5548657099405925,0.4579418094069869,0.38564942385361,0.3055844454454578,0.25,0,,,,,,4763,0.0035273719113320112,0.008380930870771408,0.0010008127428591251,-0.001903893775306642,-62.27060923304878,0.06493160128593445,0.0,0.6097784958901383
job_000007,Bulgaria,298,298,14.9,5,0.4593217223882675,5,0.046726628604547495,0.5716289567947388,0.4798704924406829,0.3493327163077966,0.25859916154498386,0.4,0,,,,,,5773,0.011204991489648819,0.030335985124111176,0.004269447177648544,-0.0011107409372925758,-14.582822319228859,0.0927104651927948,0.0,0.3937144570147383
job_000007,Bulgaria,299,299,14.95,5,0.4697395622730255,5,0.04660854007797887,0.5718904503186544,0.47993923328540944,0.34909554360681483,0.2585628329680449,0.4,0,,,,,,5858,0.005518685560673475,0.014564757235348225,0.0026103954296559095,-0.0010488745756447315,-21.89059585434644,0.002379088196903467,0.0,0.5097657632023694
job_000007,Bulgaria,300,300,15.0,5,0.48212376832962034,5,0.04629769346048205,0.5718608530362447,0.47961370962637445,0.3489358542150744,0.25852763956453,0.4,0,,,,,,5886,0.006477974820882082,0.01710495352745056,0.002455713227391243,-0.0019634971395134926,-38.64453356130606,-0.007068220525979996,0.007068220525979996,0.4853641765855919
job_000007,Bulgaria,301,301,15.05,5,0.4997639894485474,5,0.04618406119539694,0.5716762248675029,0.47984922055844914,0.3488455118879785,0.2583879621619039,0.4,0,,,,,,5801,0.007168819196522236,0.024773722514510155,0.001489104819484055,-0.0016266454476863146,-47.52760458884979,0.0024921593721956015,0.0,0.3076257962793285
job_000007,Bulgaria,302,302,15.1,5,0.46069648265838625,5,0.04641098526772606,0.5720536510149637,0.48005481861255783,0.34896026863225443,0.2586766059843194,0.4,0,,,,,,5858,0.014512968249619007,0.055366408079862595,0.004341332241892815,-0.005617537070065737,-52.30251457671543,-0.08868040144443512,0.08868040144443512,0.4891879778297588
job_000007,Bulgaria,303,303,15.15,5,0.436618036031723,5,0.04665268384517719,0.5719331860542297,0.48007559317129633,0.3487182867624659,0.258488381201338,0.4,0,,,,,,5870,0.006646519061177969,0.011684109456837177,0.002945751417428255,-0.00417339475825429,-54.78400414167871,-0.04025055840611458,0.04025055840611458,0.7685669295325696
job_000007,Bulgaria,304,304,15.2,4,0.4735657796263695,4,0.03923560793656819,0.5683368782202403,0.479549503326416,0.3898093274621994,0.30726529514980006,0.5,0,,,,,,5211,0.005626504775136709,0.010977087542414665,0.002714775502681732,-0.0034285043366253376,-51.626937758529586,-0.02990085445344448,0.02990085445344448,0.7772451730827273
job_000007,Bulgaria,305,305,15.25,4,0.48752615600824356,4,0.039580085237926756,0.5685826202233633,0.4795203032316985,0.38994969590891954,0.3075064441141698,0.5,0,,,,,,5319,0.004760671406984329,0.012068121694028378,0.0024248547852039337,-0.0025998156052082777,-46.99425381165253,-0.02980164624750614,0.02980164624750614,0.7467710890439364
job_000007,Bulgaria,306,306,15.3,4,0.5099600926041603,4,0.03960034588061975,0.5687771936257681,0.4794653415679932,0.39013140489369885,0.3076628237415021,0.5,0,,,,,,5329,0.00964306015521288,0.029916323721408844,0.004491074476391077,-0.004720799624919891,-46.428542529711635,-0.08299268037080765,0.08299268037080765,0.6756987602235905
job_000007,Bulgaria,307,307,15.35,4,0.5315506011247635,4,0.039536707484929386,0.5685242354869843,0.47953904823020654,0.3899625915161129,0.307235839422106,0.5,0,,,,,,5296,0.005663691554218531,0.021371807903051376,0.0011614367831498384,-0.0009139794274233282,-38.20057282318165,-0.0161337461322546,0.0161337461322546,0.26094917759097974
job_000007,Bulgaria,308,308,15.4,4,0.5331345573067665,4,0.03966878104777281,0.5685413142045339,0.47950462058738424,0.38972897723388766,0.30728828480935966,0.5,0,,,,,,5395,0.003991595469415188,0.012159432284533978,0.0005707566742785275,-0.00041558666271157563,-36.05959151031282,-0.011445649899542332,0.011445649899542332,0.17687863106750645
job_000007,Bulgaria,309,309,15.45,5,0.4576044350862503,5,0.05311761189922739,0.566172846953074,0.49652371724446615,0.3505539250687794,0.2299608835377936,0.6,0,,,,,,5269,0.006034641060978174,0.01955435425043106,0.0012244469253346324,0.0019574465695768595,57.97267218683452,-0.0012016071705147624,0.0012016071705147624,0.3826022276580399
job_000007,Bulgaria,310,310,15.5,5,0.4729479104280472,5,0.053005586932253386,0.5663429975509644,0.49752836439344617,0.35041484040046184,0.22977424305340016,0.6,0,,,,,,5329,0.008287179283797741,0.0342726968228817,0.0007545312400907278,0.0004050048009958118,28.225278240050773,0.057909805327653885,0.0,0.10333508774053461
job_000007,Bulgaria,311,311,15.55,5,0.49508232474327085,5,0.05266347648849514,0.5665387344360351,0.49753118444372113,0.35044245604161234,0.22998646921112448,0.6,0,,,,,,5345,0.002746096346527338,0.007872548885643482,0.0004338183207437396,-0.001245045685209334,-70.78984108556837,0.002659839577972889,0.0,0.4801215819708925
job_000007,Bulgaria,312,312,15.6,5,0.4889327108860016,5,0.05263556923670012,0.5664477602640787,0.4972464780454283,0.35058867253440784,0.23006597502926351,0.6,0,,,,,,5372,0.003695815335959196,0.007100721355527639,0.0008206370985135436,-0.001841577934101224,-65.98146928179403,-0.022504186257719994,0.022504186257719994,0.5455219640050051
job_000007,Bulgaria,313,313,15.65,5,0.5040209233760834,5,0.05266795318593655,0.5666591644287109,0.49681287977430555,0.3504151650546948,0.22981784998251015,0.6,0,,,,,,5355,0.005960945505648851,0.018230097368359566,0.002562997629866004,-0.00336827477440238,-52.73166036582486,-0.0068221488036215305,0.0068221488036215305,0.7100418440412205
job_000007,Bulgaria,314,314,15.7,4,0.5818255320191383,4,0.03995615273531044,0.568716095884641,0.4779211768397579,0.3890507320172345,0.3067570618844284,0.5,0,,,,,,5372,0.012317211367189884,0.03141569346189499,0.0047182608395814896,-0.008578401058912277,-61.18848703884583,-0.023847464472055435,0.023847464472055435,0.7948511682269301
job_000007,Bulgaria,315,315,15.75,5,0.4963129460811615,5,0.05329507702267294,0.566259716351827,0.49666690543845843,0.34980679360237443,0.2293854099575881,0.6,0,,,,,,5347,0.005284767597913742,0.006428409367799759,0.0018034134991467,-0.003696031868457794,-63.9907549131228,0.0015570471296086907,0.0,0.7781867148175992
job_000007,Bulgaria,316,316,15.8,4,0.5629220679402351,4,0.039737835791473816,0.5683835685253144,0.47818437682257753,0.3893850696188142,0.3067332557053437,0.5,0,,,,,,5373,0.004843270406126976,0.01533289160579443,0.001588946208357811,-0.003418989945203066,-65.07375559423281,-0.001173262600786984,0.001173262600786984,0.7784364083193002
job_000007,Bulgaria,317,317,15.85,5,0.4836155593395233,5,0.053438466496889214,0.5661069250106812,0.49571510738796654,0.34995852498910796,0.22943639083737347,0.6,0,,,,,,5369,0.005041966680437326,0.017062390223145485,0.001120803994126618,-0.003446629038080573,-71.98607247150409,0.014070729725062847,0.0,0.7188239875931723
job_000007,Bulgaria,318,318,15.9,4,0.5528533458709717,4,0.03992830181957951,0.568319300810496,0.4784546587202284,0.38915770767672647,0.30639216138669156,0.5,0,,,,,,5385,0.006399951875209808,0.016723915934562683,0.003002913435921073,-0.003707034280523658,-50.99051472385903,0.029032060876488686,0.0,0.7454277057500616
job_000007,Bulgaria,319,319,15.95,4,0.5388386137783527,4,0.03990973883942916,0.5685210585594177,0.4783626362129494,0.38950759440608473,0.3068586752114396,0.5,0,,,,,,5324,0.003543268423527479,0.012466659769415855,0.001049696933478117,-0.0013205051654949784,-51.51808351496575,0.012072109617292881,0.0,0.4760830118383842
job_000007,Bulgaria,320,320,16.0,4,0.5416759252548218,4,0.03974398598627886,0.5685514181852341,0.47827032936943903,0.38944000067272916,0.3067290575964333,0.5,0,,,,,,5324,0.0033844078425318003,0.008420891128480434,0.0005599961732514203,-0.0017611931543797255,-72.3612047091371,0.05261567607522011,0.0,0.5460569087105057
job_000007,Bulgaria,321,321,16.05,4,0.565724216401577,4,0.03960139306955058,0.568623278538386,0.477977235228927,0.3894040728811418,0.30676610141952754,0.5,0,,,,,,5279,0.003830469213426113,0.014729760587215424,0.0010936203179880977,-0.00025381374871358275,-13.066216004988613,-0.002523267176002264,0.002523267176002264,0.29309394166943764
job_000007,Bulgaria,322,322,16.1,4,0.543330155313015,4,0.03971785219958775,0.5685707648595174,0.4782208831221969,0.3893220554105542,0.30649169208747495,0.5,0,,,,,,5276,0.007884831167757511,0.028363637626171112,0.0015870837960392237,0.002641441533342004,59.000866974185755,0.029878513887524605,0.0,0.3908220514706841
job_000007,Bulgaria,323,323,16.15,4,0.545074999332428,4,0.03948988846096463,0.5684842864672344,0.47807365700050636,0.3891942700843485,0.3062083644525997,0.5,0,,,,,,5289,0.003019503550603986,0.010614492930471897,-0.00028442940674722195,0.0004133251786697656,124.53377485728068,0.03791051357984543,0.0,0.166164660140414
job_000007,Bulgaria,324,324,16.2,4,0.5356189608573914,4,0.03935529648807224,0.5682821104923884,0.4775653097364638,0.3891544131249269,0.30597363707872605,0.5,0,,,,,,5279,0.0027554177213460207,0.006119749508798122,-2.1639531041728333e-05,-0.0009854865493252873,-91.2579112186582,0.04067610949277878,0.0,0.35774035125617976
job_000007,Bulgaria,325,325,16.25,4,0.5346231460571289,4,0.03948292036225425,0.5682994504769643,0.47697885124771683,0.3891945733921067,0.306016452499976,0.5,0,,,,,,5198,0.0020702402107417583,0.003984401933848858,0.00034664172562770545,0.00033166934736073017,43.735514075992775,0.03703213483095169,0.0,0.23173890019450316
job_000007,Bulgaria,326,326,16.3,4,0.5329528525471687,4,0.03938472526820943,0.5680083076159159,0.476965911300094,0.38882714594870227,0.3054085951975501,0.5,0,,,,,,5291,0.004429520573467016,0.0054219686426222324,0.0016794224502518773,-0.00159941497258842,-43.602193180718324,0.11332044750452042,0.0,0.5235732104215104
job_000007,Bulgaria,327,327,16.35,4,0.5348159372806549,4,0.03930926929556818,0.5680444985628128,0.477216480396412,0.38880742828174847,0.305476318220242,0.5,0,,,,,,5243,0.002034626202657819,0.002471980871632695,0.00034579893690533936,-0.0007703201845288277,-65.82455162500307,0.044516466557979584,0.0,0.4150027960595293
job_000007,Bulgaria,328,328,16.4,4,0.5173967964947224,4,0.0392897759816746,0.5680519809325535,0.47685302981623895,0.38898235722441343,0.30564329315194455,0.5,0,,,,,,5246,0.0012295761844143271,0.0028199180960655212,1.1817126505775377e-05,-0.0008240691386163235,-89.17843656684998,-0.0021146086510270834,0.0021146086510270834,0.6702747445224462
job_000007,Bulgaria,329,329,16.45,4,0.45841309428215027,4,0.040258631834731655,0.5678891986608505,0.47805408371819386,0.38893813322153925,0.30529042335622103,0.5,0,,,,,,5358,0.013372091576457024,0.061625681817531586,0.002818993991240859,0.009620985947549343,73.66916810144949,0.01751413382589817,0.0,0.74973106388685
job_000007,Bulgaria,330,330,16.5,4,0.3472587391734123,4,0.04265159086381584,0.6816213568051657,0.4524264688845034,0.27491488546217324,0.17499468442665767,0.75,0,,,,,,3997,0.007032868918031454,0.00879738200455904,0.0007633543573319912,0.00494764419272542,81.2291966867696,0.01201307587325573,0.0,0.7118269266232059
job_000007,Bulgaria,331,331,16.55,4,0.4096592999994755,4,0.0654448972374388,0.44614954590797423,0.5966839295846444,0.1554474058141046,0.12268357399535809,0.5,0,,,,,,7062,0.1361294686794281,0.32184359431266785,0.060118213295936584,0.026663780212402344,23.91836348320965,0.7736932635307312,0.0,0.4831130579442443
job_000007,Bulgaria,332,332,16.6,5,0.3255747973918915,5,0.06541655527880878,0.597270466486613,0.5137452019585503,0.320877458944685,0.2080980056726268,0.6,0,,,,,,7018,0.042882028967142105,0.11124318838119507,0.0215910654515028,-0.017735708504915237,-39.40096244417729,0.3663194179534912,0.0,0.6515908225480099
job_000007,Bulgaria,333,333,16.65,2,0.45363380014896393,2,0.023972033796308995,0.7654085397720337,0.33050076873214157,0.32031251180482706,0.6406250236096541,0.5,0,,,,,,3208,0.001979360356926918,0.005698376335203648,0.0003205481043551117,-4.542262104223482e-05,-8.065285719869891,-0.008745191618800163,0.008745191618800163,0.16356312699706685
job_000007,Bulgaria,334,334,16.7,5,0.3398593634366989,5,0.055504813042188524,0.5825679429372151,0.44144215619122545,0.276161349934814,0.13118428456349177,0.4,0,,,,,,4528,0.012111963704228401,0.03627672418951988,0.008320478722453117,0.003652902552857995,23.70270053906804,-0.10638298094272614,0.10638298094272614,0.7502521817507987
job_000007,Bulgaria,335,335,16.75,3,0.4522775411605835,3,0.048830793367507994,0.40343725946214465,0.5731926812065972,0.21394027476757702,0.15322255288812628,0.6666666666666666,0,,,,,,4780,0.08048628270626068,0.21151436865329742,0.03323546051979065,-0.04319772869348526,-52.42604326368878,-0.19469228386878967,0.19469228386878967,0.6771784254942926
job_000007,Bulgaria,336,336,16.8,5,0.3876011550426483,5,0.05963942265251526,0.5637666885058085,0.4779234723691587,0.3408175424384365,0.22909713709622967,0.6,0,,,,,,6399,0.03753991052508354,0.10012134164571762,0.02233927510678768,-0.01714414916932583,-37.50423003963038,-0.07143696397542953,0.07143696397542953,0.7501252655101519
job_000007,Bulgaria,337,337,16.85,4,0.35844390094280243,4,0.048252374245972465,0.5657317206263541,0.4552391158209907,0.37807135532027336,0.3053561861810428,0.5,0,,,,,,6517,0.0415777862071991,0.10313978791236877,0.030861087143421173,0.022396346554160118,35.96894613067783,-0.04098605737090111,0.04098605737090111,0.9171097177784161
job_000007,Bulgaria,338,338,16.9,4,0.37844331562519073,4,0.04656431781387805,0.5664674336711566,0.4593036863538954,0.37645431051332534,0.3026839647162196,0.5,0,,,,,,6206,0.07592263072729111,0.19522935152053833,0.03636190667748451,0.06198616698384285,59.60354936435216,-0.07389357686042786,0.07389357686042786,0.9465460862121797
job_000007,Bulgaria,339,339,16.95,4,0.31650254130363464,4,0.0362546608438586,0.6463036100069681,0.4350440996664542,0.2901633460471961,0.23040252898877123,0.5,0,,,,,,4862,0.01394694298505783,0.053184740245342255,0.010128398425877094,-0.000284597190329805,-1.6095267670744475,-0.03523293882608414,0.03523293882608414,0.726495841168604
job_000007,Bulgaria,340,340,17.0,4,0.29672063514590263,4,0.03869748582789871,0.6187803427378337,0.44125012645015005,0.31431292053768023,0.253493350944478,0.5,0,,,,,,5218,0.04437870532274246,0.19584734737873077,0.02391076274216175,0.033805880695581436,54.72838497404205,-0.3233359754085541,0.3233359754085541,0.9330437050161949
job_000007,Bulgaria,341,341,17.05,4,0.2942128963768482,4,0.039279009231125844,0.6195989926656087,0.4435044165010805,0.31501990630302157,0.251829028824979,0.5,0,,,,,,5162,0.05153048411011696,0.22123803198337555,0.029046112671494484,0.040269941091537476,54.197646008520024,-0.38785165548324585,0.38785165548324585,0.963550792259474
job_000007,Bulgaria,342,342,17.1,4,0.31138547882437706,4,0.05392765431723451,0.5009052117665609,0.46206681286847145,0.38213200220368326,0.32784321344391265,0.25,0,,,,,,7201,0.17341654002666473,0.3761574625968933,0.09157875180244446,0.1458589881658554,57.877008833481746,-0.2222263365983963,0.2222263365983963,0.9931300599529963
job_000007,Bulgaria,343,343,17.15,5,0.28753564357757566,5,0.06772384528013872,0.335095690091451,0.5358254015887225,0.18420971113922158,0.17349905995204148,0.2,0,,,,,,9181,0.4272625744342804,0.8321365714073181,0.25892290472984314,0.3258141875267029,51.52600993986632,-0.5676977634429932,0.5676977634429932,0.974033782772702
job_000007,Bulgaria,344,344,17.2,2,0.31354737281799316,2,0.04107105102249787,0.18551806807518006,0.568205451965332,0.13953472434601902,0.27906944869203804,0.5,0,,,,,,5556,0.4583331048488617,0.5291773080825806,0.27937236428260803,0.353808730840683,51.7048807833899,-0.27161577343940735,0.27161577343940735,0.9835856541102237
job_000007,Bulgaria,345,345,17.25,5,0.37250604629516604,5,0.16636440786403167,0.4901649490992228,0.5355972035725911,0.14399960368940357,0.08357651708717564,0.4,0,,,,,,20369,0.37839704751968384,0.6742949485778809,0.2338884174823761,0.207236647605896,41.54252259568472,-0.18494448065757751,0.18494448065757751,0.825829149135508
job_000007,Bulgaria,346,346,17.3,4,0.3754528611898422,4,0.14351463824792451,0.508575169245402,0.5539576777705439,0.15130100166355376,0.14322113751228369,0.5,0,,,,,,18889,0.2850819528102875,0.5037458539009094,0.16941484808921814,0.20994527637958527,51.09828668098555,-1.3808369636535645,1.3808369636535645,0.9463059179521582
job_000007,Bulgaria,347,347,17.35,5,0.3109599411487579,5,0.2709067156576216,0.4480220929781596,0.5937564397741247,0.20041656973369545,0.1445553963418655,0.4,0,,,,,,32525,0.8070393204689026,1.4705787897109985,0.5082056522369385,0.609261691570282,50.167379188878286,-0.9371455907821655,0.9371455907821655,0.9830911518013895
job_000007,Bulgaria,348,348,17.4,5,0.45426021218299867,5,0.28099645129996204,0.43435636838277186,0.6101651650887948,0.19369812486182075,0.1401170600250961,0.4,0,,,,,,32044,0.4561521112918854,0.812277615070343,0.3035747706890106,0.32983261346817017,47.37383188772634,-0.4442196488380432,0.4442196488380432,0.9827233700088938
job_000007,Bulgaria,349,349,17.45,5,0.36564409732818604,5,0.3983208053372684,0.41757019599278766,0.6517511551468461,0.21186555902850512,0.07829949115858861,0.4,0,,,,,,31398,0.44733279943466187,0.7857574820518494,0.3056088984012604,0.3163370192050934,45.988213081781254,-0.5890562534332275,0.5890562534332275,0.9832670384536173
job_000007,Bulgaria,350,350,17.5,5,0.43257471919059753,5,0.2649403543096991,0.4351809247334798,0.6111492411295574,0.18500975358406913,0.09874603930040678,0.4,0,,,,,,26792,0.4826807379722595,0.7417968511581421,0.33243465423583984,0.3368229269981384,45.37567883056494,0.3710552453994751,0.0,0.9804550082675073
job_000007,Bulgaria,351,351,17.55,3,0.34235118826230365,3,0.1387013781948495,0.5481540044148763,0.5974069147934148,0.1508189063357018,0.1680371204663894,0.3333333333333333,0,,,,,,18194,0.9086724519729614,1.4562768936157227,0.6247527003288269,0.6445488333702087,45.89351733557101,-0.904856264591217,0.904856264591217,0.9878596738535905
job_000007,Bulgaria,352,352,17.6,2,0.25608648359775543,2,0.017651640452688164,0.6306724230448405,0.5349150904902705,0.04870187532556512,0.09740375065113024,0.5,0,,,,,,2415,0.001881092437542975,0.003146349685266614,-0.0005633095279335976,-2.98639261018252e-05,-176.96529796597807,-0.007945416495203972,0.007945416495203972,0.29987925161940127
job_000007,Bulgaria,353,353,17.65,1,0.27520865201950073,1,0.03288803884656784,0.3205351193745931,0.810321694833261,0.0,,1.0,0,,,,,,4343,0.5158325433731079,0.8595737218856812,0.23742614686489105,0.25002890825271606,46.48100671956355,1.4635556936264038,0.0,0.668430016711573
job_000007,Bulgaria,354,354,17.7,4,0.2668304406106472,4,0.11539791115344053,0.5560279687245686,0.5941388059545446,0.14059955736903434,0.1504757677240381,0.25,0,,,,,,14948,0.4394855797290802,0.8725324869155884,0.10666923969984055,0.41251301765441895,75.50180706998775,-0.40766820311546326,0.40766820311546326,0.9695001820321002
job_000007,Bulgaria,355,355,17.75,2,0.2497367113828659,2,0.030649596733158962,0.4731973965962728,0.5575259032072845,0.18823245385100917,0.37646490770201835,0.5,0,,,,,,4135,0.1655670702457428,0.5711225867271423,0.052915073931217194,0.15225936472415924,70.83600043853471,1.7504414319992065,0.0,0.9735763319247953
job_000007,Bulgaria,356,356,17.8,2,0.2984255403280258,2,0.016560263475370852,0.6314473152160645,0.5389837406299732,0.04804967505090998,0.09609935010181996,1.0,0,,,,,,2308,0.007104017306119204,0.024899892508983612,-0.00015143856580834836,0.003965685609728098,92.18690474483962,0.18490658700466156,0.0,0.5586382880758415
job_000007,Bulgaria,357,357,17.85,2,0.3167865425348282,2,0.01632654902395177,0.6312238852183024,0.5392719551368996,0.04772892189749542,0.09545784379499084,1.0,0,,,,,,2252,0.006769517436623573,0.018669623881578445,-0.0014435803750529885,-0.00055860192514956,-158.84576078651696,0.08095726370811462,0.0,0.22865573976829476
job_000007,Bulgaria,358,358,17.9,2,0.337190642952919,2,0.01607845089738947,0.6311511198679606,0.5398354636298286,0.04747973058155779,0.09495946116311559,1.0,0,,,,,,2214,0.0018858190160244703,0.0036914353258907795,0.0001938824134413153,-0.00027068681083619595,-54.38745057550199,-0.010593400336802006,0.010593400336802006,0.1765593959056401
job_000007,Bulgaria,359,359,17.95,2,0.3503318130970001,2,0.01610040089891962,0.6312101840972901,0.5394146177503798,0.0474448679464551,0.0948897358929102,1.0,0,,,,,,2214,0.0017092019552364945,0.0035286606289446354,-0.00017284174100495875,-0.00034560239873826504,-116.57042788890341,-0.0034754881635308266,0.0034754881635308266,0.22607823474058023
job_000007,Bulgaria,360,360,18.0,2,0.34620891511440277,2,0.016227543144706022,0.6314172903696695,0.5401363231517651,0.04772213679160316,0.09544427358320633,1.0,0,,,,,,2214,0.0023599097039550543,0.005497743841260672,-0.000777870009187609,0.0009405160672031343,129.59303535176832,0.01166933961212635,0.0,0.5171863552902922
job_000007,Bulgaria,361,361,18.05,3,0.29020977516969043,3,0.02674493107584702,0.5716668128967285,0.5379529505600164,0.09313233516410227,0.11530510674199512,0.6666666666666666,0,,,,,,3648,0.0065852003172039986,0.018727535381913185,0.002099859295412898,-0.0017484382260590792,-39.78230220430909,0.07842793315649033,0.0,0.41494253245343965
job_000007,Bulgaria,362,362,18.1,2,0.2968134433031082,2,0.016025615885255882,0.6313418706258138,0.5402727197717737,0.04803922103046535,0.0960784420609307,1.0,0,,,,,,2176,0.003180297091603279,0.007069016806781292,-0.0006402393919415772,-0.0008503784192726016,-126.97563829783753,0.0035520161036401987,0.0,0.3347008636782277
job_000007,Bulgaria,363,363,18.15,2,0.3012351542711258,2,0.015786305964697312,0.6311044216156005,0.5403450930560076,0.04787939142317132,0.09575878284634264,1.0,0,,,,,,2190,0.004587974864989519,0.009333193302154541,-0.0008326675160788,-0.0008752784924581647,-133.57084314146243,0.02238495461642742,0.0,0.2633135620081663
job_000007,Bulgaria,364,364,18.2,2,0.30181121826171875,2,0.015991919401585394,0.6309369087219239,0.539636951022678,0.04765233196601,0.09530466393202,1.0,0,,,,,,2221,0.0029465125408023596,0.006324556656181812,-0.00022990004799794406,-0.0009652859880588949,-103.39643257995645,0.005523206666111946,0.0,0.3367661827589372
job_000007,Bulgaria,365,365,18.25,3,0.2748022923866908,3,0.035696832458555115,0.5013762421078153,0.5218569861518012,0.07358158870683718,0.05599741491456726,0.6666666666666666,0,,,,,,3276,0.013222168199717999,0.06200621277093887,0.009257884696125984,-0.007967240177094936,-40.714947715184046,0.23017096519470215,0.0,0.923762661484567
job_000007,Bulgaria,366,366,18.3,2,0.2289266213774681,2,0.02095166181704248,0.5272290388743083,0.5132309242531106,0.07709193591571924,0.15418387183143845,0.5,0,,,,,,2860,0.006826293189078569,0.027129285037517548,0.004330875352025032,-0.002873663790524006,-33.56544960592137,0.09091062843799591,0.0,0.7614000936731894
job_000007,Bulgaria,367,367,18.35,2,0.25648752599954605,2,0.021127550295838134,0.5275818904240926,0.5139772556446216,0.07710954334496938,0.15421908668993875,0.5,0,,,,,,2890,0.0062854415737092495,0.022468924522399902,0.003885648213326931,-0.0019176092464476824,-26.266835449893783,0.05568453669548035,0.0,0.6893818014092882
job_000007,Bulgaria,368,368,18.4,5,0.2435127913951874,5,0.04672572794022185,0.4431830390294393,0.530087478072555,0.17666905601411692,0.11194841798871598,0.4,0,,,,,,6426,0.006142850499600172,0.01858172006905079,0.003017137059941888,-0.002033431315794587,-33.978415337550366,-0.059240471571683884,0.059240471571683884,0.5922984132767515
job_000007,Bulgaria,369,369,18.45,2,0.3352678418159485,2,0.0155480464171984,0.6315914471944173,0.5395170776932328,0.047650523775700955,0.09530104755140191,1.0,0,,,,,,2143,0.005362465046346188,0.015460355207324028,0.000292041280772537,-0.0011495500802993774,-75.74565723908734,-0.022552447393536568,0.022552447393536568,0.2211793244712521
job_000007,Bulgaria,370,370,18.5,4,0.31539611518383026,4,0.04367633991359958,0.5410891890525817,0.5319943922537345,0.09731325850003712,0.051178143146989166,0.5,0,,,,,,4299,0.004840650130063295,0.017991865053772926,0.0029372575227171183,0.0013201349647715688,24.201283570490318,0.0460176020860672,0.0,0.6652588633696812
job_000007,Bulgaria,371,371,18.55,4,0.322321992367506,4,0.044340373899322,0.5410315116246541,0.5326302351774993,0.0973485969698819,0.052383908161802474,0.5,0,,,,,,4405,0.0029348833486437798,0.009718550369143486,0.0010448601096868515,-0.0005602011806331575,-28.197960093743077,0.02173873968422413,0.0,0.40395551641942573
job_000007,Bulgaria,372,372,18.6,3,0.3107142100731532,3,0.03570024259232508,0.5725341161092122,0.5384860144721136,0.09594152397529006,0.12070093775075524,0.3333333333333333,0,,,,,,4819,0.004217339679598808,0.013401516713202,0.0014531785855069757,0.001502671162597835,45.95926757583242,0.03422589227557182,0.0,0.4956665882586603
job_000007,Bulgaria,373,373,18.65,4,0.28605876863002777,4,0.04232905167316296,0.5953172842661539,0.5494908580073604,0.09228128102276804,0.06524881686108736,0.75,0,,,,,,4907,0.007319908123463392,0.018189525231719017,0.002628297545015812,0.0034714809153229,52.87022360937041,0.03935005143284798,0.0,0.5948446312671261
job_000007,Bulgaria,374,374,18.7,3,0.2728521078824997,3,0.035173707784073215,0.5721870051489936,0.5385337123164424,0.09410901346217353,0.11763687975731095,0.6666666666666666,0,,,,,,4805,0.004019771236926317,0.00890974048525095,0.0005498086102306843,0.001941249007359147,74.18659680639566,-0.012255370616912842,0.012255370616912842,0.5019208022813146
job_000007,Bulgaria,375,375,18.75,4,0.28130804002285004,4,0.049820225906088006,0.5429277380307516,0.5323929504111962,0.09584117131939571,0.052931058230703404,0.5,0,,,,,,4755,0.0039002394769340754,0.010923856869339943,-0.00029377080500125885,0.00273278565146029,96.13565763581408,0.021115243434906006,0.0,0.7047080818323146
job_000007,Bulgaria,376,376,18.8,4,0.26848354190588,4,0.057263935349332266,0.5429206093152364,0.5239485634697808,0.09748550123574352,0.06574802469806941,0.5,0,,,,,,5912,0.0052561573684215546,0.016593515872955322,0.0007395660504698753,0.003106173360720277,76.60748540828087,0.0276322104036808,0.0,0.6074786586432257
job_000007,Bulgaria,377,377,18.85,4,0.2678738497197628,4,0.05195582486929826,0.4299640476703644,0.530780029296875,0.1446519850412949,0.10343576738938443,0.5,0,,,,,,5121,0.008291373960673809,0.022717949002981186,0.00493596401065588,0.002546799136325717,27.29228294465241,-0.004724125377833843,0.004724125377833843,0.669885479245534
job_000007,Bulgaria,378,378,18.9,4,0.2942117378115654,4,0.05255786147460045,0.4302084147930145,0.5280591470223887,0.1439964487444407,0.10258966628924378,0.5,0,,,,,,5186,0.005032629705965519,0.017358481884002686,0.0028617107309401035,0.0015894907992333174,29.049272027494474,0.011269107460975647,0.0,0.6504572030647188
job_000007,Bulgaria,379,379,18.95,4,0.3143808841705322,4,0.05329271619971504,0.43011642495791114,0.5252504348754883,0.1437890615441878,0.10167051397621411,0.5,0,,,,,,5280,0.005893470719456673,0.020090894773602486,0.003774365410208702,0.0010044745868071914,14.902744581183546,-0.003250985173508525,0.003250985173508525,0.6627232056636567
job_000007,Bulgaria,380,380,19.0,4,0.3185641020536423,4,0.052380537487330944,0.4299304763476054,0.5276927771391692,0.14417055301177822,0.1018112095776231,0.5,0,,,,,,5131,0.004724674858152866,0.01731649413704872,0.0029726328793913126,0.001136308303102851,20.9196817581412,0.008829599246382713,0.0,0.6735725886769345
job_000007,Bulgaria,381,381,19.05,3,0.35402599970499676,3,0.04271610657509613,0.5043779638078477,0.5122012291425541,0.07031652996090253,0.05214317734445579,0.6666666666666666,0,,,,,,3851,0.006155005656182766,0.023538678884506226,0.004224918782711029,0.0023215501569211483,28.788349636325194,0.013793985359370708,0.0,0.7832226708772169
job_000007,Bulgaria,382,382,19.1,4,0.3215985521674156,4,0.049678521405319455,0.4303785264492035,0.5287880544309262,0.14524476425090665,0.10214305167993987,0.5,0,,,,,,4794,0.0037995283491909504,0.014121796935796738,0.0018997793085873127,0.0010326532647013664,28.52694864112317,0.021043773740530014,0.0,0.5690965190100725
job_000007,Bulgaria,383,383,19.15,4,0.31831056624650955,4,0.051075128831360436,0.43024596373240154,0.5282698278073912,0.14487703428029441,0.102491882227778,0.5,0,,,,,,5023,0.003516317345201969,0.011630233377218246,0.0017751575214788318,0.0006698454380966723,20.673709252779364,0.006163553334772587,0.0,0.5395799162356099
job_000007,Bulgaria,384,384,19.2,3,0.35957152644793194,3,0.03631713427765921,0.4215293169021606,0.531725287731783,0.16612329053091493,0.18500484179119134,0.3333333333333333,0,,,,,,4944,0.00369777949526906,0.01072055846452713,0.001818847144022584,0.0007747913477942348,23.073003773499575,-0.0028471460100263357,0.0028471460100263357,0.534643649995062
job_000007,Bulgaria,385,385,19.25,4,0.2983884774148464,4,0.043764796571407784,0.4815134366353353,0.5415278222825792,0.17787826580152188,0.14943633277851637,0.25,0,,,,,,5964,0.007493642158806324,0.021666033193469048,0.0030640941113233566,-0.0010478905169293284,-18.880191272797436,0.02720891870558262,0.0,0.43214296766488314
job_000007,Bulgaria,386,386,19.3,2,0.3423081487417221,2,0.027503198910781963,0.5299026091893514,0.5107813517252604,0.07401116301270888,0.14802232602541776,0.5,0,,,,,,3780,0.0035257400013506413,0.010923623107373714,0.0011489400640130043,0.000813484366517514,35.29964975960844,-0.0006770194740965962,0.0006770194740965962,0.3992839284763092
job_000007,Bulgaria,387,387,19.35,3,0.4228696624437968,3,0.034610891276386634,0.42198351489173036,0.5328484429253472,0.16688146663038428,0.18450209417591512,0.3333333333333333,0,,,,,,4789,0.0034369132481515408,0.008282775990664959,0.00010040168854175135,0.00014323866344057024,54.97185485191067,-0.02054649032652378,0.02054649032652378,0.05089517691336644
job_000007,Bulgaria,388,388,19.4,3,0.4425416986147563,3,0.03512172015201312,0.4223217884699504,0.5314257869014033,0.16622427876386,0.18389954194606584,0.3333333333333333,0,,,,,,4840,0.0033016756642609835,0.009315269999206066,0.0006889001233503222,-0.0004664776788558811,-34.10326363367442,-0.022625727578997612,0.022625727578997612,0.25198612143474347
job_000007,Bulgaria,389,389,19.45,4,0.4175119437277317,4,0.04811146279570236,0.45228381554285685,0.542601493552879,0.15412114747471536,0.1366612011779182,0.5,0,,,,,,6366,0.008496196940541267,0.02481287717819214,0.0004422486817929894,0.0018457170808687806,76.52550228067088,-0.014615173451602459,0.014615173451602459,0.22338946198218962
job_000007,Bulgaria,390,390,19.5,4,0.41885770857334137,4,0.048749139327875675,0.45235740939776103,0.5424849227622703,0.1538823496959476,0.13451220975259437,0.5,0,,,,,,6495,0.006042271852493286,0.016707930713891983,0.0005067663732916117,0.00021210733393672854,22.711773724193797,0.0077683585695922375,0.0,0.09092023805196975
job_000007,Bulgaria,391,391,19.55,3,0.49392034610112506,3,0.03485722893410482,0.4223122199376424,0.5332276238335504,0.1658909013276451,0.18341845952755484,0.3333333333333333,0,,,,,,4831,0.006135870702564716,0.016632918268442154,0.0013351908419281244,0.0028190482407808304,64.65627754482777,-0.040502239018678665,0.040502239018678665,0.5083642869896198
job_000007,Bulgaria,392,392,19.6,3,0.4291073977947235,3,0.03478064374996146,0.42257453600565587,0.5327684190538194,0.16583811957116182,0.18336069896472337,0.3333333333333333,0,,,,,,4722,0.004746831022202969,0.013749507255852222,0.001279350370168686,0.0018955522682517767,55.98371114617532,-0.031886808574199677,0.031886808574199677,0.48177147677969606
job_000007,Bulgaria,393,393,19.65,4,0.32055841758847237,4,0.04522905264750686,0.38917372226715086,0.5234735630176685,0.15578821063276782,0.1304771690239414,0.25,0,,,,,,6152,0.008458323776721954,0.02169651724398136,0.0018863070290535688,0.0013655130751430988,35.901086362235645,-0.011609261855483055,0.011609261855483055,0.2753129842406266
job_000007,Bulgaria,394,394,19.7,4,0.3522106111049652,4,0.04873384034685808,0.38761277198791505,0.5257315741644965,0.1566040438503908,0.12536436146391594,0.5,0,,,,,,6534,0.005251273512840271,0.015694033354520798,0.002112120855599642,0.0018559484742581844,41.30619960466658,-0.029718684032559395,0.029718684032559395,0.5354300709497005
job_000007,Bulgaria,395,395,19.75,3,0.4028601398070653,3,0.035083125939951665,0.4232473717795478,0.5339785116690177,0.16516210827781747,0.18181507124912144,0.3333333333333333,0,,,,,,4767,0.0037526024971157312,0.010448337532579899,0.0010758684948086739,0.00047110390732996166,23.64776638623882,-0.030160624533891678,0.030160624533891678,0.3129807095579052
job_000007,Bulgaria,396,396,19.8,5,0.3219387739896774,5,0.059107710489279944,0.4037444051106771,0.5239422353108724,0.1418452446249319,0.07689131751461718,0.4,0,,,,,,6175,0.004587927833199501,0.01241800282150507,0.0017503335839137435,0.0008102630381472409,24.8403246339705,-0.0160265751183033,0.0160265751183033,0.4204033877368293
job_000007,Bulgaria,397,397,19.85,4,0.35882221907377243,4,0.04875632716172585,0.4325625916322072,0.5307028664482965,0.14398027499718344,0.10200533436316259,0.5,0,,,,,,4809,0.006109557580202818,0.018252719193696976,0.0016822082689031959,0.00037588010309264064,12.595523499993348,0.00010584773554001004,0.0,0.28213024157526345
job_000007,Bulgaria,398,398,19.9,4,0.3674439415335655,4,0.04682361922432909,0.43253907561302185,0.5307114389207628,0.1438815776992156,0.10149464193780361,0.5,0,,,,,,4619,0.0032060048542916775,0.009671082720160484,0.0008259924943558872,0.0010152821196243167,50.86959156510938,-0.03150278329849243,0.03150278329849243,0.4082463278191174
job_000007,Bulgaria,399,399,19.95,4,0.3649071976542473,4,0.04669361481504309,0.4318823715051015,0.5306977448640047,0.14407158179923227,0.10124494424039115,0.5,0,,,,,,4557,0.0031879167072474957,0.010037471540272236,0.0015723684336990118,0.0004934602766297758,17.423551126282078,-0.003682380774989724,0.003682380774989724,0.5169464617017616
job_000008,Bulgaria,0,0,0.0,3,0.26352140804131824,3,0.062120549930530865,0.8089200337727864,0.4734976968647521,0.34599891332602484,0.45232928220643104,0.3333333333333333,0,,,,,,0,,,,,,,,
job_000008,Bulgaria,1,1,0.05,1,0.32834118604660034,1,0.04676497828305906,0.8083234151204427,0.8598334983543113,0.0,,1.0,0,,,,,,6156,0.0010583216790109873,0.002141077071428299,-0.00022867722145747393,0.0004751537344418466,115.70011474395604,0.003471548669040203,0.0,0.4982587777262961
job_000008,Bulgaria,2,2,0.1,1,0.3356362581253052,1,0.04683845436758862,0.808458169301351,0.8596732245551215,0.0,,1.0,0,,,,,,6156,0.0004629428731277585,0.0009250842267647386,4.722100493381731e-05,-0.00010822677722899243,-66.42761757765241,0.005507491994649172,0.0,0.25506361412267764
job_000008,Bulgaria,3,3,0.15,2,0.2616420090198517,2,0.06079774600137485,0.7007362524668376,0.6807558978045428,0.20872790801785845,0.4174558160357169,0.5,0,,,,,,8092,0.0011464488925412297,0.002538729691877961,0.0001312217500526458,-0.0007586342399008572,-80.18658992411628,0.0004318030260037631,0.0,0.6715514197891701
job_000008,Bulgaria,4,4,0.2,2,0.2905001789331436,2,0.06074630203914475,0.701325511932373,0.6802374521891277,0.20892444965240864,0.4178488993048173,0.5,0,,,,,,8048,0.001142175984568894,0.002084225183352828,5.5710566812194884e-05,-0.0006870889337733388,-85.36448245382607,-0.005131984129548073,0.005131984129548073,0.6035355375178019
job_000008,Bulgaria,5,5,0.25,2,0.31234754621982574,2,0.06080196530091789,0.7015613555908203,0.6803283408836083,0.20886599623837251,0.41773199247674503,0.5,0,,,,,,8092,0.001028073369525373,0.003330124542117119,0.00025051270495168865,-0.0005554078961722553,-65.72258993037347,0.0026969327591359615,0.0,0.592652447732315
job_000008,Bulgaria,6,6,0.3,2,0.30695246160030365,2,0.06098263439092135,0.7016849835713705,0.6802913100631149,0.20887366322009943,0.41774732644019885,0.5,0,,,,,,8092,0.00047807538066990674,0.001561930519528687,0.00016174509073607624,0.00011072499910369515,34.3941691468416,0.003187257330864668,0.0,0.4100065335612662
job_000008,Bulgaria,7,7,0.35,2,0.3502301573753357,2,0.0609735305070443,0.701647154490153,0.6803121990627713,0.20884837707763915,0.4176967541552783,0.5,0,,,,,,8092,0.0009963399497792125,0.0020852978341281414,0.00020640192087739706,0.0006769202882423997,73.04284503468435,0.0007541023078374565,0.0,0.7102880603556265
job_000008,Bulgaria,8,8,0.4,3,0.34020840128262836,3,0.0683622528065812,0.7944213231404622,0.48272883332805866,0.352543168369469,0.4663060414569551,0.3333333333333333,0,,,,,,9052,0.0012054353719577193,0.002645546803250909,0.00025517871836200356,0.0007182754343375564,70.44161251940513,-0.008343850262463093,0.008343850262463093,0.6323499761843854
job_000008,Bulgaria,9,9,0.45,2,0.44287703931331635,2,0.06129255384904545,0.7020906925201416,0.6804579346268266,0.2085481904632943,0.4170963809265886,0.5,0,,,,,,8136,0.0015964697813615203,0.006716370582580566,0.001017885166220367,-0.0002659980964381248,-14.645263867917505,-0.011137368157505989,0.011137368157505989,0.6589959421062651
job_000008,Bulgaria,10,10,0.5,2,0.4388294517993927,2,0.061035102401938386,0.7017009417215982,0.6811100359316226,0.20812601738578593,0.4162520347715718,0.5,0,,,,,,8092,0.0012430446222424507,0.0037552365101873875,0.0003983576607424766,-0.0005961416172794998,-56.248101898290145,0.0018472549272701144,0.0,0.5768009332606497
job_000008,Bulgaria,11,11,0.55,2,0.4681781381368637,2,0.06109533615708732,0.701797358194987,0.6807390636867947,0.20831087564637468,0.41662175129274936,0.5,0,,,,,,8092,0.0012697795173153281,0.0038833878934383392,0.00038605675217695534,-0.00034938406315632164,-42.14531569206464,0.002755131106823683,0.0,0.41005648247813836
job_000008,Bulgaria,12,12,0.6,2,0.4673530012369156,2,0.061093547728735834,0.7018528302510579,0.6807401374534324,0.20830952065888522,0.41661904131777044,0.5,0,,,,,,8092,0.001742479857057333,0.0035023873206228018,0.0003683268732856959,-0.0006055607809685171,-58.69031973087296,-0.007440194021910429,0.007440194021910429,0.40676488386180243
job_000008,Bulgaria,13,13,0.65,3,0.4074476857980092,3,0.06632437336786726,0.48648637003368805,0.48306697327413667,0.4473143149609981,0.5044276248481718,0.3333333333333333,0,,,,,,8864,0.0010564533295109868,0.00426841014996171,0.0007512433221563697,8.517765672877431e-05,6.468699151464682,-0.006382812280207872,0.006382812280207872,0.7156555787597261
job_000008,Bulgaria,14,14,0.7,2,0.5091016888618469,2,0.061036262938049965,0.7019476890563965,0.6807272875750506,0.20819830530517158,0.41639661061034317,0.5,0,,,,,,8092,0.0005538837285712361,0.001587296137586236,0.0002310687123099342,0.00021072708477731794,42.36378919472236,0.0031497094314545393,0.0,0.5646090458596041
job_000008,Bulgaria,15,15,0.75,4,0.36300962790846825,4,0.07386286965981072,0.609627050658067,0.38485057442276566,0.4737833268797944,0.5190522848025341,0.25,0,,,,,,9820,0.0009029510547406971,0.0025923021603375673,0.0002935156808234751,0.00043026774073950946,55.699370396242486,-0.0018388519529253244,0.0018388519529253244,0.576827698482669
job_000008,Bulgaria,16,16,0.8,3,0.4337809632221858,3,0.06806593332167127,0.7944079928927952,0.48210893324863763,0.3533163169398154,0.46659243699394787,0.3333333333333333,0,,,,,,9032,0.0012900244910269976,0.0033744857646524906,0.00047267170157283545,0.0007712133810855448,58.496136569378244,0.0011385857360437512,0.0,0.7011787745136142
job_000008,Bulgaria,17,17,0.85,4,0.3772532418370247,4,0.07412917048483439,0.609941849609216,0.3846305546937165,0.4734750256613807,0.5187950297537164,0.25,0,,,,,,9883,0.0017930641770362854,0.008310800418257713,0.0010358495637774467,-3.210829891031608e-05,-1.7754326714101594,-0.01134556159377098,0.01134556159377098,0.5779754507001007
job_000008,Bulgaria,18,18,0.9,3,0.4404813100894292,3,0.06863407059164466,0.7944861306084526,0.4820520353905949,0.35290928047205083,0.46623719543805536,0.3333333333333333,0,,,,,,9121,0.0009379162802360952,0.0035587020684033632,0.0003231082228012383,-0.0003309284511487931,-45.68504526731994,-0.003185524372383952,0.003185524372383952,0.4931216517041056
job_000008,Bulgaria,19,19,0.95,3,0.41743918756643933,3,0.06650593238297657,0.48682854738500386,0.4824765005229432,0.44707288955910524,0.5047399521503635,0.3333333333333333,0,,,,,,8838,0.0006864104070700705,0.0026559794787317514,0.00021220480266492814,-0.00011378749331925064,-28.20089680656828,0.0028284629806876183,0.0,0.3507918727386533
job_000008,Bulgaria,20,20,1.0,4,0.36264706403017044,4,0.07432281584116499,0.6099928428729375,0.3845554440109818,0.4732846197706928,0.5186492042210554,0.25,0,,,,,,9858,0.0007832993869669735,0.0029846173711121082,0.00035562930861487985,0.0001604290446266532,24.28075997643213,-0.002038301434367895,0.002038301434367895,0.49807340721625454
job_000008,Bulgaria,21,21,1.05,3,0.42422983050346375,3,0.06699909800498956,0.4871940198871824,0.48194913981873316,0.44718188146373167,0.5051431364200282,0.3333333333333333,0,,,,,,8928,0.0007571366149932146,0.0027021842543035746,0.0003405989264138043,-6.357949314406142e-05,-10.573690344492416,-0.006184548605233431,0.006184548605233431,0.4576218980264243
job_000008,Bulgaria,22,22,1.1,3,0.4263905982176463,3,0.06698248264669059,0.4873029371102651,0.4818649268444674,0.4472049800019618,0.5051537776806666,0.3333333333333333,0,,,,,,8928,0.00041489239083603024,0.0011972436914220452,0.00016798956494312733,0.00014243603800423443,40.294152361745745,0.00369998044334352,0.0,0.5308520969012154
job_000008,Bulgaria,23,23,1.15,3,0.42729807396729785,3,0.06916948044475887,0.7948360019259982,0.4822997434639636,0.3515513397029858,0.4653069338115885,0.3333333333333333,0,,,,,,9160,0.0009025696781463921,0.0020678581204265356,0.00011362358054611832,0.00036023504799231887,72.49393767120075,0.0018001202261075377,0.0,0.41850457910869054
job_000008,Bulgaria,24,24,1.2,4,0.3782070651650429,4,0.0744472976158006,0.6102491781115532,0.3834913739451655,0.47365964427927,0.5187737110420474,0.25,0,,,,,,9843,0.0012192327994853258,0.002563477260991931,0.00026900385273620486,0.0005239456077106297,62.82315502756905,-0.000999944400973618,0.000999944400973618,0.4830635740875219
job_000008,Bulgaria,25,25,1.25,4,0.3683226481080055,4,0.07407223487408506,0.6101954345901808,0.38267845489360675,0.4740194005891662,0.5193904946642613,0.25,0,,,,,,9822,0.0016824201447889209,0.005993468686938286,0.0007569405133835971,-0.0004648690519388765,-31.555838148460076,-0.0025431811809539795,0.0025431811809539795,0.5279844756630443
job_000008,Bulgaria,26,26,1.3,5,0.3564325898885727,5,0.08183201480014647,0.6161790200074514,0.40148370530870225,0.42548090044592407,0.3425747315865356,0.4,0,,,,,,10365,0.0014272908447310328,0.003266772022470832,0.0003049250808544457,-0.0006571482517756522,-65.10810498603917,-0.009536903351545334,0.009536903351545334,0.5075677305936324
job_000008,Bulgaria,27,27,1.35,4,0.3887462876737118,4,0.07409683078554298,0.5254813859860101,0.4800958686404759,0.3927558245912551,0.300022976053431,0.5,0,,,,,,9391,0.0008787537808530033,0.0017515313811600208,0.00016317331755999476,-0.0003277809009887278,-63.535319864733694,0.003097245469689369,0.0,0.41666965920691035
job_000008,Bulgaria,28,28,1.4,4,0.3845575675368309,4,0.07325931440238054,0.6099449145297209,0.38239707593564637,0.4743149018082649,0.5198009507132852,0.25,0,,,,,,9713,0.0006436395342461765,0.0012650033459067345,0.00011443319817772135,-0.00018766280845738947,-58.625958521409956,0.004807337652891874,0.0,0.3414963641826959
job_000008,Bulgaria,29,29,1.45,3,0.4486503352721532,3,0.06627192867511471,0.48685987227492866,0.48190216488308374,0.4467819319846795,0.5044995293688049,0.3333333333333333,0,,,,,,8793,0.000588265189435333,0.0013473281869664788,-2.087456414301414e-05,9.752216101333033e-06,154.9588753515883,0.006606432609260082,0.0,0.03916643547739163
job_000008,Bulgaria,30,30,1.5,3,0.44922903676827747,3,0.06634984263140253,0.48685602512624526,0.481863589345673,0.4467496272857249,0.5044620478245937,0.3333333333333333,0,,,,,,8793,0.0003588036634027958,0.0010904521914198995,-5.266343941912055e-05,6.929913797648624e-05,127.23278715994427,0.005799423437565565,0.0,0.24258146913986298
job_000008,Bulgaria,31,31,1.55,3,0.4427599360545476,3,0.06630470939446376,0.48686411513222594,0.4820489954065394,0.44675461315002135,0.5042679437644634,0.3333333333333333,0,,,,,,8793,0.0003429632633924484,0.0010262745199725032,-7.068749255267903e-05,1.6673066056682728e-05,166.72821387207478,0.006878384854644537,0.0,0.2117638398740601
job_000008,Bulgaria,32,32,1.6,3,0.4471721450487773,3,0.06639279847738012,0.4868907981448703,0.4820722650598597,0.44677479498774453,0.5041753101020662,0.3333333333333333,0,,,,,,8793,0.00031348993070423603,0.0007853173883631825,-5.169698124518618e-05,8.52300800033845e-05,121.23923821821819,0.006505185272544622,0.0,0.3179790179077984
job_000008,Bulgaria,33,33,1.65,2,0.5696538090705872,2,0.061296104376382526,0.7023685773213704,0.6793755213419597,0.20818952130868118,0.41637904261736236,0.5,0,,,,,,8091,0.0004216696252115071,0.0012459800345823169,6.0121928981970996e-05,2.363990461162757e-05,21.4647208848835,0.013942128047347069,0.0,0.1532065896366995
job_000008,Bulgaria,34,34,1.7,4,0.3986225686967373,4,0.07329537240585211,0.6099551029503345,0.38274481914661546,0.4742534460045769,0.519575961277125,0.25,0,,,,,,9733,0.00041737876017577946,0.0011544402223080397,-7.441054913215339e-05,2.661965299921576e-05,160.3158224480517,0.011388769373297691,0.0,0.18934528920022875
job_000008,Bulgaria,35,35,1.75,5,0.3588731110095978,5,0.0818861641211088,0.5862218646208446,0.390823368496365,0.42690827485756405,0.3583988757442286,0.2,0,,,,,,10923,0.0005935279186815023,0.0017958985408768058,-0.000176545450813137,-2.216914072050713e-05,-172.84272481204007,0.010984486900269985,0.0,0.2997869369964496
job_000008,Bulgaria,36,36,1.8,4,0.38469449058175087,4,0.07451293645615514,0.48802969952424363,0.467129170453107,0.3879323216535675,0.306900922775067,0.25,0,,,,,,9983,0.0009381191921420395,0.0020293439738452435,-0.00025003496557474136,4.720938522950746e-05,169.3077909125344,0.013617678545415401,0.0,0.2712371391725447
job_000008,Bulgaria,37,37,1.85,5,0.36020193099975584,5,0.08186389149961401,0.5862316898504892,0.3908014820240162,0.4270209616407196,0.35840397972909727,0.2,0,,,,,,10958,0.0014544202713295817,0.005592941306531429,-0.0009171406854875386,0.00013226571900304407,171.79365185555153,0.019906025379896164,0.0,0.6371122524314672
job_000008,Bulgaria,38,38,1.9,5,0.36895296573638914,5,0.08183422359472627,0.586195246775945,0.39089629208600085,0.4270476589848487,0.35849140354584963,0.2,0,,,,,,10958,0.0007790083182044327,0.0029724398627877235,-0.00036370957968756557,4.4473523303167894e-05,173.02861880480015,-1.1039228411391377e-05,1.1039228411391377e-05,0.4703653861768535
job_000008,Bulgaria,39,39,1.95,5,0.3661947637796402,5,0.08183308087504215,0.5861051599184671,0.3911401176452637,0.4269159413327878,0.3583682727189142,0.2,0,,,,,,11012,0.0007983548566699028,0.002607107162475586,-0.0004077031626366079,0.00021164312784094363,152.5656849759316,0.0030390385072678328,0.0,0.5753874242618368
job_000008,Bulgaria,40,40,2.0,3,0.45348744094371796,3,0.06600757248190654,0.48665086262755924,0.4824686003320011,0.44701408031118883,0.5044045579664421,0.3333333333333333,0,,,,,,8750,0.0004671953502111137,0.0017417707713320851,-0.00027228801627643406,-0.00010279889829689637,-159.31660486784548,0.0038372487761080265,0.0,0.6229664659535211
job_000008,Bulgaria,41,41,2.05,4,0.39761990681290627,4,0.07468113046706487,0.48792202547192576,0.4672006218521683,0.38805124670196456,0.30685716097103644,0.25,0,,,,,,10018,0.0009348788298666477,0.0030448080506175756,-0.0005078812828287482,-5.701658301404677e-05,-173.59458885617533,0.011986440978944302,0.0,0.5466715997794928
job_000008,Bulgaria,42,42,2.1,5,0.35792097449302673,5,0.08186845046080712,0.5861151595910391,0.3911837175157335,0.42683829280315116,0.3582909513447633,0.2,0,,,,,,10978,0.0007648892933502793,0.002173633547499776,-0.00024016857787501067,0.00024297129129990935,134.667628652923,0.006863968446850777,0.0,0.44664924581649423
job_000008,Bulgaria,43,43,2.15,5,0.3711773961782455,5,0.07778299376394376,0.5512693679332734,0.5178120973375109,0.3831429239520918,0.21803065464609594,0.2,0,,,,,,10239,0.0013518123887479305,0.002865358255803585,4.2705461964942515e-05,0.00018550761160440743,77.03588036786306,0.020462937653064728,0.0,0.14081816466772823
job_000008,Bulgaria,44,44,2.2,5,0.3668028891086578,5,0.07792365426329693,0.5512315209706624,0.5179599634806314,0.3833264245808183,0.21780847032672424,0.2,0,,,,,,10189,0.001317323069088161,0.003719538450241089,-0.00037773873191326857,0.0004218488757032901,131.84241486872313,0.016431573778390884,0.0,0.4298516520857572
job_000008,Bulgaria,45,45,2.25,6,0.3271094237764676,6,0.08525458693294599,0.6224601431025399,0.44598912368586036,0.4168469647244579,0.27568040202900174,0.16666666666666666,0,,,,,,11244,0.001850545173510909,0.008079592138528824,-0.0009748041047714651,0.0008184243342839181,139.9839110682939,0.005606393329799175,0.0,0.6878061435810444
job_000008,Bulgaria,46,46,2.3,5,0.35188921689987185,5,0.07636362719574682,0.6485832949479422,0.4512080305593985,0.4517296526241359,0.36537382739674795,0.2,0,,,,,,9950,0.0010989203583449125,0.003408211749047041,-0.0003064926131628454,-0.00018142721091862768,-149.37673975623701,0.01045140065252781,0.0,0.32410453047149435
job_000008,Bulgaria,47,47,2.35,5,0.3443697065114975,5,0.07661729090380626,0.6487037620941798,0.4514156772472241,0.4521724109507862,0.36514274333509417,0.2,0,,,,,,9952,0.001139522879384458,0.00401644641533494,-0.00046756441588513553,-5.711819903808646e-05,-173.03519189255616,0.014623641967773438,0.0,0.41336625742090005
job_000008,Bulgaria,48,48,2.4,5,0.3427685141563416,5,0.0764634798171002,0.6485143542289734,0.45106836813467516,0.452143117573199,0.36553057264478717,0.2,0,,,,,,9906,0.000907624140381813,0.002724457299336791,-0.0004772635584231466,-0.00013631598267238587,-164.05960255777015,0.009031187742948532,0.0,0.5468664847877668
job_000008,Bulgaria,49,49,2.45,6,0.31597593426704407,6,0.08556077028953406,0.6223706303371324,0.44695326016273035,0.4163974731680028,0.27487311995528024,0.16666666666666666,0,,,,,,11189,0.000815609295386821,0.0026367218233644962,-0.0002709457476157695,8.576188702136278e-05,162.4359679203694,0.0034967323299497366,0.0,0.34844481067105243
job_000008,Bulgaria,50,50,2.5,5,0.34249423146247865,5,0.07672914795971977,0.6485162623723347,0.4518245160138166,0.45161062673664426,0.3649777366972765,0.2,0,,,,,,9990,0.000665780680719763,0.0018995199352502823,-0.00022060568153392524,3.2507017749594525e-05,171.61758865488733,0.007524561602622271,0.0,0.33492685775156134
job_000008,Bulgaria,51,51,2.55,5,0.3071676790714264,5,0.0776520936823576,0.6488031303882599,0.4508870047110099,0.45200743056081194,0.3648152947954482,0.2,0,,,,,,10148,0.0011136530665680766,0.0019902002532035112,-0.00015269899449776858,0.0007837506709620357,101.02488518399838,0.006344369146972895,0.0,0.7169983226205993
job_000008,Bulgaria,52,52,2.6,6,0.2917024667064349,6,0.08996548899813184,0.5663781298531426,0.5101706004437105,0.35206585365376136,0.17505873938933317,0.3333333333333333,0,,,,,,11126,0.0012275686021894217,0.0025579030625522137,-6.885896436870098e-05,5.659714588546194e-05,140.58223985738417,0.017969559878110886,0.0,0.072609851034609
job_000008,Bulgaria,53,53,2.65,6,0.3057645335793495,6,0.08811692656258903,0.5661288276314735,0.5103811811517787,0.3520394578976272,0.1764180276978131,0.3333333333333333,0,,,,,,11039,0.0014597197296097875,0.005456860642880201,-0.00033323722891509533,0.00021249371638987213,147.47576807478555,0.007511727977544069,0.0,0.2707521493441824
job_000008,Bulgaria,54,54,2.7,7,0.28056861247335163,7,0.09554864792765627,0.6251675597258977,0.4497556242362532,0.38604229746494906,0.22435670249927317,0.2857142857142857,0,,,,,,11999,0.0009534112177789211,0.003324564080685377,-0.00028194411424919963,0.00011957026435993612,157.01858404050245,0.003281346056610346,0.0,0.3212158198838978
job_000008,Bulgaria,55,55,2.75,6,0.2900286614894867,6,0.08680685059581456,0.6225712272855971,0.44621525164003734,0.4165382172348701,0.2738722611102591,0.16666666666666666,0,,,,,,11347,0.0006541403708979487,0.0020317162852734327,-0.00012633934966288507,0.00010730422218330204,139.65764584126484,0.008898713625967503,0.0,0.253398731605756
job_000008,Bulgaria,56,56,2.8,6,0.2818707078695297,6,0.08671282895940974,0.6226656443542904,0.44621108255268616,0.4165901498177261,0.27387477322747805,0.16666666666666666,0,,,,,,11375,0.0005843888502568007,0.001606853911653161,-6.408742046914995e-05,0.00012322849943302572,117.47757934277055,0.0067088608630001545,0.0,0.23767958963325367
job_000008,Bulgaria,57,57,2.85,5,0.2969935268163681,5,0.08471032222226552,0.5184228990475337,0.46810232798258455,0.3524261365081065,0.23975969247695378,0.4,0,,,,,,10779,0.002272070152685046,0.0037129586562514305,0.0002631621318869293,0.0006268598372116685,67.22684066835053,0.009332550689578056,0.0,0.29922425009693865
job_000008,Bulgaria,58,58,2.9,5,0.2850786119699478,5,0.07921191428055832,0.5513506178061168,0.5177971967061361,0.3835049410377203,0.21658287653214262,0.2,0,,,,,,10395,0.0006688876892440021,0.0013489179546013474,-5.055044312030077e-05,9.486534690950066e-05,118.0516011485252,0.0058922311291098595,0.0,0.1607043612148521
job_000008,Bulgaria,59,59,2.95,5,0.2938737541437149,5,0.0771756798366675,0.6485728826125463,0.4509822407475224,0.452030662610883,0.3648619791887001,0.2,0,,,,,,10040,0.0009445527684874833,0.0013657547533512115,2.4251436116173863e-05,-0.0003373799263499677,-85.88855459165829,-0.0015589406248182058,0.0015589406248182058,0.3581064304939024
job_000008,Bulgaria,60,60,3.0,4,0.28273291885852814,4,0.07004681593404662,0.5660267325739066,0.5420538407784922,0.4240922768663122,0.3149143521781403,0.25,0,,,,,,9080,0.0010582811664789915,0.003126703668385744,-0.0003165138477925211,-0.00016226082516368479,-152.85805405873077,-0.0009360002586618066,0.0009360002586618066,0.3360939221737915
job_000008,Bulgaria,61,61,3.05,4,0.26660432666540146,4,0.06988666805256108,0.5659857377409935,0.5422632694244385,0.4240741978898733,0.31477983090727457,0.25,0,,,,,,9035,0.0007998972432687879,0.0018384353024885058,-0.00017963271238841116,0.00040255000931210816,114.04819704588174,-0.004305256064981222,0.004305256064981222,0.5510846531548065
job_000008,Bulgaria,62,62,3.1,2,0.31440481543540955,2,0.019933408162563594,0.3252631028493246,0.2931667575129756,0.33923588632465074,0.6784717726493015,0.5,0,,,,,,2708,0.0029944966081529856,0.010783739387989044,-0.0005667879013344646,0.0022317194379866123,104.2500812305426,0.0141439875587821,0.0,0.7689333035761982
job_000008,Bulgaria,63,63,3.15,4,0.2650713585317135,4,0.07062256056008517,0.5664653559525807,0.5421291881137424,0.4242023721142676,0.31480776572789043,0.25,0,,,,,,9125,0.0010880321497097611,0.001566829509101808,3.9412352634826675e-06,0.0008132925140671432,89.7223454352528,0.010983336716890335,0.0,0.7474981910129268
job_000008,Bulgaria,64,64,3.2,5,0.2675780177116394,5,0.08047645878357128,0.5811949678262075,0.5276626664620859,0.3816053856242248,0.2106768079598754,0.4,0,,,,,,9877,0.0007745880866423249,0.002534148981794715,7.067734259180725e-05,-3.595591988414526e-05,-26.96395757726338,0.011705854907631874,0.0,0.10237394100878949
job_000008,Bulgaria,65,65,3.25,4,0.3274531327188015,4,0.06929177710190731,0.5659242610136668,0.5427697022755941,0.4240540778690845,0.31478441363011456,0.25,0,,,,,,8992,0.0017389148706570268,0.0038277083076536655,0.000362421473255381,-0.0008802508818916976,-67.6218001927216,0.00664957519620657,0.0,0.5474337091577101
job_000008,Bulgaria,66,66,3.3,5,0.30920152366161346,5,0.07686435052041077,0.6486495651801427,0.45243238661024304,0.4514635402414495,0.3644914625458378,0.2,0,,,,,,9992,0.0012493263930082321,0.00208716606721282,0.00011931449262192473,-0.0007616669754497707,-81.09701702093521,0.006960587110370398,0.0,0.6170970207869181
job_000008,Bulgaria,67,67,3.35,4,0.36033516377210617,4,0.06932031250151525,0.5659398312369983,0.5427161022468849,0.42391403516977555,0.3147932020040577,0.25,0,,,,,,8984,0.0010658957762643695,0.0017156460089609027,0.0002985020983032882,-0.000547603121958673,-61.404905317551034,0.012493263930082321,0.0,0.5851198199493628
job_000008,Bulgaria,68,68,3.4,3,0.41155482828617096,3,0.06440574201153028,0.7360319137573241,0.6942554191306787,0.1786682041913411,0.19354622641637884,0.3333333333333333,0,,,,,,8282,0.0008509813342243433,0.0013149295700713992,0.0002565791364759207,-0.00021155182912480086,-39.505890999512204,0.002907021204009652,0.0,0.39077976054113317
job_000008,Bulgaria,69,69,3.45,4,0.37352660670876503,4,0.07125699884832024,0.796746818224589,0.5424875436005768,0.32321732587724705,0.2868994368686769,0.25,0,,,,,,9222,0.0008978131227195263,0.002263672649860382,0.0004443677025847137,-0.00026985129807144403,-31.269065698223702,0.014465739019215107,0.0,0.5790591345013277
job_000008,Bulgaria,70,70,3.5,3,0.4288487583398819,3,0.06421498198026251,0.7359416643778482,0.6948104481638214,0.1781312122615126,0.19328036342418584,0.3333333333333333,0,,,,,,8282,0.0006111504626460373,0.001991408411413431,0.0003032831591553986,-7.931746949907392e-06,-1.4981117179582237,0.008619891479611397,0.0,0.49641926044290013
job_000008,Bulgaria,71,71,3.55,3,0.4335998247067134,3,0.06428435895198174,0.7359175893995497,0.6947407616509332,0.17785226038445073,0.1931685604528561,0.3333333333333333,0,,,,,,8282,0.0008605991606600583,0.002431673463433981,0.00027422630228102207,-7.730969809927046e-05,-15.744170770303507,0.017926862463355064,0.0,0.33106646431159525
job_000008,Bulgaria,72,72,3.6,4,0.3901297487318516,4,0.07098996446387451,0.7968257665634155,0.5423518534059878,0.3238439143872167,0.2872275882222772,0.25,0,,,,,,9159,0.0012326333671808243,0.003846315899863839,0.00033795711351558566,-0.000170408864505589,-26.7587131156141,0.01885291375219822,0.0,0.30705752809570924
job_000008,Bulgaria,73,73,3.65,4,0.4016132205724716,4,0.07094987966085929,0.7968103408813476,0.5421838142253734,0.32401816032007597,0.287244205100542,0.25,0,,,,,,9159,0.0014800018398091197,0.006286791991442442,0.0007431493140757084,-0.00010615875362418592,-8.129691771338353,-0.01151373703032732,0.01151373703032732,0.5072246411625945
job_000008,Bulgaria,74,74,3.7,3,0.453315665324529,3,0.06412784795508214,0.7359979841444227,0.6950201717423804,0.17762799446602506,0.192995321895324,0.3333333333333333,0,,,,,,8282,0.0009224028326570988,0.0030521831940859556,0.0005614524707198143,5.069826147519052e-05,5.159723964118755,0.010021251626312733,0.0,0.6111611865514703
job_000008,Bulgaria,75,75,3.75,3,0.44948069751262665,3,0.06418502709770468,0.7359593709309896,0.6949834093635464,0.17765148664509361,0.1930551912029522,0.3333333333333333,0,,,,,,8282,0.000726568337995559,0.0025760005228221416,0.0003561045159585774,0.00015854508092161268,23.999615352121197,-0.004900150932371616,0.004900150932371616,0.5364997848301228
job_000008,Bulgaria,76,76,3.8,3,0.4513848473628362,3,0.06422708564687285,0.7359692149692112,0.6948397506902247,0.17771960555430527,0.19305040736201398,0.3333333333333333,0,,,,,,8282,0.0006205161334946752,0.0020065042190253735,0.0002858838706742972,0.00010874277359107509,20.82551033012525,0.0012919456930831075,0.0,0.49292341100333437
job_000008,Bulgaria,77,77,3.85,4,0.40036052092909813,4,0.07126923369903068,0.7968149423599243,0.542639395042702,0.32283429260916696,0.2865931998390026,0.25,0,,,,,,9178,0.0011720954207703471,0.003958664368838072,0.0006332105258479714,0.00012789764150511473,11.419127877779562,0.003373678307980299,0.0,0.5511479340059509
job_000008,Bulgaria,78,78,3.9,3,0.45859506726264954,3,0.0639764458783701,0.7361075401306153,0.6945279674765504,0.17794904797963818,0.1933013527438817,0.3333333333333333,0,,,,,,8238,0.000839014130178839,0.0025639054365456104,0.00011656853894237429,0.0001096056803362444,43.23668474145345,0.008542756550014019,0.0,0.19070607531175304
job_000008,Bulgaria,79,79,3.95,3,0.448254719376564,3,0.06819973072402426,0.7940606435139973,0.4828065966382438,0.35213952314624314,0.46610329978531634,0.3333333333333333,0,,,,,,8984,0.00114425178617239,0.003445815294981003,7.273479423020035e-05,9.435474203201011e-05,52.372618354227406,-0.006002471782267094,0.006002471782267094,0.10411614201046372
job_000008,Bulgaria,80,80,4.0,2,0.5581172555685043,2,0.06140935155373343,0.7019637107849122,0.6798688252766927,0.2076710433834432,0.4153420867668864,0.5,0,,,,,,8129,0.0018386489246040583,0.004408715292811394,0.0004931068979203701,-0.0002905231376644224,-30.505259737350606,0.010095801204442978,0.0,0.31127580415617584
job_000008,Bulgaria,81,81,4.05,3,0.4325369596481323,3,0.0668631166236766,0.48680294553438824,0.4823971689483266,0.4467194132092773,0.5037505107024244,0.3333333333333333,0,,,,,,8874,0.0015907975612208247,0.006061779335141182,0.0006814050138927996,-0.0004814248823095113,-35.2418922365553,0.006628536619246006,0.0,0.5244637872983434
job_000008,Bulgaria,82,82,4.1,2,0.5507713928818703,2,0.06127693801636471,0.702111005783081,0.6803231839780455,0.20751431283728303,0.41502862567456605,0.5,0,,,,,,8129,0.000994423869997263,0.0020146702881902456,-0.00016193237388506532,-0.00030486067407764494,-117.975830554308,0.0036681205965578556,0.0,0.3471343398886437
job_000008,Bulgaria,83,83,4.15,3,0.43833352625370026,3,0.06643422117765731,0.48664035995801286,0.4825411619963469,0.4467870921917506,0.5038182614860357,0.3333333333333333,0,,,,,,8857,0.0007685025921091437,0.0022625508718192577,0.00014687488146591932,-2.4784791094134562e-05,-9.578292003431265,0.00842243805527687,0.0,0.19382028354771846
job_000008,Bulgaria,84,84,4.2,2,0.5505047291517258,2,0.019013741044311,0.3254800240198771,0.2950534502665202,0.3404009868090182,0.6808019736180364,0.5,0,,,,,,2620,0.002049976261332631,0.003970322199165821,0.0004713989037554711,0.00036522478330880404,37.767378534874545,-0.008262422867119312,0.008262422867119312,0.2908946607777698
job_000008,Bulgaria,85,85,4.25,2,0.5138733759522438,2,0.02079658505937083,0.7878020763397218,0.2930958571257415,0.2834472421224398,0.5668944842448798,0.5,0,,,,,,2832,0.005774801131337881,0.019296996295452118,0.00146294548176229,0.004043478984385729,70.10969087998664,-0.016175108030438423,0.016175108030438423,0.744613012571828
job_000008,Bulgaria,86,86,4.3,2,0.49906381219625473,2,0.06197795868742734,0.7028823693593342,0.6793658221209491,0.20684910138977022,0.41369820277954034,0.5,0,,,,,,8173,0.0016389769734814763,0.0025567642878741026,0.0003940589667763561,0.000994750065729022,68.38956649058316,0.01536319125443697,0.0,0.6528206536018235
job_000008,Bulgaria,87,87,4.35,2,0.4952613264322281,2,0.022758520114071017,0.5460578282674153,0.4604686030635127,0.06560905431545863,0.13121810863091726,0.5,0,,,,,,3117,0.003485630266368389,0.010340752080082893,0.0015382065903395414,0.001907621044665575,51.11909767564535,-0.0038161047268658876,0.0038161047268658876,0.7030378642086019
job_000008,Bulgaria,88,88,4.4,4,0.35462477058172226,4,0.07772941043520315,0.7201361020406087,0.4673384525157787,0.33119416344106856,0.30945456422845047,0.25,0,,,,,,10354,0.001444143708795309,0.003299553180113435,0.0005607734201475978,0.0008473660564050078,56.50404080985256,-0.006903270725160837,0.006903270725160837,0.7036128938103681
job_000008,Bulgaria,89,89,4.45,3,0.39755625029404956,3,0.06866812485127557,0.7949911329481337,0.4825564796541944,0.35162029639555065,0.4647923248456731,0.3333333333333333,0,,,,,,9116,0.0014943538699299097,0.004427345935255289,0.0006299912929534912,0.0006059291772544384,43.88465029981322,0.004441277589648962,0.0,0.5849306344079853
job_000008,Bulgaria,90,90,4.5,3,0.3919810752073924,3,0.06887091418164121,0.7950260798136393,0.4833186373298551,0.35096385946614306,0.4645689119299115,0.3333333333333333,0,,,,,,9136,0.0005846887943334877,0.001313497661612928,0.00024424580624327064,-5.717195745091885e-05,-13.174342698585445,0.005873766262084246,0.0,0.4290279852901891
job_000008,Bulgaria,91,91,4.55,4,0.35613589733839035,4,0.07691056348761417,0.7203094402949015,0.4659178769146955,0.33315977983807304,0.31026284478962685,0.25,0,,,,,,10256,0.0006400705897249281,0.0018561624456197023,0.00016792185488156974,-0.00013411376858130097,-38.613233611474165,0.005391192156821489,0.0,0.33575236918293144
job_000008,Bulgaria,92,92,4.6,3,0.4020141065120697,3,0.07007628943525537,0.6340349038441976,0.5928230803689839,0.23149597714980952,0.22542395518274205,0.3333333333333333,0,,,,,,9361,0.0006327402661554515,0.0016636695945635438,0.00028206713614054024,0.0003361339040566236,49.998269450689456,0.004012513905763626,0.0,0.6934958832692935
job_000008,Bulgaria,93,93,4.65,3,0.40647723774115246,3,0.066303606037755,0.48687295648786755,0.4830501320921345,0.4468747864154395,0.5040555332149608,0.3333333333333333,0,,,,,,8804,0.0011618579737842083,0.0026586540043354034,0.0004006822418887168,0.0005387476412579417,53.36074872664372,0.02326829545199871,0.0,0.5778786335264086
job_000008,Bulgaria,94,94,4.7,4,0.36801962926983833,4,0.07552625124819842,0.4894275481502215,0.46707907782660596,0.38788284825870645,0.30645902754065124,0.25,0,,,,,,10064,0.0007282226579263806,0.0018863737350329757,0.00012493283429648727,0.0003313506895210594,69.34149439728655,0.008952413685619831,0.0,0.4862808479259278
job_000008,Bulgaria,95,95,4.75,4,0.3602161221206188,4,0.07562774051976429,0.4893949036796888,0.4667778174082438,0.3879544032866241,0.3064995753112117,0.25,0,,,,,,10152,0.0006147504900582135,0.0016203930135816336,7.142906542867422e-05,0.00010210200707660988,55.02392877249827,0.00040532651473768055,0.0,0.20269541790596568
job_000008,Bulgaria,96,96,4.8,2,0.5081193670630455,2,0.019348638319620307,0.3263023873170217,0.2948899586995443,0.34034977620533985,0.6806995524106796,0.5,0,,,,,,2692,0.001250967849045992,0.0023990385234355927,0.00022740682470612228,-7.333105168072507e-05,-17.872765654317476,0.017844341695308685,0.0,0.1910024090494237
job_000008,Bulgaria,97,97,4.85,2,0.502024881541729,2,0.019310215188367896,0.32632522732019426,0.29502155162669996,0.3402675109250368,0.6805350218500736,0.5,0,,,,,,2692,0.0023292137775570154,0.004163178149610758,-0.0002512588689569384,0.0005018839729018509,116.59398446908297,0.026896432042121887,0.0,0.2409676309014614
job_000008,Bulgaria,98,98,4.9,3,0.404088427623113,3,0.06647307572889537,0.4870690107345581,0.4829104152726538,0.4466319029223809,0.5036270024208759,0.3333333333333333,0,,,,,,8848,0.0007718902779743075,0.0022819116711616516,-0.00041242927545681596,-0.0002641916216816753,-147.35741685275028,0.008051794953644276,0.0,0.6345343481569722
job_000008,Bulgaria,99,99,4.95,4,0.3666735365986824,4,0.07378754406326722,0.6102881933252017,0.3833518231356585,0.47395134306896114,0.5187825848643107,0.25,0,,,,,,9841,0.001100991852581501,0.0030441891867667437,-0.000259601220022887,0.0005217422149144113,116.45337916485144,0.0069727906957268715,0.0,0.5293033951451004
job_000008,Bulgaria,100,100,5.0,4,0.36609011515975,4,0.07368393868948395,0.6101998602350552,0.38303396436903214,0.4740319214444065,0.5189136784892676,0.25,0,,,,,,9795,0.0012955169659107924,0.003747079521417618,-9.978056186810136e-05,0.00036545644979923964,105.27125980845412,0.014957594685256481,0.0,0.2924185391566453
job_000008,Bulgaria,101,101,5.05,1,0.8021682500839233,1,0.01431704622341958,0.5968510309855143,0.5029801121464482,0.0,,1.0,0,,,,,,1936,0.008298504166305065,0.02197035774588585,-0.0032096081413328648,0.005983761511743069,118.20850259266079,0.03632398694753647,0.0,0.8182453605418998
job_000008,Bulgaria,102,102,5.1,3,0.4081201454003652,3,0.02819331785929226,0.3828166796101464,0.3367766321441274,0.29524987973168804,0.27093182267329746,0.3333333333333333,0,,,,,,3845,0.0014574547531083226,0.003548273118212819,-0.0012132276315242052,-0.0002740923373494297,-167.26945646137523,0.011105787940323353,0.0,0.8534081749771834
job_000008,Bulgaria,103,103,5.15,2,0.536068007349968,2,0.023299629930832587,0.5465656677881876,0.4608427400942202,0.0653485149786173,0.1306970299572346,0.5,0,,,,,,3161,0.004718674346804619,0.013760030269622803,-0.0014227241044864058,-0.0035631386563181877,-111.76631072036588,0.01583363488316536,0.0,0.8130839498806295
job_000008,Bulgaria,104,104,5.2,2,0.5288896262645721,2,0.023117974256050347,0.546148951848348,0.46110154611093024,0.06522929037414203,0.13045858074828406,0.5,0,,,,,,3117,0.004068728070706129,0.014309150166809559,-0.0006567294476553798,-0.0010804585181176662,-121.2922704424886,0.019066793844103813,0.0,0.3107582542559097
job_000008,Bulgaria,105,105,5.25,1,0.8335188627243042,1,0.013787041547033436,0.5954140345255534,0.503354404590748,0.0,,1.0,0,,,,,,1849,0.0077041941694915295,0.015020888298749924,-0.00449774507433176,-0.0035722681786864996,-141.54215489554315,0.1104094609618187,0.0,0.745537124074844
job_000008,Bulgaria,106,106,5.3,1,0.8270947337150574,1,0.013780330852573065,0.5952049573262532,0.5028020505551939,0.0,,1.0,0,,,,,,1892,0.004400160629302263,0.011235262267291546,-0.0038251106161624193,0.0009304566192440689,166.32834911324917,-0.04664623737335205,0.04664623737335205,0.8946607379234528
job_000008,Bulgaria,107,107,5.35,3,0.4063892811536789,3,0.02782897591929396,0.49625164204173616,0.43864147633682066,0.42028923495199433,0.4465694274182071,0.3333333333333333,0,,,,,,3750,0.003499978454783559,0.007273430470377207,-0.00030767876887694,0.0001869310362963006,148.71911797676336,0.053347501903772354,0.0,0.10286152088164023
job_000008,Bulgaria,108,108,5.4,1,0.7456246018409729,1,0.01371217263722361,0.5948901494344075,0.5026570355450666,0.0,,1.0,0,,,,,,1848,0.008924172259867191,0.025477133691310883,-0.0025167528074234724,0.007067595608532429,109.6006850280296,0.01549745537340641,0.0,0.840675143677266
job_000008,Bulgaria,109,109,5.45,2,0.4245208650827408,2,0.023459784964453084,0.7166177272796631,0.6140793129249855,0.16463214253896752,0.32926428507793504,0.5,0,,,,,,3172,0.00485773803666234,0.009533103555440903,-0.002275979146361351,-0.000265739654423669,-173.3403903780303,0.013378254137933254,0.0,0.471709318319501
job_000008,Bulgaria,110,110,5.5,4,0.3462217338383198,4,0.07686610535345764,0.5740953601896762,0.542944997328299,0.42789353407772907,0.3186428102084143,0.25,0,,,,,,9388,0.0014294319553300738,0.0033149132505059242,-0.0002868961601052433,-0.0008455646457150578,-108.74183600421527,0.00963666569441557,0.0,0.624661001525882
job_000008,Bulgaria,111,111,5.55,2,0.5368513464927673,2,0.023033833249671856,0.7159923553466797,0.6144316991170248,0.1649726352828444,0.3299452705656888,0.5,0,,,,,,3129,0.002756310161203146,0.006463083904236555,-0.0013446073280647397,-0.0011917401570826769,-138.44907842542236,0.0006265920819714665,0.0,0.651858054945687
job_000008,Bulgaria,112,112,5.6,2,0.5440348386764526,2,0.02298829860847665,0.7160750230153401,0.6145491776642976,0.164872037320905,0.32974407464181,0.5,0,,,,,,3129,0.001974410843104124,0.003951758146286011,-0.00132749043405056,-0.00031400652369484305,-166.6917806730659,0.015524154528975487,0.0,0.6909011775759067
job_000008,Bulgaria,113,113,5.65,3,0.39853279292583466,3,0.027758275248246114,0.49609214994642475,0.43875798825864437,0.4201575169332856,0.44672097438505637,0.3333333333333333,0,,,,,,3857,0.004404466133564711,0.007273005787283182,-0.0017494810745120049,-0.0005083486903458834,-163.7976608729301,0.01303263008594513,0.0,0.41363478312912877
job_000008,Bulgaria,114,114,5.7,3,0.35694095492362976,3,0.02753399680253276,0.4964865128199259,0.4386643598109116,0.4204529645409782,0.44735450547731115,0.3333333333333333,0,,,,,,3825,0.004436599090695381,0.0061040916480124,-0.0007731611840426922,0.002370473463088274,108.06441984287727,-0.009187291376292706,0.009187291376292706,0.5620015926722113
job_000008,Bulgaria,115,115,5.75,4,0.3397137485444546,4,0.07682252366616148,0.5746425787607828,0.5419977506001791,0.4280013365837713,0.31992146493230356,0.25,0,,,,,,9566,0.0033324069809168577,0.005028179846704006,0.00012141719344072044,0.0018957980209961534,86.33547228371393,-0.004658470395952463,0.004658470395952463,0.5700630688099301
job_000008,Bulgaria,116,116,5.8,3,0.32157554229100543,3,0.028171880730141884,0.4963016231854757,0.4372558640845028,0.4196520648148853,0.4460970430370721,0.3333333333333333,0,,,,,,3907,0.004616557154804468,0.005584011785686016,-2.9542667107307352e-05,0.002265420276671648,90.74713474416843,-0.018074307590723038,0.018074307590723038,0.49075811715236595
job_000008,Bulgaria,117,117,5.85,3,0.279892161488533,3,0.027973814824238625,0.49644652903079983,0.4368809770654749,0.4192530452632626,0.4454788167642982,0.3333333333333333,0,,,,,,3856,0.009347614832222462,0.01763770915567875,-0.0016552867600694299,0.002234646352007985,126.5287422250255,0.029757507145404816,0.0,0.2975024628674377
job_000008,Bulgaria,118,118,5.9,2,0.29855865240097046,2,0.01452111507240129,0.4478860507408778,0.404043976465861,0.5032519076289511,1.0065038152579022,0.5,0,,,,,,2008,0.0035510140005499125,0.008159138262271881,0.0004130821907892823,0.0010323685128241777,68.19214208308354,-0.002884007291868329,0.002884007291868329,0.3131344966982176
job_000008,Bulgaria,119,119,5.95,2,0.2727884128689766,2,0.014321345439380866,0.4476301848888397,0.4037432847199617,0.5030893520813037,1.0061787041626074,0.5,0,,,,,,1999,0.0024787273723632097,0.006293099373579025,0.00038548355223610997,0.00040911920950748026,46.70377487747204,-0.010699882172048092,0.010699882172048092,0.22677665873073927
job_000008,Bulgaria,120,120,6.0,2,0.27368584275245667,2,0.014038881390874792,0.44758432904879253,0.40372849570380315,0.5034530355190603,1.0069060710381206,0.5,0,,,,,,1958,0.002881142543628812,0.008706365711987019,-3.8139110984047875e-05,-0.0003851967630907893,-95.65454125655151,-0.018568851053714752,0.018568851053714752,0.13434957402252015
job_000008,Bulgaria,121,121,6.05,3,0.33214521408081055,3,0.027466003048257363,0.4960434496402741,0.4367782510357139,0.4193143506018053,0.4450552869882863,0.3333333333333333,0,,,,,,3743,0.00798887014389038,0.020855993032455444,-0.0003245446423534304,-0.004545941017568111,-94.0835423205721,-0.029573027044534683,0.029573027044534683,0.5704825821609302
job_000008,Bulgaria,122,122,6.1,5,0.25242699682712555,5,0.043331456152990215,0.5919002779324849,0.3634057603058992,0.40298302194843666,0.3413571058093032,0.2,0,,,,,,5908,0.0027597846928983927,0.00491536408662796,-0.0004576663486659527,-0.0006889752112329006,-123.5949407186293,0.015617584809660912,0.0,0.29970844567564403
job_000008,Bulgaria,123,123,6.15,4,0.2714906707406044,4,0.03615331138220371,0.49500488936901094,0.4327220227983263,0.36319305588608214,0.284466059887175,0.25,0,,,,,,4964,0.002268146723508835,0.0042732791043818,-0.00037282175617292523,-0.000551510660443455,-124.05873257104082,0.025302117690443993,0.0,0.29350071683550766
job_000008,Bulgaria,124,124,6.2,4,0.275683231651783,4,0.036128806574258675,0.49484011928240457,0.43277682286721686,0.3631743303209314,0.2843006202935782,0.25,0,,,,,,4999,0.002199415350332856,0.004799877293407917,-0.0004984130500815809,6.451732770074159e-05,172.624332455892,0.015108239836990833,0.0,0.2285022888816903
job_000008,Bulgaria,125,125,6.25,4,0.32139116525650024,4,0.03622221501924848,0.49462757408618924,0.432920953962538,0.36317533243139416,0.2843667786284272,0.25,0,,,,,,5030,0.00408698758110404,0.009802018292248249,-0.0011741060297936201,0.0007678554975427687,146.81565043049108,0.015041877515614033,0.0,0.3432600373394604
job_000008,Bulgaria,126,126,6.3,3,0.3125840425491333,3,0.023330317511496713,0.4618546578619216,0.40936940746542844,0.41169745266462093,0.4885067328373502,0.3333333333333333,0,,,,,,3224,0.0015161650953814387,0.003603994380682707,-0.0006318348459899426,8.853312465362251e-05,172.0236085029552,0.005689557641744614,0.0,0.42080335334351304
job_000008,Bulgaria,127,127,6.35,3,0.2760097583134969,3,0.023215490527371922,0.4619756566153632,0.40963747118726185,0.41158898116829584,0.48828916165969244,0.3333333333333333,0,,,,,,3259,0.0016865222714841366,0.004157836548984051,-0.0009811088675633073,-0.000280851119896397,-164.0257605438077,-0.0079422015696764,0.0079422015696764,0.605100539970303
job_000008,Bulgaria,128,128,6.4,4,0.3050879240036011,4,0.03685802530686948,0.49454592466354363,0.43269109107829906,0.3631571374163368,0.28423253181083735,0.25,0,,,,,,5045,0.002063961699604988,0.005056587513536215,0.0003523921186570078,-0.00042899473919533193,-50.59905360797708,0.011596200987696648,0.0,0.268983997297797
job_000008,Bulgaria,129,129,6.45,4,0.3143538497388363,4,0.036274673261519966,0.49459800869226456,0.433491090491966,0.3632880523714088,0.2844538030446884,0.25,0,,,,,,5003,0.003425328293815255,0.005620589945465326,0.0009454776300117373,-0.0007790665840730071,-39.488270541335474,0.048452675342559814,0.0,0.357659467712588
job_000008,Bulgaria,130,130,6.5,4,0.329024963080883,4,0.036212713587339615,0.494605686267217,0.43359660130959976,0.3632310930906514,0.2843702743653011,0.25,0,,,,,,5042,0.002430118853226304,0.004475782159715891,0.000637807126622647,-0.0008239858434535563,-52.258298964722236,0.04994781315326691,0.0,0.42878296636636243
job_000008,Bulgaria,131,131,6.55,3,0.44826963543891907,3,0.027548620082338254,0.4957895838552051,0.43711454250194404,0.41927430225522555,0.4444139118158062,0.3333333333333333,0,,,,,,3772,0.005428574047982693,0.016758736222982407,0.0019437366863712668,-0.003435084829106927,-60.496725096618974,0.09809206426143646,0.0,0.7270578530600654
job_000008,Bulgaria,132,132,6.6,3,0.4238234609365463,3,0.0273228591598789,0.49534196323818636,0.4369249355645828,0.41868687768834423,0.4434085808065482,0.3333333333333333,0,,,,,,3772,0.006411211099475622,0.015957141295075417,0.0015229703858494759,-0.003991318866610527,-69.11461037004656,0.033737994730472565,0.0,0.6663342424245821
job_000008,Bulgaria,133,133,6.65,3,0.40807170669237774,3,0.027203072411417496,0.49535083439615035,0.43687924514582127,0.41888407244525716,0.44365110175183164,0.3333333333333333,0,,,,,,3821,0.009038344025611877,0.01518065296113491,0.002963367849588394,-0.005484678782522678,-61.617680407447054,-0.030029254034161568,0.030029254034161568,0.6897325032624906
job_000008,Bulgaria,134,134,6.7,2,0.4951694384217262,2,0.018093035730640104,0.3243192950884501,0.29642552446436,0.34045046356483305,0.6809009271296661,0.5,0,,,,,,2492,0.0038340098690241575,0.007449188735336065,0.0027831022161990404,-0.00035590530023910105,-7.287475881476511,-0.03728489950299263,0.03728489950299263,0.7318099723165812
job_000008,Bulgaria,135,135,6.75,2,0.48516084253787994,2,0.0178440618224604,0.32404469350973764,0.29641068776448565,0.3400478819526087,0.6800957639052174,0.5,0,,,,,,2492,0.003720527747645974,0.007486266549676657,0.002946455730125308,-0.0006897125276736915,-13.174701283374944,-0.029995907098054886,0.029995907098054886,0.8133533985396855
job_000008,Bulgaria,136,136,6.8,2,0.4956919997930527,2,0.017862767237215343,0.32406783203283945,0.29633808842411746,0.33989249948921385,0.6797849989784277,0.5,0,,,,,,2424,0.003693511476740241,0.007092747837305069,0.002371370093896985,-0.0001535480987513438,-3.7047754201512864,-0.012270564213395119,0.012270564213395119,0.6433812619406682
job_000008,Bulgaria,137,137,6.85,1,0.8329663872718811,1,0.013140028564925564,0.5931059837341308,0.5045317190664785,0.0,,1.0,0,,,,,,1806,0.008031376637518406,0.013937101699411869,0.0049751922488212585,0.0019970766734331846,21.870868390740704,-0.10822541266679764,0.10822541266679764,0.667513164124257
job_000008,Bulgaria,138,138,6.9,1,0.8019713759422302,1,0.013262360202533734,0.5936851501464844,0.5050518177173756,0.0,,1.0,0,,,,,,1763,0.004379152785986662,0.007958753034472466,0.00154475390445441,0.0025245186407119036,58.53752061306861,-0.0325174517929554,0.0325174517929554,0.6758472393847123
job_000008,Bulgaria,139,139,6.95,1,0.7203134298324585,1,0.01353146080396578,0.5940006573994955,0.5049883524576823,0.0,,1.0,0,,,,,,1892,0.004452501889318228,0.00963206309825182,0.0021778475493192673,0.002783250529319048,51.957407134693995,-0.024804502725601196,0.024804502725601196,0.7937221020183906
job_000008,Bulgaria,140,140,7.0,1,0.7253204584121704,1,0.013363998357418933,0.5940838177998861,0.5044400674325449,0.0,,1.0,0,,,,,,1806,0.004868216812610626,0.011967390775680542,0.0020796554163098335,0.003090624464675784,56.06371900504367,-0.02136714570224285,0.02136714570224285,0.7652031126266129
job_000008,Bulgaria,141,141,7.05,1,0.7736016511917114,1,0.013371755615980536,0.5943812052408854,0.5046568693938078,0.0,,1.0,0,,,,,,1806,0.009594958275556564,0.020292360335588455,0.0069559779949486256,0.003208801383152604,24.763935354060205,0.028091950342059135,0.0,0.7983797203538991
job_000008,Bulgaria,142,142,7.1,1,0.7805455327033997,1,0.013263480693565748,0.5936121304829916,0.5041759208396629,0.0,,1.0,0,,,,,,1804,0.004621799569576979,0.006676441989839077,0.0029022987000644207,0.0001324425102211535,2.612803429918665,-0.04925648495554924,0.04925648495554924,0.6286120812742287
job_000008,Bulgaria,143,143,7.15,1,0.7276687622070312,1,0.013298766269782604,0.5937754313151041,0.5047111793800637,0.0,,1.0,0,,,,,,1804,0.005245635285973549,0.007654820568859577,0.00358975981362164,-0.0007911364082247019,-12.428566810011223,-0.09505458176136017,0.09505458176136017,0.7007548347892391
job_000008,Bulgaria,144,144,7.2,2,0.41673771291971207,2,0.022509144385514872,0.7163950761159261,0.6114552957040292,0.16245088957540244,0.32490177915080487,0.5,0,,,,,,3013,0.002981974743306637,0.005145128816366196,0.0017981688724830747,2.834012957464438e-05,0.9029382139625246,-0.035212673246860504,0.035212673246860504,0.6030876655347241
job_000008,Bulgaria,145,145,7.25,2,0.518432229757309,2,0.02243959251946459,0.7166723887125651,0.6110613646330657,0.16184608724363833,0.32369217448727666,0.5,0,,,,,,3128,0.005685238167643547,0.010917656123638153,0.00275171990506351,0.0014129482442513108,27.17951095027166,-0.01648038998246193,0.01648038998246193,0.5440898970865984
job_000008,Bulgaria,146,146,7.3,2,0.5707753151655197,2,0.02267155398472419,0.716608206431071,0.6110339694552951,0.16161358284983557,0.32322716569967114,0.5,0,,,,,,3084,0.004367097280919552,0.012334116734564304,-0.001931152306497097,0.001384326140396297,144.36555308574992,0.05334044620394707,0.0,0.5440844870637638
job_000008,Bulgaria,147,147,7.35,3,0.4548877477645874,3,0.027167396340623387,0.6979359944661457,0.5835948614426602,0.14012448761425156,0.1328821552872472,0.6666666666666666,0,,,,,,3660,0.004437361843883991,0.013117418624460697,-0.0005316700553521514,0.0024761888198554516,102.11816466089752,0.018703458830714226,0.0,0.570749929445892
job_000008,Bulgaria,148,148,7.4,4,0.39486901089549065,4,0.07981720580983143,0.6833210666974385,0.6250039595144766,0.22466620909291796,0.13665266938833195,0.25,0,,,,,,9877,0.0009171006386168301,0.003009771229699254,0.0002768254198599607,0.0001733630197122693,32.05701971406493,0.002121479483321309,0.0,0.35615484508728446
job_000008,Bulgaria,149,149,7.45,3,0.46798733870188397,3,0.03166900732399275,0.6415310011969673,0.5480969935287664,0.191377904349949,0.19564527382141608,0.3333333333333333,0,,,,,,4298,0.0035789432004094124,0.00762871652841568,0.0026805023662745953,0.000608177506364882,12.783378669181378,0.008216135203838348,0.0,0.7680007550416272
job_000008,Bulgaria,150,150,7.5,3,0.4376286566257477,3,0.03152570757071109,0.6414046764373779,0.5483853658040364,0.19157346772506584,0.19584171909093653,0.3333333333333333,0,,,,,,4298,0.0020454041659832,0.0037283983547240496,0.0015036913100630045,-1.2700143997790292e-05,-0.4839073974890372,0.001674181199632585,0.0,0.7351823012217747
job_000008,Bulgaria,151,151,7.55,3,0.41395174463589984,3,0.031413080659605144,0.6414699607425266,0.5483114124816142,0.19163091394956755,0.19552790320986,0.3333333333333333,0,,,,,,4265,0.002097591059282422,0.004393219482153654,0.0016603847034275532,-0.00011099850962636992,-3.8245940236157248,-0.0028115662280470133,0.0028115662280470133,0.7933342131316574
job_000008,Bulgaria,152,152,7.6,3,0.40989849468072254,3,0.02755159219733998,0.49614003400007883,0.4365524233123403,0.4190241740808593,0.4436235315714656,0.3333333333333333,0,,,,,,3768,0.0015316233038902283,0.00415881397202611,0.0008894620114006102,-0.0003581807541195303,-21.93433578660518,0.007709119468927383,0.0,0.6260497053204747
job_000008,Bulgaria,153,153,7.65,4,0.32307473197579384,4,0.032720400526155165,0.5369978239138922,0.45392615353619614,0.37093330634702076,0.2722704226621829,0.5,0,,,,,,4537,0.005016422364860773,0.014654019847512245,0.002511950908228755,0.0023211624938994646,42.739407870200495,0.07569820433855057,0.0,0.6817984482873531
job_000008,Bulgaria,154,154,7.7,4,0.3949575461447239,4,0.033452900592718285,0.5368022223313649,0.4533740290889034,0.37078659462552294,0.27291687725807223,0.5,0,,,,,,4588,0.0036730587016791105,0.01200044248253107,0.0012084913905709982,0.0018276581540703773,56.52636659936231,0.05556310713291168,0.0,0.5965245118873427
job_000008,Bulgaria,155,155,7.75,6,0.3452093129356702,6,0.09351393957448928,0.6310646259122424,0.5668512556287977,0.3685409701998365,0.16005788372772317,0.3333333333333333,0,,,,,,10165,0.003060439834371209,0.01047652680426836,0.0002033817145274952,0.0006334034260362387,72.19851390679871,0.03853593021631241,0.0,0.21737230295838483
job_000008,Bulgaria,156,156,7.8,4,0.41731636971235275,4,0.07719277684903239,0.7248865683873494,0.6472371737162272,0.17946193457305054,0.10163285951190273,0.5,0,,,,,,9496,0.003490607952699065,0.013933822512626648,0.0006248889258131385,0.0011027491418644786,60.46130640947249,0.0337662510573864,0.0,0.3631156327328496
job_000008,Bulgaria,157,157,7.85,4,0.3736666105687618,4,0.07650256424367265,0.7251526832580566,0.6480313195122612,0.1791593293818002,0.10242954131258367,0.5,0,,,,,,9410,0.006808104459196329,0.015585470013320446,0.0020379950292408466,0.00481848418712616,67.07389504066845,0.047696687281131744,0.0,0.7684592033880436
job_000008,Bulgaria,158,158,7.9,4,0.40247607603669167,4,0.07697063211617879,0.7252933899561563,0.6465479638841417,0.1801621511284574,0.10240906786127596,0.5,0,,,,,,9498,0.003604151075705886,0.009258382022380829,0.0011105963494628668,0.0029429378919303417,69.3246592523994,0.015362371690571308,0.0,0.8727497212214034
job_000008,Bulgaria,159,159,7.95,4,0.4062703400850296,4,0.07689662979201077,0.7254690329233805,0.6467334040889033,0.17993824151293172,0.1026909658327273,0.5,0,,,,,,9498,0.003582981415092945,0.004854623693972826,0.0011302002239972353,0.002829970559105277,68.22980417676699,0.01405867375433445,0.0,0.8504950555953736
job_000008,Bulgaria,160,160,8.0,4,0.41869036108255386,4,0.07684017145079934,0.7252634127934774,0.6466361293086299,0.18049981635237666,0.10305704845928704,0.5,0,,,,,,9499,0.004228365141898394,0.007989425212144852,0.0011758945183828473,0.0029158752877265215,68.03709762077382,0.005094334948807955,0.0,0.7435618452947657
job_000008,Bulgaria,161,161,8.05,4,0.4171156957745552,4,0.07788028480850497,0.7257823387781779,0.6464648423371492,0.18060385199427972,0.10334691158573417,0.5,0,,,,,,9615,0.005484394729137421,0.012730243615806103,0.0022260239347815514,0.0037983411457389593,59.62749630746209,0.020821748301386833,0.0,0.8027439952179444
job_000008,Bulgaria,162,162,8.1,4,0.41165323182940483,4,0.07760878138566091,0.7261945645014445,0.6466762860616049,0.18030461629636538,0.10422560272816021,0.5,0,,,,,,9615,0.0024917477276176214,0.005597313400357962,0.0009336161892861128,0.00022123265080153942,13.331099094945257,0.016738271340727806,0.0,0.38505912720274815
job_000008,Bulgaria,163,163,8.15,5,0.35535138845443726,5,0.0824953830519657,0.592314177552859,0.534728318673593,0.3848676742568318,0.21998365261888891,0.4,0,,,,,,10254,0.0023307930678129196,0.006091947201639414,-0.0006939857266843319,0.0005867730360478163,139.78509023639916,0.01325298473238945,0.0,0.389910521168701
job_000008,Bulgaria,164,164,8.2,4,0.3494509980082512,4,0.07601986529861172,0.5742172633608182,0.542108170191447,0.42818349295263314,0.32068193132143313,0.25,0,,,,,,9376,0.0011336891911923885,0.004426872357726097,-0.0006342632696032524,0.00046984353684820235,143.47004265115962,0.0212274007499218,0.0,0.6962495864455878
job_000008,Bulgaria,165,165,8.25,3,0.41691317160924274,3,0.02747707785681651,0.49576101899147035,0.43787154798154476,0.4196579539113797,0.44463780851522805,0.3333333333333333,0,,,,,,3762,0.003925822209566832,0.008895957842469215,-0.0029782152269035578,0.0002315986785106361,175.5533854780928,0.06774018704891205,0.0,0.7609123753965646
job_000008,Bulgaria,166,166,8.3,3,0.4317002346118291,3,0.027620141765853392,0.49579410751660663,0.437887109356162,0.4194649570182014,0.4444636341434447,0.3333333333333333,0,,,,,,3788,0.0015032837400212884,0.003767984453588724,-0.0010253230575472116,0.00034877611324191093,161.2136384953284,0.01238772552460432,0.0,0.7204361307651286
job_000008,Bulgaria,167,167,8.35,4,0.373578779399395,4,0.07822421881118193,0.7268706957499186,0.6476909390202275,0.17948470790509868,0.10535230578340635,0.5,0,,,,,,9689,0.0027489273343235254,0.007440205663442612,-0.00027693959418684244,0.001777605852112174,98.85513013148189,-0.006379143334925175,0.006379143334925175,0.6544549940793749
job_000008,Bulgaria,168,168,8.4,3,0.44156235953172046,3,0.02750907964910306,0.4957105331950717,0.43823513454861107,0.41963921288311795,0.4449065758571716,0.3333333333333333,0,,,,,,3653,0.0017790421843528748,0.0041743977926671505,-0.0012148779351264238,0.00033773237373679876,164.46423098795788,0.00585515471175313,0.0,0.708779523686023
job_000008,Bulgaria,169,169,8.45,3,0.4448087215423584,3,0.027685168794667217,0.49588839179939687,0.43815823072268634,0.41980024117487963,0.4450978679099289,0.3333333333333333,0,,,,,,3767,0.0031601181253790855,0.007145739626139402,-0.00228429795242846,0.0005986154428683221,165.31546385765554,0.005266645923256874,0.0,0.7472604389492905
job_000008,Bulgaria,170,170,8.5,3,0.4546323319276174,3,0.0277794089274556,0.4959110405710008,0.43819836981502586,0.41978364048197103,0.4451098760507177,0.3333333333333333,0,,,,,,3767,0.001763433450832963,0.004177969880402088,-0.001224580337293446,8.401030208915472e-05,176.0754672405086,0.011050297878682613,0.0,0.6960617922627993
job_000008,Bulgaria,171,171,8.55,3,0.445728858311971,3,0.027758264091057642,0.4958172255092197,0.4383123291863336,0.4197614338204593,0.4451328194153416,0.3333333333333333,0,,,,,,3736,0.0023400390055030584,0.0054595074616372585,-0.0018743907567113638,0.00022286603052634746,173.2193361007674,0.013445904478430748,0.0,0.8066505283009509
job_000008,Bulgaria,172,172,8.6,3,0.43486925959587097,3,0.02767710513161973,0.4956342293156519,0.4384107142318914,0.4197873104516445,0.44519942484261493,0.3333333333333333,0,,,,,,3721,0.0026713369879871607,0.0055091967806220055,-0.0016628459561616182,0.0009466728079132736,150.34676063136428,-0.012469187378883362,0.012469187378883362,0.7162848775231292
job_000008,Bulgaria,173,173,8.65,4,0.3626537211239338,4,0.03881133803150168,0.6158136700590452,0.35980139131899236,0.4407629023772265,0.46965446911483744,0.25,0,,,,,,5290,0.003434320678934455,0.008772413246333599,-0.0021181879565119743,0.0005722799687646329,164.88111667881495,-0.01209157146513462,0.01209157146513462,0.6388844652049254
job_000008,Bulgaria,174,174,8.7,5,0.40068023800849917,5,0.08218818057983074,0.5916988750298817,0.5419169729727286,0.38458472245241637,0.2216009510172206,0.4,0,,,,,,10264,0.005977822933346033,0.005452299490571022,-0.0009954592678695917,0.005421013105660677,100.40528796807644,-0.006174284499138594,0.006174284499138594,0.9220168236381048
job_000008,Bulgaria,175,175,8.75,5,0.37138993442058565,5,0.08257896172033888,0.591641898949941,0.5423105812072755,0.38455917685097607,0.22178849553773902,0.4,0,,,,,,10330,0.006642518565058708,0.005719105713069439,-0.0010056023020297289,0.005980685818940401,99.54452800353297,-0.012088906951248646,0.012088906951248646,0.9130028520044445
job_000008,Bulgaria,176,176,8.8,4,0.4342726171016693,4,0.03385131781459548,0.5370523072779179,0.46388734181722,0.3731748620993894,0.27256898822842024,0.5,0,,,,,,4662,0.015679113566875458,0.0707910880446434,-0.0015168124809861183,0.014663702808320522,95.90566833769097,-0.0029654812533408403,0.0029654812533408403,0.9402281260876663
job_000008,Bulgaria,177,177,8.85,5,0.3712701678276062,5,0.0848653842270932,0.5918255424499511,0.545552082768193,0.3846539467224386,0.22525860267881687,0.4,0,,,,,,10573,0.01694844849407673,0.025966811925172806,-0.0012665141839534044,0.015769410878419876,94.59183236350962,0.0022030973341315985,0.0,0.9334299201946603
job_000008,Bulgaria,178,178,8.9,5,0.38044572472572324,5,0.08452926827447008,0.5915681624412537,0.5459335779260706,0.3845595914905539,0.2252178718942847,0.4,0,,,,,,10483,0.00892383512109518,0.01306132972240448,-0.0008409736910834908,0.008208449929952621,95.84966827821843,-0.010194607079029083,0.010194607079029083,0.9246492298805198
job_000008,Bulgaria,179,179,8.95,5,0.36726891696453096,5,0.08405769330140937,0.5913384064038595,0.5469735830801504,0.38464022014828764,0.22580042140578294,0.4,0,,,,,,10397,0.009113844484090805,0.01242021843791008,-0.0013327510096132755,0.008461111225187778,98.95139117535736,0.017587004229426384,0.0,0.9398264578990049
job_000008,Bulgaria,180,180,9.0,5,0.3565390944480896,5,0.08344550697920118,0.5910514020919799,0.5469174773604781,0.3845017893648243,0.22588015938761133,0.4,0,,,,,,10302,0.010239914990961552,0.01848912052810192,-0.0014724816428497434,0.008514991961419582,99.81102320630468,0.050376761704683304,0.0,0.8438908784713465
job_000008,Bulgaria,181,181,9.05,4,0.31377241760492325,4,0.07597250421073068,0.5744321192304294,0.5430427409984447,0.4283195502672179,0.3204962919555306,0.25,0,,,,,,9312,0.002869616262614727,0.0060874479822814465,0.00017997605027630925,0.0009553122217766941,79.33081437205897,0.0033816758077591658,0.0,0.33876226280528027
job_000008,Bulgaria,182,182,9.1,4,0.3288581296801567,4,0.07605363696237118,0.5744218354423841,0.5428622095673172,0.4283364170831132,0.3204710053271833,0.25,0,,,,,,9353,0.0009844701271504164,0.001661402639001608,0.00013207555457483977,0.0003603937802836299,69.87334321763241,0.02411876618862152,0.0,0.38988772057003274
job_000008,Bulgaria,183,183,9.15,3,0.40403997898101807,3,0.02782086934737531,0.49596919748518203,0.4386736469504274,0.42022676670524167,0.4461897921495425,0.3333333333333333,0,,,,,,3788,0.00147455302067101,0.0020782346837222576,-0.00035966053837910295,0.0008276295848190784,113.488177271983,0.0005781783838756382,0.0,0.6119823159875962
job_000008,Bulgaria,184,184,9.2,3,0.40597110986709595,3,0.02782668600606103,0.4959563030136957,0.4386374909200787,0.4202036988871707,0.44626426935447205,0.3333333333333333,0,,,,,,3788,0.0027206556405872107,0.001944944728165865,-6.22904917690903e-05,0.0018464521272107959,91.93215369138754,0.02896716073155403,0.0,0.679065183035541
job_000008,Bulgaria,185,185,9.25,3,0.3971620599428813,3,0.027662873278973897,0.495880901813507,0.438711013322995,0.4200746055808267,0.4460779365840751,0.3333333333333333,0,,,,,,3705,0.0018211242277175188,0.0030871457420289516,-0.00017430714797228575,0.0012049676151946187,98.23114540127804,0.06727307289838791,0.0,0.6685484210995605
job_000008,Bulgaria,186,186,9.3,4,0.36210766807198524,4,0.03617832291774089,0.49494003007809323,0.43442663793210634,0.36392282999616987,0.2852109462666736,0.25,0,,,,,,4936,0.0011762746144086123,0.0035281553864479065,-0.00060649384977296,0.0002889785682782531,154.5234130354736,0.00969073735177517,0.0,0.5711429559892082
job_000008,Bulgaria,187,187,9.35,5,0.3549628257751465,5,0.054880491537393855,0.5223822832107544,0.48710576516610604,0.34662927448506164,0.24345857635229073,0.4,0,,,,,,7393,0.09753002226352692,0.43054401874542236,-0.016087742522358894,0.09481706470251083,99.62974482486983,-0.04547779634594917,0.04547779634594917,0.9860778602222035
job_000008,Bulgaria,188,188,9.4,5,0.3719135940074921,5,0.05407461554510331,0.5212832136948904,0.4902465177465368,0.34834877189193514,0.24718783629486696,0.4,0,,,,,,7402,0.12024352699518204,0.4912649691104889,-0.026128334924578667,0.11609534174203873,102.68361670559509,-0.04512716829776764,0.04512716829776764,0.9896519119023025
job_000008,Bulgaria,189,189,9.45,5,0.3507064402103424,5,0.05586856314107648,0.5180483174324035,0.498031419824671,0.35310641683386984,0.25449801751734796,0.2,0,,,,,,7679,0.29321447014808655,0.9836024641990662,-0.08454103767871857,0.2786928117275238,106.87509366038475,0.41432976722717285,0.0,0.9932434798027436
job_000008,Bulgaria,190,190,9.5,5,0.35454497635364535,5,0.057956761560029185,0.516537649432818,0.5052843906261303,0.35811948116697867,0.2606277301047304,0.2,0,,,,,,7843,0.16345079243183136,0.7310439944267273,-0.035835571587085724,0.15792255103588104,102.78497370550862,0.7828303575515747,0.0,0.9907409678414268
job_000008,Bulgaria,191,191,9.55,4,0.39507419615983963,4,0.036521035526137245,0.49479125067591667,0.43354590115723785,0.3637917754871149,0.2853075334618278,0.25,0,,,,,,5037,0.0015610732370987535,0.004426386207342148,-0.0004268507764209062,-0.00011826349509647116,-164.5140484425262,-0.0014025463024154305,0.0014025463024154305,0.28373490384813616
job_000008,Bulgaria,192,192,9.6,4,0.392817210406065,4,0.03625865600946492,0.4945471073190371,0.43377497726016573,0.36377067211720016,0.2850794917992257,0.25,0,,,,,,5001,0.00283368700183928,0.0058065797202289104,0.00028987121186219156,-8.1454316386953e-05,-15.695455679373518,-0.023032354190945625,0.023032354190945625,0.10625668899880306
job_000008,Bulgaria,193,193,9.65,4,0.41397231072187424,4,0.03641003545152648,0.4947868386904399,0.43408787073912447,0.36399080206096235,0.28501191210704346,0.25,0,,,,,,5031,0.004834681749343872,0.009024192579090595,0.0010748455533757806,3.0810133466729894e-05,1.6419171608262557,-0.023594699800014496,0.023594699800014496,0.22241113276666005
job_000008,Bulgaria,194,194,9.7,4,0.4020227864384651,4,0.036360088675205786,0.4948482260107994,0.4342152604350337,0.3641279338165009,0.2851702328173462,0.25,0,,,,,,4996,0.0018120354507118464,0.003941625356674194,0.0002840323722921312,0.00036846662987954915,52.37317997447899,-0.006474242080003023,0.006474242080003023,0.25674625952166535
job_000008,Bulgaria,195,195,9.75,3,0.4479820132255554,3,0.027336620599061303,0.49599655270576476,0.43843269112669386,0.42027425996656165,0.446793427633205,0.3333333333333333,0,,,,,,3730,0.0016793610993772745,0.004258339758962393,0.0010251722997054458,-5.0311376980971545e-05,-2.8095947122075633,-0.008667543530464172,0.008667543530464172,0.6111884446614932
job_000008,Bulgaria,196,196,9.8,3,0.4368269145488739,3,0.027529230229340697,0.4960732943481869,0.438707509452914,0.4199947357251996,0.44641121960127234,0.3333333333333333,0,,,,,,3785,0.0019188220612704754,0.003966917749494314,0.001343011623248458,-0.00011429059668444097,-4.864164375944276,-0.015616563148796558,0.015616563148796558,0.7024444608517592
job_000008,Bulgaria,197,197,9.85,3,0.42496347427368164,3,0.027445918882881035,0.4958874341514375,0.43868172610247574,0.4202643383546007,0.4465615323494161,0.3333333333333333,0,,,,,,3730,0.0026974345091730356,0.00642514880746603,0.0011102550197392702,-0.0003403571608942002,-17.043321110022955,-0.014813709072768688,0.014813709072768688,0.43050286746091954
job_000008,Bulgaria,198,198,9.9,3,0.42964766422907513,3,0.027429162915230624,0.4959057281414668,0.43855658048464924,0.4202738775641843,0.4466896240885386,0.3333333333333333,0,,,,,,3730,0.0011850950540974736,0.003211827715858817,0.0008770053973421454,3.866310362354852e-05,2.524270913804493,-0.007009156513959169,0.007009156513959169,0.740748363731345
job_000008,Bulgaria,199,199,9.95,3,0.4349792997042338,3,0.027402584262526047,0.4960572017563714,0.438609587116006,0.42029342489294746,0.44662598196900083,0.3333333333333333,0,,,,,,3756,0.0018438533879816532,0.00497563648968935,0.00128077098634094,9.165157098323107e-05,4.093090948957697,-0.010516094975173473,0.010516094975173473,0.6963927209021112
job_000008,Bulgaria,200,200,10.0,3,0.4564860115448634,3,0.02758372406491305,0.4960740013255014,0.43854989181330173,0.42023273629565333,0.44653865767873935,0.3333333333333333,0,,,,,,3803,0.0019479736220091581,0.00508692255243659,0.0013116862392053008,-4.4932905439054593e-05,-1.9619475006267535,-0.019893208518624306,0.019893208518624306,0.6737543084756586
job_000008,Bulgaria,201,201,10.05,3,0.46773508191108704,3,0.027697091640149305,0.4962871339586046,0.4384027304472747,0.4201999399671647,0.4464629924374992,0.3333333333333333,0,,,,,,3872,0.0033129779621958733,0.008594348095357418,0.0026910915039479733,-0.0007959067588672042,-16.47590476864866,-0.011602937243878841,0.011602937243878841,0.8470692093251977
job_000008,Bulgaria,202,202,10.1,4,0.42072439938783646,4,0.03450975335244113,0.6171699223419029,0.3496655967500475,0.4469988912121371,0.47780962945505084,0.25,0,,,,,,4792,0.0017937736120074987,0.004824331495910883,0.0010438882745802402,-0.00021217150788288563,-11.488933465908248,-0.01744590699672699,0.01744590699672699,0.5938498131163678
job_000008,Bulgaria,203,203,10.15,3,0.47836098074913025,3,0.02763227816209031,0.49640250404675806,0.4384148821418668,0.4200953349045511,0.4463487154856183,0.3333333333333333,0,,,,,,3846,0.0014365646056830883,0.003574185539036989,0.0009794882498681545,-0.0004694329109042883,-25.606696869132705,-0.005458821076899767,0.005458821076899767,0.756088265648152
job_000008,Bulgaria,204,204,10.2,3,0.48156747221946716,3,0.027661408438556866,0.4964631676673889,0.43852427682758854,0.42017057936045693,0.4463854189666461,0.3333333333333333,0,,,,,,3771,0.0018802564591169357,0.004654758609831333,0.0010579242371022701,0.00012696096382569522,6.8433102670595805,-0.0012776877265423536,0.0012776877265423536,0.5666861341271102
job_000008,Bulgaria,205,205,10.25,3,0.4953113595644633,3,0.027960745620103235,0.4965629067685869,0.4385262336260007,0.42024702475187653,0.44624063549002907,0.3333333333333333,0,,,,,,3829,0.0023372480645775795,0.007038372103124857,0.001930407015606761,0.00011927344894502312,3.5356216249247434,-0.005349509883671999,0.005349509883671999,0.8275066264300986
job_000008,Bulgaria,206,206,10.3,3,0.5155178109804789,3,0.027958615905784395,0.49645280904240074,0.4384041209279755,0.4203412098520726,0.4463743509168377,0.3333333333333333,0,,,,,,3829,0.0009385578450746834,0.0022906216327100992,0.0006551838596351445,0.0001717669510981068,14.69040086391502,-0.006770838983356953,0.006770838983356953,0.7216661829451978
job_000008,Bulgaria,207,207,10.35,3,0.5130227208137512,3,0.028015830279475695,0.4965667135185665,0.43862157280062447,0.4201633624943431,0.44619849183159443,0.3333333333333333,0,,,,,,3829,0.001354983658529818,0.003665253520011902,0.0009890816872939467,0.0001656666718190536,9.508517786274354,-0.014766489155590534,0.014766489155590534,0.7401269522666728
job_000008,Bulgaria,208,208,10.4,3,0.5032827258110046,3,0.027960351852392998,0.4966075268056657,0.4383411407470703,0.4203373967601616,0.44641531128607853,0.3333333333333333,0,,,,,,3803,0.001468534697778523,0.003690898884087801,0.0008820464136078954,0.0001404680369887501,9.04850873815416,-0.0076450626365840435,0.0076450626365840435,0.6081989906425245
job_000008,Bulgaria,209,209,10.45,3,0.4894847373167674,3,0.027729553409282945,0.49647155867682574,0.4381734918665003,0.4199893296669641,0.445937392040459,0.3333333333333333,0,,,,,,3777,0.004108491353690624,0.009448366239666939,0.0015439732233062387,-0.0008874016930349171,-29.888221848429716,-0.002289515221491456,0.002289515221491456,0.43344968171098675
job_000008,Bulgaria,210,210,10.5,3,0.44118725260098773,3,0.027657869035318656,0.49623581700854835,0.43807767467734254,0.42009162964256563,0.4458971936198643,0.3333333333333333,0,,,,,,3788,0.0014627710916101933,0.003204528009518981,0.0004115066258236766,-0.0005439274245873094,-52.890784305240594,0.0031555346213281155,0.0,0.4662738201073751
job_000008,Bulgaria,211,211,10.55,3,0.4376304696003596,3,0.027686763852951057,0.4962865561246872,0.43802113238676094,0.41991816324118636,0.44573839117475283,0.3333333333333333,0,,,,,,3819,0.0009896702831611037,0.0025015673600137234,0.0005608877399936318,0.0001580876560183242,15.740627223549998,-0.002126299776136875,0.002126299776136875,0.5888231106859997
job_000008,Bulgaria,212,212,10.6,3,0.43526842693487805,3,0.027715702755832173,0.4962313181824154,0.43807033256248196,0.41991534402388786,0.44571968621038566,0.3333333333333333,0,,,,,,3819,0.0008733317372389138,0.0022115446627140045,0.00041653792141005397,-0.0003032229724340141,-36.0531226356987,-0.00803341530263424,0.00803341530263424,0.5899436011030712
job_000008,Bulgaria,213,213,10.65,3,0.4278087218602498,3,0.02773703770363199,0.49615998433695907,0.4380693977261767,0.42001111362652704,0.44602548391669433,0.3333333333333333,0,,,,,,3788,0.0010603058617562056,0.002288487972691655,0.0005043998826295137,0.00023739802418276668,25.20422721811092,-0.005227311048656702,0.005227311048656702,0.5257669916237712
job_000008,Bulgaria,214,214,10.7,3,0.4386910597483317,3,0.027672048085021876,0.4962571137481266,0.4381363244704259,0.41995775244530853,0.4459404085636218,0.3333333333333333,0,,,,,,3788,0.0005169176729395986,0.0010849483078345656,0.0002502635179553181,0.0002350173017475754,43.200512842804166,0.001595658715814352,0.0,0.6641573405556261
job_000008,Bulgaria,215,215,10.75,3,0.4462088147799174,3,0.027820662851666574,0.4961746633052826,0.43809887450418356,0.4199940106695928,0.4459645391326244,0.3333333333333333,0,,,,,,3788,0.0005054878420196474,0.001176703255623579,0.0001847696112236008,1.882168544398155e-05,5.81641171738116,-0.002741475822404027,0.002741475822404027,0.36741888489134167
job_000008,Bulgaria,216,216,10.8,3,0.4314970274766286,3,0.027502428780332853,0.49635712835523815,0.4379401995811934,0.419914488713702,0.4459081832236518,0.3333333333333333,0,,,,,,3762,0.0009251433075405657,0.0018761251121759415,0.00042873260099440813,-6.299057713476941e-05,-8.358255147824119,0.004357296973466873,0.0,0.46839799430511786
job_000008,Bulgaria,217,217,10.85,2,0.5028158724308014,2,0.018288904251472154,0.3248252371946971,0.2955149120754666,0.3399533526427021,0.6799067052854042,0.5,0,,,,,,2491,0.0005211730604059994,0.001184144988656044,1.67823181982385e-05,-7.967394049046561e-05,-78.10524306512099,-0.0013154371408745646,0.0013154371408745646,0.15622881808012085
job_000008,Bulgaria,218,218,10.9,4,0.3742833808064461,4,0.036362492952523556,0.4951460575064023,0.43377175772631604,0.3638033609395249,0.2849954916467326,0.25,0,,,,,,5013,0.0010825347853824496,0.0034583518281579018,0.0007586498977616429,-7.36725123715587e-05,-5.546602867700315,-0.004014415200799704,0.004014415200799704,0.7041054790452284
job_000008,Bulgaria,219,219,10.95,4,0.3840688467025757,4,0.03618729022563603,0.49525248606999717,0.4339422243612784,0.3637692367157235,0.28486267980095786,0.25,0,,,,,,5013,0.001165454275906086,0.004575609229505062,0.000898248516023159,0.00022466646623797715,14.042507076729938,-0.006521458271890879,0.006521458271890879,0.7944701972226574
job_000008,Bulgaria,220,220,11.0,3,0.3949696620305379,3,0.026978129740608158,0.3802686442931493,0.3373452916557406,0.2949605351609248,0.2705424694660934,0.3333333333333333,0,,,,,,3716,0.0017277590231969953,0.004279631190001965,0.0007265319582074881,-9.319231321569532e-05,-7.309420851264266,-0.007418141700327396,0.007418141700327396,0.4239505952975166
job_000008,Bulgaria,221,221,11.05,3,0.4124815414349238,3,0.027276422433611783,0.4963701274659898,0.43784512531610176,0.42016615264412455,0.4462621254024149,0.3333333333333333,0,,,,,,3762,0.0015057893469929695,0.003928353078663349,-0.0006399276899173856,-0.0003210060822311789,-153.36034428701268,0.009438635781407356,0.0,0.4754500479681833
job_000008,Bulgaria,222,222,11.1,3,0.4132433831691742,3,0.027265561240232453,0.4962741096814473,0.4379631395693179,0.42019798613781695,0.4462551140680677,0.3333333333333333,0,,,,,,3762,0.0015513061080127954,0.0044429851695895195,-0.0010628317249938846,-0.00013238959945738316,-172.89963318082232,0.01520334929227829,0.0,0.6904152634977501
job_000008,Bulgaria,223,223,11.15,3,0.4275275965531667,3,0.027490693776887978,0.49620585309134585,0.4378327051798503,0.4202713014039207,0.4464035531693142,0.3333333333333333,0,,,,,,3762,0.0013377718860283494,0.0034602051600813866,-0.0010356877464801073,-0.00010999403457390144,-173.93769178515203,0.009007001295685768,0.0,0.7785424965018177
job_000008,Bulgaria,224,224,11.2,2,0.5243610367178917,2,0.018387086595858245,0.3244560758272807,0.29574237752843785,0.3399146735835667,0.6798293471671334,0.5,0,,,,,,2491,0.002031943527981639,0.0041234418749809265,-0.0016155472258105874,-5.881661127205007e-05,-177.91497528999753,0.011810834519565105,0.0,0.7956016030807028
job_000008,Bulgaria,225,225,11.25,2,0.518877699971199,2,0.018389863073583698,0.3244210034608841,0.29608596872400356,0.33965469503818463,0.6793093900763694,0.5,0,,,,,,2491,0.0028350765351206064,0.005893610883504152,-0.002325225155800581,-4.2292951548006386e-05,-178.95797598356657,0.023891281336545944,0.0,0.8202987549928968
job_000008,Bulgaria,226,226,11.3,2,0.5242520198225975,2,0.018474894964585143,0.3243443871537844,0.2960871837757252,0.3398075347173543,0.6796150694347087,0.5,0,,,,,,2491,0.001321996795013547,0.0033999267034232616,-0.0009306883439421654,9.311959001934156e-05,174.28631315806828,0.0015102012548595667,0.0,0.7075170417428536
job_000008,Bulgaria,227,227,11.35,3,0.40382469197114307,3,0.027559097140629905,0.4962747673193613,0.43829731764616797,0.4197964131198244,0.4459910208007265,0.3333333333333333,0,,,,,,3762,0.0015099544543772936,0.0041658272966742516,-0.0011443812400102615,-6.01381943852175e-05,-176.99182579007785,0.016412781551480293,0.0,0.7589370020687969
job_000008,Bulgaria,228,228,11.4,3,0.4252709249655406,3,0.027709586222818636,0.49634527299139236,0.4383121113718292,0.4199582755606241,0.4459889307981976,0.3333333333333333,0,,,,,,3762,0.0018823393620550632,0.004329904913902283,-0.0013644648715853691,0.00019681821868289262,171.79194439486415,0.005945986602455378,0.0,0.7323795654939218
job_000008,Bulgaria,229,229,11.45,3,0.42286227146784466,3,0.02761024868780497,0.49636706180042695,0.43858882409554933,0.4198281572120563,0.4457879174490589,0.3333333333333333,0,,,,,,3817,0.0031876717694103718,0.00886695645749569,-0.0026068331208080053,0.0008209676598198712,162.51926730452658,0.02147497795522213,0.0,0.8573815072045118
job_000008,Bulgaria,230,230,11.5,3,0.4095589468876521,3,0.02770822398649241,0.49631700681315527,0.4384989962165739,0.4198700159921441,0.4459008565492752,0.3333333333333333,0,,,,,,3817,0.0013825601199641824,0.003862421028316021,-0.0009525898494757712,0.0005850352463312447,148.44373837310346,0.0032773653510957956,0.0,0.8085702496015484
job_000008,Bulgaria,231,231,11.55,2,0.49506058543920517,2,0.02229473579014554,0.7163212617238363,0.6134824964735243,0.16468758430810007,0.32937516861620014,0.5,0,,,,,,3077,0.002364011947065592,0.005724641028791666,-0.001968644792214036,-0.00038387085078284144,-168.96620830690088,0.01977561041712761,0.0,0.8484397066195147
job_000008,Bulgaria,232,232,11.6,3,0.4041345963875453,3,0.02765050688940223,0.4961657848623064,0.4383962042537736,0.4198104862365291,0.44604949556366663,0.3333333333333333,0,,,,,,3860,0.0016541113145649433,0.004127906169742346,-0.0012896970147266984,0.0004648827016353607,160.17785322025128,0.013936036266386509,0.0,0.8287982850891811
job_000008,Bulgaria,233,233,11.65,2,0.45937882363796234,2,0.022311625029567635,0.7159782886505126,0.61366313651756,0.16491361252757195,0.3298272250551439,0.5,0,,,,,,3077,0.0036595696583390236,0.008518463931977749,-0.002796105109155178,-0.0003378115070518106,-173.1111964733011,0.021475818008184433,0.0,0.7696089429142253
job_000008,Bulgaria,234,234,11.7,2,0.4893161430954933,2,0.022454230650691,0.7158832708994547,0.6135996641936126,0.16503115881388755,0.3300623176277751,0.5,0,,,,,,3077,0.001332985470071435,0.002998874755576253,-0.0009171544224955142,0.00027943181339651346,163.055458332563,0.008681712672114372,0.0,0.719270811634851
job_000008,Bulgaria,235,235,11.75,2,0.5011096745729446,2,0.02245342548701619,0.7157386620839437,0.6136337138988353,0.16495925185053997,0.3299185037010799,0.5,0,,,,,,3077,0.001394330756738782,0.0033204425126314163,-0.001023413147777319,0.00017029659647960216,170.55250902811272,0.008250972256064415,0.0,0.7440739066284254
job_000008,Bulgaria,236,236,11.8,2,0.5054315701127052,2,0.022435868788757765,0.7156252066294353,0.6136879814995659,0.16499451249303232,0.32998902498606464,0.5,0,,,,,,3034,0.0014204400358721614,0.0031821117736399174,-0.0010587474098429084,0.0001984293630812317,169.38482905692925,0.010159164667129517,0.0,0.7583436222947191
job_000008,Bulgaria,237,237,11.85,2,0.514871209859848,2,0.022257412187927574,0.7153028170267741,0.6137408856992368,0.1653214580529469,0.3306429161058938,0.5,0,,,,,,3034,0.0038803473580628633,0.0077362097799777985,-0.0031526763923466206,0.0002768874110188335,174.98081123276566,0.016288507729768753,0.0,0.8156001822183699
job_000008,Bulgaria,238,238,11.9,2,0.5147244110703468,2,0.022271924789999984,0.7152687708536783,0.6135171537046079,0.16531292054007599,0.33062584108015197,0.5,0,,,,,,3034,0.0018421265995129943,0.003971233032643795,-0.0012365058064460754,0.0003739540698006749,163.1732096488489,0.005306833423674107,0.0,0.7012633527188522
job_000008,Bulgaria,239,239,11.95,2,0.4979211166501045,2,0.022178949703078682,0.7153975486755371,0.6136399233782733,0.16516474322534444,0.3303294864506889,0.5,0,,,,,,3034,0.0017727450467646122,0.003809192916378379,-0.001082471921108663,0.0006197446491569281,150.2076877327733,0.006228247657418251,0.0,0.7036142642178609
job_000008,Bulgaria,240,240,12.0,1,0.7349891066551208,1,0.012907297287294771,0.5917728741963705,0.5044977400037978,0.0,,1.0,0,,,,,,1763,0.0037967083044350147,0.005946571938693523,-0.0022553522139787674,0.00046377122635021806,168.38016070947944,0.028276141732931137,0.0,0.6064573086555916
job_000008,Bulgaria,241,241,12.05,2,0.4835687577724457,2,0.021898983355588566,0.7154844443003336,0.6138384501139322,0.16520331972661134,0.3304066394532227,0.5,0,,,,,,3003,0.00256361230276525,0.005256592761725187,-0.0009568644454702735,0.001327070058323443,125.7929369079981,-0.0014732112176716328,0.0014732112176716328,0.6381868746443925
job_000008,Bulgaria,242,242,12.1,3,0.3865353961785634,3,0.026753041885300054,0.4961917681826486,0.43827799808831863,0.41973243616449235,0.4464778732720034,0.3333333333333333,0,,,,,,3648,0.0008561343420296907,0.0014671904500573874,-0.00043800604180432856,-0.00028496477170847356,-146.95215218851953,0.002118134405463934,0.0,0.6103550233620757
job_000008,Bulgaria,243,243,12.15,3,0.39760420719782513,3,0.02683170999289511,0.4961405270629459,0.43860482345392676,0.4193502204261252,0.446067086893885,0.3333333333333333,0,,,,,,3633,0.0012192921712994576,0.0027652685530483723,-0.00038508360739797354,-0.00034917533048428595,-137.79976830900887,0.005519912578165531,0.0,0.4263292895051633
job_000008,Bulgaria,244,244,12.2,3,0.40598144630591076,3,0.026667083029682192,0.4960705356465445,0.4382686874012889,0.41964351570650515,0.4463943442011165,0.3333333333333333,0,,,,,,3648,0.0009129921090789139,0.0018290745792910457,-0.0003869160427711904,-0.0001740120496833697,-155.78459137236482,0.0034026436042040586,0.0,0.46467594225118825
job_000008,Bulgaria,245,245,12.25,3,0.3980514109134674,3,0.026541727132696143,0.49576847487025794,0.43832085220902056,0.4196609240462532,0.4462305001510392,0.3333333333333333,0,,,,,,3607,0.0015139440074563026,0.0028727129101753235,-0.0009080359013751149,-6.0911286709597334e-05,-176.162333368881,0.009226277470588684,0.0,0.6011296166704265
job_000008,Bulgaria,246,246,12.3,3,0.3954671521981557,3,0.026576370591595004,0.4956997540262011,0.438417743164816,0.419624549384542,0.44617732189033427,0.3333333333333333,0,,,,,,3648,0.0005275648436509073,0.0011540207779034972,-0.00029430646100081503,-0.00013946753460913897,-154.64441001476527,0.002838417887687683,0.0,0.6173270271009303
job_000008,Bulgaria,247,247,12.35,2,0.47411809861660004,2,0.021655774337949553,0.7149937629699707,0.6140776598895037,0.16503212574657095,0.3300642514931419,0.5,0,,,,,,2900,0.0008206636994145811,0.0014713364653289318,-0.00049377087270841,4.652265943150269e-06,179.46018015382683,0.003408472752198577,0.0,0.6016993187288933
job_000008,Bulgaria,248,248,12.4,3,0.37847796579202014,3,0.026446658866148533,0.4954401695066028,0.43847851223415796,0.4198383574635577,0.4461740050844641,0.3333333333333333,0,,,,,,3576,0.00041638800757937133,0.0008807426784187555,-0.00019872834673151374,0.00016120696091093123,140.95129193634213,-0.0009178303298540413,0.0009178303298540413,0.6145514461946617
job_000008,Bulgaria,249,249,12.45,3,0.39014335970083874,3,0.026396287637422605,0.4954322771893607,0.43860885832044816,0.4195397156617504,0.44596577422880657,0.3333333333333333,0,,,,,,3576,0.0006158092292025685,0.0016086820978671312,-0.0002243765047751367,-5.292562491376884e-06,-178.64876550810055,0.009607711806893349,0.0,0.3644617611658942
job_000008,Bulgaria,250,250,12.5,2,0.47563591599464417,2,0.021598137397948584,0.7148583094278971,0.6141909846553096,0.1648092922789604,0.3296185845579208,0.5,0,,,,,,2931,0.0006359484395943582,0.0012853869702666998,0.000250914046773687,0.00015783596609253436,32.17169759627186,-0.002816899446770549,0.002816899446770549,0.46612085385582236
job_000008,Bulgaria,251,251,12.55,3,0.39199600120385486,3,0.026528423385008167,0.49538575808207197,0.4386587684537157,0.4194977612466388,0.44576775370194577,0.3333333333333333,0,,,,,,3607,0.000893213611561805,0.002176147885620594,0.00040244226693175733,4.7210920456564054e-05,6.690846381195334,-0.0011175812687724829,0.0011175812687724829,0.45364510847717887
job_000008,Bulgaria,252,252,12.6,3,0.38187334934870404,3,0.026422587040092142,0.4953964110877778,0.4383282461284119,0.4194485406412334,0.44568247409916095,0.3333333333333333,0,,,,,,3602,0.0010957146296277642,0.0023951500188559294,0.0002831826568581164,-0.00012381548003759235,-23.616311559084306,-0.007239328697323799,0.007239328697323799,0.2820692945220156
job_000008,Bulgaria,253,253,12.65,4,0.35270391032099724,4,0.035159801259828836,0.4947226588924726,0.43409866050437645,0.36320498484776065,0.284283219506209,0.25,0,,,,,,4797,0.0032468370627611876,0.008443950675427914,-0.0005154079990461469,-0.0006054860423319042,-130.40543174781536,-0.007097945082932711,0.007097945082932711,0.2448989541102593
job_000008,Bulgaria,254,254,12.7,4,0.38058504462242126,4,0.035074993474391386,0.4947490587830543,0.4341030147340563,0.3633215551513227,0.28437349672649814,0.25,0,,,,,,4766,0.002266696887090802,0.004065316170454025,0.00031288512400351465,-0.0003448317584116012,-47.78078599955828,-0.006698093842715025,0.006698093842715025,0.20541977195821315
job_000008,Bulgaria,255,255,12.75,4,0.3672852851450443,4,0.035122984282999016,0.49456165482600534,0.43400644019797996,0.3632677883417629,0.2844700614914296,0.25,0,,,,,,4797,0.002032890450209379,0.004415786359459162,0.0001717283739708364,-0.00036770725273527205,-64.96626297530253,-0.006359919440001249,0.006359919440001249,0.19963277593949239
job_000008,Bulgaria,256,256,12.8,4,0.39214951917529106,4,0.03518312674916373,0.49455394695202515,0.4340529477154767,0.36325007251591845,0.2845351317598841,0.25,0,,,,,,4766,0.0020729503594338894,0.004175018519163132,0.00012445439642760903,-0.00010525707330089062,-40.22280896253478,-0.012340866029262543,0.012340866029262543,0.07863033143110691
job_000008,Bulgaria,257,257,12.85,4,0.3713143318891525,4,0.03528169510914228,0.4944923515121142,0.4339085949791803,0.3633453290089834,0.28487510567685626,0.25,0,,,,,,4766,0.0041115377098321915,0.008684197440743446,0.0003058930451516062,-0.0002020349638769403,-33.44379785875879,-0.01836465299129486,0.01836465299129486,0.08916143899126562
job_000008,Bulgaria,258,258,12.9,3,0.4254598418871562,3,0.030533857532107862,0.6404759830898709,0.5495410165669006,0.19331340919562626,0.1973059840541316,0.3333333333333333,0,,,,,,4163,0.0019330937648192048,0.004533092025667429,-0.00027085066540166736,-0.00048579752910882235,-119.14133509893813,-0.004133778624236584,0.004133778624236584,0.28772571885283216
job_000008,Bulgaria,259,259,12.95,3,0.41661807894706726,3,0.03042917246216988,0.6403124544355604,0.5497470526047695,0.19322711024683092,0.1970708965342277,0.3333333333333333,0,,,,,,4155,0.0025805237237364054,0.004829502664506435,0.00030122059979476035,-0.00046870711958035827,-57.27265595949737,-0.006655965466052294,0.006655965466052294,0.21590720766996968
job_000008,Bulgaria,260,260,13.0,4,0.35865362361073494,4,0.03542007557153929,0.49444222301244733,0.43445976045396595,0.36328809357754355,0.28457414923679236,0.25,0,,,,,,4795,0.002210605191066861,0.0048623462207615376,0.0004295386897865683,6.910867523401976e-05,9.140015818355987,-0.0047969333827495575,0.0047969333827495575,0.1968070260571999
job_000008,Bulgaria,261,261,13.05,4,0.36992350593209267,4,0.035677855341180495,0.49439839869737623,0.43444032669067384,0.36323492816931824,0.2845342105338356,0.25,0,,,,,,4941,0.0037786432076245546,0.007713669445365667,0.0004156121867708862,-0.00041348807280883193,-44.853211360681286,-0.012887089513242245,0.012887089513242245,0.15515207644893378
job_000008,Bulgaria,262,262,13.1,3,0.4162517786026001,3,0.03094273830960177,0.6402980380588108,0.5497166574737172,0.19297135183597394,0.19683929707000866,0.3333333333333333,0,,,,,,4275,0.0016327003249898553,0.0037685518618673086,0.0001333129039267078,-0.00013669431791640818,-45.71750163389988,0.004991687834262848,0.0,0.11694669615998093
job_000008,Bulgaria,263,263,13.15,2,0.5154010429978371,2,0.021948077324253253,0.7150784174601237,0.613861663253219,0.16360351616504526,0.3272070323300905,0.5,0,,,,,,2972,0.0016640336252748966,0.0044065252877771854,0.00131529092323035,0.00025640815147198737,11.031121205606748,-0.00655524805188179,0.00655524805188179,0.8053025392623373
job_000008,Bulgaria,264,264,13.2,3,0.4124419043461482,3,0.027018260216071854,0.49559158285458876,0.438232410101243,0.41936199745909514,0.44484094205247154,0.3333333333333333,0,,,,,,3674,0.0015503769973292947,0.003787536406889558,0.001087335404008627,0.0001856206072261557,9.687658965061795,-0.012303531169891357,0.012303531169891357,0.7114820512869992
job_000008,Bulgaria,265,265,13.25,2,0.5153826624155045,2,0.01810375966147084,0.3249555200338364,0.29579784428631817,0.3398583832357796,0.6797167664715592,0.5,0,,,,,,2480,0.004915654193609953,0.009556327946484089,0.0039457338862121105,-0.0008700277539901435,-12.43465005136137,-0.009496624581515789,0.009496624581515789,0.821968995066639
job_000008,Bulgaria,266,266,13.3,2,0.5283960402011871,2,0.018136460140283923,0.3250788062810898,0.29639561794422287,0.3397484126446027,0.6794968252892054,0.5,0,,,,,,2480,0.0022346654441207647,0.004346565809100866,0.0016279224073514342,0.0004414601717144251,15.172577282176944,-0.025174688547849655,0.025174688547849655,0.754796764888859
job_000008,Bulgaria,267,267,13.35,3,0.42563507954279584,3,0.027162801776627457,0.49565317200289827,0.4382334626751181,0.41930947083595094,0.4446441251919507,0.3333333333333333,0,,,,,,3754,0.0017199631547555327,0.003909587860107422,0.001098044216632843,-0.0002506293822079897,-12.857537402173918,-0.006308606825768948,0.006308606825768948,0.6548304460613795
job_000008,Bulgaria,268,268,13.4,3,0.4214080274105072,3,0.027246101593904157,0.4957353850205739,0.4382028414879316,0.4192042915574402,0.4445999598794185,0.3333333333333333,0,,,,,,3728,0.0013533328892663121,0.0034592098090797663,0.0009683798998594284,-0.000418723066104576,-23.383436086144375,-0.012298493646085262,0.012298493646085262,0.7795791910728005
job_000008,Bulgaria,269,269,13.45,2,0.531594954431057,2,0.022264672613149024,0.7152321974436442,0.6134621867427119,0.1634057389971249,0.3268114779942498,0.5,0,,,,,,3052,0.0026767575182020664,0.005501213483512402,0.0019788877107203007,-5.5765493016224355e-05,-1.6141805323574017,-0.01602131500840187,0.01602131500840187,0.7395788685693946
job_000008,Bulgaria,270,270,13.5,2,0.5315253809094429,2,0.022238404908757167,0.7152611414591472,0.6135242744728371,0.16338472501223616,0.32676945002447233,0.5,0,,,,,,3052,0.0013503439258784056,0.0036336067132651806,0.0007536985212936997,2.7949832656304352e-05,2.1237589416558555,0.0027328270953148603,0.0,0.5585366576579296
job_000008,Bulgaria,271,271,13.55,2,0.5066742300987244,2,0.022241562304035244,0.7152334690093994,0.6133907035545066,0.16328455233544986,0.3265691046708997,0.5,0,,,,,,3052,0.0012858837144449353,0.0030254621524363756,0.0009260859806090593,0.00042734225280582905,24.77095575749495,-0.020118771120905876,0.020118771120905876,0.79317415239391
job_000008,Bulgaria,272,272,13.6,2,0.5102010071277618,2,0.02218694454835107,0.7152380784352621,0.6134299172295464,0.16331239755193222,0.32662479510386444,0.5,0,,,,,,3011,0.0009518958977423608,0.0020042669493705034,0.0005063287680968642,5.044542558607645e-05,5.689590548446652,0.0006302320980466902,0.0,0.5345495211984655
job_000008,Bulgaria,273,273,13.65,3,0.42380275825659436,3,0.06887511652383384,0.7464682367112901,0.6953182361744069,0.1816895393664901,0.20098460500511853,0.3333333333333333,0,,,,,,8444,0.000839051092043519,0.002653443720191717,0.0003311002510599792,0.00017509002645965666,27.870455837178422,0.005163534078747034,0.0,0.4463910707057312
job_000008,Bulgaria,274,274,13.7,3,0.42168354988098145,3,0.0688759831686211,0.7464978324042427,0.6953082802854937,0.18161696076306025,0.20087517648199027,0.3333333333333333,0,,,,,,8444,0.00046673056203871965,0.0013442927738651633,0.00010042835492640734,5.185953341424465e-06,2.9560332583981594,0.009915637783706188,0.0,0.2154608482292973
job_000008,Bulgaria,275,275,13.75,2,0.5307054966688156,2,0.022160333294585277,0.7153461774190266,0.6138335333930122,0.1632820219554002,0.3265640439108004,0.5,0,,,,,,3084,0.000609140784945339,0.0012762363767251372,0.00023277396394405514,4.1342256736243144e-05,10.071105794613356,-0.005997731816023588,0.005997731816023588,0.38811519411714435
job_000008,Bulgaria,276,276,13.8,1,0.8084920644760132,1,0.013005029053124024,0.5940576871236165,0.5042377048068576,0.0,,1.0,0,,,,,,1763,0.0020203134045004845,0.0035648143384605646,0.0009639044292271137,-7.138712589949137e-06,-0.4243269480597744,-0.005168923642486334,0.005168923642486334,0.47711947141707545
job_000008,Bulgaria,277,277,13.85,1,0.7899518609046936,1,0.01305570959882095,0.5939586003621419,0.504239018758138,0.0,,1.0,0,,,,,,1763,0.0012391076888889074,0.001987527823075652,0.0007343975594267249,-0.00014779763296246529,-11.378790317527262,-0.015908801928162575,0.015908801928162575,0.604565772054047
job_000008,Bulgaria,278,278,13.9,1,0.796344518661499,1,0.013058415139783864,0.5939020156860352,0.5040629634150753,0.0,,1.0,0,,,,,,1763,0.0006982368649914861,0.0016294859815388918,3.735870632226579e-05,-0.00019732712826225907,-79.2794353734357,0.00506654754281044,0.0,0.2876279510566862
job_000008,Bulgaria,279,279,13.95,1,0.7772032618522644,1,0.013013604968846603,0.5938607851664225,0.5040389449508101,0.0,,1.0,0,,,,,,1763,0.0005324651720002294,0.0012589573161676526,0.0001993542828131467,7.297831325558946e-05,20.106337735394156,-0.0021415771916508675,0.0021415771916508675,0.3986968132889282
job_000008,Bulgaria,280,280,14.0,1,0.7892930507659912,1,0.012999614665992946,0.5938019116719564,0.5040569305419922,0.0,,1.0,0,,,,,,1763,0.00047854066360741854,0.0009572355775162578,-0.0002990946813952178,1.6317828340106644e-05,176.87718711211448,0.0017049278831109405,0.0,0.6259436294189636
job_000008,Bulgaria,281,281,14.05,1,0.7998727560043335,1,0.013039480596802336,0.5938702901204427,0.5041347644947193,0.0,,1.0,0,,,,,,1763,0.0014360385248437524,0.0032033228781074286,-0.0011055183131247759,-0.00035895404289476573,-162.0117498974239,0.017655586823821068,0.0,0.8094026026235939
job_000008,Bulgaria,282,282,14.1,1,0.798187255859375,1,0.013130614266430465,0.5939278284708659,0.5040009957772714,0.0,,1.0,0,,,,,,1763,0.0010324696777388453,0.0022581201046705246,-0.0006861389265395701,-0.0002700903278309852,-158.51351789262912,0.015444246120750904,0.0,0.7141945029735575
job_000008,Bulgaria,283,283,14.15,1,0.8059730529785156,1,0.013113095832522959,0.5937266667683919,0.5040164523654513,0.0,,1.0,0,,,,,,1804,0.0015435980167239904,0.002836155006662011,-0.0012993471464142203,-0.00026258055004291236,-168.5751627319365,0.0008534150547347963,0.0,0.8587816496283198
job_000008,Bulgaria,284,284,14.2,1,0.8100566267967224,1,0.013050455290818426,0.5936109542846679,0.5040856820565683,0.0,,1.0,0,,,,,,1804,0.0018276275368407369,0.0035154682118445635,-0.0014150047209113836,-0.00027572334511205554,-168.9736933320587,0.02326858416199684,0.0,0.788791871499224
job_000008,Bulgaria,285,285,14.25,2,0.5253113135695457,2,0.021946679227179695,0.5423782904942831,0.46272750430636933,0.06525290274936069,0.13050580549872137,0.5,0,,,,,,3029,0.004956681746989489,0.007767337374389172,2.0195368051645346e-05,0.00022712297504767776,84.9187254231699,-0.0026549070607870817,0.0026549070607870817,0.04600236345710171
job_000008,Bulgaria,286,286,14.3,2,0.5242476612329483,2,0.021937424059361537,0.542284901936849,0.46343385201913334,0.06504556531730714,0.13009113063461428,0.5,0,,,,,,3029,0.0030184274073690176,0.0048294877633452415,-9.01195453479886e-05,0.00020076078362762928,114.17484377563166,0.005001860670745373,0.0,0.07290552934825892
job_000008,Bulgaria,287,287,14.35,2,0.5474190562963486,2,0.021915077406562358,0.5424454212188721,0.4636140328866464,0.06525479987277885,0.1305095997455577,0.5,0,,,,,,3029,0.0030766604468226433,0.005290999077260494,-2.457616210449487e-05,0.0005499236285686493,92.55885360066456,-0.0035678106360137463,0.0035678106360137463,0.17891883754581486
job_000008,Bulgaria,288,288,14.4,3,0.4144892791906993,3,0.026711619434708952,0.38055453035566544,0.3384770876095619,0.2943727379943851,0.270092918977789,0.3333333333333333,0,,,,,,3731,0.0030127335339784622,0.005196224898099899,-0.00013979891082271934,9.148418030235916e-05,146.79932952672047,0.01620890200138092,0.0,0.05545532335633713
job_000008,Bulgaria,289,289,14.45,1,0.8343273401260376,1,0.013239273995105005,0.5932580947875976,0.5050410235369647,0.0,,1.0,0,,,,,,1804,0.005310896318405867,0.00814711581915617,-0.004425326362252235,0.0010772290406748652,166.31893481791266,0.016036665067076683,0.0,0.8575861469475551
job_000008,Bulgaria,290,290,14.5,1,0.8451388478279114,1,0.013287217867543439,0.5932285944620769,0.5047224256727431,0.0,,1.0,0,,,,,,1804,0.0024449005722999573,0.004110879264771938,-0.0018576696747913957,-0.00010175130591960624,-176.86483515969974,0.025097791105508804,0.0,0.7609529209293423
job_000008,Bulgaria,291,291,14.55,1,0.8469191789627075,1,0.013217071538351268,0.5931498209635416,0.5050370675546152,0.0,,1.0,0,,,,,,1804,0.0028067624662071466,0.004795452579855919,-0.0025641981046646833,-0.00020082893024664372,-175.52171545095555,0.013800430111587048,0.0,0.9163762910570054
job_000008,Bulgaria,292,292,14.6,1,0.8453067541122437,1,0.013256271028672748,0.5931168874104817,0.5047442400896991,0.0,,1.0,0,,,,,,1806,0.0024092744570225477,0.004236179403960705,-0.0019985006656497717,0.0005672742263413966,164.15341177501972,0.011766510084271431,0.0,0.8622726845278149
job_000008,Bulgaria,293,293,14.65,1,0.797839879989624,1,0.013074555401582512,0.5925074895222981,0.5051417174162688,0.0,,1.0,0,,,,,,1806,0.0053163920529186726,0.007613572292029858,-0.004998642019927502,0.00040268420707434416,175.39427138597412,0.03735393285751343,0.0,0.9432779979030722
job_000008,Bulgaria,294,294,14.7,1,0.773430347442627,1,0.013194657633908202,0.5921101252237956,0.5051121605767144,0.0,,1.0,0,,,,,,1763,0.0031081687193363905,0.00559815252199769,-0.0025705620646476746,-0.0002364047832088545,-174.74550633060466,0.04227229952812195,0.0,0.8305243479274531
job_000008,Bulgaria,295,295,14.75,1,0.7570399045944214,1,0.013109596155649971,0.5918723424275716,0.5052786085340711,0.0,,1.0,0,,,,,,1763,0.0032192387152463198,0.00439892103895545,-0.0027626673690974712,-8.130844435072504e-06,-179.83137248800352,0.013250630348920822,0.0,0.8581778421673746
job_000008,Bulgaria,296,296,14.8,1,0.7500882148742676,1,0.01308272603393337,0.5915309270222981,0.5052308824327257,0.0,,1.0,0,,,,,,1763,0.002998421201482415,0.005385045427829027,-0.0021578785963356495,0.0011057512601837516,152.86825703083684,0.022288529202342033,0.0,0.808655863096696
job_000008,Bulgaria,297,297,14.85,1,0.7773008346557617,1,0.013044804158537177,0.5914394378662109,0.5046492399992766,0.0,,1.0,0,,,,,,1763,0.0059900712221860886,0.008696002885699272,-0.005157538689672947,0.001485142856836319,163.93594130970328,0.03341366723179817,0.0,0.8960007975099822
job_000008,Bulgaria,298,298,14.9,1,0.7846043705940247,1,0.013068419552660032,0.5915722846984863,0.504475756044741,0.0,,1.0,0,,,,,,1763,0.0020170160569250584,0.003261603880673647,-0.0016221307450905442,-2.1071602532174438e-05,-179.25576529821868,-0.0057569826021790504,0.0057569826021790504,0.8042908704730193
job_000008,Bulgaria,299,299,14.95,1,0.7729962468147278,1,0.01312365275825644,0.5915661493937174,0.5043012124520762,0.0,,1.0,0,,,,,,1763,0.0025538450572639704,0.003800696227699518,-0.0018538949079811573,0.0005917719681747258,162.29667256944396,0.003277549287304282,0.0,0.7620088422069117
job_000008,Bulgaria,300,300,15.0,1,0.7193782925605774,1,0.013034606127188408,0.5914623896280925,0.5040818532307942,0.0,,1.0,0,,,,,,1763,0.0023250465746968985,0.00408979132771492,-0.0016362862661480904,0.0007231340860016644,156.1576308681802,0.009468755684792995,0.0,0.7694270756627148
job_000008,Bulgaria,301,301,15.05,1,0.7173050045967102,1,0.013029379622777565,0.5916208585103353,0.5039667341444227,0.0,,1.0,0,,,,,,1763,0.0034904356580227613,0.005487678572535515,-0.0026917033828794956,-0.00012853201769758016,-177.2661354486735,0.036986250430345535,0.0,0.7720441450378629
job_000008,Bulgaria,302,302,15.1,1,0.7322444915771484,1,0.013034302263605455,0.5915842692057292,0.5036331600613064,0.0,,1.0,0,,,,,,1763,0.0012707142159342766,0.002089335350319743,-0.0010172169422730803,0.0001713558449409902,170.43798119698886,0.005571042187511921,0.0,0.8117867000606906
job_000008,Bulgaria,303,303,15.15,1,0.8212500214576721,1,0.013291727864960665,0.5931737581888835,0.5052234367088035,0.0,,1.0,0,,,,,,1804,0.03519193455576897,0.0491974875330925,0.03160582110285759,-0.0036836015060544014,-6.647728366624877,-0.22629742324352264,0.22629742324352264,0.9041775060246288
job_000008,Bulgaria,304,304,15.2,1,0.8311895728111267,1,0.013302524867659812,0.5931306521097819,0.5051260065149378,0.0,,1.0,0,,,,,,1804,0.0010353518882766366,0.0026243049651384354,0.0007735776016488671,0.0003586134407669306,24.87139439252559,-0.007314611691981554,0.007314611691981554,0.8235442952352356
job_000008,Bulgaria,305,305,15.25,1,0.8346297144889832,1,0.013377132441472681,0.5930858294169108,0.5049195748788339,0.0,,1.0,0,,,,,,1848,0.0011751357233151793,0.0017320314655080438,0.0010118993232026696,-6.314490747172385e-05,-3.570761840621063,-0.0016618892550468445,0.0016618892550468445,0.8627663890006299
job_000008,Bulgaria,306,306,15.3,2,0.5139771699905396,2,0.02194874860451684,0.5419012626012166,0.4635379296761972,0.06575792890618876,0.1315158578123775,0.5,0,,,,,,2926,0.000984872574917972,0.0018558469600975513,-0.00015032228839118034,-0.00018121425819117576,-129.67665448548578,-0.011375030502676964,0.011375030502676964,0.23906364664907803
job_000008,Bulgaria,307,307,15.35,2,0.5571153163909912,2,0.024965404946781712,0.7847591559092204,0.3135955598619249,0.27058658854968337,0.5411731770993667,0.5,0,,,,,,3345,0.0037493035197257996,0.00876636616885662,0.0006604824448004365,-0.0014299938920885324,-65.20883276693691,-0.006619289983063936,0.006619289983063936,0.4201198961349292
job_000008,Bulgaria,308,308,15.4,3,0.4424595683813095,3,0.03315971371798595,0.6866508748796251,0.34897856064784677,0.26661715487933585,0.2688117670804944,0.3333333333333333,0,,,,,,4446,0.0017672101967036724,0.003178684040904045,-0.00026932728360407054,0.00031558616319671273,130.47807744949583,-0.029864195734262466,0.029864195734262466,0.2347698711775796
job_000008,Bulgaria,309,309,15.45,1,0.8285597562789917,1,0.013376089492730113,0.5929771105448405,0.504453616672092,0.0,,1.0,0,,,,,,1848,0.000774803978856653,0.0013239720137789845,0.000589525792747736,0.00021045499306637794,19.646071888336643,-0.007163604721426964,0.007163604721426964,0.8079008935243243
job_000008,Bulgaria,310,310,15.5,1,0.8264557719230652,1,0.01337721638004928,0.5930567423502604,0.5046317489058884,0.0,,1.0,0,,,,,,1848,0.001061849296092987,0.002565058646723628,0.0004933668533340096,-0.0005943228024989367,-50.30282184736256,0.00486212782561779,0.0,0.7274276789695798
job_000008,Bulgaria,311,311,15.55,1,0.8224305510520935,1,0.013317680870494331,0.5932002703348795,0.5047571111608434,0.0,,1.0,0,,,,,,1804,0.001741418382152915,0.0030070713255554438,0.0011033988557755947,0.00034872908145189285,17.53913483747948,-0.013212199322879314,0.013212199322879314,0.6645130953204166
job_000008,Bulgaria,312,312,15.6,1,0.8142034411430359,1,0.013140642734323154,0.5932553927103679,0.5041273187707972,0.0,,1.0,0,,,,,,1763,0.0012677412014454603,0.0023448450956493616,0.0008966981549747288,5.1587599045888055e-06,0.3296225240617183,0.004896017722785473,0.0,0.7073312701060789
job_000008,Bulgaria,313,313,15.65,1,0.8097270727157593,1,0.01307381201643435,0.5932333310445149,0.504234215065285,0.0,,1.0,0,,,,,,1763,0.0008848486468195915,0.0014094071229919791,0.00028455484425649047,0.00025622910470701754,42.00164261204384,-0.006666997913271189,0.006666997913271189,0.43274767702567735
job_000008,Bulgaria,314,314,15.7,1,0.8128318190574646,1,0.01309780355061068,0.5932544708251953,0.5040578065095125,0.0,,1.0,0,,,,,,1763,0.0009376371745020151,0.0016905944794416428,0.0004662269202526659,0.0003426416660659015,36.31308412030289,-0.007877247408032417,0.007877247408032417,0.6170764915413532
job_000008,Bulgaria,315,315,15.75,1,0.8266996145248413,1,0.0130446623585562,0.5932868003845215,0.5036551298918548,0.0,,1.0,0,,,,,,1763,0.0015840758569538593,0.002660043304786086,0.0011456797365099192,-0.000397776544559747,-19.146846781783882,0.006197312381118536,0.0,0.7656002242102594
job_000008,Bulgaria,316,316,15.8,1,0.8211445212364197,1,0.012992470661123617,0.593273385365804,0.503553545916522,0.0,,1.0,0,,,,,,1763,0.000463046133518219,0.0008529414189979434,7.46172881918028e-05,-0.0001287025079363957,-59.89631687027331,-0.0025353580713272095,0.0025353580713272095,0.32128230497251214
job_000008,Bulgaria,317,317,15.85,2,0.5164749100804329,2,0.018610985998073735,0.32436678210894265,0.29551600350273977,0.3396936671709585,0.6793873343419169,0.5,0,,,,,,2543,0.0004292427038308233,0.0008861511596478522,0.00013622197730001062,-0.00012063695612596348,-41.5278118544972,-0.0059691485948860645,0.0059691485948860645,0.42391102910731865
job_000008,Bulgaria,318,318,15.9,2,0.5471435636281967,2,0.02402710513824045,0.7853160381317139,0.31168931325276694,0.2710079743374692,0.5420159486749384,0.5,0,,,,,,3256,0.0008426540880464017,0.0021660327911376953,-0.00017003451648633927,-0.00012671273725572973,-143.30586757380303,-0.01483068149536848,0.01483068149536848,0.2516527912767077
job_000008,Bulgaria,319,319,15.95,1,0.8175060749053955,1,0.013068926872611535,0.593293031056722,0.502849691885489,0.0,,1.0,0,,,,,,1804,0.0013665048172697425,0.0020831995643675327,0.0009996957378461957,-0.00041407771641388535,-22.499519778734587,-0.0006761492695659399,0.0006761492695659399,0.7918443455749966
job_000008,Bulgaria,320,320,16.0,2,0.5183685570955276,2,0.018474448600685,0.3245179017384847,0.2956467911049172,0.3394892638452279,0.6789785276904556,0.5,0,,,,,,2517,0.0009593894355930388,0.0030630112159997225,0.000635376840364188,0.0004248647019267082,33.76991193409798,-0.009742706082761288,0.009742706082761288,0.7966929115280245
job_000008,Bulgaria,321,321,16.05,2,0.5120294913649559,2,0.018443640313609403,0.32450063625971476,0.29545339478386773,0.33950599699861095,0.6790119939972219,0.5,0,,,,,,2517,0.00039618831942789257,0.0009305686107836664,6.932263659109594e-06,4.223939322400838e-05,80.67979239774714,-0.0022775190882384777,0.0022775190882384777,0.10804071579117588
job_000008,Bulgaria,322,322,16.1,2,0.5033267885446548,2,0.018401528752141374,0.32453248401482904,0.29556482809561274,0.3395863647209137,0.6791727294418273,0.5,0,,,,,,2517,0.0004137257637921721,0.0010601198300719261,0.00021878909319639206,-2.384366416663397e-05,-6.219556553351799,-0.0008856299100443721,0.0008856299100443721,0.5319574470744436
job_000008,Bulgaria,323,323,16.15,2,0.49687670171260834,2,0.018362396259006424,0.3244787921508153,0.29546889199150933,0.33957430864720395,0.6791486172944078,0.5,0,,,,,,2517,0.0006416617543436587,0.001358597306534648,0.00017557290266267955,4.20188698626589e-05,13.459123851015645,-0.0003702658577822149,0.0003702658577822149,0.2813491134084299
job_000008,Bulgaria,324,324,16.2,1,0.7880843877792358,1,0.012928824687123667,0.5934118906656901,0.5029495239257813,0.0,,1.0,0,,,,,,1763,0.0007269049528986216,0.0014365126844495535,-6.840695277787745e-05,-0.00033439716207794845,-101.56136970676523,0.0034665390849113464,0.0,0.4695557343260601
job_000008,Bulgaria,325,325,16.25,1,0.8045268654823303,1,0.012978767382331698,0.5933996518452962,0.5029311003508391,0.0,,1.0,0,,,,,,1763,0.0002629024675115943,0.0005176514387130737,1.2773969501722604e-05,1.8928798453998752e-05,55.98682531471696,-0.0019208313897252083,0.0019208313897252083,0.0868603442031029
job_000008,Bulgaria,326,326,16.3,2,0.5491938889026642,2,0.023876610297704673,0.7851668039957682,0.3105537061338072,0.27152583100509026,0.5430516620101805,0.5,0,,,,,,3193,0.0011781672947108746,0.002986073261126876,0.0007664503064006567,0.00014890720194671303,10.994550919848669,0.013720637187361717,0.0,0.6627083404611812
job_000008,Bulgaria,327,327,16.35,2,0.5202765837311745,2,0.024361912839845495,0.7850764910380046,0.3126268598768446,0.2700390767303853,0.5400781534607706,0.5,0,,,,,,3237,0.0012154805008322,0.0030919976998120546,-0.0004081382357981056,-0.00025688533787615597,-147.81337381300233,-0.020097272470593452,0.020097272470593452,0.3967582375855021
job_000008,Bulgaria,328,328,16.4,1,0.8106544613838196,1,0.013000478496844018,0.5933861096700033,0.5027890240704572,0.0,,1.0,0,,,,,,1763,0.0004423476639203727,0.0012195284944027662,-0.00020070894970558584,-5.250793765299022e-05,-165.3392871269379,-0.00034715395304374397,0.00034715395304374397,0.4690058674886882
job_000008,Bulgaria,329,329,16.45,1,0.8049694895744324,1,0.01299979352515678,0.5934109687805176,0.5028448458071109,0.0,,1.0,0,,,,,,1763,0.0002545329334679991,0.0006272532627917826,5.99710620008409e-05,0.00012870146019849926,65.0158774789015,0.0024331382010132074,0.0,0.5578374675356986
job_000008,Bulgaria,330,330,16.5,1,0.8035293221473694,1,0.012955471063595061,0.5934255282084148,0.5028822580973308,0.0,,1.0,0,,,,,,1763,0.0006768383900634944,0.0015195771120488644,-0.0004339582228567451,-0.0003560873738024384,-140.6291765811024,0.021263599395751953,0.0,0.8293762452592072
job_000008,Bulgaria,331,331,16.55,1,0.8021665811538696,1,0.012982092622378668,0.5933856328328451,0.502970857973452,0.0,,1.0,0,,,,,,1763,0.001005287398584187,0.0023380268830806017,-0.00042679448961280286,0.00020914938068017364,153.8929721917888,-0.00789649412035942,0.00789649412035942,0.47278641909967845
job_000008,Bulgaria,332,332,16.6,2,0.5384391993284225,2,0.024074105751689202,0.7853056589762369,0.31200791818124274,0.2705700080249617,0.5411400160499233,0.5,0,,,,,,3215,0.001959455432370305,0.005645201075822115,-4.831704427488148e-05,0.0013061275240033865,92.11855344138603,-0.02295827865600586,0.02295827865600586,0.6670327292279516
job_000008,Bulgaria,333,333,16.65,1,0.8081543445587158,1,0.013015659017330984,0.5933878580729167,0.502911701908818,0.0,,1.0,0,,,,,,1763,0.000711410422809422,0.001317230868153274,-0.00031720948754809797,0.00017604658205527812,150.97037206806735,-0.0016192852053791285,0.0016192852053791285,0.5099542859725207
job_000008,Bulgaria,334,334,16.7,1,0.8141168355941772,1,0.01309379583145966,0.5933751106262207,0.5028149922688802,0.0,,1.0,0,,,,,,1763,0.002132394351065159,0.006384626030921936,-0.0010367858922109008,-0.0009257275378331542,-138.2389054807942,0.03744997829198837,0.0,0.6518150743375982
job_000008,Bulgaria,335,335,16.75,1,0.8137128353118896,1,0.013040224986300333,0.5934610366821289,0.503070576985677,0.0,,1.0,0,,,,,,1763,0.0018906474579125643,0.0033351117745041847,-0.0013949015410616994,0.00041883732774294913,163.28693195081252,0.014681906439363956,0.0,0.7703315698243011
job_000008,Bulgaria,336,336,16.8,1,0.8174275159835815,1,0.012934978381747862,0.5934890747070313,0.5032500655562789,0.0,,1.0,0,,,,,,1763,0.0011366565013304353,0.0023896736092865467,-0.0002663432969711721,-4.2963874875567853e-05,-170.83654621862055,0.008609967306256294,0.0,0.23735077159059456
job_000008,Bulgaria,337,337,16.85,1,0.8124362230300903,1,0.013050969344977703,0.5934757232666016,0.5031113518608941,0.0,,1.0,0,,,,,,1763,0.0013258272083476186,0.0023258060682564974,-0.0009894343093037605,4.853572681895457e-05,177.1916630133,0.008343597874045372,0.0,0.7471743104686903
job_000008,Bulgaria,338,338,16.9,1,0.8102425336837769,1,0.013020659442509547,0.5934761683146159,0.5032288445366754,0.0,,1.0,0,,,,,,1763,0.0011088056489825249,0.002207865472882986,-0.0008616474224254489,-1.713297206151765e-05,-178.86088251090766,0.005509341135621071,0.0,0.7772486928975703
job_000008,Bulgaria,339,339,16.95,1,0.8226058483123779,1,0.013082541314954007,0.5934722900390625,0.5033280831796152,0.0,,1.0,0,,,,,,1763,0.001810895511880517,0.003372346516698599,-0.0013322256272658706,2.465218312863726e-05,178.93989063425593,0.00011583005107240751,0.0,0.7357982209869058
job_000008,Bulgaria,340,340,17.0,1,0.8306335210800171,1,0.013079599035403656,0.5933924992879231,0.5034563982928241,0.0,,1.0,0,,,,,,1763,0.0012199318734928966,0.002295887330546975,-0.0009406917379237711,-0.00034829063224606216,-159.68295410108962,0.0035724679473787546,0.0,0.8222580912120871
job_000008,Bulgaria,341,341,17.05,2,0.5328989773988724,2,0.018368099310072772,0.32478543470303217,0.29615269237094455,0.3395330978718355,0.679066195743671,0.5,0,,,,,,2517,0.0009284076513722539,0.001809325534850359,-0.0004991693422198296,-1.946956035681069e-05,-177.7663723014169,0.00015742787218187004,0.0,0.5380706328263387
job_000008,Bulgaria,342,342,17.1,3,0.4104702075322469,3,0.025693191412270763,0.5424611757198969,0.226492123544952,0.4268294503952359,0.6058526042271551,0.3333333333333333,0,,,,,,3522,0.008689353242516518,0.017975633963942528,-0.00556272454559803,0.002035799203440547,159.89880919342826,0.0550544336438179,0.0,0.6817014586937331
job_000008,Bulgaria,343,343,17.15,1,0.8172552585601807,1,0.013054340761417184,0.5925611178080241,0.5041627389413339,0.0,,1.0,0,,,,,,1763,0.001135901315137744,0.0020029209554195404,-0.000944487692322582,8.876323408912867e-05,174.6310951377126,0.0060081384144723415,0.0,0.8351513532212305
job_000008,Bulgaria,344,344,17.2,1,0.8054230809211731,1,0.01310139101011575,0.5925569216410319,0.5039749710648148,0.0,,1.0,0,,,,,,1763,0.0008486301521770656,0.0015173606807366014,-0.000544155016541481,5.353545202524401e-05,174.3811671914545,0.0106801213696599,0.0,0.6443114884413138
job_000008,Bulgaria,345,345,17.25,2,0.5143873244524002,2,0.01848104368207613,0.32405788799126944,0.2958817022818106,0.3396127029840376,0.6792254059680753,0.5,0,,,,,,2491,0.0006138630560599267,0.0012548173544928432,-0.00043933605775237083,9.061332821147516e-05,168.34612610186397,0.0006242167437449098,0.0,0.7307546234753541
job_000008,Bulgaria,346,346,17.3,2,0.5171901360154152,2,0.018428013051885996,0.32408001124858854,0.2959437476264106,0.33953821756781205,0.6790764351356242,0.5,0,,,,,,2491,0.0007325911428779364,0.001462662359699607,-0.0004500035720411688,0.00024993190891109407,150.95221427913995,0.01191154308617115,0.0,0.702645084189591
job_000008,Bulgaria,347,347,17.35,2,0.5275469124317169,2,0.018554981769495812,0.32385995785395305,0.29601695802476674,0.3395940445562844,0.6791880891125689,0.5,0,,,,,,2519,0.0014376613544300199,0.003265568520873785,-0.0008890435565263033,-0.00025339837884530425,-164.09119844202465,0.007422751747071743,0.0,0.6430239946599628
job_000008,Bulgaria,348,348,17.4,3,0.44793946544329327,3,0.025294367519851126,0.5425922956731585,0.22548211768821436,0.4268531811623329,0.6068989372291863,0.3333333333333333,0,,,,,,3431,0.0011051737237721682,0.0022185223642736673,-0.0005210671806707978,0.0002471075567882508,154.62812109330795,-0.007244089152663946,0.007244089152663946,0.521810774309687
job_000008,Bulgaria,349,349,17.45,3,0.4199261466662089,3,0.025760877290172905,0.5426029178831313,0.2275999351784035,0.4262395724410665,0.6041755664145173,0.3333333333333333,0,,,,,,3491,0.0008369122515432537,0.0017401790246367455,3.948530138586648e-05,-2.5694622308947146e-05,-33.05361982362519,0.004296057857573032,0.0,0.0562896229331048
job_000008,Bulgaria,350,350,17.5,2,0.535830557346344,2,0.018371361402519985,0.32408837378025057,0.29591899447970915,0.33945771552352,0.6789154310470401,0.5,0,,,,,,2491,0.0005380352959036827,0.0012408606708049774,-0.00033663754584267735,7.667946920264512e-05,167.1680725668757,-0.00426744157448411,0.00426744157448411,0.6417054102146773
job_000008,Bulgaria,351,351,17.55,2,0.5127471014857292,2,0.018471979629446113,0.32392375816901525,0.2959008958604601,0.33947663709760284,0.6789532741952057,0.5,0,,,,,,2517,0.0010757730342447758,0.002073595067486167,-0.0007857144228182733,-0.00011598295532166958,-171.6029443048359,0.005026156082749367,0.0,0.7382864760923702
job_000008,Bulgaria,352,352,17.6,2,0.5257841348648071,2,0.018358695085029648,0.32404856582482655,0.29607635074191624,0.33936126919251575,0.6787225383850315,0.5,0,,,,,,2491,0.0007990341982804239,0.0017728707753121853,0.00012833770597353578,-0.0002948609762825072,-66.47900333450771,0.01357840932905674,0.0,0.40246061043817016
job_000008,Bulgaria,353,353,17.65,3,0.4153318752845128,3,0.025536441524001908,0.5425826364093357,0.22637548328917703,0.4266901744257004,0.606028954780113,0.3333333333333333,0,,,,,,3429,0.0009131979895755649,0.002515563275665045,-0.0002714355941861868,0.00023287307703867555,139.37267559940003,-0.023442374542355537,0.023442374542355537,0.3916358748481863
job_000008,Bulgaria,354,354,17.7,3,0.4227284640073776,3,0.02571966023813651,0.5425700942675272,0.22719097137451172,0.4263478123698234,0.6046796478937219,0.3333333333333333,0,,,,,,3448,0.0004386836080811918,0.0009151485865004361,-2.9243663448141888e-05,-4.75857341371011e-05,-121.57267384605193,-0.013939309865236282,0.013939309865236282,0.1273202924720577
job_000008,Bulgaria,355,355,17.75,3,0.4101395507653554,3,0.02589443399903095,0.5424625482824114,0.22769232384952498,0.42619675892619957,0.6041315457050493,0.3333333333333333,0,,,,,,3517,0.00043474783888086677,0.001072967890650034,2.406365865681437e-06,-1.3695904272026382e-05,-80.0348621807827,-0.010988823138177395,0.010988823138177395,0.031985659477648344
job_000008,Bulgaria,356,356,17.8,2,0.5034034550189972,2,0.018449970533001087,0.3239597618579865,0.2959238970721209,0.33948396278689236,0.6789679255737848,0.5,0,,,,,,2517,0.0003014126850757748,0.0005910145118832588,3.1814866815693676e-05,-3.609339182730764e-05,-48.60512598420384,0.0034017059952020645,0.0,0.1596269972829407
job_000008,Bulgaria,357,357,17.85,2,0.5026166066527367,2,0.01845971402377666,0.32401795287926993,0.2960143884023031,0.3394003706578938,0.6788007413157875,0.5,0,,,,,,2517,0.00040317539242096245,0.0009419274283573031,-0.00013404377386905253,-0.000204461146495305,-123.24866184510766,0.0017260293243452907,0.0,0.6063944490587694
job_000008,Bulgaria,358,358,17.9,3,0.410094012816747,3,0.02560598749049104,0.5426610741350385,0.22721721154672125,0.4264400523399446,0.6050142879100503,0.3333333333333333,0,,,,,,3448,0.0007000547484494746,0.00152101693674922,3.635559914982878e-05,0.00015703360259067267,76.96483313318599,-0.011082065291702747,0.011082065291702747,0.2302492806573157
job_000008,Bulgaria,359,359,17.95,2,0.4970155879855156,2,0.02019078121184627,0.7858431021372477,0.2961574978298611,0.2846534740142329,0.5693069480284658,0.5,0,,,,,,2723,0.0007078577764332294,0.0016430577961727977,2.9452432499965653e-05,0.00011923281999770552,76.12477442044441,-0.014459489844739437,0.014459489844739437,0.17350459271997842
job_000008,Bulgaria,360,360,18.0,2,0.49930958449840546,2,0.020026582717031557,0.7859522660573324,0.29546201140792283,0.2851232808034223,0.5702465616068446,0.5,0,,,,,,2675,0.000680900237057358,0.0014072757912799716,-2.242266600660514e-05,0.00021779860253445804,95.87797091635856,-0.01856858842074871,0.01856858842074871,0.3215592688804308
job_000008,Bulgaria,361,361,18.05,1,0.7817132472991943,1,0.01304729382748957,0.5920850753784179,0.5045431631582754,0.0,,1.0,0,,,,,,1763,0.0003910952073056251,0.000750544888433069,0.00021267854026518762,3.6425175494514406e-05,9.718679439397109,-0.002271947916597128,0.002271947916597128,0.55172049566503
job_000008,Bulgaria,362,362,18.1,2,0.5130425170063972,2,0.02002502356756142,0.7859200318654378,0.2954891840616862,0.28513975262721514,0.5702795052544303,0.5,0,,,,,,2675,0.0008786946418695152,0.0020300678443163633,0.00012005405005766079,-0.00010344973998144269,-40.751246830494814,-0.01413668878376484,0.01413668878376484,0.18035454378114937
job_000008,Bulgaria,363,363,18.15,1,0.7915307283401489,1,0.013035199610154606,0.5920276323954264,0.5046992690474899,0.0,,1.0,0,,,,,,1763,0.00164909684099257,0.003291815286502242,0.0011785714887082577,0.0005794367752969265,26.180729317106056,-0.009458791464567184,0.009458791464567184,0.7963801165316964
job_000008,Bulgaria,364,364,18.2,2,0.512227401137352,2,0.019971799382867715,0.7858777205149332,0.295187286094383,0.2853717058936581,0.5707434117873162,0.5,0,,,,,,2703,0.0007222706917673349,0.001587582635693252,0.00013762390881311148,0.00013901511556468904,45.288135788201025,-0.011711218394339085,0.011711218394339085,0.27083447503334973
job_000008,Bulgaria,365,365,18.25,2,0.5228443220257759,2,0.019946419112563972,0.7858919302622477,0.2956310272216797,0.2852354699886181,0.5704709399772362,0.5,0,,,,,,2675,0.000984066748060286,0.0019646266009658575,0.0005948932957835495,0.0002049176546279341,19.006842058643826,-0.007738637272268534,0.007738637272268534,0.6393848080145395
job_000008,Bulgaria,366,366,18.3,1,0.8138418197631836,1,0.013012764696915704,0.5920201301574707,0.5046731454354746,0.0,,1.0,0,,,,,,1763,0.0008130460046231747,0.0014573022490367293,0.0006352210766635835,-0.00014814759197179228,-13.12797789883669,-0.0041181351989507675,0.0041181351989507675,0.8022522490104608
job_000008,Bulgaria,367,367,18.35,2,0.5263464376330376,2,0.020145080087936043,0.7859130064646402,0.2958918324223271,0.2848990515779142,0.5697981031558284,0.5,0,,,,,,2723,0.0011854530312120914,0.0025000565219670534,0.0007320183212868869,0.0001817180309444666,13.941428382705196,-0.02682497352361679,0.02682497352361679,0.63624301718644
job_000008,Bulgaria,368,368,18.4,1,0.8164271712303162,1,0.013115963051435149,0.5923057238260905,0.5045496764006439,0.0,,1.0,0,,,,,,1763,0.0008994888048619032,0.0015865667955949903,0.0004086072731297463,-0.00024846443557180464,-31.302796772403976,-0.003033196087926626,0.003033196087926626,0.5316576631848735
job_000008,Bulgaria,369,369,18.45,1,0.8104807734489441,1,0.01304839822408358,0.5923108418782552,0.5044096487539785,0.0,,1.0,0,,,,,,1763,0.0008022234542295337,0.0014569468330591917,0.0006179773481562734,-2.9847626137780026e-05,-2.765174276253251,-0.008795379661023617,0.008795379661023617,0.7712286754632721
job_000008,Bulgaria,370,370,18.5,2,0.5220659077167511,2,0.02008471907157793,0.7860709349314372,0.29529421064588757,0.28501213198715125,0.5700242639743025,0.5,0,,,,,,2675,0.0009721306851133704,0.0019058316247537732,0.0005109553458169103,0.0001847737585194409,19.88121073312405,0.005639378912746906,0.0,0.5589150630220104
job_000008,Bulgaria,371,371,18.55,2,0.5356289520859718,2,0.02168632076481892,0.5420117775599163,0.462953249613444,0.06529185446580377,0.13058370893160753,0.5,0,,,,,,2996,0.00292420107871294,0.0055573671124875546,-0.0004988576401956379,0.00023221794981509447,155.03804867813855,-0.01497402973473072,0.01497402973473072,0.18817386928832186
job_000008,Bulgaria,372,372,18.6,2,0.5132166668772697,2,0.021679677111592525,0.5420177062352498,0.4630020212244105,0.06528728765228191,0.13057457530456382,0.5,0,,,,,,2961,0.001345793716609478,0.002398032695055008,-0.00014479980745818466,-0.0003648974234238267,-111.64433239510373,0.011692177504301071,0.0,0.29170705813212394
job_000008,Bulgaria,373,373,18.65,2,0.5346106737852097,2,0.02180834467524776,0.5420934438705444,0.46284320972583914,0.06525204680448117,0.13050409360896234,0.5,0,,,,,,2996,0.0010642402339726686,0.002236951608210802,-0.0002806046686600894,0.00019842934852931648,144.733992578989,0.001002179691568017,0.0,0.3229308378954408
job_000008,Bulgaria,374,374,18.7,2,0.5675162076950073,2,0.021856107557353954,0.542126727104187,0.4629910292448821,0.06534788096115539,0.13069576192231078,0.5,0,,,,,,2988,0.0012243060627952218,0.0026610586792230606,-0.0006248158751986921,-0.0002708429528865963,-156.56440504638107,-0.00286119501106441,0.00286119501106441,0.5562273349823191
job_000008,Bulgaria,375,375,18.75,3,0.4687550216913223,3,0.028822067581962603,0.6879833910200331,0.3368370432912567,0.2776787356816867,0.2774658305438914,0.3333333333333333,0,,,,,,3924,0.0020775855518877506,0.004086884669959545,-0.00010869232210097834,-0.00023389964189846069,-114.92412365493304,-0.011177733540534973,0.011177733540534973,0.12414441994855328
job_000008,Bulgaria,376,376,18.8,2,0.5631887316703796,2,0.021825879234513398,0.5420903285344442,0.46278514155635125,0.06562321933582917,0.13124643867165833,0.5,0,,,,,,2953,0.0011421862291172147,0.0020984578877687454,-0.00019241230620536953,-3.947196819353849e-05,-168.40703100723297,-0.0011409558355808258,0.0011409558355808258,0.17196781983244078
job_000008,Bulgaria,377,377,18.85,2,0.573675349354744,2,0.021937081749776644,0.5419778029123942,0.46255432411476416,0.06576005222587752,0.13152010445175505,0.5,0,,,,,,2996,0.0009995438158512115,0.0019079390913248062,-9.156841406365857e-05,-5.339639028534293e-05,-149.752208782383,-0.0017938722157850862,0.0017938722157850862,0.10604813667509323
job_000008,Bulgaria,378,378,18.9,2,0.5666190981864929,2,0.021840325861396396,0.541856336593628,0.46281614656801573,0.06575248803933106,0.1315049760786621,0.5,0,,,,,,2953,0.0009004692547023296,0.0019272079225629568,-0.00038089745794422925,-0.00023101852275431156,-148.76272497171936,-0.005044774617999792,0.005044774617999792,0.4947198349201855
job_000008,Bulgaria,379,379,18.95,2,0.5677615255117416,2,0.02206826764365506,0.5418328285217284,0.46321241590711804,0.06554713664393924,0.13109427328787848,0.5,0,,,,,,3064,0.0020804437808692455,0.004414483904838562,-0.0007604104466736317,-0.0001519649667898193,-168.69855336091706,0.006074133329093456,0.0,0.3727313312670837
job_000008,Bulgaria,380,380,19.0,2,0.5557223558425903,2,0.021981104104741935,0.5417008002599081,0.4633769989013672,0.06568785026454611,0.13137570052909223,0.5,0,,,,,,3023,0.0007189379539340734,0.0013271209318190813,-0.00012270075967535377,-0.00041862388025037944,-106.33612567756182,0.006692817434668541,0.0,0.606777703606084
job_000008,Bulgaria,381,381,19.05,2,0.5595243126153946,2,0.02202398432865861,0.5418169895807902,0.46350249537715205,0.06567809977290616,0.13135619954581232,0.5,0,,,,,,3023,0.0010501372162252665,0.0020587043836712837,-0.00030658949981443584,-0.00021132414985913783,-145.42251683900074,-0.0027539979200810194,0.0027539979200810194,0.3545861313984208
job_000008,Bulgaria,382,382,19.1,2,0.5542536377906799,2,0.022044824717757164,0.5417862017949422,0.4634416792127821,0.06569083801752366,0.1313816760350473,0.5,0,,,,,,3023,0.0008130206842906773,0.0015576796140521765,-0.00016481200873386115,-0.00021267008560243994,-127.77445429465686,0.0022138890344649553,0.0,0.3309347581706709
job_000008,Bulgaria,383,383,19.15,2,0.5678442269563675,2,0.0221287278874059,0.5417324622472127,0.46316551632351344,0.06577525147443344,0.1315505029488669,0.5,0,,,,,,3064,0.0011683565098792315,0.0024535981938242912,-0.0004846842784900218,0.00012415471428539604,165.63228333083498,-0.004467513412237167,0.004467513412237167,0.42823669632270395
job_000008,Bulgaria,384,384,19.2,2,0.5576591044664383,2,0.022072619071103097,0.5417405207951864,0.4633101993136936,0.06542967621794936,0.13085935243589872,0.5,0,,,,,,3064,0.0007490011630579829,0.001329796970821917,-0.00016350472287740558,-0.0003477381251286715,-115.18267436185432,0.000340367725584656,0.0,0.5130296512009699
job_000008,Bulgaria,385,385,19.25,2,0.5674010962247849,2,0.02209070972217079,0.5416815837224325,0.46319913510923033,0.06554811305851904,0.13109622611703808,0.5,0,,,,,,2988,0.0003918481233995408,0.0007534826872870326,-7.125543197616935e-05,-4.633165644918336e-06,-176.2797548707067,9.778736421139911e-05,0.0,0.1822285153937452
job_000008,Bulgaria,386,386,19.3,2,0.5564399510622025,2,0.022029544652313358,0.5417121330897013,0.46337411668565537,0.06559821732943123,0.13119643465886244,0.5,0,,,,,,2988,0.00043415246182121336,0.0008793705492280424,-0.00010800657037179917,8.026950672501698e-05,143.3806022032613,-0.004707323387265205,0.004707323387265205,0.30995619807891595
job_000008,Bulgaria,387,387,19.35,2,0.5594262480735779,2,0.022014229620456908,0.5416182359059651,0.46324796323423034,0.06559725458755396,0.13119450917510792,0.5,0,,,,,,2988,0.0006540223257616162,0.0015608432004228234,-0.00024837974342517555,-1.684544622548856e-05,-176.1200652517355,-0.001990031450986862,0.001990031450986862,0.3806450002973146
job_000008,Bulgaria,388,388,19.4,2,0.5641889423131943,2,0.022147731042950685,0.5417167822519938,0.4635014004177517,0.06535778247190263,0.1307155649438053,0.5,0,,,,,,3023,0.0007361526368185878,0.0016322470037266612,2.9069680749671534e-05,-0.00025877539883367717,-83.59051709658475,-0.004654244054108858,0.004654244054108858,0.3537351446482772
job_000008,Bulgaria,389,389,19.45,2,0.5614655315876007,2,0.02199470220278822,0.5416330178578694,0.46347725479691115,0.06545708255684898,0.13091416511369797,0.5,0,,,,,,2988,0.0003924336633644998,0.0005950314225628972,-6.33708550594747e-05,0.0002660397731233388,103.39821492549697,0.0037150741554796696,0.0,0.696890105016458
job_000008,Bulgaria,390,390,19.5,2,0.5746864974498749,2,0.022029760701971324,0.541618529955546,0.4634838810673466,0.06544822476851848,0.13089644953703697,0.5,0,,,,,,2988,0.00024516478879377246,0.0005331809516064823,-5.732791578338947e-06,-1.5159243957896251e-05,-110.7151813000942,0.0012690471485257149,0.0,0.06610664822029663
job_000008,Bulgaria,391,391,19.55,2,0.570908322930336,2,0.022106134603215012,0.5416605154673259,0.46325598116274236,0.06548569594390308,0.13097139188780615,0.5,0,,,,,,2988,0.0006308206357061863,0.001342884381301701,6.125866093498189e-06,-5.7909772294806316e-05,-83.96154056596968,-0.0008719903999008238,0.0008719903999008238,0.09231289164417181
job_000008,Bulgaria,392,392,19.6,2,0.5619387030601501,2,0.022069252102411594,0.5415647665659586,0.46316112235740375,0.06566471833484325,0.1313294366696865,0.5,0,,,,,,2988,0.0004981175297871232,0.000995750306174159,-3.3899043046403676e-05,-6.297794607235119e-05,-118.29217974272999,0.0036861032713204622,0.0,0.14358417096919623
job_000008,Bulgaria,393,393,19.65,2,0.5696461945772171,2,0.022063002348604418,0.541532564163208,0.4632102683738426,0.06560401307275779,0.13120802614551558,0.5,0,,,,,,2988,0.0007254221709445119,0.0013887806562706828,4.218798130750656e-05,-0.00016276526730507612,-75.46898238704784,0.0008436296484433115,0.0,0.2317875959426276
job_000008,Bulgaria,394,394,19.7,3,0.4421028395493825,3,0.029118867983179596,0.6877258353763156,0.33850977626847634,0.2769792120135197,0.27654991039862103,0.3333333333333333,0,,,,,,3919,0.0007013855502009392,0.0017788948025554419,6.431061046896502e-05,0.00018302783428225666,70.64002121864746,0.003156661754474044,0.0,0.2765918584524856
job_000008,Bulgaria,395,395,19.75,2,0.5501775145530701,2,0.02219528488143826,0.5418880939483642,0.46360958947075737,0.06524952603772038,0.13049905207544077,0.5,0,,,,,,3023,0.001713350648060441,0.003344394499436021,0.00022060816991142929,0.0005274107097648084,67.30115656778948,-0.007840864360332489,0.007840864360332489,0.33366812278838687
job_000008,Bulgaria,396,396,19.8,2,0.5366327315568924,2,0.02214061175087858,0.5419407844543457,0.46383686065673824,0.06504252743201837,0.13008505486403674,0.5,0,,,,,,2987,0.0011837991187348962,0.0020897858776152134,8.399673242820427e-05,0.0003811331407632679,77.57144155663732,0.002010180614888668,0.0,0.3296837115867117
job_000008,Bulgaria,397,397,19.85,2,0.5211600437760353,2,0.022070346399297346,0.5420412619908651,0.4638682895236545,0.06498957193795914,0.12997914387591825,0.5,0,,,,,,2953,0.0008586968760937452,0.0016243051504716277,4.972062924935017e-06,0.00029338966123759747,89.02910364230732,-0.0013982596574351192,0.0013982596574351192,0.3417175455723677
job_000008,Bulgaria,398,398,19.9,2,0.5280273705720901,2,0.022154911626392635,0.5420702536900839,0.463667721218533,0.06499670601126634,0.12999341202253267,0.5,0,,,,,,2988,0.001181215513497591,0.002283151261508465,0.00013996398774906993,-3.7841582525288686e-05,-15.129148859193105,0.003226258559152484,0.0,0.12274586597343841
job_000008,Bulgaria,399,399,19.95,3,0.44429202377796173,3,0.02944978445850278,0.6879080666436089,0.33880772531768427,0.27639380192355484,0.2757963826973675,0.3333333333333333,0,,,,,,3981,0.0018646438838914037,0.0035182898864150047,0.00016878597671166062,-4.5239910832606256e-05,-15.004384780041127,-0.01644229330122471,0.01644229330122471,0.09371424032478749
job_000009,Rwanda,0,0,0.0,12,0.5352983723084132,12,0.1204619192731942,0.6695168044832017,0.34533048676855765,0.27373399342912735,0.10216737796567833,0.25,0,,,,,,0,,,,,,,,
job_000009,Rwanda,1,1,0.03333333333333333,13,0.5136429380912048,13,0.13000107028811198,0.6731881178342379,0.36464238506436686,0.2718262541613706,0.08512833601072556,0.23076923076923078,0,,,,,,14991,0.0056076073087751865,0.015967488288879395,-0.0007515031029470265,-0.0027083116583526134,-105.50828593483742,0.019085433334112167,0.0,0.5012194924224624
job_000009,Rwanda,2,2,0.06666666666666667,12,0.541056402027607,12,0.12063776528225939,0.669309311442905,0.34498016687087074,0.2736879360920536,0.10203029238483459,0.25,0,,,,,,15018,0.009239386767148972,0.03420882672071457,-0.0020033817272633314,-0.003884215373545885,-117.28355859590822,0.04784593731164932,0.0,0.473021764650699
job_000009,Rwanda,3,3,0.1,11,0.5858826989477331,11,0.11215831921406565,0.6513273094639633,0.3543484341014515,0.2772427555783763,0.11883785594452077,0.2727272727272727,0,,,,,,15069,0.0031187236309051514,0.010665081441402435,-0.0003686780692078173,-0.0011296207085251808,-108.0753015174837,0.007084101438522339,0.0,0.38100905738403196
job_000009,Rwanda,4,4,0.13333333333333333,11,0.5962962034073743,11,0.11166828154521041,0.6514082388444381,0.35451379512696957,0.2773059504518711,0.1190664997443196,0.2727272727272727,0,,,,,,15016,0.006411492824554443,0.017743907868862152,3.54076037183404e-05,-0.001585231744684279,-88.72045901537153,0.013084884732961655,0.0,0.2473101303245371
job_000009,Rwanda,5,5,0.16666666666666666,11,0.6010447307066484,11,0.1119136738605511,0.651529801975597,0.3545366492737022,0.27709013488843437,0.11899294680687977,0.2727272727272727,0,,,,,,14968,0.0032224368769675493,0.007961833849549294,0.000225329989916645,-0.0005026560975238681,-65.85432568573579,0.0036741916555911303,0.0,0.17094235195051194
job_000009,Rwanda,6,6,0.2,11,0.5963956700129942,11,0.11202139856039318,0.6514760971069337,0.35469762179185244,0.2772262971459183,0.11950632008666941,0.2727272727272727,0,,,,,,15025,0.007243639323860407,0.025226030498743057,0.001800590893253684,0.001173175172880292,33.08625853842444,-0.035499513149261475,0.035499513149261475,0.2966826370698212
job_000009,Rwanda,7,7,0.23333333333333334,11,0.5929212651469491,11,0.11217885476687868,0.651497797532515,0.35473656574082296,0.2772090711176013,0.11964884915820258,0.2727272727272727,0,,,,,,14969,0.003933703061193228,0.01383745763450861,0.000619580561760813,0.00018521709716878831,16.643482337922443,-0.02174626849591732,0.02174626849591732,0.16439283425942078
job_000009,Rwanda,8,8,0.26666666666666666,11,0.5953876918012445,11,0.11278849423043864,0.6515685009233878,0.35469553526804504,0.2771441727477041,0.11985470281741147,0.2727272727272727,0,,,,,,15105,0.0070829917676746845,0.02763010747730732,0.0004795152635779232,-0.0008537525427527726,-60.67899299328603,-0.013649732805788517,0.013649732805788517,0.13824635296343124
job_000009,Rwanda,9,9,0.3,11,0.5909003872763027,11,0.11319286964889069,0.6515414411371404,0.3546875552296237,0.27737572218894807,0.11982078895576626,0.2727272727272727,0,,,,,,15125,0.003302701050415635,0.011015301570296288,-6.921361637068912e-05,-0.001267447485588491,-93.12574145386183,-0.010658812709152699,0.010658812709152699,0.3843326692357551
job_000009,Rwanda,10,10,0.3333333333333333,11,0.590345869010145,11,0.11289047008022492,0.6515854532068426,0.3541298737830987,0.27731515995160744,0.11985347059350869,0.2727272727272727,0,,,,,,15064,0.005023121368139982,0.01737363263964653,0.001149603514932096,0.00032762112095952034,15.906819894722924,0.008574779145419598,0.0,0.23797474460568135
job_000009,Rwanda,11,11,0.36666666666666664,11,0.5911931070414457,11,0.11427352070343827,0.6516695268226393,0.3540337684579971,0.27726036574789076,0.1200039036497282,0.2727272727272727,0,,,,,,15271,0.003840462537482381,0.008837254717946053,0.0009535109275020659,-0.00108401442412287,-48.664788608858686,0.030329536646604538,0.0,0.375918321855906
job_000009,Rwanda,12,12,0.4,11,0.597438939593055,11,0.11613751713970599,0.6520226088437168,0.3530388154566087,0.27722923788103887,0.11960709927017034,0.2727272727272727,0,,,,,,15500,0.00938466563820839,0.02782275527715683,0.0031264075078070164,-0.000171420062542893,-3.138369368363651,0.01838214322924614,0.0,0.3336403830704997
job_000009,Rwanda,13,13,0.43333333333333335,11,0.5863404897126284,11,0.118828784018242,0.6522930318659003,0.35137140421754987,0.2777688032717122,0.11868597215864166,0.2727272727272727,0,,,,,,15861,0.006246083881705999,0.011605262756347656,0.0019359348807483912,-0.0021663319785147905,-48.214546525794475,-0.011733030900359154,0.011733030900359154,0.46514137566730546
job_000009,Rwanda,14,14,0.4666666666666667,12,0.4750517023106416,12,0.12965356011799653,0.6651414553324383,0.3462742169698079,0.26971568089751125,0.10421463159048348,0.25,0,,,,,,16024,0.013610316440463066,0.027199482545256615,0.006704025436192751,0.00831926241517067,51.13661381874669,-0.11890242248773575,0.11890242248773575,0.7850141850214176
job_000009,Rwanda,15,15,0.5,11,0.5132332146167755,11,0.11902971893818355,0.6524039687532367,0.3541715095340202,0.27632598895420135,0.12092804526947712,0.2727272727272727,0,,,,,,15743,0.007077736314386129,0.013771139085292816,0.003175878431648016,0.0020168686751276255,32.41793696532328,-0.07716068625450134,0.07716068625450134,0.5315506460219569
job_000009,Rwanda,16,16,0.5333333333333333,10,0.5971050530672073,10,0.0859723753526087,0.6802151409784953,0.3061642212337917,0.22822655737198508,0.09158126109427904,0.3,0,,,,,,11296,0.006460308097302914,0.01414291001856327,0.0016962623922154307,0.0031649626325815916,61.810907691494144,-0.016850722953677177,0.016850722953677177,0.555834581818361
job_000009,Rwanda,17,17,0.5666666666666667,10,0.6004515737295151,10,0.08733571942347708,0.6798838710784912,0.30555436876085074,0.22809316896305057,0.09110847673712255,0.3,0,,,,,,11449,0.006346739362925291,0.006058265920728445,0.0035214549861848354,0.003786165500059724,47.074569509315346,-0.03628643602132797,0.03628643602132797,0.8146950367002473
job_000009,Rwanda,18,18,0.6,10,0.543492442369461,10,0.08689755823282336,0.6813157590230305,0.3052799334349455,0.22919970412095475,0.09217325616442634,0.3,0,,,,,,11420,0.009329354390501976,0.018144657835364342,0.0038008964620530605,0.006441391538828611,59.45625814371664,0.025278914719820023,0.0,0.8016839556453712
job_000009,Rwanda,19,19,0.6333333333333333,10,0.5264088287949562,10,0.08909630612107625,0.6863333876927693,0.30251137521531846,0.23312280168996657,0.08455013735105862,0.3,0,,,,,,10600,0.0041065034456551075,0.003932270687073469,0.00248217792250216,-0.00032051553716883063,-7.357703920800389,-0.03895340859889984,0.03895340859889984,0.6094688511861285
job_000009,Rwanda,20,20,0.6666666666666666,10,0.5861408919095993,10,0.08515424114792466,0.6808349482218425,0.3082953181090178,0.22877677394707693,0.09456866394151615,0.3,0,,,,,,11237,0.0107797309756279,0.026706980541348457,0.002569645643234253,0.00679776119068265,69.29273001812061,-0.03159308433532715,0.03159308433532715,0.6741569243307196
job_000009,Rwanda,21,21,0.7,10,0.5869232803583145,10,0.08456461305454546,0.6807495244344075,0.3082011561923557,0.22868250229305245,0.09439422762020261,0.3,0,,,,,,11176,0.005260020960122347,0.007036739960312843,0.001018049311824143,0.0001825824729166925,10.167641461754524,0.023188496008515358,0.0,0.19663275184368761
job_000009,Rwanda,22,22,0.7333333333333333,11,0.554139950058677,11,0.09475338279122814,0.6975594650615345,0.3013005889224685,0.22534667285936963,0.07878314084143202,0.2727272727272727,0,,,,,,11437,0.010353893972933292,0.011071881279349327,0.0032976637594401836,0.005944591946899891,60.98140417075046,0.08580566942691803,0.0,0.6565642605951393
job_000009,Rwanda,23,23,0.7666666666666667,12,0.5093111023306847,12,0.10248848817307904,0.7171764797634549,0.2923628188945629,0.22723029595362987,0.07872158425157237,0.25,0,,,,,,12298,0.006207910366356373,0.014332042075693607,0.0018722736276686192,0.003234947333112359,59.93925249395104,0.07103436440229416,0.0,0.6020843189471518
job_000009,Rwanda,24,24,0.8,14,0.478605044739587,14,0.12471942806851637,0.683258680218742,0.3392634689492523,0.30770810928092657,0.10877040327823005,0.21428571428571427,0,,,,,,13814,0.016346680000424385,0.03692644461989403,0.00632177758961916,0.009026488289237022,54.994197417476876,0.0630134642124176,0.0,0.6741484541426305
job_000009,Rwanda,25,25,0.8333333333333334,13,0.5153609399612133,13,0.11490119109635459,0.724759018726838,0.2936708885040718,0.21971440496232428,0.06749310271042638,0.23076923076923078,0,,,,,,12523,0.00978345051407814,0.024489179253578186,0.001937000546604395,0.008434105664491653,77.06558484183836,0.006283835507929325,0.0,0.8845218826245591
job_000009,Rwanda,26,26,0.8666666666666667,12,0.5132383729020754,12,0.1029352133216593,0.7174200243420071,0.29473839071061875,0.22736625537266347,0.08095677094026014,0.25,0,,,,,,12225,0.0122083630412817,0.011132298968732357,0.0010024495422840118,0.010107350535690784,84.335913870341,-0.03435739129781723,0.03435739129781723,0.8319657964571257
job_000009,Rwanda,27,27,0.9,13,0.505842027755884,13,0.134804180745213,0.6918628093523858,0.3344097800404259,0.27428327254838347,0.10374632960257034,0.23076923076923078,0,,,,,,16470,0.004387554246932268,0.006868526339530945,0.0012141531333327293,0.0003170348354615271,14.63409434923371,-0.033633384853601456,0.033633384853601456,0.28600492223166296
job_000009,Rwanda,28,28,0.9333333333333333,13,0.4991545562560742,13,0.1334906050894265,0.6922397650205172,0.3346831824365164,0.27475156684330765,0.10399531290153902,0.23076923076923078,0,,,,,,16359,0.005829923320561647,0.01012197881937027,0.0026601413264870644,0.0023448411375284195,41.39528638196688,-0.05850963667035103,0.05850963667035103,0.6082537521238491
job_000009,Rwanda,29,29,0.9666666666666667,14,0.48634976148605347,14,0.1487657720457234,0.6529858291149139,0.3751064005352202,0.3331608984509214,0.10531825241359831,0.21428571428571427,0,,,,,,18323,0.010843576863408089,0.031771354377269745,0.00045659899478778243,-0.0073644681833684444,-86.4521876823682,0.021274136379361153,0.0,0.6804589785739356
job_000009,Rwanda,30,30,1.0,14,0.48943719054971424,14,0.14909617641793219,0.6532334055219379,0.3754512965994537,0.3325195814643082,0.10557449622481663,0.21428571428571427,0,,,,,,18448,0.020891621708869934,0.07562435418367386,0.0017618564888834953,-0.012152944691479206,-81.75109263819685,0.021177737042307854,0.0,0.5877950571949347
job_000009,Rwanda,31,31,1.0333333333333334,15,0.4730181396007538,15,0.15637498934152366,0.6642469284269545,0.37096999721762575,0.32424202125365553,0.0926777172265511,0.2,0,,,,,,18591,0.008318845182657242,0.035251617431640625,0.002417696174234152,-0.0034787573385983706,-55.20114568032835,-0.008424447849392891,0.008424447849392891,0.5092522765312504
job_000009,Rwanda,32,32,1.0666666666666667,13,0.4943969180950752,13,0.1341212568534998,0.6926668448325917,0.33573260429577945,0.2752561896053537,0.10541767213038782,0.23076923076923078,0,,,,,,16365,0.007992971688508987,0.007338911294937134,0.005089547485113144,0.003845806000754237,37.07572569786845,-0.06473565101623535,0.06473565101623535,0.7980965026777478
job_000009,Rwanda,33,33,1.1,13,0.49361857542624843,13,0.134967845210308,0.6930493367023955,0.3354502139947353,0.27536551992367797,0.10503975286395552,0.23076923076923078,0,,,,,,16244,0.004977747332304716,0.009221021085977554,0.002883143723011017,0.0010702095460146666,20.36469176280652,-0.026517698541283607,0.026517698541283607,0.6178225200786822
job_000009,Rwanda,34,34,1.1333333333333333,13,0.4725194458778088,13,0.13326555628645098,0.69343989445613,0.336095341793832,0.2757306063389749,0.106573409980906,0.23076923076923078,0,,,,,,16235,0.008275293745100498,0.008424842730164528,0.0059606172144412994,0.0012862865114584565,12.17754953813469,-0.012131148017942905,0.012131148017942905,0.7368713300467984
job_000009,Rwanda,35,35,1.1666666666666667,14,0.4543181870664869,14,0.15205599468054531,0.6545392087527683,0.3758866206678763,0.3332577591118683,0.10681478328071627,0.21428571428571427,0,,,,,,18782,0.006107671186327934,0.021138902753591537,0.003059946233406663,-0.0012643601512536407,-22.450259910195783,-0.024018172174692154,0.024018172174692154,0.5420842944332757
job_000009,Rwanda,36,36,1.2,14,0.471833199262619,14,0.15454401563993425,0.6549655988102867,0.3752837842103665,0.3331732802701831,0.10611755280573675,0.21428571428571427,0,,,,,,18948,0.011875275522470474,0.044611215591430664,0.005280000157654285,-0.0017470167949795723,-18.30805670091176,-0.04839872568845749,0.04839872568845749,0.46832739250236016
job_000009,Rwanda,37,37,1.2333333333333334,14,0.46558542975357603,14,0.15454280415022592,0.6550196057274228,0.37523865977292337,0.33312318845755473,0.10614660469619594,0.21428571428571427,0,,,,,,19030,0.003928940277546644,0.013269432820379734,0.0015923015307635069,-0.0002873229677788913,-10.228672375135623,-0.011815926991403103,0.011815926991403103,0.41182017912612495
job_000009,Rwanda,38,38,1.2666666666666666,14,0.47137036493846346,14,0.15409794560270834,0.6550841779935928,0.37543617606793767,0.3329574730621869,0.10634355126342897,0.21428571428571427,0,,,,,,18906,0.008684110827744007,0.03184887766838074,0.00358568225055933,0.0005044552963227034,8.008156145928028,-0.01839243806898594,0.01839243806898594,0.4169676497433434
job_000009,Rwanda,39,39,1.3,14,0.46887576792921337,14,0.15446359422867384,0.6551387945810953,0.37571552771109124,0.3328459067815818,0.1067578997140858,0.21428571428571427,0,,,,,,18952,0.0035943828988820314,0.008514896035194397,0.0014927982119843364,0.0011864503612741828,38.47707380010538,0.00031007861252874136,0.0,0.5305107939439743
job_000009,Rwanda,40,40,1.3333333333333333,14,0.4737736689192908,14,0.15499126663772866,0.6552311763876961,0.3761113409012082,0.33273732515622867,0.1075093788924474,0.21428571428571427,0,,,,,,19136,0.008978733792901039,0.02003542333841324,0.0032927782740443945,0.0026186814066022635,38.49453558570904,-0.035275377333164215,0.035275377333164215,0.46856525167660074
job_000009,Rwanda,41,41,1.3666666666666667,14,0.4740922695824078,14,0.1559233917787801,0.6553643203917003,0.37611914210849345,0.33270926392041555,0.10779214579327807,0.21428571428571427,0,,,,,,19332,0.005383001174777746,0.009694424457848072,0.0017769697587937117,0.0027779929805547,57.39459700575282,-0.00977362971752882,0.00977362971752882,0.6126148118506883
job_000009,Rwanda,42,42,1.4,12,0.47763950377702713,12,0.14073029224762942,0.6168140484227075,0.39451036423812674,0.3389784585960744,0.110878399406496,0.25,0,,,,,,17572,0.003524371422827244,0.007634557783603668,0.0005729859112761915,-0.00024228711845353246,-22.92107391413316,-0.0019258303800597787,0.0019258303800597787,0.17651545399390609
job_000009,Rwanda,43,43,1.4333333333333333,14,0.45608393954379217,14,0.15573443801646383,0.6560048216865179,0.37684858185904374,0.33243396427196215,0.10848690643578539,0.21428571428571427,0,,,,,,19387,0.003841798985376954,0.007321588695049286,0.001983151538297534,0.0007203005370683968,19.961529440108322,-0.02130935899913311,0.02130935899913311,0.549198602789836
job_000009,Rwanda,44,44,1.4666666666666666,15,0.43288555641969045,15,0.1665644977180942,0.669986546304491,0.37485924661895376,0.32575063680233063,0.09407371417873533,0.2,0,,,,,,19465,0.008676225319504738,0.01987103745341301,0.004526426084339619,0.0018204634543508291,21.909281906947285,-0.05422421544790268,0.05422421544790268,0.5623174517833439
job_000009,Rwanda,45,45,1.5,14,0.4486865316118513,14,0.14677058916916272,0.7073595819019136,0.3388979101937914,0.269448358847503,0.09394023710971951,0.21428571428571427,0,,,,,,16936,0.004737391602247953,0.01034317072480917,0.0019644275307655334,0.0008746209787204862,24.000036312943916,-0.019092820584774017,0.019092820584774017,0.45390679702886194
job_000009,Rwanda,46,46,1.5333333333333334,13,0.5094978293547263,13,0.14125826801441746,0.6905024442917262,0.34993882192845366,0.2689328872843816,0.09509859138170128,0.23076923076923078,0,,,,,,16234,0.00888869073241949,0.019299069419503212,0.003813683521002531,0.004482946824282408,49.61188579521146,-0.04441065713763237,0.04441065713763237,0.6621515167396312
job_000009,Rwanda,47,47,1.5666666666666667,14,0.4786652528813907,14,0.16137551825535165,0.6517976931163243,0.38893260955810544,0.3259527603705252,0.09543036027158072,0.21428571428571427,0,,,,,,18784,0.0064908480271697044,0.02448713406920433,0.0007673444342799485,-0.0017165577737614512,-65.91415741493203,0.010457481257617474,0.0,0.28967906177044317
job_000009,Rwanda,48,48,1.6,13,0.46408732120807356,13,0.136029048991361,0.6958913289583646,0.34762092275157613,0.2754048456815125,0.10693790141715402,0.23076923076923078,0,,,,,,16811,0.009220627136528492,0.023079734295606613,0.0030882060527801514,0.002792620798572898,42.12259044402688,-0.02006525918841362,0.02006525918841362,0.45155517787632504
job_000009,Rwanda,49,49,1.6333333333333333,12,0.48514145612716675,12,0.13024379228785868,0.6766499956448874,0.36006941677611554,0.27390542293561576,0.11235034145453072,0.25,0,,,,,,16077,0.0034950978588312864,0.006779679097235203,0.0015957338036969304,0.0013934702146798372,41.12899895875738,-0.015437204390764236,0.015437204390764236,0.6061403028239399
job_000009,Rwanda,50,50,1.6666666666666667,12,0.4730962576965491,12,0.10653876688695882,0.7226381818453471,0.30823981850235543,0.23072241170348912,0.08331096269979997,0.25,0,,,,,,12648,0.01613525301218033,0.033684659749269485,0.00785110890865326,0.009891271591186523,51.55952366851195,-0.039286058396101,0.039286058396101,0.7826606030688296
job_000009,Rwanda,51,51,1.7,11,0.4855737577785145,11,0.0991061086238093,0.7039136669852518,0.3081510193821557,0.2299211529822608,0.087390035963556,0.2727272727272727,0,,,,,,11796,0.0070809111930429935,0.012398552149534225,0.004979430697858334,0.0038614447694271803,37.79283252908435,-0.02906329743564129,0.02906329743564129,0.8898895549852949
job_000009,Rwanda,52,52,1.7333333333333334,11,0.47065726735375146,11,0.09811364303201342,0.7042984760168828,0.3089455199964119,0.23044881994289182,0.0882623220562161,0.2727272727272727,0,,,,,,11820,0.014980691485106945,0.03781619668006897,0.011432022787630558,0.006341826636344194,29.018985426438054,-0.06982633471488953,0.06982633471488953,0.8726734487836805
job_000009,Rwanda,53,53,1.7666666666666666,11,0.47227825359864667,11,0.09746487871699162,0.7049205563285135,0.3097974774010655,0.2310873094348004,0.08919344431827451,0.2727272727272727,0,,,,,,11738,0.0053390986286103725,0.015867112204432487,0.0038160355761647224,0.0022173654288053513,30.159380077564517,-0.025143276900053024,0.025143276900053024,0.8266345777881186
job_000009,Rwanda,54,54,1.8,10,0.5007812321186066,10,0.08762074484050358,0.6892666053771973,0.3179666194209346,0.23625126817395525,0.11520771215047883,0.3,0,,,,,,11650,0.008679794147610664,0.017891857773065567,0.006226520519703627,0.00411697244271636,33.4726588589674,-0.016137106344103813,0.016137106344103813,0.8599878365520683
job_000009,Rwanda,55,55,1.8333333333333333,12,0.46398647502064705,12,0.14448983602210555,0.6179537143972185,0.40621867415345747,0.336491627001031,0.13691798508002387,0.25,0,,,,,,19220,0.005836888682097197,0.024644635617733,0.00038171018240973353,-0.002291320823132992,-80.5419749999241,-0.033528950065374374,0.033528950065374374,0.39796847909378985
job_000009,Rwanda,56,56,1.8666666666666667,12,0.4787954551478227,12,0.14870726559857433,0.6181717120938831,0.4041819389955497,0.33675166592724415,0.1331882364931451,0.25,0,,,,,,19710,0.013437533751130104,0.05702590569853783,-0.00018545021885074675,-0.003655234118923545,-92.90444101169469,-0.05136903375387192,0.05136903375387192,0.2723666128172451
job_000009,Rwanda,57,57,1.9,13,0.46816569681351,13,0.15886620411547303,0.6394849703862118,0.4009956759265345,0.3319423782721081,0.11237438678975958,0.23076923076923078,0,,,,,,19803,0.0051900465041399,0.017511036247015,0.00047175190411508083,-0.00025922583881765604,-28.788623612700054,-0.01625846140086651,0.01625846140086651,0.10371436081609
job_000009,Rwanda,58,58,1.9333333333333333,13,0.4754470804562935,13,0.1569473633335602,0.6396388127253606,0.40268587835154307,0.3316606088679061,0.11540520830627178,0.23076923076923078,0,,,,,,19800,0.00931563414633274,0.022947829216718674,0.001945478841662407,0.0024447438772767782,51.48791933990451,-0.029806043952703476,0.029806043952703476,0.33538947261628144
job_000009,Rwanda,59,59,1.9666666666666666,12,0.526705959190925,12,0.12957637794060034,0.661016324824757,0.36708395569412794,0.3112975124214519,0.13265282673395548,0.25,0,,,,,,16031,0.006907214410603046,0.015676887705922127,0.0012590741971507668,0.0027944333851337433,65.74533426015783,0.005944356322288513,0.0,0.443736596468754
job_000009,Rwanda,60,60,2.0,14,0.4904652184673718,14,0.16450956379000684,0.6563241640726726,0.38446361577069316,0.3327199325306215,0.1114978415465999,0.21428571428571427,0,,,,,,20440,0.013195743784308434,0.026372142136096954,0.0029853626620024443,0.004942836239933968,58.86896170101226,0.02881535328924656,0.0,0.437597776387189
job_000009,Rwanda,61,61,2.033333333333333,14,0.45396019518375397,14,0.16237297479915322,0.65415717959404,0.37509936226738827,0.3333204664500354,0.11326667520875204,0.21428571428571427,0,,,,,,20283,0.0049578724429011345,0.006683231331408024,0.0027142593171447515,0.002154399175196886,38.440216904508794,0.015351047739386559,0.0,0.6989587625370705
job_000009,Rwanda,62,62,2.066666666666667,13,0.4896017129604633,13,0.14825028739136564,0.6385017557021899,0.38794153544977517,0.3390773419700837,0.13229087725269337,0.23076923076923078,0,,,,,,19700,0.00826850812882185,0.010870843194425106,0.0036443634890019894,0.0039258371107280254,47.12937882134171,-0.020144417881965637,0.020144417881965637,0.6478362237810514
job_000009,Rwanda,63,63,2.1,13,0.5240129152169595,13,0.15689550828017268,0.6383493875845884,0.3845552593894154,0.33883482864077263,0.12909679259750578,0.23076923076923078,0,,,,,,20730,0.004813046660274267,0.010668755508959293,0.0018311382737010717,0.0024177744053304195,52.86097788130474,0.00592027185484767,0.0,0.6301488765991072
job_000009,Rwanda,64,64,2.1333333333333333,13,0.5005877636946164,13,0.14882584511007646,0.6387672173671233,0.3879739033190953,0.33940903905544034,0.1324849776404006,0.23076923076923078,0,,,,,,19787,0.00689352722838521,0.012432507239282131,0.0021688526030629873,0.0030728091951459646,54.7847614782251,-0.04212672635912895,0.04212672635912895,0.5456027219739923
job_000009,Rwanda,65,65,2.1666666666666665,14,0.48801436381680624,14,0.19614503343320663,0.6182189646221342,0.37878002716750697,0.3374000931028281,0.13583569633266496,0.21428571428571427,0,,,,,,26027,0.0031495017465204,0.005630421452224255,0.0006424292223528028,0.0005461532855406404,40.369115771503196,-0.01991014927625656,0.01991014927625656,0.2677272363869025
job_000009,Rwanda,66,66,2.2,13,0.5209860996558116,13,0.14883874939056696,0.6390170454978943,0.38817992577186,0.3396691694275282,0.13263026711322212,0.23076923076923078,0,,,,,,19789,0.00655512697994709,0.011567488312721252,0.002039026701822877,0.0016173491021618247,38.42133248425538,-0.038033731281757355,0.038033731281757355,0.3970304280337886
job_000009,Rwanda,67,67,2.2333333333333334,13,0.5210110717094861,13,0.14787979899287884,0.6391499366515722,0.38864332862049766,0.3399232104825284,0.1329995559684109,0.23076923076923078,0,,,,,,19696,0.0037377618718892336,0.007208889815956354,0.0012825505109503865,0.0006760366959497333,27.793865638468368,-0.020589808002114296,0.020589808002114296,0.38788299605782284
job_000009,Rwanda,68,68,2.2666666666666666,14,0.4921100490859577,14,0.19930279277615126,0.6183731825578782,0.3796668441207321,0.3386157116492832,0.13750512314595395,0.21428571428571427,0,,,,,,26477,0.012469877488911152,0.02556864731013775,-0.00021832971833646297,0.004390608053654432,92.84677560886364,-0.02065417915582657,0.02065417915582657,0.3525321797263992
job_000009,Rwanda,69,69,2.3,14,0.499159890626158,14,0.20205998412809287,0.6186258821260362,0.3792746702829997,0.33900455344816705,0.13764490060408535,0.21428571428571427,0,,,,,,26862,0.0071600619703531265,0.0195779986679554,0.0007370136445388198,0.002377899829298258,72.77953815734087,-0.004073346499353647,0.004073346499353647,0.347692141627809
job_000009,Rwanda,70,70,2.3333333333333335,14,0.47865399186100277,14,0.22663072756196387,0.5796115897950672,0.40764901146056154,0.35197609392293494,0.1055320422858764,0.21428571428571427,0,,,,,,26050,0.006435159128159285,0.018784422427415848,-0.0010833091801032424,0.0012836706591770053,130.16152820198752,0.01983540505170822,0.0,0.26101812484094816
job_000009,Rwanda,71,71,2.3666666666666667,14,0.4796400932329042,14,0.2265359132036489,0.5795673611618223,0.4076209149032673,0.3519577223035883,0.10560065772254555,0.21428571428571427,0,,,,,,26050,0.001102471724152565,0.0026139398105442524,-8.834619802655652e-05,1.3163657058612444e-05,171.5252309202748,0.0029192266520112753,0.0,0.08101932268908034
job_000009,Rwanda,72,72,2.4,15,0.4720903992652893,15,0.2349162963199652,0.6038339159223768,0.4093347770785108,0.3518632519134231,0.112476233750662,0.2,0,,,,,,27197,0.00529115367680788,0.007726744282990694,0.0022625490091741085,0.0017936867661774158,38.406415379248365,-0.03951055184006691,0.03951055184006691,0.5456823980466187
job_000009,Rwanda,73,73,2.433333333333333,14,0.4860175241317068,14,0.1871798193057246,0.6221822488875616,0.4203574682669665,0.3547390731309705,0.1078034675048947,0.21428571428571427,0,,,,,,20945,0.0032871519215404987,0.005992591846734285,0.0012737176148220897,0.0012042321031913161,43.3937593645621,-0.02290382795035839,0.02290382795035839,0.5332469710398614
job_000009,Rwanda,74,74,2.466666666666667,13,0.5102223134957827,13,0.15497772518207012,0.6407234167441344,0.39018445762134346,0.34232924094788075,0.13660563356186253,0.23076923076923078,0,,,,,,20657,0.006431154441088438,0.01223783940076828,0.00223753834143281,0.003056678455322981,53.79526555611813,-0.04933520406484604,0.04933520406484604,0.5890266007496585
job_000009,Rwanda,75,75,2.5,13,0.517584156531554,13,0.15546675667444948,0.6406524823262141,0.39030689581846584,0.3423620623602809,0.1367132335759662,0.23076923076923078,0,,,,,,20692,0.0038874514866620302,0.006628646515309811,0.0014921148540452123,0.0013960247160866857,43.09443790919733,-0.018538272008299828,0.018538272008299828,0.525627926511881
job_000009,Rwanda,76,76,2.533333333333333,13,0.5118740304158285,13,0.15773398465565902,0.6407559168644441,0.3898773859029482,0.3424212471522973,0.13642301105624455,0.23076923076923078,0,,,,,,20983,0.011052223853766918,0.023738162592053413,0.0035580440890043974,0.005027252249419689,54.71100070691073,-0.016890868544578552,0.016890868544578552,0.5572609309493511
job_000009,Rwanda,77,77,2.566666666666667,15,0.4640079289674759,15,0.19028936078321065,0.6282216911845737,0.3948427205026884,0.35892994083018964,0.1094173112738283,0.2,0,,,,,,21482,0.006391330622136593,0.011313359253108501,0.0023774097207933664,0.0029248937498778105,50.89512742348806,-0.003265929175540805,0.003265929175540805,0.5897407468603678
job_000009,Rwanda,78,78,2.6,15,0.4805781881014506,15,0.2015811257513076,0.6435635540220473,0.4226937673121322,0.35501029351164115,0.090332248690136,0.2,0,,,,,,21360,0.013028111308813095,0.025727763772010803,0.0063150799833238125,0.004058887250721455,32.73004505344493,-0.020333247259259224,0.020333247259259224,0.5762142568571951
job_000009,Rwanda,79,79,2.6333333333333333,14,0.5055043378046581,14,0.17094939985897045,0.6622147474970135,0.3940681838484669,0.3427505791127118,0.11469782277453086,0.21428571428571427,0,,,,,,21350,0.006418878678232431,0.011981585994362831,0.002744783880189061,0.0032010781578719616,49.38836191809491,0.023302383720874786,0.0,0.6569249361716124
job_000009,Rwanda,80,80,2.6666666666666665,14,0.5306397282651493,14,0.1693108225040242,0.6625114798545837,0.3952933631876789,0.3432200504325808,0.11378694319479139,0.21428571428571427,0,,,,,,21235,0.01017003320157528,0.023537520319223404,0.0033480857964605093,0.0018096367130056024,28.391173340234555,-0.014877310022711754,0.014877310022711754,0.3742215873583709
job_000009,Rwanda,81,81,2.7,14,0.5297917595931462,14,0.168162642799145,0.6626830345108395,0.3954339436122349,0.34342932491138317,0.11377128106451066,0.21428571428571427,0,,,,,,21177,0.004457250237464905,0.014928428456187248,0.001444660359993577,0.00011144942982355133,4.411389219082783,-0.009041381999850273,0.009041381999850273,0.3250777567643576
job_000009,Rwanda,82,82,2.7333333333333334,15,0.5062636444965999,15,0.1979899167894035,0.6442025004492866,0.42522670133614243,0.3558219780212395,0.08979250647202602,0.2,0,,,,,,21146,0.00883820652961731,0.027585146948695183,0.002487559337168932,-0.0016334817046299577,-33.29132067019777,-0.0366356261074543,0.0366356261074543,0.336713015094465
job_000009,Rwanda,83,83,2.7666666666666666,15,0.49923854172229765,15,0.19779818325433227,0.6442982798152499,0.42518438715993623,0.3558434205675713,0.0899474351135348,0.2,0,,,,,,21132,0.00399206904694438,0.009525995701551437,0.0010800323216244578,0.0003586573584470898,18.370305655814285,-0.013959966599941254,0.013959966599941254,0.28507191409544974
job_000009,Rwanda,84,84,2.8,14,0.491161336856229,14,0.16008949120677704,0.6314411072503953,0.36948686831842653,0.3442194571226142,0.12180576817809571,0.21428571428571427,0,,,,,,21310,0.010402227751910686,0.0328107587993145,0.002019279869273305,0.00024488422786816955,6.914667489428034,-0.04478786140680313,0.04478786140680313,0.1955422095930167
job_000009,Rwanda,85,85,2.8333333333333335,15,0.47931576569875084,15,0.19005999261259277,0.615104218059116,0.4000666112075617,0.3571172324103075,0.09669655582581022,0.2,0,,,,,,21252,0.0035913691390305758,0.006579719949513674,0.0013207608135417104,0.001053262036293745,38.571174919709854,-0.01617029868066311,0.01617029868066311,0.4703806425266723
job_000009,Rwanda,86,86,2.8666666666666667,14,0.5034420543483326,14,0.1593999430782846,0.6317661197412582,0.3696400319457685,0.3445220176825413,0.1217470810018666,0.21428571428571427,0,,,,,,21184,0.008212440647184849,0.016182003542780876,0.0032280394807457924,0.002024770248681307,32.09776964983207,-0.03724723309278488,0.03724723309278488,0.46399154743599186
job_000009,Rwanda,87,87,2.9,14,0.5095017924904823,14,0.15928494329643725,0.6318495151542481,0.3697488487082184,0.34465410453163076,0.12171979211288195,0.21428571428571427,0,,,,,,21127,0.0036605261266231537,0.006971357390284538,0.0017065206775441766,0.00021619621838908643,7.2202412374967535,0.015462308190762997,0.0,0.46992177388233025
job_000009,Rwanda,88,88,2.933333333333333,15,0.4903597146272659,15,0.19257752377707107,0.6152725805176629,0.3998680745819468,0.3571546801779189,0.09689576271156386,0.2,0,,,,,,21442,0.010022914968430996,0.034963253885507584,0.0016719707055017352,-0.002702106721699238,-58.25220290631858,-0.00876081082969904,0.00876081082969904,0.31702920163469084
job_000009,Rwanda,89,89,2.966666666666667,14,0.5065951645374298,14,0.16273508989041416,0.6318868038200197,0.36915835627803106,0.3441041321170131,0.12179646749108518,0.21428571428571427,0,,,,,,21569,0.005291804671287537,0.01980610005557537,9.292127651860937e-05,-0.0022878781892359257,-87.67423261558598,-0.014162767678499222,0.014162767678499222,0.43270009657767666
job_000009,Rwanda,90,90,3.0,14,0.48454143958432333,14,0.1634625865064614,0.6318545960244678,0.3691600400934774,0.3440307335105549,0.12149925394968643,0.21428571428571427,0,,,,,,21828,0.009599106386303902,0.03789972513914108,0.0006925729685463011,-0.0027120644226670265,-75.67468211319955,-0.017787011340260506,0.017787011340260506,0.2915998729725587
job_000009,Rwanda,91,91,3.033333333333333,15,0.46071505844593047,15,0.19430535451077038,0.6152404210302564,0.3997099589124138,0.3568809935224891,0.09671081585418491,0.2,0,,,,,,21686,0.002299054991453886,0.006204710807651281,0.0003645912220235914,-0.000397076946683228,-47.44222826272707,-0.009551813825964928,0.009551813825964928,0.2344747599238614
job_000009,Rwanda,92,92,3.066666666666667,14,0.47787128601755413,14,0.204121901768907,0.5871226478190649,0.353233749652035,0.3371046580638478,0.11786972900640136,0.21428571428571427,0,,,,,,26963,0.005099080502986908,0.015762487426400185,8.040654211072251e-05,-0.0017756413435563445,-87.40724079851093,-0.02429582178592682,0.02429582178592682,0.34858460047537854
job_000009,Rwanda,93,93,3.1,14,0.47690716811588835,14,0.20378906307897288,0.5871220954826899,0.353255562807517,0.3371177591463789,0.11784677242740085,0.21428571428571427,0,,,,,,26987,0.0024882906582206488,0.0070020658895373344,0.0001441644417354837,-0.001808455097489059,-85.44219614848419,-0.0063242195174098015,0.0063242195174098015,0.7290917413368415
job_000009,Rwanda,94,94,3.1333333333333333,14,0.4691536043371473,14,0.1870259993735559,0.5894260440553938,0.3941400288274048,0.3551512024898886,0.08726847690834347,0.21428571428571427,0,,,,,,20743,0.009957874193787575,0.04100729525089264,1.4846565136394929e-05,-0.008389541879296303,-89.89860654528668,-0.058035507798194885,0.058035507798194885,0.8425046202273714
job_000009,Rwanda,95,95,3.1666666666666665,14,0.4782352106911795,14,0.20465244960767,0.5870830728894189,0.35326537455200524,0.33677587180457613,0.11743648960271282,0.21428571428571427,0,,,,,,27136,0.003915108274668455,0.011568468995392323,0.00023257591237779707,-0.0030385751742869616,-85.62305171647576,-0.007996434345841408,0.007996434345841408,0.7783853654050301
job_000009,Rwanda,96,96,3.2,14,0.463974477989333,14,0.16309804478335974,0.627566572314217,0.35431426668924,0.3394919353507437,0.1058847666530992,0.21428571428571427,0,,,,,,21544,0.018908925354480743,0.0881926417350769,0.0023848330602049828,-0.010467386804521084,-77.16512499550431,-0.02107977122068405,0.02107977122068405,0.567754298710827
job_000009,Rwanda,97,97,3.2333333333333334,15,0.42809380491574606,15,0.1932540101118347,0.6112170690960355,0.3862942123413085,0.3536941941811913,0.0827595185253688,0.2,0,,,,,,21292,0.011278143152594566,0.05045168474316597,0.0016154538607224822,-0.005750788375735283,-74.3094172892159,-0.016815343871712685,0.016815343871712685,0.5296420731494392
job_000009,Rwanda,98,98,3.2666666666666666,17,0.3978731334209442,17,0.24892903120942877,0.6106636341880349,0.3712586704162731,0.34601148285891076,0.07997950941761243,0.17647058823529413,0,,,,,,27582,0.02696751058101654,0.11645064502954483,0.002664061263203621,-0.018057452514767647,-81.60755006640194,-0.09655407071113586,0.09655407071113586,0.6768482547877532
job_000009,Rwanda,99,99,3.3,17,0.389227115056094,17,0.24879728936825757,0.6107791253164702,0.37108343473446914,0.3461425469913238,0.07985854697338222,0.17647058823529413,0,,,,,,27513,0.018069174140691757,0.09435177594423294,0.0018036977853626013,-0.014751367270946503,-83.02886199201338,-0.03864550590515137,0.03864550590515137,0.8224631657672623
job_000009,Rwanda,100,100,3.3333333333333335,12,0.4315793750186761,12,0.17087731471777023,0.6658833702405295,0.3517546123928494,0.2868339244840534,0.12486604387013374,0.25,0,,,,,,22408,0.006927442736923695,0.01020900346338749,-0.001068380894139409,0.003799125552177429,105.70691645142408,0.017931921407580376,0.0,0.5696894709594074
job_000009,Rwanda,101,101,3.3666666666666667,13,0.42786572529719424,13,0.19420224126150756,0.6261758550619467,0.3908079878217475,0.33594387329741,0.12091285346180337,0.23076923076923078,0,,,,,,25498,0.015291237272322178,0.07297395914793015,0.0010003274073824286,-0.012344373390078545,-85.36715447317619,0.026555126532912254,0.0,0.8099303973582331
job_000009,Rwanda,102,102,3.4,12,0.43701309462388355,12,0.17075900263924357,0.6657943275239733,0.35198744638466545,0.2867236331054616,0.12469647549531537,0.25,0,,,,,,22439,0.004026487004011869,0.006242846604436636,-0.002030094852671027,0.0012341958936303854,148.70249591772782,0.008729643188416958,0.0,0.5900480561102402
job_000009,Rwanda,103,103,3.433333333333333,13,0.4350741734871498,13,0.1718038596591946,0.6524701350774522,0.3314867128334154,0.2896860158562835,0.12888069611290245,0.23076923076923078,0,,,,,,22566,0.00205257348716259,0.0035052080638706684,-0.0005213569384068251,0.00041135228821076453,141.72644738310444,0.003824180457741022,0.0,0.323543202565815
job_000009,Rwanda,104,104,3.466666666666667,11,0.4474092843857678,11,0.15581269785637333,0.6322793729377515,0.36369696337767315,0.29464735543210524,0.16412341685734358,0.2727272727272727,0,,,,,,20927,0.004801458213478327,0.012596807442605495,-0.0018658045446500182,-1.6084111848613247e-05,-179.5060956935722,0.027547668665647507,0.0,0.38860566659209833
job_000009,Rwanda,105,105,3.5,12,0.42210125798980397,12,0.158903767510769,0.6420717941390144,0.3362280189255138,0.29839772268642506,0.15667940110000025,0.25,0,,,,,,21434,0.002292714547365904,0.0067835524678230286,-0.0008028245065361261,-0.0002928577596321702,-159.9588253971903,0.009716633707284927,0.0,0.3727335961415845
job_000009,Rwanda,106,106,3.533333333333333,13,0.40075261432390946,13,0.19055403709472254,0.6039928466845782,0.37274403422646374,0.3399144659546735,0.1503706160495467,0.23076923076923078,0,,,,,,25670,0.012317157350480556,0.05462072044610977,-0.0005016395007260144,-0.007052167784422636,-94.06874839668771,0.0034758716356009245,0.0,0.5739950013667523
job_000009,Rwanda,107,107,3.566666666666667,14,0.3858414281691824,14,0.21123145874573512,0.6200336717423938,0.393200267307342,0.3407766986109815,0.1304804027638039,0.21428571428571427,0,,,,,,25642,0.005359105300158262,0.02391801029443741,-0.00032706037745811045,-0.002972188638523221,-96.27957699965637,-0.005645064637064934,0.005645064637064934,0.5579530960164482
job_000009,Rwanda,108,108,3.6,13,0.3927312722572914,13,0.167600452763532,0.6493874580432207,0.4191691173107875,0.33335810504782193,0.11415730635078597,0.23076923076923078,0,,,,,,19255,0.015495226718485355,0.055443841964006424,-0.001283382880501449,-0.006634095683693886,-100.94877103891419,-0.049032989889383316,0.049032989889383316,0.43607573367753133
job_000009,Rwanda,109,109,3.6333333333333333,12,0.39976153522729874,12,0.15847275993049006,0.6310816407203674,0.43368906415539027,0.3359632107318353,0.13083860583214818,0.25,0,,,,,,18462,0.008517717942595482,0.03567299619317055,-0.001361196511425078,-0.0037441684398800135,-109.97879110931308,-0.006518966052681208,0.006518966052681208,0.4677220330209278
job_000009,Rwanda,110,110,3.6666666666666665,12,0.4042226125796636,12,0.13445780323415138,0.681017932626936,0.3698155520874777,0.3003938950097581,0.13189048839018827,0.25,0,,,,,,15217,0.011966709047555923,0.04152812063694,-0.003943861927837133,0.0030162332113832235,142.59153771123303,0.029141221195459366,0.0,0.41490511642206324
job_000009,Rwanda,111,111,3.7,12,0.41235139841834706,12,0.13470122110685886,0.6809372848934597,0.36973022354973684,0.3004356836967452,0.13188132810452521,0.25,0,,,,,,15263,0.0065359314903616905,0.020534921437501907,-0.0016440472099930048,0.001029530423693359,147.94449923607303,0.014858078211545944,0.0,0.29679013985928804
job_000009,Rwanda,112,112,3.7333333333333334,13,0.39711558474944186,13,0.16735515435460754,0.6489404904536712,0.41895829578410526,0.33208480500752696,0.11391345917089629,0.23076923076923078,0,,,,,,19255,0.03649880737066269,0.14459364116191864,0.0018738742219284177,-0.02145274169743061,-85.00794492079913,-0.06581590324640274,0.06581590324640274,0.5900035698832432
job_000009,Rwanda,113,113,3.7666666666666666,13,0.3729695093173247,13,0.16395330354707205,0.6487360761715816,0.4191168948116466,0.33166689011049827,0.1130279419642917,0.23076923076923078,0,,,,,,18996,0.019072366878390312,0.08587337285280228,0.0015804197173565626,-0.013197698630392551,-83.17136770143624,-0.04082901403307915,0.04082901403307915,0.6969239443081634
job_000009,Rwanda,114,114,3.8,11,0.3916279809041457,11,0.126513279564009,0.6613017270059297,0.3749757943329987,0.3038970153064414,0.13130980676667303,0.2727272727272727,0,,,,,,14529,0.006301856599748135,0.01815589889883995,0.0007598811644129455,0.0008479277021251619,48.134490297972974,0.0023320657201111317,0.0,0.18067627328833802
job_000009,Rwanda,115,115,3.8333333333333335,9,0.4420054538382424,9,0.10535324067378687,0.6630267637747306,0.3945300365181126,0.2866810805592771,0.14791954276793207,0.3333333333333333,0,,,,,,14147,0.006112948060035706,0.02327115274965763,0.0006399081903509796,0.0015913578681647778,68.09422178815659,-0.012997440062463284,0.012997440062463284,0.2805843353908467
job_000009,Rwanda,116,116,3.8666666666666667,9,0.4360767039987776,9,0.11667405220481601,0.6565196867342348,0.4364415525899503,0.29206253702111723,0.11673475029226402,0.3333333333333333,0,,,,,,12997,0.007646473590284586,0.019087977707386017,0.0018935292027890682,0.004418435972183943,66.8023539871233,0.017459988594055176,0.0,0.6286664177391025
job_000009,Rwanda,117,117,3.9,10,0.4178352251648903,10,0.1218421430763165,0.6780196603139241,0.4066535218556722,0.2986959476356775,0.12061363306203765,0.3,0,,,,,,13648,0.003069168422371149,0.009949284605681896,0.00040783779695630074,0.0015673505840823054,75.41459967700108,0.012083219364285469,0.0,0.5276813700075565
job_000009,Rwanda,118,118,3.933333333333333,10,0.4202811732888222,10,0.11488757671585866,0.6452600765228271,0.3629592242064299,0.29441359515782833,0.15464538272039982,0.3,0,,,,,,15473,0.013733070343732834,0.05181611701846123,-0.00042995839612558484,0.006353090051561594,93.87170552463552,0.031508661806583405,0.0,0.46367071811422345
job_000009,Rwanda,119,119,3.966666666666667,10,0.42472598850727084,10,0.11599594622473505,0.6452823225657146,0.3628613369553177,0.2942303631143947,0.15456112649835121,0.3,0,,,,,,15588,0.008301214314997196,0.03435483202338219,0.0002372310118516907,0.004597876220941544,87.04639863532887,0.0404500812292099,0.0,0.5546167148754624
job_000009,Rwanda,120,120,4.0,10,0.43792803436517713,10,0.097757138252872,0.6499133809407551,0.3104423155608001,0.2861048258668013,0.1676963218699008,0.3,0,,,,,,13228,0.008259212598204613,0.02420460805296898,-0.0016782920574769378,0.002099771751090884,128.63442027008324,0.027989281341433525,0.0,0.3254628980619232
job_000009,Rwanda,121,121,4.033333333333333,11,0.438827090642669,11,0.11725189329065028,0.6671959501324278,0.343996920409026,0.2978623775138954,0.1556332536756236,0.2727272727272727,0,,,,,,15981,0.008508753962814808,0.029471229761838913,0.00015773228369653225,0.0054737054742872715,88.34940079659269,0.03267442062497139,0.0,0.643569864870221
job_000009,Rwanda,122,122,4.066666666666666,12,0.4167274298767249,12,0.12653368228970155,0.6842049333784316,0.3424250579174653,0.29113717598599387,0.13761465914069784,0.25,0,,,,,,16216,0.019284700974822044,0.06570273637771606,-0.0007370753446593881,0.011400943621993065,93.69904608591379,0.04654727131128311,0.0,0.5924253061156682
job_000009,Rwanda,123,123,4.1,12,0.38393212233980495,12,0.12852643170203076,0.6838618808322483,0.3405805055006051,0.2928746502908892,0.14074398798324206,0.25,0,,,,,,16960,0.01145574077963829,0.04228903725743294,-0.0010045061353594065,0.005281524267047644,100.76861009294043,0.033837828785181046,0.0,0.4693018585468172
job_000009,Rwanda,124,124,4.133333333333334,13,0.4273726928692598,13,0.13980258074199092,0.697075686087975,0.337082531920865,0.28417119143071407,0.12323245493850038,0.23076923076923078,0,,,,,,17250,0.018556466326117516,0.0691106989979744,-0.0015385947190225124,0.006630154326558113,103.06482227361596,-0.01179379690438509,0.01179379690438509,0.3667905646111406
job_000009,Rwanda,125,125,4.166666666666667,12,0.42237190281351406,12,0.13167027739370327,0.683254635334015,0.33984273304173973,0.292221438539381,0.1390634110102311,0.25,0,,,,,,17318,0.008892909623682499,0.02871439978480339,-0.0022451095283031464,0.0012760062236338854,150.38829959167387,-0.020988181233406067,0.020988181233406067,0.2903868823637261
job_000009,Rwanda,126,126,4.2,12,0.38302256415287655,12,0.1301384244968387,0.6833428992165459,0.3386873836870547,0.29174367255618894,0.13748148374869068,0.25,0,,,,,,17185,0.01584121398627758,0.05256843566894531,-0.004025578033179045,0.0008292354759760201,168.36035831755822,-0.0795736163854599,0.0795736163854599,0.25945603282582236
job_000009,Rwanda,127,127,4.233333333333333,11,0.38285851749506866,11,0.12179878298495483,0.6682009682510839,0.34247997361000143,0.29991233951561214,0.1516776476436493,0.2727272727272727,0,,,,,,16459,0.004117938224226236,0.012952154502272606,-0.0002549950440879911,0.0004751375818159431,118.2213977765581,-0.008528177626430988,0.008528177626430988,0.13094866955851336
job_000009,Rwanda,128,128,4.266666666666667,12,0.38869134585062665,12,0.12951816546510397,0.6859863519668578,0.3325628463132882,0.29625484160138665,0.14144932041459166,0.25,0,,,,,,17501,0.01023869588971138,0.03368600830435753,-0.002820748370140791,-0.0007590445457026362,-164.93885505972816,0.0013586198911070824,0.0,0.28529908296264994
job_000009,Rwanda,129,129,4.3,14,0.3864934178335326,14,0.11958477754543972,0.6995598418372018,0.27891666119691555,0.26853072568271946,0.11122936429029341,0.21428571428571427,0,,,,,,14572,0.0052564418874681,0.014175632037222385,-0.0016408239025622606,-0.0014265577774494886,-138.99579725533786,0.014264017343521118,0.0,0.4136356267968105
job_000009,Rwanda,130,130,4.333333333333333,12,0.43632102260986966,12,0.10598866445536753,0.690615631474389,0.2957082259802171,0.27954128562327635,0.1372733715715897,0.25,0,,,,,,13863,0.011413653381168842,0.0319734588265419,-0.0039214324206113815,-0.002757646143436432,-144.8841859207775,0.0017148179467767477,0.0,0.420021518534129
job_000009,Rwanda,131,131,4.366666666666666,12,0.4276415246228377,12,0.1053008009215562,0.69049764474233,0.29557656800305404,0.27940429312841025,0.13733684278740002,0.25,0,,,,,,13912,0.006807095371186733,0.01854504831135273,-0.002560052555054426,-0.002195178298279643,-139.38777237812408,0.039554014801979065,0.0,0.49541541319002125
job_000009,Rwanda,132,132,4.4,12,0.411320003370444,12,0.10596783271130132,0.6900937000910442,0.29475891825593553,0.2794169341355161,0.13717734408252544,0.25,0,,,,,,14070,0.015562741085886955,0.031669072806835175,-0.0060889325104653835,-0.006022219080477953,-135.31560659499388,0.07663199305534363,0.0,0.5502891358082403
job_000009,Rwanda,133,133,4.433333333333334,12,0.41824434449275333,12,0.10746214530493522,0.6899905403455097,0.2944073771253044,0.27947227523469576,0.13700957717890513,0.25,0,,,,,,14113,0.007449480704963207,0.015312033705413342,-0.0025273424107581377,-0.004548085853457451,-119.06064971173905,0.061806704849004745,0.0,0.6984551746239303
job_000009,Rwanda,134,134,4.466666666666667,11,0.42706911943175574,11,0.09650626081279695,0.6704502293557831,0.2968787353849571,0.2843393696313385,0.14587501554373206,0.2727272727272727,0,,,,,,13093,0.011445041745901108,0.023608418181538582,-0.0032248974312096834,-0.00848023034632206,-110.8210174153903,0.036678384989500046,0.0,0.7927206743503109
job_000009,Rwanda,135,135,4.5,11,0.42457603324543347,11,0.10369500683436719,0.6830143581737171,0.3167558108114634,0.2795007931066646,0.1418950408149943,0.2727272727272727,0,,,,,,13677,0.00481498334556818,0.01629505306482315,-0.0012685861438512802,-0.0019315537065267563,-123.29570021826652,-0.003196094883605838,0.003196094883605838,0.4799371850368035
job_000009,Rwanda,136,136,4.533333333333333,12,0.40276779358585674,12,0.11473590236800607,0.6969371808899774,0.35381441940496,0.2979270007572082,0.14210855836715422,0.25,0,,,,,,15250,0.010839604772627354,0.038789764046669006,-0.0023603197187185287,0.0016241070115938783,145.46861724081936,-0.04543911665678024,0.04543911665678024,0.26431831458777627
job_000009,Rwanda,137,137,4.566666666666666,14,0.3978312632867268,14,0.1272273002804104,0.6986365965434482,0.32725398426964164,0.29479853160732844,0.10658334930304461,0.21428571428571427,0,,,,,,15560,0.00615131389349699,0.021809037774801254,-0.00043865430052392185,0.002123394049704075,101.67206758489694,-0.018985139206051826,0.018985139206051826,0.35248236454990445
job_000009,Rwanda,138,138,4.6,13,0.37324587542277116,13,0.13444070538309574,0.6890779813130696,0.3283333878911119,0.2969543859888716,0.10540103514951062,0.23076923076923078,0,,,,,,16432,0.01275236438959837,0.04300057888031006,-0.0027675649616867304,0.009799291379749775,105.77100679754133,0.026787182316184044,0.0,0.7984879316106791
job_000009,Rwanda,139,139,4.633333333333334,12,0.406022310256958,12,0.1208375592634213,0.6714442637231616,0.33606905672285287,0.3041037652978071,0.1232935136379859,0.25,0,,,,,,15974,0.006591638084501028,0.020806599408388138,-0.001506045926362276,0.0053230514749884605,105.79774958609393,0.005956546403467655,0.0,0.8392454804027247
job_000009,Rwanda,140,140,4.666666666666667,12,0.43071820586919785,12,0.11954064433564511,0.671334569984012,0.336874466177858,0.3049177565312933,0.12431976517893338,0.25,0,,,,,,15826,0.013158301822841167,0.04331398010253906,-0.0018899296410381794,0.011400589719414711,99.41259181262105,0.020774587988853455,0.0,0.8782424552141009
job_000009,Rwanda,141,141,4.7,13,0.4172303378582001,13,0.12507324630248295,0.6823185994074895,0.3291287055382362,0.29627248497258357,0.1174829720077356,0.23076923076923078,0,,,,,,16547,0.007590030785650015,0.0249137282371521,-0.0008516058442182839,0.0027406702283769846,107.26153729108738,-0.008866644464433193,0.008866644464433193,0.3781185355918435
job_000009,Rwanda,142,142,4.733333333333333,15,0.4219073712825775,15,0.15769103397563425,0.6625110440784031,0.3492096900939942,0.3230361021008387,0.10513364883023812,0.2,0,,,,,,19846,0.023906733840703964,0.09083631634712219,-0.0003769361355807632,-0.005038768984377384,-94.27816761538752,-0.03567541018128395,0.03567541018128395,0.2113566878071363
job_000009,Rwanda,143,143,4.766666666666667,15,0.410628009835879,15,0.15611463450421675,0.6643920358022054,0.34279004367781274,0.32696425275616364,0.10692394732012091,0.26666666666666666,0,,,,,,19768,0.012067215517163277,0.04446384683251381,-0.00047973025357350707,-0.0026773177087306976,-100.1586346977722,0.003539034863933921,0.0,0.2254006272149559
job_000009,Rwanda,144,144,4.8,13,0.42129141665422,13,0.14237803562481677,0.6325009220685713,0.3634405250223274,0.33414601562182666,0.1247671449330132,0.23076923076923078,0,,,,,,19034,0.027665385976433754,0.11148135364055634,0.0007264857995323837,-0.00817980244755745,-84.92461581627525,-0.022555945441126823,0.022555945441126823,0.29683303005155565
job_000009,Rwanda,145,145,4.833333333333333,14,0.42321331586156574,14,0.148827384722924,0.6452726222219921,0.3535062022940823,0.32706867279035795,0.11965987279770016,0.21428571428571427,0,,,,,,19835,0.01514737494289875,0.058062851428985596,-0.0009380308911204338,-0.006229860708117485,-98.56270975503821,0.016311820596456528,0.0,0.41591923734139163
job_000009,Rwanda,146,146,4.866666666666666,13,0.43103410188968366,13,0.12907807227780227,0.6813571257468981,0.3277408874272621,0.2958428586452218,0.11872020657846802,0.23076923076923078,0,,,,,,17306,0.016464898362755775,0.056730613112449646,-0.007255490869283676,0.0017282910412177444,166.60157451053908,0.00813065841794014,0.0,0.45299364539809445
job_000009,Rwanda,147,147,4.9,12,0.4653344502051671,12,0.0992704555613185,0.7057670248879327,0.285776796164336,0.2529208660992003,0.09564374738105759,0.25,0,,,,,,13194,0.00811177771538496,0.027978133410215378,-0.004237384535372257,0.0014781125355511904,160.769868401747,-0.013989539816975594,0.013989539816975594,0.5532435081348287
job_000009,Rwanda,148,148,4.933333333333334,12,0.4466450127462546,12,0.10156954209155034,0.6671766440073649,0.2929672020452994,0.2784621220782222,0.12024032534003272,0.25,0,,,,,,13540,0.012183676473796368,0.03179827332496643,-0.006021753419190645,-0.006308009847998619,-133.67001993638567,-0.06057148799300194,0.06057148799300194,0.7157780830716414
job_000009,Rwanda,149,149,4.966666666666667,12,0.44500767067074776,12,0.10061170906899614,0.667035252518124,0.29280683788252465,0.278604019788461,0.11987896056124898,0.25,0,,,,,,13356,0.005748020950704813,0.014068538323044777,-0.0022593929897993803,-0.0036141739692538977,-122.01147333792281,-0.027363445609807968,0.027363445609807968,0.7415229252959341
job_000009,Rwanda,150,150,5.0,13,0.3876788364006923,13,0.11888322469323881,0.6595406165489786,0.30590894052445716,0.2842990694149322,0.08505278067840318,0.23076923076923078,0,,,,,,13591,0.00904908962547779,0.02467028796672821,-0.0022125826217234135,-0.002516706008464098,-131.32058263795918,-0.025048529729247093,0.025048529729247093,0.37031563775871956
job_000009,Rwanda,151,151,5.033333333333333,14,0.3911319470831326,14,0.12368230201774381,0.6692082280204409,0.2979872925571664,0.27758737943126827,0.08346461866912384,0.21428571428571427,0,,,,,,14224,0.005226912908256054,0.016151951625943184,-0.0014845427358523011,-0.004142452497035265,-109.7163037891516,-0.0038339337334036827,0.0038339337334036827,0.841879247237497
job_000009,Rwanda,152,152,5.066666666666666,14,0.4209491748894964,14,0.13695836613202095,0.6633181549253918,0.3428925448624545,0.2977609950901728,0.09983436073064142,0.21428571428571427,0,,,,,,16235,0.012570490129292011,0.033507537096738815,-0.0014418491628021002,0.00010176959040109068,175.96260560822353,0.10328596830368042,0.0,0.11498647001435396
job_000009,Rwanda,153,153,5.1,14,0.41685680725744795,14,0.13740449620039458,0.6633121047701155,0.34252896258439963,0.29768108804085447,0.0997510776014988,0.21428571428571427,0,,,,,,16227,0.0040719336830079556,0.007214468438178301,-0.0008620113367214799,-0.002084787469357252,-112.46396124770098,0.0031690464820712805,0.0,0.5540292528174925
job_000009,Rwanda,154,154,5.133333333333334,14,0.4224648209554808,14,0.14380835257311614,0.6246482778163182,0.3453482317546057,0.3269507553694578,0.12709538060776246,0.21428571428571427,0,,,,,,19313,0.01220655720680952,0.033620093017816544,-0.0005966147873550653,-0.007851028814911842,-94.34566430784233,-0.03398388251662254,0.03398388251662254,0.6450356969237058
job_000009,Rwanda,155,155,5.166666666666667,13,0.4478838157195311,13,0.11940684054685267,0.6596483083871695,0.3209760913142452,0.29982384948051694,0.12535265075939805,0.23076923076923078,0,,,,,,16005,0.004401833284646273,0.00942097045481205,-0.0003123892529401928,-0.0022925231605768204,-97.75958293548018,-0.016452977433800697,0.016452977433800697,0.5256239577685948
job_000009,Rwanda,156,156,5.2,12,0.4542553126811981,12,0.1122008523898018,0.6590297235382927,0.34152479171752925,0.302069951411631,0.1331448964066094,0.25,0,,,,,,15068,0.007144552189856768,0.01237013190984726,-0.0009097017464227974,-0.002956938464194536,-107.10050795184317,-0.050005268305540085,0.050005268305540085,0.4330166600451123
job_000009,Rwanda,157,157,5.233333333333333,12,0.45943573862314224,12,0.11185768760862158,0.6589069498909845,0.34129979316099196,0.302109061055536,0.1331054319818772,0.25,0,,,,,,14979,0.00262875622138381,0.004074560943990946,-0.00032031218870542943,-0.0012516335118561983,-104.35478297022269,-0.017696702852845192,0.017696702852845192,0.49147575472161587
job_000009,Rwanda,158,158,5.266666666666667,12,0.45718466490507126,12,0.11167771488883088,0.6588109307818942,0.34119228610286007,0.30232798235469643,0.13323166176633014,0.25,0,,,,,,14982,0.004054346587508917,0.007898504845798016,-5.902981138206087e-05,-0.0009414936066605151,-93.58763739947516,-0.02258218824863434,0.02258218824863434,0.23267431587653067
job_000009,Rwanda,159,159,5.3,13,0.4436168051682986,13,0.11724410703480115,0.6592039903004964,0.3198418940574016,0.2996411452706855,0.12587761025108263,0.23076923076923078,0,,,,,,15741,0.0023271460086107254,0.0049906158819794655,0.000249892589636147,-0.000908547081053257,-74.62127800648511,-0.003578801406547427,0.003578801406547427,0.40491083617365564
job_000009,Rwanda,160,160,5.333333333333333,12,0.4563450689117114,12,0.11214950483612034,0.6587414397133721,0.34020017282462417,0.3027486947582323,0.13295478585313455,0.25,0,,,,,,15031,0.007681361399590969,0.02233310043811798,-0.0005598027491942048,-0.0011804766254499555,-115.37112951420445,0.02132495492696762,0.0,0.17008514024638338
job_000009,Rwanda,161,161,5.366666666666666,12,0.4592125092943509,12,0.11203775696171457,0.6585941235224405,0.339750677862285,0.3030905557550931,0.1330975200262071,0.25,0,,,,,,15082,0.005454300902783871,0.018055103719234467,-0.0010415323777124286,2.3982234779396094e-05,178.6809454029215,-0.014432297088205814,0.014432297088205814,0.19100677907753746
job_000009,Rwanda,162,162,5.4,12,0.4540470490852992,12,0.11194836038858144,0.6584816005494859,0.339730308085312,0.3029601156969926,0.13298254588973926,0.25,0,,,,,,15003,0.006614285986870527,0.011445803567767143,-5.6462908105459064e-05,-0.0018075742991641164,-91.78915729735475,0.0025271903723478317,0.0,0.273416654365792
job_000009,Rwanda,163,163,5.433333333333334,13,0.4386049004701468,13,0.16338453299994074,0.6350812007219364,0.37674208393803355,0.3284449335003014,0.09708812728822416,0.23076923076923078,0,,,,,,17633,0.002381041180342436,0.00434731924906373,0.00019505279487930238,-0.0013564418768510222,-81.81711013756986,0.005349439103156328,0.0,0.5755440825147714
job_000009,Rwanda,164,164,5.466666666666667,13,0.4368664908867616,13,0.16361275688730598,0.6351117904369648,0.3764605576496179,0.3285120988341359,0.09708822666355747,0.23076923076923078,0,,,,,,17615,0.0032080302480608225,0.006031777709722519,-1.4720223589392845e-05,-0.0015895247925072908,-90.53058787108452,-0.007821102626621723,0.007821102626621723,0.49550435265056986
job_000009,Rwanda,165,165,5.5,13,0.43357627666913545,13,0.16413157541874507,0.6351231697278146,0.37643902308580884,0.3286372504958248,0.09708753455173309,0.23076923076923078,0,,,,,,17570,0.0014026687713339925,0.0036304586101323366,8.443087426712736e-05,-0.00011719152826117352,-54.229059414161675,-0.006199886091053486,0.006199886091053486,0.1029739293425623
job_000009,Rwanda,166,166,5.533333333333333,13,0.4279827739183719,13,0.16387026139655064,0.6351852478125157,0.37640740810296464,0.3287193737919082,0.09711624927331486,0.23076923076923078,0,,,,,,17579,0.002249236451461911,0.004989782348275185,0.00034645269624888897,5.34312057425268e-05,8.767290938076625,-0.00776368472725153,0.00776368472725153,0.1558522946091067
job_000009,Rwanda,167,167,5.566666666666666,12,0.4411838712791602,12,0.11180374416492185,0.6585910413000318,0.33920360582846176,0.3032543972930777,0.1329389700887721,0.25,0,,,,,,15031,0.0009160760091617703,0.0024907353799790144,-8.276833250420168e-05,-2.2814401745563373e-05,-164.5895740239558,-0.0008868615259416401,0.0008868615259416401,0.09372047024104756
job_000009,Rwanda,168,168,5.6,14,0.42129998228379656,14,0.14675951932323467,0.6416045166197276,0.3475633245296579,0.33248729131707033,0.12582337221162435,0.21428571428571427,0,,,,,,19670,0.005387910176068544,0.012450255453586578,0.0005074805812910199,-0.0013436859007924795,-69.30955312244726,-0.0007012247224338353,0.0007012247224338353,0.26658287674209663
job_000009,Rwanda,169,169,5.633333333333334,14,0.4245239570736885,14,0.1460027341565753,0.6416259612355912,0.34744760044037337,0.3325118408743376,0.12586383264271295,0.21428571428571427,0,,,,,,19553,0.003423052839934826,0.00907094031572342,0.00044260144932195544,-0.0004496714100241661,-45.453975965252106,-0.020080363377928734,0.020080363377928734,0.18432435152385543
job_000009,Rwanda,170,170,5.666666666666667,13,0.4321501071636493,13,0.1441810243832205,0.6303952266008426,0.3635622752697719,0.3374879036233346,0.13229977659877573,0.23076923076923078,0,,,,,,19203,0.012591802515089512,0.045902274549007416,0.00030722972587682307,0.0006815286469645798,65.73438505507298,-0.03125092014670372,0.03125092014670372,0.059370135394075804
job_000009,Rwanda,171,171,5.7,13,0.4229985395303139,13,0.14796407719977472,0.6302062933261576,0.36282134178357245,0.3373183698390622,0.1338771861976427,0.23076923076923078,0,,,,,,19821,0.0049047148786485195,0.016652192920446396,0.000574424397200346,-0.0010856371372938156,-62.11611455110996,-0.003980978392064571,0.003980978392064571,0.25042008947394534
job_000009,Rwanda,172,172,5.733333333333333,12,0.4523303285241127,12,0.11324776632532761,0.6697128812472024,0.33941885424248963,0.3098331082713846,0.129848623092988,0.25,0,,,,,,15226,0.0038760362658649683,0.010982519946992397,0.0002332858566660434,0.0005530857597477734,67.13048560879773,-0.0030170262325555086,0.0030170262325555086,0.15486741809393734
job_000009,Rwanda,173,173,5.766666666666667,12,0.4570721884568532,12,0.11314772114309304,0.6696777926550972,0.33942109213935007,0.30982162529310686,0.1298967734449552,0.25,0,,,,,,15163,0.0023262917529791594,0.00758570758625865,-7.755266415188089e-05,0.0002879030362237245,105.07596750689022,0.0005406250711530447,0.0,0.12817194848276184
job_000009,Rwanda,174,174,5.8,13,0.43414257352168745,13,0.18307680536741514,0.6285864634391588,0.3579937073579881,0.33670446016198347,0.14339499764333485,0.23076923076923078,0,,,,,,24275,0.009788420982658863,0.03417959436774254,-3.907294012606144e-05,-0.004670720547437668,-90.47929699900442,-0.047376878559589386,0.047376878559589386,0.4771846230672174
job_000009,Rwanda,175,175,5.833333333333333,13,0.4371209820875755,13,0.18285470011049054,0.6284896251482841,0.3578858837442861,0.33646246771577865,0.14352078482792516,0.23076923076923078,0,,,,,,24426,0.003617284120991826,0.011211305856704712,0.0001920894137583673,-0.0020362939685583115,-84.6110728535035,-0.013778210617601871,0.013778210617601871,0.5654336248867243
job_000009,Rwanda,176,176,5.866666666666666,13,0.423894193310004,13,0.18189789354793004,0.6286212389285748,0.35803366114950586,0.33657055111302053,0.14305147325079995,0.23076923076923078,0,,,,,,24189,0.010663586668670177,0.03988979384303093,0.0013217051746323705,-0.004452385473996401,-73.4663064927514,-0.01474295649677515,0.01474295649677515,0.4355401759133333
job_000009,Rwanda,177,177,5.9,14,0.4149250941617148,14,0.19921742771189146,0.6340864689577194,0.3758937227662909,0.33136795461136426,0.11713563982921249,0.21428571428571427,0,,,,,,24338,0.0066450065933167934,0.024742497131228447,0.0001724331232253462,-0.0026401898358017206,-86.26326917558185,-0.0024578124284744263,0.0024578124284744263,0.39816585376374336
job_000009,Rwanda,178,178,5.933333333333334,12,0.44066904361049336,12,0.17481889221107805,0.6068367335531447,0.3653024555724344,0.3407223448816268,0.1450014139559961,0.25,0,,,,,,23311,0.014666673727333546,0.05581554025411606,0.0010990865994244814,-0.009060247801244259,-83.0833212747113,-0.029624460265040398,0.029624460265040398,0.6222725663915625
job_000009,Rwanda,179,179,5.966666666666667,12,0.4443313653270404,12,0.1873289429652525,0.5893590192000071,0.4036782926983302,0.32824084258357095,0.13411414158834611,0.25,0,,,,,,22447,0.010356228798627853,0.038364313542842865,0.001621710485778749,-0.00754091702401638,-77.86311817415152,-0.007531086448580027,0.007531086448580027,0.7448005085037023
job_000009,Rwanda,180,180,6.0,10,0.4796575948596001,10,0.105477508090309,0.6234681908289592,0.36621140691969134,0.31214536855745045,0.1517658788722999,0.3,0,,,,,,14081,0.009221324697136879,0.03269081190228462,0.0005103547591716051,-0.0005158943822607398,-45.309275718345525,0.0028423599433153868,0.0,0.07869566716107035
job_000009,Rwanda,181,181,6.033333333333333,11,0.45411917702718213,11,0.11037378661345833,0.6445039893641616,0.3384439487649937,0.31748575542630936,0.13573046169531522,0.2727272727272727,0,,,,,,14584,0.003275651019066572,0.00977033656090498,-0.0005250927060842514,0.000905468303244561,120.10999669157422,0.0049553923308849335,0.0,0.31954162051371937
job_000009,Rwanda,182,182,6.066666666666666,12,0.4296959924201171,12,0.12998356447682927,0.6497038854493035,0.3611991186200836,0.31365675935633,0.10587450178589863,0.25,0,,,,,,14905,0.006987185217440128,0.02683354914188385,-0.002193060703575611,0.0033195207361131907,123.45097763296015,-0.0026905734557658434,0.0026905734557658434,0.5694044058774206
job_000009,Rwanda,183,183,6.1,12,0.4248458544413249,12,0.13220230310485975,0.6494883351855809,0.36112586774943795,0.31379067386492726,0.10600299545993493,0.25,0,,,,,,15187,0.002326968824490905,0.0070397802628576756,-0.0006289263255894184,0.0004634504148270935,143.61381686193081,-0.001586855505593121,0.001586855505593121,0.33573253844953505
job_000009,Rwanda,184,184,6.133333333333334,12,0.4507756941020489,12,0.17328028495738496,0.6014123075538212,0.3579641152311255,0.34162241077951067,0.15128180208360045,0.25,0,,,,,,23038,0.030353523790836334,0.12022966146469116,0.004067109897732735,-0.024416940286755562,-80.5431120889781,-0.03763371706008911,0.03763371706008911,0.8155017047703151
job_000009,Rwanda,185,185,6.166666666666667,12,0.44594647983709973,12,0.17340235965273162,0.6015298267205555,0.3580443224789185,0.34161228663567855,0.15083121080092832,0.25,0,,,,,,22869,0.011479070410132408,0.04572546109557152,0.0015750153688713908,-0.00872733909636736,-79.76999231787332,-0.006237243767827749,0.006237243767827749,0.7725644059072898
job_000009,Rwanda,186,186,6.2,13,0.42708644385521227,13,0.2273889567696941,0.5821906860058125,0.39420758652211596,0.3574467267291542,0.11363596300354481,0.23076923076923078,0,,,,,,25132,0.017438175156712532,0.062372561544179916,0.002699457108974457,-0.011499839834868908,-76.78963912038505,-0.020299065858125687,0.020299065858125687,0.6773888274597188
job_000009,Rwanda,187,187,6.233333333333333,13,0.42501472051327044,13,0.22495287085407756,0.5821551500222621,0.39405240102371264,0.3574455098907688,0.11346553326367823,0.23076923076923078,0,,,,,,24632,0.00860245805233717,0.025671645998954773,0.0013326365733519197,-0.004785129800438881,-74.43772538750264,-0.017562512308359146,0.017562512308359146,0.5774200043534756
job_000009,Rwanda,188,188,6.266666666666667,12,0.45514647910992306,12,0.16480006968675162,0.6196998410754734,0.3794117889286559,0.34255164399268057,0.0949843975283438,0.25,0,,,,,,17115,0.01058254949748516,0.017127307131886482,-0.0011842449894174933,0.008342532441020012,98.07931148904537,-0.06000072881579399,0.06000072881579399,0.796232194435709
job_000009,Rwanda,189,189,6.3,12,0.4584813018639882,12,0.16302776135574287,0.6197106771998936,0.3794987912531252,0.34247296361510426,0.0956040610140947,0.25,0,,,,,,17103,0.0051199630834162235,0.007985704578459263,-0.0010804320918396115,0.00310703762806952,109.17445691726554,-0.018947532400488853,0.018947532400488853,0.6424912191276066
job_000009,Rwanda,190,190,6.333333333333333,11,0.47774685241959314,11,0.11373759117821441,0.6435876586220481,0.3388401842277861,0.3179152775889634,0.13588739497488025,0.2727272727272727,0,,,,,,15058,0.009658691473305225,0.020001308992505074,-0.001919418922625482,0.002883346751332283,123.65136194979777,-0.03497296944260597,0.03497296944260597,0.3586192152501968
job_000009,Rwanda,191,191,6.366666666666666,11,0.47355678406628693,11,0.1133890893680776,0.643678516330141,0.33894227201288396,0.31786760341839354,0.13539347718802486,0.2727272727272727,0,,,,,,14896,0.0042327395640313625,0.007943511009216309,-0.0003120250767096877,0.0018105037743225694,99.77838878640901,-0.023889867588877678,0.023889867588877678,0.4340438277342495
job_000009,Rwanda,192,192,6.4,11,0.4673494452779943,11,0.10964521244633493,0.6440044446425005,0.3379504322604298,0.31678402110601384,0.13400312050435317,0.2727272727272727,0,,,,,,14436,0.008888853713870049,0.030352093279361725,5.2621802751673386e-05,0.0026010239962488413,88.84099648255294,-0.10007400810718536,0.10007400810718536,0.29267623546301974
job_000009,Rwanda,193,193,6.433333333333334,12,0.45153012747565907,12,0.1154991726278404,0.664264784918891,0.33227178785536027,0.3114602366999339,0.13471733125435617,0.25,0,,,,,,15282,0.0018015708774328232,0.0033735428005456924,-0.00017887321882881224,0.0009500535670667887,100.66265510902083,-0.0019560472574084997,0.0019560472574084997,0.5366126834013898
job_000009,Rwanda,194,194,6.466666666666667,11,0.477865452116186,11,0.11031442390014289,0.6438797647302801,0.33806899035418475,0.31696216442222486,0.13469650385893853,0.2727272727272727,0,,,,,,14526,0.005213565193116665,0.01581249013543129,-8.791779691819102e-05,0.0014893352054059505,93.37833932014448,0.005955411121249199,0.0,0.28616270368261926
job_000009,Rwanda,195,195,6.5,11,0.4763315292921933,11,0.10982024745690316,0.6440392783193878,0.33795883037425856,0.3169792557673371,0.13462153435273647,0.2727272727272727,0,,,,,,14541,0.0016754327807575464,0.00516351405531168,0.00011659484880510718,0.0004186490550637245,74.43734202765158,0.007046334911137819,0.0,0.2593848357135459
job_000009,Rwanda,196,196,6.533333333333333,11,0.46806160428307275,11,0.10944469611680127,0.644143347306685,0.3381255181951555,0.317071603614646,0.1345323629234042,0.2727272727272727,0,,,,,,14413,0.00249090907163918,0.006655748467892408,-0.0001259849959751591,0.000532239384483546,103.31722244019224,0.01289407629519701,0.0,0.21957725008496914
job_000009,Rwanda,197,197,6.566666666666666,11,0.46018227392976935,11,0.10767152222242544,0.6267948656371144,0.33829690920383443,0.3100827659833796,0.13715176788258363,0.2727272727272727,0,,,,,,14290,0.0007221072446554899,0.002043281216174364,0.00011915264622075483,0.00012947959476150572,47.37841505436529,0.0030138411093503237,0.0,0.24367727825088145
job_000009,Rwanda,198,198,6.6,12,0.4313143615921338,12,0.11396893892926416,0.6456686695416769,0.3154183187602479,0.3127802075370816,0.12283921857700793,0.25,0,,,,,,14973,0.0035717536229640245,0.00744745135307312,-0.001027425518259406,0.0017731894040480256,120.08895993539973,0.010051433928310871,0.0,0.5737636229323778
job_000009,Rwanda,199,199,6.633333333333334,12,0.4358711503446102,12,0.11429105753789676,0.6455962234073215,0.3153195654904401,0.3128002232723457,0.12307967610381894,0.25,0,,,,,,15045,0.002150951651856303,0.0033875503577291965,-0.000739728391636163,0.0007944473181851208,132.95731667543245,0.0024622841738164425,0.0,0.5046677070413735
job_000009,Rwanda,200,200,6.666666666666667,12,0.46387311692039174,12,0.13342482195267813,0.5885135879119238,0.3579239156511094,0.3287600989367353,0.1492717759089612,0.25,0,,,,,,17658,0.01639905385673046,0.04402068257331848,-0.0013031477574259043,-0.009467086754739285,-97.83753063040808,-0.06410066038370132,0.06410066038370132,0.5827382076632297
job_000009,Rwanda,201,201,6.7,11,0.48821419883858075,11,0.12826186297200512,0.5627293254389907,0.37806678861881354,0.32373056025483166,0.1467398605053298,0.2727272727272727,0,,,,,,17086,0.008541428484022617,0.027341801673173904,-0.0005615605041384697,-0.007832298055291176,-94.10097814238947,-0.03734155744314194,0.03734155744314194,0.919331428125284
job_000009,Rwanda,202,202,6.733333333333333,10,0.4878166511654854,10,0.1030239595643079,0.601934986114502,0.3591246113953767,0.3074404824523386,0.13379404442897083,0.3,0,,,,,,13600,0.0018498313147574663,0.005665036849677563,-0.00045057691750116646,-0.0009233817108906806,-116.01070417203562,0.005731938872486353,0.0,0.5554289810024823
job_000009,Rwanda,203,203,6.766666666666667,11,0.46406257288022473,11,0.1090080925398649,0.6243380329825661,0.3318685913728142,0.3137315204418045,0.13724636435414375,0.2727272727272727,0,,,,,,14472,0.001404911163263023,0.005312376655638218,-0.0001824180071707815,-4.281060682842508e-06,-178.6556059033788,0.007757405750453472,0.0,0.12987884207340686
job_000009,Rwanda,204,204,6.8,10,0.48911557495594027,10,0.10531141871314087,0.6174592113494873,0.35206972687332716,0.32135794266850537,0.1602328227550553,0.3,0,,,,,,14005,0.0035734111443161964,0.008319661021232605,0.00011142541916342452,-0.00038811611011624336,-73.98159796273664,-0.002239110879600048,0.002239110879600048,0.11299964170344999
job_000009,Rwanda,205,205,6.833333333333333,10,0.49655518531799314,10,0.10528992892189251,0.617485925356547,0.35198719095300746,0.32123560636189474,0.16015033256949537,0.3,0,,,,,,14092,0.0015117338625714183,0.004053047392517328,0.0002882119151763618,-0.0002889929455704987,-45.077528310981535,0.005057523958384991,0.0,0.2699852499963235
job_000009,Rwanda,206,206,6.866666666666666,11,0.46674917909232055,11,0.1083657145834648,0.6315680359349106,0.32303626641681293,0.32268357516281176,0.14092540384825206,0.2727272727272727,0,,,,,,14503,0.0020555430091917515,0.0055528306402266026,0.00019653743947856128,0.00021572767582256347,47.6650968389966,0.005953654646873474,0.0,0.14197275662514552
job_000009,Rwanda,207,207,6.9,11,0.4678851636973294,11,0.10865776758565011,0.6315429557453501,0.32302070386481996,0.3226010474696938,0.1409732033112951,0.2727272727272727,0,,,,,,14549,0.0012793224304914474,0.0033896875102072954,0.00018121134780813009,-0.00024445136659778655,-53.450527848582894,0.0015162001363933086,0.0,0.23785454956555704
job_000009,Rwanda,208,208,6.933333333333334,10,0.4984707415103912,10,0.10540916040316141,0.6174266386032105,0.35196213616265193,0.32117398285514814,0.16032965631603607,0.3,0,,,,,,14149,0.0029345559887588024,0.007436922751367092,-0.0006159720942378044,-0.000248254305915907,-158.0491607273911,-0.00987468846142292,0.00987468846142292,0.2263093045367044
job_000009,Rwanda,209,209,6.966666666666667,10,0.5006067633628846,10,0.10475102142828595,0.6174948612848917,0.35191572648507574,0.3209272070409123,0.1602708233840473,0.3,0,,,,,,13956,0.0028282662387937307,0.009602941572666168,-0.00039399421075358987,-2.3545935619040392e-05,-176.57994954487896,-0.0027104581240564585,0.0027104581240564585,0.1395544577641272
job_000009,Rwanda,210,210,7.0,10,0.5093743532896042,10,0.10366792728220367,0.6170193719863892,0.35183534516228565,0.32048363316957634,0.15972636900826961,0.3,0,,,,,,13890,0.005755699705332518,0.013810040429234505,-0.0006954940618015826,0.0013034637086093426,118.0832117022388,0.005761970300227404,0.0,0.25668580046355777
job_000009,Rwanda,211,211,7.033333333333333,10,0.514578327536583,10,0.10300364069543669,0.6167922131220499,0.35186939274823226,0.32032743571501754,0.15958753481855328,0.3,0,,,,,,13858,0.002772197127342224,0.00886581838130951,-0.0001688148913672194,-0.000414028181694448,-112.18257352931973,0.006934421136975288,0.0,0.16128784001868024
job_000009,Rwanda,212,212,7.066666666666666,10,0.5114188864827156,10,0.10119321173669465,0.6091198110580445,0.3496719236727114,0.31870968770925684,0.15001649951712182,0.3,0,,,,,,13500,0.007764196489006281,0.02324690669775009,0.0007624096469953656,-6.328822928480804e-05,-4.745288443585129,0.09259144961833954,0.0,0.09853330495443335
job_000009,Rwanda,213,213,7.1,10,0.5124467581510543,10,0.10062043234397797,0.609216480255127,0.3495217620001899,0.3185704346719514,0.14997438113691824,0.3,0,,,,,,13463,0.0012471929658204317,0.003054065629839897,0.00036789485602639616,-0.0004341759777162224,-49.72404557266235,0.002194442553445697,0.0,0.4562910201086155
job_000009,Rwanda,214,214,7.133333333333334,10,0.5049604952335358,10,0.10087304536735449,0.6091356563568114,0.34969342196429215,0.31872585473337445,0.1499532015021319,0.3,0,,,,,,13414,0.0032426612451672554,0.00942657608538866,0.0009035546681843698,-0.0004326108028180897,-25.584523188357824,-0.004789402708411217,0.004789402708411217,0.30893760175227825
job_000009,Rwanda,215,215,7.166666666666667,10,0.5005295097827911,10,0.10100491781642316,0.6091471195220948,0.34969187347977243,0.31865699450649243,0.14993326934202195,0.3,0,,,,,,13455,0.0008874356863088906,0.002563599729910493,0.00019985935068689287,-0.00015051147784106433,-36.98292795955621,-0.0015186261152848601,0.0015186261152848601,0.28193012514762444
job_000009,Rwanda,216,216,7.2,9,0.5471410552660624,9,0.09779466182614793,0.591104613410102,0.3845092251467606,0.31174689885824264,0.15647499740875884,0.3333333333333333,0,,,,,,12996,0.0028983650263398886,0.008146367967128754,0.0005453734192997217,-0.0006105833454057574,-48.22875205277546,0.0011847388232126832,0.0,0.28246422304344143
job_000009,Rwanda,217,217,7.233333333333333,9,0.5430534217092726,9,0.09752349782396463,0.5910680965141014,0.38460726757599,0.31180239178771074,0.15642390440387544,0.3333333333333333,0,,,,,,12935,0.0014426392735913396,0.0036295121535658836,-2.0943418348906562e-05,0.0002388887369306758,95.01032091261666,-0.006119022145867348,0.006119022145867348,0.16622661023201904
job_000009,Rwanda,218,218,7.266666666666667,11,0.4682416021823883,11,0.10647678053122675,0.6274317452401825,0.3508740637037489,0.30554124894185547,0.1378111216101369,0.2727272727272727,0,,,,,,14181,0.002558689331635833,0.006111000198870897,-7.423292845487595e-05,0.0004092557937838137,100.28082835834101,0.0018343488918617368,0.0,0.16255732275728288
job_000009,Rwanda,219,219,7.3,11,0.4616604501550848,11,0.10586863564727043,0.6358951091766357,0.352428390682747,0.3073124231005854,0.1500928098144959,0.2727272727272727,0,,,,,,14108,0.0019694734364748,0.005651673302054405,-0.00011420298687880859,-0.000560618529561907,-101.51411733284866,-0.0036465672310441732,0.0036465672310441732,0.2905001749987346
job_000009,Rwanda,220,220,7.333333333333333,10,0.4780100002884865,10,0.10236609654480734,0.6499047613143921,0.36582397778828935,0.3108451510363027,0.16096648373482333,0.3,0,,,,,,13694,0.00776270218193531,0.02465975098311901,-0.0009301197715103626,-0.0007379995076917112,-141.56990991947023,-0.05355779826641083,0.05355779826641083,0.15295391622914853
job_000009,Rwanda,221,221,7.366666666666666,9,0.4984273695283466,9,0.09564634193240366,0.5947985719751429,0.3911601565011734,0.30675799497816464,0.15038918285818148,0.3333333333333333,0,,,,,,12719,0.004721386358141899,0.0069275894202291965,0.0005136841209605336,-0.0027447754982858896,-79.39973078512381,0.008716365322470665,0.0,0.5914427540544609
job_000009,Rwanda,222,222,7.4,13,0.4439768000290944,13,0.1834000821270218,0.5697420694889167,0.382552114579073,0.3395214137007763,0.12931148773073348,0.23076923076923078,0,,,,,,21327,0.02251381240785122,0.07635476440191269,0.001620314666070044,-0.0063076321966946125,-75.59326816469398,0.027786927297711372,0.0,0.2892634144214118
job_000009,Rwanda,223,223,7.433333333333334,13,0.4351312541044675,13,0.16482842646567328,0.6074206275817676,0.3480574890419289,0.32747049849101023,0.15309680159455066,0.23076923076923078,0,,,,,,21871,0.008948985487222672,0.03172142431139946,0.001163120148703456,-0.0014579163398593664,-51.41726671954946,0.011237166821956635,0.0,0.20840781151389612
job_000009,Rwanda,224,224,7.466666666666667,12,0.4395584960778554,12,0.11253342580909086,0.6472235004107157,0.33399142335962373,0.3044864021770327,0.13258872979030525,0.25,0,,,,,,15008,0.005613288842141628,0.014473488554358482,0.0010036013554781675,0.00017183047020807862,9.715627730990196,-0.002610323950648308,0.002610323950648308,0.1813918744433042
job_000009,Rwanda,225,225,7.5,13,0.4062701337612592,13,0.11446770562287979,0.6771578715397761,0.3159012753739316,0.3010821209185371,0.14053487189071975,0.23076923076923078,0,,,,,,15283,0.0023328373208642006,0.005353127606213093,-3.847942207357846e-05,0.00015142410120461136,104.2580327628856,0.0016827520448714495,0.0,0.06697284716660683
job_000009,Rwanda,226,226,7.533333333333333,12,0.43429474035898846,12,0.11353745909439286,0.670564333597819,0.3310651219921348,0.3053550894577464,0.14758432128877458,0.25,0,,,,,,15139,0.004756373818963766,0.010669964365661144,0.0007914261659607291,-0.0012992406263947487,-58.65251782757674,-0.009524036198854446,0.009524036198854446,0.3198464260490064
job_000009,Rwanda,227,227,7.566666666666666,12,0.45326800271868706,12,0.11373516625599829,0.6705314967367384,0.3309437763543776,0.3053648517153664,0.1476063121467089,0.25,0,,,,,,15239,0.0022094419691711664,0.005714097525924444,0.0003065219789277762,-0.000409647764172405,-53.19405502492064,-0.010935205034911633,0.010935205034911633,0.23156603547244753
job_000009,Rwanda,228,228,7.6,13,0.4297099422950011,13,0.11782585337373112,0.6795923440884322,0.3167896450075329,0.2995613833695764,0.13753475397882892,0.23076923076923078,0,,,,,,15786,0.005826216656714678,0.010366538539528847,0.0024783750995993614,0.001141951186582446,24.738647253092882,0.00787805300205946,0.0,0.4683671458315469
job_000009,Rwanda,229,229,7.633333333333334,13,0.4125425001749626,13,0.11750573723281074,0.6800040685213529,0.31691470349955764,0.2995311635892825,0.137155727040846,0.23076923076923078,0,,,,,,15788,0.0028947170358151197,0.005233108997344971,0.0010430578840896487,0.0007595372153446078,36.06147770655569,-0.014966201968491077,0.014966201968491077,0.44574203795739953
job_000009,Rwanda,230,230,7.666666666666667,11,0.4377920614047484,11,0.11021558042120527,0.6861937407291296,0.36449264243797014,0.2972824520092026,0.13855435840520933,0.2727272727272727,0,,,,,,14833,0.004920018836855888,0.005799463950097561,0.002505248412489891,0.00183725799433887,36.25496541629563,-0.022006677463650703,0.022006677463650703,0.6314472683685232
job_000009,Rwanda,231,231,7.7,10,0.46639752238988874,10,0.10681148123664402,0.675163942972819,0.38588806222986294,0.3015267688887163,0.15209783642043911,0.3,0,,,,,,14292,0.0009937884751707315,0.0026493719778954983,-0.00010940197535092011,0.00037824135506525636,106.13190662017207,-0.001611486542969942,0.001611486542969942,0.3962062862890987
job_000009,Rwanda,232,232,7.733333333333333,10,0.46165196001529696,10,0.10684986960046781,0.6754055500030518,0.38590673128763836,0.3013873216107245,0.1517852220235454,0.3,0,,,,,,14213,0.0017587364418432117,0.00411239406093955,0.00010035884770331904,0.0005060363910160959,78.78246572155716,-0.0027427896857261658,0.0027427896857261658,0.2933311405383864
job_000009,Rwanda,233,233,7.766666666666667,11,0.4657577763904225,11,0.11081721775102508,0.6869168628345836,0.36446980113533606,0.29753496954090153,0.13777715808105703,0.2727272727272727,0,,,,,,14812,0.0018886012258008122,0.0032713154796510935,0.0004689386987593025,0.0009971032850444317,64.81235018673082,-0.004399870987981558,0.004399870987981558,0.5834320257240554
job_000009,Rwanda,234,234,7.8,11,0.4634602665901184,11,0.1104268510367358,0.6869913144545122,0.3644062755083797,0.2975759489449445,0.13796116160614028,0.2727272727272727,0,,,,,,14794,0.003565886290743947,0.0036569922231137753,0.0012516457354649901,0.0017408360727131367,54.28419909939155,0.0049142977222800255,0.0,0.6012786367948592
job_000009,Rwanda,235,235,7.833333333333333,11,0.46753971685062756,11,0.11041438963861844,0.6870629845243511,0.364495309836134,0.2975351302665422,0.13783304118388975,0.2727272727272727,0,,,,,,14616,0.0015829732874408364,0.0014880374073982239,0.000528037897311151,0.00043489731615409255,39.475212640834755,-0.0030527333728969097,0.0030527333728969097,0.43214614095641973
job_000009,Rwanda,236,236,7.866666666666666,12,0.4517064255972703,12,0.11397409807137368,0.6712942242622376,0.34034892041006204,0.30065187084183204,0.1400222368911793,0.25,0,,,,,,15311,0.0040122694335877895,0.00610464159399271,0.0009598531760275364,0.0012068034848198295,51.50237464859037,-0.007800854742527008,0.007800854742527008,0.3843153927934661
job_000009,Rwanda,237,237,7.9,13,0.4355596292477388,13,0.11752406954774168,0.6608295648525924,0.32053727043999564,0.2992548261464616,0.12253175011872677,0.23076923076923078,0,,,,,,15764,0.0035913134925067425,0.007858469150960445,0.00031667720759287477,0.0014864358818158507,77.97324629369534,-0.01324918307363987,0.01324918307363987,0.42318632276764423
job_000009,Rwanda,238,238,7.933333333333334,11,0.4494749741120772,11,0.11008009815773681,0.6592526508100105,0.35714030506634953,0.3056435705585812,0.1541753161601637,0.2727272727272727,0,,,,,,14768,0.0021911519579589367,0.005797395948320627,-0.0006638186750933528,0.0004925063112750649,143.4272094344692,-0.0324007123708725,0.0324007123708725,0.3772307241341406
job_000009,Rwanda,239,239,7.966666666666667,11,0.44595037265257403,11,0.10986145032739134,0.6591691450639205,0.35722119848334827,0.3056125573898796,0.15407113972451036,0.2727272727272727,0,,,,,,14654,0.0015611776616424322,0.003940764348953962,-0.00031697467784397304,0.0005873747286386788,118.35335968513066,-0.017739620059728622,0.017739620059728622,0.4275262257245429
job_000009,Rwanda,240,240,8.0,11,0.4404141659086401,11,0.10917041480846999,0.65488056269559,0.3582941832365813,0.30258167316384543,0.15509596797348063,0.2727272727272727,0,,,,,,14524,0.006106325425207615,0.010686018504202366,0.002172374865040183,0.0011403851676732302,27.697164572465987,-0.004012659192085266,0.004012659192085266,0.4017974255657763
job_000009,Rwanda,241,241,8.033333333333333,10,0.46943460702896117,10,0.10570047913852093,0.6711266533533732,0.38679824334603774,0.2983166263573881,0.15388048550588337,0.3,0,,,,,,14091,0.00412093847990036,0.014835149049758911,0.000793953484389931,-0.0010347925126552582,-52.502465283603044,0.013946088030934334,0.0,0.31650177786346284
job_000009,Rwanda,242,242,8.066666666666666,10,0.4627981573343277,10,0.10588309091559316,0.6712376181284585,0.3868580118815105,0.29803922838615193,0.15345948163823103,0.3,0,,,,,,14071,0.0070642163045704365,0.019256405532360077,0.0017764896620064974,-1.6673135178280063e-05,-0.53773024926906,-0.02100488170981407,0.02100488170981407,0.25148832170949775
job_000009,Rwanda,243,243,8.1,11,0.4375708875331012,11,0.10918656927914223,0.6551788358977346,0.35849661425709317,0.30218639408781556,0.15459864882212,0.2727272727272727,0,,,,,,14570,0.0029581196140497923,0.006290689576417208,-0.0001347558863926679,-0.000902367930393666,-98.49354662799422,0.019276976585388184,0.0,0.30843052708761276
job_000009,Rwanda,244,244,8.133333333333333,10,0.4708762377500534,10,0.10543405060966046,0.6712615442276,0.38686560736762154,0.29832881481797524,0.15345147823914124,0.3,0,,,,,,14011,0.009132123552262783,0.010409009642899036,-0.0010487838881090283,-0.0021275123581290245,-116.24157043684556,0.09018677473068237,0.0,0.2597394905545011
job_000009,Rwanda,245,245,8.166666666666666,10,0.4613730549812317,10,0.10611646962963907,0.6712244590123494,0.3871456351103606,0.2983828389003788,0.15313852129963773,0.3,0,,,,,,14127,0.004472820553928614,0.007479257415980101,0.00036596436984837055,-0.0007152814068831503,-62.904038620086546,0.037345487624406815,0.0,0.17963293285067525
job_000009,Rwanda,246,246,8.2,10,0.47556125819683076,10,0.10614471718592675,0.6715444056193034,0.38801292702003753,0.2979853032150881,0.1517219747932657,0.3,0,,,,,,14199,0.005202134605497122,0.009214417077600956,0.0013875046279281378,0.0024279351346194744,60.253106330946,0.005495013203471899,0.0,0.5375549302379964
job_000009,Rwanda,247,247,8.233333333333333,10,0.47286208271980285,10,0.1058555452396984,0.6717167250315348,0.38813455157809784,0.29797215747866423,0.1513857373796701,0.3,0,,,,,,14155,0.0034085342194885015,0.004737529903650284,0.000749130267649889,0.0022831184323877096,71.83445055620956,-0.0037832995876669884,0.0037832995876669884,0.7049595285889145
job_000009,Rwanda,248,248,8.266666666666667,10,0.47311650812625883,10,0.10646246983847779,0.6719550275802613,0.3884628878699409,0.29812676565481083,0.15082031469515156,0.3,0,,,,,,14179,0.005314118694514036,0.008558651432394981,0.0010675981175154448,0.0036238450556993484,73.58483215913735,0.01291032787412405,0.0,0.7109048105380184
job_000009,Rwanda,249,249,8.3,10,0.4850448817014694,10,0.10668604896787813,0.6722471523284912,0.3887557061513265,0.29829616070221554,0.15025131927297064,0.3,0,,,,,,14261,0.0028181623201817274,0.005095042288303375,0.0006456832052208483,0.0006447184714488685,44.957164374326965,0.0062744165770709515,0.0,0.3237755414214868
job_000009,Rwanda,250,250,8.333333333333334,9,0.4759096834394667,9,0.072820832919967,0.7047136518690321,0.3403145256356448,0.25442669972063625,0.12297507743721951,0.3333333333333333,0,,,,,,9675,0.009565668180584908,0.01829424314200878,0.0014050487661734223,0.004025743342936039,70.7601964239843,0.022572366520762444,0.0,0.4457494772298319
job_000009,Rwanda,251,251,8.366666666666667,9,0.46684982048140633,9,0.07257687988107293,0.7048531391002514,0.3403695907121823,0.25454122361507253,0.12289183901250425,0.3333333333333333,0,,,,,,9624,0.0018652367871254683,0.005005000624805689,9.357768431073055e-05,0.001432865159586072,86.2634284873357,-0.009159297682344913,0.009159297682344913,0.7698312664747619
job_000009,Rwanda,252,252,8.4,10,0.44768648147583007,10,0.10020890833893331,0.6396768649419148,0.3221823127181442,0.27336073900756414,0.14615663360770142,0.3,0,,,,,,13387,0.007852383889257908,0.01780569739639759,0.00039229507092386484,0.005567254964262247,85.9693311688002,-0.017737573012709618,0.017737573012709618,0.7107471323403156
job_000009,Rwanda,253,253,8.433333333333334,9,0.4656289782789018,9,0.09818482561922949,0.6520345546581127,0.3450214821615336,0.2764024503847654,0.1464681034932904,0.3333333333333333,0,,,,,,13142,0.0010885815136134624,0.0031601579394191504,0.0002142382727470249,0.0005697467713616788,69.39255111702468,-0.006069262977689505,0.006069262977689505,0.5591633174513807
job_000009,Rwanda,254,254,8.466666666666667,9,0.4547507365544637,9,0.09813172123044313,0.6521539228933829,0.3450097095819167,0.27603242424013913,0.14615665274323753,0.3333333333333333,0,,,,,,13009,0.0021112803369760513,0.0032734463457018137,0.000313243770506233,0.0008843891555443406,70.49624988513332,0.0016930068377405405,0.0,0.4443866676884576
job_000009,Rwanda,255,255,8.5,8,0.4675946794450283,8,0.092154132077105,0.6295719583829243,0.3649456805653042,0.27850963845006504,0.1602577764692208,0.375,0,,,,,,12199,0.0005893812049180269,0.0011945163132622838,-7.237196405185387e-05,-0.00031585615943185985,-102.90538544605758,-0.0032513015903532505,0.0032513015903532505,0.5497993068975843
job_000009,Rwanda,256,256,8.533333333333333,9,0.4446861081653171,9,0.09703517632448994,0.652552366256714,0.3449525621202257,0.2756258050983526,0.1458003265511869,0.3333333333333333,0,,,,,,12921,0.004307053983211517,0.012028327211737633,0.0015270684380084276,0.0008886276627890766,30.19586896339301,-0.006775361951440573,0.006775361951440573,0.41021176489055916
job_000009,Rwanda,257,257,8.566666666666666,9,0.44078348411454094,9,0.09343326188614742,0.6186182587235062,0.3376404703399281,0.274970934606399,0.15824736864036903,0.3333333333333333,0,,,,,,12364,0.0036945573519915342,0.013902061618864536,0.0007143525290302932,-0.0010923375375568867,-56.816644609751734,0.012751772999763489,0.0,0.3532716301061427
job_000009,Rwanda,258,258,8.6,11,0.39821855452927674,11,0.1519629252026717,0.6138011975721879,0.36879126969411313,0.30894541791680397,0.09640792654384665,0.2727272727272727,0,,,,,,14264,0.006415046285837889,0.0216287262737751,0.0011996871326118708,0.0038405524101108313,72.65257414088566,0.009303663857281208,0.0,0.6272078015800726
job_000009,Rwanda,259,259,8.633333333333333,11,0.4055006734349511,11,0.15251456385677747,0.6136680169539018,0.3691117652738937,0.3087734247393816,0.09608015160319275,0.2727272727272727,0,,,,,,14261,0.0040807598270475864,0.011757493019104004,0.0007934245513752103,0.0029520418029278517,74.95605313299018,-0.004778566304594278,0.004778566304594278,0.7490780715405618
job_000009,Rwanda,260,260,8.666666666666666,12,0.4215550161898136,12,0.1774207376186745,0.6065433753861321,0.40303091973434263,0.31561743223162986,0.09886698722888505,0.25,0,,,,,,17490,0.018072383478283882,0.07322795689105988,0.0019129288848489523,-0.001527095097117126,-38.600439611438325,-0.027479618787765503,0.027479618787765503,0.1354396093979713
job_000009,Rwanda,261,261,8.7,10,0.45229973196983336,10,0.12193824491074652,0.6397651449839274,0.38900031513637967,0.29316339695825255,0.1193499308131188,0.3,0,,,,,,16080,0.010802487842738628,0.03812110051512718,0.0002609363873489201,0.006739662028849125,87.78281311168314,0.04728540778160095,0.0,0.6243664896852288
job_000009,Rwanda,262,262,8.733333333333333,10,0.4268822282552719,10,0.1028750210435945,0.6399060980478922,0.3258721567083288,0.27147468363878274,0.14332175055860605,0.3,0,,,,,,13723,0.009075646288692951,0.01730744168162346,0.001142761786468327,0.00613254401832819,79.44435155885242,-0.006625907961279154,0.006625907961279154,0.6873459520554552
job_000009,Rwanda,263,263,8.766666666666667,10,0.44513405710458753,10,0.103359169888171,0.639922342300415,0.32596887977034955,0.27137713833772714,0.14359695397109343,0.3,0,,,,,,13718,0.0036522287409752607,0.009489035233855247,0.0003150675038341433,0.0019380036974325776,80.76602646781089,-0.00018638791516423225,0.00018638791516423225,0.5376025388094867
job_000009,Rwanda,264,264,8.8,11,0.4452519105239348,11,0.13127572455729988,0.6323327353506377,0.37206360691725604,0.29755994432498756,0.1278506437237108,0.2727272727272727,0,,,,,,17547,0.013637088239192963,0.040966372936964035,0.0027343316469341516,-0.0023918328806757927,-41.17752981801766,-0.021799976006150246,0.021799976006150246,0.2663931787737669
job_000009,Rwanda,265,265,8.833333333333334,11,0.4701568917794661,11,0.1323867236258921,0.632289052732063,0.3718085716067741,0.29725982732863687,0.127355911729885,0.2727272727272727,0,,,,,,17653,0.009758601896464825,0.024491136893630028,0.0010114802280440927,-0.00569069292396307,-79.92133949503646,0.02006363496184349,0.0,0.5922862432753205
job_000009,Rwanda,266,266,8.866666666666667,10,0.47526716589927676,10,0.10305576255518521,0.6400585269927977,0.32635759742171677,0.2709756398503636,0.14282473275785007,0.3,0,,,,,,13669,0.004349716939032078,0.011625127866864204,0.0005901461699977517,0.0013112903106957674,65.76987361313292,0.008848018944263458,0.0,0.3305890930090865
job_000009,Rwanda,267,267,8.9,11,0.46008875424211676,11,0.11416971305398751,0.6324819391424007,0.36430450914684764,0.2858568389401353,0.12400335445476042,0.2727272727272727,0,,,,,,15223,0.0073803202249109745,0.016104985028505325,-0.0010847909143194556,-0.004789652768522501,-102.7614149924909,0.0008165634935721755,0.0,0.6654130939865217
job_000009,Rwanda,268,268,8.933333333333334,10,0.4374884873628616,10,0.10809183723596455,0.611289488474528,0.3794925795661078,0.28588389924900204,0.13680412209872247,0.3,0,,,,,,14486,0.014481591060757637,0.043337464332580566,-0.0040725707076489925,-0.006298815831542015,-122.8851461058849,-0.06321189552545547,0.06321189552545547,0.5179491307144652
job_000009,Rwanda,269,269,8.966666666666667,10,0.4399899482727051,10,0.10768493303389541,0.6110723018646241,0.37934431005407265,0.28566604631423853,0.13651553522163104,0.3,0,,,,,,14389,0.007659457623958588,0.02358013391494751,-0.002707534935325384,-0.002951517468318343,-132.5312973577643,-0.02978910505771637,0.02978910505771637,0.5229184391192432
job_000009,Rwanda,270,270,9.0,9,0.4670839276578691,9,0.10178497521752702,0.6164668895580151,0.3405166661297834,0.27421818968339834,0.16061100605261489,0.3333333333333333,0,,,,,,13440,0.009175777435302734,0.03698692470788956,5.207707545196172e-06,0.00041514841723255813,89.28130759591232,-0.01762869954109192,0.01762869954109192,0.04524750977832296
job_000009,Rwanda,271,271,9.033333333333333,9,0.47104313638475204,9,0.10190915924263219,0.6163591579154686,0.3405151689003525,0.27385973002949515,0.16049273178103926,0.3333333333333333,0,,,,,,13559,0.008195093832910061,0.021601444110274315,-0.002473348518833518,-0.004199458751827478,-120.4967410552284,0.0014369589043781161,0.0,0.5947089178207936
job_000009,Rwanda,272,272,9.066666666666666,10,0.4482901319861412,10,0.12040041676751347,0.6385744953155517,0.3856992350684272,0.3002624891936439,0.1643261236812781,0.3,0,,,,,,16013,0.01240792777389288,0.05279438942670822,-0.0017451121238991618,-0.003307777689769864,-117.81516176039037,0.07987657934427261,0.0,0.30141167761351495
job_000009,Rwanda,273,273,9.1,10,0.46419036090373994,10,0.11804648878530169,0.6092852767308554,0.3774933129769785,0.2831556445337005,0.13708207390622937,0.3,0,,,,,,15704,0.0074801938608288765,0.029242172837257385,-0.0018515194533392787,-0.003205390414223075,-120.01188222481703,0.016857130452990532,0.0,0.4948681014031241
job_000009,Rwanda,274,274,9.133333333333333,9,0.4752185708946652,9,0.1011302080941338,0.6162114443602387,0.33986164297096033,0.27254434025612867,0.1607090457678674,0.3333333333333333,0,,,,,,13422,0.00881623663008213,0.030373478308320045,-0.0017029533628374338,0.003228309564292431,117.8119254980817,0.011009560897946358,0.0,0.4140015918849474
job_000009,Rwanda,275,275,9.166666666666666,10,0.45192039757966995,10,0.10726857309412693,0.6390537850062052,0.3275713574444806,0.2698602203328234,0.14062423870440338,0.3,0,,,,,,14188,0.0044241901487112045,0.010285760276019573,-0.0003970208636019379,0.003099587745964527,97.29917279836974,0.004620835185050964,0.0,0.7063238819919402
job_000009,Rwanda,276,276,9.2,11,0.44710122455250134,11,0.12384752549867968,0.6011385267431085,0.4062367098901408,0.2851550671501841,0.10717969478487417,0.2727272727272727,0,,,,,,15012,0.014143772423267365,0.047146026045084,-0.006454145535826683,-0.00030835572397336364,-177.26469486027764,-0.04012999311089516,0.04012999311089516,0.45684469491604673
job_000009,Rwanda,277,277,9.233333333333333,10,0.4673464745283127,10,0.11243562472316468,0.6087407890955607,0.3765021596131501,0.28057476012439897,0.1365212718471675,0.3,0,,,,,,15096,0.008530227467417717,0.024856217205524445,-0.004081693012267351,-0.0005600529257208109,-172.18717885591533,0.008817796595394611,0.0,0.4829808536367276
job_000009,Rwanda,278,278,9.266666666666667,10,0.4618082195520401,10,0.11022135293814637,0.6080315113067626,0.3752983298125091,0.2786942696358297,0.13678143285131023,0.3,0,,,,,,14651,0.019971521571278572,0.061226606369018555,-0.010713871568441391,-0.0038294915575534105,-160.33143244606714,-0.03039734438061714,0.03039734438061714,0.5696961856575321
job_000009,Rwanda,279,279,9.3,9,0.4697572688261668,9,0.09819428080317681,0.6167446472026684,0.33999840928693853,0.27032022177938486,0.15939354549999724,0.3333333333333333,0,,,,,,13134,0.00531596876680851,0.018414704129099846,-0.0028024388011544943,0.0021139176096767187,142.97225408679583,-0.009779805317521095,0.009779805317521095,0.6603340015947352
job_000009,Rwanda,280,280,9.333333333333334,9,0.4755956828594208,9,0.09606148549563605,0.6168336656358506,0.34026677637924385,0.2702067238602326,0.15894484465751577,0.3333333333333333,0,,,,,,12797,0.01153759565204382,0.04161669313907623,-0.006336410995572805,0.006298098247498274,135.17374256455727,-0.027820616960525513,0.027820616960525513,0.7743370895996354
job_000009,Rwanda,281,281,9.366666666666667,9,0.46907198760244584,9,0.09575099823144553,0.616810108114172,0.3405812357678825,0.2701458216880644,0.15902049236546212,0.3333333333333333,0,,,,,,12702,0.007865775376558304,0.021992214024066925,-0.003625208744779229,0.0018182328203693032,153.36382773261798,0.02167408913373947,0.0,0.5156042019727283
job_000009,Rwanda,282,282,9.4,9,0.46288155515988666,9,0.1027920223997501,0.6159788696854203,0.3421843858412755,0.27136614778262613,0.16115050633830094,0.3333333333333333,0,,,,,,13717,0.014379121363162994,0.03793128579854965,-0.004136574454605579,0.0020343961659818888,153.81171880515203,0.0216811615973711,0.0,0.32058801406213433
job_000009,Rwanda,283,283,9.433333333333334,9,0.4465897778669993,9,0.10231751635753482,0.6160754044850667,0.34218669075043606,0.2712665889846953,0.1611517640485083,0.3333333333333333,0,,,,,,13661,0.005592796485871077,0.01935148611664772,-0.000805444666184485,0.0020192337688058615,111.74637897574371,-0.010613816790282726,0.010613816790282726,0.38870485191785537
job_000009,Rwanda,284,284,9.466666666666667,9,0.4198516739739312,9,0.10087423753403134,0.6156847141407155,0.3424726117295002,0.2710424040157012,0.16085082814372684,0.3333333333333333,0,,,,,,13388,0.012017063796520233,0.051755111664533615,-0.0011970039922744036,0.0035784749779850245,108.49514753529759,0.0035712290555238724,0.0,0.3140007816465119
job_000009,Rwanda,285,285,9.5,10,0.4109055012464523,10,0.0710834081978343,0.640167161623637,0.3519329954076696,0.23261822462579718,0.09774825902695795,0.3,0,,,,,,8127,0.011413207277655602,0.035818085074424744,-0.0017648660577833652,-0.0006865890463814139,-158.74238152893997,0.001915108528919518,0.0,0.16592312851532717
job_000009,Rwanda,286,286,9.533333333333333,11,0.3922082917256789,11,0.08795779780391541,0.5856208093238598,0.37119338392007234,0.28785153946323583,0.13251694370599598,0.2727272727272727,0,,,,,,10266,0.046678200364112854,0.15020428597927094,-0.009015163406729698,0.030003374442458153,106.72403323552177,-0.020017754286527634,0.020017754286527634,0.671159374547982
job_000009,Rwanda,287,287,9.566666666666666,11,0.40210468118841,11,0.08699779214896797,0.5852419401660108,0.3724953531014799,0.288774926565116,0.1323320042906352,0.2727272727272727,0,,,,,,10268,0.02467736415565014,0.0691782757639885,-0.007101047784090042,0.017023051157593727,112.6431189540898,-0.0004295598773751408,0.0004295598773751408,0.7474363676512752
job_000009,Rwanda,288,288,9.6,9,0.4580099152194129,9,0.05656663367926987,0.6554281164098669,0.3189562055799696,0.21577176625945121,0.08457143212200709,0.3333333333333333,0,,,,,,6286,0.014342302456498146,0.04785849526524544,-0.0001837137242546305,0.0058397869579494,91.80187235514887,-0.043507080525159836,0.043507080525159836,0.4073736405979292
job_000009,Rwanda,289,289,9.633333333333333,8,0.42592857778072357,8,0.04227277171305711,0.6485882500807444,0.2848726864214297,0.20371067127048922,0.12982756688275626,0.375,0,,,,,,5537,0.007279984187334776,0.023833654820919037,-8.104619337245822e-05,0.004935476928949356,90.94077787642662,0.034599971026182175,0.0,0.6780430002061124
job_000009,Rwanda,290,290,9.666666666666666,11,0.3740518648516048,11,0.07248563501407014,0.682339554122,0.28652890009510795,0.2235800453057759,0.07997223382958941,0.2727272727272727,0,,,,,,8243,0.021467026323080063,0.0659940093755722,-0.003320848336443305,0.017189931124448776,100.9340294581384,0.011389978229999542,0.0,0.8155653582386849
job_000009,Rwanda,291,291,9.7,12,0.37678055713574093,12,0.10909024058351793,0.6429758429527282,0.36520146440576623,0.2779869825023365,0.10493438498911267,0.25,0,,,,,,11233,0.011463841423392296,0.038564532995224,-0.004948837216943502,0.005234536714851856,133.39296064924133,0.04885333031415939,0.0,0.6283727962001606
job_000009,Rwanda,292,292,9.733333333333333,11,0.4036654125560414,11,0.09810229155512377,0.6202148972135602,0.34501947088273693,0.2837881735370236,0.13238340492871012,0.2727272727272727,0,,,,,,13042,0.03165343776345253,0.10850510746240616,-0.010094469413161278,0.016538046300411224,121.39899753221164,0.028660334646701813,0.0,0.6121097665734773
job_000009,Rwanda,293,293,9.766666666666667,11,0.40332346748222003,11,0.09874172381653391,0.6195246176286177,0.34549729382550276,0.28384442096220625,0.1309433164760384,0.2727272727272727,0,,,,,,13206,0.0220254585146904,0.06510579586029053,-0.01674448885023594,0.005752822384238243,161.03906596216981,0.07641838490962982,0.0,0.8038500137035988
job_000009,Rwanda,294,294,9.8,11,0.40583245862614026,11,0.10051137434071324,0.6176376386122269,0.3473582473266807,0.28476342035069396,0.12717129145753298,0.2727272727272727,0,,,,,,13356,0.08404580503702164,0.38507577776908875,-0.07521679997444153,0.020498115569353104,164.75591198645185,-0.5317374467849731,0.5317374467849731,0.9275877572627038
job_000009,Rwanda,295,295,9.833333333333334,11,0.428501695394516,11,0.09996594722122003,0.6163020870902322,0.3479774198949538,0.2849524446815489,0.12473212677594869,0.2727272727272727,0,,,,,,13323,0.035949766635894775,0.17331507802009583,-0.0290253646671772,0.013481776230037212,155.08595263392743,-0.2732294499874115,0.2732294499874115,0.8902309489417054
job_000009,Rwanda,296,296,9.866666666666667,11,0.39642772484909405,11,0.10081171278645253,0.614459566636519,0.3491383022732205,0.28544546183226166,0.1207994861778286,0.2727272727272727,0,,,,,,13467,0.11409490555524826,0.5968490242958069,-0.10575926303863525,0.028841769322752953,164.74572140736424,-0.6622391939163208,0.6622391939163208,0.9607920856886927
job_000009,Rwanda,297,297,9.9,11,0.44963129542090674,11,0.1022590539772015,0.6131998827963163,0.3496035270819359,0.2857416372612803,0.11830684376415021,0.2727272727272727,0,,,,,,13705,0.05122152343392372,0.2736058533191681,-0.0467960350215435,0.007246128283441067,171.19794420190178,-0.3079398274421692,0.3079398274421692,0.9244888046777506
job_000009,Rwanda,298,298,9.933333333333334,10,0.4617083206772804,10,0.09475941860278167,0.6242339007059733,0.3186926643936722,0.27849838647987035,0.13947853680642736,0.3,0,,,,,,12652,0.1590273082256317,0.7050930857658386,-0.1378163844347,0.07061408460140228,152.87039628022825,-1.161199927330017,1.161199927330017,0.9737561373945575
job_000009,Rwanda,299,299,9.966666666666667,10,0.47176099717617037,10,0.09151191136610039,0.6227594677607218,0.31998334284181945,0.2797717567608496,0.13789466592686103,0.3,0,,,,,,12207,0.045769430696964264,0.2327370047569275,-0.03616482391953468,0.019964270293712616,151.09973902960297,0.019137179479002953,0.0,0.9025543898105611
job_000009,Rwanda,300,300,10.0,9,0.4496578888760673,9,0.07503249740756597,0.631247071866636,0.33727715888631693,0.3296949755395794,0.13527454633820318,0.3333333333333333,0,,,,,,10160,0.007204342633485794,0.01652761548757553,-0.0003671407757792622,0.0025590690784156322,98.16431676686264,0.006172474939376116,0.0,0.35884899946190385
job_000009,Rwanda,301,301,10.033333333333333,10,0.4854863420128822,10,0.09236978275545375,0.6230249897638956,0.3713599162631564,0.32995424831328224,0.14327859837553686,0.3,0,,,,,,12461,0.037956856191158295,0.16716085374355316,-0.02386714704334736,0.02538073994219303,133.23961594963728,-0.25753092765808105,0.25753092765808105,0.9178831288468965
job_000009,Rwanda,302,302,10.066666666666666,9,0.5107280595435036,9,0.08490675700296636,0.6301407549116347,0.3129250336085818,0.2934149202923362,0.14328181156709238,0.3333333333333333,0,,,,,,11363,0.10329273343086243,0.5181207656860352,-0.04890041798353195,0.08372572809457779,120.28727193976775,-0.2244081348180771,0.2244081348180771,0.9386917353126998
job_000009,Rwanda,303,303,10.1,10,0.4539395496249199,10,0.09570224487059831,0.6212028948465983,0.37040019529837154,0.328831602094945,0.1423214351093845,0.3,0,,,,,,12934,0.034796226769685745,0.11483295261859894,0.0006260955124162138,0.028700467199087143,88.75030112307083,0.21491746604442596,0.0,0.8250117363911967
job_000009,Rwanda,304,304,10.133333333333333,10,0.4404281675815582,10,0.11092500932714487,0.6192771593729655,0.37917001618279356,0.3382711137554862,0.13116506286348636,0.3,0,,,,,,14396,0.05149427801370621,0.20025718212127686,0.01280971523374319,0.033826544880867004,69.25891171659065,-0.02819291688501835,0.02819291688501835,0.7024229153118835
job_000009,Rwanda,305,305,10.166666666666666,10,0.4657525658607483,10,0.11032394661882768,0.6493192545572917,0.3695524893866645,0.3297151849451311,0.14947482649201382,0.3,0,,,,,,14848,0.02557792328298092,0.07472538948059082,0.002166104270145297,0.009777721017599106,77.50873736733337,0.14121246337890625,0.0,0.39154003105893226
job_000009,Rwanda,306,306,10.2,10,0.4089695319533348,10,0.07783893935576212,0.5688113713264465,0.3474763955010308,0.3505435819513075,0.1742330931495275,0.3,0,,,,,,10527,0.011804262176156044,0.027907460927963257,-0.004365719389170408,0.003468383103609085,141.53431427866406,0.14998163282871246,0.0,0.4723520850944433
job_000009,Rwanda,307,307,10.233333333333333,8,0.45609654672443867,8,0.0645707383500157,0.6412547747294108,0.2692558827223601,0.2804134756457005,0.16810256298247644,0.25,0,,,,,,8758,0.005626550875604153,0.015971992164850235,-0.002441035583615303,0.003644862212240696,123.81099468990458,0.06891299784183502,0.0,0.7796537276948415
job_000009,Rwanda,308,308,10.266666666666667,9,0.42121320797337425,9,0.10966709318139266,0.6265757348802354,0.3356248981177561,0.3261751622657028,0.12151720304898848,0.2222222222222222,0,,,,,,14505,0.02830100618302822,0.09620590507984161,-0.001983980182558298,0.006710735149681568,106.46993179998367,0.060255393385887146,0.0,0.24726566365823288
job_000009,Rwanda,309,309,10.3,9,0.39762628078460693,9,0.08900668707996957,0.6770475564179597,0.3336011717839496,0.31734731571266495,0.17005166980422967,0.2222222222222222,0,,,,,,12017,0.04032601788640022,0.11694858968257904,-0.007147233001887798,0.03037853166460991,103.23934612595944,0.1921650618314743,0.0,0.7738919783821196
job_000009,Rwanda,310,310,10.333333333333334,8,0.5262029580771923,8,0.10204990572447127,0.5987590869267782,0.44427142010794746,0.3483849205477466,0.146065576492295,0.25,0,,,,,,13592,0.03293474018573761,0.11758960783481598,0.007885252125561237,-0.0032385471276938915,-22.32841659262735,0.10263776779174805,0.0,0.25882698798773696
job_000009,Rwanda,311,311,10.366666666666667,9,0.5063231935103735,9,0.10632389742085016,0.6308436111167625,0.42624595037703655,0.34597974626886074,0.1508362476205273,0.2222222222222222,0,,,,,,14192,0.024330776184797287,0.061220161616802216,-0.0056594861671328545,0.01771686226129532,107.7155959314792,0.07169585675001144,0.0,0.764416379297994
job_000009,Rwanda,312,312,10.4,7,0.5530776424067361,7,0.07546001280040658,0.6112644263676235,0.3781387884150106,0.3194668076139125,0.20368148251840432,0.2857142857142857,0,,,,,,10239,0.0208608228713274,0.06725138425827026,-0.001752021606080234,0.011484521441161633,98.67388320881143,-0.03821280598640442,0.03821280598640442,0.5569000197787355
job_000009,Rwanda,313,313,10.433333333333334,6,0.577925314505895,6,0.043705845442850264,0.6492604123221504,0.30353429464646325,0.2643395706785707,0.17563334960486757,0.3333333333333333,0,,,,,,5920,0.01104832999408245,0.03626464307308197,-0.002085629617795348,0.006621973589062691,107.4821283693137,0.029324671253561974,0.0,0.6283890617351584
job_000009,Rwanda,314,314,10.466666666666667,7,0.5647699236869812,7,0.0761694887565246,0.6110709530966624,0.3788719550642387,0.32003026956778124,0.2029453894667996,0.2857142857142857,0,,,,,,10275,0.02058197557926178,0.0708414614200592,-0.0039330399595201015,0.008876585401594639,113.89718766752415,0.04821860417723656,0.0,0.47171814662580486
job_000009,Rwanda,315,315,10.5,7,0.5412124863692692,7,0.07582712277509815,0.6109388147081648,0.3794696949146412,0.32069423149314435,0.20266435106432765,0.2857142857142857,0,,,,,,10178,0.01137259416282177,0.037750136107206345,-0.0029327021911740303,0.008589958772063255,108.85044394926013,0.04978282004594803,0.0,0.7981284493600106
job_000009,Rwanda,316,316,10.533333333333333,7,0.5031814106873104,7,0.07609656568846496,0.610410415558588,0.38012216456983455,0.3218241024724371,0.20263707390309024,0.2857142857142857,0,,,,,,10247,0.020924421027302742,0.05080767720937729,-0.011677800677716732,0.012562073767185211,132.9107705776872,0.08488135784864426,0.0,0.8196920162199046
job_000009,Rwanda,317,317,10.566666666666666,7,0.501824996301106,7,0.07696577594802269,0.6101101466587612,0.38078468968628576,0.32164932419990233,0.2012123599639466,0.2857142857142857,0,,,,,,10381,0.01219224650412798,0.03834184259176254,-0.006602548994123936,0.008228638209402561,128.74309039712563,0.038668371737003326,0.0,0.8653104020911814
job_000009,Rwanda,318,318,10.6,7,0.5543181640761239,7,0.08025992737121501,0.6084641706375848,0.38265675236939123,0.3234597786118986,0.19857435722696554,0.2857142857142857,0,,,,,,10767,0.024756090715527534,0.0802072137594223,-0.012671098113059998,0.015696652233600616,128.91214933822187,-0.013320363126695156,0.013320363126695156,0.8148618558468133
job_000009,Rwanda,319,319,10.633333333333333,7,0.576125545161111,7,0.08273447353064703,0.6076144059499106,0.38352718731713675,0.323329241158871,0.19609307340624246,0.2857142857142857,0,,,,,,11120,0.012553212232887745,0.044668421149253845,-0.004980028606951237,0.006911482196301222,125.77441804351966,-0.006289125885814428,0.006289125885814428,0.6786119593439148
job_000009,Rwanda,320,320,10.666666666666666,8,0.5218876488506794,8,0.09113731148740538,0.5918148100376129,0.3653072827392154,0.3094178014305075,0.1566917549088054,0.25,0,,,,,,11371,0.028481246903538704,0.10714645683765411,-0.012783561833202839,0.01574571430683136,129.07230410995734,0.026244865730404854,0.0,0.7121068341467601
job_000009,Rwanda,321,321,10.7,8,0.5138107649981976,8,0.09312661176998292,0.5913638293743133,0.36616978601173117,0.31019705298591516,0.15644570913711475,0.25,0,,,,,,11658,0.012366870418190956,0.040085989981889725,-0.006122182589024305,0.006843573413789272,131.8154515001863,0.03404347226023674,0.0,0.7424961400763326
job_000009,Rwanda,322,322,10.733333333333333,7,0.55233776143619,7,0.087124342847161,0.6053176471165249,0.38528185117812386,0.3258106275298529,0.1953302115540752,0.2857142857142857,0,,,,,,11623,0.02557077445089817,0.08786521106958389,-0.01384753454476595,0.014027586206793785,134.62991884574598,0.06224970519542694,0.0,0.7708447831289035
job_000009,Rwanda,323,323,10.766666666666667,7,0.5842198857239315,7,0.08696921524020132,0.6050108001345681,0.38614249052824806,0.3264355124561665,0.19455684751615368,0.2857142857142857,0,,,,,,11580,0.012929209508001804,0.04744163155555725,-0.007744923699647188,0.004729524254798889,148.5892076334929,0.039161037653684616,0.0,0.7018846469164876
job_000009,Rwanda,324,324,10.8,7,0.5665846850190844,7,0.08356813014007423,0.6039798282441639,0.38710560874333455,0.32747890479239183,0.19278228278097803,0.2857142857142857,0,,,,,,11183,0.03385227173566818,0.1209312379360199,-0.022806741297245026,0.009595578536391258,157.1818396245394,0.08882050216197968,0.0,0.7309149616221456
job_000009,Rwanda,325,325,10.833333333333334,8,0.4861115850508213,8,0.10514731858421879,0.6267665227254231,0.44478611217604747,0.34739859625211333,0.11561985385487458,0.25,0,,,,,,11233,0.020025569945573807,0.08051550388336182,-0.014713875018060207,0.0015970473177731037,173.8053535319074,0.008088290691375732,0.0,0.7390697602692683
job_000009,Rwanda,326,326,10.866666666666667,8,0.5158665850758553,8,0.08756340881743031,0.6487153490384421,0.37579930226008096,0.3313237061938572,0.1970333569994967,0.25,0,,,,,,11875,0.05880504101514816,0.26170283555984497,-0.04379770904779434,0.00914260745048523,168.20903877188465,-0.27963703870773315,0.27963703870773315,0.7608493421804127
job_000009,Rwanda,327,327,10.9,8,0.503435030579567,8,0.08909614242480597,0.6480943580468496,0.3757958564493391,0.3311650874616511,0.19564105644702445,0.25,0,,,,,,12022,0.01739710196852684,0.05753856524825096,-0.009438990615308285,0.0019472017884254456,168.34377238709567,-0.022352291271090508,0.022352291271090508,0.5539856887618968
job_000009,Rwanda,328,328,10.933333333333334,7,0.4775868079492024,7,0.08727155509813055,0.5987375145866757,0.3889270070999387,0.3256629956907619,0.17862581322229434,0.2857142857142857,0,,,,,,11553,0.03438660502433777,0.11105267703533173,-0.017025237902998924,0.0051832362078130245,163.06742944000052,-0.071208156645298,0.071208156645298,0.5175491996337865
job_000009,Rwanda,329,329,10.966666666666667,7,0.47767203620501925,7,0.08705141476954817,0.5985803581419445,0.38858706307789637,0.32575037151527586,0.17780465181116384,0.2857142857142857,0,,,,,,11662,0.018594855442643166,0.07083138078451157,-0.007312868256121874,0.0053782169707119465,143.66753999358696,-0.004261069931089878,0.004261069931089878,0.4881793333564779
job_000009,Rwanda,330,330,11.0,7,0.4920681970460074,7,0.08495303080714228,0.5991387753259568,0.38965217650882783,0.32763188385544945,0.17688816987300218,0.2857142857142857,0,,,,,,11454,0.05350042134523392,0.19208237528800964,-0.025183940306305885,0.015246042981743813,148.8098109772051,0.04121620953083038,0.0,0.5502630485891428
job_000009,Rwanda,331,331,11.033333333333333,7,0.4910263206277575,7,0.08366614353108139,0.59944041797093,0.39047550801877623,0.32827641854967415,0.17703201571567043,0.2857142857142857,0,,,,,,11221,0.02140013501048088,0.07751067727804184,-0.007379172835499048,0.001722989371046424,166.85727143653557,-0.027763348072767258,0.027763348072767258,0.3540938829247841
job_000009,Rwanda,332,332,11.066666666666666,8,0.4452494829893112,8,0.08485849563768091,0.6465654850006104,0.3801261983535908,0.3379955500493365,0.18885234499387804,0.25,0,,,,,,11450,0.044291846454143524,0.16123269498348236,-0.011233675293624401,0.012729175388813019,131.42885321654688,-0.06503954529762268,0.06503954529762268,0.3833044147199151
job_000009,Rwanda,333,333,11.1,5,0.5618931710720062,5,0.05516687829599696,0.5503786659240724,0.34724588712056476,0.28542428822603333,0.2282205465140379,0.4,0,,,,,,7617,0.009033343754708767,0.03735780343413353,0.002328797010704875,0.0007551111048087478,17.965256968382047,-0.06077192723751068,0.06077192723751068,0.27101373010422514
job_000009,Rwanda,334,334,11.133333333333333,5,0.5748453974723816,5,0.0550460439151835,0.5512784989674886,0.3470186215859873,0.2858711193370221,0.22825968399114185,0.4,0,,,,,,7467,0.016032086685299873,0.07058589160442352,0.0023838712368160486,0.0014597867848351598,31.481625322859667,-0.10828015208244324,0.10828015208244324,0.1743579024765767
job_000009,Rwanda,335,335,11.166666666666666,5,0.583767569065094,5,0.05506236100243566,0.5514451789855956,0.3469402087176288,0.28593199248648826,0.22849989071265447,0.4,0,,,,,,7439,0.007116073742508888,0.02562451735138893,0.0007945151883177459,-0.0024471087381243706,-72.01267881366628,-0.06540117412805557,0.06540117412805557,0.36155576277683016
job_000009,Rwanda,336,336,11.2,5,0.537289434671402,5,0.054337209112631686,0.5515798568725586,0.34744607077704537,0.2871781046276434,0.2293815936900065,0.4,0,,,,,,7366,0.014165053144097328,0.04958827793598175,0.0010690225753933191,-0.004843505099415779,-77.55364354038184,-0.12159406393766403,0.12159406393766403,0.3501628723886876
job_000009,Rwanda,337,337,11.233333333333333,5,0.5433931589126587,5,0.053658197342076705,0.5517541917165121,0.34786574858206293,0.28718344024717335,0.22855657830084103,0.4,0,,,,,,7319,0.005817705299705267,0.022191418334841728,0.0013021283084526658,-0.001600415911525488,-50.86755346395314,-0.08525960892438889,0.08525960892438889,0.35464466912750064
job_000009,Rwanda,338,338,11.266666666666667,5,0.5352604448795318,5,0.053430623268199,0.5521832275390626,0.3480620327702275,0.2871404439688087,0.22838290954164348,0.4,0,,,,,,7286,0.012443272396922112,0.04889079928398132,0.0025036917068064213,0.0011786811519414186,25.2099903153154,-0.22653579711914062,0.22653579711914062,0.2223905389999145
job_000009,Rwanda,339,339,11.3,5,0.4991991281509399,5,0.05305294979691188,0.5522658729553223,0.34828902774386933,0.2871940112128685,0.2280336873702346,0.4,0,,,,,,7178,0.006391110364347696,0.02434876747429371,0.0020244054030627012,0.0014247107319533825,35.136637693683234,-0.10782767832279205,0.10782767832279205,0.38733228296287464
job_000009,Rwanda,340,340,11.333333333333334,6,0.4343731676538785,6,0.05897047417407049,0.6083852185143365,0.3444604302630012,0.2862715068565887,0.20510813495781235,0.3333333333333333,0,,,,,,8039,0.009542493149638176,0.02706782892346382,0.00259732105769217,-0.00018893413653131574,-4.160477453948002,-0.10861509293317795,0.10861509293317795,0.27290391170304334
job_000009,Rwanda,341,341,11.366666666666667,5,0.4617284655570984,5,0.05243143335361018,0.5912407652537028,0.39053667280409077,0.2895215054255061,0.21829237677565533,0.4,0,,,,,,7152,0.0017695408314466476,0.004411106929183006,-0.0007218563696369529,-0.00019891631382051855,-164.5938072505227,-0.018992500379681587,0.018992500379681587,0.4231390672395508
job_000009,Rwanda,342,342,11.4,7,0.4536807920251574,7,0.060310207867609905,0.6243006183987572,0.3082855222086427,0.2826938611282648,0.16917435356898075,0.2857142857142857,0,,,,,,8184,0.016622411087155342,0.03314262628555298,0.01121533289551735,0.0014469258021563292,7.351304369671362,-0.08611050248146057,0.08611050248146057,0.6803034713651627
job_000009,Rwanda,343,343,11.433333333333334,7,0.4688265025615692,7,0.060886136097061005,0.6245997451600573,0.3088269839211116,0.28243228488630884,0.16822945844682602,0.2857142857142857,0,,,,,,8227,0.0059815021231770515,0.015599355101585388,0.003382896538823843,0.0008030036115087569,13.353255037778816,0.035543397068977356,0.0,0.5812746765698393
job_000009,Rwanda,344,344,11.466666666666667,8,0.47928921319544315,8,0.06417332889443127,0.5478933053712051,0.3549127569905034,0.35433712157299846,0.18400310456351288,0.25,0,,,,,,8569,0.011095527559518814,0.026505660265684128,0.0061599696055054665,0.0017521146219223738,15.877638809210424,-0.027821071445941925,0.027821071445941925,0.5771970410102247
job_000009,Rwanda,345,345,11.5,8,0.4931279942393303,8,0.0645617358978043,0.5478835073610147,0.3549044675297207,0.3541532251373054,0.1838580102916738,0.25,0,,,,,,8667,0.005168802570551634,0.015004167333245277,0.0017409572610631585,0.0025576381012797356,55.757294546178464,-0.026121387258172035,0.026121387258172035,0.5985790218859415
job_000009,Rwanda,346,346,11.533333333333333,8,0.47659340500831604,8,0.06437536903810533,0.5478301799545685,0.3559450970755683,0.3532588373945106,0.18190953544254457,0.25,0,,,,,,8671,0.009806592017412186,0.029263628646731377,0.0027197878807783127,0.004514018539339304,58.93018245940607,-0.04843664914369583,0.04843664914369583,0.5374004857393533
job_000009,Rwanda,347,347,11.566666666666666,7,0.5206621076379504,7,0.061175152669474986,0.6249392395927794,0.3114739110230138,0.28131226357770595,0.16322661066669722,0.2857142857142857,0,,,,,,8263,0.0038415673188865185,0.011674814857542515,0.0016667824238538742,0.0016627927543595433,44.93134526117062,-0.0025101001374423504,0.0025101001374423504,0.612866229264573
job_000009,Rwanda,348,348,11.6,8,0.46767833828926086,8,0.06405276313149848,0.5482425508399805,0.35619153534924547,0.3530961827060032,0.1813063136393135,0.25,0,,,,,,8675,0.009814788587391376,0.02825796790421009,0.004483004566282034,0.0010687949834391475,13.40958610542089,-0.01799141801893711,0.01799141801893711,0.46956179688707694
job_000009,Rwanda,349,349,11.633333333333333,8,0.4776786733418703,8,0.06331546742749063,0.5483436654011408,0.3564068697116993,0.3532312117272517,0.1813353819555868,0.25,0,,,,,,8603,0.006007985677570105,0.01732749119400978,0.0029387890826910734,0.00021502916933968663,4.184835099599486,0.016963979229331017,0.0,0.49045478929527053
job_000009,Rwanda,350,350,11.666666666666666,6,0.5373070190350214,6,0.055139965362501736,0.5821123705969916,0.3190279059939914,0.2802524794558609,0.16054138734828458,0.3333333333333333,0,,,,,,7501,0.017276747152209282,0.030412334948778152,0.010794253088533878,0.006313682533800602,30.323855243413313,0.15171605348587036,0.0,0.7238132449802392
job_000009,Rwanda,351,351,11.7,7,0.4776028607572828,7,0.05782463694149668,0.5018918079989297,0.36959137689499627,0.35078107288538446,0.18337964764750897,0.2857142857142857,0,,,,,,7980,0.027601363137364388,0.07344101369380951,0.01766279898583889,0.0046031661331653595,14.607143386172659,0.2129291594028473,0.0,0.6612995792661024
job_000009,Rwanda,352,352,11.733333333333333,8,0.4233887102454901,8,0.06078171310478551,0.5512044134239356,0.3574270557474207,0.354522869985101,0.1844404023168536,0.25,0,,,,,,8457,0.004388090688735247,0.011095439083874226,0.0016429527895525098,0.0008363678934983909,26.9790000272739,0.0744728296995163,0.0,0.420133718047979
job_000009,Rwanda,353,353,11.766666666666667,7,0.4621659219264984,7,0.05761865229443859,0.6288676852271671,0.31353971895086696,0.2823169115230745,0.16682968960387745,0.2857142857142857,0,,,,,,7910,0.004942838568240404,0.009289753623306751,0.0025917664170265198,-0.0006712807808071375,-14.520810404622756,0.1230197623372078,0.0,0.5416498971813878
job_000009,Rwanda,354,354,11.8,7,0.46207787096500397,7,0.0574483758233332,0.628874074845087,0.31321066699961503,0.2822904547679137,0.16692888518799878,0.2857142857142857,0,,,,,,7957,0.0024293106980621815,0.0029689958319067955,0.0013100261567160487,0.001419681473635137,47.300396758442034,-0.017588049173355103,0.017588049173355103,0.7951850469282493
job_000009,Rwanda,355,355,11.833333333333334,7,0.46152630022593905,7,0.057316893677939164,0.6297597022283644,0.31390217876938914,0.28294952514173805,0.16838649859140414,0.2857142857142857,0,,,,,,7909,0.0056308903731405735,0.005909173749387264,0.0011904106941074133,0.002979871118441224,68.22408410857373,-0.0003696855856105685,0.0003696855856105685,0.5698652279017032
job_000009,Rwanda,356,356,11.866666666666667,7,0.4670755522591727,7,0.056902547793823616,0.6299321333567302,0.31445545418552623,0.28312658688449466,0.16859419683364602,0.2857142857142857,0,,,,,,7772,0.004994186572730541,0.0029050742741674185,0.00197516568005085,0.003543604863807559,60.86519390546928,0.017758915200829506,0.0,0.812323917278474
job_000009,Rwanda,357,357,11.9,6,0.491085946559906,6,0.053544261257374735,0.6083628998862373,0.3501935794029707,0.28493549333047063,0.1975318033606258,0.3333333333333333,0,,,,,,7336,0.000988118932582438,0.0025167204439640045,-0.00012172407878097147,4.896567133982899e-06,177.69641757841396,0.01103190053254366,0.0,0.12328731036910939
job_000009,Rwanda,358,358,11.933333333333334,6,0.4934071774284045,6,0.05386802163643383,0.6082889662848578,0.349923520029327,0.2846267070970015,0.19733880341730645,0.3333333333333333,0,,,,,,7359,0.0007213510107249022,0.002100107492879033,5.7593282690504566e-05,8.265034557553008e-05,55.13003937959135,-0.002658674493432045,0.002658674493432045,0.1396513033770841
job_000009,Rwanda,359,359,11.966666666666667,6,0.48773542046546936,6,0.05408757283813216,0.6083234442604913,0.3499064516138147,0.28461776416147716,0.19753321532961773,0.3333333333333333,0,,,,,,7358,0.0013593247858807445,0.0034307152964174747,5.934070941293612e-05,0.00034566124668344855,80.25881609474267,-0.00872519239783287,0.00872519239783287,0.25800887583471754
job_000009,Rwanda,360,360,12.0,6,0.46938785165548325,6,0.053742508764317104,0.5449447923236422,0.37163044376137816,0.25462142954419525,0.1625549059695654,0.5,0,,,,,,7082,0.0018296552589163184,0.003472920274361968,-0.00014858480426482856,0.0002762154908850789,118.27717400772136,0.007858553901314735,0.0,0.17142235485049198
job_000009,Rwanda,361,361,12.033333333333333,7,0.41527845178331646,7,0.06118751101275578,0.5888300555092948,0.3516425682754113,0.26317621414229125,0.16001211721985453,0.42857142857142855,0,,,,,,8157,0.003095687134191394,0.010118380188941956,0.0007708248449489474,-0.0005465016583912075,-35.33598999066523,-0.0015686678234487772,0.0015686678234487772,0.30523093155824305
job_000009,Rwanda,362,362,12.066666666666666,7,0.4380888044834137,7,0.06165446857855308,0.588866408665975,0.3506341419522725,0.2613562107959694,0.15915313269846246,0.42857142857142855,0,,,,,,8213,0.003321337979286909,0.005227567628026009,-2.3281879748537904e-06,-0.0023112548515200615,-90.05771553044681,-0.0039050753694027662,0.0039050753694027662,0.6958810089657208
job_000009,Rwanda,363,363,12.1,7,0.468651967389243,7,0.06168459654529148,0.5887533460344587,0.34973462624524637,0.25991472181015196,0.15848921118292444,0.42857142857142855,0,,,,,,8245,0.0037904256023466587,0.011994507163763046,0.0002040325925918296,-0.0012884490424767137,-81.00163492937637,0.002965220483019948,0.0,0.34415761277613865
job_000009,Rwanda,364,364,12.133333333333333,7,0.47554719022342135,7,0.06178958815832394,0.5887900829315187,0.3498810278675543,0.2604823112949458,0.1588671273893229,0.42857142857142855,0,,,,,,8272,0.0014166663167998195,0.004856238607317209,0.00031952373683452606,0.0004261886642780155,53.140235893924014,-0.0004923617816530168,0.0004923617816530168,0.37599904475563073
job_000009,Rwanda,365,365,12.166666666666666,7,0.48412836875234333,7,0.06146896414050489,0.588927698135376,0.35025336048590444,0.26079714784075514,0.15900549329479108,0.42857142857142855,0,,,,,,8221,0.00719452602788806,0.012938414700329304,-0.0008511352352797985,-0.0037070470862090588,-102.93095501379919,0.06808020919561386,0.0,0.5286661310347528
job_000009,Rwanda,366,366,12.2,7,0.48242324803556713,7,0.06192244873453833,0.5889160814739409,0.3502118186345176,0.26074527257529484,0.1590107341215077,0.42857142857142855,0,,,,,,8277,0.005236533470451832,0.005124532151967287,-0.0007902581710368395,-0.003395672421902418,-103.10096751062235,0.08938319981098175,0.0,0.665787089786253
job_000009,Rwanda,367,367,12.233333333333333,7,0.4778931907245091,7,0.06234104000598395,0.5886313256763277,0.3500962716561777,0.26000618227209416,0.15824064315564826,0.42857142857142855,0,,,,,,8301,0.006095265503972769,0.008191478438675404,-0.0006477292627096176,-0.0032249002251774073,-101.35689060981156,0.10189392417669296,0.0,0.5396493563784911
job_000009,Rwanda,368,368,12.266666666666667,8,0.4439747016876936,8,0.06851004961373684,0.6159832596778869,0.3193590217166477,0.2656651221114376,0.1474377691848091,0.375,0,,,,,,9127,0.006771413143724203,0.012430145405232906,0.003397782566025853,0.0027731002774089575,39.2196042516477,0.0472363643348217,0.0,0.6476895843667592
job_000009,Rwanda,369,369,12.3,8,0.43402896262705326,8,0.09169082119246598,0.5391844858725865,0.3704261223475138,0.28075910400406856,0.17048635435377124,0.375,0,,,,,,12124,0.009395429864525795,0.03220193460583687,-0.0009563983185216784,-0.0010733928065747023,-131.70119658750576,0.0227255430072546,0.0,0.1530170803937182
job_000009,Rwanda,370,370,12.333333333333334,10,0.3877884611487389,10,0.10223763247784023,0.5932489879926046,0.31869536187913683,0.291963231775229,0.1327997964179581,0.3,0,,,,,,12792,0.005793992429971695,0.013325502164661884,0.0015943258767947555,0.003453217912465334,65.21756941651742,0.022843137383461,0.0,0.656455282486977
job_000009,Rwanda,371,371,12.366666666666667,8,0.4400412067770958,8,0.06859635030396784,0.616406810283661,0.3208318074544271,0.26481720204775216,0.14645941352265493,0.375,0,,,,,,9095,0.005945571698248386,0.00973441917449236,0.0029067581053823233,0.002833699341863394,44.270836364920484,-0.024671507999300957,0.024671507999300957,0.6827678348225505
job_000009,Rwanda,372,372,12.4,6,0.49422428011894226,6,0.05711401384670207,0.60246426264445,0.34064064261354043,0.276302114146434,0.18940652882705747,0.3333333333333333,0,,,,,,7741,0.0013835219433531165,0.0033469023182988167,-6.505424971692264e-05,0.00022000506578478962,106.47264943038168,-0.011466680094599724,0.011466680094599724,0.1658243522949718
job_000009,Rwanda,373,373,12.433333333333334,8,0.42770446091890335,8,0.08821724615959227,0.5402896076440811,0.36943404409620495,0.27976015104446345,0.1706069661035653,0.375,0,,,,,,11800,0.015233813785016537,0.052393797785043716,-0.001056821784004569,-0.005945430137217045,-100.079256759241,0.041356876492500305,0.0,0.3963962494024068
job_000009,Rwanda,374,374,12.466666666666667,9,0.412914988067415,9,0.09640971323326848,0.5713998953501382,0.3446087158265918,0.2868901555327994,0.15524211782465885,0.3333333333333333,0,,,,,,12721,0.0076091112568974495,0.02745891734957695,0.0018999240128323436,-0.00045332033187150955,-13.41981995354425,-0.040151920169591904,0.040151920169591904,0.2566996772103074
job_000009,Rwanda,375,375,12.5,8,0.46670987829566,8,0.06979407173367096,0.6185839494069417,0.3259611050287882,0.262264816005485,0.13981839410200061,0.375,0,,,,,,9162,0.008117386139929295,0.023085784167051315,0.003707976546138525,0.001845256076194346,26.457005364775764,-0.10548187047243118,0.10548187047243118,0.5102314887681103
job_000009,Rwanda,376,376,12.533333333333333,9,0.44084858894348145,9,0.09354125814212261,0.5719182085107873,0.34521939548445335,0.2860217839125144,0.15361100579340578,0.3333333333333333,0,,,,,,12381,0.005655491724610329,0.021058687940239906,0.001036746078170836,0.0014258282026275992,53.97840626077362,-0.02792571298778057,0.02792571298778057,0.3117153225838188
job_000009,Rwanda,377,377,12.566666666666666,9,0.41610442929797703,9,0.09166967762123135,0.5722479625984475,0.3454238726768965,0.28643680872511346,0.15389676819089249,0.3333333333333333,0,,,,,,12111,0.010809783823788166,0.03947567939758301,0.0020150174386799335,0.0005084711592644453,14.162403697780702,-0.047922249883413315,0.047922249883413315,0.19225004847821972
job_000009,Rwanda,378,378,12.6,9,0.38476402892006767,9,0.10385225518396184,0.5741567020063046,0.34986661432211297,0.28503470601455555,0.14503220476235626,0.3333333333333333,0,,,,,,12845,0.006933657918125391,0.028580598533153534,0.002435586415231228,-0.0005189770017750561,-12.02874192531337,-0.027596361935138702,0.027596361935138702,0.35915598045196334
job_000009,Rwanda,379,379,12.633333333333333,8,0.4540664590895176,8,0.09622507635943799,0.5391805768013,0.36424399923395223,0.28083847531951833,0.17150712793577605,0.375,0,,,,,,12905,0.01588011533021927,0.0560482032597065,0.004384421743452549,-0.004708845634013414,-47.043296228414654,-0.06226599961519241,0.06226599961519241,0.40516090890027295
job_000009,Rwanda,380,380,12.666666666666666,8,0.4635478835552931,8,0.09475654681965948,0.5391228616237641,0.36419527442366983,0.28078334330622484,0.1715439955339418,0.375,0,,,,,,12705,0.007014240138232708,0.025651657953858376,0.0002669641689863056,2.443222729198169e-05,5.229071626830935,-0.019321631640195847,0.019321631640195847,0.03821937029640281
job_000009,Rwanda,381,381,12.7,8,0.4419146738946438,8,0.09172009669496163,0.5394947946071625,0.36439402721546316,0.28143249523314734,0.17189728809165677,0.375,0,,,,,,12282,0.015103821642696857,0.045825980603694916,0.0007386546931229532,0.00504721887409687,81.67393515448093,-0.07014945894479752,0.07014945894479752,0.33772797857656783
job_000009,Rwanda,382,382,12.733333333333333,9,0.4479139480325911,9,0.09469527822924804,0.5688818463572749,0.3287744698701081,0.2964058747523928,0.16728306847849822,0.3333333333333333,0,,,,,,12672,0.006592912599444389,0.019782640039920807,4.675019226851873e-05,0.0006556793232448399,85.92169019084062,-0.02829415537416935,0.02829415537416935,0.09970462280299865
job_000009,Rwanda,383,383,12.766666666666667,9,0.43460915154880947,9,0.08508073190133147,0.5696031879495691,0.33374312443988313,0.2955204810177037,0.16626606184358067,0.3333333333333333,0,,,,,,11515,0.007854282855987549,0.026157837361097336,0.0006706208223477006,0.0013703868025913835,63.9244418876724,-0.07006832212209702,0.07006832212209702,0.19424786105274244
job_000009,Rwanda,384,384,12.8,9,0.44825368126233417,9,0.08507903496942747,0.5693627428125453,0.3334367092744804,0.29519500939968185,0.16594752436721313,0.3333333333333333,0,,,,,,11451,0.004043739754706621,0.012203064747154713,0.00040663802064955235,0.0007978147477842867,62.99252579488491,-0.0030995237175375223,0.0030995237175375223,0.2214454948922336
job_000009,Rwanda,385,385,12.833333333333334,8,0.44820424914360046,8,0.07872335975040007,0.5336951355139413,0.3449791842036777,0.2929036048459566,0.16886547362419793,0.375,0,,,,,,10563,0.00411426043137908,0.01231909729540348,-0.00023858551867306232,0.00037126714596524835,122.725810491531,0.007162673398852348,0.0,0.10726566184136221
job_000009,Rwanda,386,386,12.866666666666667,9,0.414659869339731,9,0.08420395463176276,0.5693777163823445,0.3347054946569749,0.29570101135266547,0.16578289280319386,0.3333333333333333,0,,,,,,11352,0.004742220975458622,0.014644380658864975,-0.0008376920595765114,0.0019047475652769208,113.7394920268387,0.007966233417391777,0.0,0.4387849198088329
job_000009,Rwanda,387,387,12.9,7,0.4340871849230358,7,0.07545204260377633,0.4953979844138736,0.3893082543024941,0.26696429688289136,0.17438345392246202,0.42857142857142855,0,,,,,,10078,0.00892736203968525,0.020649811252951622,-0.0010079436469823122,0.004607519134879112,102.33966683627523,0.033368125557899475,0.0,0.5283173140804397
job_000009,Rwanda,388,388,12.933333333333334,8,0.4154556095600128,8,0.06578127333232889,0.6265145003795625,0.341657793963397,0.2638864456551821,0.13058027950713,0.375,0,,,,,,8589,0.006942376960068941,0.014119965024292469,-0.0023331381380558014,0.00394876254722476,120.57684414627109,0.09514660388231277,0.0,0.660657037343444
job_000009,Rwanda,389,389,12.966666666666667,7,0.4306249703679766,7,0.059471419202223104,0.5938969930013022,0.3553349429337435,0.26367637457909116,0.1631497775141011,0.42857142857142855,0,,,,,,7909,0.003476949641481042,0.008507456630468369,0.0005719679757021368,0.00014405926049221307,14.136821655332039,0.15383483469486237,0.0,0.16964032106811205
job_000009,Rwanda,390,390,13.0,9,0.40816644827524823,9,0.08601382481976791,0.5796922145066437,0.35916156611815403,0.28852720540455756,0.14539613381391606,0.3333333333333333,0,,,,,,11324,0.005791740026324987,0.01882844604551792,-0.00042913094512186944,0.0016853275010362267,104.28551738067554,0.07749096304178238,0.0,0.3002731180100717
job_000009,Rwanda,391,391,13.033333333333333,8,0.42477114498615265,8,0.08053422513294074,0.5444751818974812,0.37407957182990176,0.2840109901496521,0.17490994525810838,0.375,0,,,,,,10873,0.007520895451307297,0.020716959610581398,0.00044964326662011445,0.0032561311963945627,82.13767792011402,0.05771191045641899,0.0,0.4370530756930479
job_000010,Rwanda,0,0,0.0,11,0.42902265218171204,11,0.14926256270135374,0.7168344497680663,0.6119244129168064,0.2899820681010429,0.10520005732862915,0.36363636363636365,0,,,,,,0,,,,,,,,
job_000010,Rwanda,1,1,0.03333333333333333,14,0.388250749026026,14,0.1211554154906022,0.6779780842009046,0.47584314850903064,0.31163079900747076,0.10621126443469626,0.2857142857142857,0,,,,,,14007,0.009026403538882732,0.023161470890045166,0.002763893222436309,-0.0014128837501630187,-27.07581468761128,-0.013271473348140717,0.013271473348140717,0.34388950120184036
job_000010,Rwanda,2,2,0.06666666666666667,12,0.42409804587562877,12,0.11272102694939674,0.6779826958974202,0.46431730235064467,0.31023221450405764,0.09259155021276168,0.25,0,,,,,,13705,0.012478991411626339,0.03179290145635605,0.003787761088460684,-0.0028824028559029102,-37.27033654975914,-0.0005779724451713264,0.0005779724451713264,0.3814223981852884
job_000010,Rwanda,3,3,0.1,12,0.39292117580771446,12,0.11250841846318778,0.6778813865449694,0.46411998183638964,0.31020708804673397,0.09264844286814801,0.25,0,,,,,,13654,0.007839994505047798,0.017818808555603027,0.0022244094870984554,-0.0028682956472039223,-52.20584564338381,-0.006594875827431679,0.006594875827431679,0.462979210511344
job_000010,Rwanda,4,4,0.13333333333333333,12,0.37683892995119095,12,0.11253617171369878,0.6778365108701917,0.4644500485172978,0.3103477034772119,0.09317395787174898,0.25,0,,,,,,13681,0.004476672969758511,0.0121207470074296,0.0012275661574676633,-6.421282887458801e-05,-2.9943591297948937,0.034249044954776764,0.0,0.27458884639909215
job_000010,Rwanda,5,5,0.16666666666666666,11,0.4160793830047954,11,0.08246959561495815,0.6766833045265891,0.42421065115366724,0.2922930220187673,0.10752775624380223,0.2727272727272727,0,,,,,,11276,0.007331118918955326,0.02072732336819172,5.3218744142213836e-05,-0.00013660226250067353,-68.71465698525783,0.01829090155661106,0.0,0.01999734424603329
job_000010,Rwanda,6,6,0.2,12,0.41019317631920177,12,0.11343515180001833,0.6780466543303597,0.46484759413165816,0.310149226305538,0.09350906241014856,0.25,0,,,,,,13858,0.009945504367351532,0.02763097733259201,-0.0033722876105457544,-0.0004160081734880805,-172.9674752891156,-0.01395210437476635,0.01395210437476635,0.3416468541955174
job_000010,Rwanda,7,7,0.23333333333333334,12,0.4148508831858635,12,0.11169486081230894,0.677965129746331,0.46444441595195246,0.3102716997223702,0.09347006701781209,0.25,0,,,,,,13658,0.006347152404487133,0.016726378351449966,-0.0017188842175528407,-0.00216904329136014,-128.39548451451577,-0.011639763601124287,0.011639763601124287,0.4360295743051558
job_000010,Rwanda,8,8,0.26666666666666666,16,0.3731374004855752,16,0.1455347686008429,0.6868714888890584,0.42999098863866597,0.3171213613245882,0.10879544845565095,0.1875,0,,,,,,17657,0.01371243130415678,0.038502298295497894,-0.0028501490596681833,0.000287328555714339,174.2433603968349,0.0939042940735817,0.0,0.20890500257972816
job_000010,Rwanda,9,9,0.3,15,0.3683856765429179,15,0.12946054177496272,0.6788139756520589,0.43182307278668436,0.32520471158962455,0.07913506905787622,0.26666666666666666,0,,,,,,14770,0.017315570265054703,0.03510269895195961,-0.006355113349854946,0.007050653453916311,132.02994899605272,0.025990810245275497,0.0,0.548180546826497
job_000010,Rwanda,10,10,0.3333333333333333,13,0.3509196914159335,13,0.1383110312995421,0.6705366856012589,0.48347465890085595,0.3372126644221812,0.1085052424982922,0.3076923076923077,0,,,,,,15695,0.010110869072377682,0.01990314945578575,-0.004389258101582527,0.003011800115928054,145.54305158426715,0.0032916537020355463,0.0,0.526483567809684
job_000010,Rwanda,11,11,0.36666666666666664,12,0.38234197348356247,12,0.11206973213973627,0.6873093671268887,0.42292976055616216,0.33467662540839493,0.11377414160459519,0.25,0,,,,,,14675,0.014090879820287228,0.03266601264476776,-0.007989281788468361,0.0037131307180970907,155.07269026936234,-0.013008365407586098,0.013008365407586098,0.6252265543305265
job_000010,Rwanda,12,12,0.4,12,0.3780258099238078,12,0.11874068785961653,0.6964431656731501,0.473295365145177,0.33090467472889695,0.10859587887773221,0.25,0,,,,,,14312,0.01433285791426897,0.04285712167620659,-0.008553577587008476,3.995410224888474e-07,179.9973236912764,0.03939548134803772,0.0,0.5967810221452335
job_000010,Rwanda,13,13,0.43333333333333335,12,0.38097551961739856,12,0.1167768980528957,0.6964200933774313,0.47301750889530886,0.3306666236481117,0.10764641541492993,0.25,0,,,,,,14142,0.0061311982572078705,0.019924432039260864,-0.0030416538938879967,0.00047521007945761085,171.1202297601986,0.021579191088676453,0.0,0.5021126328707138
job_000010,Rwanda,14,14,0.4666666666666667,11,0.386552480134097,11,0.10762343152104221,0.6871250817269989,0.5175952424906721,0.31971053594133464,0.12680865289428733,0.36363636363636365,0,,,,,,13212,0.02195262908935547,0.05307142809033394,-0.004783200565725565,-0.0050707315094769,-133.328622905849,0.086205393075943,0.0,0.3175359010143737
job_000010,Rwanda,15,15,0.5,11,0.3822529749436812,11,0.10832246346306487,0.6871707381624164,0.517478493327645,0.3194240880025323,0.12675885842822504,0.36363636363636365,0,,,,,,13316,0.012602980248630047,0.03620609641075134,-0.005154193378984928,-0.00436862837523222,-139.71581611481128,0.04942750185728073,0.0,0.5361052991427365
job_000010,Rwanda,16,16,0.5333333333333333,11,0.4052211439067667,11,0.10890933354402355,0.6871981779734294,0.5174463734482274,0.3194368839365304,0.1269405987237634,0.36363636363636365,0,,,,,,13367,0.005284446757286787,0.0171088594943285,-0.0014882651157677174,-0.002652768511325121,-119.29344333729274,0.02442503534257412,0.0,0.5756002276928897
job_000010,Rwanda,17,17,0.5666666666666667,14,0.34662852755614687,14,0.14394053031341533,0.6792194059916905,0.4470657207347729,0.3312338966892572,0.11863676030128166,0.21428571428571427,0,,,,,,17726,0.011036342009902,0.03310099244117737,-0.0030445533338934183,-0.003821761580184102,-128.5420933870682,-0.03376350924372673,0.03376350924372673,0.4427392801730876
job_000010,Rwanda,18,18,0.6,12,0.35880381365617114,12,0.16088794180205168,0.7310362272792391,0.4302466892901762,0.33814161608328486,0.10756584684899823,0.25,0,,,,,,15254,0.017701884731650352,0.05051987245678902,-0.0032756044529378414,-0.005240105092525482,-122.00961920882175,-0.1649600863456726,0.1649600863456726,0.3490965639967521
job_000010,Rwanda,19,19,0.6333333333333333,12,0.36389288678765297,12,0.10622564346043221,0.681238775783115,0.4340217413725676,0.3308929455449529,0.12239414977258144,0.25,0,,,,,,14137,0.006801407318562269,0.020602388307452202,-0.0002455006761010736,-5.442386100185104e-05,-167.5005179909835,-0.013297893106937408,0.013297893106937408,0.03697187913021739
job_000010,Rwanda,20,20,0.6666666666666666,10,0.3797165617346764,10,0.15465085853731805,0.729800270398458,0.5033860114768699,0.3234979119614275,0.13362196824599865,0.2,0,,,,,,14592,0.014904425479471684,0.045332469046115875,-0.0012011431390419602,-0.003353314707055688,-109.70730922615788,-0.10593073815107346,0.10593073815107346,0.23898584450143026
job_000010,Rwanda,21,21,0.7,10,0.34107950925827024,10,0.11394398157631337,0.7252512629826863,0.4260004640508582,0.3187567871067907,0.14440668821049937,0.2,0,,,,,,14830,0.009190869517624378,0.023556428030133247,0.0004943315288983285,-0.0030431298073381186,-80.77336177919467,-0.0409310981631279,0.0409310981631279,0.3354436086155567
job_000010,Rwanda,22,22,0.7333333333333333,10,0.33222350776195525,10,0.1141325116114361,0.7252827946345012,0.42620996122007015,0.31851273615986014,0.1444608902030154,0.2,0,,,,,,14805,0.0048439777456223965,0.01197187602519989,0.0007514397148042917,-0.00018004662706516683,-13.474181723111595,-0.01665906421840191,0.01665906421840191,0.15951941669897837
job_000010,Rwanda,23,23,0.7666666666666667,12,0.33242986475427944,12,0.1295605947745589,0.7181259009573194,0.4361143845098991,0.31977327976550596,0.13198558065052662,0.25,0,,,,,,16975,0.009977031499147415,0.02528255060315132,-0.0004858297761529684,-0.0019834903068840504,-103.76288479626689,-0.03950832039117813,0.03950832039117813,0.204682376297842
job_000010,Rwanda,24,24,0.8,12,0.3642134095231692,12,0.17729889774504787,0.7493797169791327,0.5527815115304641,0.31025383781449123,0.10897161397937354,0.25,0,,,,,,16477,0.009944933466613293,0.021552160382270813,-0.0007882113568484783,-0.001374123152345419,-119.8390315159126,0.003979342523962259,0.0,0.15929090861341022
job_000010,Rwanda,25,25,0.8333333333333334,13,0.3417528019501613,13,0.18367415825584038,0.7468769428057549,0.5157976302665863,0.3244271431078064,0.10350156529832163,0.23076923076923078,0,,,,,,17121,0.004831228870898485,0.013051502406597137,-0.0016364078037440777,-0.001184726250357926,-144.09621965806272,0.0021804908756166697,0.0,0.41816466238204325
job_000010,Rwanda,26,26,0.8666666666666667,12,0.34005409851670265,12,0.17645233270955718,0.7491207268502977,0.5528793176015218,0.31079651172899053,0.10866354998240631,0.25,0,,,,,,16331,0.00857581291347742,0.024235526099801064,-0.0015818405663594604,-0.002863597357645631,-118.91609782060371,-0.010837316513061523,0.010837316513061523,0.38147447328869744
job_000010,Rwanda,27,27,0.9,13,0.3465649875310751,13,0.14023952271413387,0.7240274331508539,0.4696889708864043,0.30773615992565245,0.10470555494720167,0.23076923076923078,0,,,,,,17194,0.013280265033245087,0.03597806394100189,-0.0036095520481467247,-0.003789433278143406,-133.60732181460185,-0.014371649362146854,0.014371649362146854,0.39407486349027615
job_000010,Rwanda,28,28,0.9333333333333333,12,0.34761713445186615,12,0.12992460470618414,0.7308709806866117,0.4342633117864161,0.2917358199662616,0.10921835977981463,0.25,0,,,,,,15833,0.010405713692307472,0.03273766115307808,-0.0026369309052824974,-0.0026766061782836914,-134.57219016017572,0.022972039878368378,0.0,0.3610845880613087
job_000010,Rwanda,29,29,0.9666666666666667,14,0.34129401402814047,14,0.15599040820684074,0.7199916646594092,0.4429891732634691,0.30372813626997613,0.10615409176598652,0.21428571428571427,0,,,,,,17076,0.014743710868060589,0.051430389285087585,-0.004200917202979326,-0.004624197259545326,-132.25401982362342,-0.02679012343287468,0.02679012343287468,0.4237380938855021
job_000010,Rwanda,30,30,1.0,14,0.3497798112886293,14,0.1740412605345701,0.7237322546186901,0.4996287436712356,0.31294230470299544,0.09194573511290528,0.21428571428571427,0,,,,,,17553,0.015266692265868187,0.053941719233989716,-0.0057520498521625996,-0.004449183586984873,-142.2782166279902,0.032552074640989304,0.0,0.47632805292394265
job_000010,Rwanda,31,31,1.0333333333333334,11,0.3978235423564911,11,0.1051975277613001,0.7287207632353813,0.4684004822162667,0.28215062583340217,0.11467474640594197,0.2727272727272727,0,,,,,,12744,0.006074349395930767,0.02182106301188469,-0.0019573166500777006,-0.002012954792007804,-134.19712742451316,0.024736037477850914,0.0,0.46221929745944834
job_000010,Rwanda,32,32,1.0666666666666667,11,0.40431781248612836,11,0.08793226197423477,0.7239665161479603,0.41455262502034507,0.3007657050499502,0.1403500043669281,0.2727272727272727,0,,,,,,12191,0.02540358528494835,0.07375281304121017,-0.008989759720861912,-0.0048510171473026276,-151.64799590649372,0.14985743165016174,0.0,0.4021122991980318
job_000010,Rwanda,33,33,1.1,12,0.38501498475670815,12,0.10625353228235146,0.7278862026002674,0.4386306153403388,0.2992754073587325,0.11532405792877166,0.25,0,,,,,,13295,0.01403459720313549,0.04337438568472862,-0.006245691329240799,-0.00389880477450788,-148.02597743818976,-0.07698722928762436,0.07698722928762436,0.5246106495701957
job_000010,Rwanda,34,34,1.1333333333333333,12,0.37969965611894924,12,0.09839102612215221,0.702444287141164,0.415284968894205,0.2990466125853119,0.1354633496253189,0.25,0,,,,,,13482,0.007387753110378981,0.021881403401494026,-0.0022625450510531664,-0.0021165034268051386,-136.9101109747784,-0.06945715844631195,0.06945715844631195,0.4193665287438963
job_000010,Rwanda,35,35,1.1666666666666667,13,0.3760932798569019,13,0.11360694053593716,0.706441470904228,0.4304167994746455,0.2871508134764244,0.10605267054586397,0.23076923076923078,0,,,,,,13947,0.012777291238307953,0.03746730834245682,-0.0033197645097970963,-0.003498960519209504,-133.49461411813397,-0.10174428671598434,0.10174428671598434,0.3774846567801459
job_000010,Rwanda,36,36,1.2,14,0.3694308421441487,14,0.11782426790223169,0.689214633759998,0.4602762000270621,0.30200608918412825,0.09093824791578209,0.21428571428571427,0,,,,,,13638,0.014966048300266266,0.04602992534637451,-0.004742306657135487,-0.0014373436570167542,-163.13849144849328,0.007504529319703579,0.0,0.3311056734658897
job_000010,Rwanda,37,37,1.2333333333333334,13,0.35661316834963286,13,0.1063247473059092,0.6849611037816756,0.4412298979582611,0.304295015549431,0.10952664774930906,0.23076923076923078,0,,,,,,13275,0.009046538732945919,0.02732270583510399,-0.0031497152522206306,-0.0008097740355879068,-165.5818330993899,-0.03224702179431915,0.03224702179431915,0.3594904116005587
job_000010,Rwanda,38,38,1.2666666666666666,15,0.34139079054196675,15,0.1406983116484013,0.692916219499376,0.4851124280764733,0.3074113396226834,0.0838673532280465,0.26666666666666666,0,,,,,,15357,0.014905080199241638,0.053540196269750595,-0.006955170072615147,-0.004617552738636732,-146.4197284692988,-0.030260268598794937,0.030260268598794937,0.5601059459782385
job_000010,Rwanda,39,39,1.3,13,0.382436250264828,13,0.11993416506126654,0.7006846770262106,0.4453688795410331,0.3084914161987137,0.12158824860767284,0.23076923076923078,0,,,,,,15309,0.016428716480731964,0.051719971001148224,-0.007273928262293339,-0.004761523567140102,-146.7911860265011,-0.01579921692609787,0.01579921692609787,0.5291830858953792
job_000010,Rwanda,40,40,1.3333333333333333,13,0.3991740323030032,13,0.11858888646687347,0.7002447042709743,0.44577380612365197,0.3087492980650098,0.12223887927393567,0.23076923076923078,0,,,,,,15180,0.007865170948207378,0.022571327164769173,-0.0036257547326385975,-0.0015824376605451107,-156.42144236280868,-0.00048566373880021274,0.00048566373880021274,0.5029813329026842
job_000010,Rwanda,41,41,1.3666666666666667,15,0.37914674580097196,15,0.1450594428890021,0.6987804063161214,0.49302282239183964,0.31712648476354294,0.09795633437423319,0.2,0,,,,,,16726,0.012874306179583073,0.04164929687976837,-0.00663818558678031,0.002503717551007867,159.33508155304665,-0.02264500968158245,0.02264500968158245,0.5510707516059308
job_000010,Rwanda,42,42,1.4,14,0.391227839248521,14,0.13235479783121443,0.688439629191444,0.46900462448281593,0.31255797931084545,0.10128559717449037,0.21428571428571427,0,,,,,,15766,0.01298137754201889,0.034385692328214645,-0.007621018681675196,-5.994096682115924e-06,-179.95493563453846,0.04884964972734451,0.0,0.5870733683116649
job_000010,Rwanda,43,43,1.4333333333333333,14,0.3933537613068308,14,0.1389523535586206,0.6837269862492878,0.51590241477603,0.2939785544763576,0.09060815234051935,0.21428571428571427,0,,,,,,15169,0.007409950252622366,0.0200275257229805,-0.004158107563853264,-0.000291022181045264,-175.99644888202965,0.031312812119722366,0.0,0.5625246013595434
job_000010,Rwanda,44,44,1.4666666666666666,15,0.3751005619764328,15,0.14253203632699432,0.6925647036234536,0.536807273817651,0.2966670093636328,0.09140885360611396,0.26666666666666666,0,,,,,,15757,0.01265782956033945,0.03460663929581642,-0.006759227253496647,0.0010801703901961446,170.9205173666332,0.007517681922763586,0.0,0.5407714158682441
job_000010,Rwanda,45,45,1.5,13,0.3953562734218744,13,0.13375732267213472,0.7030121998909192,0.5215816823845236,0.2948111079750493,0.08890701028057668,0.23076923076923078,0,,,,,,14224,0.006690048612654209,0.018612993881106377,-0.0022125919349491596,-0.002881783526390791,-127.51653555110218,0.0249700378626585,0.0,0.5430772743898892
job_000010,Rwanda,46,46,1.5333333333333334,15,0.36592594782511395,15,0.1469313703975157,0.7105575413174099,0.4853942725099163,0.290486197380918,0.08113287466397136,0.26666666666666666,0,,,,,,15722,0.004634327255189419,0.014274035580456257,-0.00040834693936631083,-0.0009418988483957946,-113.43846214573564,0.002217642031610012,0.0,0.2215222027791135
job_000010,Rwanda,47,47,1.5666666666666667,16,0.33580044098198414,16,0.15651318466389372,0.7156560689210891,0.49301057921515573,0.3093422049070033,0.07549347605960362,0.25,0,,,,,,16864,0.008780143223702908,0.02371221035718918,-0.0012430985225364566,-0.002793451538309455,-113.98927952143922,-0.0016016100998967886,0.0016016100998967886,0.34823563348073405
job_000010,Rwanda,48,48,1.6,16,0.33810795098543167,16,0.1600577275175489,0.7335835774739583,0.49603801943637715,0.30986154224449314,0.08468468612636659,0.25,0,,,,,,16758,0.010925216600298882,0.023979252204298973,-0.0027005344163626432,-0.004880017135292292,-118.95953905309004,0.07259736210107803,0.0,0.5105075548888232
job_000010,Rwanda,49,49,1.6333333333333333,15,0.3529611607392629,15,0.15507927095284596,0.735978643629286,0.5258152716836811,0.29673060201992213,0.09220810283397259,0.26666666666666666,0,,,,,,16526,0.0054641179740428925,0.012984358705580235,4.202407944831066e-05,0.0009719436056911945,87.5242353224878,-0.02273794822394848,0.02273794822394848,0.17804368188887407
job_000010,Rwanda,50,50,1.6666666666666667,12,0.3803812675178051,12,0.11858912446955525,0.7365864899423388,0.4768405749474043,0.2602255513504766,0.10957651111940224,0.3333333333333333,0,,,,,,14702,0.010645757429301739,0.02731218747794628,-0.0028666628058999777,-0.002128507010638714,-143.40598635119764,0.007007332053035498,0.0,0.3353895545280094
job_000010,Rwanda,51,51,1.7,11,0.38173090056939557,11,0.11417298398210857,0.7026244727048007,0.5450732934354532,0.2511438954841034,0.11067751050970019,0.2727272727272727,0,,,,,,12732,0.011526777409017086,0.04099082574248314,-0.0035603062715381384,-0.0007202638662420213,-168.56319692002074,-0.026338472962379456,0.026338472962379456,0.31512986426759965
job_000010,Rwanda,52,52,1.7333333333333334,10,0.41192297637462616,10,0.10265711776255221,0.6887672980626425,0.5167772448504413,0.24182561276034611,0.11893697707220614,0.3,0,,,,,,12246,0.007044942583888769,0.026806578040122986,-0.0022172420285642147,-0.0005530101479962468,-165.99538686753223,-0.02061040699481964,0.02061040699481964,0.3243696748299043
job_000010,Rwanda,53,53,1.7666666666666666,11,0.3962701829996976,11,0.1090325001908975,0.6741460568977126,0.5404695677837539,0.24679685246080493,0.08941136044567101,0.2727272727272727,0,,,,,,11840,0.012665343470871449,0.03437347337603569,-0.005147544667124748,-0.0023303553462028503,-155.64316568671677,-0.035529907792806625,0.035529907792806625,0.44613606845812104
job_000010,Rwanda,54,54,1.8,12,0.36506982271869975,12,0.15211369663822596,0.7249678929646811,0.5194163075199835,0.273220499636765,0.11587132599218512,0.25,0,,,,,,15151,0.013365325517952442,0.0393361821770668,-0.003687181044369936,-0.0031934671569615602,-139.10416619595057,0.021119849756360054,0.0,0.36496394158961254
job_000010,Rwanda,55,55,1.8333333333333333,9,0.42086175746387905,9,0.09365060536179011,0.7348022354973687,0.48478982065930787,0.2735844184016125,0.1333536924402412,0.2222222222222222,0,,,,,,11165,0.0074655706994235516,0.03431856259703636,-0.0026857778429985046,-0.0019172948086634278,-144.47811720240463,-0.01574583537876606,0.01574583537876606,0.4420174366754796
job_000010,Rwanda,56,56,1.8666666666666667,9,0.4037766291035546,9,0.09493712506251697,0.6843227580741601,0.5449673091433176,0.2513400595879686,0.11287055554780112,0.3333333333333333,0,,,,,,11237,0.012921915389597416,0.04251180589199066,-0.0056230160407722,-0.004346583038568497,-142.296030138803,-0.04096928611397743,0.04096928611397743,0.55000481592624
job_000010,Rwanda,57,57,1.9,9,0.3805350297027164,9,0.09537410227734115,0.6843239854883265,0.5442586631931886,0.2510301547618333,0.11329844653802103,0.3333333333333333,0,,,,,,11352,0.008940956555306911,0.03524152934551239,-0.0013337043346837163,-0.001771420007571578,-126.97613631130527,-0.047869231551885605,0.047869231551885605,0.24800058080137105
job_000010,Rwanda,58,58,1.9333333333333333,9,0.37482962840133244,9,0.12410387405738692,0.6524745658591942,0.5830664238321437,0.275959732690074,0.11084357086718034,0.3333333333333333,0,,,,,,15042,0.004734945483505726,0.01769353076815605,-0.0006899386644363403,-0.00030913736554794014,-155.8645189264185,-0.006046759430319071,0.006046759430319071,0.15967025248420577
job_000010,Rwanda,59,59,1.9666666666666666,11,0.3589765497229316,11,0.1585126057941823,0.6618978399218934,0.5868080845585576,0.28530447659248825,0.09236058383877149,0.36363636363636365,0,,,,,,17886,0.009354181587696075,0.02888702228665352,-0.0012666070833802223,0.0009768552845343947,142.35923178455067,0.0013531165895983577,0.0,0.1709977074928495
job_000010,Rwanda,60,60,2.0,10,0.39919611662626264,10,0.1268918627795911,0.6962264394760131,0.5598606300354005,0.28869901853036245,0.10202456941901801,0.3,0,,,,,,15437,0.015594417229294777,0.053664542734622955,-0.00099918432533741,-0.0005149265634827316,-152.73582455125944,-0.0648529902100563,0.0648529902100563,0.07208114623476998
job_000010,Rwanda,61,61,2.033333333333333,11,0.393533472310413,11,0.15367789699275705,0.6963763164751458,0.5922978931003148,0.29333928841191903,0.10307118385928392,0.36363636363636365,0,,,,,,17616,0.009158113040030003,0.031190287321805954,-0.0002877826918847859,0.00207537948153913,97.89458251037063,-0.023819949477910995,0.023819949477910995,0.22878481385044258
job_000010,Rwanda,62,62,2.066666666666667,12,0.38193968310952187,12,0.16927332887550878,0.6719514939520094,0.5850302849286868,0.2748891626375201,0.0961708019906547,0.3333333333333333,0,,,,,,18908,0.018082309514284134,0.05455206707119942,0.00285508600063622,0.0024639791809022427,40.794652792922705,-0.020792732015252113,0.020792732015252113,0.20856300264028063
job_000010,Rwanda,63,63,2.1,12,0.40939008941253024,12,0.16014588550525075,0.6835164454248216,0.5779900433104715,0.28987802787272293,0.10239187227634215,0.3333333333333333,0,,,,,,18261,0.02089187130331993,0.05058084800839424,0.0022187940776348114,-0.004380509257316589,-63.13709761056406,-0.13424889743328094,0.13424889743328094,0.23503819957583708
job_000010,Rwanda,64,64,2.1333333333333333,14,0.3683321199246815,14,0.17302946720105675,0.6963273797716413,0.5495008498903304,0.30539395657056184,0.08874772179814454,0.2857142857142857,0,,,,,,18926,0.009124058298766613,0.02066739834845066,-6.659121572738513e-05,-0.0031462383922189474,-91.21250380979303,-0.03206682205200195,0.03206682205200195,0.34490606298630483
job_000010,Rwanda,65,65,2.1666666666666665,14,0.3911690743906157,14,0.17272538159127843,0.6963046755109515,0.549419861748105,0.30512056422232525,0.08842697661212838,0.2857142857142857,0,,,,,,18787,0.01601582206785679,0.04209339991211891,-0.0003042198368348181,-0.005616007838398218,-93.10068891859792,-0.06108769401907921,0.06108769401907921,0.3511678383863126
job_000010,Rwanda,66,66,2.2,12,0.42144972334305447,12,0.1686522972801214,0.6761420249938964,0.6213785118526882,0.26196257555380836,0.09213145643874691,0.3333333333333333,0,,,,,,17967,0.014396167360246181,0.04408310726284981,0.00031521974597126245,-0.005131124518811703,-86.48457333694707,0.024375945329666138,0.0,0.35709489200012096
job_000010,Rwanda,67,67,2.2333333333333334,13,0.3726693380337495,13,0.17344532024496548,0.6864186678177272,0.5783882809500409,0.29606552702181366,0.10018941824850792,0.3076923076923077,0,,,,,,18534,0.007495892234146595,0.024796126410365105,-0.00019740565039683133,-0.0029358440078794956,-93.84676808690007,0.016705570742487907,0.0,0.39254476885305406
job_000010,Rwanda,68,68,2.2666666666666666,11,0.36255315894430334,11,0.13210829424743512,0.6704172669035017,0.5617770936754015,0.2870434671246084,0.08233975043617893,0.36363636363636365,0,,,,,,14706,0.016342798247933388,0.050489991903305054,-0.0009639669442549348,-0.0053650070913136005,-100.18603212532143,-0.028439706191420555,0.028439706191420555,0.3335365419848908
job_000010,Rwanda,69,69,2.3,10,0.35742446780204773,10,0.09651614664725917,0.6856463718414307,0.5703285944903338,0.24918762047280033,0.09150138119255716,0.3,0,,,,,,10501,0.011417003348469734,0.03552178293466568,-0.00023850802972447127,0.0007474089507013559,107.69856726916574,0.05616325885057449,0.0,0.06871698472088308
job_000010,Rwanda,70,70,2.3333333333333335,10,0.38074871301651003,10,0.09883718824599198,0.6855839109420776,0.5707971954345703,0.24968749270016782,0.092165341819899,0.3,0,,,,,,10821,0.005346871446818113,0.01684708334505558,-0.0006342526758089662,0.001765125198289752,109.76460460722191,0.016268251463770866,0.0,0.35078796315512906
job_000010,Rwanda,71,71,2.3666666666666667,16,0.33628988172858953,16,0.20317981294858417,0.7131534814834596,0.5445511155658297,0.26690191465114943,0.047761059040285055,0.3125,0,,,,,,18731,0.010125790722668171,0.025033092126250267,-0.0005013574264012277,0.002783434232696891,100.2107380220294,0.01146966964006424,0.0,0.27930920396082093
job_000010,Rwanda,72,72,2.4,14,0.3477008640766144,14,0.12687551560581742,0.6780180465607417,0.4911328623534511,0.2622618092131722,0.0743618732508574,0.35714285714285715,0,,,,,,14320,0.01117218378931284,0.03242325782775879,0.00013777929416391999,0.005463629961013794,88.55544768050488,-0.014550382271409035,0.014550382271409035,0.48919414639520925
job_000010,Rwanda,73,73,2.433333333333333,15,0.30886204838752745,15,0.12933499327770812,0.6448969395955403,0.4973546965328264,0.2780238791566301,0.09116217156224679,0.3333333333333333,0,,,,,,13934,0.006228914484381676,0.01596226915717125,0.0005230463575571775,0.0035258347634226084,81.56189298653838,0.0003758333623409271,0.0,0.5722377109749732
job_000010,Rwanda,74,74,2.466666666666667,15,0.3256323903799057,15,0.15693952854611173,0.6574306159549288,0.4874198030542444,0.2767831218620384,0.08161055248697117,0.4,0,,,,,,15673,0.015645084902644157,0.04246313124895096,0.0013717531692236662,0.006094431038945913,77.31508707689561,-0.00999703910201788,0.00999703910201788,0.3992885297327657
job_000010,Rwanda,75,75,2.5,14,0.3205047994852066,14,0.1288438707221248,0.6308187212262835,0.4332853993410786,0.286473342498472,0.10463680746092523,0.42857142857142855,0,,,,,,13572,0.0158858522772789,0.04389989376068115,0.002944427542388439,0.001425011781975627,25.825545074860464,0.0036003366112709045,0.0,0.20591486688615088
job_000010,Rwanda,76,76,2.533333333333333,14,0.2928442284464836,14,0.13203806162418869,0.6614105054310391,0.502613306297827,0.28625052196275025,0.1053779688424901,0.2857142857142857,0,,,,,,16024,0.008407707326114178,0.01934731751680374,0.0014083227142691612,0.002056467579677701,55.595637998273574,0.0008067989256232977,0.0,0.2964512123276782
job_000010,Rwanda,77,77,2.566666666666667,14,0.3375576191714832,14,0.1257646738092049,0.6310459886278423,0.49738252881973505,0.2943785589185428,0.10503795786870292,0.2857142857142857,0,,,,,,14893,0.01724766381084919,0.039914846420288086,0.0039126574993133545,0.007943743839859962,63.777642868807916,-0.048820167779922485,0.048820167779922485,0.5134059084191069
job_000010,Rwanda,78,78,2.6,14,0.3349489559020315,14,0.14330393965628585,0.6401922850381762,0.5079328870016432,0.30536669520331894,0.0872894987877995,0.2857142857142857,0,,,,,,14041,0.020303232595324516,0.050735149532556534,0.007296286523342133,0.009336460381746292,51.99297288822105,-0.0650622695684433,0.0650622695684433,0.5836151332200369
job_000010,Rwanda,79,79,2.6333333333333333,13,0.3542863107644595,13,0.1192264273120602,0.6341382124485114,0.4795787118438982,0.2983457246468943,0.10664999859613852,0.3076923076923077,0,,,,,,14058,0.00982390996068716,0.026882290840148926,0.004697034601122141,0.00436581252142787,42.90692877435884,-0.05132967233657837,0.05132967233657837,0.6527624039980354
job_000010,Rwanda,80,80,2.6666666666666665,12,0.3569658286869526,12,0.11103108257774749,0.6480550381872389,0.4593421288478523,0.298221423881745,0.111907830018441,0.3333333333333333,0,,,,,,13784,0.02004699409008026,0.05114879086613655,0.008940978907048702,0.0069488175213336945,37.853906801418816,-0.09527517855167389,0.09527517855167389,0.5648599253002098
job_000010,Rwanda,81,81,2.7,15,0.36724451382954915,15,0.14680530247106136,0.6495111815134685,0.47978155960271385,0.3227098820829315,0.10446850567255608,0.26666666666666666,0,,,,,,16062,0.01894654519855976,0.042764194309711456,0.005693490616977215,0.00887926947325468,57.33153616856293,-0.052449747920036316,0.052449747920036316,0.5567165771012522
job_000010,Rwanda,82,82,2.7333333333333334,15,0.3788308600584666,15,0.15174298089062682,0.6706247689988879,0.5159020720587837,0.30986275379738515,0.0898840607244392,0.26666666666666666,0,,,,,,15301,0.007383396849036217,0.01647339202463627,0.001075970008969307,0.0031742474529892206,71.27495813331771,-0.03867518529295921,0.03867518529295921,0.4539441889131477
job_000010,Rwanda,83,83,2.7666666666666666,15,0.3767573148012161,15,0.1432840861414899,0.6497461128234863,0.48057511835922423,0.32317101665723286,0.10452429228577574,0.26666666666666666,0,,,,,,15610,0.013024700805544853,0.026920882984995842,0.0016612652689218521,0.0052190800197422504,72.34340720929848,-0.06635380536317825,0.06635380536317825,0.42051619616340297
job_000010,Rwanda,84,84,2.8,13,0.3763888283417775,13,0.12589847511192298,0.6612988276359363,0.485573811544652,0.32175359844118845,0.10883356272730396,0.23076923076923078,0,,,,,,14713,0.02496882900595665,0.07535593211650848,0.002308993600308895,-0.0023991253692656755,-46.09673083090083,-0.07279887795448303,0.07279887795448303,0.13335638769611505
job_000010,Rwanda,85,85,2.8333333333333335,14,0.3737412148288318,14,0.13491083878534685,0.6751828545615789,0.4975961352151537,0.31747325498973916,0.09225749693499984,0.21428571428571427,0,,,,,,14645,0.015173143707215786,0.0504717156291008,-0.00015642537618987262,-0.001514015719294548,-95.89876702862745,-0.027216320857405663,0.027216320857405663,0.10031375778817744
job_000010,Rwanda,86,86,2.8666666666666667,16,0.39143021404743195,16,0.1948306391603097,0.6615646620591482,0.4737605651219685,0.320920667231334,0.09147717616047302,0.25,0,,,,,,21561,0.027019966393709183,0.06219369173049927,0.0006738856318406761,0.0018402512650936842,69.88766421631873,-0.048765331506729126,0.048765331506729126,0.072529948140911
job_000010,Rwanda,87,87,2.9,12,0.3860407918691635,12,0.08497159691293038,0.6887259787983364,0.40470491426962396,0.27997147779891535,0.09115736664982903,0.3333333333333333,0,,,,,,10401,0.031923118978738785,0.09711708128452301,0.011708901263773441,0.015997501090168953,53.798832948289956,-0.09671422839164734,0.09671422839164734,0.6210136277268617
job_000010,Rwanda,88,88,2.933333333333333,12,0.3797724035878976,12,0.08551312259074441,0.6890242722299366,0.4052468426433611,0.28070151988994946,0.09160294072518727,0.3333333333333333,0,,,,,,10523,0.016813069581985474,0.053362004458904266,0.005829795729368925,0.009383998811244965,58.149442345058496,-0.02794378623366356,0.02794378623366356,0.6570745998442211
job_000010,Rwanda,89,89,2.966666666666667,14,0.37350513466766905,14,0.13251905401053568,0.6917497952779134,0.47194886686940674,0.30710098378208533,0.08951025022982582,0.2857142857142857,0,,,,,,14928,0.027651526033878326,0.06004125252366066,0.004592004232108593,0.017206428572535515,75.0573192423949,-0.10522554814815521,0.10522554814815521,0.6440382630841499
job_000010,Rwanda,90,90,3.0,13,0.3961415863954104,13,0.10439860828034679,0.6916634730803661,0.4394422215953512,0.2944600722384725,0.09363839832664803,0.3076923076923077,0,,,,,,12802,0.025052113458514214,0.07452777028083801,0.000867815047968179,0.013327258639037609,86.27439939680481,-0.005148026160895824,0.005148026160895824,0.5331080353006714
job_000010,Rwanda,91,91,3.033333333333333,13,0.4158274737688211,13,0.10402905796683312,0.6914994472112412,0.43937636970454813,0.2943864435041356,0.09350875172327562,0.3076923076923077,0,,,,,,12656,0.010869529098272324,0.03456687927246094,-0.00033526873448863626,0.005007319152355194,93.8305636310343,0.005339149851351976,0.0,0.4617063570824515
job_000010,Rwanda,92,92,3.066666666666667,14,0.37909941375255585,14,0.10971389623632367,0.7049534377597629,0.43052489719693626,0.29051557305516174,0.08951604758000865,0.2857142857142857,0,,,,,,13269,0.019757011905312538,0.05706358700990677,-0.002680062083527446,0.008009770885109901,108.50019450305057,-0.03501548245549202,0.03501548245549202,0.4275065188105257
job_000010,Rwanda,93,93,3.1,13,0.39989572763442993,13,0.10548760774844135,0.6900095438345885,0.44511914103798716,0.29238069199636874,0.09641225455238542,0.3076923076923077,0,,,,,,12919,0.01886873133480549,0.05746723711490631,-0.0032793970312923193,0.010621740482747555,107.15775081295007,-0.06984186172485352,0.06984186172485352,0.5891475042850611
job_000010,Rwanda,94,94,3.1333333333333333,12,0.43024249499042827,12,0.09912848861352865,0.6747465994622973,0.45731783737370996,0.29700674265431426,0.09330748362813257,0.3333333333333333,0,,,,,,12039,0.011821615509688854,0.03499457612633705,0.00045998566201888025,0.0062506846152246,85.79121045997557,-0.0335647314786911,0.0335647314786911,0.5301802320106658
job_000010,Rwanda,95,95,3.1666666666666665,13,0.38939228883156407,13,0.12308379381738094,0.6654490959949982,0.4806375166629454,0.29798139081808617,0.08664345919277058,0.3076923076923077,0,,,,,,13939,0.021561013534665108,0.06633046269416809,0.0022748352494090796,0.010168612003326416,77.38990519367842,-0.06684759259223938,0.06684759259223938,0.4832777911679658
job_000010,Rwanda,96,96,3.2,15,0.35560517211755116,15,0.1595904845075109,0.682145634757148,0.527813360426161,0.3095364410655974,0.06961762730506173,0.26666666666666666,0,,,,,,16227,0.025214092805981636,0.056350674480199814,0.0007308818749152124,0.014707105234265327,87.15497894859907,-0.06788114458322525,0.06788114458322525,0.584008912834785
job_000010,Rwanda,97,97,3.2333333333333334,15,0.3365846703449885,15,0.13824468341647675,0.6732838439941405,0.4900350241013516,0.32172757065287394,0.07391485904537685,0.26666666666666666,0,,,,,,14798,0.011881663464009762,0.03508719801902771,0.0013379023876041174,0.007060490548610687,79.27015967640389,-0.026049170643091202,0.026049170643091202,0.6048086757659391
job_000010,Rwanda,98,98,3.2666666666666666,14,0.3525936539684023,14,0.1583474069500766,0.683285843758356,0.5356456673334515,0.31365839614131413,0.10613615033133576,0.2857142857142857,0,,,,,,17185,0.02181645855307579,0.04653595760464668,0.0002827861753758043,0.012188896536827087,88.67095858683919,-0.004703883547335863,0.004703883547335863,0.5588522275189689
job_000010,Rwanda,99,99,3.3,13,0.36245453357696533,13,0.1447530174559277,0.6667869726816812,0.51947529838975,0.3141199273999631,0.1015266427314697,0.3076923076923077,0,,,,,,15515,0.00881592184305191,0.025723189115524292,-9.999556641560048e-05,-0.0009076877031475306,-96.28664849439006,0.001294936635531485,0.0,0.10358294031175044
job_000010,Rwanda,100,100,3.3333333333333335,14,0.3432227852089064,14,0.13974708725014892,0.7064189218339465,0.48656546728951583,0.31286242573669437,0.0928427429158886,0.21428571428571427,0,,,,,,15858,0.011740942485630512,0.02979055792093277,-0.0005157041014172137,0.00035340411704964936,145.57775657537152,-0.024419059976935387,0.024419059976935387,0.05324752489686556
job_000010,Rwanda,101,101,3.3666666666666667,15,0.3621633986632029,15,0.18355491698458884,0.7594294590420194,0.5405132067645037,0.28630584021105704,0.061409861443218326,0.2,0,,,,,,18297,0.020580129697918892,0.06398060917854309,-4.4775628339266405e-05,-0.002332160947844386,-91.09989809413315,-0.07420787215232849,0.07420787215232849,0.11334188708426084
job_000010,Rwanda,102,102,3.4,12,0.38947461048762005,12,0.1426504584594497,0.7422556122144064,0.5161054929097493,0.3224688422313195,0.12197229195121545,0.16666666666666666,0,,,,,,16372,0.02903050370514393,0.10136271268129349,-0.0021133702248334885,-0.006931041367352009,-106.95718770116487,-0.10281836241483688,0.10281836241483688,0.24960226578128242
job_000010,Rwanda,103,103,3.433333333333333,14,0.3404079739536558,14,0.15002303490381622,0.7085461321331206,0.48169889046401565,0.34053885342087803,0.11661646985959918,0.21428571428571427,0,,,,,,17538,0.014687731862068176,0.04714968800544739,-0.00200524996034801,-0.004378876183182001,-114.60480173173872,-0.051209956407547,0.051209956407547,0.3279049105138023
job_000010,Rwanda,104,104,3.466666666666667,14,0.36698885900633677,14,0.1453275131297257,0.7036104190917243,0.41261674474786825,0.3223835194683635,0.1260967194409975,0.2857142857142857,0,,,,,,17461,0.028772933408617973,0.08861915022134781,-0.003946755547076464,-0.004579020664095879,-130.75875199250822,-0.14991328120231628,0.14991328120231628,0.21009984892766564
job_000010,Rwanda,105,105,3.5,13,0.36453995223228747,13,0.12103928344482685,0.7130830471332257,0.42406917256847065,0.3437606860945961,0.12592465185661508,0.3076923076923077,0,,,,,,13623,0.02415711246430874,0.06275926530361176,-0.006818824447691441,-0.009399741888046265,-125.95813643307635,-0.20273301005363464,0.20273301005363464,0.4807097079747326
job_000010,Rwanda,106,106,3.533333333333333,13,0.3681544248874371,13,0.09855252802309909,0.6975214848151572,0.43569872875159277,0.3060038668174526,0.11607535057205119,0.23076923076923078,0,,,,,,11975,0.010469944216310978,0.028965698555111885,-0.0028266203589737415,-0.005686956457793713,-116.42901642900549,-0.03468073159456253,0.03468073159456253,0.6065638280587753
job_000010,Rwanda,107,107,3.566666666666667,14,0.37495871633291245,14,0.12690482684646454,0.7024988424210321,0.4230841217848359,0.29811416812456526,0.10775534267516262,0.2857142857142857,0,,,,,,15423,0.011968250386416912,0.03359794616699219,-0.0017386993858963251,6.817225221311674e-05,177.75465349744366,-0.01325662899762392,0.01325662899762392,0.1453876123328081
job_000010,Rwanda,108,108,3.6,11,0.3712895729325034,11,0.08340068460661752,0.709484119126291,0.40894769996103614,0.26385683376650604,0.10246782128346128,0.45454545454545453,0,,,,,,11033,0.01508309692144394,0.04104281961917877,-0.003235162002965808,-0.004492755513638258,-125.75706219942124,-0.07425308972597122,0.07425308972597122,0.36705630624830315
job_000010,Rwanda,109,109,3.6333333333333333,14,0.34689879630293163,14,0.11227175029660834,0.6841697102501277,0.4655816618096892,0.2888186893138739,0.09009187709734405,0.35714285714285715,0,,,,,,14457,0.006262017879635096,0.018109073862433434,-0.0007625340949743986,-0.00046227339771576226,-148.77437017563634,-0.034414142370224,0.034414142370224,0.14240052073983742
job_000010,Rwanda,110,110,3.6666666666666665,11,0.36985983089967206,11,0.09792729672936763,0.69728026823564,0.40741537909716463,0.2587437590577839,0.09574661179462277,0.45454545454545453,0,,,,,,12262,0.010591454803943634,0.024630842730402946,-0.0005646373610943556,0.0020412541925907135,105.46213391816578,-0.02601228840649128,0.02601228840649128,0.19996383649824281
job_000010,Rwanda,111,111,3.7,12,0.3663225236038367,12,0.09314924330614797,0.70004729297426,0.43624224603911976,0.26930642253409237,0.09775857550523642,0.4166666666666667,0,,,,,,12412,0.0125890439376235,0.03366163372993469,0.0011107578175142407,7.780138548696414e-05,4.006654188360217,-0.07962185889482498,0.07962185889482498,0.08844827539149111
job_000010,Rwanda,112,112,3.7333333333333334,11,0.3519793748855591,11,0.08830904863689532,0.6539909868529349,0.4316601236259897,0.2556610200969296,0.09605215648949526,0.45454545454545453,0,,,,,,11745,0.005010522436350584,0.011842671781778336,0.0009789029136300087,0.00010129373549716547,5.9077577978480225,-0.010906757786870003,0.010906757786870003,0.19641259917043039
job_000010,Rwanda,113,113,3.7666666666666666,11,0.3653481128540906,11,0.08275092095476995,0.6732659354354394,0.36862403503572094,0.24934108552268744,0.08905880464139625,0.45454545454545453,0,,,,,,10410,0.012653668411076069,0.02903563715517521,0.0005129704368300736,0.004947856068611145,84.0809896787334,-0.07843580096960068,0.07843580096960068,0.39311731703731145
job_000010,Rwanda,114,114,3.8,10,0.38973410427570343,10,0.076497866710787,0.6786987177530925,0.3766803741455078,0.25998402467980863,0.10304360995164163,0.4,0,,,,,,10357,0.014873793348670006,0.029772069305181503,0.0005563468439504504,0.00867414753884077,86.33016118920307,-0.02188354916870594,0.02188354916870594,0.5843815797889566
job_000010,Rwanda,115,115,3.8333333333333335,10,0.38244457095861434,10,0.07600745198467736,0.678814697265625,0.37694413891545053,0.2597929451270903,0.1030926593080657,0.4,0,,,,,,10247,0.007440604269504547,0.014852496795356274,0.0011650421656668186,0.004854480270296335,76.50463610200964,-0.023925650864839554,0.023925650864839554,0.6709568365402657
job_000010,Rwanda,116,116,3.8666666666666667,10,0.3641585290431976,10,0.0742416004840552,0.6791453297932943,0.3767808649275038,0.2594623552700202,0.10386015140630907,0.4,0,,,,,,10067,0.01593516580760479,0.03286176174879074,0.002045717556029558,0.009870779700577259,78.2912209340979,-0.15109263360500336,0.15109263360500336,0.6325970129033813
job_000010,Rwanda,117,117,3.9,10,0.3083489015698433,10,0.08459647371834886,0.691505986849467,0.3805701775021023,0.26389080897775974,0.0799808193471366,0.4,0,,,,,,8584,0.014055592939257622,0.028815167024731636,0.0032609347254037857,0.00791470892727375,67.60787697556476,-0.1865803301334381,0.1865803301334381,0.6090215109998806
job_000010,Rwanda,118,118,3.933333333333333,11,0.3140826997431842,11,0.10725175875068403,0.7053197730671276,0.37192217765833796,0.25709080214471675,0.07822289610391055,0.36363636363636365,0,,,,,,11064,0.007316885981708765,0.01982666365802288,0.0003086370707023889,0.0031615442130714655,84.42432435345559,-0.03085068054497242,0.03085068054497242,0.43414280633041297
job_000010,Rwanda,119,119,3.966666666666667,10,0.32113233357667925,10,0.13491258572968318,0.6277104473114015,0.4432469375045212,0.34773683059912514,0.14347711734843227,0.3,0,,,,,,14969,0.009151430800557137,0.02595142461359501,0.0008095292723737657,0.0014907208969816566,61.49602649922743,-0.06991525739431381,0.06991525739431381,0.18536391297916271
job_000010,Rwanda,120,120,4.0,11,0.3117551153356379,11,0.16136514555658873,0.6154515822728475,0.48648213762225523,0.3628803431665686,0.16957118683134217,0.2727272727272727,0,,,,,,20283,0.011489912867546082,0.030278200283646584,0.00011858728248625994,0.001247446401976049,84.56955167409986,-0.04587102681398392,0.04587102681398392,0.10905830455023838
job_000010,Rwanda,121,121,4.033333333333333,10,0.3822471484541893,10,0.14640498760207354,0.5984215132395427,0.5313701954594364,0.3444554165278864,0.17015167991735072,0.3,0,,,,,,18730,0.006913432385772467,0.01884956657886505,-0.0008720311452634633,-0.0003246389387641102,-159.58075471197148,0.0007919628988020122,0.0,0.13459294122313473
job_000010,Rwanda,122,122,4.066666666666666,10,0.3314444825053215,10,0.13474485172750356,0.6100948842366536,0.5182961866590712,0.3371328032746658,0.1602814779484008,0.3,0,,,,,,17733,0.017454149201512337,0.05570855736732483,-0.00236933003179729,-0.0006528410012833774,-164.59508261345746,0.003314883913844824,0.0,0.1408046933187073
job_000010,Rwanda,123,123,4.1,8,0.36491008661687374,8,0.10911345353527271,0.6004554063081742,0.4503874937693278,0.3314539999326748,0.2070426637271459,0.375,0,,,,,,14243,0.013648474588990211,0.04782603681087494,0.0016599351074546576,-0.0029155544470995665,-60.345508726988136,-0.0038594440557062626,0.0038594440557062626,0.24581302102633773
job_000010,Rwanda,124,124,4.133333333333334,8,0.34863209538161755,8,0.11464746090311329,0.6021441181500753,0.45080111379976623,0.3325326334378526,0.20694624133966372,0.375,0,,,,,,15068,0.0063894144259393215,0.02227601781487465,0.0006874399841763079,-0.0003054032276850194,-23.953743014368012,-0.018587825819849968,0.018587825819849968,0.11773013199038732
job_000010,Rwanda,125,125,4.166666666666667,11,0.28909615088592877,11,0.14664682992482142,0.620422928983515,0.4430888660829075,0.3201963341863102,0.14372495343793312,0.36363636363636365,0,,,,,,17343,0.010354559868574142,0.03530784696340561,0.0011711856350302696,0.0007599752862006426,32.97929576166598,0.009262819774448872,0.0,0.13483443401618922
job_000010,Rwanda,126,126,4.2,10,0.3176270261406898,10,0.1507830304235073,0.6209985367457073,0.5245812889381691,0.3534372172748785,0.14859353082861051,0.2,0,,,,,,17582,0.009988616220653057,0.03388575464487076,-0.002726123435422778,0.0017812347505241632,146.83960981543478,0.010774513706564903,0.0,0.3260173534428195
job_000010,Rwanda,127,127,4.233333333333333,10,0.322300511598587,10,0.15013486935681647,0.6027249900499978,0.5281122702139396,0.3443909715712035,0.16557574738480346,0.3,0,,,,,,19461,0.005926409270614386,0.021301617845892906,-0.0005240924074314535,0.0005046825390309095,136.08086964644988,-0.019530629739165306,0.019530629739165306,0.12276965180659515
job_000010,Rwanda,128,128,4.266666666666667,8,0.33551459945738316,8,0.13299070082061792,0.5906633575757346,0.5411904679404365,0.3421965001098202,0.18602550431100423,0.375,0,,,,,,17582,0.012084556743502617,0.04597289115190506,-0.0017396606272086501,0.001286333310417831,143.5201772770474,0.011414892040193081,0.0,0.17903665602333715
job_000010,Rwanda,129,129,4.3,9,0.29880740079614854,9,0.13118642464977362,0.5655783874017222,0.6086748790348507,0.33282660352744964,0.17017728960155487,0.3333333333333333,0,,,,,,17523,0.01122779119759798,0.03993082791566849,-0.0065354532562196255,-0.00047498673666268587,-175.84313925337239,0.07732787728309631,0.0,0.583613558705889
job_000010,Rwanda,130,130,4.333333333333333,7,0.31032481363841463,7,0.1224776335545319,0.5426112651824951,0.6477909491806434,0.31645757043151634,0.2157245997663935,0.2857142857142857,0,,,,,,16298,0.0074602896347641945,0.023772653192281723,-0.004835869651287794,-0.00018116705177817494,-177.85452128322248,0.05622727796435356,0.0,0.6486694545666596
job_000010,Rwanda,131,131,4.366666666666666,10,0.33099434822797774,10,0.13198741877517203,0.6091776744524637,0.5245355683785897,0.3407378176891406,0.16463255994782922,0.3,0,,,,,,17321,0.019506163895130157,0.057470958679914474,-0.012538516893982887,0.0008448887965641916,176.14503894775723,0.038488585501909256,0.0,0.6442553488403925
job_000010,Rwanda,132,132,4.4,9,0.3368813627296024,9,0.08437882319075504,0.6550336449234574,0.46268823176254464,0.268219013701086,0.08884280485184864,0.2222222222222222,0,,,,,,9409,0.026964666321873665,0.10865145921707153,-0.015156840905547142,-0.0007671415223740041,-177.10252970113055,0.13154855370521545,0.0,0.5628195871158969
job_000010,Rwanda,133,133,4.433333333333334,9,0.33078912066088784,9,0.08220512841457094,0.65474411116706,0.46301722506927373,0.2680877402794321,0.08865476740621496,0.2222222222222222,0,,,,,,9188,0.011659461073577404,0.04031416401267052,-0.004807575140148401,-0.003116853768005967,-147.04379599546436,0.031647585332393646,0.0,0.49140639000357483
job_000010,Rwanda,134,134,4.466666666666667,10,0.3259218841791153,10,0.11901430234392328,0.6034208273887635,0.5098595117639613,0.3314148537788964,0.11892243473546109,0.2,0,,,,,,14557,0.012044630944728851,0.03152567893266678,-0.004664557985961437,-0.0032207758631557226,-145.3757647811855,0.011867880821228027,0.0,0.47062174695051445
job_000010,Rwanda,135,135,4.5,8,0.3303546030074358,8,0.07680332985804987,0.6327642937501271,0.4965263817045424,0.25679338216087794,0.08970706951010862,0.25,0,,,,,,8856,0.013196209445595741,0.039205245673656464,-0.004651091992855072,-0.004410212393850088,-136.5227536963794,0.01839917153120041,0.0,0.48571321497863745
job_000010,Rwanda,136,136,4.533333333333333,8,0.3348455931991339,8,0.0713582893520544,0.6094288349151612,0.5048390247203686,0.2397464867050326,0.11529583032257132,0.375,0,,,,,,9699,0.006759489420801401,0.021903589367866516,0.00019898322352673858,0.000537922082003206,69.7000184307226,0.03443823754787445,0.0,0.08485042389971327
job_000010,Rwanda,137,137,4.566666666666666,8,0.3599689658731222,8,0.07538427459225519,0.6105803787708283,0.5050653175071433,0.24002269937365814,0.1153066728089507,0.375,0,,,,,,10214,0.012389197014272213,0.04075072333216667,0.001352871535345912,0.001389672514051199,45.76878044053708,0.03898807242512703,0.0,0.15654332361066936
job_000010,Rwanda,138,138,4.6,10,0.33193139284849166,10,0.09317686352335806,0.6414334837595621,0.455900777887415,0.24548925280652556,0.08996930255068233,0.4,0,,,,,,11113,0.01143268309533596,0.029649484902620316,0.001417328603565693,0.00018446188187226653,7.415226919695128,0.03709994629025459,0.0,0.12501718279546475
job_000010,Rwanda,139,139,4.633333333333334,9,0.3569762541188134,9,0.08570199674171615,0.6563439033649585,0.43000077691097804,0.22618029950011395,0.10171195823425916,0.4444444444444444,0,,,,,,9769,0.006291908212006092,0.019370876252651215,0.0007027166429907084,-0.0019976841285824776,-70.61987968415976,0.005855986848473549,0.0,0.3365713778942795
job_000010,Rwanda,140,140,4.666666666666667,8,0.3725369293242693,8,0.07376432462477281,0.6353240728378297,0.4503242580978959,0.22280153589339646,0.12797085600858527,0.5,0,,,,,,9535,0.009943257085978985,0.026188934221863747,0.00035191531060263515,-0.003370736027136445,-84.03973571540189,0.00037250647437758744,0.0,0.3408397001929579
job_000010,Rwanda,141,141,4.7,9,0.34924399687184227,9,0.08097054650990439,0.6233932283189562,0.48580136946689945,0.2346845937225725,0.09193343491777012,0.4444444444444444,0,,,,,,10391,0.01006599422544241,0.02796800062060356,5.5791460908949375e-05,-0.005365583114326,-89.40425859082303,-0.027667762711644173,0.027667762711644173,0.5330693666992882
job_000010,Rwanda,142,142,4.733333333333333,9,0.34834547175301445,9,0.08085504716889391,0.6233777346434417,0.48558317584755983,0.2346029762552869,0.09200023898567723,0.4444444444444444,0,,,,,,10429,0.0053802793845534325,0.016114268451929092,6.590260454686359e-05,-0.003090377664193511,-88.77834708771007,-0.02009817585349083,0.02009817585349083,0.574520401844963
job_000010,Rwanda,143,143,4.766666666666667,9,0.3535800559653176,9,0.08498598488828582,0.6339518688343189,0.47700665006912296,0.24681280730246008,0.08790754262495677,0.3333333333333333,0,,,,,,10047,0.01461606752127409,0.042680565267801285,0.00037714149220846593,-0.009487543255090714,-87.72362093220023,-0.07316864281892776,0.07316864281892776,0.6496300185453425
job_000010,Rwanda,144,144,4.8,8,0.33869192004203796,8,0.07149225023269447,0.6489941259225209,0.4296674348689892,0.24269243361143478,0.1404268514622235,0.375,0,,,,,,9232,0.027106013149023056,0.087309330701828,0.0007161317043937743,-0.018052637577056885,-87.72831966732664,-0.08267512917518616,0.08267512917518616,0.6665250267750265
job_000010,Rwanda,145,145,4.833333333333333,8,0.35291944071650505,8,0.07876293839327433,0.6482007046540578,0.43888623184627956,0.23317965206033667,0.12433321453437972,0.375,0,,,,,,9143,0.017647698521614075,0.05104362964630127,0.0011604414321482182,-0.01429719664156437,-85.35972211936485,0.011715932749211788,0.0,0.8128092915242215
job_000010,Rwanda,146,146,4.866666666666666,12,0.33411811913053197,12,0.10419516086402399,0.6807225690947639,0.40290310471146196,0.28911507379710744,0.1039371880213598,0.25,0,,,,,,12063,0.03135067969560623,0.09335078299045563,0.003244101069867611,-0.02439243718981743,-82.42433727207103,-0.06659300625324249,0.06659300625324249,0.784902221039349
job_000010,Rwanda,147,147,4.9,10,0.35087491422891615,10,0.08624200891176803,0.6821109501520792,0.3706867073200367,0.2540781108347041,0.12171109772398041,0.3,0,,,,,,9943,0.03633306920528412,0.1310838907957077,0.005108802579343319,-0.0263067577034235,-79.00989170393585,-0.06057178974151611,0.06057178974151611,0.737571445058757
job_000010,Rwanda,148,148,4.933333333333334,9,0.3591155923075146,9,0.07994051352347913,0.7066110928853352,0.3268863933076584,0.21649679742179917,0.11080640474194231,0.3333333333333333,0,,,,,,9079,0.018175654113292694,0.06067526713013649,0.0037084147334098816,-0.012162783183157444,-73.043613179721,-0.0212089866399765,0.0212089866399765,0.6995933431483096
job_000010,Rwanda,149,149,4.966666666666667,11,0.2955000806938518,11,0.11961251642006607,0.6868692369172068,0.41918753999652286,0.2874344089543649,0.1301428030099862,0.2727272727272727,0,,,,,,14351,0.02307465672492981,0.06911247968673706,0.001322233467362821,-0.014851795509457588,-84.91245432185441,-0.09675505012273788,0.09675505012273788,0.6461867566170139
job_000010,Rwanda,150,150,5.0,12,0.3151158131659031,12,0.16980086046386722,0.6905268881056045,0.5020562960777754,0.2647576061914335,0.08706738841691752,0.25,0,,,,,,16936,0.022239791229367256,0.06399324536323547,-0.0038684967439621687,-0.010950163938105106,-109.4574019613254,-0.11150602996349335,0.11150602996349335,0.5221907301331657
job_000010,Rwanda,151,151,5.033333333333333,12,0.33125657588243484,12,0.1683826319873351,0.6896993597348531,0.5016981313258041,0.2635783996090384,0.0866740604772843,0.25,0,,,,,,16762,0.010964234359562397,0.032669343054294586,-0.002814999781548977,-0.007012826390564442,-111.8708869097371,-0.061331842094659805,0.061331842094659805,0.6892151172290204
job_000010,Rwanda,152,152,5.066666666666666,10,0.33498155772686006,10,0.08716727309106465,0.6559598382314046,0.4433765630368833,0.24972148911452627,0.07670803517935779,0.3,0,,,,,,8935,0.013999919407069683,0.046857383102178574,0.004712872207164764,-0.007401350419968367,-57.51271082816869,-0.05880643427371979,0.05880643427371979,0.6267507678831526
job_000010,Rwanda,153,153,5.1,12,0.354228721310695,12,0.14324255788034254,0.6661941369374593,0.49911040553340197,0.26719300402777973,0.08097270180140824,0.25,0,,,,,,15957,0.02085716649889946,0.06722567230463028,-0.005780011415481567,-0.009489248506724834,-121.34607916678007,-0.09772560745477676,0.09772560745477676,0.5327186782036862
job_000010,Rwanda,154,154,5.133333333333334,11,0.39287127689881757,11,0.12760701589237552,0.6502200198896003,0.5186203516693628,0.26253624134014436,0.09056878006855786,0.2727272727272727,0,,,,,,15120,0.011812225915491581,0.03474869579076767,-0.001656890264712274,-0.004879738669842482,-108.75465543159945,-0.033381734043359756,0.033381734043359756,0.43627353093069343
job_000010,Rwanda,155,155,5.166666666666667,13,0.37608069296066576,13,0.14577783431539748,0.6693641845996564,0.48519845239796866,0.25896653999740044,0.06721262641403869,0.3076923076923077,0,,,,,,15729,0.015042006969451904,0.04469963163137436,-0.003354869317263365,-0.006012840662151575,-119.15936797310606,-0.0601457916200161,0.0601457916200161,0.45774799254130594
job_000010,Rwanda,156,156,5.2,12,0.39314162731170654,12,0.1485251878672572,0.6744544188181559,0.49742493276242855,0.2725762069266244,0.07168695050476402,0.3333333333333333,0,,,,,,15606,0.01720702089369297,0.052063949406147,-0.005352698732167482,-0.01011298131197691,-117.89181638952505,-0.019578035920858383,0.019578035920858383,0.6649723279930836
job_000010,Rwanda,157,157,5.233333333333333,13,0.3473430195680031,13,0.15710440964856343,0.675141960535294,0.5084255598888778,0.2643399322866359,0.054474586913596384,0.3076923076923077,0,,,,,,15484,0.010708995163440704,0.027438808232545853,-0.0022796685807406902,-0.007907463237643242,-106.08191646600447,-0.014891741797327995,0.014891741797327995,0.7684672210041141
job_000010,Rwanda,158,158,5.266666666666667,12,0.35892929633458454,12,0.12437819063846639,0.6714017126295303,0.47507146493888186,0.2488703647306124,0.040519887838337314,0.3333333333333333,0,,,,,,11129,0.02260747365653515,0.05298655107617378,-0.001376384636387229,-0.017624640837311745,-94.46541283964328,0.002362242667004466,0.0,0.7819672085033599
job_000010,Rwanda,159,159,5.3,12,0.3512081168591976,12,0.1252071555148687,0.6715708732604981,0.47395012054914315,0.24810860835997728,0.0410317854378497,0.3333333333333333,0,,,,,,11292,0.02556121163070202,0.0701429694890976,-9.957366273738444e-05,-0.021046938374638557,-90.27106593648477,0.047773923724889755,0.0,0.8234028269204783
job_000010,Rwanda,160,160,5.333333333333333,13,0.36112572711247665,13,0.15776218334650355,0.6793622200305645,0.4977745143097011,0.2534004820609753,0.04972383254314231,0.3076923076923077,0,,,,,,14659,0.016482433304190636,0.06819146871566772,-0.0035913411993533373,-0.013412599451839924,-104.98982024173712,0.03161478787660599,0.0,0.8424171159048388
job_000010,Rwanda,161,161,5.366666666666666,12,0.37017236029108364,12,0.14843014767660995,0.649519387880961,0.49851226836075013,0.27598774083038624,0.08237795787211473,0.25,0,,,,,,14363,0.03085082396864891,0.12224749475717545,-0.005415450315922499,-0.024649567902088165,-102.39088979618691,0.016939254477620125,0.0,0.8180474687776439
job_000010,Rwanda,162,162,5.4,12,0.38816863919297856,12,0.14232577958836587,0.6614000426398383,0.4630732913076141,0.2902343360499126,0.09341752920315227,0.25,0,,,,,,14447,0.02142379991710186,0.07711146026849747,-0.0021251796279102564,-0.016383353620767593,-97.39089803746539,-0.008611990138888359,0.008611990138888359,0.7711336634600634
job_000010,Rwanda,163,163,5.433333333333334,12,0.38255569338798523,12,0.12454819230075956,0.6562747531467014,0.4385524078651711,0.28568449320282496,0.0807347123386193,0.3333333333333333,0,,,,,,11718,0.006355604622513056,0.020316846668720245,-0.0004271712969057262,-0.00267963414080441,-99.05753876302866,-0.004553896840661764,0.004553896840661764,0.4269411394629079
job_000010,Rwanda,164,164,5.466666666666667,14,0.35292777525527136,14,0.1467414882187065,0.6589193639301119,0.4442779157527541,0.2690559536856112,0.0805327958964995,0.35714285714285715,0,,,,,,13150,0.015722548589110374,0.04989326745271683,-0.0010365401394665241,-0.006209975574165583,-99.47618409905343,-0.03688446059823036,0.03688446059823036,0.40043689299528545
job_000010,Rwanda,165,165,5.5,15,0.3690755973259608,15,0.15453891375165385,0.663242506451077,0.4360418267897618,0.2612614291448615,0.07359813909696868,0.4,0,,,,,,13735,0.01592320203781128,0.0471961535513401,-0.0015894394600763917,-0.0037782916333526373,-112.81535861952621,0.005675886292010546,0.0,0.25742313228071834
job_000010,Rwanda,166,166,5.533333333333333,12,0.4161246456205845,12,0.13168454202949637,0.6441403706868489,0.47213059119236317,0.27235115212916,0.0897192030192434,0.3333333333333333,0,,,,,,12957,0.00809475127607584,0.02044031210243702,-0.0004902130458503962,-0.0017347733955830336,-105.77925460824423,0.008213905617594719,0.0,0.22270055766216731
job_000010,Rwanda,167,167,5.566666666666666,13,0.3817150145769119,13,0.1656276918730981,0.6745115108979054,0.49243850327624883,0.2772564250039129,0.07238762255814121,0.3076923076923077,0,,,,,,17124,0.013421278446912766,0.0398842990398407,-0.000940450991038233,-0.004277534782886505,-102.39966746540458,0.00021873247169423848,0.0,0.3263249258033092
job_000010,Rwanda,168,168,5.6,9,0.3616300192144182,9,0.07297233825801469,0.6536289215087892,0.3830038985107171,0.26314660755153246,0.08814669226149753,0.4444444444444444,0,,,,,,7965,0.010195695795118809,0.031769730150699615,0.000628387788310647,0.000841937493532896,53.26384166937032,-0.020338062196969986,0.020338062196969986,0.10304206313662741
job_000010,Rwanda,169,169,5.633333333333334,10,0.36828788220882414,10,0.08708637604564569,0.6621702353159586,0.4267747214988426,0.2830243016675838,0.10035108708392486,0.4,0,,,,,,9846,0.00698877964168787,0.02137625962495804,-0.0025279095862060785,-0.0003007504856213927,-173.21529698155004,-0.011874684132635593,0.011874684132635593,0.3642606147182979
job_000010,Rwanda,170,170,5.666666666666667,11,0.3942453305829655,11,0.09582430186663214,0.6637231162100127,0.440352344191837,0.273411438340605,0.11150409188466401,0.36363636363636365,0,,,,,,11142,0.03400208428502083,0.08494362235069275,-0.007701740134507418,-0.020242735743522644,-110.83028499921747,-0.05325102061033249,0.05325102061033249,0.6369719433072215
job_000010,Rwanda,171,171,5.7,14,0.3487307535750525,14,0.1316395272227695,0.6876648221697126,0.4230298693217928,0.2588651415172787,0.06647031806170156,0.2857142857142857,0,,,,,,11054,0.034767769277095795,0.11154333502054214,-0.007857518270611763,-0.02072315290570259,-110.7650321470132,-0.030802451074123383,0.030802451074123383,0.6374524298105303
job_000010,Rwanda,172,172,5.733333333333333,11,0.388583397323435,11,0.09840336670233789,0.6716720855597296,0.3880919668409559,0.25176186071715756,0.08470219999666163,0.36363636363636365,0,,,,,,9755,0.012658646330237389,0.04132769629359245,-0.0009374073706567287,-0.00919113215059042,-95.82348391821282,0.028666777536273003,0.0,0.7298420006187153
job_000010,Rwanda,173,173,5.766666666666667,13,0.36799294788103837,13,0.12050093319833481,0.6749904436942858,0.41825868872835437,0.2590936484695048,0.08274601746299642,0.38461538461538464,0,,,,,,11502,0.03080298751592636,0.12998351454734802,-0.013474651612341404,-0.015611562877893448,-130.79813242284334,-0.05958437919616699,0.05958437919616699,0.6694964540354028
job_000010,Rwanda,174,174,5.8,13,0.40242663713601917,13,0.1500549190062929,0.6775494636633457,0.5179845386081272,0.27467851886760364,0.06779284424489854,0.3076923076923077,0,,,,,,15378,0.023421291261911392,0.08584373444318771,-0.009141583926975727,-0.008824684657156467,-136.01051077813815,-0.079179547727108,0.079179547727108,0.5424998260034561
job_000010,Rwanda,175,175,5.833333333333333,12,0.40207740167776745,12,0.11200586321571375,0.6673243588871426,0.49209083097952383,0.27050053518342804,0.07888356830763675,0.3333333333333333,0,,,,,,12381,0.01437292154878378,0.04883734881877899,-0.0046813227236270905,-0.004878884647041559,-133.81614978862433,-0.043084412813186646,0.043084412813186646,0.4704353745483147
job_000010,Rwanda,176,176,5.866666666666666,15,0.35204876959323883,15,0.1203416558103273,0.6427801693810358,0.4509303387300468,0.2932634684476806,0.0735842553257014,0.26666666666666666,0,,,,,,13532,0.021959593519568443,0.06875472515821457,-0.00664010364562273,-0.008185023441910744,-129.05070639725957,-0.09741656482219696,0.09741656482219696,0.4799594606893862
job_000010,Rwanda,177,177,5.9,15,0.33210359811782836,15,0.1279220957542876,0.640198147031996,0.43461414525538317,0.279928035437612,0.052980164525075035,0.26666666666666666,0,,,,,,12730,0.017686916515231133,0.05127669498324394,-0.003193577751517296,-0.005255811847746372,-121.2840317693191,0.006011227145791054,0.0,0.347714637175867
job_000010,Rwanda,178,178,5.933333333333334,12,0.3813157168527444,12,0.10290333452219357,0.6706043230162727,0.4361787728321406,0.2708551552557855,0.10088721834498905,0.3333333333333333,0,,,,,,11574,0.011808095499873161,0.03479398041963577,-0.00520820589736104,-0.0018269874854013324,-160.66963054451486,-0.034976810216903687,0.034976810216903687,0.46742136499430553
job_000010,Rwanda,179,179,5.966666666666667,13,0.3814516056042451,13,0.11108624939345679,0.6651988261785261,0.4290307039548868,0.2624383361566329,0.09050929631965635,0.38461538461538464,0,,,,,,11170,0.024605460464954376,0.06967466324567795,-0.011446121148765087,-0.012354164384305477,-132.81507566142696,-0.11140486598014832,0.11140486598014832,0.6844654441143957
job_000010,Rwanda,180,180,6.0,11,0.4101749455386942,11,0.0917446995906932,0.6674933187889329,0.4057820021504103,0.25997684461375664,0.12459206144208675,0.45454545454545453,0,,,,,,10326,0.02811419405043125,0.08234360814094543,-0.013319575227797031,-0.01495603658258915,-131.6876808170705,-0.137368842959404,0.137368842959404,0.7123566888615808
job_000010,Rwanda,181,181,6.033333333333333,11,0.40967024998231366,11,0.09026982674138125,0.6677297346519703,0.4057604882853601,0.26028636938599553,0.124267394053633,0.45454545454545453,0,,,,,,9970,0.013836324214935303,0.041123054921627045,-0.004918005783110857,-0.008335989899933338,-120.53944106062148,-0.05252435803413391,0.05252435803413391,0.6995073782555332
job_000010,Rwanda,182,182,6.066666666666666,11,0.4035752334377982,11,0.08906519218018302,0.6677544247020375,0.40473741473573627,0.2600404215569005,0.12396821387850153,0.45454545454545453,0,,,,,,9863,0.029702186584472656,0.09044767916202545,-0.0075320047326385975,-0.019459819421172142,-111.15913807893484,-0.18874241411685944,0.18874241411685944,0.7025279446764632
job_000010,Rwanda,183,183,6.1,12,0.3452348845700423,12,0.10126360103244673,0.6591278049680921,0.40888512870411814,0.2448997063297921,0.08950086572868447,0.4166666666666667,0,,,,,,9954,0.025489185005426407,0.08915679901838303,-0.0011840852675959468,-0.011610831134021282,-95.8229554647774,-0.0753975585103035,0.0753975585103035,0.45788251431451155
job_000010,Rwanda,184,184,6.133333333333334,10,0.39204698503017427,10,0.08164339445400311,0.6641845798492432,0.3644725368641041,0.23994891356218745,0.12569996795637478,0.5,0,,,,,,8758,0.01203132327646017,0.04062788933515549,-0.0011405282421037555,-0.00695063266903162,-99.31861178784638,0.00562812015414238,0.0,0.5854373217180019
job_000010,Rwanda,185,185,6.166666666666667,12,0.39674094691872597,12,0.0875849591345888,0.6493874881002638,0.33836698973620377,0.25889036003425503,0.09305789307392069,0.3333333333333333,0,,,,,,9724,0.024465622380375862,0.07251480966806412,-0.002956951502710581,-0.005079200956970453,-120.20662214609317,0.018744908273220062,0.0,0.24022405545748834
job_000010,Rwanda,186,186,6.2,7,0.5159564656870705,7,0.05954367821500331,0.6758069288162958,0.3597225027740317,0.2515990692984193,0.17510466625382065,0.2857142857142857,0,,,,,,7702,0.027693696320056915,0.06584326922893524,-0.0032078688964247704,-0.016141844913363457,-101.23994864896987,-0.048927851021289825,0.048927851021289825,0.5942691119528024
job_000010,Rwanda,187,187,6.233333333333333,8,0.47088683024048805,8,0.06696938476395717,0.6671086211999258,0.4061944016703853,0.2665984146036046,0.14631845169989977,0.25,0,,,,,,8774,0.013829461298882961,0.036324575543403625,-0.0006281720125116408,-0.006273304112255573,-95.71820350337742,-0.020319676026701927,0.020319676026701927,0.45588734571652967
job_000010,Rwanda,188,188,6.266666666666667,7,0.510722177369254,7,0.060068359595461966,0.6755151362646193,0.3582155015733507,0.249441769344033,0.17442954351536039,0.2857142857142857,0,,,,,,7794,0.02670992538332939,0.06488361954689026,-0.004259675275534391,-0.017891522496938705,-103.39185819555408,-0.04645659402012825,0.04645659402012825,0.6885684720520203
job_000010,Rwanda,189,189,6.3,7,0.5339517763682774,7,0.061009981982614044,0.6750502722603934,0.3570358508478396,0.24860510875870495,0.1740651424049188,0.2857142857142857,0,,,,,,7803,0.0260552279651165,0.06809227913618088,-0.006810217630118132,-0.014909950084984303,-114.5488616904966,-0.012776713818311691,0.012776713818311691,0.6291111458602218
job_000010,Rwanda,190,190,6.333333333333333,7,0.5184977735791888,7,0.06109172744494572,0.6744491145724342,0.35707899022985384,0.24876896313779062,0.1740621588379762,0.2857142857142857,0,,,,,,7807,0.01681942492723465,0.0448349192738533,-0.0062045869417488575,-0.01109128538519144,-119.22312883340427,0.04528509080410004,0.0,0.7556023252270121
job_000010,Rwanda,191,191,6.366666666666666,9,0.42683318422900307,9,0.07611143289223868,0.6733571970904316,0.39831807799790625,0.2531384677720692,0.12333689469310226,0.3333333333333333,0,,,,,,9976,0.03411002457141876,0.1048855185508728,-0.013194654136896133,-0.01671418361365795,-128.2885709251721,-0.03297409042716026,0.03297409042716026,0.62429350344387
job_000010,Rwanda,192,192,6.4,13,0.36298008033862483,13,0.10533455297196112,0.6518162984114427,0.3770575982552987,0.2575392554565145,0.07458380488020959,0.3076923076923077,0,,,,,,12052,0.026312407106161118,0.07515376061201096,-0.011217115446925163,-0.013134442269802094,-130.49808799348733,-0.0812423825263977,0.0812423825263977,0.656437167896343
job_000010,Rwanda,193,193,6.433333333333334,13,0.38197128703961003,13,0.10443119596382104,0.6515925969832982,0.3766957291171082,0.25731087643393313,0.07469883857226377,0.3076923076923077,0,,,,,,11910,0.010655587539076805,0.031980495899915695,-0.00483175553381443,-0.005495172925293446,-131.32428405775156,-0.029365522786974907,0.029365522786974907,0.686709547274204
job_000010,Rwanda,194,194,6.466666666666667,10,0.43380222022533416,10,0.082212899952644,0.6509967549641927,0.3306358111346209,0.22041091160378642,0.10133465931691465,0.4,0,,,,,,9216,0.024906618520617485,0.08102600276470184,-0.008157975040376186,-0.010090067982673645,-128.95607175047672,-0.09569671005010605,0.09569671005010605,0.5209635113252998
job_000010,Rwanda,195,195,6.5,13,0.3699878671994576,13,0.09522790105130781,0.6290369327251728,0.2947194960721877,0.21276225607732563,0.07605574286820718,0.38461538461538464,0,,,,,,10000,0.019320597872138023,0.06350858509540558,-0.008047187700867653,-0.005186568945646286,-147.1974326178649,0.010346020571887493,0.0,0.4955231865719016
job_000010,Rwanda,196,196,6.533333333333333,11,0.40208546817302704,11,0.08700439049679887,0.6525288047212543,0.3232454287082659,0.2109307056747673,0.09948890655011171,0.5454545454545454,0,,,,,,9672,0.008519267663359642,0.028581220656633377,-0.0038047705311328173,-0.0009688180289231241,-165.71422338283963,-0.017851697281003,0.017851697281003,0.4608588286966758
job_000010,Rwanda,197,197,6.566666666666666,11,0.4187400151382793,11,0.08449810616918972,0.6604298143675833,0.35163009271075835,0.24122934004625438,0.09711954541848712,0.45454545454545453,0,,,,,,10570,0.01493089273571968,0.04571495205163956,-0.0041382694616913795,-0.0037879098672419786,-137.53098830243002,-0.014122049324214458,0.014122049324214458,0.37573961726106025
job_000010,Rwanda,198,198,6.6,14,0.3693946504167148,14,0.11507833307031377,0.6773431437356132,0.3783126109491581,0.24256921307327797,0.07158545266843822,0.42857142857142855,0,,,,,,12083,0.016432330012321472,0.0463331863284111,-0.004938892088830471,-0.006152596324682236,-128.75516226859335,0.00039052043575793505,0.0,0.4801317229780831
job_000010,Rwanda,199,199,6.633333333333334,14,0.37044925881283625,14,0.10307733943394604,0.6559486820584252,0.2904286301325238,0.2075341374555301,0.06465709673522692,0.42857142857142855,0,,,,,,9955,0.00857461616396904,0.02465234138071537,-0.0023081644903868437,-0.0034856810234487057,-123.51191475974555,0.052982036024332047,0.0,0.4875578505882712
job_000010,Rwanda,200,200,6.666666666666667,13,0.37023352888914257,13,0.1118391670563829,0.6326468920096373,0.38078655177711423,0.28511451307079594,0.0667865780396629,0.3076923076923077,0,,,,,,11485,0.01725906692445278,0.04049220681190491,-0.006190173327922821,-0.0036280450876802206,-149.6255392951441,0.025112932547926903,0.0,0.4157248573413366
job_000010,Rwanda,201,201,6.7,12,0.3651751863459746,12,0.10900311873726704,0.6604043828116525,0.3620738211973214,0.2690465563684523,0.0915278961637474,0.3333333333333333,0,,,,,,11098,0.016533508896827698,0.04787600040435791,-0.00827750563621521,-0.0008870289893820882,-173.88344677169832,-0.07577203214168549,0.07577203214168549,0.5035166852995702
job_000010,Rwanda,202,202,6.733333333333333,13,0.3564695165707515,13,0.11674898831255745,0.6387931677011344,0.3867552254614327,0.27022042284391623,0.07090016842236826,0.3076923076923077,0,,,,,,11821,0.008465168066322803,0.03247779607772827,-0.004428371787071228,0.0016332421218976378,159.75535820846378,0.008796275593340397,0.0,0.5575734566945141
job_000010,Rwanda,203,203,6.766666666666667,11,0.43856940350749274,11,0.10074803935411991,0.6523439017209139,0.3346315005010226,0.24730950637718807,0.09981922163948975,0.45454545454545453,0,,,,,,10047,0.026737991720438004,0.09289517253637314,-0.015299164690077305,0.007098773028701544,155.10882125079985,-0.03588380664587021,0.03588380664587021,0.6307823642133774
job_000010,Rwanda,204,204,6.8,9,0.46091390152772266,9,0.07940049958635877,0.6630675050947401,0.2744792157239874,0.18675394236584283,0.0709639782445463,0.4444444444444444,0,,,,,,7521,0.04222992807626724,0.1513645201921463,-0.0279717855155468,0.015247664414346218,151.4048131368926,-0.11518750339746475,0.11518750339746475,0.7543864232400274
job_000010,Rwanda,205,205,6.833333333333333,9,0.4755507740709517,9,0.08073659580609116,0.6621825995268645,0.2733978128236998,0.18648414876481448,0.06959414399457563,0.4444444444444444,0,,,,,,7651,0.02038446068763733,0.0772467851638794,-0.015393370762467384,0.0033506599720567465,167.72003310586655,0.006140534766018391,0.0,0.7728346789054431
job_000010,Rwanda,206,206,6.866666666666666,8,0.5162900816649199,8,0.06865127717512717,0.6403938392798105,0.2747451234746862,0.18913162994338276,0.08633598981127244,0.375,0,,,,,,7542,0.04115159809589386,0.1494758427143097,-0.029077710583806038,0.010483727790415287,160.17365116381134,-0.09265971183776855,0.09265971183776855,0.7511226669280238
job_000010,Rwanda,207,207,6.9,9,0.4747490468952391,9,0.0954281753116865,0.6731729578088831,0.42950252485863954,0.2544862142400421,0.08118727327048318,0.4444444444444444,0,,,,,,9617,0.01899528317153454,0.08517969399690628,-0.010943193919956684,0.0009607886313460767,174.98242134541215,-0.02357332594692707,0.02357332594692707,0.5783167551574827
job_000010,Rwanda,208,208,6.933333333333334,10,0.4464867651462555,10,0.10726398840240838,0.666612621943156,0.4622769814950449,0.26127852179490785,0.05468185327053278,0.4,0,,,,,,9739,0.007679103408008814,0.02635626122355461,-0.003444163128733635,0.00020973972277715802,176.51515380829346,-0.022591538727283478,0.022591538727283478,0.44934197540243703
job_000010,Rwanda,209,209,6.966666666666667,11,0.4316005476496436,11,0.10031359395656586,0.6857641292340828,0.3094255216193922,0.1607681879266519,0.0550488339386857,0.36363636363636365,0,,,,,,8528,0.018736977130174637,0.05863698571920395,-0.0008403270621784031,0.00017932536138687283,167.95379974226427,-0.08498386293649673,0.08498386293649673,0.045858412067413444
job_000010,Rwanda,210,210,7.0,9,0.44967014094193775,9,0.08271874643257535,0.7221664252104583,0.32712404933976535,0.12916240827123865,0.040319365720519924,0.4444444444444444,0,,,,,,7159,0.02210913971066475,0.056166984140872955,-0.0046394746750593185,-0.002641721861436963,-150.3427672785835,-0.0611436553299427,0.0611436553299427,0.24147748244352135
job_000010,Rwanda,211,211,7.033333333333333,9,0.4524336788389418,9,0.07997964095067374,0.6894741870738843,0.29374247853157454,0.1755651267782467,0.08494165654167857,0.4444444444444444,0,,,,,,7668,0.01181019563227892,0.029482020065188408,-0.0036382509861141443,-0.00048128137132152915,-172.46445275072904,0.0186556838452816,0.0,0.3107438597915592
job_000010,Rwanda,212,212,7.066666666666666,8,0.5063256751745939,8,0.07594617374262641,0.7178170700867971,0.32409859763251414,0.13609907521404838,0.05087523821504047,0.5,0,,,,,,6957,0.016391295939683914,0.039230283349752426,-0.0042550344951450825,-0.00546273635700345,-127.91573734528386,0.04799409955739975,0.0,0.4224414788137549
job_000010,Rwanda,213,213,7.1,8,0.49043208733201027,8,0.07644973177734991,0.7058128496011099,0.38924042295526573,0.16724886875057568,0.07172567604882304,0.5,0,,,,,,7522,0.017495252192020416,0.044598668813705444,-0.0057580741122365,0.0006049425574019551,174.00251378938339,0.02641216479241848,0.0,0.3309334691314703
job_000010,Rwanda,214,214,7.133333333333334,9,0.4493637714121077,9,0.08433776183943764,0.719815750475283,0.3655963309017229,0.17547892266527654,0.07318716153599851,0.4444444444444444,0,,,,,,8109,0.010435940697789192,0.026649020612239838,-0.0029159158002585173,0.0024956315755844116,139.44092404657403,0.020191745832562447,0.0,0.3677737328235838
job_000010,Rwanda,215,215,7.166666666666667,7,0.457423923271043,7,0.06494138296412585,0.6684159505934942,0.3631795005192832,0.16095877855913346,0.0733603093349574,0.42857142857142855,0,,,,,,7369,0.02654651552438736,0.08670665323734283,-0.00862142350524664,-0.00020209691138006747,-178.65716144722225,-0.1889624446630478,0.1889624446630478,0.3248558882897679
job_000010,Rwanda,216,216,7.2,6,0.49685422082742053,6,0.05130537332227471,0.7056344403160942,0.3316822075549467,0.1494122711756856,0.09305163799849481,0.5,0,,,,,,6626,0.03458269685506821,0.09299305081367493,-0.014498714357614517,-0.0012740478850901127,-174.97813789730986,-0.1567215472459793,0.1567215472459793,0.4208631872302483
job_000010,Rwanda,217,217,7.233333333333333,8,0.405772028490901,8,0.061748114428821596,0.6436370213826497,0.32674810974686236,0.18344073118449047,0.11381686194858323,0.375,0,,,,,,8150,0.016451945528388023,0.04643562063574791,-0.005947934929281473,-0.005666804499924183,-136.38655220637148,0.00021976213611196727,0.0,0.4993492383760516
job_000010,Rwanda,218,218,7.266666666666667,8,0.44745269045233727,8,0.07049423806139528,0.6927671114603678,0.3021953503290812,0.16623337174019473,0.08713023440648632,0.375,0,,,,,,7681,0.032374318689107895,0.11336639523506165,-0.01883268915116787,0.001705568516626954,174.8251672321477,-0.2055123746395111,0.2055123746395111,0.5840976420485836
job_000010,Rwanda,219,219,7.3,9,0.47313831912146675,9,0.0791671963154407,0.6973978413475884,0.3451462828082803,0.20233722734536547,0.10678203734433263,0.3333333333333333,0,,,,,,8778,0.027137164026498795,0.08258174359798431,-0.013000446371734142,-0.0035946364514529705,-164.54382494180157,-0.007537289056926966,0.007537289056926966,0.4970399548570203
job_000010,Rwanda,220,220,7.333333333333333,7,0.49285695808274405,7,0.05631909146850106,0.6795498007819766,0.35983196036525505,0.2218686355884895,0.14447636148564877,0.2857142857142857,0,,,,,,7209,0.014882712624967098,0.037794455885887146,-0.0071509298868477345,-0.005556399002671242,-142.15216133133632,0.029785355553030968,0.0,0.6084846640295577
job_000010,Rwanda,221,221,7.366666666666666,9,0.4481663140985701,9,0.07854250981056715,0.6827576054467095,0.3497626057377568,0.1964176320966782,0.11032432775289795,0.4444444444444444,0,,,,,,8891,0.022463154047727585,0.05733783543109894,-0.008170399814844131,-0.007251485250890255,-138.4099430300682,-0.07387465238571167,0.07387465238571167,0.4863190921525056
job_000010,Rwanda,222,222,7.4,8,0.49304880015552044,8,0.07271020528586239,0.7075860400994618,0.37208779388003876,0.1838382975693386,0.09568731988363674,0.5,0,,,,,,8055,0.016700610518455505,0.04444630816578865,-0.005413457751274109,-0.005278925411403179,-135.72086161236646,-0.04456886649131775,0.04456886649131775,0.4527532132805092
job_000010,Rwanda,223,223,7.433333333333334,8,0.49406675063073635,8,0.07133949262499367,0.7074712415536244,0.37167329788208003,0.1839678140615288,0.0960922917287966,0.5,0,,,,,,7929,0.008065028116106987,0.022721843793988228,-0.002672047819942236,-0.0014218888245522976,-151.9810166705601,-0.012625541538000107,0.012625541538000107,0.3753011994192697
job_000010,Rwanda,224,224,7.466666666666667,8,0.5117897409945726,8,0.07130291107744675,0.7071979065736136,0.3714191012912327,0.1842279960302986,0.09565684810972794,0.5,0,,,,,,7909,0.015721244737505913,0.04417740926146507,-0.005506794434040785,-0.0030237024184316397,-151.22943826899686,-0.07754644751548767,0.07754644751548767,0.39960711964999096
job_000010,Rwanda,225,225,7.5,9,0.46645667983425987,9,0.0817388820006436,0.6957417841310856,0.41191332546281223,0.2136999739137964,0.08695195633708622,0.4444444444444444,0,,,,,,9369,0.01655496284365654,0.04159197583794594,-0.005901481490582228,-0.0018234041053801775,-162.8302129420445,-0.03870081156492233,0.03870081156492233,0.37310586329635176
job_000010,Rwanda,226,226,7.533333333333333,8,0.4774604067206383,8,0.0733120427956574,0.7065028826395671,0.3703504995063499,0.18571146048483164,0.09909217120940791,0.5,0,,,,,,8278,0.010626173578202724,0.029521320015192032,-0.005729433614760637,5.4001146054361016e-05,179.45999092555923,-0.02285134606063366,0.02285134606063366,0.5392052043154594
job_000010,Rwanda,227,227,7.566666666666666,9,0.5196331524186664,9,0.08331795284910096,0.6903112287874574,0.4752318755098821,0.26417227689135514,0.11661661096967897,0.3333333333333333,0,,,,,,10770,0.018512198701500893,0.058810435235500336,-0.009066728875041008,0.005288840737193823,149.74396096814127,-0.08679506182670593,0.08679506182670593,0.5670068087543173
job_000010,Rwanda,228,228,7.6,8,0.5495094191282988,8,0.07287627934815612,0.6766539216041565,0.44141325067590786,0.2574401792929395,0.14632807462471065,0.375,0,,,,,,9519,0.02194913476705551,0.06822691112756729,-0.011869276873767376,0.005042986012995243,156.98046410937556,-0.20879347622394562,0.20879347622394562,0.5875484146228175
job_000010,Rwanda,229,229,7.633333333333334,9,0.49255633023050094,9,0.08196236642395283,0.6898002130013925,0.4761036029077852,0.2643381588444722,0.11707101688136715,0.3333333333333333,0,,,,,,10622,0.010734476149082184,0.029487917199730873,-0.00541106890887022,0.001524512772448361,164.2653660251486,-0.07829155027866364,0.07829155027866364,0.5237075534033527
job_000010,Rwanda,230,230,7.666666666666667,9,0.517775360080931,9,0.08157201723990129,0.6893354663142452,0.47642260814399884,0.2644163518225805,0.11729170437676689,0.3333333333333333,0,,,,,,10604,0.022085923701524734,0.07309124618768692,-0.012085291557013988,0.0006066928035579622,177.12611149761315,-0.16207371652126312,0.16207371652126312,0.547883367160677
job_000010,Rwanda,231,231,7.7,7,0.5692968325955527,7,0.0604192103333543,0.7052206198374431,0.3814984528475968,0.1981130307567006,0.12196025534582247,0.42857142857142855,0,,,,,,7836,0.0339936725795269,0.12431291490793228,-0.017282759770751,0.0031797182746231556,169.5751840050933,-0.2021779716014862,0.2021779716014862,0.5169441777633542
job_000010,Rwanda,232,232,7.733333333333333,8,0.5317361373454332,8,0.07309534071156246,0.6744604925314586,0.442313579276756,0.2579757325931114,0.1468285476414143,0.375,0,,,,,,9458,0.013187513686716557,0.04596519470214844,-0.004903309978544712,0.0004311038937885314,174.97541829773215,-0.03225889429450035,0.03225889429450035,0.3732489045119694
job_000010,Rwanda,233,233,7.766666666666667,8,0.5331140123307705,8,0.0750155446001709,0.67410924633344,0.4405928249712344,0.2574111861153389,0.14512415910214127,0.375,0,,,,,,9602,0.025038709864020348,0.08388452231884003,-0.006280955858528614,-0.002003563567996025,-162.30782508923076,-0.10840840637683868,0.10840840637683868,0.2633032761472181
job_000010,Rwanda,234,234,7.8,10,0.42906582802534105,10,0.09283845953141551,0.6880923636754354,0.4172379677383987,0.23777460493719646,0.10701567366546164,0.4,0,,,,,,10021,0.01877313293516636,0.05952425301074982,-0.002300046384334564,-0.0010936928447335958,-154.56848994524356,-0.08575569093227386,0.08575569093227386,0.13566391685343074
job_000010,Rwanda,235,235,7.833333333333333,10,0.4166498795151711,10,0.08858162054806419,0.6785834789276123,0.4617720724035192,0.25446761237382676,0.09387095562247108,0.3,0,,,,,,10667,0.007652779575437307,0.02283337153494358,-0.0003742488333955407,-0.0016889971448108554,-102.49376528425849,-0.02561819553375244,0.02561819553375244,0.22605687707607947
job_000010,Rwanda,236,236,7.866666666666666,11,0.4066051759503104,11,0.09747664224830518,0.6893020918875029,0.48762872548215713,0.25900325791225615,0.08741889421373873,0.2727272727272727,0,,,,,,11834,0.01299340557307005,0.03555653989315033,-0.0016833377303555608,-0.0005729311960749328,-161.20377353465253,-0.09476169943809509,0.09476169943809509,0.13685145753705796
job_000010,Rwanda,237,237,7.9,10,0.4311607375741005,10,0.09230597517249228,0.6731064160664875,0.4777537879237423,0.25612415384353515,0.09703869106041986,0.4,0,,,,,,10443,0.011832618154585361,0.030182551592588425,-0.0012011391809210181,-0.0026124059222638607,-114.69215580237837,-0.09110792726278305,0.09110792726278305,0.24299851880099327
job_000010,Rwanda,238,238,7.933333333333334,10,0.43926764130592344,10,0.09236594450493961,0.6733011054992677,0.4775471383553964,0.25663100429500385,0.09743082885760039,0.4,0,,,,,,10590,0.005215683951973915,0.013733270578086376,-0.0005244482890702784,-0.0010444617364555597,-116.6622809210983,-0.028871260583400726,0.028871260583400726,0.22408126635807263
job_000010,Rwanda,239,239,7.966666666666667,9,0.4631536801656087,9,0.0833977421118138,0.6882284129107439,0.4748543437125752,0.2658481970885102,0.11711173470095065,0.3333333333333333,0,,,,,,10680,0.010618696920573711,0.02700883150100708,-0.000549387710634619,-0.00159345509018749,-109.02304921436651,-0.017839526757597923,0.017839526757597923,0.1587298968207441
job_000010,Rwanda,240,240,8.0,8,0.4929797425866127,8,0.07224095491637315,0.6748442490895589,0.44082659747865466,0.25903233980744034,0.14953596125110225,0.375,0,,,,,,9330,0.010644604451954365,0.027590198442339897,-7.074111636029556e-05,0.0009354624198749661,94.32456456700395,0.010685951448976994,0.0,0.08813229156273425
job_000010,Rwanda,241,241,8.033333333333333,9,0.45414284699492985,9,0.08181673970526009,0.6673279250109636,0.4746109934991279,0.26303179764339285,0.11575025055346291,0.3333333333333333,0,,,,,,10635,0.004440086428076029,0.0100663211196661,2.3648803107789718e-05,-0.00027926714392378926,-85.15964672279466,-0.01793144829571247,0.01793144829571247,0.06312189405218294
job_000010,Rwanda,242,242,8.066666666666666,9,0.44987184140417313,9,0.08165930459925468,0.6672104005460385,0.4751807228527933,0.26306594045390747,0.11697136825775425,0.3333333333333333,0,,,,,,10664,0.009434686042368412,0.022574391216039658,-0.0007439721375703812,-0.0014604178722947836,-116.99539216672679,-0.05669187754392624,0.05669187754392624,0.17372047492876994
job_000010,Rwanda,243,243,8.1,9,0.42407183514700997,9,0.08118450136162861,0.6670730113983153,0.47566872741950383,0.2626714184324469,0.11610267811952069,0.3333333333333333,0,,,,,,10640,0.009818963706493378,0.026068931445479393,-0.0016118111088871956,-0.0007740063592791557,-154.34925793173008,-0.09905757755041122,0.09905757755041122,0.18209879946359692
job_000010,Rwanda,244,244,8.133333333333333,9,0.3885040266646279,9,0.08044001166696281,0.6671206050448949,0.476253944365576,0.26267772845380855,0.11647177837301076,0.3333333333333333,0,,,,,,10517,0.005614239722490311,0.016085319221019745,-0.001181611092761159,-0.00013885564112570137,-173.29769273616031,-0.03206983208656311,0.03206983208656311,0.21191504215586598
job_000010,Rwanda,245,245,8.166666666666666,9,0.39591731627782184,9,0.08179644345732762,0.6674618226510507,0.4752671924638159,0.2624847702710603,0.11483110934886527,0.3333333333333333,0,,,,,,10537,0.012290357612073421,0.03734017536044121,-0.0022155074402689934,-0.0036228676326572895,-121.44721184980543,-0.052968502044677734,0.052968502044677734,0.34552320182931634
job_000010,Rwanda,246,246,8.2,10,0.4059580162167549,10,0.11296207410482217,0.6168283605575564,0.5162695729290997,0.27636254440282054,0.10122286793590721,0.3,0,,,,,,12952,0.015060106292366982,0.046711742877960205,-0.00024226494133472443,-0.009441419504582882,-91.46987572975644,-0.08475496619939804,0.08475496619939804,0.6271222157933607
job_000010,Rwanda,247,247,8.233333333333333,10,0.4110951706767082,10,0.11389544218625366,0.6167423788706462,0.5162787126611781,0.2754558205521703,0.10142322908914381,0.3,0,,,,,,13143,0.008484470658004284,0.028896726667881012,-0.0004612392222043127,-0.004494420252740383,-95.85945812970655,-0.1069488450884819,0.1069488450884819,0.5325052969817264
job_000010,Rwanda,248,248,8.266666666666667,10,0.38889328837394715,10,0.1480459966469205,0.6378610944747924,0.524327278137207,0.295127287265853,0.09213606965481931,0.3,0,,,,,,12830,0.016025332733988762,0.046914540231227875,-0.001404671696946025,-0.006976379081606865,-101.38411199095482,-0.08146427571773529,0.08146427571773529,0.44407110793827376
job_000010,Rwanda,249,249,8.3,9,0.4286394980218675,9,0.10745081988139399,0.6621151323671693,0.4445813873667776,0.24462034844328379,0.11952918789083847,0.4444444444444444,0,,,,,,12550,0.015609566122293472,0.04940960183739662,-0.0024404912255704403,-0.0052049667574465275,-115.12081862261518,-0.10682642459869385,0.10682642459869385,0.3682812705354221
job_000010,Rwanda,250,250,8.333333333333334,11,0.37091354077512567,11,0.09752078540587347,0.6529333504763517,0.42874292283748533,0.24560041848892664,0.10190129295781115,0.36363636363636365,0,,,,,,9876,0.01074998639523983,0.031328894197940826,-0.0034156693145632744,-0.002574343467131257,-142.99516412181387,-0.06844417750835419,0.06844417750835419,0.39787523783198236
job_000010,Rwanda,251,251,8.366666666666667,11,0.4066350378773429,11,0.12624032568706708,0.6335028879570238,0.47723809829866054,0.27713023303420126,0.07002401879263527,0.2727272727272727,0,,,,,,11699,0.01782250590622425,0.05297727510333061,-0.0012791816843673587,-0.011887861415743828,-96.14162512722412,-0.054217174649238586,0.054217174649238586,0.6708644649766221
job_000010,Rwanda,252,252,8.4,10,0.42580551356077195,10,0.08007124315800158,0.6144948498408,0.42451169967651375,0.256478424407818,0.1225121820353888,0.3,0,,,,,,9212,0.014742481522262096,0.052125535905361176,-0.0007163974223658442,-0.004388547036796808,-99.27132942035922,-0.08039765059947968,0.08039765059947968,0.30162058136966824
job_000010,Rwanda,253,253,8.433333333333334,11,0.3974118733947927,11,0.12524203514640564,0.6174354379827327,0.532663943871906,0.24927451877760054,0.052230758652548066,0.2727272727272727,0,,,,,,12298,0.006644443143159151,0.022876571863889694,0.0009402711293660104,-0.0028256322257220745,-71.59436986817391,-0.011554387398064137,0.011554387398064137,0.448189601955482
job_000010,Rwanda,254,254,8.466666666666667,12,0.3772466108202934,12,0.12459693951445293,0.6254266248808967,0.5109582006195446,0.25404966530020506,0.059311600585790575,0.3333333333333333,0,,,,,,12706,0.012811267748475075,0.044050633907318115,0.002366216154769063,-0.003371461993083358,-54.937408603083114,-0.020609797909855843,0.020609797909855843,0.3215098109100623
job_000010,Rwanda,255,255,8.5,14,0.352875465793269,14,0.1393333963907423,0.6436137097222464,0.47356505242605057,0.26046385106316694,0.06647575157819692,0.35714285714285715,0,,,,,,14510,0.010268197394907475,0.03161058574914932,0.0011483574053272605,-0.003113021608442068,-69.75156980472501,-0.04208942875266075,0.04208942875266075,0.3231410403227957
job_000010,Rwanda,256,256,8.533333333333333,14,0.3488715099436896,14,0.11376255205396538,0.6395542076655796,0.4248052014244927,0.24534220944947457,0.08464125626547472,0.35714285714285715,0,,,,,,12676,0.0057038720697164536,0.016427822411060333,0.00041310169035568833,-0.0013111670268699527,-72.51223036713078,0.009820508770644665,0.0,0.24101247492577657
job_000010,Rwanda,257,257,8.566666666666666,13,0.36785887754880464,13,0.13282813594638918,0.6387365194467398,0.48947716737404845,0.2626888613854701,0.06399778380683202,0.3076923076923077,0,,,,,,13661,0.010006115771830082,0.0288239736109972,0.0006640697829425335,-0.003660605987533927,-79.71780521864281,-0.03965889289975166,0.03965889289975166,0.3718078896508977
job_000010,Rwanda,258,258,8.6,11,0.4211968779563904,11,0.11916030962361321,0.6285027200525458,0.5219119916459929,0.2540046704248006,0.07510842861413401,0.45454545454545453,0,,,,,,12864,0.010798273608088493,0.03025965951383114,-0.00038783185300417244,0.000334910728270188,139.1878747872904,0.017255079001188278,0.0,0.047454287191624984
job_000010,Rwanda,259,259,8.633333333333333,12,0.39861790587504703,12,0.12232076898427036,0.6217151893509758,0.5495517448142723,0.2571271985512664,0.07371362311644078,0.3333333333333333,0,,,,,,13415,0.006249596364796162,0.01833311840891838,0.00028371019288897514,-0.0009710223530419171,-73.71286260862044,0.04628372564911842,0.0,0.1618697217617913
job_000010,Rwanda,260,260,8.666666666666666,10,0.42694094181060793,10,0.10284744298202794,0.6137303034464519,0.537000644825123,0.26520435585977803,0.09355690689466953,0.3,0,,,,,,12077,0.01724029891192913,0.05110903084278107,0.002447417238727212,-0.006177340634167194,-68.38689089582739,0.017570126801729202,0.0,0.38540518648001976
job_000010,Rwanda,261,261,8.7,10,0.3894947975873947,10,0.10234033623804772,0.6124185784657796,0.5129480376066985,0.2803386951608326,0.10700589023951634,0.3,0,,,,,,12002,0.028538377955555916,0.09840875118970871,0.007024924736469984,0.001249120687134564,10.082536404451725,-0.0034308526664972305,0.0034308526664972305,0.25001824876225
job_000010,Rwanda,262,262,8.733333333333333,11,0.3747922033071518,11,0.1056085295953542,0.6415513659968521,0.4421979448209308,0.24916283512354068,0.10198765401660342,0.45454545454545453,0,,,,,,13256,0.015207033604383469,0.044422272592782974,0.003415721235796809,0.000754086475353688,12.449455932468865,-0.04990280047059059,0.04990280047059059,0.2300232012118931
job_000010,Rwanda,263,263,8.766666666666667,11,0.3925651799548756,11,0.11801131291555919,0.6107419216271602,0.4692137997559826,0.2615678672828004,0.09313166592019705,0.45454545454545453,0,,,,,,12472,0.023195374757051468,0.07419446855783463,0.005432384554296732,-0.008305657655000687,-56.81297321252992,-0.01692243292927742,0.01692243292927742,0.42786341163563335
job_000010,Rwanda,264,264,8.8,10,0.4339874029159546,10,0.10521616116110602,0.5820362170537312,0.4884322540848343,0.25980443633961364,0.1112131138334717,0.4,0,,,,,,12194,0.018364712595939636,0.056536611169576645,0.0003916931455023587,-0.007199847139418125,-86.88600853168062,0.07972332835197449,0.0,0.39262764756790014
job_000010,Rwanda,265,265,8.833333333333334,14,0.3592433599489076,14,0.13904116636219296,0.6051565329233805,0.4719306784332114,0.2553590076074913,0.07458646859073041,0.42857142857142855,0,,,,,,14978,0.00861651636660099,0.02445102296769619,0.0015102940378710628,-0.004773652646690607,-72.4436068830095,-0.040461912751197815,0.040461912751197815,0.5810782263306257
job_000010,Rwanda,266,266,8.866666666666667,13,0.3498571732869515,13,0.12416006655898933,0.6368873461698873,0.4096263907234214,0.23205924178862003,0.09621703522710932,0.46153846153846156,0,,,,,,13995,0.017886541783809662,0.05621902644634247,-3.3548891224199906e-05,-0.012101358734071255,-90.15884207651318,0.021465791389346123,0.0,0.6765648376557272
job_000010,Rwanda,267,267,8.9,12,0.38949550812443096,12,0.10610126457707798,0.6228554036882188,0.41443673122076347,0.23614548195455995,0.1116280813192525,0.5,0,,,,,,12817,0.015538944862782955,0.04944167286157608,0.0014731448609381914,-0.008249969221651554,-79.87575860751163,0.010226317681372166,0.0,0.5393199054899457
job_000010,Rwanda,268,268,8.933333333333334,11,0.41871469535610895,11,0.09970402032206173,0.6323602083957557,0.4104628251457857,0.24383248858764997,0.12618704614815976,0.45454545454545453,0,,,,,,12821,0.010831302031874657,0.030057279393076897,0.0016303104348480701,-0.0017633907264098525,-47.24564094335211,-0.05350260064005852,0.05350260064005852,0.22172343101880282
job_000010,Rwanda,269,269,8.966666666666667,9,0.4373990529113346,9,0.09297726680354605,0.6631527582804363,0.426462415216391,0.258130544157858,0.13735153614455312,0.3333333333333333,0,,,,,,12134,0.020724497735500336,0.0715249627828598,0.0005496444646269083,-0.005453938152641058,-84.24519765459279,0.02393258363008499,0.0,0.26449686091630137
job_000010,Rwanda,270,270,9.0,10,0.3969598993659019,10,0.10061457848344336,0.642113668123881,0.4619326881126121,0.2890589684322502,0.10900278344104071,0.3,0,,,,,,11493,0.02099381759762764,0.06111694127321243,0.006044397596269846,-0.001355007872916758,-12.635429723567993,0.04121412709355354,0.0,0.2950590522676001
job_000010,Rwanda,271,271,9.033333333333333,11,0.3767333260991357,11,0.11187964676894123,0.6453941345214844,0.45096871604020355,0.2772788279081556,0.10089691405141807,0.36363636363636365,0,,,,,,12944,0.010016251355409622,0.03400141000747681,0.0005809619906358421,-0.0016557899070903659,-70.66571289822963,-0.03271596133708954,0.03271596133708954,0.17519056195686125
job_000010,Rwanda,272,272,9.066666666666666,12,0.3584737529357274,12,0.1200269455331727,0.6093866242302789,0.461926069966069,0.2826493951255382,0.08959109724672039,0.25,0,,,,,,14267,0.015078095719218254,0.054671186953783035,0.0005130000645294785,-0.0009041657322086394,-60.4305534840422,0.012436059303581715,0.0,0.06894503763506075
job_000010,Rwanda,273,273,9.1,12,0.3691546345750491,12,0.1155439293460689,0.6283388614654541,0.4223965421135043,0.2870187547975502,0.10680188671962863,0.25,0,,,,,,13649,0.013677174225449562,0.04465728625655174,0.0010372474789619446,-0.0033945876639336348,-73.00898591228946,0.001257229596376419,0.0,0.2595216033912495
job_000010,Rwanda,274,274,9.133333333333333,9,0.38751673698425293,9,0.060906860900914905,0.6640562816902442,0.3463495988414121,0.1915145401972938,0.11164766117590783,0.5555555555555556,0,,,,,,7389,0.008057127706706524,0.022416070103645325,-0.0017470386810600758,-0.004206085577607155,-112.55603190419343,-0.005196229089051485,0.005196229089051485,0.5652735664318727
job_000010,Rwanda,275,275,9.166666666666666,8,0.4022409785538912,8,0.0757998032906552,0.7128533562024434,0.41427512698703345,0.2215820292776895,0.11228278775125289,0.375,0,,,,,,9867,0.012584281153976917,0.038194477558135986,0.0008982287836261094,-0.003825103398412466,-76.7849671174551,-0.07736887782812119,0.07736887782812119,0.31222692670859925
job_000010,Rwanda,276,276,9.2,9,0.4119514640834596,9,0.07983412569464292,0.6870039798595288,0.3935111842528292,0.22880779748777458,0.11924747684648916,0.3333333333333333,0,,,,,,10317,0.01518767885863781,0.040473971515893936,0.002916090888902545,0.0019659933168441057,33.98737404563278,-0.06306593120098114,0.06306593120098114,0.23156392369511009
job_000010,Rwanda,277,277,9.233333333333333,10,0.4120233625173569,10,0.11530160011404933,0.6707858228683472,0.44191983752780484,0.26562774782607224,0.11581475312525043,0.3,0,,,,,,13838,0.007733406964689493,0.02505483664572239,0.0015064639737829566,-0.0004625623987521976,-17.069195820673784,0.010449418798089027,0.0,0.20377564200441448
job_000010,Rwanda,278,278,9.266666666666667,9,0.4422292709350586,9,0.0798204482878996,0.6866071277194553,0.39290791264286745,0.22843046789320712,0.1189472775626283,0.3333333333333333,0,,,,,,10327,0.014044133946299553,0.04316508397459984,0.00019014124700333923,0.002176774898543954,85.00788563466395,-0.04904240742325783,0.04904240742325783,0.155585495234386
job_000010,Rwanda,279,279,9.3,9,0.4670882142252392,9,0.0906009002366054,0.6872956593831381,0.39691498917316703,0.2358604689204295,0.12089739657333583,0.3333333333333333,0,,,,,,11755,0.017851749435067177,0.05387691408395767,0.002674497663974762,0.0003390635538380593,7.225216477445117,0.020332664251327515,0.0,0.15101627174118457
job_000010,Rwanda,280,280,9.333333333333334,9,0.43989129695627427,9,0.0913960010451536,0.6847429204870152,0.40505740397261003,0.23223159025074513,0.11162260487650709,0.3333333333333333,0,,,,,,10970,0.011515004560351372,0.03686624765396118,0.002130210166797042,0.0004546040727291256,12.046671608239794,0.033146873116493225,0.0,0.18915999349819868
job_000010,Rwanda,281,281,9.366666666666667,9,0.4508008625772264,9,0.08776279481624061,0.6869106910846852,0.39710633705672904,0.23668033835863536,0.12092319729026385,0.3333333333333333,0,,,,,,11445,0.02221178449690342,0.07415696233510971,0.0026707167271524668,0.0016229331959038973,31.286088716843015,0.02031019516289234,0.0,0.14069839347782048
job_000010,Rwanda,282,282,9.4,8,0.449017908424139,8,0.05776919356298566,0.6475803216298421,0.36672336260477706,0.21334440195372714,0.1294595410866199,0.5,0,,,,,,6096,0.02057269960641861,0.07120347023010254,-0.005350025370717049,0.0059465984813869,131.97702612484412,-0.0647229328751564,0.0647229328751564,0.38881869696442517
job_000010,Rwanda,283,283,9.433333333333334,7,0.44987003930977415,7,0.04545726495900588,0.6462217240106491,0.3695055875828657,0.22790388729635508,0.16097021720772006,0.42857142857142855,0,,,,,,6049,0.010216135531663895,0.03485527262091637,-0.002792823128402233,0.0016834598500281572,148.9192388214882,0.0035623584408313036,0.0,0.3191975881719237
job_000010,Rwanda,284,284,9.466666666666667,7,0.3932552571807589,7,0.04028810383130164,0.5944521154676164,0.2907242668999566,0.17916950825688632,0.1216202405808406,0.42857142857142855,0,,,,,,5445,0.01613396778702736,0.06158657744526863,-0.009150562807917595,0.004483267664909363,153.89771157478378,0.02050500363111496,0.0,0.6315757495377197
job_000010,Rwanda,285,285,9.5,7,0.48587630902017864,7,0.04522802854186775,0.6848340284256708,0.3605331017226769,0.20144617400118522,0.15729982595097794,0.42857142857142855,0,,,,,,6089,0.013247455470263958,0.04409397393465042,-0.0005199745064601302,0.0003766617155633867,144.08099283062325,0.027019530534744263,0.0,0.04846704763951226
job_000010,Rwanda,286,286,9.533333333333333,7,0.4870523916823523,7,0.0449605638370948,0.6848073255448115,0.3605171435724491,0.2014282635694427,0.15719974377171383,0.42857142857142855,0,,,,,,6075,0.005966941360384226,0.016297709196805954,0.0004509927530307323,-0.000728894432540983,-58.25345647281766,-0.0035166849847882986,0.0035166849847882986,0.14364740968620288
job_000010,Rwanda,287,287,9.566666666666666,8,0.44892655685544014,8,0.05331606279967673,0.6693823734919231,0.4329282522201538,0.24150042357961557,0.11948845669361417,0.25,0,,,,,,7284,0.0070705111138522625,0.023368865251541138,-0.0008506175363436341,-0.001571940490975976,-118.41896307858218,0.004188938532024622,0.0,0.25278647774887436
job_000010,Rwanda,288,288,9.6,7,0.472944329891886,7,0.04834296184594599,0.703392541976202,0.4320822024471545,0.23966193833403707,0.1213969108089642,0.2857142857142857,0,,,,,,6550,0.006949038710445166,0.01661701127886772,-0.0005238385056145489,-0.0019746744073927402,-104.8571315464867,0.022030595690011978,0.0,0.29399386401711647
job_000010,Rwanda,289,289,9.633333333333333,7,0.48458757783685413,7,0.048238076955373944,0.7035290581839425,0.4321889160802124,0.23972046078062542,0.1213079242791468,0.2857142857142857,0,,,,,,6589,0.005490537732839584,0.01212177611887455,-0.0010111186420544982,-0.0030818674713373184,-108.1639571429293,0.042522091418504715,0.0,0.5907429149082631
job_000010,Rwanda,290,290,9.666666666666666,7,0.49646326686654774,7,0.04896519927947439,0.7035508314768474,0.4317904124184261,0.23913463062859772,0.11991714505972759,0.2857142857142857,0,,,,,,6630,0.009547051973640919,0.025944912806153297,-0.003079140093177557,-0.002083080355077982,-145.9211114223491,0.023964395746588707,0.0,0.3893945601631418
job_000010,Rwanda,291,291,9.7,8,0.46795169450342655,8,0.058620544114143996,0.6971750577290852,0.42051956388685435,0.22599578822282412,0.08979627975955246,0.375,0,,,,,,6653,0.010538667440414429,0.029572268947958946,-0.0052999332547187805,-0.0023922801483422518,-155.70656893546766,0.031868137419223785,0.0,0.5517618082402065
job_000010,Rwanda,292,292,9.733333333333333,10,0.42834490835666655,10,0.07605615093243233,0.6523738272984823,0.43496900805720573,0.2778315550900733,0.10740074125335142,0.3,0,,,,,,9066,0.003636773908510804,0.011933786794543266,-0.001696959836408496,-0.0005765504902228713,-161.23455359807178,0.009050561115145683,0.0,0.4928072487185351
job_000010,Rwanda,293,293,9.766666666666667,9,0.4727768152952194,9,0.0628874258197197,0.6733220859810158,0.38664428255685557,0.24215698522075438,0.08326822065187856,0.3333333333333333,0,,,,,,7279,0.010976331308484077,0.033434417098760605,-0.005668518599122763,-0.0039480896666646,-145.14301687880095,0.049794405698776245,0.0,0.6293479238242679
job_000010,Rwanda,294,294,9.8,9,0.44294628500938416,9,0.06773656666201992,0.7093414341961898,0.4010694174118984,0.22342444511525547,0.07654491443915239,0.3333333333333333,0,,,,,,7622,0.013425546698272228,0.05262017622590065,-0.008901196531951427,-0.00701066805049777,-141.7756913823928,0.09225364029407501,0.0,0.8439524963886608
job_000010,Rwanda,295,295,9.833333333333334,8,0.47436303086578846,8,0.05480811005671215,0.7166436672210693,0.4086218339425546,0.23474890587279612,0.09912335395144647,0.375,0,,,,,,7158,0.0072318739257752895,0.03275186941027641,-0.004228926729410887,-0.004512105602771044,-133.14446611842465,0.03445470333099365,0.0,0.8551152785717961
job_000010,Rwanda,296,296,9.866666666666667,8,0.4646008759737015,8,0.07847196340803579,0.6864190936088561,0.4867440373809249,0.2754468798012512,0.13193812138618627,0.25,0,,,,,,10580,0.021585017442703247,0.08511218428611755,0.0020362515933811665,-0.012379487045109272,-80.65928998354867,0.017607754096388817,0.0,0.5812289378508301
job_000010,Rwanda,297,297,9.9,9,0.4331259528795878,9,0.09215550192565579,0.6615116119384764,0.5272744904820321,0.2934589818108041,0.12093428911920998,0.2222222222222222,0,,,,,,12483,0.01981578953564167,0.0779581293463707,0.003737541614100337,-0.010117419064044952,-69.7249378589115,0.03079170547425747,0.0,0.5442984153820656
job_000010,Rwanda,298,298,9.933333333333334,9,0.43585888544718426,9,0.09172335197249606,0.6616801102956136,0.5270130918840322,0.2930798913824333,0.12151080798473443,0.2222222222222222,0,,,,,,12456,0.008980724960565567,0.034739814698696136,0.0013993086759001017,-0.005135163199156523,-74.757244215066,-0.0034465263597667217,0.0034465263597667217,0.5926472847876365
job_000010,Rwanda,299,299,9.966666666666667,11,0.3970082930543206,11,0.12950085244618095,0.6429886153250028,0.551904972474583,0.2902271327865217,0.08811709833381993,0.2727272727272727,0,,,,,,13158,0.016822127625346184,0.05727328732609749,0.0026691497769206762,-0.009679734706878662,-74.58400975335643,-0.000855227408464998,0.000855227408464998,0.5968922250215052
job_000010,Rwanda,300,300,10.0,10,0.4063239634037018,10,0.09096096226347364,0.6104447778066,0.5201679180286549,0.288177067756707,0.13846656600271254,0.2,0,,,,,,11939,0.016847344115376472,0.03980647400021553,0.0008209171355701983,-0.008360189385712147,-84.3918991441355,-0.04866562783718109,0.04866562783718109,0.49861847936878173
job_000010,Rwanda,301,301,10.033333333333333,12,0.3728656830887,12,0.10928515577424273,0.6277209586567348,0.5228883431281574,0.28212268122589235,0.10238606546350348,0.25,0,,,,,,13216,0.004654154181480408,0.01374074351042509,8.896216604625806e-05,-0.0025301482528448105,-87.98626120495032,-0.008182770572602749,0.008182770572602749,0.5439681763380776
job_000010,Rwanda,302,302,10.066666666666666,10,0.3716516062617302,10,0.07596706761493863,0.595911750793457,0.48242498115256993,0.262158622780376,0.13314893141647138,0.2,0,,,,,,9902,0.0030774506740272045,0.010687174275517464,-0.0016396533465012908,-0.0003715877537615597,-167.2309844411781,-0.017827972769737244,0.017827972769737244,0.54630667868284
job_000010,Rwanda,303,303,10.1,12,0.3137696695824464,12,0.09193360586066347,0.6243302808867561,0.40380104853783133,0.2633839398291239,0.0875985813952692,0.25,0,,,,,,10797,0.004274631850421429,0.009348174557089806,-0.0008397976635023952,0.0019108987180516124,113.72442524923602,-0.060326509177684784,0.060326509177684784,0.48829783292913204
job_000010,Rwanda,304,304,10.133333333333333,12,0.32683828969796497,12,0.0840426251640765,0.6433771676487393,0.4196504863691919,0.2739377509478518,0.10435765523860137,0.25,0,,,,,,9809,0.0022594830952584743,0.004084897227585316,-0.0002732163411565125,0.0008834798354655504,107.1842355373534,-0.030156556516885757,0.030156556516885757,0.40928010420588234
job_000010,Rwanda,305,305,10.166666666666666,11,0.3525918952443383,11,0.07412929258829042,0.6446950883576364,0.4285417608139089,0.284339764690298,0.12400511935059565,0.18181818181818182,0,,,,,,9588,0.005042385309934616,0.011169848963618279,-1.5970686945365742e-05,0.0017401576042175293,90.52583011167901,-0.09641973674297333,0.09641973674297333,0.34512056953036024
job_000010,Rwanda,306,306,10.2,12,0.3597199556728204,12,0.0839927248640015,0.6435022208425732,0.4199527307792947,0.27380562729799607,0.10426339331833719,0.25,0,,,,,,9913,0.003562045283615589,0.009587799198925495,-0.0006231212755665183,0.0007798268925398588,128.6266300159869,-0.06366897374391556,0.06366897374391556,0.2802332255494999
job_000010,Rwanda,307,307,10.233333333333333,10,0.38924401700496675,10,0.07084395269596881,0.6608666356404622,0.448477578692966,0.28597121897076344,0.11929954042187874,0.2,0,,,,,,9174,0.0012885278556495905,0.0033177239820361137,-0.0005892307963222265,0.00015622928913217038,165.15022037103554,-0.013843966647982597,0.013843966647982597,0.4730906295467389
job_000010,Rwanda,308,308,10.266666666666667,10,0.3790682405233383,10,0.07034120843067847,0.6608650430043538,0.4484969192081027,0.2860359733392182,0.11933396023011311,0.2,0,,,,,,9176,0.002670458285138011,0.006561038084328175,-0.0010984247783198953,-0.00037895943387411535,-160.9654311485862,-0.037028197199106216,0.037028197199106216,0.4351157152519367
job_000010,Rwanda,309,309,10.3,12,0.34303966040412587,12,0.08852757201721796,0.659786535633935,0.41894429039072106,0.2925069197096671,0.1112076957709437,0.25,0,,,,,,11446,0.00346254906617105,0.007010073401033878,-0.0008826208068057895,0.0007524891407229006,139.55034411615372,-0.0364428348839283,0.0364428348839283,0.33497090041580807
job_000010,Rwanda,310,310,10.333333333333334,12,0.343276284635067,12,0.09361189079569787,0.6595031023025513,0.4782867958516251,0.2807952513681249,0.09629779949639194,0.16666666666666666,0,,,,,,12149,0.0023566647432744503,0.00859322864562273,-0.000517121225129813,-6.48844297757023e-06,-179.2811339530005,-0.012731659226119518,0.012731659226119518,0.2194465424164294
job_000010,Rwanda,311,311,10.366666666666667,13,0.33802678149480087,13,0.08983021469392581,0.6796069071843074,0.42950440417667407,0.29481780257171986,0.0802008461371593,0.23076923076923078,0,,,,,,10722,0.006819612812250853,0.020551521331071854,-0.0012893083039671183,-0.0011241174070164561,-138.91559681453506,0.011642654426395893,0.0,0.2508269320368119
job_000010,Rwanda,312,312,10.4,11,0.37355369329452515,11,0.10500684440301507,0.6394853230678674,0.4504227750630491,0.26517760785714906,0.11866056796057833,0.2727272727272727,0,,,,,,12878,0.007363641634583473,0.01941194385290146,-9.509127994533628e-05,-0.00313760619610548,-91.73592907150783,-0.016156736761331558,0.016156736761331558,0.4262900049414854
job_000010,Rwanda,313,313,10.433333333333334,11,0.34226901693777606,11,0.09846597373170005,0.6636696786591502,0.44528032970749565,0.2783957274759213,0.1271777633738065,0.18181818181818182,0,,,,,,13248,0.003978690132498741,0.01145163830369711,-7.171093602664769e-05,-0.00153399258852005,-92.676508934054,-0.017556365579366684,0.017556365579366684,0.38597321996494816
job_000010,Rwanda,314,314,10.466666666666667,9,0.3125963293843799,9,0.05964121920144536,0.6491875719141077,0.3625779630715955,0.2312899429355833,0.147193988555189,0.2222222222222222,0,,,,,,8048,0.00750749371945858,0.022024506703019142,-0.0025812690146267414,-0.004016669001430273,-122.72639029830883,-0.017470691353082657,0.017470691353082657,0.6359747416102947
job_000010,Rwanda,315,315,10.5,9,0.3296838187509113,9,0.056454838441615134,0.6117575680768049,0.37435760184080014,0.21931238962393396,0.1279958388727651,0.2222222222222222,0,,,,,,7646,0.013222954235970974,0.05812874436378479,-0.004983187187463045,-0.0007956392946653068,-170.92845347602633,0.12151090800762177,0.0,0.38163220834034856
job_000010,Rwanda,316,316,10.533333333333333,10,0.3220125675201416,10,0.06423038750053596,0.6326439332962035,0.3633773372791431,0.22019831862592246,0.11351078900124274,0.2,0,,,,,,8555,0.007391537073999643,0.023724641650915146,-0.0021318700164556503,0.00280128326267004,127.27234523598806,0.03703776001930237,0.0,0.47625215479137406
job_000010,Rwanda,317,317,10.566666666666666,8,0.3516099024564028,8,0.04333451306084038,0.6499108374118805,0.3507971754780521,0.23550511626908804,0.1288840787692217,0.25,0,,,,,,5841,0.012312510050833225,0.01905963197350502,-0.0036421618424355984,0.00942017138004303,111.1382140332229,0.16335853934288025,0.0,0.8202836814165514
job_000010,Rwanda,318,318,10.6,6,0.37070223192373913,6,0.04570001327354992,0.6206041892369588,0.4241026277895326,0.25017010099641573,0.17080922950105792,0.3333333333333333,0,,,,,,6055,0.0218014195561409,0.08162467926740646,0.010859753005206585,0.009787624701857567,42.027549568672804,0.06520429253578186,0.0,0.6705788196823864
job_000010,Rwanda,319,319,10.633333333333333,5,0.37346072793006896,5,0.03874977315482317,0.5803493118286134,0.45625345865885414,0.24096519939862518,0.22239108509309435,0.4,0,,,,,,5328,0.015390097163617611,0.04649471119046211,0.009677326306700706,0.006076895631849766,32.126845281211125,0.08169157803058624,0.0,0.7424989000538802
job_000010,Rwanda,320,320,10.666666666666666,7,0.34423424303531647,7,0.05428895055003792,0.6217950434911819,0.4070160668993753,0.233528430101113,0.16296369144359896,0.2857142857142857,0,,,,,,7314,0.02785200998187065,0.08583377301692963,0.01776459626853466,0.005094968713819981,16.003137256282375,-0.025315716862678528,0.025315716862678528,0.6635352235164527
job_000010,Rwanda,321,321,10.7,6,0.35698121786117554,6,0.040682887908207455,0.564206788274977,0.3772871017456054,0.15273384897837464,0.13061797657985774,0.3333333333333333,0,,,,,,5455,0.01200184877961874,0.048628754913806915,0.00044860708294436336,-0.0015432133805006742,-73.7910249827636,-0.06440594047307968,0.06440594047307968,0.13390399266158104
job_000010,Rwanda,322,322,10.733333333333333,7,0.3658065434013094,7,0.0650096064155909,0.5766897746494839,0.4400795669151992,0.21083234400120268,0.16093840163087947,0.2857142857142857,0,,,,,,8716,0.009895551949739456,0.03257150948047638,0.00481073185801506,0.0012404019944369793,14.458265121637787,-0.021753910928964615,0.021753910928964615,0.5020510120552134
job_000010,Rwanda,323,323,10.766666666666667,8,0.3501187227666378,8,0.05675656664341075,0.6179098149140676,0.4042576984122947,0.20135648890971028,0.13256706084467773,0.25,0,,,,,,7516,0.013243447057902813,0.05814161151647568,0.001839731354266405,-0.002721101976931095,-55.93745655236773,-0.04022005572915077,0.04022005572915077,0.24802171502736312
job_000010,Rwanda,324,324,10.8,9,0.3672010749578476,9,0.05968760074599557,0.6032363767977114,0.37669126330089175,0.2090212660552416,0.1265290875817241,0.2222222222222222,0,,,,,,7787,0.01731947250664234,0.08092134445905685,0.00022264878498390317,-0.0006627255352213979,-71.42974859670714,-0.016152212396264076,0.016152212396264076,0.0403664905747661
job_000010,Rwanda,325,325,10.833333333333334,10,0.3345999538898468,10,0.07927947122032492,0.6086943991978963,0.42250323330914535,0.24040506251018506,0.11379163191321737,0.2,0,,,,,,10501,0.009613199159502983,0.039204034954309464,0.0013197683729231358,0.0006419034907594323,25.937170330875464,0.019194776192307472,0.0,0.1526643507002623
job_000010,Rwanda,326,326,10.866666666666667,8,0.34642981737852097,8,0.05134148178532839,0.6266016681989034,0.40468525356716584,0.2115532483134046,0.1409381628798056,0.25,0,,,,,,6912,0.02301623485982418,0.10592232644557953,-0.0015085347695276141,0.0030466821044683456,116.34186136073409,-0.0797562301158905,0.0797562301158905,0.14770871035913605
job_000010,Rwanda,327,327,10.9,8,0.3107425067573786,8,0.056578434003985205,0.6792723000049592,0.4082283002358896,0.2242673850497289,0.13082293581597843,0.25,0,,,,,,7429,0.008572502993047237,0.01944717951118946,0.0020037915091961622,-0.006006638985127211,-71.5515009102951,0.03109019622206688,0.0,0.7386469013005491
job_000010,Rwanda,328,328,10.933333333333334,12,0.2836213658253352,12,0.10006868019536207,0.6797097444534302,0.45216872839280114,0.2549677687589298,0.08468341880826379,0.25,0,,,,,,11460,0.004318246152251959,0.013992318883538246,0.001732861390337348,-0.0015099014854058623,-41.06675276624493,0.01902897283434868,0.0,0.5322515377083691
job_000010,Rwanda,329,329,10.966666666666667,9,0.2863607406616211,9,0.08510494742122296,0.657280840697112,0.49032805015030223,0.2557616458942477,0.13037527702529533,0.2222222222222222,0,,,,,,11245,0.010679017752408981,0.03810451179742813,0.005928783677518368,-0.00565656553953886,-43.653982652993335,0.015033173374831676,0.0,0.7673308805465673
job_000010,Rwanda,330,330,11.0,9,0.2959296272860633,9,0.08709819465236958,0.6170568413204618,0.5304312725616581,0.2736318437743981,0.129924578014056,0.2222222222222222,0,,,,,,9795,0.011685102246701717,0.036854129284620285,0.004330718889832497,-0.0023305052891373634,-28.286187016660524,-0.10697359591722488,0.10697359591722488,0.42087480491832224
job_000010,Rwanda,331,331,11.033333333333333,9,0.3387267308102714,9,0.08302186104106461,0.6170063813527426,0.4675499252821682,0.25339771854522664,0.11882299365108767,0.2222222222222222,0,,,,,,9241,0.008045372553169727,0.030760614201426506,0.0011539265979081392,0.001163887674920261,45.24623377517448,-0.06702414155006409,0.06702414155006409,0.20371428596682933
job_000010,Rwanda,332,332,11.066666666666666,7,0.3532195580857141,7,0.0610328310256088,0.6069170406886509,0.42428466251918245,0.24988736512327564,0.1765436788245128,0.2857142857142857,0,,,,,,8233,0.01833546906709671,0.07658035308122635,0.00559151079505682,0.0032750635873526335,30.35838886946868,-0.14420607686042786,0.14420607686042786,0.3534160447332332
job_000010,Rwanda,333,333,11.1,8,0.36358201690018177,8,0.05791662148292587,0.6757861892382305,0.3420794791645474,0.2615210136572203,0.16708258500011108,0.25,0,,,,,,7827,0.025140713900327682,0.08392012119293213,0.005698602180927992,-0.0006218003109097481,-6.227166644544515,0.0019106469117105007,0.0,0.22801363364289376
job_000010,Rwanda,334,334,11.133333333333333,8,0.3599553797394037,8,0.05632535302450704,0.6304015437761943,0.34698414316883797,0.2611469895753791,0.1899869081915544,0.25,0,,,,,,7793,0.01922726072371006,0.05448957160115242,0.004226736258715391,0.0043304599821567535,45.69446117554654,-0.011792195029556751,0.011792195029556751,0.3147248101862955
job_000010,Rwanda,335,335,11.166666666666666,9,0.3665827479627397,9,0.06788386366053241,0.6643274837070042,0.33316949287069186,0.2734147406553357,0.14640603329864518,0.2222222222222222,0,,,,,,9253,0.02009478397667408,0.06932678073644638,0.005304922349750996,0.004916100762784481,42.82144130048377,-0.07973960787057877,0.07973960787057877,0.3599233704554898
job_000010,Rwanda,336,336,11.2,12,0.3489771919945876,12,0.0922109684869312,0.6806196133295696,0.3527255351160779,0.2644491086685696,0.10531074131064999,0.25,0,,,,,,12195,0.017074167728424072,0.05062352865934372,0.002109339227899909,-0.0037531291600316763,-60.66307774311949,0.007740929257124662,0.0,0.25215068642026706
job_000010,Rwanda,337,337,11.233333333333333,13,0.34342581033706665,13,0.09893624971023346,0.6624706635108362,0.3960826045087939,0.27349086015400353,0.10271011709394544,0.23076923076923078,0,,,,,,13268,0.008274262771010399,0.025930698961019516,-0.0008993088267743587,-0.001584028941579163,-119.58509824666169,0.021804161369800568,0.0,0.2201418453151156
job_000010,Rwanda,338,338,11.266666666666667,9,0.372071267830001,9,0.08398857916652043,0.670566753104881,0.48010405042043935,0.281973607799616,0.13181814073123482,0.2222222222222222,0,,,,,,11071,0.0074773067608475685,0.026172073557972908,0.002695735776796937,-0.0019473207648843527,-35.84324660558139,-0.03327159583568573,0.03327159583568573,0.44474769256617985
job_000010,Rwanda,339,339,11.3,10,0.3808582365512848,10,0.08721080576286046,0.6693932755788168,0.43598153290925207,0.2986645852861929,0.12279499426472953,0.2,0,,,,,,11650,0.006984499283134937,0.02081349678337574,0.0002607487258501351,0.0006994050927460194,69.55378911903844,0.0017425273545086384,0.0,0.10686947288723142
job_000010,Rwanda,340,340,11.333333333333334,10,0.3936819925904274,10,0.08393360178368042,0.6641563622156779,0.38107802461694784,0.2845127139903759,0.12570329746499956,0.2,0,,,,,,11200,0.00489633297547698,0.015030702576041222,0.0008321988862007856,0.00029514814377762377,19.52758994789135,-0.015295347198843956,0.015295347198843956,0.1803365458703565
job_000010,Rwanda,341,341,11.366666666666667,10,0.3825021594762802,10,0.0927107869372457,0.6173805109659831,0.41433293024698886,0.2574462802903059,0.13236993401310332,0.3,0,,,,,,12468,0.015207348391413689,0.04720229282975197,-0.0022156175691634417,-0.001346483826637268,-148.7119484486221,-0.04387737810611725,0.04387737810611725,0.17048850776536092
job_000010,Rwanda,342,342,11.4,10,0.36870491355657575,10,0.08865740283662568,0.6472699403762816,0.4044967736138238,0.25904801846577225,0.12137361081775914,0.3,0,,,,,,11873,0.013295656070113182,0.04491552710533142,0.003059388604015112,0.0023223094176501036,37.201272245715195,-0.0207400880753994,0.0207400880753994,0.2888883973081244
job_000010,Rwanda,343,343,11.433333333333334,10,0.34888908118009565,10,0.08767805182930592,0.6641768042246501,0.3879288581565574,0.2835816686272783,0.10688532870604842,0.2,0,,,,,,11100,0.007705584168434143,0.03421976417303085,0.0014874521875753999,0.0010149466106668115,34.3072421064476,-0.019933270290493965,0.019933270290493965,0.23369163761173845
job_000010,Rwanda,344,344,11.466666666666667,11,0.3591871451247822,11,0.0982825741912745,0.6439860473979603,0.3737483515883937,0.2783133784388172,0.12680700719523516,0.18181818181818182,0,,,,,,13031,0.016478758305311203,0.06419308483600616,0.001852343906648457,0.0034255434293299913,61.59793595206818,-0.03950553387403488,0.03950553387403488,0.23632205320350702
job_000010,Rwanda,345,345,11.5,11,0.32547168704596435,11,0.11569404944627298,0.6236555504076408,0.4223200281059702,0.25418365385988384,0.1093782825318275,0.2727272727272727,0,,,,,,13270,0.017432674765586853,0.06160281226038933,-0.0001999568339670077,0.0023131680209189653,94.94052902883853,-0.10112527012825012,0.10112527012825012,0.1331863518681321
job_000010,Rwanda,346,346,11.533333333333333,11,0.3556139265949076,11,0.11610627230952414,0.6235634514779756,0.4221513995417842,0.25408439636784264,0.1090062347485666,0.2727272727272727,0,,,,,,13189,0.010714182630181313,0.03353923186659813,-0.0009624523809179664,0.0018823768477886915,117.08049395923263,-0.06984654068946838,0.06984654068946838,0.197323160252053
job_000010,Rwanda,347,347,11.566666666666666,10,0.3363150045275688,10,0.11024340857098718,0.6144878307978312,0.4386671603167499,0.2588261401180392,0.11393763012691394,0.2,0,,,,,,12443,0.02417818270623684,0.07457264512777328,-0.0017708945088088512,0.008391150273382664,101.9170089309467,-0.13218246400356293,0.13218246400356293,0.35469920463178045
job_000010,Rwanda,348,348,11.6,10,0.35706163197755814,10,0.09986074258100686,0.6440094566345216,0.4030260093123825,0.2748651166626015,0.1268703060490144,0.2,0,,,,,,12978,0.026185419410467148,0.08676883578300476,-0.0050936006009578705,0.0104069197550416,116.07914273105861,-0.1057477667927742,0.1057477667927742,0.4424819753619217
job_000010,Rwanda,349,349,11.633333333333333,12,0.34613093733787537,12,0.11716821729134631,0.6455605639351739,0.37998669942220054,0.27928734395955684,0.10498142063534148,0.16666666666666666,0,,,,,,13548,0.015015123412013054,0.04768851399421692,-0.003065703436732292,0.0064847650937736034,115.30266492451489,-0.053339000791311264,0.053339000791311264,0.4777127194606124
job_000010,Rwanda,350,350,11.666666666666666,13,0.37153051220453703,13,0.12170862833193508,0.6222568866534111,0.4246580975687401,0.2864183243905038,0.1152098372094171,0.23076923076923078,0,,,,,,14093,0.023083960637450218,0.061021339148283005,-0.0069104330614209175,0.012537948787212372,118.86185639663339,-0.010734537616372108,0.010734537616372108,0.6201805383878741
job_000010,Rwanda,351,351,11.7,11,0.38867523588917474,11,0.08276413676212362,0.6297553871617172,0.2802434683648825,0.22638080496955815,0.06829026790973108,0.18181818181818182,0,,,,,,8285,0.023629654198884964,0.08731549233198166,-0.017604222521185875,0.01124619785696268,147.428125458513,-0.0218739602714777,0.0218739602714777,0.8840520749560912
job_000010,Rwanda,352,352,11.733333333333333,10,0.4055935740470886,10,0.07688456277123884,0.6290636189778644,0.30071799031010377,0.22701009754640059,0.09326275094544509,0.2,0,,,,,,8241,0.010044821538031101,0.038380932062864304,-0.007626332808285952,0.002818941604346037,159.7140416658076,-0.036444131284952164,0.036444131284952164,0.809436455211581
job_000010,Rwanda,353,353,11.766666666666667,9,0.40760599076747894,9,0.06687382249814641,0.6382209371637414,0.2999742731635953,0.2222449739112082,0.10003789307975347,0.3333333333333333,0,,,,,,7140,0.012394153513014317,0.04897870495915413,-0.009378219954669476,-1.5235748378472636e-06,-179.99069179357758,-0.09612583369016647,0.09612583369016647,0.7566648314127389
job_000010,Rwanda,354,354,11.8,10,0.3992263823747635,10,0.07421938918294023,0.6562287537256877,0.2960552904340956,0.21812889315168502,0.09099294844727694,0.3,0,,,,,,7887,0.012886050157248974,0.04563715308904648,-0.006454152055084705,0.0003318900417070836,177.05628813641903,-0.12626059353351593,0.12626059353351593,0.5015252685285521
job_000010,Rwanda,355,355,11.833333333333334,8,0.4268191698938608,8,0.059376646973111444,0.6166465282440187,0.31985445618629454,0.21843479829782395,0.10891015597834594,0.375,0,,,,,,6098,0.0042011309415102005,0.010650827549397945,-0.001479506492614746,0.0011877929791808128,141.24143958024098,-0.02386479638516903,0.02386479638516903,0.4516192686164048
job_000010,Rwanda,356,356,11.866666666666667,10,0.43609554320573807,10,0.09584413490623842,0.6570600525538127,0.35016188851109253,0.26195272119090296,0.11241733815682164,0.2,0,,,,,,10557,0.019212406128644943,0.061845336109399796,-0.010171493515372276,1.6275969755952246e-05,179.90831793018748,-0.05249293893575668,0.05249293893575668,0.5294238769103812
job_000010,Rwanda,357,357,11.9,9,0.5074601802561018,9,0.08908066602230436,0.6778706479955603,0.3232869144329809,0.2678591535661767,0.10891429955367354,0.3333333333333333,0,,,,,,8932,0.02220538817346096,0.08983415365219116,-0.015600848942995071,-0.0003926750796381384,-178.55816337605216,-0.2047959864139557,0.2047959864139557,0.7027929381846139
job_000010,Rwanda,358,358,11.933333333333334,12,0.43633489434917766,12,0.11299746718675696,0.6633489171663919,0.29872763289345633,0.2559364897203309,0.07241024506389933,0.25,0,,,,,,11052,0.012643328867852688,0.04410698264837265,-0.007988105528056622,0.001585269346833229,168.77527999354345,-0.04603475704789162,0.04603475704789162,0.6441252857854051
job_000010,Rwanda,359,359,11.966666666666667,13,0.43801596187628233,13,0.12136363339461195,0.665019687016805,0.322304025470701,0.25692715875354893,0.09302674592703693,0.23076923076923078,0,,,,,,12624,0.027844376862049103,0.09432172775268555,-0.019350523129105568,0.0048632193356752396,165.89246936016283,-0.2953886091709137,0.2953886091709137,0.7165642230388908
job_000010,Rwanda,360,360,12.0,13,0.4201424981539066,13,0.13220215894280696,0.630862753207867,0.36921808998129646,0.2891332280105073,0.10035701128363933,0.23076923076923078,0,,,,,,13953,0.026067228987812996,0.08723145723342896,-0.016997655853629112,0.006838242057710886,158.08483007084467,-0.13509951531887054,0.13509951531887054,0.7028603893747506
job_000010,Rwanda,361,361,12.033333333333333,15,0.42375604112943016,15,0.14045218831402626,0.6289603106180828,0.3446286170865283,0.28116226952372264,0.09921526222296806,0.26666666666666666,0,,,,,,15016,0.009658260270953178,0.03470466658473015,-0.005209330003708601,0.0030526169575750828,149.6301101602248,-0.08532096445560455,0.08532096445560455,0.6251484480051693
job_000010,Rwanda,362,362,12.066666666666666,14,0.3943214331354414,14,0.13725439392191524,0.6574470372427078,0.39576607280307347,0.294667320652177,0.08631963373886431,0.2857142857142857,0,,,,,,14532,0.008783419616520405,0.02869846299290657,-0.004248505458235741,-6.432452209992334e-05,-179.13257918729983,-0.06998312473297119,0.06998312473297119,0.4837514964268341
job_000010,Rwanda,363,363,12.1,14,0.43692499505622046,14,0.13040016837416238,0.6668380056108746,0.341465270834625,0.27025263233953245,0.06845304162388095,0.2857142857142857,0,,,,,,13556,0.015485077165067196,0.041618652641773224,-0.010686307214200497,0.0013701737625524402,172.69353164646827,-0.17798259854316711,0.17798259854316711,0.6957530326933556
job_000010,Rwanda,364,364,12.133333333333333,14,0.4339702565755163,14,0.12833994738593227,0.6410255046117873,0.3811593512378672,0.3019638539908404,0.09096129526651413,0.2857142857142857,0,,,,,,14255,0.007985965348780155,0.020548813045024872,-0.004983821418136358,0.0020606510806828737,157.53646735009514,-0.053596653044223785,0.053596653044223785,0.6753133136940163
job_000010,Rwanda,365,365,12.166666666666666,12,0.44686800489823025,12,0.10974232316116904,0.6996061616473727,0.3204739439634629,0.27106539313536754,0.07865996811232595,0.3333333333333333,0,,,,,,12579,0.013850131072103977,0.032876793295145035,-0.011087119579315186,-0.00015241750224959105,-179.21238970421533,-0.041494667530059814,0.041494667530059814,0.8005821124378487
job_000010,Rwanda,366,366,12.2,11,0.4393808909437873,11,0.10236141069029044,0.6915065794280082,0.33667603759251863,0.27620718422239104,0.09278099484546724,0.2727272727272727,0,,,,,,12626,0.013453246094286442,0.04277835786342621,-0.0098810363560915,-0.002993459114804864,-163.14581989556703,-0.024495791643857956,0.024495791643857956,0.7674369568706031
job_000010,Rwanda,367,367,12.233333333333333,12,0.40918365865945816,12,0.1108642519174621,0.698893948396047,0.31984179078796765,0.27239468743569206,0.07828629337511342,0.3333333333333333,0,,,,,,12611,0.00627580750733614,0.023879049345850945,-0.004303168971091509,-0.0008402911480516195,-168.9507431023141,0.0034290687181055546,0.0,0.6986263300568109
job_000010,Rwanda,368,368,12.266666666666667,12,0.4145255461335182,12,0.10296414396187174,0.6483183410432604,0.32509072621663415,0.2822549064573381,0.08722182436282137,0.25,0,,,,,,12591,0.014551240019500256,0.060105159878730774,-0.00922673474997282,-0.0012781725963577628,-172.11305440717797,-0.05739613622426987,0.05739613622426987,0.6401410578201782
job_000010,Rwanda,369,369,12.3,10,0.3655851975083351,10,0.08655168259787814,0.6420022058486938,0.3685956389815719,0.28583844457838126,0.12126331864261337,0.2,0,,,,,,11673,0.011075339280068874,0.028297418728470802,-0.005170500371605158,0.0022306828759610653,156.66342734150274,-0.04568548500537872,0.04568548500537872,0.5084417677921714
job_000010,Rwanda,370,370,12.333333333333334,10,0.4230038568377495,10,0.0876310172351989,0.676657199859619,0.33794478840298126,0.2881794407047065,0.10611834497140475,0.3,0,,,,,,11546,0.008367913775146008,0.02716924250125885,-0.004587299656122923,-0.0019852695986628532,-156.59823503023011,-0.05200104042887688,0.05200104042887688,0.5973365941548567
job_000010,Rwanda,371,371,12.366666666666667,11,0.3833780275149779,11,0.09547605980311795,0.6896466154040712,0.3305400520864159,0.27925185606001524,0.09597407987452859,0.2727272727272727,0,,,,,,12318,0.016198961064219475,0.04957238957285881,-0.007451531942933798,-0.001983181806281209,-165.0965356419781,-0.0971759781241417,0.0971759781241417,0.4760134483105871
job_000010,Rwanda,372,372,12.4,12,0.4024609600504239,12,0.09936160233555531,0.7245194289419387,0.3402952082363176,0.25816651319023365,0.07852307972405399,0.3333333333333333,0,,,,,,11646,0.015941517427563667,0.05198562145233154,-0.005967360455542803,0.002583019668236375,156.59424055267792,-0.0828697457909584,0.0828697457909584,0.4078917541133973
job_000010,Rwanda,373,373,12.433333333333334,12,0.4225433791677157,12,0.10115817818991436,0.6774634056621128,0.3105066128719,0.2793788337290787,0.07738275033531136,0.25,0,,,,,,12355,0.00794320460408926,0.022633153945207596,-0.004924959037452936,-0.0015327228466048837,-162.71305644276669,-0.017284614965319633,0.017284614965319633,0.6493539424741648
job_000010,Rwanda,374,374,12.466666666666667,14,0.3908694439700672,14,0.12045808749201199,0.6663766054880051,0.3518239442633573,0.2688465880684332,0.06634046422107696,0.21428571428571427,0,,,,,,12966,0.01614186353981495,0.04627113416790962,-0.0098625672981143,-0.002241983776912093,-167.19302048352787,-0.06481266766786575,0.06481266766786575,0.6265809595099384
job_000010,Rwanda,375,375,12.5,11,0.4084951877593994,11,0.1021832518032134,0.6664906024932861,0.31919279066400497,0.25701276365399683,0.08518495719537837,0.2727272727272727,0,,,,,,10737,0.015080657787621021,0.050641003996133804,-0.0106228431686759,-0.0028058337047696114,-165.20424784094797,0.005279869306832552,0.0,0.7285591736936191
job_000010,Rwanda,376,376,12.533333333333333,11,0.40441765703938226,11,0.10133404055527703,0.6661919825004808,0.31913870994490806,0.25681454053183367,0.08528664186025152,0.2727272727272727,0,,,,,,10619,0.006111873313784599,0.01853148080408573,-0.0043411641381680965,-0.0004912411677651107,-173.54393813093859,0.0067574093118309975,0.0,0.7148168242060575
job_000010,Rwanda,377,377,12.566666666666666,12,0.39775394772489864,12,0.10320374285264992,0.65075294441647,0.2883133476163134,0.25558814376835115,0.08027124025143732,0.25,0,,,,,,10942,0.012036307714879513,0.03085218369960785,-0.007089718244969845,3.8140435663081007e-06,179.96917669072363,-0.04888513684272766,0.04888513684272766,0.5890277516021432
job_000010,Rwanda,378,378,12.6,10,0.43720946460962296,10,0.08467912401395743,0.6761318476994832,0.2881485449826276,0.25521979236898124,0.11734869292552594,0.3,0,,,,,,10978,0.012084176763892174,0.030237197875976562,-0.0058755530044436455,-0.0031613875180482864,-151.71717727222315,-0.039303217083215714,0.039303217083215714,0.5521326223950865
job_000010,Rwanda,379,379,12.633333333333333,10,0.4406552523374557,10,0.08438868777428643,0.676126413345337,0.2876803979167232,0.2554684529674142,0.11803597923650386,0.3,0,,,,,,11001,0.005880548153072596,0.016447052359580994,-0.002393131610006094,-0.0023885222617536783,-135.0552311243035,-0.02332298830151558,0.02332298830151558,0.5749704552912986
job_000010,Rwanda,380,380,12.666666666666666,9,0.4636411170164744,9,0.07946411970723805,0.6654185789602773,0.2947051301414583,0.2664697012255718,0.12571511846491884,0.2222222222222222,0,,,,,,10492,0.011239789426326752,0.04041673243045807,-0.005469649564474821,-0.0054018497467041016,-135.35731898033674,-0.049458302557468414,0.049458302557468414,0.6839505692825048
job_000010,Rwanda,381,381,12.7,9,0.49289292924933964,9,0.0804060167615766,0.6654542834670456,0.294992285402714,0.2670247991688882,0.12581916921511097,0.2222222222222222,0,,,,,,10527,0.014971962198615074,0.05301167443394661,-0.007830409333109856,-0.0051780929788947105,-146.52413373249166,-0.07864264398813248,0.07864264398813248,0.6270152876787479
job_000010,Rwanda,382,382,12.733333333333333,11,0.4672100394964218,11,0.09994819374408474,0.6392402547778505,0.2925413578046292,0.26510610324026396,0.08483556998202114,0.18181818181818182,0,,,,,,10535,0.007292923517525196,0.02557886578142643,-0.0038339283782988787,-0.002162894932553172,-150.57066053355237,-0.042485542595386505,0.042485542595386505,0.6035912980078911
job_000010,Rwanda,383,383,12.766666666666667,9,0.4701212594906489,9,0.080947842543608,0.6668150530921088,0.3044411806412685,0.2557384872220761,0.10298017127978455,0.2222222222222222,0,,,,,,9723,0.014477867633104324,0.04297563061118126,-0.006006788462400436,-0.002614690223708749,-156.47702722050312,-0.03340476006269455,0.03340476006269455,0.4524970015602483
job_000010,Rwanda,384,384,12.8,10,0.4171998605132103,10,0.08404488202093355,0.6734872817993164,0.28404427387096265,0.25992295665214243,0.10709334037489864,0.2,0,,,,,,10378,0.016017349436879158,0.03904370218515396,-0.00821958389133215,-2.431469692965038e-05,-179.83051143840459,-0.0478484183549881,0.0478484183549881,0.5131697904705875
job_000010,Rwanda,385,385,12.833333333333334,9,0.45712878472275204,9,0.0773851487740359,0.688778003056844,0.3076650686224792,0.25786343197610256,0.14336275536988533,0.2222222222222222,0,,,,,,10306,0.008085719309747219,0.02079605497419834,-0.004979556426405907,-0.0010690902126953006,-167.88277618775336,0.0051610334776341915,0.0,0.6298794194124573
job_000010,Rwanda,386,386,12.866666666666667,10,0.4465666711330414,10,0.08236818364695751,0.6724955860773723,0.28321266916063104,0.2602700312094635,0.10793006932342694,0.2,0,,,,,,10120,0.018498854711651802,0.056526802480220795,-0.010095960460603237,-0.005552921909838915,-151.18858033540707,0.022480331361293793,0.0,0.6228654980869163
job_000010,Rwanda,387,387,12.9,9,0.4225934644540151,9,0.07271389479200895,0.679287325894391,0.32263199606059506,0.24887026538167373,0.1456275485892749,0.2222222222222222,0,,,,,,9417,0.007825816981494427,0.02303820289671421,0.00011475055362097919,-0.004779401235282421,-88.624626977992,0.013428588397800922,0.0,0.6108983373959412
job_000010,Rwanda,388,388,12.933333333333334,8,0.44942669197916985,8,0.06707245321372025,0.6803797403971354,0.3320969736134564,0.26200052683046826,0.17225595928879503,0.25,0,,,,,,8881,0.0036161800380796194,0.010778691619634628,-5.205834531807341e-05,-0.0010462505742907524,-92.84851993548553,-0.012456036172807217,0.012456036172807217,0.28968273082724966
job_000010,Rwanda,389,389,12.966666666666667,9,0.38482137355539536,9,0.07587821769751625,0.6793793907871952,0.3201416778956912,0.2443872958871548,0.1443939913091209,0.2222222222222222,0,,,,,,9974,0.007777865044772625,0.021539445966482162,0.0005938021349720657,-0.0028237472288310528,-78.1243791465981,-0.0030033462680876255,0.0030033462680876255,0.3709895665703069
job_000010,Rwanda,390,390,13.0,10,0.39446608275175093,10,0.08337357039111058,0.6621204471588135,0.31819565278512457,0.25590458974960995,0.13460790289391653,0.2,0,,,,,,10998,0.008293560706079006,0.025743374601006508,-0.0021158966701477766,-0.002584336558356881,-129.30851843675262,-0.045307110995054245,0.045307110995054245,0.40272594352831653
job_000010,Rwanda,391,391,13.033333333333333,9,0.4222772634691662,9,0.077684614337817,0.6880041334364149,0.3044092425593623,0.25343257745982967,0.14237123084497288,0.2222222222222222,0,,,,,,10348,0.0038355966098606586,0.012020214460790157,-0.0005190653610043228,-0.0011394708417356014,-114.49078040299317,-0.021116307005286217,0.021116307005286217,0.3264491489979493
job_000010,Rwanda,392,392,13.066666666666666,9,0.38916963669988847,9,0.05980415276128087,0.6616179943084718,0.23542074725461104,0.20377877899825508,0.10286262164062358,0.2222222222222222,0,,,,,,7906,0.005240209866315126,0.01713700033724308,-0.0021690898574888706,-0.0015830968040972948,-143.87639429307197,-0.02233380638062954,0.02233380638062954,0.5124523308883612
job_000010,Rwanda,393,393,13.1,8,0.45062082447111607,8,0.05268605878531296,0.6357825656731924,0.26835852949707595,0.2203704295001803,0.1263992788370934,0.25,0,,,,,,7120,0.006190742366015911,0.024840405210852623,-0.0027260587085038424,-0.0011445109266787767,-157.22534383649318,-0.019945865496993065,0.019945865496993065,0.4775791027678546
job_000010,Rwanda,394,394,13.133333333333333,9,0.4120850596163008,9,0.05977743619278134,0.6563203175862631,0.27673190022692273,0.21702299058339544,0.09672762084080147,0.2222222222222222,0,,,,,,7231,0.00460767513141036,0.016315573826432228,-0.0019038578029721975,-0.0013443657662719488,-144.77304511138644,0.011252793483436108,0.0,0.5058220804922668
job_000010,Rwanda,395,395,13.166666666666666,8,0.4444278012961149,8,0.05297488071644738,0.6356254080931345,0.2680690780833915,0.22069348156989402,0.12655298868434026,0.25,0,,,,,,7264,0.010953371413052082,0.03783148154616356,-0.0034441968891769648,-0.0004659421101678163,-172.29561491080457,-0.04138369858264923,0.04138369858264923,0.3173060547996361
job_000010,Rwanda,396,396,13.2,10,0.41391768008470536,10,0.09865092041242197,0.6303569396336873,0.37621319912098067,0.29605648421714914,0.1356137941286694,0.2,0,,,,,,13260,0.012597247958183289,0.040948785841464996,0.0025529968552291393,0.0009001799044199288,19.42251483986699,-0.054763779044151306,0.054763779044151306,0.2148921314769873
job_000010,Rwanda,397,397,13.233333333333333,10,0.4094757080078125,10,0.09928355384154763,0.6300973542531331,0.3757355442753544,0.2955415383028023,0.13561721934846044,0.2,0,,,,,,13218,0.006441970821470022,0.020096799358725548,0.0014754401054233313,-0.0006795953377149999,-24.731041657159928,-0.016579492017626762,0.016579492017626762,0.2521635381146037
job_000010,Rwanda,398,398,13.266666666666667,11,0.396923077377406,11,0.10184838232084233,0.6335188359925241,0.3686914970577766,0.28405331845790904,0.11911443966316906,0.2727272727272727,0,,,,,,13575,0.011824240908026695,0.03278077021241188,0.0018117057625204325,-0.004041136708110571,-65.85254883038009,0.002299730433151126,0.0,0.37454107230520367
job_000010,Rwanda,399,399,13.3,10,0.4045715510845184,10,0.0993869628941228,0.6305683883031209,0.3765905530364425,0.29668783174370134,0.13762370973273136,0.2,0,,,,,,13369,0.011336707510054111,0.03396107628941536,0.0016703567234799266,-0.0033890828490257263,-63.76297450345375,-0.008843008428812027,0.008843008428812027,0.3332851277178218
job_000011,Rwanda,0,0,0.0,16,0.4968352485448122,16,0.13570372802232916,0.6840406348307926,0.39944617637881524,0.3282806740887846,0.09206566323648618,0.25,0,,,,,,0,,,,,,,,
job_000011,Rwanda,1,1,0.03333333333333333,19,0.4465558779867072,19,0.1800662783832583,0.6969315620890835,0.4145608511584543,0.3413340854897597,0.08834856989397688,0.21052631578947367,0,,,,,,21167,0.010001715272665024,0.024882765486836433,0.0027076853439211845,0.004667813424021006,59.88301957412206,-0.027434883639216423,0.027434883639216423,0.5395373470892041
job_000011,Rwanda,2,2,0.06666666666666667,19,0.42470814287662506,19,0.18698107549699344,0.6945472608532823,0.42406558562905244,0.34287422562343167,0.08183736171195251,0.21052631578947367,0,,,,,,21429,0.025968389585614204,0.06451547145843506,0.0068324534222483635,0.017733201384544373,68.92874547270979,-0.07840654253959656,0.07840654253959656,0.7318095975173304
job_000011,Rwanda,3,3,0.1,20,0.434563136100769,20,0.1666301396930758,0.709525969028473,0.4225265894995796,0.3333216488623938,0.07607863084083219,0.2,0,,,,,,18170,0.028825560584664345,0.062179066240787506,0.0077596744522452354,0.019110335037112236,67.90058661092911,-0.11337903887033463,0.11337903887033463,0.715533364943099
job_000011,Rwanda,4,4,0.13333333333333333,18,0.46508609172370696,18,0.15770064506621026,0.7185154446849117,0.4633224332283553,0.3263835944278689,0.08586653278984366,0.2222222222222222,0,,,,,,17569,0.015584368258714676,0.03566033020615578,0.004191690590232611,0.011017866432666779,69.17094010308718,-0.04643550142645836,0.04643550142645836,0.7564172171588277
job_000011,Rwanda,5,5,0.16666666666666666,18,0.43993741853369606,18,0.18183526748052692,0.7130503469043308,0.46885172015845533,0.3337988629666762,0.09696324333316991,0.2222222222222222,0,,,,,,21177,0.03942091017961502,0.050331998616456985,0.005833505652844906,0.03221417963504791,79.73582112517006,-0.10058823972940445,0.10058823972940445,0.8304754845554367
job_000011,Rwanda,6,6,0.2,18,0.44772787474923664,18,0.20039069264160828,0.710448874367608,0.48528614770237805,0.33903678355977657,0.08875068889820215,0.2222222222222222,0,,,,,,23765,0.035892147570848465,0.051782868802547455,0.000566507107578218,0.02910440042614937,88.88489824305162,-0.23890429735183716,0.23890429735183716,0.8110384946794174
job_000011,Rwanda,7,7,0.23333333333333334,18,0.43828778713941574,18,0.2033699164840194,0.7108813162203188,0.4855418022767997,0.3393932067460722,0.08910749083736105,0.2222222222222222,0,,,,,,24118,0.016266463324427605,0.03675195574760437,0.0013429780956357718,0.01259741559624672,83.91482772161363,-0.03074430674314499,0.03074430674314499,0.7788293507374595
job_000011,Rwanda,8,8,0.26666666666666666,16,0.46987728122621775,16,0.172784631194502,0.6888391266266505,0.4540362148373215,0.3402447362089956,0.09289997088977589,0.25,0,,,,,,19939,0.02807360701262951,0.04336538910865784,0.005468010436743498,0.021035781130194664,75.42908176102863,-0.0923478752374649,0.0923478752374649,0.774208992082528
job_000011,Rwanda,9,9,0.3,17,0.46839791886946736,17,0.18077205485676076,0.6979942452673819,0.4720959526261474,0.339345671573846,0.08975596123826664,0.23529411764705882,0,,,,,,20804,0.031190617009997368,0.06976733356714249,0.004943093750625849,0.02179306373000145,77.22042408868911,-0.08005361258983612,0.08005361258983612,0.7164535549686326
job_000011,Rwanda,10,10,0.3333333333333333,15,0.4676283697287242,15,0.15936749235038328,0.6803392357296414,0.4446875708780171,0.34751758547921957,0.08330772703366454,0.26666666666666666,0,,,,,,18244,0.005217185243964195,0.014667775481939316,0.0006906528142280877,0.0013736177934333682,63.30682373135848,0.009412511251866817,0.0,0.2946942086662698
job_000011,Rwanda,11,11,0.36666666666666664,17,0.460812946452814,17,0.18037517702049952,0.7068994849335912,0.45743709285794265,0.3379281709910701,0.09828671407419026,0.23529411764705882,0,,,,,,20958,0.03467602655291557,0.06645064800977707,0.0064588990062475204,0.02540399879217148,75.73494697716377,-0.08039972931146622,0.08039972931146622,0.7559176650155056
job_000011,Rwanda,12,12,0.4,18,0.4605071379078759,18,0.20056040678332926,0.7196873355794835,0.4744789963396489,0.33870085161442187,0.09853105707850447,0.2222222222222222,0,,,,,,23779,0.03346051275730133,0.05917316675186157,0.0016050186241045594,0.024543365463614464,86.25845780884067,-0.06019837409257889,0.06019837409257889,0.7350691222529239
job_000011,Rwanda,13,13,0.43333333333333335,16,0.4989957669749856,16,0.172521090783903,0.6896312743425369,0.4578052667555985,0.34104686028756426,0.09091142554305055,0.25,0,,,,,,19916,0.016630901023745537,0.03931713476777077,0.0002573402598500252,0.014878427609801292,89.00909954174614,-0.02886931039392948,0.02886931039392948,0.8947592753055382
job_000011,Rwanda,14,14,0.4666666666666667,14,0.5202188385384423,14,0.14990887850673185,0.6947649535678683,0.4099574529304705,0.3371797541435349,0.10871780491975712,0.2857142857142857,0,,,,,,18810,0.03366934880614281,0.09884583950042725,0.002374771749600768,0.02863231487572193,85.25872494104192,-0.02059772051870823,0.02059772051870823,0.8533170140049389
job_000011,Rwanda,15,15,0.5,15,0.5034513960282008,15,0.16478702801228567,0.6960537168714735,0.43757393154097196,0.3400192602847408,0.10237962794524211,0.26666666666666666,0,,,,,,20528,0.027758531272411346,0.06636890769004822,0.002988596446812153,0.021243734285235405,81.99210719952558,-0.02411171793937683,0.02411171793937683,0.7728407512465538
job_000011,Rwanda,16,16,0.5333333333333333,14,0.5389622151851654,14,0.15491059712296956,0.6953481333596365,0.41227543757706087,0.33724236545235237,0.10892566611044173,0.2857142857142857,0,,,,,,19369,0.01611924357712269,0.04267553985118866,0.0006160277989692986,0.012345360592007637,87.14333645540873,0.02132643759250641,0.0,0.766830076655565
job_000011,Rwanda,17,17,0.5666666666666667,14,0.5353497043251991,14,0.15428967138178865,0.6950900724955967,0.41410623744682035,0.33866272920767815,0.10908027888967343,0.2857142857142857,0,,,,,,19399,0.04334494099020958,0.08830340206623077,0.00014172287774272263,0.03804437816143036,89.7865628093672,0.042472489178180695,0.0,0.8777181665114224
job_000011,Rwanda,18,18,0.6,15,0.5073367883761724,15,0.1635659620579133,0.6958846950531006,0.441530358467573,0.3424284516940646,0.10107185367723065,0.26666666666666666,0,,,,,,20413,0.0338885523378849,0.07172774523496628,-0.0003162893990520388,0.029666755348443985,90.61083057066377,-0.0026110238395631313,0.0026110238395631313,0.8754708979592355
job_000011,Rwanda,19,19,0.6333333333333333,14,0.48291609968457905,14,0.16002758869525824,0.6883181992031278,0.47055582621740916,0.33524261415163936,0.10394174569015986,0.21428571428571427,0,,,,,,19951,0.014603438787162304,0.03250313922762871,-0.0004309529613237828,0.012592075392603874,91.9601337685385,-0.0005563435261137784,0.0005563435261137784,0.8627726602953869
job_000011,Rwanda,20,20,0.6666666666666666,14,0.49183542281389236,14,0.1606766638599067,0.6876983188447499,0.4720639597171198,0.3362894839251796,0.10491389790393886,0.21428571428571427,0,,,,,,19948,0.023417899385094643,0.060427818447351456,-0.0010357010178267956,0.020086999982595444,92.951600259512,0.017075665295124054,0.0,0.8589021028724759
job_000011,Rwanda,21,21,0.7,14,0.4972113860504968,14,0.16389969475553867,0.6880010650271461,0.47363105450988446,0.3375405098607786,0.10541510427119331,0.21428571428571427,0,,,,,,20307,0.02285919524729252,0.0630808100104332,9.599175245966762e-05,0.018205048516392708,89.69789307019231,0.021880101412534714,0.0,0.7964104331232448
job_000011,Rwanda,22,22,0.7333333333333333,14,0.48447349667549133,14,0.16487562912690648,0.6880019959949312,0.4743870952141979,0.33812905398751636,0.1056048993842783,0.21428571428571427,0,,,,,,20393,0.012705613858997822,0.03741099685430527,0.0007706761243753135,0.010080430656671524,85.62808777943758,0.024643968790769577,0.0,0.7956992853807128
job_000011,Rwanda,23,23,0.7666666666666667,15,0.4822181304295858,15,0.1803370198482761,0.6893515671624079,0.4983655451550895,0.33852668996986307,0.09279850398949309,0.26666666666666666,0,,,,,,20952,0.027739016339182854,0.08844369649887085,-0.0008766160462982953,0.020614871755242348,92.43494886638166,0.06570804119110107,0.0,0.7438440306048436
job_000011,Rwanda,24,24,0.8,18,0.4481605365872383,18,0.23902958832000518,0.69297803596214,0.5166694521413419,0.34780634819693407,0.08025669614739311,0.2222222222222222,0,,,,,,26725,0.027404259890317917,0.07799503952264786,-0.0008487972081638873,0.02163787931203842,92.24641125765388,0.007602287922054529,0.0,0.7901881328821662
job_000011,Rwanda,25,25,0.8333333333333334,16,0.48938669450581074,16,0.20686455008325413,0.7036103824774423,0.517340761202353,0.34048759940443746,0.08918029865974786,0.25,0,,,,,,24210,0.01678498275578022,0.05413142964243889,-0.0009578193421475589,0.012455298565328121,94.39742239411746,0.010477901436388493,0.0,0.7442410205490668
job_000011,Rwanda,26,26,0.8666666666666667,15,0.49723994235197705,15,0.19098090460841657,0.7030536810557048,0.4985227432957402,0.34312552025017223,0.10049527070486657,0.2,0,,,,,,23583,0.029665932059288025,0.09725658595561981,-0.0025755264796316624,0.022993214428424835,96.39120029653297,0.03130530193448067,0.0,0.7799185365401863
job_000011,Rwanda,27,27,0.9,15,0.48446971277395884,15,0.18918698800768619,0.703130301369561,0.4981977148409243,0.342878621139968,0.09924952619093376,0.2,0,,,,,,23045,0.020424004644155502,0.06650296598672867,-0.0016957786865532398,0.015390310436487198,96.28776145817348,0.031146569177508354,0.0,0.7581007444487898
job_000011,Rwanda,28,28,0.9333333333333333,15,0.48028029799461364,15,0.1907596384664093,0.7031920390658909,0.49823278968716844,0.3428350346323723,0.09904625735097844,0.2,0,,,,,,23166,0.007931032218039036,0.02381596341729164,-0.0005621659220196307,0.0054510487243533134,95.88809012592117,0.00616137869656086,0.0,0.6909516884199831
job_000011,Rwanda,29,29,0.9666666666666667,14,0.4979429990053177,14,0.17120410067765515,0.7215589693614414,0.4826095076465102,0.34275419877121027,0.09889325018813817,0.21428571428571427,0,,,,,,20587,0.01478235237300396,0.040547244250774384,-0.001880537485703826,0.00910711195319891,101.66708982967293,-0.008122025057673454,0.008122025057673454,0.6290773060591458
job_000011,Rwanda,30,30,1.0,16,0.4546103496104479,16,0.21369516172436204,0.7162462393442789,0.5172877260932216,0.34385721743839187,0.08710788679675416,0.1875,0,,,,,,22952,0.012907983735203743,0.035018812865018845,-0.0009021018631756306,0.006872937083244324,97.47756691179286,0.008354410529136658,0.0,0.5370231903326254
job_000011,Rwanda,31,31,1.0333333333333334,15,0.46395656069119773,15,0.1902596698900734,0.7339158344268799,0.5032981429865331,0.34333601629197275,0.0874360085487824,0.2,0,,,,,,20432,0.007354389876127243,0.021094005554914474,-0.0008696806035004556,0.0038578284438699484,102.70397746307542,-0.004400053061544895,0.004400053061544895,0.5377252181933945
job_000011,Rwanda,32,32,1.0666666666666667,14,0.47977553201573236,14,0.16866441042932606,0.7209095637003581,0.4819580819871691,0.3420620227931319,0.09915576262479145,0.21428571428571427,0,,,,,,20455,0.016945328563451767,0.050768569111824036,-0.0012272595195099711,0.00848817266523838,98.227078400129,0.009437667205929756,0.0,0.5061238671314835
job_000011,Rwanda,33,33,1.1,14,0.4735744297504425,14,0.16362396532579904,0.7198731638136363,0.48179668030410844,0.34162905906796215,0.10140805543610588,0.21428571428571427,0,,,,,,20118,0.018622126430273056,0.0548115000128746,-0.0005617297138087451,0.008031918667256832,94.00059095772214,0.019262777641415596,0.0,0.4323640284408175
job_000011,Rwanda,34,34,1.1333333333333333,15,0.4751634975274404,15,0.1772348245539907,0.7276406192779542,0.5026124453838962,0.3403090557154211,0.09020507965442798,0.2,0,,,,,,19947,0.010982501320540905,0.03498188033699989,0.000644111423753202,0.0016369079239666462,68.52072128191371,0.0070773824118077755,0.0,0.1601707644076026
job_000011,Rwanda,35,35,1.1666666666666667,16,0.4627466080710292,16,0.1836317728186614,0.743616364399592,0.5005531820986006,0.33514607456381035,0.09823055217847061,0.1875,0,,,,,,20691,0.021254416555166245,0.06988230347633362,0.002156834350898862,0.0018241498619318008,40.22298301426904,0.01353454776108265,0.0,0.1329038265300405
job_000011,Rwanda,36,36,1.2,14,0.47607164617095676,14,0.18127145223813576,0.7223011391503469,0.4814594493341193,0.3428238079797092,0.09734661915597245,0.21428571428571427,0,,,,,,20616,0.01799459382891655,0.059617508202791214,0.0006829932681284845,-0.0009457024279981852,-54.1629061164334,0.015622292645275593,0.0,0.06482766060742752
job_000011,Rwanda,37,37,1.2333333333333334,15,0.4437803775072098,15,0.19824407598806346,0.729792178471883,0.501961890562081,0.34107123305614545,0.09322360643698646,0.2,0,,,,,,20692,0.007430531550198793,0.023522796109318733,0.0004436862363945693,-0.0007357175927609205,-58.90725156859615,0.012259910814464092,0.0,0.11562423064576999
job_000011,Rwanda,38,38,1.2666666666666666,14,0.4699957179171698,14,0.1795292148184959,0.7175343138831003,0.4813008313456541,0.3405545834162506,0.09868319598001733,0.21428571428571427,0,,,,,,20694,0.014804086647927761,0.04142402112483978,0.0001621644478291273,-0.0017078580567613244,-84.57591611751717,0.0030148657970130444,0.0,0.11588284622178571
job_000011,Rwanda,39,39,1.3,15,0.492093496521314,15,0.17815719296088867,0.7273234801822238,0.5007205647598079,0.3390292122872758,0.0910397641165345,0.2,0,,,,,,20294,0.013913260772824287,0.04201480746269226,0.0008808230049908161,-0.0008846799610182643,-45.12516940205522,0.0016988384304568172,0.0,0.08972749946166922
job_000011,Rwanda,40,40,1.3333333333333333,14,0.5117466087852206,14,0.16141978157231301,0.7198235352834065,0.48101551318294794,0.3407587965979624,0.10358766449913703,0.21428571428571427,0,,,,,,20013,0.0075637223199009895,0.020960936322808266,-0.00010227689199382439,-0.0006655792240053415,-98.73607817078864,-0.00789008941501379,0.00789008941501379,0.08902912953583161
job_000011,Rwanda,41,41,1.3666666666666667,15,0.49932001729806264,15,0.16456236586088033,0.737715598212348,0.4807316406862236,0.3356726787793904,0.11205966456516986,0.2,0,,,,,,20519,0.018008003011345863,0.05237048864364624,-0.0002919896214734763,-0.0029182780999690294,-95.71373857832234,0.020799832418560982,0.0,0.16286366104383643
job_000011,Rwanda,42,42,1.4,15,0.4849725296099981,15,0.16784812795480208,0.7380285962422691,0.48014986874144755,0.3352995779504439,0.1123923842359579,0.2,0,,,,,,20948,0.016438573598861694,0.048925675451755524,-0.0009901155717670918,-0.000493787694722414,-153.49377686128028,0.024474384263157845,0.0,0.06730604918544267
job_000011,Rwanda,43,43,1.4333333333333333,15,0.48921568592389425,15,0.1686964687924127,0.7381173144446477,0.48019092701099536,0.3351773609714375,0.11363516915889868,0.2,0,,,,,,20987,0.00904683955013752,0.029282143339514732,-0.0007301646983250976,0.00025217680376954377,160.94663573019648,0.015311773866415024,0.0,0.08538731707214439
job_000011,Rwanda,44,44,1.4666666666666666,16,0.4742834810167551,16,0.18016997282960354,0.7363411227862041,0.5016930406844176,0.3353736359061301,0.10101098979119101,0.25,0,,,,,,21231,0.015312040224671364,0.050328876823186874,-0.0031940031331032515,0.0017315911827608943,151.5361862724043,-0.030205165967345238,0.030205165967345238,0.2372766257535891
job_000011,Rwanda,45,45,1.5,16,0.4792216755449772,16,0.17811851295206266,0.7092199504375457,0.47708116593184297,0.3470448302487094,0.08976375968930296,0.25,0,,,,,,21103,0.014553588815033436,0.042240578681230545,-0.003858515527099371,0.005906321108341217,123.15601386839487,-0.014842033386230469,0.014842033386230469,0.4847589206935125
job_000011,Rwanda,46,46,1.5333333333333334,16,0.46694993413984776,16,0.17905437796969592,0.7092697650194167,0.4769177971062837,0.3470809086441652,0.08981294909337488,0.25,0,,,,,,21192,0.007064395118504763,0.02007170394062996,-0.0022555796895176172,0.0017565296730026603,142.09037227653164,0.011651594191789627,0.0,0.4046846487404795
job_000011,Rwanda,47,47,1.5666666666666667,16,0.4653110606595874,16,0.1811034582940408,0.7092115114132563,0.47744170736383507,0.3471434871141651,0.08936113790787335,0.25,0,,,,,,21377,0.012099096551537514,0.03731731325387955,-0.0017057483782991767,0.004271306097507477,111.76932337140619,0.010194075293838978,0.0,0.3801364752053924
job_000011,Rwanda,48,48,1.6,14,0.48839462867804934,14,0.17209993471177398,0.7186921539760771,0.5360830627421223,0.3295375502758026,0.1002467544248457,0.2857142857142857,0,,,,,,20299,0.012598350644111633,0.04126186668872833,-0.0027470106724649668,0.005283355712890625,117.47157786506163,0.005723564885556698,0.0,0.4726668611078369
job_000011,Rwanda,49,49,1.6333333333333333,15,0.4716944873332977,15,0.17378353188383405,0.707717899746365,0.506371613961679,0.3405758878863877,0.08722391438986885,0.26666666666666666,0,,,,,,20516,0.005779734812676907,0.019268017262220383,-0.001434675301425159,0.001092286198399961,142.71626530738428,0.006169437896460295,0.0,0.3119795376467738
job_000011,Rwanda,50,50,1.6666666666666667,15,0.4777059326569239,15,0.15329337856513175,0.691488191816542,0.48418434343220274,0.34157742522726,0.08957067648555822,0.2,0,,,,,,18566,0.010397280566394329,0.029514668509364128,-0.0008336910977959633,0.0007692753570154309,137.30121180003405,0.014062827453017235,0.0,0.10910384410403388
job_000011,Rwanda,51,51,1.7,15,0.4828569104274114,15,0.15305290417803288,0.6913856474558513,0.4841697320820373,0.34156909667895063,0.0899385304529106,0.2,0,,,,,,18565,0.006151142064481974,0.022864749655127525,-0.0003315586654935032,0.002447231439873576,97.71563394785707,0.009745979681611061,0.0,0.4014847307391459
job_000011,Rwanda,52,52,1.7333333333333334,15,0.47557960549990336,15,0.15298288707478505,0.6913412517971463,0.4843131318504427,0.34150467099823195,0.08990484658422046,0.2,0,,,,,,18606,0.003633095882833004,0.012632970698177814,0.00017007446149364114,0.000997429247945547,80.3234006728018,0.006212932523339987,0.0,0.2785022271330054
job_000011,Rwanda,53,53,1.7666666666666666,15,0.45367833276589714,15,0.15191882424732475,0.6910725413428412,0.48429638226826993,0.34191569955963513,0.08910170967849419,0.2,0,,,,,,18406,0.007020687684416771,0.025623846799135208,2.9008413548581302e-05,0.002862314460799098,89.4193500436381,0.006547097582370043,0.0,0.4077181011369506
job_000011,Rwanda,54,54,1.8,14,0.4436765824045454,14,0.14893032773866757,0.6880672171002342,0.5154203182805783,0.33345215033143877,0.08998610976912431,0.21428571428571427,0,,,,,,18025,0.006834911648184061,0.025340761989355087,7.323520549107343e-05,0.003046445082873106,88.62289979005578,0.010074617341160774,0.0,0.4458470546103072
job_000011,Rwanda,55,55,1.8333333333333333,15,0.40428846180438993,15,0.19727433316964985,0.6826446617974175,0.5427774808436265,0.3397655484385769,0.09448312026356784,0.26666666666666666,0,,,,,,23612,0.004165087826550007,0.01374792493879795,-0.00027879103436134756,0.002068218542262912,97.67706213578622,0.00032290833769366145,0.0,0.5010516536722578
job_000011,Rwanda,56,56,1.8666666666666667,15,0.41531379719575245,15,0.15470951463467345,0.7054318163130018,0.49187068880340196,0.3364310108867399,0.09756614957984626,0.2,0,,,,,,18723,0.005876738578081131,0.021068356931209564,2.7633277568384074e-05,0.002856804523617029,89.44580709320255,-0.0014792068395763636,0.0014792068395763636,0.486143483841155
job_000011,Rwanda,57,57,1.9,15,0.41583318610986075,15,0.15521795278933653,0.6909363216824003,0.4852216443897765,0.34315664195389334,0.08936963205318689,0.2,0,,,,,,18888,0.005987240932881832,0.019669020548462868,-7.904479571152478e-05,0.0024316872004419565,91.86180978818828,0.0370318777859211,0.0,0.4063593915167315
job_000011,Rwanda,58,58,1.9333333333333333,16,0.4228888228535652,16,0.19980144906940803,0.6856078455845513,0.512734028255498,0.35013330741020543,0.09282465516485994,0.25,0,,,,,,23960,0.004854947794228792,0.013063793070614338,-0.0012108453083783388,0.002273448510095477,118.0398950562749,0.010217509232461452,0.0,0.5305502885472319
job_000011,Rwanda,59,59,1.9666666666666666,15,0.4317501445611318,15,0.17658873002265807,0.682995482550727,0.49255602342111093,0.35173027482742447,0.10386779557416574,0.2,0,,,,,,22348,0.01187867484986782,0.03817548230290413,-0.002018075669184327,0.005015787668526173,111.91712816305072,0.004029030445963144,0.0,0.45514735604368495
job_000011,Rwanda,60,60,2.0,15,0.47274960279464723,15,0.17498235119154282,0.6830433898501925,0.49249538504047163,0.35111243180939194,0.10435279838501373,0.2,0,,,,,,22246,0.011004422791302204,0.02983316034078598,-0.0024047433398663998,0.0065483818762004375,110.1646037273005,-0.005122730508446693,0.005122730508446693,0.6339238058178802
job_000011,Rwanda,61,61,2.033333333333333,16,0.45842064917087555,16,0.18001632516699448,0.6920614937941234,0.4739362871205364,0.34926205498477064,0.10124521022829759,0.1875,0,,,,,,22861,0.00465064262971282,0.013777399435639381,-0.0009449286735616624,0.0024407559540122747,111.16370794172899,-0.002038859762251377,0.002038859762251377,0.562779174332859
job_000011,Rwanda,62,62,2.066666666666667,16,0.45712711475789547,16,0.17908400513418032,0.6710887670516967,0.4668524600841381,0.35706867138969306,0.10151424217835542,0.1875,0,,,,,,22793,0.011194868013262749,0.0392928346991539,-0.001983107766136527,0.006210825871676207,107.70820786532914,-0.01847742684185505,0.01847742684185505,0.5823869435688843
job_000011,Rwanda,63,63,2.1,15,0.48444222410519916,15,0.1766985342613555,0.6827563699086509,0.4918430091716625,0.35091331725849756,0.10425279440050723,0.2,0,,,,,,22561,0.011611721478402615,0.038673583418130875,-0.002842382527887821,0.006784897297620773,112.73016804684381,0.005655165296047926,0.0,0.6335167283850615
job_000011,Rwanda,64,64,2.1333333333333333,16,0.46213823463767767,16,0.20919534091562497,0.6984260092178981,0.5138879785935084,0.35531802569907606,0.09269586860858087,0.1875,0,,,,,,23729,0.006024166475981474,0.020030859857797623,-0.0009785736910998821,0.0035522780381143093,105.40169859958117,0.0023363998625427485,0.0,0.6116366766258513
job_000011,Rwanda,65,65,2.1666666666666665,16,0.46716000884771347,16,0.20938123560474534,0.6985479950904845,0.5137467111702319,0.3548931861601481,0.09187262747892369,0.1875,0,,,,,,23346,0.01103257481008768,0.037902168929576874,-0.0017670493107289076,0.005800343118607998,106.94312931561558,-0.0016064996598288417,0.0016064996598288417,0.5496027918388905
job_000011,Rwanda,66,66,2.2,16,0.47475765459239483,16,0.18807938431268365,0.6927107175191244,0.47359912263022524,0.3489894658903651,0.10250185977836408,0.1875,0,,,,,,23895,0.010862204246222973,0.035812605172395706,-0.0019666673615574837,0.004336380399763584,114.3955944354834,-0.026245081797242165,0.026245081797242165,0.4383557593190221
job_000011,Rwanda,67,67,2.2333333333333334,16,0.4733906425535679,16,0.18833106672096933,0.6926804453134536,0.4736822406450908,0.34915587477430404,0.10247550125083019,0.1875,0,,,,,,23994,0.005552047397941351,0.01586209423840046,-0.0013046942185610533,0.0025558711495250463,117.04292446399553,0.001187064335681498,0.0,0.5168575210415094
job_000011,Rwanda,68,68,2.2666666666666666,16,0.48073473665863276,16,0.18943651040976728,0.6927429894606271,0.47390583643206846,0.3492288348153605,0.10215378995310329,0.1875,0,,,,,,24121,0.01337948814034462,0.03507618606090546,-0.004702781327068806,0.002957624616101384,147.8338159751735,-0.005972633138298988,0.005972633138298988,0.41522592804141734
job_000011,Rwanda,69,69,2.3,15,0.4848702847957611,15,0.18490964278656863,0.6837616486019559,0.49234350239789043,0.3511952729327405,0.10537336704325026,0.2,0,,,,,,23591,0.012911892496049404,0.02690112218260765,-0.004179874900728464,0.0026030410081148148,148.08717763835696,-0.031824465841054916,0.031824465841054916,0.38136487187350404
job_000011,Rwanda,70,70,2.3333333333333335,15,0.4783774276574453,15,0.1839645612244062,0.6837119272020129,0.4923954117150954,0.3511930762798615,0.10499584175703833,0.2,0,,,,,,23380,0.007008560933172703,0.018433915451169014,-0.0012889273930341005,0.0016342754242941737,128.2622904758902,-0.009613888338208199,0.009613888338208199,0.2969784208599612
job_000011,Rwanda,71,71,2.3666666666666667,16,0.4579902645200491,16,0.19262345766869332,0.6931159218152365,0.4736796784180182,0.34923087708551437,0.10195686487022963,0.1875,0,,,,,,24491,0.015162358060479164,0.05094645544886589,-0.00010304916213499382,0.004830963909626007,91.2219894257621,0.02240179106593132,0.0,0.31868808498131457
job_000011,Rwanda,72,72,2.4,16,0.45944335125386715,16,0.19212368131296698,0.6932617296775182,0.4735497631408549,0.3494054404453264,0.10195140798263928,0.1875,0,,,,,,24317,0.013379625976085663,0.030955985188484192,0.0012517374707385898,0.004976265598088503,75.88065895593292,-0.002730970038101077,0.002730970038101077,0.38351468751247214
job_000011,Rwanda,73,73,2.433333333333333,16,0.4571619052439928,16,0.19286826761488285,0.6933344552914301,0.4736798311825152,0.3494409881299252,0.10182127067635627,0.1875,0,,,,,,24359,0.005311278626322746,0.012613045983016491,0.0012520820600911975,0.0011559713166207075,42.71441166529857,-0.006501133553683758,0.006501133553683758,0.3208467641303769
job_000011,Rwanda,74,74,2.466666666666667,16,0.45501380413770676,16,0.19724366987418718,0.6939958790938059,0.47385130105195233,0.34985172287945077,0.10280302026603924,0.1875,0,,,,,,25105,0.010789279825985432,0.02801753208041191,0.0022952600847929716,0.00231484929099679,45.24345888416318,-0.0130942827090621,0.0130942827090621,0.3021396314868534
job_000011,Rwanda,75,75,2.5,16,0.4460304528474808,16,0.19672595705419946,0.6941000411907832,0.4738065301268189,0.34974038381620454,0.10323535877692247,0.1875,0,,,,,,25014,0.011224155314266682,0.03183059021830559,0.001289019244723022,0.002417971845716238,61.937951006209296,0.011128105223178864,0.0,0.24412544464443875
job_000011,Rwanda,76,76,2.533333333333333,16,0.4395698104053736,16,0.20587223425425039,0.6929393172264099,0.4816817736184156,0.35449567103135826,0.09285568956462062,0.1875,0,,,,,,24009,0.0056433058343827724,0.018946614116430283,0.0004761357558891177,0.0014882502146065235,72.25897133030695,0.01273761224001646,0.0,0.2768873620680461
job_000011,Rwanda,77,77,2.566666666666667,16,0.4751426773145795,16,0.20069842233576546,0.7093368738889695,0.48754985398716405,0.3540227502720893,0.09247444449879522,0.25,0,,,,,,24382,0.012912606820464134,0.04322584718465805,0.001095875515602529,0.0029695858247578144,69.74426909176113,0.03629311919212341,0.0,0.24513570035038923
job_000011,Rwanda,78,78,2.6,17,0.4501253357704948,17,0.2206081815874239,0.6942142589419495,0.5015475291831821,0.35352201522734533,0.0811686998664432,0.23529411764705882,0,,,,,,24326,0.008301504887640476,0.024883482605218887,0.0014095607912167907,0.0018611723789945245,52.86149552096049,0.009167900308966637,0.0,0.2812381689268757
job_000011,Rwanda,79,79,2.6333333333333333,16,0.47676360979676247,16,0.20175215302960786,0.7092464417219161,0.48755853441026475,0.3545149486464786,0.09262358126371273,0.25,0,,,,,,24424,0.004335392732173204,0.014641175977885723,0.0007916268659755588,0.0010147339198738337,52.04105093793855,0.007757376879453659,0.0,0.2968579353614579
job_000011,Rwanda,80,80,2.6666666666666665,17,0.438094280221883,17,0.22253453622372238,0.6940811306822535,0.5017120973217202,0.3537706519236793,0.08078063421154619,0.23529411764705882,0,,,,,,24558,0.009973552078008652,0.036097630858421326,-0.0005209566443227232,0.0015395383816212416,108.69504641348969,-0.0014247949002310634,0.0014247949002310634,0.1629602010517317
job_000011,Rwanda,81,81,2.7,15,0.47042592366536456,15,0.21338908934346107,0.6819115204281277,0.5516721047295464,0.3441292315912209,0.08289278761415603,0.26666666666666666,0,,,,,,23373,0.01358739659190178,0.04777351766824722,-0.0013307773042470217,-0.00034888149821199477,-165.3097241760075,-0.011513017117977142,0.011513017117977142,0.10125187963144812
job_000011,Rwanda,82,82,2.7333333333333334,14,0.48458682213510784,14,0.19197135599750817,0.6983656712940761,0.5393088083418589,0.34723231284779354,0.09584268016190556,0.2857142857142857,0,,,,,,23232,0.006791207939386368,0.0215961541980505,-0.0004047314287163317,-0.0007453555008396506,-118.50216163923501,0.001743899891152978,0.0,0.1248897580655229
job_000011,Rwanda,83,83,2.7666666666666666,16,0.45445508044213057,16,0.19559926469638964,0.6613120168447496,0.5145961538509086,0.3344791036767661,0.07562509941958517,0.25,0,,,,,,20782,0.008836845867335796,0.02426518127322197,-0.003646471071988344,0.002814409090206027,142.3384225388938,0.0233844593167305,0.0,0.5212563498478586
job_000011,Rwanda,84,84,2.8,16,0.433028825558722,16,0.19512204958279192,0.6611097425222398,0.5147237530461064,0.33470975167278655,0.07578753735704541,0.25,0,,,,,,20769,0.007843551225960255,0.023161614313721657,-0.003227838547900319,0.0005669392412528396,170.03814978652395,-0.0078738396987319,0.0078738396987319,0.41782720933339873
job_000011,Rwanda,85,85,2.8333333333333335,14,0.46632284351757597,14,0.16459593046636273,0.6896441959199452,0.49340664495236036,0.34267603009774383,0.08917042419330008,0.2857142857142857,0,,,,,,19615,0.0034753100480884314,0.010809769853949547,-0.0014794392045587301,-0.0007614913629367948,-152.76438480946666,-0.005213271826505661,0.005213271826505661,0.47878142488889924
job_000011,Rwanda,86,86,2.8666666666666667,14,0.47239944870982853,14,0.16425234288889767,0.6895538216545469,0.49316416064267443,0.34241781631834095,0.0892260442307582,0.2857142857142857,0,,,,,,19692,0.009044695645570755,0.023540930822491646,-0.003323956625536084,-0.005045321770012379,-123.37767310194528,-0.022867383435368538,0.022867383435368538,0.6679993332986812
job_000011,Rwanda,87,87,2.9,16,0.44548213947564363,16,0.2105113940393925,0.6673061847686768,0.5414537496036953,0.3373619231260988,0.07075793723805043,0.25,0,,,,,,23175,0.011615846306085587,0.02922973968088627,-0.0018174293218180537,-0.007913674227893353,-102.93408868972068,-0.0185255017131567,0.0185255017131567,0.6990179682901938
job_000011,Rwanda,88,88,2.933333333333333,16,0.4357490614056587,16,0.20917161990023925,0.6672189702590307,0.5405464485839562,0.3368292351941349,0.0711708102468096,0.25,0,,,,,,23006,0.0061882538720965385,0.016408488154411316,-0.0012842589057981968,-0.00401371531188488,-107.7429883144133,0.0002065739972749725,0.0,0.6809950615710547
job_000011,Rwanda,89,89,2.966666666666667,15,0.45807795723279315,15,0.16726148245099062,0.6738506264156766,0.4875484226368092,0.33522708671318185,0.077754877051805,0.26666666666666666,0,,,,,,20260,0.010349440388381481,0.02739083021879196,-0.003101053647696972,-0.004006470553576946,-127.74027745952758,-0.017218677327036858,0.017218677327036858,0.48953305748681186
job_000011,Rwanda,90,90,3.0,14,0.4402429440191814,14,0.17508231988127118,0.679871956507365,0.5068898660165293,0.3414535619167017,0.09433227477836906,0.21428571428571427,0,,,,,,22617,0.00927227083593607,0.02969549596309662,-0.0024879085831344128,-0.0027158246375620365,-132.49212981112527,-0.04426440969109535,0.04426440969109535,0.39721905584397316
job_000011,Rwanda,91,91,3.033333333333333,14,0.4374669013278825,14,0.17675708762141845,0.6799533843994141,0.5069328981732565,0.3414113143513154,0.09438624214860399,0.21428571428571427,0,,,,,,22669,0.0052932738326489925,0.018459927290678024,-0.0008773201261647046,-0.0006914700497873127,-141.75617778944422,-0.0236921738833189,0.0236921738833189,0.21103372216172825
job_000011,Rwanda,92,92,3.066666666666667,14,0.43872839531728197,14,0.15944337861078825,0.671672080812,0.4631838614347751,0.334472924470546,0.08955259448339854,0.21428571428571427,0,,,,,,20364,0.00874523539096117,0.02973254956305027,-0.0023061074316501617,-0.0001229532645083964,-176.94808696833428,-0.05477389320731163,0.05477389320731163,0.2640732596568881
job_000011,Rwanda,93,93,3.1,13,0.4463890492916107,13,0.13871825562962414,0.6889419922461878,0.4434103316391295,0.33305198393097607,0.08877797924256736,0.23076923076923078,0,,,,,,17537,0.009878583252429962,0.031708214432001114,-0.0017167716287076473,-0.0010484345257282257,-148.5875367751078,-0.05505039542913437,0.05505039542913437,0.20363206695434233
job_000011,Rwanda,94,94,3.1333333333333333,13,0.4458230263911761,13,0.1534396542800702,0.6600096005659835,0.4833287779761855,0.3351453991760206,0.09451319094269697,0.23076923076923078,0,,,,,,19393,0.004003904294222593,0.01177197229117155,-0.000609789858572185,-0.0008936144295148551,-124.30907507149438,-0.0311701912432909,0.0311701912432909,0.2701977269970657
job_000011,Rwanda,95,95,3.1666666666666665,14,0.4325799750430243,14,0.15684930353513563,0.6718162513914564,0.46216613073197627,0.33323301986323356,0.08961030708832828,0.21428571428571427,0,,,,,,19774,0.007381478790193796,0.021633531898260117,-0.0013326669577509165,-0.002190300263464451,-121.31801652234456,-0.032491546124219894,0.032491546124219894,0.34733791896029964
job_000011,Rwanda,96,96,3.2,14,0.4507273499454771,14,0.15466120525474253,0.671903165181478,0.4623267902899041,0.33318490827976,0.08981158027699901,0.21428571428571427,0,,,,,,19772,0.008259095251560211,0.026677746325731277,-0.00037036542198620737,-0.0033306104596704245,-96.34524869526354,-0.027785776183009148,0.027785776183009148,0.40575141612212506
job_000011,Rwanda,97,97,3.2333333333333334,14,0.4610978492668697,14,0.1542134420566651,0.6717934846878053,0.46225788605906976,0.33328318226956466,0.08999056291013793,0.21428571428571427,0,,,,,,19720,0.0038060382939875126,0.011123256757855415,-0.0003870497748721391,-0.0020170018542557955,-100.86264645941161,-0.02213146910071373,0.02213146910071373,0.5396168327199601
job_000011,Rwanda,98,98,3.2666666666666666,14,0.45441810148102896,14,0.1553896556640851,0.671790935879662,0.46169122842253835,0.3329714441270795,0.09010851863680551,0.21428571428571427,0,,,,,,19871,0.008969778195023537,0.031238190829753876,-0.0011103383731096983,-0.0048600006848573685,-102.86918742322213,-0.032544199377298355,0.032544199377298355,0.5557800710835619
job_000011,Rwanda,99,99,3.3,14,0.4444482060415404,14,0.15706697920691012,0.671775896208627,0.46100627884032225,0.3326930018967856,0.09035516760597402,0.21428571428571427,0,,,,,,20021,0.01225820928812027,0.031423527747392654,-0.0003598099574446678,-0.006713272072374821,-93.06793549866492,-0.045044440776109695,0.045044440776109695,0.5484412390332334
job_000011,Rwanda,100,100,3.3333333333333335,16,0.4362921081483364,16,0.16644711220587582,0.6734424710273743,0.4567291417607554,0.34187070780506673,0.08176464111292432,0.25,0,,,,,,20589,0.009577321819961071,0.019145919010043144,-0.001434063189662993,-0.004637467674911022,-107.18339262037117,-0.009366746060550213,0.009366746060550213,0.5068365509168454
job_000011,Rwanda,101,101,3.3666666666666667,13,0.44775723264767575,13,0.13990328709320127,0.6885422621017848,0.4834825849940633,0.33831764949988463,0.09268162055469151,0.3076923076923077,0,,,,,,16996,0.015015405602753162,0.0281329695135355,-0.0013677433598786592,-0.010269708931446075,-97.58614025602077,-0.04321214556694031,0.04321214556694031,0.6899839047639903
job_000011,Rwanda,102,102,3.4,14,0.413567202431815,14,0.14151113331916595,0.7104138101850237,0.5033314361774102,0.3232058293772757,0.0989927248693183,0.21428571428571427,0,,,,,,17396,0.0185542032122612,0.059675008058547974,0.001084615825675428,-0.009967252612113953,-83.78962783084228,-0.07095424085855484,0.07095424085855484,0.5403676812437159
job_000011,Rwanda,103,103,3.433333333333333,15,0.401926459868749,15,0.1414436069926373,0.7222781054178873,0.43496008825890814,0.32588554238056083,0.09606916924116596,0.3333333333333333,0,,,,,,17788,0.007820659317076206,0.027126215398311615,0.0009422095026820898,-0.0023674657568335533,-68.29831913798978,-0.04096260294318199,0.04096260294318199,0.3258124862296081
job_000011,Rwanda,104,104,3.466666666666667,15,0.4271889577309291,15,0.14388290249491592,0.7137632560729981,0.47359666000177825,0.3320678460014888,0.09245858098108986,0.26666666666666666,0,,,,,,17909,0.013902579434216022,0.048763178288936615,0.0022560209035873413,-0.007754854392260313,-73.7793753696723,-0.0759136974811554,0.0759136974811554,0.5809244273582549
job_000011,Rwanda,105,105,3.5,15,0.4519656956195831,15,0.13948116529268156,0.7315270317925346,0.472736822175391,0.33795586185672194,0.08723571749387718,0.26666666666666666,0,,,,,,17470,0.01323097012937069,0.042389653623104095,0.0018651153659448028,-0.006901677697896957,-74.87756269569394,-0.08848099410533905,0.08848099410533905,0.5403422700464413
job_000011,Rwanda,106,106,3.533333333333333,16,0.44327358342707157,16,0.15156567140691482,0.7304619262615839,0.4936868053895455,0.33718556829590646,0.07566266266738382,0.25,0,,,,,,17641,0.006150281522423029,0.020402614027261734,0.0011726762168109417,-0.001988063333556056,-59.465405991523866,-0.03719707205891609,0.03719707205891609,0.37529207738902415
job_000011,Rwanda,107,107,3.566666666666667,15,0.4729694376389186,15,0.14653000575103187,0.7430401166280111,0.5013162379794651,0.3426865646727783,0.0862744985142416,0.26666666666666666,0,,,,,,16878,0.011980523355305195,0.04220622777938843,0.00105035409796983,-0.004043882247060537,-75.4397897801379,-0.08102360367774963,0.08102360367774963,0.34873810615945267
job_000011,Rwanda,108,108,3.6,18,0.44261468284659916,18,0.16511855248365778,0.7065463348671241,0.4765472988042322,0.339248467235798,0.07063512040728628,0.2222222222222222,0,,,,,,18988,0.009493188932538033,0.03240465372800827,0.0008133210940286517,-0.002409640932455659,-71.34902509658389,-0.028407927602529526,0.028407927602529526,0.26789721706992
job_000011,Rwanda,109,109,3.6333333333333333,18,0.4527634812725915,18,0.16361433283699456,0.7136717337149163,0.4468371162689271,0.3460363316223618,0.06287231889088982,0.2222222222222222,0,,,,,,18199,0.0060264491476118565,0.018816933035850525,7.182459853538603e-07,-0.0028846620116382837,-89.9857340435044,0.0036588043440133333,0.0,0.47866696132310244
job_000011,Rwanda,110,110,3.6666666666666665,19,0.43562458063426773,19,0.17238543477780155,0.7010040977544951,0.4549737063067698,0.3426104530653166,0.0655624130279892,0.21052631578947367,0,,,,,,18991,0.009692986495792866,0.03195212781429291,-0.0005997420521453023,-0.0023259934969246387,-104.45841503514632,0.01594175398349762,0.0,0.2478151771645423
job_000011,Rwanda,111,111,3.7,18,0.45529529369539684,18,0.16376296990411465,0.7064993743543274,0.47587366025634265,0.3383588109316134,0.07019843456856671,0.2222222222222222,0,,,,,,18762,0.010553751140832901,0.032020170241594315,-0.0005760943167842925,-0.004917189013212919,-96.68226903201867,-0.004049343056976795,0.004049343056976795,0.46910537549477616
job_000011,Rwanda,112,112,3.7333333333333334,17,0.4628262055270812,17,0.1545865768021453,0.720215523476694,0.4682393179999457,0.3415547089548284,0.06725468961194421,0.23529411764705882,0,,,,,,17912,0.006631261669099331,0.019106341525912285,-0.0009079839801415801,-0.0006492175161838531,-144.43485744449967,-0.01976986788213253,0.01976986788213253,0.16832499701209216
job_000011,Rwanda,113,113,3.7666666666666666,14,0.49101255727665766,14,0.1258789543579769,0.7140182858421689,0.44643123944600427,0.3278194479435762,0.10520258705847849,0.2857142857142857,0,,,,,,16731,0.013995111919939518,0.03730642423033714,-0.0023528679739683867,-0.008062401786446571,-106.26894198525903,-0.07412148267030716,0.07412148267030716,0.6001173047703663
job_000011,Rwanda,114,114,3.8,15,0.4586711754401525,15,0.1317543403598889,0.7326128673553467,0.44926759331314653,0.34670982719170346,0.08845349523058384,0.26666666666666666,0,,,,,,16480,0.02140829525887966,0.06389816105365753,-0.001363092684186995,-0.017697615548968315,-94.40429781248879,0.07166066765785217,0.0,0.8291193330540731
job_000011,Rwanda,115,115,3.8333333333333335,16,0.45953254494816065,16,0.14128258574920696,0.716330639521281,0.45855747958024345,0.3432358124879619,0.08380614089284164,0.25,0,,,,,,17323,0.01051621325314045,0.03335542604327202,-0.0010283909505233169,-0.006031310651451349,-99.67637073698903,-0.002580170286819339,0.002580170286819339,0.5818023235666381
job_000011,Rwanda,116,116,3.8666666666666667,13,0.4783764435694768,13,0.11931423941400691,0.6979233900705973,0.3941760189512857,0.32534519317191274,0.09659883011389091,0.3076923076923077,0,,,,,,14759,0.021961933001875877,0.06774182617664337,-0.005236221011728048,-0.007803688291460276,-123.86133872788857,-0.03382619842886925,0.03382619842886925,0.42790568336630874
job_000011,Rwanda,117,117,3.9,13,0.4710269203552833,13,0.1129257992615459,0.6945191358908629,0.3946128069505392,0.3249378700526899,0.10363300614953046,0.3076923076923077,0,,,,,,15105,0.018804404884576797,0.05708866938948631,-0.0041533964686095715,-0.004340117797255516,-133.74061304272598,0.008853016421198845,0.0,0.319460928926489
job_000011,Rwanda,118,118,3.933333333333333,13,0.4760739505290985,13,0.11187798972958576,0.6944227426480024,0.39419274167117907,0.32459350895025607,0.10424623803409902,0.3076923076923077,0,,,,,,14899,0.009298204444348812,0.033702511340379715,-0.0020017256028950214,-0.0021406197920441628,-133.07957335216437,-0.0028172314632683992,0.0028172314632683992,0.3151927483517855
job_000011,Rwanda,119,119,3.966666666666667,13,0.4630890087439464,13,0.1067814972380802,0.6816338111192752,0.3632847072731735,0.30590555700619126,0.0986458845327573,0.3076923076923077,0,,,,,,14370,0.015584009699523449,0.05746801942586899,-0.004042235668748617,-0.002022028202190995,-153.42462670636098,0.027426069602370262,0.0,0.29002574802986186
job_000011,Rwanda,120,120,4.0,14,0.4106240134154047,14,0.1234578165848931,0.6711432002839589,0.41073748712186464,0.32332416491305715,0.08963187299410268,0.2857142857142857,0,,,,,,14427,0.011004160158336163,0.02943786047399044,-0.003065230790525675,-0.002096182433888316,-145.63341731558629,0.03360118716955185,0.0,0.33745763302949544
job_000011,Rwanda,121,121,4.033333333333333,13,0.4251098162852801,13,0.107259100253576,0.6929362272604919,0.40421858485947304,0.3261225431840973,0.10001623488747512,0.23076923076923078,0,,,,,,14225,0.005161488428711891,0.010809979401528835,0.0004624849243555218,-0.003950536251068115,-83.32283933680179,0.0010999843943864107,0.0,0.770614035557411
job_000011,Rwanda,122,122,4.066666666666666,12,0.4782060782114665,12,0.10019609264624717,0.6925020098686218,0.36212393678264854,0.31557180225850484,0.1143212662191234,0.3333333333333333,0,,,,,,13384,0.009103613905608654,0.02642548829317093,-0.0018930904334411025,-0.0025823579635471106,-126.24462077472761,0.02535419352352619,0.0,0.35172090247008053
job_000011,Rwanda,123,123,4.1,11,0.48648839647119696,11,0.09767249001517035,0.6957179777549974,0.4350613892680467,0.3311726885742292,0.12822638049617271,0.18181818181818182,0,,,,,,12942,0.010477364994585514,0.03547452390193939,-0.0011877469951286912,-0.0029416910838335752,-111.9870498852624,-0.033566076308488846,0.033566076308488846,0.30278857483837346
job_000011,Rwanda,124,124,4.133333333333334,12,0.46956270312269527,12,0.10816146718345497,0.7072829590903388,0.4174748694455182,0.3249404924750829,0.10903157063071545,0.25,0,,,,,,13397,0.005065576173365116,0.016215486451983452,-0.00043246737914159894,-0.0030471980571746826,-98.07764147306857,-0.02419489249587059,0.02419489249587059,0.6075781869326522
job_000011,Rwanda,125,125,4.166666666666667,10,0.516990914940834,10,0.09159577962287765,0.6668629693984985,0.40350575058548543,0.31943708336943294,0.1342022157157582,0.2,0,,,,,,12132,0.009003805927932262,0.021623719483613968,1.4543257748300675e-05,-0.007040705997496843,-89.88165020602332,-0.018909383565187454,0.018909383565187454,0.7819716544411315
job_000011,Rwanda,126,126,4.2,12,0.4686061814427376,12,0.09911481879560642,0.6926177276505364,0.3610013209743265,0.3152985343682041,0.1147794183716377,0.3333333333333333,0,,,,,,13231,0.0094450106844306,0.022123606875538826,9.115324064623564e-05,-0.006656091660261154,-89.21539999983277,-0.05559568852186203,0.05559568852186203,0.7047864753123773
job_000011,Rwanda,127,127,4.233333333333333,13,0.45261289408573735,13,0.10494515684613609,0.6811427324246137,0.36182823534365044,0.30486333202486643,0.09994878174157087,0.3076923076923077,0,,,,,,14099,0.009011895395815372,0.028449852019548416,0.00010919794294750318,-0.006866581737995148,-89.08891291873189,-0.006061065476387739,0.006061065476387739,0.7620427954977879
job_000011,Rwanda,128,128,4.266666666666667,13,0.41476115928246426,13,0.1081115889687485,0.6812381096375293,0.4262653801855538,0.32562112876453364,0.09133285154307981,0.23076923076923078,0,,,,,,12767,0.011977934278547764,0.027861611917614937,0.0007997889188118279,-0.006673814728856087,-83.16627273526461,0.03253912925720215,0.0,0.5611624695277275
job_000011,Rwanda,129,129,4.3,14,0.422274004135813,14,0.11568753738233581,0.7053722075053622,0.38382410321916854,0.3172421445921212,0.09593110440378379,0.2857142857142857,0,,,,,,15379,0.028973380103707314,0.08877360075712204,0.002536976942792535,-0.025299832224845886,-84.27372563771445,-0.015877939760684967,0.015877939760684967,0.877588789156229
job_000011,Rwanda,130,130,4.333333333333333,13,0.4144095778465271,13,0.1073224862023998,0.6984545035239977,0.3812554324114764,0.31223943437184887,0.09721411659629917,0.3076923076923077,0,,,,,,13088,0.004217979963868856,0.00949240941554308,0.0006566137890331447,-0.003033921355381608,-77.78815122789052,-0.0018417240353301167,0.0018417240353301167,0.735935642902087
job_000011,Rwanda,131,131,4.366666666666666,15,0.4026911665995916,15,0.1436520671295781,0.6831402513715956,0.42888146082560213,0.3121355011896174,0.07315198928515974,0.26666666666666666,0,,,,,,16277,0.01693011075258255,0.04312369227409363,0.002452431945130229,-0.012596247717738152,-78.9826029354239,0.03395204246044159,0.0,0.7579847541429678
job_000011,Rwanda,132,132,4.4,16,0.394335376098752,16,0.14961264673456348,0.6781694263219834,0.4063148198304353,0.31451961947057777,0.06806548586875369,0.25,0,,,,,,16360,0.014695284888148308,0.036811258643865585,0.00032109158928506076,-0.008475018665194511,-87.83028230536748,-0.023618198931217194,0.023618198931217194,0.5771306320192148
job_000011,Rwanda,133,133,4.433333333333334,16,0.4105148706585169,16,0.18875083265291862,0.6602857281764349,0.44796319383162037,0.33005386333859504,0.07477219415534525,0.25,0,,,,,,20375,0.005769816227257252,0.01367394719272852,-0.0007497883634641767,-0.0026918118819594383,-105.5648656600414,-0.0034825566690415144,0.0034825566690415144,0.48429374681446313
job_000011,Rwanda,134,134,4.466666666666667,14,0.4275673734290259,14,0.1375156992843433,0.6514961026963733,0.4302505254745484,0.3212143404220055,0.0852840123498001,0.21428571428571427,0,,,,,,15569,0.013729766011238098,0.04249829426407814,-0.0002373047173023224,-0.00535218371078372,-92.53871323988119,-0.04815085604786873,0.04815085604786873,0.39020635331798703
job_000011,Rwanda,135,135,4.5,14,0.419519451047693,14,0.16149621342041853,0.6432583036876861,0.4885383671553677,0.32907741649530475,0.0993116470687936,0.21428571428571427,0,,,,,,19715,0.013538421131670475,0.03825634345412254,-0.0008974255761131644,-0.003721577348187566,-103.55754133368394,-0.024583907797932625,0.024583907797932625,0.2827694310359791
job_000011,Rwanda,136,136,4.533333333333333,16,0.4225070271641016,16,0.20412509694055997,0.630954396724701,0.4885886313738647,0.34299550557839076,0.07599986433684529,0.1875,0,,,,,,19810,0.008140159770846367,0.022982023656368256,-0.0010886536911129951,-0.0034096180461347103,-107.70771307925187,-0.019399447366595268,0.019399447366595268,0.43969634817079956
job_000011,Rwanda,137,137,4.566666666666666,16,0.4292180258780718,16,0.2002540269989325,0.6552815109491348,0.5271412756707933,0.3382508238518504,0.08624583018783923,0.1875,0,,,,,,20124,0.014080307446420193,0.0354219488799572,-0.0005198679282329977,-0.00846041738986969,-93.51623721657495,0.007829535752534866,0.0,0.6020020909630373
job_000011,Rwanda,138,138,4.6,15,0.43438846866289776,15,0.20326910302968085,0.6361340067121717,0.49501460840672623,0.35229700100262545,0.08709632231999255,0.2,0,,,,,,19417,0.012584272772073746,0.03357700631022453,0.0012765699066221714,-0.005262057296931744,-76.36354773142465,-0.003863002872094512,0.003863002872094512,0.4302744397475727
job_000011,Rwanda,139,139,4.633333333333334,14,0.457094064780644,14,0.19060797932440718,0.6212234156472343,0.49093564300940784,0.359811610516364,0.07288528859964215,0.21428571428571427,0,,,,,,17735,0.0047247158363461494,0.01322722528129816,-0.000195222906768322,-0.0007837708108127117,-103.9867089722433,-0.004592108074575663,0.004592108074575663,0.17095592909521212
job_000011,Rwanda,140,140,4.666666666666667,12,0.46403250594933826,12,0.16363092018280934,0.6480923255284629,0.5139777619161724,0.3511952998845589,0.10913196532420984,0.25,0,,,,,,17094,0.00728473998606205,0.018335212022066116,0.0003000429423991591,-0.0014399142237380147,-78.22939194976513,-0.023027565330266953,0.023027565330266953,0.20190739404272706
job_000011,Rwanda,141,141,4.7,11,0.47050193494016473,11,0.1594397278580755,0.6265197349317148,0.5381894015302562,0.3489976846414543,0.12390852348751719,0.18181818181818182,0,,,,,,16394,0.007527564186602831,0.019447647035121918,0.0002985868195537478,-0.0002145417092833668,-35.69814145300828,-0.007500795181840658,0.007500795181840658,0.04884333862951825
job_000011,Rwanda,142,142,4.733333333333333,12,0.4827665525178115,12,0.16442097146965454,0.6511812925338745,0.5139481367888273,0.35043288320360266,0.10650793713411817,0.25,0,,,,,,17239,0.0044480133801698685,0.012994471937417984,-0.0003646961704362184,-0.0002996993134729564,-140.58738461510006,-0.003816245822235942,0.003816245822235942,0.10612407049304057
job_000011,Rwanda,143,143,4.766666666666667,13,0.45816288086084217,13,0.16642066457987648,0.6441455266414545,0.48085642295685255,0.3556550712042543,0.08554280689260281,0.23076923076923078,0,,,,,,17357,0.011210448108613491,0.031811367720365524,0.0007777306018397212,-0.001178136793896556,-56.56975821230942,-0.02538207732141018,0.02538207732141018,0.1259263577396789
job_000011,Rwanda,144,144,4.8,16,0.4099142272025347,16,0.18705704081858443,0.6639566858609517,0.4732078331488151,0.3578460605397525,0.09239360837394195,0.25,0,,,,,,19433,0.018288355320692062,0.05200468376278877,0.003113732673227787,-0.0006227078847587109,-11.30924862971804,-0.002704702550545335,0.002704702550545335,0.17362901676275824
job_000011,Rwanda,145,145,4.833333333333333,13,0.4629630366196999,13,0.16733885773143642,0.6770380448072385,0.525393678388025,0.35039196369994174,0.12336818805020117,0.23076923076923078,0,,,,,,17423,0.011129208840429783,0.03425273299217224,0.0007555193151347339,-0.0010240994160994887,-53.58231215571468,0.0034617120400071144,0.0,0.11435051472018853
job_000011,Rwanda,146,146,4.866666666666666,10,0.5429718285799027,10,0.10746621327943519,0.6881007909774781,0.4532498582204184,0.339049306253281,0.13365787605168747,0.3,0,,,,,,14067,0.02013588324189186,0.057650815695524216,6.232421583263204e-05,-0.011471390724182129,-89.68871434334568,-0.025036592036485672,0.025036592036485672,0.569707317492115
job_000011,Rwanda,147,147,4.9,13,0.4476650529182874,13,0.16866916542069377,0.6623725426502716,0.4756604786951657,0.35915672599274995,0.09973696990743754,0.3076923076923077,0,,,,,,17603,0.018369553610682487,0.05852154642343521,0.0006004000315442681,-0.007225946057587862,-85.25023454132068,-0.0197602566331625,0.0197602566331625,0.3947208934978348
job_000011,Rwanda,148,148,4.933333333333334,13,0.450787005516199,13,0.17501894917491073,0.6924081936860697,0.47927100407092316,0.35622605666688273,0.09630901742604354,0.3076923076923077,0,,,,,,18656,0.01303075160831213,0.04534922540187836,0.0012825749581679702,-0.005386717617511749,-76.6072692773198,-0.019425390288233757,0.019425390288233757,0.42494118756009264
job_000011,Rwanda,149,149,4.966666666666667,12,0.44856081778804463,12,0.15729885833749713,0.6761122968461778,0.4661604454487929,0.3579149684245926,0.09107565044638836,0.3333333333333333,0,,,,,,17401,0.021218448877334595,0.0585528239607811,-0.00012175534357083961,-0.0020782307256013155,-93.35290122089559,-0.01796218566596508,0.01796218566596508,0.09811246171680839
job_000011,Rwanda,150,150,5.0,13,0.43084120406554294,13,0.1561010051432243,0.6897983661064735,0.44137238858432176,0.33619036244339745,0.12455769963945247,0.3076923076923077,0,,,,,,20315,0.029818348586559296,0.07609306275844574,0.0012571237748488784,-0.016613328829407692,-85.67269851639583,-0.015210825949907303,0.015210825949907303,0.5587440199859254
job_000011,Rwanda,151,151,5.033333333333333,12,0.44763369982441265,12,0.15241081267651838,0.6814393083254496,0.4734903550442355,0.32712465778108657,0.13407731316199048,0.25,0,,,,,,19777,0.01276452373713255,0.03190029039978981,0.0013331295922398567,-0.00811454001814127,-80.67027754786433,0.003914401866495609,0.0,0.6442324300434659
job_000011,Rwanda,152,152,5.066666666666666,13,0.4379214816368543,13,0.1501362684470425,0.6701537120036589,0.5059625465306122,0.3376948512806958,0.12018109122203918,0.23076923076923078,0,,,,,,18056,0.024128342047333717,0.054841820150613785,0.0017760386690497398,-0.013715029694139957,-82.62149843080296,-0.05935918912291527,0.05935918912291527,0.573166044530715
job_000011,Rwanda,153,153,5.1,12,0.4634403275946776,12,0.14002672301676847,0.6547436846627129,0.511784871124927,0.3465224230886936,0.1161002840780852,0.25,0,,,,,,16675,0.009444954805076122,0.02810870110988617,-0.0016145040281116962,0.0012800015974789858,141.59212220941,0.0009550789254717529,0.0,0.21814253817833337
job_000011,Rwanda,154,154,5.133333333333334,12,0.48601824293533963,12,0.14031984627826058,0.6548573321766323,0.5115440115516569,0.3463938775396687,0.11577012368639612,0.25,0,,,,,,16717,0.005121780093759298,0.01541069708764553,-0.0011037671938538551,0.001535379677079618,125.7119333191247,0.004471952561289072,0.0,0.3691978560256896
job_000011,Rwanda,155,155,5.166666666666667,11,0.523308823054487,11,0.13631565488304467,0.6731107177156391,0.519171849324647,0.354836623883021,0.10426873316492453,0.2727272727272727,0,,,,,,16047,0.011385628953576088,0.03019772283732891,-0.004760736599564552,0.00045957122347317636,174.4861150993791,0.018715282902121544,0.0,0.420079314223985
job_000011,Rwanda,156,156,5.2,13,0.4415117891935202,13,0.19691637815068572,0.6847722188020362,0.5063670000799021,0.3615795009909417,0.09180958011091607,0.3076923076923077,0,,,,,,19708,0.01464543305337429,0.043957486748695374,-0.006153973285108805,-0.0003090224927291274,-177.12530030715362,0.0032761613838374615,0.0,0.42072686947274174
job_000011,Rwanda,157,157,5.233333333333333,14,0.4284318493945258,14,0.1973814437690017,0.6544047775722684,0.48626465847883266,0.3644346610824127,0.09488360106023071,0.2857142857142857,0,,,,,,22517,0.008161785081028938,0.024252234026789665,-0.004155395086854696,0.0008755865856073797,168.10122126602562,-0.014263304881751537,0.014263304881751537,0.5203078746339426
job_000011,Rwanda,158,158,5.266666666666667,16,0.4167351685464382,16,0.21600016299208943,0.6551360378662746,0.48944830408802736,0.3486861544054486,0.09474123044718011,0.25,0,,,,,,24692,0.017473513260483742,0.052227552980184555,-0.007350186351686716,-0.0016433036653324962,-167.39745826392786,-0.026843925938010216,0.026843925938010216,0.43103213116177846
job_000011,Rwanda,159,159,5.3,16,0.4190854700282216,16,0.2111005176410685,0.6595432758331299,0.4744760433832804,0.34641133587702355,0.10498036843765363,0.25,0,,,,,,24470,0.01694171316921711,0.0497685968875885,-0.007856537587940693,-0.003578325966373086,-155.51270948705735,0.02742401324212551,0.0,0.5095737752525351
job_000011,Rwanda,160,160,5.333333333333333,15,0.4278963843981425,15,0.19779468134583392,0.6682276969485812,0.44741621464858816,0.33978969541657805,0.11523729274268944,0.26666666666666666,0,,,,,,24408,0.009875627234578133,0.032199736684560776,-0.0036697627510875463,-0.004265405237674713,-130.70722154654578,-0.002820671768859029,0.002820671768859029,0.5697660018890941
job_000011,Rwanda,161,161,5.366666666666666,16,0.4193591149523854,16,0.20826822227901343,0.6921272029479345,0.48344563996350326,0.32723613346187275,0.11708037741041198,0.1875,0,,,,,,24508,0.023103848099708557,0.07553033530712128,-0.007720827125012875,-0.010835778899490833,-125.47104586576178,-0.053310200572013855,0.053310200572013855,0.5758817548074477
job_000011,Rwanda,162,162,5.4,14,0.4365232437849045,14,0.19509275793034495,0.6680509045010521,0.5292962452721974,0.35381685031272886,0.1180567240298449,0.2857142857142857,0,,,,,,22228,0.016667701303958893,0.05000095069408417,-0.0067370072938501835,-0.0064451443031430244,-136.2683654643331,-0.052092548459768295,0.052092548459768295,0.5593736666008333
job_000011,Rwanda,163,163,5.433333333333334,15,0.42564215858777366,15,0.2046824577896032,0.6505168999565973,0.4994785775078669,0.3373845490146103,0.11025046800954683,0.26666666666666666,0,,,,,,23642,0.01145863439887762,0.040457114577293396,-0.0026762455236166716,-0.006254562176764011,-113.165450005473,-0.023321233689785004,0.023321233689785004,0.5937073651536182
job_000011,Rwanda,164,164,5.466666666666667,15,0.4055997242530187,15,0.20473901290560778,0.6591210979885525,0.5185803465195644,0.34546103248081794,0.12181318354761389,0.26666666666666666,0,,,,,,23244,0.01406693086028099,0.04415299743413925,-0.006615070626139641,-0.004860561806708574,-143.6926346385038,0.0009266819106414914,0.0,0.5835522547153774
job_000011,Rwanda,165,165,5.5,14,0.4301374554634094,14,0.19518033598176254,0.6586880263828097,0.4714072308212361,0.3316818904687027,0.12053262610866151,0.21428571428571427,0,,,,,,23781,0.015807973220944405,0.052421823143959045,-0.0033383043482899666,-0.007394358515739441,-114.29757638537494,-0.020023278892040253,0.020023278892040253,0.5132221978391556
job_000011,Rwanda,166,166,5.533333333333333,16,0.4065709449350834,16,0.2112470936690088,0.6712447235981623,0.5086886650986141,0.33913727274429645,0.12170512957871243,0.25,0,,,,,,24283,0.007286982610821724,0.02322079800069332,-0.002151405904442072,-0.0031440318562090397,-124.3831525531265,-0.0074787684716284275,0.0074787684716284275,0.522803036416629
job_000011,Rwanda,167,167,5.566666666666666,16,0.40909083653241396,16,0.17261894508013445,0.6929921925067903,0.5418298262136954,0.327654576115891,0.10129069671533618,0.3125,0,,,,,,17830,0.017503807321190834,0.06354908645153046,-0.005415936466306448,-0.010065613314509392,-118.28306125007873,-0.03672417625784874,0.03672417625784874,0.6530108839748137
job_000011,Rwanda,168,168,5.6,15,0.4419181734323502,15,0.16298153932758677,0.6819185129801432,0.551537449683672,0.331650579244949,0.09903809674121329,0.3333333333333333,0,,,,,,16513,0.014546124264597893,0.053218986839056015,-0.004509393125772476,-0.00808627437800169,-119.1466672068735,0.004878702107816935,0.0,0.6365023605833162
job_000011,Rwanda,169,169,5.633333333333334,14,0.42629526236227583,14,0.14853975927568283,0.6924616813659669,0.5285074746167218,0.32872999664216634,0.10983144740513737,0.2857142857142857,0,,,,,,16282,0.008330151438713074,0.02657478116452694,-0.0013598990626633167,-0.004965523257851601,-105.31594731043842,0.017385363578796387,0.0,0.618040769785972
job_000011,Rwanda,170,170,5.666666666666667,15,0.4212004611889521,15,0.1668076595807136,0.6813000191582574,0.5504418832284432,0.3309198727932755,0.09841526178388108,0.3333333333333333,0,,,,,,16659,0.011292231269180775,0.03452878072857857,-0.0014055459760129452,-0.0048996456898748875,-106.0064309845847,-0.016251759603619576,0.016251759603619576,0.45139553133961713
job_000011,Rwanda,171,171,5.7,14,0.4316856563091278,14,0.13603188562573462,0.6949866737638201,0.5305417139063436,0.3290399308284652,0.10939184573838323,0.35714285714285715,0,,,,,,15389,0.014455881901085377,0.03976203873753548,0.003927054814994335,-0.008516197092831135,-65.24426198368496,-0.04819398745894432,0.04819398745894432,0.6487342734356765
job_000011,Rwanda,172,172,5.733333333333333,15,0.44542429546515144,15,0.13929650063616678,0.7051691850026448,0.5170094657238617,0.32212941896933367,0.1086742295111458,0.3333333333333333,0,,,,,,15948,0.011774672195315361,0.03313122317194939,0.001932451967149973,-0.009020364843308926,-77.90817836154561,-0.05276414006948471,0.05276414006948471,0.7834646500916514
job_000011,Rwanda,173,173,5.766666666666667,15,0.45205198725064594,15,0.13923655276872096,0.7055042552947998,0.5166235488138081,0.322346678737121,0.10837826093942146,0.3333333333333333,0,,,,,,15901,0.02402344159781933,0.06906513124704361,0.005358478985726833,-0.020353393629193306,-75.25032212437023,-0.07350855320692062,0.07350855320692062,0.8761003603936521
job_000011,Rwanda,174,174,5.8,19,0.35576022377139643,19,0.2051941193043963,0.6613697294603313,0.5092630912453575,0.3232240299161015,0.06975804506046668,0.3157894736842105,0,,,,,,18403,0.02412160113453865,0.08103185892105103,0.002486307406798005,-0.019476119428873062,-82.72501157585357,-0.03818919137120247,0.03818919137120247,0.8139666211825156
job_000011,Rwanda,175,175,5.833333333333333,15,0.4323823541402817,15,0.16286899286795323,0.7037725533379449,0.5120208047937463,0.31952363608393125,0.10363521797895976,0.3333333333333333,0,,,,,,17165,0.01090261247009039,0.03774869814515114,0.0006278467481024563,-0.009201418608427048,-86.0965479642049,-0.02260734513401985,0.02260734513401985,0.8459269656441684
job_000011,Rwanda,176,176,5.866666666666666,16,0.42474715039134026,16,0.1600729587000266,0.6882454345623653,0.5067538815516013,0.316007217334802,0.09764113280139752,0.3125,0,,,,,,17570,0.022166267037391663,0.08506998419761658,-0.00187553686555475,-0.01726342923939228,-96.20042084316192,0.020656540989875793,0.0,0.7833981050606476
job_000011,Rwanda,177,177,5.9,16,0.4342237804085016,16,0.15891019566667425,0.6881671915451687,0.5064661165078481,0.3163123141956453,0.09786534115048916,0.3125,0,,,,,,17771,0.022140920162200928,0.08182492852210999,-0.0028011922258883715,-0.01767217554152012,-99.00694093870106,0.03140382468700409,0.0,0.8081328482671085
job_000011,Rwanda,178,178,5.933333333333334,16,0.44725082255899906,16,0.15709734398382733,0.6878540019194284,0.5060128989043059,0.3164018842792456,0.09820186431380393,0.3125,0,,,,,,17607,0.01186386402696371,0.040867872536182404,-0.001827180851250887,-0.00995432585477829,-100.40122602172606,0.015575726516544819,0.0,0.8530637258435573
job_000011,Rwanda,179,179,5.966666666666667,18,0.395787732468711,18,0.15235957995385782,0.6730781069508305,0.47162706685164335,0.32115512835809995,0.08029309332805193,0.2777777777777778,0,,,,,,17058,0.030113553628325462,0.10141801089048386,-0.002770185936242342,-0.013933678157627583,-101.24448203846629,0.1375006139278412,0.0,0.47176042875730856
job_000011,Rwanda,180,180,6.0,15,0.430913457274437,15,0.12729710001134753,0.6996614339616564,0.5034286621470511,0.3257272592355269,0.09516800167358426,0.3333333333333333,0,,,,,,14158,0.022523606196045876,0.06218663975596428,0.0016080801142379642,-0.014118214137852192,-83.5019518745536,-0.0672101080417633,0.0672101080417633,0.6308714484385318
job_000011,Rwanda,181,181,6.033333333333333,14,0.45715643571955816,14,0.11156101971291606,0.6761616343543643,0.4358410307969996,0.3238065889967143,0.07022297784393873,0.2857142857142857,0,,,,,,12423,0.012483377009630203,0.038641080260276794,8.50852084113285e-05,-0.008076733909547329,-89.3964338719615,-0.0416422002017498,0.0416422002017498,0.6470350178842211
job_000011,Rwanda,182,182,6.066666666666666,16,0.4182717064395547,16,0.15735516814852338,0.6559942762056987,0.47071314321623914,0.319981165735598,0.07401433603410588,0.3125,0,,,,,,17464,0.02467634156346321,0.07651439309120178,-0.0038249902427196503,-0.012913837097585201,-106.49892897185144,0.10938496142625809,0.0,0.5458020489798944
job_000011,Rwanda,183,183,6.1,16,0.4446115829050541,16,0.14684847909619286,0.6764710962772369,0.4535399602519141,0.3229063832275216,0.05854650443305453,0.3125,0,,,,,,15442,0.025079254060983658,0.08674956113100052,0.0009888773784041405,-0.01797352358698845,-86.85084372272765,-0.08263690769672394,0.08263690769672394,0.7177528602889549
job_000011,Rwanda,184,184,6.133333333333334,15,0.47173636555671694,15,0.14204885032016687,0.6653811581929524,0.4616728933357898,0.3277733941486499,0.06790076070476679,0.3333333333333333,0,,,,,,15548,0.011669564060866833,0.0451156422495842,0.0017511004116386175,-0.007846801541745663,-77.41994337335831,-0.007949801161885262,0.007949801161885262,0.6889560155899047
job_000011,Rwanda,185,185,6.166666666666667,13,0.5003868547769693,13,0.12936837881660868,0.6490160880944669,0.44752006286229845,0.33558477688274124,0.07945395975257542,0.3076923076923077,0,,,,,,15439,0.017492014914751053,0.050807200372219086,0.00514642708003521,-0.007877782918512821,-56.844069689260216,-0.05172685533761978,0.05172685533761978,0.5379508676464745
job_000011,Rwanda,186,186,6.2,12,0.5317832405368487,12,0.1282348010333904,0.6630443308088514,0.4772282832934532,0.3285335215561301,0.08850158695521027,0.3333333333333333,0,,,,,,15275,0.01570955105125904,0.0399974100291729,0.004879123065620661,-0.005921353120356798,-50.51189181836545,-0.15771743655204773,0.15771743655204773,0.4884013356528047
job_000011,Rwanda,187,187,6.233333333333333,13,0.48040014734634984,13,0.13367834766749576,0.6775317888993483,0.46451035795728035,0.3218351305385786,0.08728137316911698,0.3076923076923077,0,,,,,,15844,0.008545762859284878,0.02749512530863285,0.002180527662858367,-0.003470921888947487,-57.861842799367864,-0.04904794692993164,0.04904794692993164,0.4796557426947479
job_000011,Rwanda,188,188,6.266666666666667,14,0.4870798790029117,14,0.13340644927366718,0.6709856850760324,0.4369773155797727,0.32535615197280493,0.06985749143722539,0.2857142857142857,0,,,,,,15795,0.013859597966074944,0.04610472917556763,0.002153502544388175,-0.005692228674888611,-69.27720341021316,-0.08916293829679489,0.08916293829679489,0.43911596917282075
job_000011,Rwanda,189,189,6.3,12,0.5039518090585867,12,0.1243315325634323,0.6646999677022298,0.4766686174604627,0.32710934617462833,0.08686733879684348,0.3333333333333333,0,,,,,,14726,0.015878185629844666,0.051509253680706024,0.0025503351353108883,-0.004684790503233671,-61.43673895760571,-0.04305294156074524,0.04305294156074524,0.3359320888722372
job_000011,Rwanda,190,190,6.333333333333333,12,0.4962088093161583,12,0.12718583367434433,0.6647835254669189,0.47592469233053697,0.3272852243367499,0.08656406058861033,0.3333333333333333,0,,,,,,14977,0.009428511373698711,0.02828720025718212,0.0011725758668035269,-0.004041665233671665,-73.82139512520142,-0.009912344627082348,0.009912344627082348,0.4463402511928893
job_000011,Rwanda,191,191,6.366666666666666,12,0.49601548661788303,12,0.116358678677945,0.6659765018357171,0.4786048170960979,0.32956045487801605,0.0894869922206702,0.3333333333333333,0,,,,,,13983,0.02003416046500206,0.06277451664209366,0.0019558912608772516,-0.010934325866401196,-79.85840369319651,-0.014468461275100708,0.014468461275100708,0.5544469797001516
job_000011,Rwanda,192,192,6.4,14,0.4771428129502705,14,0.12549408126116085,0.6754131884801956,0.43543089407461666,0.32859182153892325,0.07567567710375978,0.2857142857142857,0,,,,,,15059,0.022966239601373672,0.07729659229516983,-9.594752555130981e-06,-0.016977299004793167,-90.03238081441565,-0.021604878827929497,0.021604878827929497,0.739228624742892
job_000011,Rwanda,193,193,6.433333333333334,15,0.4669632693131765,15,0.13038200792245783,0.6694942516750759,0.41240827866542484,0.329802552360069,0.07290449881555153,0.26666666666666666,0,,,,,,15634,0.010839064605534077,0.035489119589328766,0.000353635405190289,-0.00874541886150837,-87.68441239575405,0.029267361387610435,0.0,0.8075019546887574
job_000011,Rwanda,194,194,6.466666666666667,12,0.4636935790379842,12,0.11277818658730313,0.6659072293175591,0.4253539603433491,0.32618326751043686,0.09296656509694208,0.25,0,,,,,,14884,0.020329495891928673,0.06536254286766052,0.0010165510466322303,-0.015739360824227333,-86.30459581690937,0.023102212697267532,0.0,0.7758261448388758
job_000011,Rwanda,195,195,6.5,13,0.45768407445687515,13,0.12032620848795718,0.64336424607497,0.42038903249974263,0.31769684920593944,0.07929420518181717,0.23076923076923078,0,,,,,,15110,0.017006704583764076,0.056086424738168716,0.0016242932761088014,-0.011665552854537964,-82.07318996392235,-0.05262751132249832,0.05262751132249832,0.6925558081932566
job_000011,Rwanda,196,196,6.533333333333333,12,0.4829947116474311,12,0.11527012079019591,0.6613575988345676,0.4212672504377953,0.32502155431640123,0.0947535987691727,0.25,0,,,,,,15384,0.008266601711511612,0.026619018986821175,0.0014163862215355039,-0.005471345968544483,-75.48625972738277,-0.023110678419470787,0.023110678419470787,0.6836794412962517
job_000011,Rwanda,197,197,6.566666666666666,11,0.46628657389770856,11,0.11052787334937611,0.6443988539955833,0.4325114494220977,0.33176715769829573,0.10266680026716943,0.2727272727272727,0,,,,,,14719,0.014806373976171017,0.04717887565493584,0.0022461439948529005,-0.00857314933091402,-75.31863265790271,-0.07682349532842636,0.07682349532842636,0.5985603398775873
job_000011,Rwanda,198,198,6.6,13,0.40923872590065,13,0.1196179267566895,0.6724630368061556,0.3662401079791903,0.3326188344990976,0.08980333308397535,0.3076923076923077,0,,,,,,14964,0.01222208235412836,0.03720966354012489,0.0031543439254164696,-0.007885150611400604,-68.19681354693967,0.029708106070756912,0.0,0.6948629725060511
job_000011,Rwanda,199,199,6.633333333333334,13,0.3984927913317314,13,0.11373231435095982,0.6787251386886987,0.3607756549476558,0.32333528109097726,0.07806619436854345,0.3076923076923077,0,,,,,,13138,0.007745834067463875,0.019821731373667717,0.00124793266877532,-0.004655295982956886,-74.99368592428672,0.04152184724807739,0.0,0.6222260053508144
job_000011,Rwanda,200,200,6.666666666666667,12,0.4282624622186025,12,0.10523685072052799,0.6838783608542549,0.3840658944330097,0.3221390855008702,0.08700196266054307,0.25,0,,,,,,12722,0.012530454434454441,0.03335414081811905,0.0024657524190843105,-0.005463029723614454,-65.70784187024013,-0.0002996429393533617,0.0002996429393533617,0.47833187560502854
job_000011,Rwanda,201,201,6.7,11,0.41469531709497626,11,0.09972117253506664,0.6875337441762288,0.40886136867381917,0.3253847603903365,0.09081288284979067,0.2727272727272727,0,,,,,,12123,0.007021823897957802,0.01873577944934368,0.0007733763777650893,-0.003145952243357897,-76.188726156153,-0.017941417172551155,0.017941417172551155,0.46136421500648916
job_000011,Rwanda,202,202,6.733333333333333,11,0.39163648133928125,11,0.13422177883232822,0.6642309867974483,0.3593154476949261,0.31849079730057567,0.11404591576336136,0.18181818181818182,0,,,,,,18036,0.0033055287785828114,0.011127486824989319,0.0004297469276934862,-0.0003332779451739043,-37.79434407933428,0.031860899180173874,0.0,0.16452287409126382
job_000011,Rwanda,203,203,6.766666666666667,13,0.39709332012213194,13,0.15844815477260668,0.6772603731888991,0.32965130792384134,0.30680224262255185,0.09866639774052802,0.23076923076923078,0,,,,,,19629,0.006951427552849054,0.02173876203596592,0.0019556554034352303,0.0007167484727688134,20.127905198254854,0.018793627619743347,0.0,0.29963090903106593
job_000011,Rwanda,204,204,6.8,12,0.4200003060201804,12,0.10885199025665417,0.704115499390496,0.3371450789180803,0.3039392355270191,0.09226328015277986,0.25,0,,,,,,12984,0.010082661174237728,0.03032940812408924,0.0022414580453187227,-4.412506677908823e-05,-1.1277719845521772,0.000796653563156724,0.0,0.22235125080761375
job_000011,Rwanda,205,205,6.833333333333333,12,0.4203560824195544,12,0.11006285857755475,0.7045278456476,0.33732030038480404,0.30416598365215397,0.09286029206554042,0.25,0,,,,,,13154,0.003961498849093914,0.012281302362680435,0.0008660431485623121,0.0001564753765705973,10.241624392947989,0.011494215577840805,0.0,0.22215467688291596
job_000011,Rwanda,206,206,6.866666666666666,13,0.3924214496062352,13,0.12630928696939436,0.6914551319220128,0.37711560447671133,0.3270279786619753,0.09272296610334924,0.23076923076923078,0,,,,,,15126,0.008566747419536114,0.027459699660539627,0.0008491494227200747,-0.0011338178301230073,-53.16938341982485,0.03495994210243225,0.0,0.16535380130455374
job_000011,Rwanda,207,207,6.9,12,0.42294030512372655,12,0.11981584848214868,0.6803354289796618,0.39194240128552466,0.3337539345538031,0.10116280327801896,0.25,0,,,,,,15142,0.009273877367377281,0.026036955416202545,-0.00017886148998513818,-0.0029771330300718546,-93.43810815327176,0.02706662006676197,0.0,0.3216023817795906
job_000011,Rwanda,208,208,6.933333333333334,13,0.40104007033201367,13,0.12755938371192135,0.6921896433218933,0.37683208443840005,0.3271714574786851,0.09236109227342618,0.23076923076923078,0,,,,,,15248,0.00532195158302784,0.016968246549367905,-0.0005478885141201317,-0.0015327325090765953,-109.66986994682559,-0.006912804674357176,0.006912804674357176,0.30584895978364224
job_000011,Rwanda,209,209,6.966666666666667,11,0.43727949261665344,11,0.10447210895535619,0.6950024301355534,0.3479481507632066,0.31434981939844936,0.10419886254449372,0.2727272727272727,0,,,,,,13365,0.013146130368113518,0.039610423147678375,-0.0016722450964152813,-0.004046618938446045,-112.45261687861145,-0.00976166594773531,0.00976166594773531,0.3330661024209881
job_000011,Rwanda,210,210,7.0,10,0.4356425851583481,10,0.10418149123177388,0.7252761363983155,0.37756906933254664,0.32110471307153915,0.14286826566128016,0.2,0,,,,,,13465,0.005116709973663092,0.015179885551333427,0.0023087048903107643,-0.0005044828285463154,-12.326146520042478,0.01191630493849516,0.0,0.46185543558616365
job_000011,Rwanda,211,211,7.033333333333333,12,0.42059893657763797,12,0.13142616816821828,0.7152080655097962,0.38537669446733264,0.3317587021935074,0.11549311815814482,0.25,0,,,,,,17031,0.00599236786365509,0.016724856570363045,-0.0006526990327984095,-0.002240922302007675,-106.23891744210876,0.02112755738198757,0.0,0.38950233919366145
job_000011,Rwanda,212,212,7.066666666666666,10,0.4424164205789566,10,0.10593782777820897,0.7253890800476074,0.3779154547938594,0.32043804232190054,0.1437087919385106,0.2,0,,,,,,13762,0.006247242446988821,0.018612364307045937,0.0017985502490773797,-0.0007443616632372141,-22.483078316809106,0.01932709664106369,0.0,0.3115772664392645
job_000011,Rwanda,213,213,7.1,11,0.42548761720007117,11,0.1161268291021267,0.7217805515636098,0.41333562645446575,0.32605073347774444,0.12182039180857261,0.18181818181818182,0,,,,,,15173,0.009863147512078285,0.028596023097634315,0.00010142033715965226,-0.001034246408380568,-84.39936403554371,-0.0012249872088432312,0.0012249872088432312,0.1053626393946908
job_000011,Rwanda,214,214,7.133333333333334,10,0.4404097765684128,10,0.10639970189415719,0.7253582604726156,0.3776875838526973,0.3212667948243908,0.1436437325328866,0.2,0,,,,,,13778,0.002840399043634534,0.008501204662024975,0.0011955768568441272,0.0002412579342490062,11.40862750674831,0.01870786026120186,0.0,0.42940302631029503
job_000011,Rwanda,215,215,7.166666666666667,11,0.4234836995601654,11,0.10960943139279905,0.7174089764103745,0.34841233632379914,0.3210347080256323,0.13307875298256805,0.2727272727272727,0,,,,,,13877,0.005339543800801039,0.016098186373710632,0.0022262325510382652,0.0006996489828452468,17.44662381812889,0.02553250826895237,0.0,0.43703831762821105
job_000011,Rwanda,216,216,7.2,13,0.3952764169527934,13,0.17133559805790108,0.675136432892237,0.37921843202705063,0.34351037863203954,0.12724487709077692,0.23076923076923078,0,,,,,,22066,0.0038339837919920683,0.009573614224791527,0.0003531776019372046,0.0011124915909022093,72.3871569540493,-0.01440285425633192,0.01440285425633192,0.30443709937436364
job_000011,Rwanda,217,217,7.233333333333333,12,0.3972749461730321,12,0.15641837687585697,0.687403905391693,0.34013383800600777,0.32478838674612065,0.13705233032074224,0.25,0,,,,,,20092,0.0020667589269578457,0.006091744638979435,0.00040096460725180805,0.000732057262212038,61.289465247233984,-0.0048185307532548904,0.0048185307532548904,0.4038564190671732
job_000011,Rwanda,218,218,7.266666666666667,12,0.4096345541377862,12,0.1148572614005631,0.7268807358211942,0.335859958919478,0.31174010901688093,0.12056191155831286,0.25,0,,,,,,13787,0.007659556809812784,0.025928311049938202,0.001801948994398117,-0.00022823894687462598,-7.218772792710876,0.05948944389820099,0.0,0.23713462230165758
job_000011,Rwanda,219,219,7.3,12,0.41068247084816295,12,0.1129190399869358,0.7264714201291403,0.3355321508866769,0.3119558187206819,0.12013437036285023,0.25,0,,,,,,13381,0.008818108588457108,0.026397420093417168,0.002769522136077285,-0.0024645188823342323,-41.664974792772284,0.0391346700489521,0.0,0.4204194583381605
job_000011,Rwanda,220,220,7.333333333333333,12,0.3830211895207564,12,0.1134515585180854,0.7267025060123866,0.3360217797903367,0.3118635996331403,0.12007623545459546,0.25,0,,,,,,13571,0.004800948314368725,0.015314718708395958,0.0014125792076811194,-0.0013915704330429435,-44.57074630359014,-0.00466130068525672,0.00466130068525672,0.4130202502770991
job_000011,Rwanda,221,221,7.366666666666666,10,0.41350734382867815,10,0.10163291717520168,0.6842843723297121,0.30019683519999185,0.2987447542462993,0.09961106441564258,0.3,0,,,,,,12366,0.011661515571177006,0.03744342550635338,0.0036282369401305914,-0.0062570152804255486,-59.891967531975794,-0.06000078096985817,0.06000078096985817,0.6202337481566491
job_000011,Rwanda,222,222,7.4,10,0.4179835632443428,10,0.10853909327971777,0.6805871486663818,0.3728446805035627,0.3192883191619627,0.10498983992224087,0.2,0,,,,,,13532,0.010321537964046001,0.0316675640642643,0.0038386303931474686,-0.004551640711724758,-49.8573596637106,-0.032343097031116486,0.032343097031116486,0.5768715477731056
job_000011,Rwanda,223,223,7.433333333333334,9,0.4367639472087224,9,0.0728283590405552,0.6992793577688711,0.3266004393620746,0.2970999831788071,0.12519523965299983,0.2222222222222222,0,,,,,,9775,0.004200042225420475,0.012797125615179539,0.0012562352931126952,-0.0013010092079639435,-46.00306961697038,-0.0016962825320661068,0.0016962825320661068,0.430596163336595
job_000011,Rwanda,224,224,7.466666666666667,8,0.4577207379043102,8,0.04768472936801791,0.7317168752352396,0.2775360522446809,0.26021846535807985,0.148237756080371,0.25,0,,,,,,6406,0.013326308690011501,0.040464311838150024,0.005203709937632084,-0.004448169842362404,-40.52406749339625,0.04851707071065903,0.0,0.5137047374329979
job_000011,Rwanda,225,225,7.5,8,0.4227810725569725,8,0.048834794440355586,0.7321041921774546,0.27621927084746184,0.260062876479831,0.14887298350646788,0.25,0,,,,,,6546,0.012354674749076366,0.038640737533569336,0.009216678328812122,-0.0029625114984810352,-17.818932580790243,-0.06374677270650864,0.06374677270650864,0.7835978624649164
job_000011,Rwanda,226,226,7.533333333333333,9,0.380277403526836,9,0.07592384924084535,0.7048879181897197,0.24508730433114762,0.2517896061310176,0.11739884293012737,0.3333333333333333,0,,,,,,9159,0.004549081902951002,0.014524353668093681,0.002666304586455226,1.591999171068892e-05,0.34209801094866044,0.019459908828139305,0.0,0.5861297225503419
job_000011,Rwanda,227,227,7.566666666666666,11,0.38662452724846924,11,0.14497019584863508,0.7095860148921158,0.3011889659997189,0.2961705082610864,0.10157980920875449,0.2727272727272727,0,,,,,,16878,0.012140139937400818,0.038502391427755356,0.000956043426413089,-0.003212941577658057,-73.42909149275464,-0.03494042530655861,0.03494042530655861,0.2761224647615687
job_000011,Rwanda,228,228,7.6,7,0.4218537573303495,7,0.05749760621751417,0.7196502844492595,0.29459721651026805,0.2651374297788783,0.1770948571563937,0.2857142857142857,0,,,,,,7761,0.005459940992295742,0.01797715201973915,0.001563587924465537,-0.00023881166998762637,-8.683854505492947,-0.013220329768955708,0.013220329768955708,0.2896954415698834
job_000011,Rwanda,229,229,7.633333333333334,7,0.4184136518410274,7,0.05685051423868302,0.719616040729341,0.29545823354569695,0.2650621202717236,0.17773901646686957,0.2857142857142857,0,,,,,,7725,0.0021696723997592926,0.007027759682387114,0.0001974033802980557,-0.0005067969905212522,-68.71850208271768,-0.008769086562097073,0.008769086562097073,0.2506762585201312
job_000011,Rwanda,230,230,7.666666666666667,9,0.3736189686589771,9,0.0734468839693889,0.7051488134596083,0.2460789951277368,0.25303421853313074,0.11936248045309664,0.3333333333333333,0,,,,,,8902,0.006815587170422077,0.020380139350891113,0.000906446308363229,-0.0021222021896392107,-66.87144465256542,-0.07354972511529922,0.07354972511529922,0.33858858460305347
job_000011,Rwanda,231,231,7.7,9,0.3666568630271488,9,0.08735430994746922,0.6808815567581742,0.3174894493793754,0.29542340158874186,0.08777408372898478,0.2222222222222222,0,,,,,,8734,0.006264062598347664,0.01986352540552616,0.0016189290909096599,-0.003514996962621808,-65.27025839555301,-0.04935801401734352,0.04935801401734352,0.617794140312868
job_000011,Rwanda,232,232,7.733333333333333,8,0.4307614713907242,8,0.06260969553770764,0.7115405321121216,0.267926526511157,0.259682358047314,0.14341208804653616,0.25,0,,,,,,8601,0.003143537091091275,0.00933387503027916,0.0005651179235428572,-0.0005734828882850707,-45.42092764027291,-0.04915119335055351,0.04915119335055351,0.2561236146047306
job_000011,Rwanda,233,233,7.766666666666667,8,0.3968947473913431,8,0.06229597657496251,0.7113060037295024,0.2677473651038276,0.2598303285794588,0.14234772889256053,0.25,0,,,,,,8487,0.007095199543982744,0.01975543238222599,0.0007268459303304553,-0.0021216359455138445,-71.08918164435912,-0.0629376471042633,0.0629376471042633,0.31608509219065506
job_000011,Rwanda,234,234,7.8,9,0.4519872185256746,9,0.09285461745571444,0.6888226526754875,0.32207115942558634,0.29635617784898594,0.10423122240737642,0.2222222222222222,0,,,,,,11475,0.014129017479717731,0.04042799025774002,0.0003308401210233569,-0.009233500808477402,-87.94794657472232,-0.02594328112900257,0.02594328112900257,0.6539326594545597
job_000011,Rwanda,235,235,7.833333333333333,9,0.41686152418454486,9,0.09293356297336608,0.6890462610456679,0.3218264611169635,0.2960805771538051,0.10503453806787243,0.2222222222222222,0,,,,,,11447,0.005909337196499109,0.018304238095879555,0.0005252307164482772,-0.002787695499137044,-79.32996464572726,0.00443105585873127,0.0,0.48004427118456866
job_000011,Rwanda,236,236,7.866666666666666,9,0.42870520883136326,9,0.09159480256524496,0.6890659791451914,0.3213152226106619,0.2957080338859505,0.10509652322253048,0.2222222222222222,0,,,,,,11451,0.0089184008538723,0.028784161433577538,0.002180703217163682,-0.0034761226270347834,-57.898396075234004,-0.017321133986115456,0.017321133986115456,0.4601186176276288
job_000011,Rwanda,237,237,7.9,8,0.4176122937351465,8,0.062461644682566486,0.7116351028283437,0.2680394998303166,0.2600154731921512,0.14402298243217704,0.25,0,,,,,,8625,0.005504775792360306,0.016532478854060173,0.0029570579063147306,0.0007137579959817231,13.570167032551149,-0.026881586760282516,0.026881586760282516,0.5526074179785327
job_000011,Rwanda,238,238,7.933333333333334,8,0.4033025708049536,8,0.06222683428832866,0.7116920252641042,0.2681571691124528,0.25989839889056854,0.14384700043793403,0.25,0,,,,,,8525,0.0028006068896502256,0.009399989619851112,0.0012266607955098152,0.0011549534974619746,43.27541986121067,-0.008048026822507381,0.008048026822507381,0.6015905968319173
job_000011,Rwanda,239,239,7.966666666666667,7,0.42528268694877625,7,0.03697360788956791,0.7506803308214459,0.20315134865897042,0.1791408181511321,0.11396005554486656,0.2857142857142857,0,,,,,,5143,0.008009050041437149,0.02613690495491028,0.0048208655789494514,0.003135762643069029,33.04224481561377,-0.06244497746229172,0.06244497746229172,0.7180599879491945
job_000011,Rwanda,240,240,8.0,10,0.3977416008710861,10,0.12371120274378444,0.6480737829208374,0.3652951978754114,0.3243562036859041,0.1300616986186192,0.2,0,,,,,,16692,0.005441850982606411,0.01765540987253189,0.0010784490732476115,-0.00038030854193493724,-19.424890014919495,-0.016543075442314148,0.016543075442314148,0.21013832033260663
job_000011,Rwanda,241,241,8.033333333333333,9,0.3980233801735772,9,0.07506647512352724,0.681266348450272,0.3795449837735651,0.32229445086865344,0.12450333891733835,0.2222222222222222,0,,,,,,10333,0.004037380684167147,0.010862020775675774,0.0008947481983341277,-0.0007594394846819341,-40.32374903748241,-0.013080930337309837,0.013080930337309837,0.290682004842942
job_000011,Rwanda,242,242,8.066666666666666,10,0.36561464965343476,10,0.08171153896406462,0.6790941635767618,0.34900509693004467,0.3189817049273373,0.10486816932445613,0.3,0,,,,,,10334,0.00879400409758091,0.023677699267864227,-0.00026495137717574835,-0.00306510366499424,-94.94043781339299,-0.01790149137377739,0.01790149137377739,0.3498444715820328
job_000011,Rwanda,243,243,8.1,11,0.351412988521836,11,0.08917921991478917,0.6824546149282743,0.4081309673360702,0.32396410791342656,0.10353321913015683,0.2727272727272727,0,,,,,,12040,0.011555972509086132,0.030480466783046722,-0.001787004410289228,-0.008440157398581505,-101.95448540669112,-0.012785439379513264,0.012785439379513264,0.7465630030674707
job_000011,Rwanda,244,244,8.133333333333333,11,0.34675225073641,11,0.08559014540783536,0.6810928330276951,0.34586225760103473,0.3151188866778577,0.09237760194484777,0.2727272727272727,0,,,,,,10883,0.0025301421992480755,0.007061833515763283,0.00012021358270430937,-0.0011361782671883702,-83.96027870781589,0.005464959889650345,0.0,0.45156362346856305
job_000011,Rwanda,245,245,8.166666666666666,10,0.3876277729868889,10,0.07797559774303936,0.6832834895451864,0.37381174334773315,0.31725021245309953,0.10852966651976499,0.2,0,,,,,,10668,0.004652482457458973,0.013608809560537338,0.0006121209007687867,6.160728662507609e-05,5.7472157543271996,-0.036093637347221375,0.036093637347221375,0.1322333499606295
job_000011,Rwanda,246,246,8.2,11,0.37371132319623773,11,0.09430387746510983,0.638093864556515,0.4581685335949215,0.3394968973623767,0.09043186514108431,0.36363636363636365,0,,,,,,10252,0.0052450280636549,0.011762354522943497,1.1537208166600976e-07,0.0005679987953044474,89.98836206464372,-0.07197944819927216,0.07197944819927216,0.10829280608764819
job_000011,Rwanda,247,247,8.233333333333333,12,0.36560316383838654,12,0.09814428376505448,0.6688562446170384,0.44118846080921315,0.32723801185960866,0.09028258869221957,0.25,0,,,,,,11998,0.006752937566488981,0.017206069082021713,-0.0010420854669064283,-0.004036673344671726,-104.4751288114886,-0.01947849988937378,0.01947849988937378,0.6173629607535965
job_000011,Rwanda,248,248,8.266666666666667,11,0.3598189909349788,11,0.10077811516908382,0.6433575442343047,0.3835129358953097,0.3345175020781767,0.09101323040959279,0.2727272727272727,0,,,,,,10224,0.006717377342283726,0.019283154979348183,0.0013262087013572454,-0.0001745186746120453,-7.49660207992497,-0.04286620765924454,0.04286620765924454,0.1991315947178582
job_000011,Rwanda,249,249,8.3,12,0.35639966900149983,12,0.10012084241538644,0.6658434629440309,0.39299686367129105,0.3454946225394354,0.10492163062226743,0.25,0,,,,,,13328,0.013961094431579113,0.04123428836464882,0.0072320615872740746,-0.003424740396440029,-25.339879791556143,-0.05531345680356026,0.05531345680356026,0.5731622542308815
job_000011,Rwanda,250,250,8.333333333333334,11,0.3895618211139332,11,0.09999627367023724,0.6115347359216574,0.3699231940889198,0.35829134945956687,0.1628136463548043,0.18181818181818182,0,,,,,,13458,0.012407330796122551,0.026920998468995094,0.0037222576793283224,-0.004572235979139805,-50.85096190838192,-0.02007928676903248,0.02007928676903248,0.4751874055378689
job_000011,Rwanda,251,251,8.366666666666667,11,0.36948281255635346,11,0.11163531798915498,0.636240596482248,0.44947361191515167,0.3399687107703964,0.11794331862458668,0.18181818181818182,0,,,,,,14651,0.01700623333454132,0.043484922498464584,0.004276338033378124,-0.009239335544407368,-65.16339263462702,-0.06844091415405273,0.06844091415405273,0.5986617668308102
job_000011,Rwanda,252,252,8.4,10,0.41315211057662965,10,0.1074058673607556,0.6670503489176434,0.43454666349622945,0.3281304733988138,0.1466306488274724,0.2,0,,,,,,14256,0.015252000652253628,0.034049391746520996,0.00293145002797246,-0.009011927992105484,-71.98104141511499,-0.027072662487626076,0.027072662487626076,0.6213428292420398
job_000011,Rwanda,253,253,8.433333333333334,10,0.4216662377119064,10,0.10765507633610895,0.6675767278671264,0.43441710154215496,0.32789587575272705,0.14548078961089533,0.2,0,,,,,,14275,0.007749046199023724,0.020153479650616646,0.0008213904802687466,-0.003625415964052081,-77.23432634849155,-0.018351949751377106,0.018351949751377106,0.4797107198678057
job_000011,Rwanda,254,254,8.466666666666667,11,0.38957205414772034,11,0.1309652566077964,0.6467215292381518,0.46006470015554707,0.32984526549836374,0.11824194521417053,0.18181818181818182,0,,,,,,14249,0.0121183842420578,0.03571036458015442,-0.0013748009223490953,-0.0046652681194245815,-106.41963970384572,-0.0033848038874566555,0.0033848038874566555,0.4013423230198122
job_000011,Rwanda,255,255,8.5,8,0.42134922184050083,8,0.07470467522246588,0.664646206299464,0.3914081034836946,0.30603169012809145,0.16465363876432715,0.25,0,,,,,,10167,0.008841121569275856,0.021481240168213844,-0.00258319778367877,-0.0006985834334045649,-164.86727286894984,-0.0422695092856884,0.0422695092856884,0.30267554969443994
job_000011,Rwanda,256,256,8.533333333333333,11,0.3535795265978033,11,0.11328738586453749,0.6625637097792192,0.4654218432879208,0.329061771902096,0.11897021641883959,0.2727272727272727,0,,,,,,13966,0.00614076666533947,0.01904892362654209,-0.0010286045726388693,-0.001687927870079875,-121.35766757471856,-0.02505357749760151,0.02505357749760151,0.3218890598167967
job_000011,Rwanda,257,257,8.566666666666666,9,0.4371574951542748,9,0.07751299268076248,0.6854175161432337,0.38013524655942565,0.2976181485469141,0.14805109899346322,0.2222222222222222,0,,,,,,10426,0.006174921989440918,0.011814846657216549,-0.000434466521255672,0.0014278627932071686,106.92382520283466,-0.07336194813251495,0.07336194813251495,0.24170329909812258
job_000011,Rwanda,258,258,8.6,9,0.4333399749464459,9,0.07703595783120869,0.6856365292160599,0.38026158917587977,0.2976874870289966,0.14766866788265118,0.2222222222222222,0,,,,,,10357,0.006162093952298164,0.014742971397936344,0.00021156894217710942,-0.00044014869490638375,-64.32752035587689,-0.0811358317732811,0.0811358317732811,0.0792517493000119
job_000011,Rwanda,259,259,8.633333333333333,10,0.41614159643650056,10,0.1040954959961294,0.6672768847147624,0.43362624097753455,0.32887339778335406,0.1472434923164843,0.2,0,,,,,,13931,0.010066071525216103,0.03263141214847565,0.00020068186859134585,-0.008005082607269287,-88.56393533914309,-0.015739254653453827,0.015739254653453827,0.7955037543428952
job_000011,Rwanda,260,260,8.666666666666666,12,0.3774942681193352,12,0.13995965163928853,0.6538041803571912,0.4268548400313766,0.3362195063797277,0.10945771633015172,0.16666666666666666,0,,,,,,16046,0.021186746656894684,0.07381010055541992,0.0028005726635456085,-0.014768578112125397,-79.26246815363619,-0.04209902137517929,0.04209902137517929,0.7094892932726674
job_000011,Rwanda,261,261,8.7,11,0.3961394971067255,11,0.11256409299684346,0.6674378062739517,0.3827125244269066,0.3127024629756634,0.10457294219651381,0.18181818181818182,0,,,,,,13027,0.011432474479079247,0.034605614840984344,0.003270479617640376,-0.004711272660642862,-55.232323247665946,-0.04328348487615585,0.04328348487615585,0.5016556855701181
job_000011,Rwanda,262,262,8.733333333333333,10,0.4095067963004112,10,0.10804785568760704,0.6492288335164388,0.3922726555223818,0.32061394307123475,0.11430266900315038,0.2,0,,,,,,12606,0.004979074001312256,0.016306353732943535,0.0013082952937111259,-0.0021148754749447107,-58.25841195971557,-0.036478739231824875,0.036478739231824875,0.49945678486667916
job_000011,Rwanda,263,263,8.766666666666667,11,0.38419729335741565,11,0.1114882242126969,0.6620605064160896,0.3608049074808756,0.3232227809203237,0.10567445066873442,0.2727272727272727,0,,,,,,13038,0.008569587953388691,0.027438204735517502,0.0003196392790414393,-0.0019826116040349007,-80.84150576983825,-0.06228237971663475,0.06228237971663475,0.2343417979154389
job_000011,Rwanda,264,264,8.8,8,0.4224345460534096,8,0.05755010711553311,0.6777111430962881,0.30679093577243666,0.3227969509317464,0.14897768605460415,0.25,0,,,,,,7847,0.004464327823370695,0.010149511508643627,-0.0005826084525324404,-0.0007969451835379004,-126.16874929931862,-0.01992303878068924,0.01992303878068924,0.2211296244445126
job_000011,Rwanda,265,265,8.833333333333334,10,0.4110920637845993,10,0.09416880870321351,0.6844936148325601,0.34810693264007575,0.3361588397414247,0.10991977186741968,0.3,0,,,,,,11698,0.004567821975797415,0.011740196496248245,0.00041877818875946105,-0.0027182740159332752,-81.24185053051411,-0.011262006126344204,0.011262006126344204,0.6021126503579115
job_000011,Rwanda,266,266,8.866666666666667,11,0.3907289057970047,11,0.09041550938690408,0.6727393728314023,0.36500776640895244,0.32585031785225965,0.09955365867279144,0.2727272727272727,0,,,,,,11152,0.005969241727143526,0.01622024178504944,-0.0016155557241290808,-0.0015633645234629512,-135.94059198007326,-0.002851462224498391,0.002851462224498391,0.3766205316474796
job_000011,Rwanda,267,267,8.9,10,0.4173035964369774,10,0.09354721095127658,0.683661855061849,0.3476653058440597,0.33592812519527,0.10977025284956694,0.3,0,,,,,,11718,0.010575423948466778,0.026664799079298973,0.0005632895627059042,-0.005441966466605663,-84.09044718011961,-0.06187843903899193,0.06187843903899193,0.5173354222761088
job_000011,Rwanda,268,268,8.933333333333334,10,0.4288911700248718,10,0.09230626718526742,0.6835123634338378,0.34732845394699663,0.33564159837485635,0.10922393826926757,0.3,0,,,,,,11576,0.006397648248821497,0.015870466828346252,0.0002963587176054716,-0.003535560332238674,-85.20853823008842,0.0190737247467041,0.0,0.5545724279092684
job_000011,Rwanda,269,269,8.966666666666667,10,0.41393456012010577,10,0.09046452582897248,0.6823609336217243,0.3471057930699102,0.3366216313285471,0.11101632936095487,0.3,0,,,,,,11626,0.013182141818106174,0.032034825533628464,-0.0014444857370108366,-0.00877457670867443,-99.34828329933039,0.0036326090339571238,0.0,0.6746004464902804
job_000011,Rwanda,270,270,9.0,12,0.42318925137321156,12,0.13183425433900903,0.6831393361091614,0.4378423976309505,0.3756844872409326,0.12549648339001573,0.25,0,,,,,,16540,0.014587698504328728,0.03687027841806412,0.0003752385964617133,-0.010487478226423264,-87.95084957715389,0.008910839445888996,0.0,0.7193862029947663
job_000011,Rwanda,271,271,9.033333333333333,12,0.4197438781460126,12,0.15020222583489518,0.6597977201143901,0.42864949541327396,0.3622228368523286,0.09913208951615694,0.3333333333333333,0,,,,,,15544,0.007860062643885612,0.02279430441558361,0.000949824636336416,-0.0046415491960942745,-78.43493033862578,-0.0006718480726704001,0.0006718480726704001,0.6027606357244326
job_000011,Rwanda,272,272,9.066666666666666,11,0.4268027638847178,11,0.1227812639230534,0.6248386513103138,0.45031841515692006,0.3762141635882934,0.11782419069288351,0.2727272727272727,0,,,,,,14290,0.044569339603185654,0.101563960313797,0.00421425374224782,0.023257531225681305,79.72946908901388,0.1820652186870575,0.0,0.5303255159978099
job_000011,Rwanda,273,273,9.1,11,0.42337299476970325,11,0.08474760531379649,0.6951945536064378,0.3964116513929785,0.3625811775605683,0.12695286156733065,0.2727272727272727,0,,,,,,11679,0.012941040098667145,0.03628290444612503,0.0007287954795174301,-0.0071749757044017315,-84.20009465073345,-0.10642043501138687,0.10642043501138687,0.5572886129872092
job_000011,Rwanda,274,274,9.133333333333333,10,0.4857600450515747,10,0.10535066995223817,0.6309523598353068,0.4056207254197862,0.3658689225235931,0.12402003279400602,0.2,0,,,,,,13299,0.07387672364711761,0.3443554937839508,0.025373132899403572,-0.04877735301852226,-62.517331233075126,-0.43035656213760376,0.43035656213760376,0.7442405303317277
job_000011,Rwanda,275,275,9.166666666666666,11,0.46801953424106946,11,0.15036331700440594,0.629568016167843,0.45348195259017177,0.38057151650442267,0.12503616661476033,0.2727272727272727,0,,,,,,19094,0.12405571341514587,0.4557391107082367,-0.016538474708795547,-0.07256732136011124,-102.83872312478984,-0.09501965343952179,0.09501965343952179,0.5999567915244012
job_000011,Rwanda,276,276,9.2,10,0.43983151614665983,10,0.14112584605799194,0.6241801881790161,0.5750054599620678,0.36453335885293287,0.12726110027892287,0.4,0,,,,,,16589,0.07931892573833466,0.26924601197242737,0.015093055553734303,-0.022723596543073654,-56.407812699591936,-0.2824181318283081,0.2824181318283081,0.34391963357330513
job_000011,Rwanda,277,277,9.233333333333333,11,0.40023081546480005,11,0.1085099507830446,0.6616147994995116,0.4643560942575988,0.37742939751963067,0.094298209734134,0.45454545454545453,0,,,,,,10616,0.041675154119729996,0.17382928729057312,0.020492717623710632,-0.018960267305374146,-42.77561017220871,-0.03483348712325096,0.03483348712325096,0.6699077853855522
job_000011,Rwanda,278,278,9.266666666666667,14,0.4029909979019846,14,0.15078581865224883,0.6708177884419759,0.4539727053314289,0.3670687164878838,0.09782112160705339,0.35714285714285715,0,,,,,,17634,0.05361806973814964,0.16747355461120605,0.027428917586803436,-0.013366369530558586,-25.980409595835717,-0.15431295335292816,0.15431295335292816,0.5690689816984734
job_000011,Rwanda,279,279,9.3,13,0.3792269275738643,13,0.14920043693840718,0.6501187055538863,0.45960061516177614,0.37579175519315466,0.12037574573274262,0.23076923076923078,0,,,,,,18737,0.09488116204738617,0.2967696189880371,-0.0026141139678657055,-0.03186802193522453,-94.68943774802824,-0.0984835997223854,0.0984835997223854,0.33700113444901253
job_000011,Rwanda,280,280,9.333333333333334,10,0.4468043655157089,10,0.11673956409361234,0.6922601922353108,0.3585292574211404,0.35234785135226226,0.1275402454353612,0.3,0,,,,,,15655,0.02182493731379509,0.06378034502267838,0.0023074850905686617,-0.009275100193917751,-76.02941513230431,-0.00255509908311069,0.00255509908311069,0.4379312695508082
job_000011,Rwanda,281,281,9.366666666666667,13,0.3856481256393286,13,0.16483888357968052,0.6608817907480093,0.4216373188203557,0.3719116053575679,0.10799078731156375,0.23076923076923078,0,,,,,,18325,0.04829243943095207,0.15444357693195343,-0.00013177005166653544,-0.015055359341204166,-90.50146096690442,-0.14828410744667053,0.14828410744667053,0.3117659028533336
job_000011,Rwanda,282,282,9.4,13,0.3770267367362976,13,0.1578319376149806,0.6608352881211501,0.4209316775330111,0.3704708163976613,0.10804961870389604,0.23076923076923078,0,,,,,,17580,0.04341655224561691,0.14995750784873962,-0.0037658405490219593,-0.024723319336771965,-98.66068734061714,-0.24032311141490936,0.24032311141490936,0.5760125746897667
job_000011,Rwanda,283,283,9.433333333333334,14,0.35986137283699854,14,0.14901255182879353,0.6578678823652722,0.43283556605142265,0.3589404982264402,0.11413312862955045,0.21428571428571427,0,,,,,,19451,0.019775869324803352,0.06350348889827728,-0.002936710137873888,-0.004940396174788475,-120.72843794418229,0.004666774999350309,0.0,0.2906232868887063
job_000011,Rwanda,284,284,9.466666666666667,15,0.36474739412466683,15,0.17548827666783678,0.6547039116753474,0.46822691764360597,0.3621097477054093,0.08366918615538703,0.2,0,,,,,,16612,0.015765516087412834,0.04769395664334297,0.002771575702354312,-0.009730180725455284,-74.10075809692184,-0.10086178779602051,0.10086178779602051,0.6417306868867391
job_000011,Rwanda,285,285,9.5,13,0.3585061992590244,13,0.1291074110306354,0.6736891587575278,0.40568519521642615,0.3460294826300557,0.09609327887739093,0.23076923076923078,0,,,,,,13679,0.01621679589152336,0.0462014377117157,0.0007713522063568234,-0.008447847329080105,-84.78292925640874,-0.17265693843364716,0.17265693843364716,0.5230989790387456
job_000011,Rwanda,286,286,9.533333333333333,12,0.3949733314414819,12,0.12341464402911775,0.6759561936060589,0.4445675820480158,0.3595936905377383,0.11930147928884303,0.25,0,,,,,,15278,0.009748737327754498,0.027374034747481346,-0.000488781719468534,-0.0017811295110732317,-105.34547597966782,0.015151050873100758,0.0,0.18945823709231885
job_000011,Rwanda,287,287,9.566666666666666,12,0.41936161617438,12,0.10753908195325852,0.6915675481160481,0.3800517744488186,0.3394750782401295,0.11384049501256382,0.25,0,,,,,,14257,0.018124572932720184,0.047569651156663895,-0.000557058840058744,-0.008468342013657093,-93.76357054291552,-0.03263074532151222,0.03263074532151222,0.46823968234811386
job_000011,Rwanda,288,288,9.6,14,0.39273766428232193,14,0.1575685680400218,0.6976817721412296,0.39179111435299824,0.3535944482929667,0.10530635132554221,0.21428571428571427,0,,,,,,20845,0.02237742394208908,0.07257350534200668,0.006600069347769022,-0.006762304343283176,-45.695604242847914,-0.04601584002375603,0.04601584002375603,0.42227029577805963
job_000011,Rwanda,289,289,9.633333333333333,15,0.39107648928960165,15,0.1794709601074963,0.6893181641896564,0.4223409204129819,0.3619797084669322,0.09193357364321138,0.2,0,,,,,,20215,0.010248585604131222,0.03326313570141792,0.003302930388599634,-0.0035429508425295353,-47.00799981472892,-0.04601885750889778,0.04601885750889778,0.4726255462046591
job_000011,Rwanda,290,290,9.666666666666666,14,0.44127150199243,14,0.16294235242975436,0.6931231589544387,0.4286537237268278,0.3473684020449961,0.11557575377394573,0.21428571428571427,0,,,,,,21530,0.018317487090826035,0.06341387331485748,0.005954539403319359,-0.004893324803560972,-39.41270114196371,-0.10543859004974365,0.10543859004974365,0.42075723742237103
job_000011,Rwanda,291,291,9.7,16,0.40745473839342594,16,0.1889998127259313,0.6789193679889043,0.4310178753402498,0.3548398102469701,0.09157360193462279,0.1875,0,,,,,,21719,0.015962040051817894,0.050993259996175766,0.004866559058427811,-0.004436173941940069,-42.35113543420502,-0.08058362454175949,0.08058362454175949,0.41254511211572403
job_000011,Rwanda,292,292,9.733333333333333,16,0.43788866233080626,16,0.16962990181406098,0.6705549508333205,0.4174285029923475,0.3473531150466691,0.0988121980002474,0.1875,0,,,,,,22144,0.00861096940934658,0.02699185535311699,0.0017294997815042734,-0.003341352567076683,-62.63370384690102,-0.049719590693712234,0.049719590693712234,0.43693341777742967
job_000011,Rwanda,293,293,9.766666666666667,15,0.4222297896941503,15,0.1053754700479339,0.6762752808464897,0.3486223431575446,0.31673950360922776,0.08862112901246201,0.26666666666666666,0,,,,,,13919,0.021893246099352837,0.06376336514949799,-8.691296534379944e-05,-0.010701323859393597,-90.46532902634418,-0.03694339469075203,0.03694339469075203,0.48881178906129025
job_000011,Rwanda,294,294,9.8,13,0.44557717327888197,13,0.10690630897574258,0.6676232790335631,0.3567671692948735,0.3478237960280334,0.10399958846310998,0.23076923076923078,0,,,,,,13523,0.014269388280808926,0.044414911419153214,-0.0021078467834740877,0.0010943691013380885,152.56219481948182,0.06836533546447754,0.0,0.16644075408508074
job_000011,Rwanda,295,295,9.833333333333334,15,0.4245645314455032,15,0.13829217740849548,0.6437118127610949,0.38800396554264016,0.33940246127652457,0.09347903762268335,0.2,0,,,,,,17074,0.009239857085049152,0.027018913999199867,-0.0018437469843775034,-0.0029230669606477022,-122.24199509286544,-0.016107117757201195,0.016107117757201195,0.37402843028646376
job_000011,Rwanda,296,296,9.866666666666667,14,0.4300407575709479,14,0.13954264651393142,0.6246546030044556,0.43958974792843775,0.3335996222195059,0.09568073043612549,0.21428571428571427,0,,,,,,16172,0.01930432766675949,0.05962517485022545,-0.004801941104233265,-0.005981982219964266,-128.75520063638893,-0.061065688729286194,0.061065688729286194,0.3973670010523678
job_000011,Rwanda,297,297,9.9,16,0.3914258312433958,16,0.1556449786919784,0.6138461867968242,0.4721519058501279,0.32740912180882104,0.08083487651922654,0.1875,0,,,,,,17282,0.024103568866848946,0.07746069878339767,-0.0085639962926507,-0.00720085296779871,-139.9419173169417,-0.03152164816856384,0.03152164816856384,0.46420621978431914
job_000011,Rwanda,298,298,9.933333333333334,16,0.3847867138683796,16,0.15773549490407782,0.6125933726628622,0.46179190410508053,0.3453364758058164,0.08989591193421197,0.1875,0,,,,,,18741,0.012738434597849846,0.04449424892663956,-0.004811882507055998,-0.0014377335319295526,-163.36447715844668,-0.0029487265273928642,0.0029487265273928642,0.3942462713391836
job_000011,Rwanda,299,299,9.966666666666667,17,0.3771584963097292,17,0.15387623753955987,0.6230814513038185,0.46403512476835895,0.355956036853624,0.10785465164983477,0.17647058823529413,0,,,,,,18194,0.02553398162126541,0.0812666118144989,-0.01119556650519371,-0.002584232250228524,-167.00227361124118,-0.01695643551647663,0.01695643551647663,0.4499866417154687
job_000011,Rwanda,300,300,10.0,14,0.37834516699825016,14,0.1034714753041356,0.6674269914627075,0.39085616522995886,0.33676834649758225,0.10314220379182917,0.21428571428571427,0,,,,,,12670,0.028847895562648773,0.0896773561835289,-0.011737468652427197,-0.004143936093896627,-160.5543219909744,-0.10643623769283295,0.10643623769283295,0.43148744808685024
job_000011,Rwanda,301,301,10.033333333333333,15,0.38775155345598855,15,0.12158234252548622,0.662035755581326,0.4201147127740177,0.34381020079155306,0.09698077745585748,0.2,0,,,,,,14775,0.01021148357540369,0.03244950994849205,-0.004044682718813419,-0.0035090118180960417,-139.05634453207367,-0.02397676184773445,0.02397676184773445,0.5243784835557478
job_000011,Rwanda,302,302,10.066666666666666,12,0.43618960430224735,12,0.09037085864630542,0.6683683064248828,0.3810183731126197,0.3484228760554803,0.13663972631031449,0.25,0,,,,,,12140,0.02267473377287388,0.07747308909893036,-0.00600409833714366,-0.010335774160921574,-120.15249931486412,-0.02429695427417755,0.02429695427417755,0.5271565531301861
job_000011,Rwanda,303,303,10.1,16,0.3926402162760496,16,0.16874248053916677,0.694281863172849,0.45526449592025203,0.36751959784281524,0.09214841320418644,0.1875,0,,,,,,19228,0.019313206896185875,0.04417816922068596,-0.0022074535954743624,-0.011527991853654385,-100.84014145751816,-0.030495986342430115,0.030495986342430115,0.6077415275804242
job_000011,Rwanda,304,304,10.133333333333333,15,0.41168979505697884,15,0.163076087498424,0.7046944925520154,0.43651960973386417,0.3699898559062479,0.09566876526927975,0.2,0,,,,,,18376,0.010591361671686172,0.02420678921043873,-0.0016294572269544005,-0.005616888403892517,-106.17742422614046,-0.018229661509394646,0.018229661509394646,0.5521921710059595
job_000011,Rwanda,305,305,10.166666666666666,14,0.4361139386892319,14,0.144063002008747,0.6893468743278868,0.3847989072244634,0.3230354536787805,0.09318180268666884,0.21428571428571427,0,,,,,,15495,0.02189038135111332,0.05603979527950287,-0.0043180035427212715,-0.012239114381372929,-109.43302481946886,-0.0005573874805122614,0.0005573874805122614,0.5928852901046616
job_000011,Rwanda,306,306,10.2,16,0.43337044585496187,16,0.14246281854079793,0.7068979730208715,0.3734675504543163,0.33613595869952373,0.0951109716059948,0.25,0,,,,,,17549,0.016315624117851257,0.043174438178539276,-0.0024523218162357807,-0.011855374090373516,-101.6869860787612,-0.019810261204838753,0.019810261204838753,0.7420097858988915
job_000011,Rwanda,307,307,10.233333333333333,18,0.41734815388917923,18,0.181339141149441,0.7094053074165627,0.4082192791832819,0.3408912764772489,0.07804765178410776,0.2222222222222222,0,,,,,,21855,0.00754125602543354,0.021419815719127655,0.0010635856306180358,-0.002921701641753316,-69.9970008578968,-0.00024333213514182717,0.00024333213514182717,0.4123012368881481
job_000011,Rwanda,308,308,10.266666666666667,16,0.4412513058632612,16,0.14898494560498785,0.7251576413710912,0.3593010933310898,0.32667430875050407,0.08757880344686275,0.25,0,,,,,,18025,0.01581498235464096,0.04737319424748421,0.000785672222264111,-0.00835379958152771,-84.62715432452924,-0.007979382760822773,0.007979382760822773,0.5305516101827205
job_000011,Rwanda,309,309,10.3,15,0.4300985296567281,15,0.13872359008579088,0.7153902689615885,0.36882413746398174,0.33269591375198093,0.08805718065066664,0.2,0,,,,,,16869,0.016622798517346382,0.05355976149439812,-0.00025429134257137775,-0.010568668134510517,-91.37832032131574,0.020796120166778564,0.0,0.6359775651625231
job_000011,Rwanda,310,310,10.333333333333334,16,0.39374710340052843,16,0.1445212678537652,0.7260727336009342,0.36080737522354833,0.3260617689678824,0.08327438797598208,0.25,0,,,,,,17494,0.009327283129096031,0.02702106162905693,-0.0005735945887863636,-0.006428479682654142,-95.09883335003639,0.018035046756267548,0.0,0.6919505875128632
job_000011,Rwanda,311,311,10.366666666666667,18,0.35918182465765214,18,0.18095022399093788,0.6892985149666114,0.4379426537227238,0.3391693677004389,0.0734934407508405,0.16666666666666666,0,,,,,,19513,0.022305799648165703,0.06551115959882736,-0.002670885995030403,-0.017504431307315826,-98.67547238307196,0.05714883655309677,0.0,0.7938305574120859
job_000011,Rwanda,312,312,10.4,16,0.4097315138205886,16,0.14066710814378872,0.7149864107370377,0.4212071448564529,0.34730843682771156,0.0915263001186277,0.1875,0,,,,,,18084,0.024781588464975357,0.06374499201774597,-0.002600212814286351,-0.01905498094856739,-97.77049816459626,0.03277074173092842,0.0,0.7760427937110642
job_000011,Rwanda,313,313,10.433333333333334,13,0.4350073222930615,13,0.09955897916140798,0.7180647226480338,0.3295431099046669,0.3120404415136097,0.11651643632993995,0.23076923076923078,0,,,,,,13259,0.012733169831335545,0.03945644199848175,-0.001619467162527144,-0.009339891374111176,-99.83685533437674,0.0420009009540081,0.0,0.7444535423887869
job_000011,Rwanda,314,314,10.466666666666667,15,0.39428642590840657,15,0.12660123929492081,0.6817638397216798,0.3297726618213418,0.31958017935803895,0.11010349974500615,0.2,0,,,,,,16167,0.024314433336257935,0.07861226052045822,-0.0019710566848516464,-0.01735592633485794,-96.47913769590194,0.013465513475239277,0.0,0.7184000878453751
job_000011,Rwanda,315,315,10.5,14,0.3880008129136903,14,0.1320370305702544,0.7391578481310891,0.36684358687627877,0.3312309359202776,0.0928645543119031,0.21428571428571427,0,,,,,,17163,0.017071440815925598,0.05196110159158707,0.0002857848012354225,-0.009479144588112831,-88.27312429058176,0.09151939302682877,0.0,0.5555155974106313
job_000011,Rwanda,316,316,10.533333333333333,16,0.35912434477359056,16,0.15245325965430737,0.7077002465724945,0.3900448932691857,0.33958650674689156,0.07917459139419358,0.1875,0,,,,,,19125,0.007372856140136719,0.01925162971019745,0.000545213115401566,-0.0038187119644135237,-81.87456125798643,0.004796461667865515,0.0,0.5231943623050397
job_000011,Rwanda,317,317,10.566666666666666,15,0.3598154693841934,15,0.15895139748698753,0.6841226683722602,0.37364376409554195,0.33659488899790974,0.10947847976346979,0.2,0,,,,,,20214,0.016176247969269753,0.041763391345739365,-0.000644200830720365,-0.00842959713190794,-94.3701240781426,0.10624484717845917,0.0,0.5226290204971379
job_000011,Rwanda,318,318,10.6,16,0.34767382126301527,16,0.16083819590482618,0.681119222442309,0.38332029768714193,0.32481826071278297,0.09166249099783501,0.1875,0,,,,,,19105,0.014730121940374374,0.040639933198690414,0.00013128304271958768,-0.006121985148638487,-88.7715077104472,0.04719885066151619,0.0,0.415705495355125
job_000011,Rwanda,319,319,10.633333333333333,17,0.33488820317913504,17,0.17964343349041165,0.663445987888411,0.40764853159586595,0.3354521098440084,0.0960587808894271,0.17647058823529413,0,,,,,,21660,0.00928246509283781,0.026567766442894936,-0.001076970249414444,-0.003608918748795986,-106.61610769412187,0.011141260154545307,0.0,0.40573126748599164
job_000011,Rwanda,320,320,10.666666666666666,18,0.364519864320755,18,0.16864547837724753,0.682072591781616,0.40207224677129044,0.33185814822169596,0.08097731122404268,0.16666666666666666,0,,,,,,19728,0.02079259417951107,0.06130595505237579,-0.0016891484847292304,-0.0076124356128275394,-102.51084765074636,0.019516384229063988,0.0,0.3750176246220997
job_000011,Rwanda,321,321,10.7,18,0.3664342479573356,18,0.1987147518004212,0.6545995676959002,0.43260973363256255,0.32594606620320926,0.0830259044145699,0.16666666666666666,0,,,,,,21038,0.025465017184615135,0.0819309800863266,0.0012033544480800629,-0.011999535374343395,-84.27332931313582,0.014193737879395485,0.0,0.47357999379920424
job_000011,Rwanda,322,322,10.733333333333333,15,0.37784144083658855,15,0.15300093705448545,0.6680977249145507,0.44120438234305676,0.3327353735958493,0.10483135341731929,0.2,0,,,,,,19585,0.012199554592370987,0.03949249908328056,0.0016485565574839711,-0.005507470574229956,-73.33592929638397,0.02408432587981224,0.0,0.47123936877070677
job_000011,Rwanda,323,323,10.766666666666667,13,0.3945010934884732,13,0.12172821224273714,0.6586065341264775,0.42649126229462797,0.33502336266334753,0.10198949987368722,0.15384615384615385,0,,,,,,15347,0.024610009044408798,0.07847627252340317,0.003078088164329529,-0.00886021088808775,-70.84247933079078,0.02408605068922043,0.0,0.3811317944654006
job_000011,Rwanda,324,324,10.8,17,0.3293507572482614,17,0.16711236532534568,0.6810393006193872,0.42411527405117594,0.3356509212066954,0.0683636586922502,0.17647058823529413,0,,,,,,16790,0.01961064711213112,0.055082209408283234,0.0016166038112714887,-0.006911046337336302,-76.8343251410863,0.0035386504605412483,0.0,0.36192600024040916
job_000011,Rwanda,325,325,10.833333333333334,18,0.34508068445656037,18,0.20664641621102575,0.6614701588948567,0.4316838757000833,0.34239621878299475,0.07993397234206176,0.2222222222222222,0,,,,,,21956,0.007615553680807352,0.023068217560648918,-0.0012600990012288094,-0.002555201295763254,-116.25023753738839,0.01870759204030037,0.0,0.3741051599837556
job_000011,Rwanda,326,326,10.866666666666667,18,0.3548353769712978,18,0.17448708691417464,0.6664139579843593,0.3890460476463224,0.32712206443163105,0.06540036970136966,0.2222222222222222,0,,,,,,17943,0.017012640833854675,0.04629884287714958,-0.001068547018803656,-0.007826782763004303,-97.77421017208344,0.04039086401462555,0.0,0.4643245847597251
job_000011,Rwanda,327,327,10.9,16,0.3682038066908717,16,0.1445828026535559,0.6761601994434993,0.3822479692874131,0.3191952344531254,0.060763898150322154,0.25,0,,,,,,13724,0.014664415270090103,0.03930565342307091,0.003165139351040125,-0.0050153909251093864,-57.744580094920934,0.014070835895836353,0.0,0.4044225331867092
job_000011,Rwanda,328,328,10.933333333333334,17,0.3664940472911386,17,0.1571038613822941,0.6772873822380515,0.42025393463168015,0.31500765039732265,0.07179927691608719,0.23529411764705882,0,,,,,,16003,0.008177807554602623,0.022837724536657333,0.0019847366493195295,-0.0028153713792562485,-54.81752518740494,0.014957847073674202,0.0,0.4212171589229644
job_000011,Rwanda,329,329,10.966666666666667,17,0.35033562954734354,17,0.14443447938634946,0.6745096683502197,0.3641858353334314,0.3269970956416902,0.09377376990062748,0.23529411764705882,0,,,,,,18345,0.024237804114818573,0.06314408034086227,0.004786783829331398,-0.005976406391710043,-51.307127702179635,0.011508665047585964,0.0,0.3159143763368388
job_000011,Rwanda,330,330,11.0,13,0.3714790974672024,13,0.10701723805604689,0.654004817131238,0.38136273571568674,0.32858928261076725,0.10625370778644272,0.15384615384615385,0,,,,,,13539,0.024600224569439888,0.06512068212032318,0.005591327790170908,-0.008055123500525951,-55.23420552826616,-0.015406947582960129,0.015406947582960129,0.39859419343325303
job_000011,Rwanda,331,331,11.033333333333333,14,0.3576245531439781,14,0.11442075059749568,0.6584304900396437,0.37781691046618915,0.3398445969971671,0.10320001520812187,0.21428571428571427,0,,,,,,14511,0.012886164709925652,0.03503973037004471,0.0038891637232154608,-0.007321926765143871,-62.02424768794649,0.022807491943240166,0.0,0.6433822873216776
job_000011,Rwanda,332,332,11.066666666666666,14,0.3945319482258388,14,0.11409018714869815,0.6591309785842896,0.3770815739555965,0.33920272651280525,0.10441775236791868,0.21428571428571427,0,,,,,,14625,0.02705179713666439,0.07926003634929657,0.00978549662977457,-0.015059695579111576,-56.98497411706125,0.03042522631585598,0.0,0.6638999772497579
job_000011,Rwanda,333,333,11.1,13,0.4086473102752979,13,0.10648179275355586,0.6285023065713736,0.40216234592970285,0.32751496429373994,0.11904765029734174,0.15384615384615385,0,,,,,,13388,0.023018131032586098,0.07117263227701187,0.009773274883627892,-0.011081455275416374,-48.58936014749026,0.11465688794851303,0.0,0.6419072489927318
job_000011,Rwanda,334,334,11.133333333333333,13,0.4178530447758161,13,0.10708482012465988,0.628851778079302,0.4020624759869698,0.32793188191083567,0.11954773598182912,0.15384615384615385,0,,,,,,13480,0.010159296914935112,0.027963949367403984,0.003918486647307873,-0.0033551459200680256,-40.571299541322475,0.017148027196526527,0.0,0.507775058629836
job_000011,Rwanda,335,335,11.166666666666666,13,0.4192667924440824,13,0.10981619356049908,0.6293565799028445,0.402272071593847,0.328068244328432,0.11982044064253004,0.15384615384615385,0,,,,,,13716,0.018302181735634804,0.04767946898937225,0.0060615683905780315,-0.005477205850183964,-42.10082486942177,0.03534428030252457,0.0,0.446373116744369
job_000011,Rwanda,336,336,11.2,13,0.40472903618445766,13,0.10485020432768669,0.6471824792715221,0.35832016461255545,0.3326991011992845,0.12416071071334113,0.23076923076923078,0,,,,,,13707,0.01601072959601879,0.041176751255989075,0.004384895786643028,-0.003998138476163149,-42.35849112647106,0.0037645872216671705,0.0,0.37062680708901957
job_000011,Rwanda,337,337,11.233333333333333,13,0.389055189031821,13,0.10493971805811933,0.6486310261946457,0.3499688554693151,0.32433409560936916,0.11925464401468053,0.23076923076923078,0,,,,,,13412,0.008119934238493443,0.023681186139583588,0.0018342878902330995,-0.0035717585124075413,-62.81709113152569,0.000519812514539808,0.0,0.49449044232856204
job_000011,Rwanda,338,338,11.266666666666667,13,0.39054153515742374,13,0.08650723164000355,0.6721497768010849,0.30690821976403565,0.3030438281338588,0.1036900418889549,0.23076923076923078,0,,,,,,11280,0.018724767491221428,0.05510503798723221,0.003297007642686367,-0.003159604500979185,-43.7808727229606,0.008327922783792019,0.0,0.24387741702592206
job_000011,Rwanda,339,339,11.3,15,0.3595149517059326,15,0.1294132281029434,0.6885867150624594,0.35815493206918975,0.3208075470731978,0.06460438889045274,0.2,0,,,,,,14893,0.02045036293566227,0.0565725713968277,0.003679780289530754,-0.0029995825607329607,-39.1852882368398,0.005051414482295513,0.0,0.2321450088976704
job_000011,Rwanda,340,340,11.333333333333334,15,0.3530919164419174,15,0.1297597905576419,0.6887679163614907,0.3578164702285955,0.3204037558566391,0.06462376713917863,0.2,0,,,,,,15042,0.011094619520008564,0.030393486842513084,0.0023844162933528423,-0.0027019260451197624,-48.57199589447344,0.020884256809949875,0.0,0.32480499636461563
job_000011,Rwanda,341,341,11.366666666666667,13,0.38767076341005474,13,0.11549224517003034,0.6860766313014888,0.3254522460817951,0.31253263553533095,0.09399738997557903,0.23076923076923078,0,,,,,,13819,0.021812815219163895,0.05184882506728172,0.006880032829940319,-0.007414801977574825,-47.14243354047314,0.05338584631681442,0.0,0.46372030081622817
job_000011,Rwanda,342,342,11.4,13,0.37640069539730364,13,0.08872723287649394,0.6068976377829528,0.27610677681077916,0.27368465660128094,0.09418536205878435,0.23076923076923078,0,,,,,,11197,0.03423137962818146,0.09636763483285904,0.011463819071650505,-0.005327250808477402,-24.92435107555519,0.2146126627922058,0.0,0.36928552474416104
job_000011,Rwanda,343,343,11.433333333333334,11,0.40450111302462494,11,0.07805807679107804,0.6258358045057816,0.27927573088443636,0.2831131578406408,0.10120250550606774,0.2727272727272727,0,,,,,,10464,0.016410255804657936,0.047167424112558365,0.005727034993469715,-0.002645110245794058,-24.790506562516082,0.09488090127706528,0.0,0.38441633990515517
job_000011,Rwanda,344,344,11.466666666666667,11,0.41012901203198865,11,0.10232736963520034,0.6307028625950668,0.2818140781286991,0.28712549924525577,0.10939101319270246,0.2727272727272727,0,,,,,,13783,0.028275536373257637,0.06994179636240005,0.008263765834271908,-0.006266979966312647,-37.17553522998516,0.17250338196754456,0.0,0.36679580792333144
job_000011,Rwanda,345,345,11.5,12,0.4043603564302127,12,0.10519848838513896,0.6502174192004734,0.27360495593812734,0.28221059208808846,0.10296236198813652,0.25,0,,,,,,14246,0.021834397688508034,0.057967156171798706,0.003811862785369158,-0.0065460228361189365,-59.78701375133458,0.12809285521507263,0.0,0.346929918002083
job_000011,Rwanda,346,346,11.533333333333333,10,0.46040151119232176,10,0.09341461291770148,0.6745296271642048,0.26279446160351794,0.27463053819077676,0.12120735303352836,0.3,0,,,,,,12729,0.011089791543781757,0.02656087838113308,0.0010377804283052683,-0.004125985316932201,-75.88165464613954,0.05903945118188858,0.0,0.383640827415862
job_000011,Rwanda,347,347,11.566666666666666,14,0.41057863937956945,14,0.1598902833005871,0.6677752687817529,0.32427299855247377,0.3042360479419159,0.10246443529960939,0.21428571428571427,0,,,,,,18924,0.022140705958008766,0.06465758383274078,0.0016734432429075241,-0.013295267708599567,-82.82604466395321,0.0826793760061264,0.0,0.6052277652881726
job_000011,Rwanda,348,348,11.6,15,0.40171785950660704,15,0.1664582699010911,0.6818515735202365,0.34845728885980304,0.30219376358449423,0.08445678397914118,0.2,0,,,,,,19098,0.015604669228196144,0.04332561418414116,0.00013509280688595027,-0.008763601072132587,-89.11684311064995,0.06007889285683632,0.0,0.5616679292933175
job_000011,Rwanda,349,349,11.633333333333333,17,0.3766455264652477,17,0.1745497134798681,0.6807389175190645,0.33247864220396883,0.29660740571917793,0.0808545041250408,0.23529411764705882,0,,,,,,19997,0.006801166571676731,0.019831661134958267,-0.00044180944678373635,-0.0036476128734648228,-96.90618904720806,0.020790262147784233,0.0,0.5402414473554942
job_000011,Rwanda,350,350,11.666666666666666,17,0.3867149291669621,17,0.19480338748500642,0.6351111131555892,0.37462822939056195,0.30571560382223756,0.08495043176955731,0.17647058823529413,0,,,,,,20380,0.01693532057106495,0.04454010725021362,-0.0010637948289513588,-0.006171025335788727,-99.78082860741526,0.035211943089962006,0.0,0.3697624392139876
job_000011,Rwanda,351,351,11.7,16,0.4225343568250537,16,0.1888163882421036,0.6219177007675172,0.386129484684379,0.3062703896715923,0.08914964873438488,0.1875,0,,,,,,19708,0.016247648745775223,0.06061699241399765,-0.0002900815161410719,-0.010879621841013432,-91.52730581848098,0.044675521552562714,0.0,0.6698500516250308
job_000011,Rwanda,352,352,11.733333333333333,17,0.3892742185031666,17,0.2011310360544487,0.650329538420135,0.376277360936915,0.30619933851111003,0.08264570209635258,0.23529411764705882,0,,,,,,20193,0.01227231789380312,0.04832734912633896,-0.00041385641088709235,-0.009172320365905762,-92.58344159574054,0.04899630695581436,0.0,0.7481595839160313
job_000011,Rwanda,353,353,11.766666666666667,16,0.39368858467787504,16,0.22558473394018205,0.6406108647584915,0.40051929211174997,0.31518789824771243,0.08568977244744005,0.25,0,,,,,,20534,0.028984036296606064,0.10340824723243713,-0.002060594270005822,-0.022368816658854485,-95.26317901117996,0.07344651222229004,0.0,0.7750309835519615
job_000011,Rwanda,354,354,11.8,16,0.42342259734869003,16,0.2507658972040958,0.6232828130324681,0.44249173325520974,0.31234391299705416,0.09412735251808221,0.25,0,,,,,,21816,0.02698681131005287,0.0931026041507721,-0.0009409146150574088,-0.021433275192975998,-92.51365430807286,0.07038922607898712,0.0,0.7949778855315349
job_000011,Rwanda,355,355,11.833333333333334,17,0.39959749404121847,17,0.25092117816637954,0.6254662756826364,0.4220683463518396,0.31353244470074554,0.09084436897339201,0.23529411764705882,0,,,,,,22147,0.011654378846287727,0.03695111349225044,-3.2470139558427036e-05,-0.009196608327329159,-90.20229134050327,0.006981045939028263,0.0,0.7891167576611139
job_000011,Rwanda,356,356,11.866666666666667,14,0.4302347238574709,14,0.19054431868447955,0.6445533514022828,0.3717302357708966,0.31864422070717396,0.1046477453146929,0.21428571428571427,0,,,,,,20165,0.022068677470088005,0.07721555233001709,-0.0007365474011749029,-0.016632281243801117,-92.53564153884672,-0.07384910434484482,0.07384910434484482,0.7543987168065783
job_000011,Rwanda,357,357,11.9,17,0.3965040147304535,17,0.23939378413586698,0.6449538548787436,0.3908338823089932,0.32162194802897304,0.08829696691070224,0.17647058823529413,0,,,,,,22091,0.018089817836880684,0.05865170806646347,-0.001415870152413845,-0.013558583334088326,-95.9615682619484,-0.04489857703447342,0.04489857703447342,0.7535902194698896
job_000011,Rwanda,358,358,11.933333333333334,16,0.4132457934319973,16,0.23707369928540073,0.6232857306798298,0.4417309840520223,0.3121431161747108,0.0936488838320505,0.25,0,,,,,,21104,0.009270621463656425,0.03165631368756294,-0.0012824689038097858,-0.006333700381219387,-101.44668014835233,-0.02632550708949566,0.02632550708949566,0.6970660462307162
job_000011,Rwanda,359,359,11.966666666666667,15,0.35978890856107076,15,0.1968020929427677,0.6735805882347954,0.38969864056434156,0.31281433152961735,0.09075476356971593,0.26666666666666666,0,,,,,,18396,0.015175906009972095,0.04366818815469742,-0.0023875797633081675,-0.008388340473175049,-105.88798367817452,-0.0585990734398365,0.0585990734398365,0.5746947315179584
job_000011,Rwanda,360,360,12.0,13,0.410821958230092,13,0.1276786465749885,0.6186353976909931,0.41033872185948905,0.31953373820500264,0.09191502075016117,0.23076923076923078,0,,,,,,13877,0.020810022950172424,0.05730479583144188,-0.00532492995262146,-0.009375769644975662,-119.59423149121449,-0.006526081822812557,0.006526081822812557,0.5181344627638261
job_000011,Rwanda,361,361,12.033333333333333,13,0.3684406750477277,13,0.14199060934813906,0.6256595061375544,0.36370586180619036,0.3219988597903363,0.08122640512462888,0.23076923076923078,0,,,,,,14243,0.00940405111759901,0.029152952134609222,-0.003136798506602645,-0.0031700911931693554,-134.69755096380106,0.003230886533856392,0.0,0.4742324934081191
job_000011,Rwanda,362,362,12.066666666666666,12,0.40949812283118564,12,0.10648244821665157,0.6300318320592244,0.3297890376161646,0.31241261094834505,0.09357010482277689,0.25,0,,,,,,12386,0.013571266084909439,0.03154962509870529,-0.003514013485983014,-0.005189499817788601,-124.10346685694319,0.061750635504722595,0.0,0.4618074625879268
job_000011,Rwanda,363,363,12.1,13,0.378698583978873,13,0.11000114418368159,0.6382190777705267,0.28945628734056084,0.3255611418270963,0.11492305706914803,0.3076923076923077,0,,,,,,14978,0.007631218992173672,0.018451178446412086,-0.0018859481206163764,-0.0026278840377926826,-125.66579117702949,0.03773349151015282,0.0,0.4238628675677842
job_000011,Rwanda,364,364,12.133333333333333,13,0.3789169891522481,13,0.11027197637609519,0.6804778771522717,0.27563213446201423,0.3036961758684301,0.1191082259997971,0.3076923076923077,0,,,,,,15057,0.008226661942899227,0.022104797884821892,-0.003559770528227091,-0.0036312981974333525,-134.43011274514822,-0.021083880215883255,0.021083880215883255,0.6181249491599534
job_000011,Rwanda,365,365,12.166666666666666,13,0.38392691772717696,13,0.11687111249048075,0.6796813011169434,0.3028720294648086,0.29696695134269185,0.13153206799464065,0.23076923076923078,0,,,,,,15977,0.018196305260062218,0.05783062428236008,-0.004402006510645151,-0.008912507444620132,-116.28538153189223,-0.045594215393066406,0.045594215393066406,0.5462836786344464
job_000011,Rwanda,366,366,12.2,12,0.3727411503593127,12,0.1209782508074642,0.6812856978840299,0.321400503611859,0.30544113253636407,0.13956649563373713,0.25,0,,,,,,16427,0.01965482346713543,0.05576019361615181,-0.0015351350884884596,-0.011687497608363628,-97.48287737535017,-0.019134942442178726,0.019134942442178726,0.5997451633115565
job_000011,Rwanda,367,367,12.233333333333333,11,0.3814126036383889,11,0.0935682598969728,0.6573094729221227,0.28507893880208335,0.28127924290968054,0.12220946517149049,0.2727272727272727,0,,,,,,12707,0.011117790825664997,0.031145013868808746,0.00014713240670971572,-0.006253238767385483,-88.65213674095942,-0.025622766464948654,0.025622766464948654,0.5626090258935074
job_000011,Rwanda,368,368,12.266666666666667,15,0.3495183239380519,15,0.15657066855679772,0.6247107929653591,0.33840753508202825,0.2941953844259454,0.07231867810444258,0.2,0,,,,,,15779,0.02359471656382084,0.07317492365837097,-0.0020514726638793945,-0.009139488451182842,-102.65106900230575,-0.020663335919380188,0.020663335919380188,0.3969913589360003
job_000011,Rwanda,369,369,12.3,17,0.33756400907740874,17,0.17615643758968624,0.6169541134553796,0.3691267711664337,0.2982553028968811,0.05804629109794879,0.17647058823529413,0,,,,,,15822,0.024370471015572548,0.08257535099983215,-0.002436358481645584,-0.008571337908506393,-105.86752631619038,-0.01679711602628231,0.01679711602628231,0.36564225764589586
job_000011,Rwanda,370,370,12.333333333333334,18,0.35155974990791744,18,0.19829368229341582,0.6403020920576872,0.3984021511588077,0.3051210159781187,0.067836615823335,0.16666666666666666,0,,,,,,18660,0.010145576670765877,0.028397586196660995,-0.0010085575049743056,-0.0037689858581870794,-104.98100350047339,-0.015616185031831264,0.015616185031831264,0.38456117486115815
job_000011,Rwanda,371,371,12.366666666666667,15,0.3761152118444443,15,0.16075355664805058,0.6112307029300266,0.3597714673736949,0.2810811034258175,0.05971871068000337,0.2,0,,,,,,15123,0.0186886265873909,0.05560705065727234,-0.0021284986287355423,-0.004990840330719948,-113.09732718542321,-0.04191454499959946,0.04191454499959946,0.29032477165302795
job_000011,Rwanda,372,372,12.4,14,0.3921715244650841,14,0.15394029664060607,0.6067355121885027,0.3778548432405664,0.28167752465733104,0.0657530798549825,0.14285714285714285,0,,,,,,14211,0.015817606821656227,0.04670921340584755,-0.00353716011159122,-0.003730923403054476,-133.4728863116403,-0.020831020548939705,0.020831020548939705,0.32502623172903305
job_000011,Rwanda,373,373,12.433333333333334,17,0.3803718133884318,17,0.23338860428212313,0.6146867424834008,0.3733400907911246,0.295721171417092,0.07863966140039291,0.17647058823529413,0,,,,,,24580,0.007866387255489826,0.022024352103471756,-0.0008949236944317818,-0.004291648510843515,-101.7789117819546,-0.008904354646801949,0.008904354646801949,0.5573032814251161
job_000011,Rwanda,374,374,12.466666666666667,17,0.3754387699505862,17,0.17782535286367218,0.6518954024595373,0.3921278361401526,0.30168546762088294,0.05744164717976246,0.17647058823529413,0,,,,,,17456,0.023351220414042473,0.061528488993644714,-0.0028975768946111202,-0.014469141140580177,-101.3242050281349,-0.04671720042824745,0.04671720042824745,0.6319336623235141
job_000011,Rwanda,375,375,12.5,13,0.41032683046964497,13,0.1496632607916947,0.6970012640341736,0.40473757944894984,0.304750639397765,0.0879689134841035,0.15384615384615385,0,,,,,,16186,0.02887606807053089,0.07667350769042969,-0.002666911343112588,-0.02049243450164795,-97.41487134344855,-0.054619353264570236,0.054619353264570236,0.7156529561219701
job_000011,Rwanda,376,376,12.533333333333333,14,0.37503422264541897,14,0.1553592306481957,0.6802051090058825,0.3887447546398829,0.30494797948271163,0.08884047321100509,0.14285714285714285,0,,,,,,16954,0.014125355519354343,0.036048926413059235,-0.0026039055082947016,-0.00913798063993454,-105.90512225247008,-0.0038392208516597748,0.0038392208516597748,0.6726724443033655
job_000011,Rwanda,377,377,12.566666666666666,14,0.36384776553937365,14,0.13851340824231748,0.6972823233831497,0.34583173151369445,0.32431116051534337,0.08365911262047006,0.21428571428571427,0,,,,,,15935,0.02225838229060173,0.0669034793972969,-0.004126496147364378,-0.015314028598368168,-105.08065700161268,0.0043824659660458565,0.0,0.7125516593372822
job_000011,Rwanda,378,378,12.6,20,0.3570285737514496,20,0.20706629133181623,0.6621097564697267,0.36971101963961567,0.3085760810639581,0.050281165351754295,0.2,0,,,,,,18804,0.03068428486585617,0.1066015437245369,-0.008527439087629318,-0.01933171972632408,-113.80281549446852,0.05143357068300247,0.0,0.6885919587628706
job_000011,Rwanda,379,379,12.633333333333333,20,0.36570545956492423,20,0.20772189026571636,0.6591451327006019,0.3727554421954685,0.3131063405752087,0.052765913873719136,0.2,0,,,,,,18737,0.016527803614735603,0.05276184901595116,-0.004570810589939356,-0.009463627822697163,-115.77994542888827,0.06219321861863136,0.0,0.6358764649667734
job_000011,Rwanda,380,380,12.666666666666666,19,0.4115192019625714,19,0.2235214627646789,0.6330213019722385,0.369124878126743,0.3026187393451421,0.06358697401290225,0.21052631578947367,0,,,,,,18121,0.03262254223227501,0.10322496294975281,-0.007623598910868168,-0.019426189363002777,-111.42699046781858,0.09233170747756958,0.0,0.6396970232737964
job_000011,Rwanda,381,381,12.7,17,0.35250889729051027,17,0.18532034301332792,0.6592671198003431,0.34576030047630685,0.3228391385922418,0.05544762312263035,0.29411764705882354,0,,,,,,14170,0.010725182481110096,0.029422303661704063,0.0016199880046769977,0.0018045059405267239,48.084217924072036,0.052588194608688354,0.0,0.22610295275055958
job_000011,Rwanda,382,382,12.733333333333333,17,0.3754611208158381,17,0.185468047616652,0.6654301596622841,0.35035452998541544,0.3140121738205512,0.08250094764990104,0.29411764705882354,0,,,,,,16620,0.012707571499049664,0.03900348022580147,-0.002834123093634844,-0.0058262767270207405,-115.94005456045475,0.0022772701922804117,0.0,0.5098554174245267
job_000011,Rwanda,383,383,12.766666666666667,17,0.4149476640364703,17,0.19655391019124194,0.6846812958810842,0.38162482309445306,0.3143742233087564,0.0640313693345151,0.23529411764705882,0,,,,,,16660,0.026110634207725525,0.08544102311134338,-0.0045313965529203415,-0.01317579299211502,-108.97903209125387,0.004935758654028177,0.0,0.5336230540134788
job_000011,Rwanda,384,384,12.8,13,0.4454846393603545,13,0.16122644999800678,0.6879417749551625,0.3765172806220856,0.3026514518951647,0.09946831816863994,0.23076923076923078,0,,,,,,15709,0.0283565204590559,0.0847913920879364,-0.006451394408941269,-0.015721337869763374,-112.31124203160887,0.005993847269564867,0.0,0.5992821397394624
job_000011,Rwanda,385,385,12.833333333333334,13,0.43937034675708186,13,0.15935012056602868,0.6879714965820315,0.37679654784352007,0.3023884168476114,0.09908049416695157,0.23076923076923078,0,,,,,,15707,0.013674674555659294,0.039248593151569366,-0.002590605989098549,-0.00924436841160059,-105.65479113630622,0.03604042902588844,0.0,0.7020641885319243
job_000011,Rwanda,386,386,12.866666666666667,16,0.4162227427586913,16,0.19331619124238106,0.6577183365821838,0.39924076199531555,0.3128890032989311,0.07479384081343954,0.1875,0,,,,,,16217,0.024571191519498825,0.07597510516643524,-0.004688351880759001,-0.01563100889325142,-106.69604681368942,0.05751297250390053,0.0,0.6641509100065194
job_000011,Rwanda,387,387,12.9,14,0.4295012578368187,14,0.1902640570983082,0.6778821127755302,0.45967734932268733,0.31091887092455656,0.06768223331317488,0.14285714285714285,0,,,,,,14549,0.0292366873472929,0.09310547262430191,-0.008135447278618813,-0.021130383014678955,-111.05729553392385,0.06677801162004471,0.0,0.7744518590259398
job_000011,Rwanda,388,388,12.933333333333334,13,0.44558491615148693,13,0.15355479199429092,0.6903192361195882,0.40214249157158394,0.30827601687200373,0.08341866609507907,0.15384615384615385,0,,,,,,14776,0.015268065966665745,0.045259665697813034,-0.0038913004100322723,-0.01043124869465828,-110.4576593778066,0.03320176526904106,0.0,0.7291968571513612
job_000011,Rwanda,389,389,12.966666666666667,14,0.44766876633678165,14,0.19683769639695184,0.6480055695488339,0.44899821142670976,0.3092692312021896,0.053179870614155286,0.14285714285714285,0,,,,,,14768,0.030687198042869568,0.08523334562778473,-0.008468244224786758,-0.01915525272488594,-113.84948852739339,0.00285785598680377,0.0,0.6824869308424628
job_000011,Rwanda,390,390,13.0,14,0.4085103763001306,14,0.19065975389205972,0.670009572165353,0.4100658202297473,0.3180591587431325,0.06273772817968251,0.21428571428571427,0,,,,,,14894,0.025968635454773903,0.08489184826612473,-0.005781235639005899,-0.016748709604144096,-109.04339353005633,0.04478294402360916,0.0,0.6823002840466829
job_000011,Rwanda,391,391,13.033333333333333,14,0.39222537939037594,14,0.17832520053598183,0.6710904677708944,0.4080816355962602,0.3018130502882132,0.05501509523775901,0.21428571428571427,0,,,,,,15249,0.014550340361893177,0.051427509635686874,-0.0023816032335162163,-0.010583493858575821,-102.68201752284776,0.04251918941736221,0.0,0.7455599353913702
job_000011,Rwanda,392,392,13.066666666666666,14,0.34484100341796875,14,0.13606224695707314,0.6578543265660605,0.33472346338645487,0.2944185047924675,0.09650907109733683,0.2857142857142857,0,,,,,,14560,0.01970001496374607,0.060241032391786575,-0.004350684583187103,-0.011430339887738228,-110.83812609325737,-0.05911118537187576,0.05911118537187576,0.620828782819456
job_000011,Rwanda,393,393,13.1,16,0.3241510456427932,16,0.18362361592385523,0.647416266798973,0.34932550633395165,0.29498856188149875,0.06181357517194758,0.25,0,,,,,,16145,0.03618922457098961,0.10029790550470352,-0.006630945485085249,-0.027661273255944252,-103.48053397420443,-0.04906493052840233,0.04906493052840233,0.7860062085973178
job_000011,Rwanda,394,394,13.133333333333333,13,0.3800301563281279,13,0.14398906037133674,0.6603574275970459,0.35374119641774054,0.2999758910534369,0.09832564430957326,0.23076923076923078,0,,,,,,13495,0.017311587929725647,0.05339863523840904,-0.0028071291744709015,-0.013115464709699154,-102.0808579286617,0.002665841020643711,0.0,0.774770559573348
job_000011,Rwanda,395,395,13.166666666666666,13,0.34275370148512035,13,0.1240014131235907,0.6711045045119065,0.3290670267197481,0.2981790320964862,0.07201494238054709,0.3076923076923077,0,,,,,,11942,0.025550246238708496,0.06873774528503418,-0.002448966260999441,-0.018068650737404823,-97.71864887347299,-0.01309827622026205,0.01309827622026205,0.7136470531558267
job_000011,Rwanda,396,396,13.2,17,0.3696687887696659,17,0.17237239809250982,0.6489584642298083,0.3723918839996937,0.32235303126733567,0.08257803443084966,0.23529411764705882,0,,,,,,19401,0.020646773278713226,0.062167197465896606,-0.007159525062888861,-0.011175978928804398,-122.6443259373874,-0.02419026382267475,0.02419026382267475,0.6428402621848406
job_000011,Rwanda,397,397,13.233333333333333,17,0.36545592371155233,17,0.1709356510400638,0.6716768096475039,0.36654073075271637,0.32309166288503405,0.06658715006430814,0.23529411764705882,0,,,,,,18296,0.009181725792586803,0.0275496244430542,-0.003486908506602049,-0.004995830822736025,-124.91364186183756,0.007215880323201418,0.0,0.6635310881919905
job_000011,Rwanda,398,398,13.266666666666667,15,0.4138235032558441,15,0.14345904316390878,0.6997903389400907,0.34297945469985774,0.2989260781777047,0.06450044488185282,0.26666666666666666,0,,,,,,14943,0.022148078307509422,0.07531518489122391,-0.009022883139550686,-0.010606728494167328,-130.38699544307931,0.00647015729919076,0.0,0.6287380945203803
job_000011,Rwanda,399,399,13.3,17,0.3564316796905854,17,0.18523016276518994,0.6893620678022795,0.3659603617549722,0.30950750032386243,0.05945836803668274,0.23529411764705882,0,,,,,,15414,0.025242775678634644,0.09556245058774948,-0.008474052883684635,-0.012847713194787502,-123.40791560398188,0.04295005276799202,0.0,0.609706680209584
