job_id,site,frame_index,timestamp_seconds,phase,density,inflow,proximity,convergence,directional_coherence,corner,context,valid_evidence_count,missing_evidence,score_social_attraction,score_group_convergence,score_external_context,risk_raw,risk_smoothed,alert_state
job_000004,Bulgaria,0,0.0,calibration,0.0,0.0,0.18389858778990031,0.0,0.0,1.0,0.0,4,convergence;directional_coherence,0.14597464694747508,0.0,0.22758478816848507,22.758478816848505,,calibrating
job_000004,Bulgaria,1,0.05,calibration,0.0,0.0,0.0,0.0,0.0,0.6511627906976745,0.0,6,,0.06511627906976745,0.0,0.1302325581395349,13.02325581395349,,calibrating
job_000004,Bulgaria,2,0.1,calibration,0.0,0.010475031563957724,0.0,0.0,0.040972949599084735,1.0,0.0,6,,0.10314250946918732,0.011814492134364842,0.20157125473459367,20.157125473459367,,calibrating
job_000004,Bulgaria,3,0.15,calibration,0.0,0.0,0.0,0.0,0.0,0.2790697674418604,0.0,6,,0.027906976744186043,0.0,0.055813953488372085,5.581395348837209,,calibrating
job_000004,Bulgaria,4,0.2,calibration,0.14104764005984102,0.0,0.1818793471520462,0.0,0.0,0.2790697674418604,0.0,6,,0.12274348755314196,0.035261910014960256,0.11130538357314723,12.274348755314197,,calibrating
job_000004,Bulgaria,5,0.25,calibration,0.0,0.0,0.0,0.0,0.0,0.6511627906976745,0.0,6,,0.06511627906976745,0.0,0.1302325581395349,13.02325581395349,,calibrating
job_000004,Bulgaria,6,0.3,calibration,0.0,0.145264994441564,0.2288302236011122,0.3080110494981228,0.1799332505400478,0.0,0.0,6,,0.10078705423274724,0.17457692912558953,0.056114282706401425,17.457692912558954,,calibrating
job_000004,Bulgaria,7,0.35,calibration,0.0,0.03521576525436402,0.2719576665791215,0.0,0.21346273138135535,0.9767441860465119,0.0,6,,0.17622856482574079,0.05864804763349344,0.24142485198432523,24.142485198432524,,calibrating
job_000004,Bulgaria,8,0.4,calibration,0.0,0.020831054692852197,0.24164624248141153,0.08212880891029045,0.18424033609438173,0.0,0.0,6,,0.06666087702820854,0.07792982534612491,0.039371594576139556,7.7929825346124915,,calibrating
job_000004,Bulgaria,9,0.45,calibration,0.0,0.010056110638901345,0.0,0.1858637689278595,0.1919919205534611,0.0,0.0,6,,0.0030168331916704035,0.11455871585895129,0.0015084165958352018,11.45587158589513,,calibrating
job_000004,Bulgaria,10,0.5,calibration,0.0,0.10163962033177414,0.0,1.0,0.18538019891610982,0.0,0.0,6,,0.03049188609953224,0.4115909927787936,0.01524594304976612,41.159099277879356,,calibrating
job_000004,Bulgaria,11,0.55,calibration,0.10702653960074177,0.0,0.14823451221488682,0.24293433469621975,0.07446645786739028,0.0,0.0,6,,0.07451791691398132,0.13040026651070993,0.04364048475238137,13.040026651070994,,calibrating
job_000004,Bulgaria,12,0.6,calibration,0.0,0.0,0.0,0.2706572482197072,0.10048638458168677,0.2790697674418604,0.0,6,,0.027906976744186043,0.11985163302231922,0.055813953488372085,11.985163302231921,,calibrating
job_000004,Bulgaria,13,0.65,calibration,0.3036724287975066,0.17738498299415079,0.4775324051764039,0.21520205114170946,0.0,0.3906976744186047,0.0,6,,0.317953713713334,0.17784657254809758,0.23711162886880546,31.7953713713334,,calibrating
job_000004,Bulgaria,14,0.7,calibration,0.25948803103319584,0.0,0.26729804582281225,0.0,0.0,0.0,0.0,6,,0.1576453223173216,0.06487200775829896,0.091992313080061,15.76453223173216,,calibrating
job_000004,Bulgaria,15,0.75,calibration,0.0,0.0,0.055390854654041206,0.0,0.0,0.6511627906976745,0.0,6,,0.07896399273327775,0.0,0.1385411863376411,13.85411863376411,,calibrating
job_000004,Bulgaria,16,0.8,calibration,0.0,0.0,0.0,0.0,0.0,0.0,0.0,6,,0.0,0.0,0.0,0.0,,calibrating
job_000004,Bulgaria,17,0.85,calibration,0.03833703565063766,0.0,0.19348181819788857,0.0,0.0,0.0,0.0,6,,0.06178841702719532,0.009584258912659415,0.036689679859810816,6.178841702719532,,calibrating
job_000004,Bulgaria,18,0.9,calibration,0.3874342228608895,0.08333333333333333,0.26985086074031595,0.1512419481420133,0.0,0.0,0.0,6,,0.2280646931863903,0.16229323756492703,0.1304644736832253,22.80646931863903,,calibrating
job_000004,Bulgaria,19,0.95,calibration,0.2859821557390431,0.0,0.24437891397095088,0.0,0.0,0.0,0.0,6,,0.16118848300140282,0.07149553893476078,0.09385326824345125,16.118848300140282,,calibrating
job_000004,Bulgaria,20,1.0,calibration,0.07514484015939482,0.0,0.0,0.0,0.0,0.0,0.0,6,,0.026300694055788186,0.018786210039848705,0.015028968031878965,2.6300694055788187,,calibrating
job_000004,Bulgaria,21,1.05,calibration,0.00807018978598028,0.0,0.0,0.0,0.0,0.2790697674418604,0.0,6,,0.03073154316927914,0.00201754744649507,0.05742799144556814,5.742799144556814,,calibrating
job_000004,Bulgaria,22,1.1,calibration,0.0,0.0,0.26798533527091406,0.0,0.0,0.2790697674418604,0.0,6,,0.09490331056191456,0.0,0.0960117537790092,9.601175377900919,,calibrating
job_000004,Bulgaria,23,1.15,calibration,0.0,0.0,0.2686366165658522,0.0,0.0,0.2790697674418604,0.0,6,,0.0950661308856491,0.0,0.09610944597324991,9.610944597324991,,calibrating
job_000004,Bulgaria,24,1.2,calibration,0.07163663089218687,0.0,0.18130094405553454,0.0,0.0167879410426506,0.0,0.0,6,,0.07039805682614904,0.022106142983709366,0.041522467786767554,7.039805682614904,,calibrating
job_000004,Bulgaria,25,1.25,calibration,0.0,0.0,0.0,0.0,0.0,0.6511627906976745,0.0,6,,0.06511627906976745,0.0,0.1302325581395349,13.02325581395349,,calibrating
job_000004,Bulgaria,26,1.3,calibration,0.0,0.17903456551657745,0.2555565780421982,0.07840542981955105,0.1301202986488915,0.6511627906976745,0.0,6,,0.18271579323529025,0.08682715992655235,0.19542122967335127,19.542122967335125,,calibrating
job_000004,Bulgaria,27,1.35,calibration,0.3077086418393561,0.11129776247461837,0.21964195696638117,0.00299673318491759,0.11172378936766578,0.6511627906976745,0.0,6,,0.2611141216975229,0.12260162878766936,0.24141524442355605,26.111412169752292,,calibrating
job_000004,Bulgaria,28,1.4,calibration,0.0943058560366904,0.0,0.14406366550704025,0.12115068530357206,0.007316800069973833,0.0,0.0,6,,0.0690229659896017,0.06780840388291627,0.04047072103339412,6.90229659896017,,calibrating
job_000004,Bulgaria,29,1.45,calibration,0.02123470865034403,0.012397480752104714,0.1086663130714603,0.03668675986598846,0.0,0.0,0.0,6,,0.0383179705211169,0.020008665228497674,0.02240651080360356,3.83179705211169,,calibrating
job_000004,Bulgaria,30,1.5,calibration,0.10931939233892665,0.1777566545748514,0.029794845248408735,0.17241267020896375,0.0,0.0,0.0,6,,0.09903749500318194,0.11433778084409668,0.052996603441274354,11.433778084409669,,calibrating
job_000004,Bulgaria,31,1.55,calibration,0.0,0.04365819844717821,0.07567980562887244,0.0,0.015726936432891747,0.2790697674418604,0.0,6,,0.05992438768555762,0.010480463875299668,0.07371465409977968,7.371465409977968,,calibrating
job_000004,Bulgaria,32,1.6,calibration,0.10713282568983873,0.1750604718418928,0.19751844179117392,0.0,0.196725557664332,0.2790697674418604,0.0,6,,0.1673012177359909,0.1022236666148266,0.13312735567129985,16.73012177359909,,calibrating
job_000004,Bulgaria,33,1.65,calibration,0.0,0.004431464264330261,0.1191539803482522,0.0,0.0,0.2790697674418604,0.0,6,,0.05902491111054817,0.0006647196396495392,0.07435177018025946,7.4351770180259456,,calibrating
job_000004,Bulgaria,34,1.7,calibration,0.3823463869603224,0.6666666666666666,0.30514000581959244,0.0,0.0748247716326401,0.3906976744186047,0.0,6,,0.44917600433287136,0.21429278964824064,0.3003798131487243,44.917600433287134,,calibrating
job_000004,Bulgaria,35,1.75,calibration,0.0,0.5,0.0,0.0,0.20324343985064733,0.6511627906976745,0.0,6,,0.21511627906976744,0.12581085996266184,0.2052325581395349,21.511627906976745,,calibrating
job_000004,Bulgaria,36,1.8,calibration,0.014061956849591802,0.4684137792568502,0.0,1.0,0.12447547023131829,0.0,0.0,6,,0.1454458186744122,0.45489642365875504,0.07307445825844588,45.489642365875504,,calibrating
job_000004,Bulgaria,37,1.85,calibration,0.10237675786001399,0.4634687677238231,0.0,0.3352312608572345,0.14668570907413764,0.0,0.0,6,,0.17487249556815182,0.24911687319214343,0.08999566673057625,24.911687319214344,,calibrating
job_000004,Bulgaria,38,1.9,calibration,0.432090545676652,0.5833333333333334,0.005766697947721157,1.0,0.17656469579339454,0.0,0.0,6,,0.3276733654737585,0.5896638103675116,0.17478311382748857,58.96638103675116,,calibrating
job_000004,Bulgaria,39,1.95,calibration,0.42286918693308273,0.6406818080390538,0.07246786395149073,1.0,0.19817696519595052,0.0,0.0,6,,0.35832572382616773,0.6013638092381163,0.19154628818519823,60.13638092381163,,calibrating
job_000004,Bulgaria,40,2.0,calibration,0.39929459861369027,0.5559499128355124,0.06187315429625057,1.0,0.12115610764020311,0.0,0.0,6,,0.32200637193950793,0.5635051634888001,0.17253237979250252,56.35051634888001,,calibrating
job_000004,Bulgaria,41,2.05,calibration,0.2650613630306496,0.38420042688489053,0.0,1.0,0.23139757647970735,0.0,0.0,6,,0.2080316051261945,0.5317447989103228,0.1106423366388635,53.17447989103228,,calibrating
job_000004,Bulgaria,42,2.1,calibration,0.23393815624666012,0.5833333333333334,0.0,1.0,0.25182791794143466,0.0,0.0,6,,0.256878354686331,0.5589415185470237,0.13428763124933202,55.894151854702365,,calibrating
job_000004,Bulgaria,43,2.15,calibration,0.2471641166753857,0.3453618743202162,0.0,1.0,0.2504197998488005,0.0,0.0,6,,0.19011600313244986,0.526200260279079,0.10123710448310957,52.6200260279079,,calibrating
job_000004,Bulgaria,44,2.2,calibration,0.20787568959922717,0.32733757705974886,0.0,0.2567161461942693,0.25785525810759063,0.0,0.0,6,,0.17095776447765415,0.255384024653661,0.09067577447880776,25.5384024653661,,calibrating
job_000004,Bulgaria,45,2.25,calibration,0.4859765638345307,0.4165206379383164,0.18644865599121702,0.5461829118146281,0.25700326066735174,0.0,0.0,6,,0.3416601527213849,0.4393870709513379,0.18764070685633616,43.938707095133786,,calibrating
job_000004,Bulgaria,46,2.3,calibration,0.18990605003677047,0.4173954741868287,0.0,0.8601569689172677,0.2327218993188336,0.0,0.0,6,,0.19168575976891827,0.46932124758796895,0.10059053113537841,46.932124758796895,,calibrating
job_000004,Bulgaria,47,2.35,calibration,0.1892473118976439,0.12160176196481565,0.0,0.30878701135669645,0.19315547622661625,0.0,0.0,6,,0.10271708775362007,0.22191641530063114,0.056089726674251134,22.191641530063112,,calibrating
job_000004,Bulgaria,48,2.4,calibration,0.18047304951009283,0.11123135638059672,0.0,0.27254683826534626,0.15611325449047395,0.0,0.0,6,,0.0965349742427115,0.1962226728501024,0.05277931335910807,19.62226728501024,,calibrating
job_000004,Bulgaria,49,2.45,calibration,0.0,0.0,0.00854214550925289,0.0,0.0,0.0,0.0,6,,0.0021355363773132227,0.0,0.0012813218263879335,0.21355363773132227,,calibrating
job_000004,Bulgaria,50,2.5,calibration,0.0,0.0,0.0,0.0,0.0,0.2790697674418604,0.0,6,,0.027906976744186043,0.0,0.055813953488372085,5.581395348837209,,calibrating
job_000004,Bulgaria,51,2.55,calibration,0.06710367949153762,0.0,0.24743974371904667,0.0147909453457279,0.0,0.0,0.0,6,,0.08534622375179983,0.02195275074388917,0.05053669745616452,8.534622375179984,,calibrating
job_000004,Bulgaria,52,2.6,calibration,0.0,0.0,0.0,0.0,0.0,0.2790697674418604,0.0,6,,0.027906976744186043,0.0,0.055813953488372085,5.581395348837209,,calibrating
job_000004,Bulgaria,53,2.65,calibration,0.0,0.0,0.0,0.0,0.0,0.2790697674418604,0.0,6,,0.027906976744186043,0.0,0.055813953488372085,5.581395348837209,,calibrating
job_000004,Bulgaria,54,2.7,calibration,0.0,0.0,0.0,0.0,0.0,0.2790697674418604,0.0,6,,0.027906976744186043,0.0,0.055813953488372085,5.581395348837209,,calibrating
job_000004,Bulgaria,55,2.75,calibration,0.0,0.0,0.0,0.0,0.0,0.2790697674418604,0.0,6,,0.027906976744186043,0.0,0.055813953488372085,5.581395348837209,,calibrating
job_000004,Bulgaria,56,2.8,calibration,0.0,0.0,0.0,0.0,0.0,0.2790697674418604,0.0,6,,0.027906976744186043,0.0,0.055813953488372085,5.581395348837209,,calibrating
job_000004,Bulgaria,57,2.85,calibration,0.0,0.0,0.0,0.011199091900977624,0.0,0.2790697674418604,0.0,6,,0.027906976744186043,0.003919682165342168,0.055813953488372085,5.581395348837209,,calibrating
job_000004,Bulgaria,58,2.9,calibration,0.0,0.0,0.0,0.06633840797261172,0.0,0.6511627906976745,0.0,6,,0.06511627906976745,0.023218442790414098,0.1302325581395349,13.02325581395349,,calibrating
job_000004,Bulgaria,59,2.95,calibration,0.0,0.0,0.0,0.0,0.0,0.0,0.0,6,,0.0,0.0,0.0,0.0,,calibrating
job_000004,Bulgaria,60,3.0,monitoring,0.0,0.0,0.0,0.0,0.0,0.2790697674418604,0.0,6,,0.027906976744186043,0.0,0.055813953488372085,5.581395348837209,5.581395348837209,normal
job_000004,Bulgaria,61,3.05,monitoring,0.0,0.0,0.0,0.0,0.0,0.0,0.0,6,,0.0,0.0,0.0,0.0,4.911627906976744,normal
job_000004,Bulgaria,62,3.1,monitoring,0.0,0.0,0.0,0.0,0.0,0.6511627906976745,0.0,6,,0.06511627906976745,0.0,0.1302325581395349,13.02325581395349,5.8850232558139535,normal
job_000004,Bulgaria,63,3.15,monitoring,0.0,0.0,0.0,0.0,0.0,0.6511627906976745,0.0,6,,0.06511627906976745,0.0,0.1302325581395349,13.02325581395349,6.741611162790697,normal
job_000004,Bulgaria,64,3.2,monitoring,0.0,0.0,0.0,0.0,0.0,0.6511627906976745,0.0,6,,0.06511627906976745,0.0,0.1302325581395349,13.02325581395349,7.495408520930232,normal
job_000004,Bulgaria,65,3.25,monitoring,0.0,0.0,0.0,0.0,0.0,0.6511627906976745,0.0,6,,0.06511627906976745,0.0,0.1302325581395349,13.02325581395349,8.158750196093022,normal
job_000004,Bulgaria,66,3.3,monitoring,0.0,0.0,0.0,0.0,0.0,0.2790697674418604,0.0,6,,0.027906976744186043,0.0,0.055813953488372085,5.581395348837209,7.849467614422324,normal
job_000004,Bulgaria,67,3.35,monitoring,0.0,0.0,0.00980478359083273,0.0,0.0,0.2790697674418604,0.0,6,,0.030358172641894225,0.0,0.057284671026997,5.7284671026997,7.594947553015609,normal
job_000004,Bulgaria,68,3.4,monitoring,0.0,0.0,0.0,0.0,0.0,0.6511627906976745,0.0,6,,0.06511627906976745,0.0,0.1302325581395349,13.02325581395349,8.246344544328155,normal
job_000004,Bulgaria,69,3.45,monitoring,0.0,0.0,0.0,0.0,0.0,0.6511627906976745,0.0,6,,0.06511627906976745,0.0,0.1302325581395349,13.02325581395349,8.819573896683195,normal
job_000004,Bulgaria,70,3.5,monitoring,0.0,0.0,0.0,0.0,0.0,0.0,0.0,6,,0.0,0.0,0.0,0.0,7.761225029081212,normal
job_000004,Bulgaria,71,3.55,monitoring,0.0,0.0,0.0,0.0,0.0,0.0,0.0,6,,0.0,0.0,0.0,0.0,6.829878025591467,normal
job_000004,Bulgaria,72,3.6,monitoring,0.0,0.0,0.0,0.0,0.0,0.6511627906976745,0.0,6,,0.06511627906976745,0.0,0.1302325581395349,13.02325581395349,7.573083360194909,normal
job_000004,Bulgaria,73,3.65,monitoring,0.0,0.0,0.0,0.0,0.0033016343763771104,0.2790697674418604,0.0,6,,0.027906976744186043,0.0008254085940942776,0.055813953488372085,5.581395348837209,7.334080798831985,normal
job_000004,Bulgaria,74,3.7,monitoring,0.0,0.0,0.11937435561482289,0.08120968284087825,0.0,0.2790697674418604,0.0,6,,0.057750565647891765,0.028423388994307384,0.07372010683059552,7.3720106830595515,7.3386323849392925,normal
job_000004,Bulgaria,75,3.75,monitoring,0.2719790056727601,0.08429885138818267,0.22441573682365035,0.28404754036886,0.0,0.6511627906976745,0.0,6,,0.2417025206776009,0.18005621825551843,0.2309355475058619,24.17025206776009,9.358426746877788,normal
job_000004,Bulgaria,76,3.8,monitoring,0.053832275897856434,0.0,0.04933351214695843,0.0,0.0,0.9767441860465119,0.0,6,,0.12884909320564056,0.013458068974464108,0.21351531921091746,21.351531921091745,10.797599367783462,normal
job_000004,Bulgaria,77,3.85,monitoring,0.0,0.0,0.0,0.0839077216289662,0.0,1.0,0.0,6,,0.1,0.02936770257013817,0.2,20.0,11.901887443649446,normal
job_000004,Bulgaria,78,3.9,monitoring,0.0,0.003146225929684465,0.0,0.2637490942162075,0.0,0.2790697674418604,0.0,6,,0.028850844523091383,0.09278411686512529,0.05628588737782476,9.278411686512529,11.587070352793017,normal
job_000004,Bulgaria,79,3.95,monitoring,0.0,0.0,0.0,0.02195120249969496,0.0,0.2790697674418604,0.0,6,,0.027906976744186043,0.007682920874893235,0.055813953488372085,5.581395348837209,10.86638935231832,normal
job_000004,Bulgaria,80,4.0,monitoring,0.0,0.0,0.03528340509242057,0.0,0.007051372935166663,0.6511627906976745,0.0,6,,0.0739371303428726,0.0017628432337916658,0.135525068903398,13.5525068903398,11.188723456880897,normal
job_000004,Bulgaria,81,4.05,monitoring,0.025149900216702898,0.026557305880511105,0.12648064852515983,0.0,0.057993658132482286,0.2790697674418604,0.0,6,,0.07629679571547535,0.02476948546937296,0.0837996266925633,8.37996266925633,10.851672162365949,normal
job_000004,Bulgaria,82,4.1,monitoring,0.22381128033896044,0.006767089905732452,0.3141813512470204,0.0,0.0,0.2790697674418604,0.0,6,,0.18681638964629704,0.05696788357059998,0.14871847572907712,18.681638964629705,11.7912681786376,normal
job_000004,Bulgaria,83,4.15,monitoring,0.41012044009240817,0.010088271170659356,0.28478826758328846,0.0,0.02629842173305071,0.0,0.0,6,,0.2177657022793628,0.11061795613196362,0.12625556883157382,21.77657022793628,12.989504424553441,normal
job_000004,Bulgaria,84,4.2,monitoring,0.1767864426844895,0.008500490654484778,0.27875362699315087,0.0,0.0,0.0,0.0,6,,0.1341138088842045,0.04547168426929509,0.07844540618404325,13.41138088842045,13.040129600217483,normal
job_000004,Bulgaria,85,4.25,monitoring,0.21072223892813147,0.04159852872077609,0.18059320175314442,0.0,0.04099628236064041,0.0,0.0,6,,0.13138064267936495,0.06916940963030939,0.07547320735671437,13.138064267936494,13.051881760343765,normal
job_000004,Bulgaria,86,4.3,monitoring,0.1641538042676795,0.18965357481969422,0.09163504203015047,0.0,0.0,0.2790697674418604,0.0,6,,0.16516564119131974,0.069486487289874,0.13083800686938468,16.516564119131974,13.46764364339835,normal
job_000004,Bulgaria,87,4.35,monitoring,0.14866632671754978,0.03182111432268218,0.09703151255744942,0.0,0.0,0.2790697674418604,0.0,6,,0.11374440353149548,0.04193974882778977,0.10487511286390178,11.374440353149549,13.216459248568494,normal
job_000004,Bulgaria,88,4.4,monitoring,0.03016105601997005,0.04650886066478126,0.0,0.47284589821667566,0.010818266367345872,0.0,0.0,6,,0.024509027806423896,0.18271722407238264,0.013008540303711198,18.271722407238265,13.823090827608867,normal
job_000004,Bulgaria,89,4.45,monitoring,0.002346932295466901,0.0,0.0,0.0,0.0,0.6511627906976745,0.0,6,,0.06593770537318087,0.0005867330738667252,0.1307019445986283,13.07019445986283,13.732743263479342,normal
job_000004,Bulgaria,90,4.5,monitoring,0.0,0.00041738481074510004,0.0,0.23406118655532346,0.0,0.6511627906976745,0.0,6,,0.06524149451299098,0.08198402301597497,0.13029516586114667,13.029516586114667,13.648356062195582,normal
job_000004,Bulgaria,91,4.55,monitoring,0.0,0.008068029796634806,0.602718064108758,0.0,0.0,0.0,0.0,6,,0.15309992496617994,0.0012102044694952208,0.09161791408580891,15.309992496617994,13.84775243432627,normal
job_000004,Bulgaria,92,4.6,monitoring,0.26308238905029935,0.0,0.30595182225066053,0.0,0.0,0.0,0.0,6,,0.1685667917302699,0.06577059726257484,0.09850925114765896,16.85667917302699,14.208823642970357,normal
job_000004,Bulgaria,93,4.65,monitoring,0.03918729648561039,0.0,0.6067379520504194,0.04022675758642019,0.0,0.0,0.0,6,,0.16540004178256848,0.023876189276649664,0.09884815210468498,16.540004178256847,14.488565307204736,normal
job_000004,Bulgaria,94,4.7,monitoring,0.03751426851713325,0.0022163533861525174,0.002451115530771283,0.07388962967100708,0.0,0.2790697674418604,0.0,6,,0.042314655623721255,0.03557239052205867,0.06401692752933731,6.401692752933731,13.518140600692215,normal
job_000004,Bulgaria,95,4.75,monitoring,0.21258842063670677,0.0,0.01851650500743089,0.0,0.0,0.0,0.0,6,,0.07903507347470509,0.05314710515917669,0.04529515987845599,7.9035073474705095,12.84438461030561,normal
job_000004,Bulgaria,96,4.8,monitoring,0.05578896333672004,0.0,0.27551159823443,0.0,0.0,0.0,0.0,6,,0.08840403672645951,0.01394724083418001,0.052484532402508506,8.840403672645952,12.363906897786451,normal
job_000004,Bulgaria,97,4.85,monitoring,0.307437558748898,0.0,0.5125771725150362,0.0,0.0,0.0,0.0,6,,0.23574743869087333,0.0768593896872245,0.13837408762703504,23.574743869087335,13.709207334342558,normal
job_000004,Bulgaria,98,4.9,monitoring,0.0,0.09518319146104946,0.6775117409211235,0.0,0.0,0.6511627906976745,0.0,6,,0.2630491717383632,0.014277478719157419,0.24613679799686086,26.304917173836316,15.22069251508181,normal
job_000004,Bulgaria,99,4.95,monitoring,0.15861233746166098,0.0,0.3736446753119511,0.0,0.0,0.2790697674418604,0.0,6,,0.17683246368375516,0.039653084365415245,0.14358312227749695,17.683246368375517,15.516198977477055,normal
job_000004,Bulgaria,100,5.0,monitoring,0.0,0.0,0.381990754463133,0.0,0.0,0.0,0.0,6,,0.09549768861578325,0.0,0.05729861316946995,9.549768861578325,14.800227363569208,normal
job_000004,Bulgaria,101,5.05,monitoring,0.0,0.0,0.2915356622663318,0.0,0.0,0.0,0.0,6,,0.07288391556658295,0.0,0.04373034933994977,7.288391556658295,13.898807066739899,normal
job_000004,Bulgaria,102,5.1,monitoring,0.0,0.014028255448337898,0.2815247649145754,0.0,0.0,0.0,0.0,6,,0.07458966786314522,0.0021042383172506845,0.04433295305443699,7.458966786314522,13.126026233088854,normal
job_000004,Bulgaria,103,5.15,monitoring,0.0,0.0,0.30477944638726906,0.0,0.0,0.0,0.0,6,,0.07619486159681726,0.0,0.04571691695809036,7.619486159681727,12.465241424279998,normal
job_000004,Bulgaria,104,5.2,monitoring,0.0,0.0,0.2685667016640192,0.0,0.0,0.0,0.0,6,,0.0671416754160048,0.0,0.04028500524960288,6.71416754160048,11.775112558358456,normal
job_000004,Bulgaria,105,5.25,monitoring,0.0,0.0,0.20083205355722925,0.0,0.0,0.0,0.0,6,,0.05020801338930731,0.0,0.030124808033584385,5.020801338930731,10.96459521202713,normal
job_000004,Bulgaria,106,5.3,monitoring,0.0,0.0,0.5940949887362698,0.15119924052693023,0.0,1.0,0.0,6,,0.24852374718406745,0.05291973418442558,0.28911424831044047,28.911424831044048,13.118214766309158,normal
job_000004,Bulgaria,107,5.35,monitoring,0.0,0.0,0.5836290804131355,0.0,0.0,0.6511627906976745,0.0,6,,0.21102354917305133,0.0,0.21777692020150524,21.777692020150525,14.157352036770122,normal
job_000004,Bulgaria,108,5.4,monitoring,0.060411219052874596,0.0031412558977853707,0.09489720828523714,0.1352828126719942,0.08490314437808237,0.0,0.0,6,,0.045810605509151,0.08414876367760503,0.026788013438028294,8.414876367760503,13.468254956488968,normal
job_000004,Bulgaria,109,5.45,monitoring,0.03524739420020886,0.0,0.10698848503829513,0.0019019991722502266,0.08949962122241416,0.0,0.0,6,,0.03908370922964688,0.03185245356594334,0.023097751595786038,3.908370922964688,12.321068872466055,normal
job_000004,Bulgaria,110,5.5,monitoring,0.0,0.13742827537612334,0.0,0.0,0.24105286532090808,0.0,0.0,6,,0.041228482612837,0.08087745763664553,0.0206142413064185,8.087745763664552,11.813070099409876,normal
job_000004,Bulgaria,111,5.55,monitoring,0.0,0.03340710766985194,0.0,0.05049876505611029,0.2176675156125764,0.0,0.0,6,,0.010022132300955583,0.0771025128232605,0.0050110661504777915,7.71025128232605,11.320731841359816,normal
job_000004,Bulgaria,112,5.6,monitoring,0.08195586668996362,0.08020865555564974,0.14709906908903853,0.12435691265577943,0.081754257663834,0.0,0.0,6,,0.08952191728044182,0.09648374885131966,0.050487332034695964,9.648374885131966,11.120049006612474,normal
job_000004,Bulgaria,113,5.65,monitoring,0.0,0.08236156444213145,0.2303818045610536,0.0,0.12953289584008662,0.0,0.0,6,,0.08230392047290283,0.044737458626341375,0.04691150535047776,8.230392047290284,10.77329017149381,normal
job_000004,Bulgaria,114,5.7,monitoring,0.0,0.0038228055632630767,0.161268145785042,0.0,0.010216440459363702,0.0,0.0,6,,0.041463878115239425,0.0031275309493303868,0.02476364270224576,4.146387811523942,9.978061888297427,normal
job_000004,Bulgaria,115,5.75,monitoring,0.0,0.0,0.3242829147234919,0.0,0.0,0.0,0.0,6,,0.08107072868087298,0.0,0.048642437208523785,8.107072868087299,9.75354320587221,normal
job_000004,Bulgaria,116,5.8,monitoring,0.028833091257199923,0.050478665133854364,0.5635549778866318,0.0,0.11078410492289573,0.0,0.0,6,,0.16612392595183423,0.042476098815102066,0.0978716647045129,16.612392595183422,10.576605132589556,normal
job_000004,Bulgaria,117,5.85,monitoring,0.0,0.0,0.5338752815427616,0.0,0.0,0.0,0.0,6,,0.1334688203856904,0.0,0.08008129223141425,13.346882038569042,10.909038361307093,normal
job_000004,Bulgaria,118,5.9,monitoring,0.0,0.08994273536054126,0.0,0.0877257010460718,0.011318887519299046,0.0,0.0,6,,0.026982820608162376,0.047025127550031076,0.013491410304081188,4.702512755003108,10.164255288550615,normal
job_000004,Bulgaria,119,5.95,monitoring,0.0,0.07516858365222386,0.0,0.0,0.15321450331664577,0.0,0.0,6,,0.022550575095667155,0.04957891337699502,0.011275287547833577,4.957891337699502,9.539491614448481,normal
job_000004,Bulgaria,120,6.0,monitoring,0.0,0.03918243792251441,0.0,0.0,0.10854498397210172,0.0,0.0,6,,0.011754731376754323,0.03301361168140259,0.0058773656883771615,3.301361168140259,8.790915960891494,normal
job_000004,Bulgaria,121,6.05,monitoring,0.0,0.0,0.0,0.0,0.0,0.0,0.0,6,,0.0,0.0,0.0,0.0,7.736006045584515,normal
job_000004,Bulgaria,122,6.1,monitoring,0.13973088378635934,0.0864696447302054,0.3117097738539951,0.0,0.0,0.0,0.0,6,,0.15277414620778618,0.04790316765612064,0.08767308954490194,15.277414620778618,8.640975074607807,normal
job_000004,Bulgaria,123,6.15,monitoring,0.0,0.0,0.4540381424708209,0.0,0.0,0.0,0.0,6,,0.11350953561770523,0.0,0.06810572137062314,11.350953561770522,8.966172493067333,normal
job_000004,Bulgaria,124,6.2,monitoring,0.20923647814819557,0.0,0.147409681519902,0.10982998642760253,0.0,0.0,0.0,6,,0.11008518773184395,0.09074961478670977,0.06395874785762441,11.008518773184395,9.21125404668138,normal
job_000004,Bulgaria,125,6.25,monitoring,0.0,0.0,0.520769915567164,0.0,0.0,0.2790697674418604,0.0,6,,0.15809945563597705,0.0,0.13392944082344668,15.809945563597704,10.00309702871134,normal
job_000004,Bulgaria,126,6.3,monitoring,0.3119052034769932,0.08333333333333333,0.33343779050814026,0.03428077015009683,0.0,0.0,0.0,6,,0.21752626884398268,0.10247457042178218,0.12489670927161967,21.752626884398268,11.41304061139377,normal
job_000004,Bulgaria,127,6.35,monitoring,0.16545880833522134,0.0,0.1474015598787405,0.0,0.0,0.0,0.0,6,,0.0947609728870126,0.041364702083805334,0.05520199564885535,9.47609728870126,11.180607412670668,normal
job_000004,Bulgaria,128,6.4,monitoring,0.33439460909004315,0.08333333333333333,0.6688003539680362,0.0760652892295713,0.0,0.0,0.0,6,,0.3092382016735241,0.12272150350286073,0.17969897491321404,30.92382016735241,13.549792943232477,normal
job_000004,Bulgaria,129,6.45,monitoring,0.005262765048022201,0.0,0.4287141853133764,0.0,0.0,0.6511627906976745,0.0,6,,0.1741367931649193,0.0013156912620055502,0.1955922389461458,19.55922389461458,14.27092465739833,normal
job_000004,Bulgaria,130,6.5,monitoring,0.343060331711339,0.16666666666666666,0.33111720144844975,0.10995110640756102,0.0,0.0,0.0,6,,0.2528504164610811,0.14924797017048108,0.14327964655953526,25.28504164610811,15.592618696043504,normal
job_000004,Bulgaria,131,6.55,monitoring,0.42180556840479605,0.16666666666666666,0.375547072350724,0.0,0.0,0.0,0.0,6,,0.2915187170293596,0.13045139210119902,0.1656931745335678,29.15187170293596,17.219729056870598,normal
job_000004,Bulgaria,132,6.6,monitoring,0.2242381910112231,0.0,0.483576641334278,0.0,0.0,0.0,0.0,6,,0.19937752718749757,0.05605954775280578,0.11738413440238632,19.937752718749756,17.545891896296098,normal
job_000004,Bulgaria,133,6.65,monitoring,0.3066278292442728,0.08333333333333333,0.22466710659254202,0.0,0.0,0.0,0.0,6,,0.188486516883631,0.0891569573110682,0.10752563183773586,18.8486516883631,17.702223071344136,normal
job_000004,Bulgaria,134,6.7,monitoring,0.16258655569998343,0.0,0.5279623891108285,0.0,0.0,0.2790697674418604,0.0,6,,0.21680286851688738,0.040646638924995857,0.16752562299499305,21.680286851688738,18.179590724985488,normal
job_000004,Bulgaria,135,6.75,monitoring,0.2348469266854847,0.0,0.5612473422591375,0.0,0.0,0.0,0.0,6,,0.22250825990470402,0.05871173167137118,0.13115648667596758,22.250825990470403,18.668138956843677,normal
job_000004,Bulgaria,136,6.8,monitoring,0.050391141979397286,0.0,0.0,0.0,0.0,0.6511627906976745,0.0,6,,0.0827531787625565,0.012597785494849321,0.14031078653541437,14.031078653541437,18.111691720447407,normal
job_000004,Bulgaria,137,6.85,monitoring,0.050042269241313275,0.0,0.0,0.0,0.0,0.6511627906976745,0.0,6,,0.0826310733042271,0.012510567310328319,0.14024101198779756,14.024101198779757,17.62118085784729,normal
job_000004,Bulgaria,138,6.9,monitoring,0.25787880735874047,0.11239119502340493,0.16387251145666468,0.11548228503630056,0.055485417839552874,0.0,0.0,6,,0.16494306894674682,0.13561853531578927,0.09301531744375854,16.494306894674683,17.485955982266578,normal
job_000004,Bulgaria,139,6.95,monitoring,0.0,0.0,0.0,0.0,0.0,0.0,0.0,6,,0.0,0.0,0.0,0.0,15.387641264394588,normal
job_000004,Bulgaria,140,7.0,monitoring,0.0,0.0,0.03228553076584311,0.0,0.0,0.0,0.0,6,,0.008071382691460778,0.0,0.0048428296148764665,0.8071382691460778,13.637980904964767,normal
job_000004,Bulgaria,141,7.05,monitoring,0.05936737141116259,0.0,0.3288846208458023,0.0,0.0,0.6511627906976745,0.0,6,,0.16811601427512493,0.014841842852790648,0.19143872554863778,19.143872554863776,14.298687902952647,normal
job_000004,Bulgaria,142,7.1,monitoring,0.0,0.0,0.0,0.0,0.0,0.0,0.0,6,,0.0,0.0,0.0,0.0,12.58284535459833,normal
job_000004,Bulgaria,143,7.15,monitoring,0.0,0.0,0.0,0.0,0.0,0.0,0.0,6,,0.0,0.0,0.0,0.0,11.072903912046531,normal
job_000004,Bulgaria,144,7.2,monitoring,0.0,0.0,0.0,0.0,0.0,0.0,0.0,6,,0.0,0.0,0.0,0.0,9.744155442600947,normal
job_000004,Bulgaria,145,7.25,monitoring,0.0,0.0,0.27218849973421677,0.0,0.0,1.0,0.0,6,,0.1680471249335542,0.0,0.24082827496013254,24.082827496013255,11.464796089010424,normal
job_000004,Bulgaria,146,7.3,monitoring,0.0,0.40622438284713996,0.14434484077879098,0.07210927446071333,0.2040897275438785,0.0,0.0,6,,0.15795352504883972,0.13719433537429027,0.08258538354388964,15.795352504883972,11.984462858915249,normal
job_000004,Bulgaria,147,7.35,monitoring,0.14061901755650483,0.06331416398838116,0.4213319423417919,0.13774274171120815,0.0,0.6511627906976745,0.0,6,,0.23866016999650647,0.09286183858630623,0.23105327760036182,23.866016999650647,13.410249355803497,normal
job_000004,Bulgaria,148,7.4,monitoring,0.0029740806915507308,0.0323301851585384,0.1787230968252649,0.0748413905721528,0.0,0.0,0.0,6,,0.0554207579959205,0.031787534646921925,0.03225280843588064,5.54207579959205,12.466068529058123,normal
job_000004,Bulgaria,149,7.45,monitoring,0.19791153334994158,0.014738008342777244,0.44644498140776545,0.12167629472800105,0.0,0.6511627906976745,0.0,6,,0.25041796359702156,0.09427528774370234,0.23899231327210463,25.041796359702158,13.975155868735408,normal
job_000004,Bulgaria,150,7.5,monitoring,0.23386866131658982,0.04709528187723143,0.17303517928872453,0.13515153360576884,0.0,0.0,0.0,6,,0.139241410846157,0.11283449437275127,0.07979330143821135,13.924141084615698,13.969034094641042,normal
job_000004,Bulgaria,151,7.55,monitoring,0.52172111240966,0.0,0.657813956952398,0.03433446289365538,0.0,0.2790697674418604,0.0,6,,0.3749628553256665,0.1424473401151944,0.2588302695131638,37.496285532566645,16.792304267192115,normal
job_000004,Bulgaria,152,7.6,monitoring,0.12072887036745875,0.005958812937156431,0.6960810057482071,0.0,0.11821918508342419,0.6511627906976745,0.0,6,,0.28317927901657675,0.0606308358032942,0.2596843050158312,28.317927901657676,18.175379103327984,normal
job_000004,Bulgaria,153,7.65,monitoring,0.0,0.017370252977006555,0.036752269629097174,0.1698600764945291,0.05640776976537482,0.0,0.0,6,,0.01439914330037626,0.07615850716097987,0.00811837839091556,7.615850716097987,16.908235696860384,normal
job_000004,Bulgaria,154,7.7,monitoring,0.14582192052449136,0.09063789304144132,0.0,0.0,0.0,0.0,0.0,6,,0.07822904009600437,0.050051164087339034,0.04276006806111447,7.822904009600437,15.81799589438919,normal
job_000004,Bulgaria,155,7.75,monitoring,0.0,0.05520057840278085,0.0,0.0,0.02966348909037123,0.6511627906976745,0.0,6,,0.08167645259060172,0.015695959033009934,0.13851264489995205,13.851264489995204,15.581988125861912,normal
job_000004,Bulgaria,156,7.8,monitoring,0.12753870238007467,0.019247342113745715,0.008769708868516241,0.0,0.0,0.6511627906976745,0.0,6,,0.11772145475404636,0.034771776912080526,0.15994285626288915,15.994285626288915,15.631463825913151,normal
job_000004,Bulgaria,157,7.85,monitoring,0.18598902428151864,0.0,0.31403105414077054,0.0,0.0,0.2790697674418604,0.0,6,,0.1715108987779102,0.04649725607037966,0.1401164164657914,17.15108987779102,15.813818952138496,normal
job_000004,Bulgaria,158,7.9,monitoring,0.0,0.03766822068670931,0.1622659976373248,0.022207102978524195,0.0,0.6511627906976745,0.0,6,,0.11698324468511145,0.013422719145489863,0.16022269088814003,16.022269088814003,15.838832968539556,normal
job_000004,Bulgaria,159,7.95,monitoring,0.2704696082385702,0.0,0.37433666981630764,0.0,0.0257682975266779,0.6511627906976745,0.0,6,,0.25336480940734396,0.07405947644131203,0.2404769802596951,25.336480940734397,16.978550725202936,normal
job_000004,Bulgaria,160,8.0,monitoring,0.3291784024177224,0.0,0.12903606591743638,0.005304245107657911,0.049006023861028584,0.2790697674418604,0.0,6,,0.17537843406974798,0.09640259235736802,0.14100504385953203,17.537843406974797,17.04566584701556,normal
job_000004,Bulgaria,161,8.05,monitoring,0.29212840935187523,0.0,0.0,0.0,0.019179174190236247,0.0,0.0,6,,0.10224494327315632,0.07782689588552787,0.05842568187037505,10.224494327315632,16.22712526465157,normal
job_000004,Bulgaria,162,8.1,monitoring,0.20703874034207484,0.056023008047809256,0.1217884876536104,0.0,0.05902062326525906,0.2790697674418604,0.0,6,,0.1476245601916576,0.07491829210900486,0.123893425912,14.762456019165759,16.05136495519327,normal
job_000004,Bulgaria,163,8.15,monitoring,0.2318634581951122,0.0,0.44861119888461426,0.0,0.1268381657626407,0.2790697674418604,0.0,6,,0.2212119868336289,0.08967540598943823,0.16947832496008666,22.121198683362888,16.779745002573627,normal
job_000004,Bulgaria,164,8.2,monitoring,0.4511168196057158,0.0030583482766193123,0.5996530608246647,0.0,0.13599375654186244,0.9767441860465119,0.0,6,,0.4063960751558037,0.14723639627838747,0.3759789124956382,40.63960751558037,19.642928504134435,normal
job_000004,Bulgaria,165,8.25,monitoring,0.23067574908532532,0.013575948504205923,0.44453499352863823,0.0,0.08827236680789738,0.2790697674418604,0.0,6,,0.22385002185747124,0.08177342124893656,0.17066574461036377,22.385002185747123,19.97197734592796,normal
job_000004,Bulgaria,166,8.3,monitoring,0.538470259346748,0.07065800737328061,0.5555123016785538,0.131713397985746,0.10998502069006451,0.2790697674418604,0.0,6,,0.3764470451471704,0.21881221041020632,0.25743355171549687,37.64470451471704,22.09270460618265,normal
job_000004,Bulgaria,167,8.35,monitoring,0.271854477786985,0.008114130246630344,0.3315996901042528,0.0,0.0,0.2790697674418604,0.0,6,,0.2083902055696831,0.0691807389837408,0.16114192209840156,20.83902055696831,21.942262520276927,normal
job_000004,Bulgaria,168,8.4,monitoring,0.21927417442336825,0.0,0.3419908450582195,0.0,0.08332934064910454,0.6511627906976745,0.0,6,,0.2273599513825012,0.0756508787681182,0.22538601978294148,22.73599513825012,22.03751043443371,normal
job_000004,Bulgaria,169,8.45,monitoring,0.2012532395583401,0.0,0.3384472760350095,0.0,0.13977544439445275,0.6511627906976745,0.0,6,,0.22016673192393887,0.08525717098819821,0.22125029745645436,22.125029745645435,22.048012751779115,normal
job_000004,Bulgaria,170,8.5,monitoring,0.27891028278307595,0.11074076146811883,0.5646232496647735,0.0,0.12862201700449866,0.6511627906976745,0.0,6,,0.33711291890047307,0.11849418916711148,0.28731921636608393,33.711291890047306,23.447606248371297,normal
job_000004,Bulgaria,171,8.55,monitoring,0.45376908549370015,0.08333333333333333,0.5801323840572632,0.0,0.0,0.0,0.0,6,,0.32885227593711086,0.12594227137342504,0.1902736747073295,32.885227593711086,24.580120809812072,normal
job_000004,Bulgaria,172,8.6,monitoring,0.2653784115960498,0.0008428884749692002,0.4164381919118366,0.0,0.0,0.2790697674418604,0.0,6,,0.2251518353232534,0.06647103617025783,0.17148179786560291,22.515183532325338,24.332328336513662,normal
job_000004,Bulgaria,173,8.65,monitoring,0.27527346013865306,0.0034442150854152747,0.41630225764912565,0.0,0.0,0.2790697674418604,0.0,6,,0.2293615167306206,0.06933499729747555,0.17383061642628383,22.93615167306206,24.16478713689947,normal
job_000004,Bulgaria,174,8.7,monitoring,0.21924814740538676,0.09327279289819206,0.48796137077911844,0.0,0.0,0.0,0.0,6,,0.2267090321561226,0.0688029557860755,0.13103475403267392,22.67090321561226,23.985521066345004,normal
job_000004,Bulgaria,175,8.75,monitoring,0.1559853047027303,0.01568336968435089,0.43398862773062596,0.01959119990974441,0.0,0.2790697674418604,0.0,6,,0.1957040012281034,0.048205751596745755,0.15446181404116469,19.57040012281034,23.455706553120844,normal
job_000004,Bulgaria,176,8.8,monitoring,0.33012444387254974,0.03811239175670509,0.46170374851132967,0.0,0.0,0.0,0.0,6,,0.24240321001023635,0.0882479697316432,0.14099730981471514,24.240321001023634,23.54986028686918,normal
job_000004,Bulgaria,177,8.85,monitoring,0.699333154398466,0.1584091714245361,0.5821770521343975,0.0,0.0,0.0,0.0,6,,0.43783361850042324,0.19859466431329692,0.25095456441353325,43.783361850042326,25.977880474449954,normal
job_000004,Bulgaria,178,8.9,monitoring,0.2691536637212809,0.15552479128504226,0.342090329258627,0.0,0.0,0.0,0.0,6,,0.22638380200261776,0.09061713462307656,0.12847300082580657,22.638380200261775,25.57714044154737,normal
job_000004,Bulgaria,179,8.95,monitoring,0.5678939217023056,0.05311268842675989,0.5832102971558681,0.0,0.0,0.2790697674418604,0.0,6,,0.388406230156988,0.14994038368959037,0.2648411856662274,38.8406230156988,27.168758350445543,normal
job_000004,Bulgaria,180,9.0,monitoring,0.442607788171192,0.08691950921003079,0.35476517505056254,0.3733847942834501,0.0,0.0,0.0,6,,0.26967987238556707,0.2543745514235102,0.1547742602733274,26.967987238556706,27.144665817018883,normal
job_000004,Bulgaria,181,9.05,monitoring,0.6491634462291778,0.1521301573740176,0.5516815412882732,0.6327401514986685,0.0,0.0,0.0,6,,0.41076663871448577,0.406569438187931,0.23540444404517918,41.076663871448574,28.816505583550445,normal
job_000004,Bulgaria,182,9.1,monitoring,0.8700894674375075,0.3234992826984441,0.7282411844540154,1.0,0.0,0.0,0.0,6,,0.5836413945261646,0.6160472592641435,0.3317789635603704,61.604725926414346,32.75109202469411,normal
job_000004,Bulgaria,183,9.15,monitoring,0.25562917541187535,0.025528653952984655,0.827363629769354,0.0,0.0,0.2790697674418604,0.0,6,,0.33187669176657625,0.06773659194591654,0.23487363112909795,33.18766917665762,32.80348128292973,normal
job_000004,Bulgaria,184,9.2,monitoring,0.4680591552586605,0.04756193723537346,0.5486594780525142,0.19541222506776296,0.0,0.2790697674418604,0.0,6,,0.3431611317684578,0.19254335817368817,0.23885899683328732,34.31611317684578,32.98499711019966,normal
job_000004,Bulgaria,185,9.25,monitoring,0.09670590181009324,0.05607970385690475,0.5585079909751949,0.0,0.0,0.6511627906976745,0.0,6,,0.25541425360417025,0.032588431031059024,0.2417618927263685,25.541425360417026,32.09176850022574,normal
job_000004,Bulgaria,186,9.3,monitoring,0.5648259432121088,0.09600231058825467,0.7445377735275348,0.31449133829554765,0.0,0.0,0.0,6,,0.4126242166825982,0.26567880079470707,0.2390462012597902,41.26242166825982,33.19224688038983,normal
job_000004,Bulgaria,187,9.35,monitoring,0.6672377520931877,0.13932839346203876,0.7157496588948309,1.0,0.0,0.0,0.0,6,,0.454269145994935,0.5377086970426027,0.26170925827216796,53.77086970426027,35.66168161925428,normal
job_000004,Bulgaria,188,9.4,monitoring,0.6790756356685493,0.11105829033830224,0.7723900589964248,0.6328251722012127,0.0,0.0,0.0,6,,0.46409147433458914,0.4079164627383071,0.2683323795339189,46.40914743345891,36.951377516958836,normal
job_000004,Bulgaria,189,9.45,monitoring,0.5229792467126617,0.03306876253592678,0.7418145302685581,0.4114281558712181,0.0,0.0,0.0,6,,0.37841699767734915,0.2797049806134808,0.2208283432632051,37.841699767734916,37.05821618705196,normal
job_000004,Bulgaria,190,9.5,monitoring,0.6146269582045804,0.19909403977775242,0.6740018559961163,0.09014652253475354,0.030545119118502315,0.0,0.0,6,,0.4433481113039579,0.22270840818459728,0.25388977600699636,44.33481113039579,37.93140758025322,normal
job_000004,Bulgaria,191,9.55,monitoring,0.5642442044363837,0.11617235103852731,0.6864827441671315,0.2947220276579459,0.0,0.0,0.0,6,,0.4039578629060753,0.26163961344515607,0.23324710516812558,40.39578629060753,38.22713302549573,normal
job_000004,Bulgaria,192,9.6,monitoring,0.043248978822179776,0.11683050581069918,0.3884768929635088,0.4912220578470146,0.0,0.6511627906976745,0.0,6,,0.2124217966416173,0.20026454082360493,0.21467846372010208,21.467846372010207,36.21601862707747,normal
job_000004,Bulgaria,193,9.65,monitoring,0.364720261076968,0.16230432329117964,0.5988864701096579,0.0,0.0,0.2790697674418604,0.0,6,,0.3539719826358932,0.11552571376291894,0.24293662471389132,35.39719826358932,36.117760183458884,normal
job_000004,Bulgaria,194,9.7,monitoring,0.8632579991766397,0.4662148039616873,0.6723452593983248,0.0,0.0,0.0,0.0,6,,0.6100910557499113,0.28574672038841303,0.34343560933932976,61.00910557499113,39.104721630442754,normal
job_000004,Bulgaria,195,9.75,monitoring,0.04672068204794837,0.15923922632398502,0.4495275383685386,0.42877898752789384,0.0,1.0,0.0,6,,0.27650589120611213,0.18563870009534766,0.3006591511134682,30.06591511134682,38.020064848151236,normal
job_000004,Bulgaria,196,9.8,monitoring,0.8396338799066844,0.27452378839387936,0.5298331111011108,0.0,0.0,0.6511627906976745,0.0,6,,0.5738035513305484,0.251087038235753,0.4188128690451203,57.38035513305484,40.34329968233967,watch
job_000004,Bulgaria,197,9.85,monitoring,0.8187345311857748,0.25779881406188143,0.5765525978792501,0.10402448781168094,0.0,0.0,0.0,6,,0.5080348796033981,0.2797620256398142,0.2888996180283247,50.80348796033981,41.598522275699686,watch
job_000004,Bulgaria,198,9.9,monitoring,0.7215154234315256,0.41726941919968935,0.6021566500996895,0.9466754955783979,0.0,0.0,0.0,6,,0.5282503864858632,0.574305692190274,0.29721699508121197,57.430569219027404,43.49836790889901,watch
job_000004,Bulgaria,199,9.95,monitoring,0.44620551217497956,0.0,0.4132851336881059,0.0,0.0,0.2790697674418604,0.0,6,,0.2874001894274553,0.11155137804374489,0.2070478259765839,28.740018942745532,41.727366032960596,watch
job_000004,Bulgaria,200,10.0,monitoring,0.32330642880854643,0.0,0.4430004834262638,0.0,0.0020423860336164965,0.0,0.0,6,,0.2239073709395572,0.08133720371054073,0.13111135827564885,22.39073709395572,39.40697056028001,watch
job_000004,Bulgaria,201,10.05,monitoring,0.6309075008223394,0.0,0.5381980702835145,0.0,0.1662656001118961,0.0,0.0,6,,0.3553671428586974,0.19929327523355886,0.20691121070699506,35.53671428586974,38.94253980735078,watch
job_000004,Bulgaria,202,10.1,monitoring,0.4978543097727669,0.0,0.34001334783530424,0.0,0.2316762769390372,0.0,0.0,6,,0.2592523453792944,0.182382646677951,0.15057286412984902,25.92523453792944,37.38046317502022,watch
job_000004,Bulgaria,203,10.15,monitoring,0.14603594500896988,0.0,0.21142569323462268,0.0,0.0,0.2790697674418604,0.0,6,,0.13187598080598117,0.03650898625224247,0.11673499647535945,13.187598080598118,34.47731936368957,normal
job_000004,Bulgaria,204,10.2,monitoring,0.18601385622208141,0.0,0.21213079282200994,0.0,0.0,0.2790697674418604,0.0,6,,0.14604452462741702,0.046503464055520354,0.12483634365608987,14.604452462741701,32.09257533557582,normal
job_000004,Bulgaria,205,10.25,monitoring,0.15117431767044337,0.0,0.2111629660059432,0.0,0.005647486020515389,0.2790697674418604,0.0,6,,0.133608729430327,0.03920545092273969,0.11772326192335224,13.360872943032701,29.84477104847065,normal
job_000004,Bulgaria,206,10.3,monitoring,0.05775857568873956,0.0,0.28519646583009245,0.0,0.0,0.6511627906976745,0.0,6,,0.15663089701834942,0.01443964392218489,0.1845637431517967,18.45637431517967,28.478163440475736,normal
job_000004,Bulgaria,207,10.35,monitoring,0.05382102087111425,0.0,0.28540864303911856,0.0,0.0,0.6511627906976745,0.0,6,,0.1553057971344371,0.013455255217778562,0.18380805876962553,18.38080587696255,27.266480532854153,normal
job_000004,Bulgaria,208,10.4,monitoring,0.0,0.0,0.36056866185229375,0.0,0.0,1.0,0.0,6,,0.19014216546307344,0.0,0.25408529927784407,25.408529927784407,27.043526460245786,normal
job_000004,Bulgaria,209,10.45,monitoring,0.0,0.0,0.263264585586925,0.0,0.14217854410463934,0.6511627906976745,0.0,6,,0.1309324254664987,0.035544636026159836,0.16972224597757365,16.972224597757364,25.834970236747175,normal
job_000004,Bulgaria,210,10.5,monitoring,0.05979557520087665,0.0,0.28680646059267617,0.0,0.0,0.6511627906976745,0.0,6,,0.15774634553824332,0.014948893800219163,0.18521264226861167,18.521264226861167,24.957325515560854,normal
job_000004,Bulgaria,211,10.55,monitoring,0.20763575213082325,0.0,0.2112844446741543,0.0,0.0,0.2790697674418604,0.0,6,,0.15340060115851276,0.05190893803270581,0.12903377061565988,15.340060115851276,23.803253667595705,normal
job_000004,Bulgaria,212,10.6,monitoring,0.2144706404373349,0.0,0.20967799830947387,0.0,0.0,0.2790697674418604,0.0,6,,0.1553912004746217,0.05361766010933373,0.13015978132226014,15.539120047462172,22.811557633179678,normal
job_000004,Bulgaria,213,10.65,monitoring,0.2346156727309941,0.0,0.3666759605906313,0.0,0.0,1.0,0.0,6,,0.2737844756035057,0.058653918182748524,0.3019245286347935,30.192452863479353,23.69726506081564,normal
job_000004,Bulgaria,214,10.7,monitoring,0.6577156679916689,0.0,0.31127547265247263,0.0,0.08193459635303724,0.9767441860465119,0.0,6,,0.40569377056485345,0.18491256608617654,0.3735832917055071,40.569377056485344,25.721918500296002,normal
job_000004,Bulgaria,215,10.75,monitoring,0.22717784612405784,0.0,0.4181305512920671,0.0,0.0,1.0,0.0,6,,0.284044883966437,0.05679446153101446,0.30815515191862164,30.815515191862165,26.33315010328394,normal
job_000004,Bulgaria,216,10.8,monitoring,0.6171035854560556,0.0,0.38134634261617206,0.0,0.15993387567377365,0.0,0.0,6,,0.31132284056366244,0.1942593652824573,0.18062266848363692,31.132284056366245,26.909046177653817,normal
job_000004,Bulgaria,217,10.85,monitoring,0.6038227673680288,0.0,0.3800859943790118,0.0,0.0,0.0,0.0,6,,0.306359467173563,0.1509556918420072,0.17777745263045752,30.635946717356298,27.356274242418113,normal
job_000004,Bulgaria,218,10.9,monitoring,0.0,0.0,0.24498282029195848,0.0,0.10399940628222898,0.0,0.0,6,,0.06124570507298962,0.025999851570557245,0.03674742304379377,6.124570507298962,24.808469794203816,normal
job_000004,Bulgaria,219,10.95,monitoring,0.29154062510273254,0.0,0.12164333179047042,0.0,0.20794539530039163,0.0,0.0,6,,0.132450051733574,0.12487150510078104,0.07655462478911707,13.245005173357399,23.420854039702245,normal
job_000004,Bulgaria,220,11.0,monitoring,0.5501669601988981,0.0,0.40774177790785393,0.0,0.10854180840035994,0.2790697674418604,0.0,6,,0.3224008572907638,0.16467719214981452,0.2270086122143298,32.24008572907638,24.47916184242714,normal
job_000004,Bulgaria,221,11.05,monitoring,0.0792826340868893,0.0,0.4172795983017724,0.0,0.08061441721781608,0.0,0.0,6,,0.13206882150585436,0.039974262826176346,0.07844846656264373,13.206882150585436,23.126488279406136,normal
job_000004,Bulgaria,222,11.1,monitoring,0.3555574350537816,0.0,0.3759870521180564,0.0,0.19072717301234837,0.6511627906976745,0.0,6,,0.2835581443681051,0.1365711520165325,0.2577421029679997,28.355814436810512,23.754007418294663,normal
job_000004,Bulgaria,223,11.15,monitoring,0.4702430350495876,0.0,0.33746597836389236,0.0,0.0,1.0,0.0,6,,0.34895155685832874,0.1175607587623969,0.34466850376450137,34.895155685832876,25.090945210399248,normal
job_000004,Bulgaria,224,11.2,monitoring,0.0,0.0,0.15324363798939084,0.0,0.0,0.0,0.0,6,,0.03831090949734771,0.0,0.022986545698408623,3.831090949734771,22.53976269911951,normal
job_000004,Bulgaria,225,11.25,monitoring,0.2142552935566259,0.0,0.37958843133565445,0.0,0.1265034705381515,0.6511627906976745,0.0,6,,0.23500273964850016,0.08518969102369435,0.23002188155120826,23.500273964850017,22.65502405100717,normal
job_000004,Bulgaria,226,11.3,monitoring,0.31537527397966186,0.0,0.3977670858495446,0.0,0.15862432003463142,0.2790697674418604,0.0,6,,0.23773009409945386,0.11849989850357331,0.17855407116173616,23.773009409945388,22.789182294079758,normal
job_000004,Bulgaria,227,11.35,monitoring,0.8394805633196092,0.16666666666666666,0.695619360200176,0.0,0.0,1.0,0.0,6,,0.6177230372119071,0.2348701408299023,0.49723901669394827,61.77230372119071,27.467156865333074,normal
job_000004,Bulgaria,228,11.4,monitoring,0.3621383612635,0.0,0.33484527193137714,0.0,0.0,0.2790697674418604,0.0,6,,0.23836672116925534,0.090534590315875,0.17846841653077866,23.836672116925534,27.03149869552417,normal
job_000004,Bulgaria,229,11.45,monitoring,0.5615815331013851,0.08333333333333333,0.6100105515617987,0.0,0.04114302887697868,1.0,0.0,6,,0.4740561744759345,0.16318114049459098,0.41631788935454683,47.40561744759345,29.476392945772485,normal
job_000004,Bulgaria,230,11.5,monitoring,0.1927574249884758,0.0,0.36948229664054233,0.0,0.0,0.6511627906976745,0.0,6,,0.2249519519758696,0.04818935624711895,0.2242063876333114,22.49519519758696,28.63864921599022,normal
job_000004,Bulgaria,231,11.55,monitoring,0.0,0.0,0.24343364274815948,0.0,0.0,1.0,0.0,6,,0.16085841068703988,0.0,0.23651504641222393,23.65150464122239,28.04019186701808,normal
job_000004,Bulgaria,232,11.6,monitoring,0.3403151928253617,0.0,0.4214917484462891,0.0,0.0,1.0,0.0,6,,0.3244832546004489,0.08507879820634043,0.3312868008320157,33.12868008320157,28.650810452960098,normal
job_000004,Bulgaria,233,11.65,monitoring,0.5720098942840122,0.0,0.5707000313105661,0.0,0.0,0.2790697674418604,0.0,6,,0.37078544757123183,0.14300247357100304,0.25582093704175946,37.07854475712318,29.662138569459668,normal
job_000004,Bulgaria,234,11.7,monitoring,0.6641615146205677,0.08333333333333333,0.6000738300034557,0.0,0.0,1.0,0.0,6,,0.5074749876180626,0.17854037865514194,0.4353433774246319,50.74749876180626,32.19238179254126,normal
job_000004,Bulgaria,235,11.75,monitoring,0.5655167476752365,0.0,0.4904174767838527,0.02177774596487859,0.0,0.9767441860465119,0.0,6,,0.41820964948694717,0.14900139800651663,0.38201480826192763,41.820964948694716,33.34781177127967,normal
job_000004,Bulgaria,236,11.8,monitoring,0.35148270655841574,0.0,0.40482605907778435,0.0,0.0,0.2790697674418604,0.0,6,,0.2521324388090776,0.08787067663960393,0.18683440366172288,25.21324388090776,32.371663624435044,normal
job_000004,Bulgaria,237,11.85,monitoring,0.3487731218802822,0.0,0.3377187421180849,0.0,0.0,0.2790697674418604,0.0,6,,0.23440725493180603,0.08719328047007055,0.17622638918214126,23.440725493180604,31.299951048684513,normal
job_000004,Bulgaria,238,11.9,monitoring,0.314021373201373,0.0,0.4867301426913378,0.0,0.0,1.0,0.0,6,,0.33159001629331497,0.07850534330034326,0.33581379604397527,33.581379604397526,31.573722475370076,normal
job_000004,Bulgaria,239,11.95,monitoring,0.14198251417771604,0.0,0.3610599218684954,0.0,0.0,1.0,0.0,6,,0.23995886042932446,0.03549562854442901,0.2825554911158175,28.25554911158175,31.175541671715475,normal
job_000004,Bulgaria,240,12.0,monitoring,0.224130618876218,0.0,0.41829611503490144,0.0,0.0,1.0,0.0,6,,0.28301974536540164,0.0560326547190545,0.3075705410304788,30.75705410304788,31.125323163475365,normal
job_000004,Bulgaria,241,12.05,monitoring,0.0,0.5,0.4250753369005528,0.0,0.0,0.9767441860465119,0.0,6,,0.3539432528297894,0.075,0.3341101377443853,35.39432528297894,31.637603417815797,normal
job_000004,Bulgaria,242,12.1,monitoring,0.0,0.0,0.42145642135674916,0.0,0.0,0.9767441860465119,0.0,6,,0.20303852394383848,0.0,0.2585673004128148,25.856730041281477,30.943898612631678,normal
job_000004,Bulgaria,243,12.15,monitoring,0.0653310822995617,0.1309411327295017,0.51269817982075,0.011241491291356008,0.0,1.0,0.0,6,,0.29032276357888465,0.03990846243629028,0.3096121133424501,30.961211334245007,30.945976139225277,normal
job_000004,Bulgaria,244,12.2,monitoring,0.009493814994662092,0.0856166544951947,0.5136329181285929,0.0,0.054378598940126255,1.0,0.0,6,,0.2574160611288384,0.02881060165797629,0.29178619889250057,29.178619889250058,30.73389338922825,normal
job_000004,Bulgaria,245,12.25,monitoring,0.0,0.0,0.6467034165179839,0.0,0.005489002703870319,1.0,0.0,6,,0.261675854129496,0.0013722506759675796,0.2970055124776976,29.70055124776976,30.60989233225323,normal
job_000004,Bulgaria,246,12.3,monitoring,0.0,0.0,0.6930623646097239,0.0,0.0,1.0,0.0,6,,0.273265591152431,0.0,0.3039593546914586,30.39593546914586,30.584217508680346,normal
job_000004,Bulgaria,247,12.35,monitoring,0.9318728950812575,0.16666666666666666,0.6038782227890623,0.0,0.0,1.0,0.0,6,,0.6271250689757056,0.25796822377031436,0.5019563124346109,62.71250689757056,34.43961223534717,normal
job_000004,Bulgaria,248,12.4,monitoring,0.0,0.0,0.5251995216834229,0.0,0.05138054063156066,1.0,0.0,6,,0.23129988042085572,0.012845135157890165,0.2787799282525134,27.87799282525134,33.65221790613567,normal
job_000004,Bulgaria,249,12.45,monitoring,0.0,0.0,0.4303893425853672,0.0,0.06282657833276575,1.0,0.0,6,,0.2075973356463418,0.01570664458319144,0.26455840138780506,26.455840138780506,32.788652574053046,normal
job_000004,Bulgaria,250,12.5,monitoring,0.0,0.0,0.4773782775738372,0.0,0.03385489734290982,1.0,0.0,6,,0.2193445693934593,0.008463724335727455,0.27160674163607557,27.160674163607556,32.11329516479959,normal
job_000004,Bulgaria,251,12.55,monitoring,0.0,0.0,0.37033948826530183,0.0,0.11825073756616813,0.6511627906976745,0.0,6,,0.1577011511360929,0.029562684391542034,0.18578348137933018,18.578348137933016,30.489101521575602,normal
job_000004,Bulgaria,252,12.6,monitoring,0.34913688196772713,0.16666666666666666,0.27770193336625204,0.0,0.0,0.3906976744186047,0.0,6,,0.280693159472128,0.11228422049193178,0.21462220128220416,28.069315947212797,30.198727252652066,normal
job_000004,Bulgaria,253,12.65,monitoring,0.0,0.0,0.15598969460396206,0.0,0.12619756849703423,1.0,0.0,6,,0.13899742365099052,0.03154939212425856,0.22339845419059431,22.339845419059433,29.25566143262095,normal
job_000004,Bulgaria,254,12.7,monitoring,0.0,0.0,0.1900094395949392,0.0,0.0,1.0,0.0,6,,0.1475023598987348,0.0,0.2285014159392409,22.85014159392409,28.486999051977328,normal
job_000004,Bulgaria,255,12.75,monitoring,0.0,0.0,0.06983093305770828,0.0,0.0,1.0,0.0,6,,0.11745773326442707,0.0,0.21047463995865626,21.047463995865627,27.594254845243924,normal
job_000004,Bulgaria,256,12.8,monitoring,0.1281125261784138,0.0,0.5517499358587821,0.0,0.0,0.2790697674418604,0.0,6,,0.21068384487132638,0.03202813154460345,0.16419894910287214,21.068384487132636,26.81115040227057,normal
job_000004,Bulgaria,257,12.85,monitoring,0.0,0.0,0.34668832076630024,0.0,0.0,0.6511627906976745,0.0,6,,0.15178835926134251,0.0,0.18223580625447994,18.223580625447994,25.78064202905186,normal
job_000004,Bulgaria,258,12.9,monitoring,0.20860181061349417,0.0,0.545853082764822,0.0,0.0,1.0,0.0,6,,0.3094739044059285,0.05215045265337354,0.32359832453742216,32.359832453742214,26.570144880014702,normal
job_000004,Bulgaria,259,12.95,monitoring,0.0,0.0,0.0,0.0,0.11576322452522805,1.0,0.0,6,,0.1,0.028940806131307013,0.2,20.0,25.781727494412937,normal
job_000004,Bulgaria,260,13.0,monitoring,0.0,0.0,0.0,0.0,0.10805871371660386,1.0,0.0,6,,0.1,0.027014678429150965,0.2,20.0,25.087920195083385,normal
job_000004,Bulgaria,261,13.05,monitoring,0.0,0.0,0.0,0.0,0.09045777550069112,1.0,0.0,6,,0.1,0.02261444387517278,0.2,20.0,24.477369771673377,normal
job_000004,Bulgaria,262,13.1,monitoring,0.0,0.0,0.30779238311386375,0.0,0.11564629582627493,0.6511627906976745,0.0,6,,0.1420643748482334,0.028911573956568733,0.1764014156066145,17.640141560661448,23.65690238635195,normal
job_000004,Bulgaria,263,13.15,monitoring,0.0,0.0,0.5129306131430048,0.0,0.0,0.6511627906976745,0.0,6,,0.19334893235551864,0.0,0.2071721501109856,20.71721501109856,23.30413990132154,normal
job_000004,Bulgaria,264,13.2,monitoring,0.0,0.0,0.013774488924954729,0.0,0.0,0.6511627906976745,0.0,6,,0.06855990130100614,0.0,0.13229873147827811,13.229873147827812,22.095227890902294,normal
job_000004,Bulgaria,265,13.25,monitoring,0.06327629323460969,0.0,0.1615691809956956,0.0,0.0,0.2790697674418604,0.0,6,,0.09044597462522333,0.015819073308652423,0.09270458928464836,9.270458928464837,20.5562556154098,normal
job_000004,Bulgaria,266,13.3,monitoring,0.0,0.0,0.04237372477799299,0.0,0.11130616315284195,1.0,0.0,6,,0.11059343119449826,0.027826540788210487,0.20635605871669896,20.635605871669895,20.56577764616101,normal
job_000004,Bulgaria,267,13.35,monitoring,0.0,0.0,0.0,0.16641612159208158,0.024887644697155563,0.6511627906976745,0.0,6,,0.06511627906976745,0.06446755373151744,0.1302325581395349,13.02325581395349,19.660675026296108,normal
job_000004,Bulgaria,268,13.4,monitoring,0.0,0.0,0.19659416409608593,0.0,0.0,0.6511627906976745,0.0,6,,0.11426482009378894,0.0,0.1597216827539478,15.972168275394779,19.218054216187948,normal
job_000004,Bulgaria,269,13.45,monitoring,0.07756998238002748,0.0,0.2164230785230505,0.0,0.0,0.2790697674418604,0.0,6,,0.10916224020795828,0.01939249559500687,0.10379141174283515,10.916224020795829,18.221834592740894,normal
job_000004,Bulgaria,270,13.5,monitoring,0.0,0.0,0.0,0.0,0.0,0.6511627906976745,0.0,6,,0.06511627906976745,0.0,0.1302325581395349,13.02325581395349,17.598005139286407,normal
job_000004,Bulgaria,271,13.55,monitoring,0.0,0.0,0.22644913278169165,0.0,0.006647582570945253,1.0,0.0,6,,0.15661228319542292,0.0016618956427363132,0.23396736991725375,23.396736991725376,18.293852961579084,normal
job_000004,Bulgaria,272,13.6,monitoring,0.0,0.0,0.2393493466091656,0.0,0.05249802480451321,1.0,0.0,6,,0.1598373366522914,0.013124506201128303,0.23590240199137485,23.590240199137487,18.929419430086092,normal
job_000004,Bulgaria,273,13.65,monitoring,0.0,0.0,0.08499850034277115,0.0,0.04802794505640488,1.0,0.0,6,,0.12124962508569279,0.01200698626410122,0.21274977505141568,21.274977505141567,19.210886399092747,normal
job_000004,Bulgaria,274,13.7,monitoring,0.0,0.0,0.0,0.0,0.0,1.0,0.0,6,,0.1,0.0,0.2,20.0,19.305580031201615,normal
job_000004,Bulgaria,275,13.75,monitoring,0.32637267297546474,0.0,0.6016530435682659,0.0,0.0,0.9767441860465119,0.0,6,,0.36231811503813033,0.08159316824386618,0.35087132833963525,36.231811503813034,21.336727807914983,normal
job_000004,Bulgaria,276,13.8,monitoring,0.0,0.0,0.6207571498469973,0.0,0.0,0.2790697674418604,0.0,6,,0.18309626420593536,0.0,0.14892752596542166,18.309626420593535,20.97347564143641,normal
job_000004,Bulgaria,277,13.85,monitoring,0.0,0.0,0.4046652161081128,0.0,0.0,1.0,0.0,6,,0.2011663040270282,0.0,0.26069978241621694,26.069978241621694,21.585055953458642,normal
job_000004,Bulgaria,278,13.9,monitoring,0.0,0.0,0.4025455879783415,0.0,0.0,1.0,0.0,6,,0.20063639699458538,0.0,0.2603818381967512,26.03818381967512,22.11943129740462,normal
job_000004,Bulgaria,279,13.95,monitoring,0.0,0.0,0.5959100288883463,0.0,0.0,1.0,0.0,6,,0.24897750722208659,0.0,0.28938650433325197,28.938650433325197,22.93773759371509,normal
job_000004,Bulgaria,280,14.0,monitoring,0.0,0.0,0.5485248090329863,0.0,0.13194192484768158,1.0,0.0,6,,0.23713120225824658,0.032985481211920395,0.28227872135494797,28.227872135494795,23.572553738728658,normal
job_000004,Bulgaria,281,14.05,monitoring,0.0,0.0,0.33547236770348976,0.0,0.02737450794885413,1.0,0.0,6,,0.18386809192587245,0.0068436269872135325,0.2503208551555235,25.03208551555235,23.747697551947503,normal
job_000004,Bulgaria,282,14.1,monitoring,0.0,0.0,0.597473664783399,0.0,0.035779292340643566,1.0,0.0,6,,0.24936841619584976,0.008944823085160892,0.28962104971750985,28.962104971750986,24.37342644232392,normal
job_000004,Bulgaria,283,14.15,monitoring,0.0,0.0,0.5442889100359488,0.0,0.1313391196639366,1.0,0.0,6,,0.2360722275089872,0.03283477991598415,0.2816433365053923,28.16433365053923,24.828335307309757,normal
job_000004,Bulgaria,284,14.2,monitoring,0.0,0.0,0.33384297798499946,0.0,0.0,1.0,0.0,6,,0.18346074449624988,0.0,0.2500764466977499,25.007644669774994,24.849852430805583,normal
job_000004,Bulgaria,285,14.25,monitoring,0.0,0.0,0.3346857921991997,0.0,0.0,1.0,0.0,6,,0.18367144804979993,0.0,0.25020286882987997,25.020286882987996,24.87030456506747,normal
job_000004,Bulgaria,286,14.3,monitoring,0.0,0.0,0.3341864042163409,0.0,0.0,1.0,0.0,6,,0.1835466010540852,0.0,0.25012796063245113,25.012796063245112,24.887403544848787,normal
job_000004,Bulgaria,287,14.35,monitoring,0.16393461150803654,0.0,0.5242219651041299,0.0,0.03307846903571731,0.2790697674418604,0.0,6,,0.2163395820480313,0.049253270135938464,0.1672341705555989,21.63395820480313,24.49699010404331,normal
job_000004,Bulgaria,288,14.4,monitoring,0.0,0.0,0.39671999541773784,0.0,0.0,0.6511627906976745,0.0,6,,0.16429627792420193,0.0,0.1897405574521956,18.97405574521956,23.83423798098446,normal
job_000004,Bulgaria,289,14.45,monitoring,0.0,0.0,0.33242571658223086,0.0,0.0,1.0,0.0,6,,0.18310642914555772,0.0,0.24986385748733464,24.986385748733465,23.97249571311434,normal
job_000004,Bulgaria,290,14.5,monitoring,0.0,0.0,0.18622362264468945,0.0,0.0,1.0,0.0,6,,0.14655590566117238,0.0,0.22793354339670344,22.793354339670344,23.830998748301063,normal
job_000004,Bulgaria,291,14.55,monitoring,0.13079335706332149,0.0,0.39629277589347256,0.0,0.0,0.6511627906976745,0.0,6,,0.2099671480152981,0.03269833926583037,0.2158351459362201,21.58351459362201,23.561300649739575,normal
job_000004,Bulgaria,292,14.6,monitoring,0.13103255205204087,0.0,0.39677957683241877,0.0,0.0419616343804571,0.6511627906976745,0.0,6,,0.21017256649608645,0.043248546608124494,0.2159560050748059,21.59560050748059,23.3254166326685,normal
job_000004,Bulgaria,293,14.65,monitoring,0.11270090556141261,0.0,0.3956212866329811,0.0,0.0,0.6511627906976745,0.0,6,,0.20346691767450714,0.028175226390353154,0.2121159322467646,21.21159322467646,23.071757823709454,normal
job_000004,Bulgaria,294,14.7,monitoring,0.1215409039628934,0.0,0.3973730691579612,0.0,0.0,0.6511627906976745,0.0,6,,0.20699886274627044,0.03038522599072335,0.21414669930580776,21.414669930580775,22.87290727653401,normal
job_000004,Bulgaria,295,14.75,monitoring,0.0,0.0,0.08815035108520464,0.0,0.0,1.0,0.0,6,,0.12203758777130116,0.0,0.2132225526627807,21.32225526627807,22.686829035303298,normal
job_000004,Bulgaria,296,14.8,monitoring,0.0,0.0,0.0,0.0,0.0,1.0,0.0,6,,0.1,0.0,0.2,20.0,22.3644095510669,normal
job_000004,Bulgaria,297,14.85,monitoring,0.0,0.0,0.08740945293977452,0.031234474432663653,0.11631988125970379,1.0,0.0,6,,0.12185236323494364,0.04001203636635822,0.2131114179409662,21.31114179409662,22.238017420230467,normal
job_000004,Bulgaria,298,14.9,monitoring,0.0,0.0,0.0,0.2841413886269467,0.12214898654914742,1.0,0.0,6,,0.1,0.1299867326567182,0.2,20.0,21.96945532980281,normal
job_000004,Bulgaria,299,14.95,monitoring,0.4702726077435043,0.0,0.0,0.016601864117739593,0.0,0.6511627906976745,0.0,6,,0.22971169177999395,0.12337880437708494,0.22428707968823577,22.971169177999396,22.0896609915864,normal
job_000004,Bulgaria,300,15.0,monitoring,0.0,0.0,0.0,0.0,0.0,0.0,0.0,6,,0.0,0.0,0.0,0.0,19.43890167259603,normal
job_000004,Bulgaria,301,15.05,monitoring,0.0,0.0,0.0,0.0,0.0,0.0,0.0,6,,0.0,0.0,0.0,0.0,17.106233471884508,normal
job_000004,Bulgaria,302,15.1,monitoring,0.0,0.0,0.0,0.0,0.0,0.0,0.0,6,,0.0,0.0,0.0,0.0,15.053485455258366,normal
job_000004,Bulgaria,303,15.15,monitoring,0.0,0.0,0.0,0.0,0.0,0.6511627906976745,0.0,6,,0.06511627906976745,0.0,0.1302325581395349,13.02325581395349,14.809857898301782,normal
job_000004,Bulgaria,304,15.2,monitoring,0.0,0.0,0.0,0.0,0.0,0.6511627906976745,0.0,6,,0.06511627906976745,0.0,0.1302325581395349,13.02325581395349,14.595465648179987,normal
job_000004,Bulgaria,305,15.25,monitoring,0.0,0.0,0.07924068409345965,0.0,0.0,1.0,0.0,6,,0.11981017102336491,0.0,0.21188610261401897,21.188610261401898,15.386643001766616,normal
job_000004,Bulgaria,306,15.3,monitoring,0.0,0.0,0.07822849584650886,0.0,0.0,1.0,0.0,6,,0.11955712396162722,0.0,0.21173427437697634,21.173427437697633,16.08105713407834,normal
job_000004,Bulgaria,307,15.35,monitoring,0.0,0.0,0.0,0.0,0.0,1.0,0.0,6,,0.1,0.0,0.2,20.0,16.55133027798894,normal
job_000004,Bulgaria,308,15.4,monitoring,0.0,0.0,0.0,0.0,0.0518820712566315,0.0,0.0,6,,0.0,0.012970517814157876,0.0,1.2970517814157876,14.72081685840016,normal
job_000004,Bulgaria,309,15.45,monitoring,0.0,0.0,0.0,0.0,0.0,0.6511627906976745,0.0,6,,0.06511627906976745,0.0,0.1302325581395349,13.02325581395349,14.517109533066561,normal
job_000004,Bulgaria,310,15.5,monitoring,0.0,0.0,0.0,0.0,0.09801784896407077,0.6511627906976745,0.0,6,,0.06511627906976745,0.024504462241017693,0.1302325581395349,13.02325581395349,14.337847086772992,normal
job_000004,Bulgaria,311,15.55,monitoring,0.0,0.22122066434416396,0.0,0.7403754239164623,0.08559654683609877,0.0,0.0,6,,0.06636619930324919,0.31371363473141106,0.033183099651624595,31.371363473141106,16.381869053137166,normal
job_000004,Bulgaria,312,15.6,monitoring,0.0,0.0,0.0,0.0,0.0,0.0,0.0,6,,0.0,0.0,0.0,0.0,14.416044766760706,normal
job_000004,Bulgaria,313,15.65,monitoring,0.0,0.0,0.0,0.0,0.06621780859257566,0.0,0.0,6,,0.0,0.016554452148143915,0.0,1.6554452148143914,12.884772820527147,normal
job_000004,Bulgaria,314,15.7,monitoring,0.0,0.0,0.0,0.0,0.0,0.0,0.0,6,,0.0,0.0,0.0,0.0,11.33860008206389,normal
job_000004,Bulgaria,315,15.75,monitoring,0.0,0.0,0.0,0.0,0.0,0.0,0.0,6,,0.0,0.0,0.0,0.0,9.977968072216223,normal
job_000004,Bulgaria,316,15.8,monitoring,0.0,0.0,0.0,0.0,0.0,0.0,0.0,6,,0.0,0.0,0.0,0.0,8.780611903550277,normal
job_000004,Bulgaria,317,15.85,monitoring,0.0,0.0,0.0,0.0,0.0,0.0,0.0,6,,0.0,0.0,0.0,0.0,7.726938475124244,normal
job_000004,Bulgaria,318,15.9,monitoring,0.0,0.0,0.0,0.0,0.0,0.6511627906976745,0.0,6,,0.06511627906976745,0.0,0.1302325581395349,13.02325581395349,8.362496555783753,normal
job_000004,Bulgaria,319,15.95,monitoring,0.0,0.0,0.0,0.0,0.0,0.6511627906976745,0.0,6,,0.06511627906976745,0.0,0.1302325581395349,13.02325581395349,8.921787666764121,normal
job_000004,Bulgaria,320,16.0,monitoring,0.0,0.0,0.0,0.8630954106460326,0.10029280373617298,0.6511627906976745,0.0,6,,0.06511627906976745,0.3271565946601546,0.1302325581395349,32.71565946601546,11.777052282674283,normal
job_000004,Bulgaria,321,16.05,monitoring,0.0,0.0038707357339063985,0.0,0.5592538091957836,0.03767452841218028,0.6511627906976745,0.0,6,,0.06627749978993937,0.2057380756816553,0.13081316849962088,20.57380756816553,12.832662916933234,normal
job_000004,Bulgaria,322,16.1,monitoring,0.0,0.003250724254494364,0.0,0.5539618622538431,0.09883121145336603,0.6511627906976745,0.0,6,,0.06609149634611576,0.21908206329036076,0.13072016677770906,21.908206329036076,13.921728126385576,normal
job_000004,Bulgaria,323,16.15,monitoring,0.0,0.03597982255556385,0.0,0.36451961066892324,0.0,0.6511627906976745,0.0,6,,0.07591022583643661,0.13297883711745773,0.1356295315228695,13.56295315228695,13.878675129493741,normal
job_000004,Bulgaria,324,16.2,monitoring,0.0,0.0,0.0,0.0,0.016094460380720252,1.0,0.0,6,,0.1,0.004023615095180063,0.2,20.0,14.613234113954492,normal
job_000004,Bulgaria,325,16.25,monitoring,0.0,0.0,0.0,0.36335348565015346,0.2017544832772222,0.6511627906976745,0.0,6,,0.06511627906976745,0.17761234079685925,0.1302325581395349,17.761234079685924,14.990994109842264,normal
job_000004,Bulgaria,326,16.3,monitoring,0.0,0.0,0.0,0.0,0.13023812102522714,1.0,0.0,6,,0.1,0.032559530256306785,0.2,20.0,15.592074816661192,normal
job_000004,Bulgaria,327,16.35,monitoring,0.0,0.0,0.0,0.0,0.0,1.0,0.0,6,,0.1,0.0,0.2,20.0,16.121025838661847,normal
job_000004,Bulgaria,328,16.4,monitoring,0.0,0.0,0.0,0.0,0.0,1.0,0.0,6,,0.1,0.0,0.2,20.0,16.586502738022425,normal
job_000004,Bulgaria,329,16.45,monitoring,0.0,0.0,0.0,0.0,0.0,1.0,0.0,6,,0.1,0.0,0.2,20.0,16.996122409459733,normal
job_000004,Bulgaria,330,16.5,monitoring,0.0,0.0,0.0,0.0,0.0,1.0,0.0,6,,0.1,0.0,0.2,20.0,17.356587720324566,normal
job_000004,Bulgaria,331,16.55,monitoring,0.0,0.0,0.0,0.0,0.2288745802709508,1.0,0.0,6,,0.1,0.0572186450677377,0.2,20.0,17.673797193885616,normal
job_000004,Bulgaria,332,16.6,monitoring,0.0,0.0,0.0,0.0,0.0,0.6511627906976745,0.0,6,,0.06511627906976745,0.0,0.1302325581395349,13.02325581395349,17.11573222829376,normal
job_000004,Bulgaria,333,16.65,monitoring,0.0,0.0,0.0,0.0,0.10718445323901445,1.0,0.0,6,,0.1,0.02679611330975361,0.2,20.0,17.461844360898507,normal
job_000004,Bulgaria,334,16.7,monitoring,0.0,0.0,0.0,0.0,0.09640953212655325,1.0,0.0,6,,0.1,0.02410238303163831,0.2,20.0,17.766423037590684,normal
job_000004,Bulgaria,335,16.75,monitoring,0.0,0.0,0.17975137148769701,0.0217432371269405,0.006711900390032951,0.0,0.0,6,,0.044937842871924254,0.009288108091937412,0.02696270572315455,4.493784287192425,16.173706387542893,normal
job_000004,Bulgaria,336,16.8,monitoring,0.0,0.0,0.0,0.02259064547206335,0.02480326265905384,0.6511627906976745,0.0,6,,0.06511627906976745,0.014107541579985632,0.1302325581395349,13.02325581395349,15.795652318712165,normal
job_000004,Bulgaria,337,16.85,monitoring,0.0,0.0,0.0,0.0,0.0,1.0,0.0,6,,0.1,0.0,0.2,20.0,16.300174040466704,normal
job_000004,Bulgaria,338,16.9,monitoring,0.0,0.0,0.0,0.020716121449989987,0.09404828549655937,0.6511627906976745,0.0,6,,0.06511627906976745,0.030762713881636337,0.1302325581395349,13.02325581395349,15.906943853285119,normal
job_000004,Bulgaria,339,16.95,monitoring,0.0,0.0,0.0,0.0,0.0,1.0,0.0,6,,0.1,0.0,0.2,20.0,16.398110590890905,normal
job_000004,Bulgaria,340,17.0,monitoring,0.0,0.0,0.0,0.0,0.0,1.0,0.0,6,,0.1,0.0,0.2,20.0,16.830337319983997,normal
job_000004,Bulgaria,341,17.05,monitoring,0.0,0.0,0.0,0.0,0.0,0.6511627906976745,0.0,6,,0.06511627906976745,0.0,0.1302325581395349,13.02325581395349,16.373487539260335,normal
job_000004,Bulgaria,342,17.1,monitoring,0.0,0.0,0.0,0.0,0.0,0.6511627906976745,0.0,6,,0.06511627906976745,0.0,0.1302325581395349,13.02325581395349,15.971459732223513,normal
job_000004,Bulgaria,343,17.15,monitoring,0.10154668903487366,0.0,0.0,0.0,0.0,1.0,0.0,6,,0.1355413411622058,0.025386672258718414,0.22030933780697476,22.030933780697477,16.69859661804039,normal
job_000004,Bulgaria,344,17.2,monitoring,0.0,0.0,0.0,0.0,0.0,1.0,0.0,6,,0.1,0.0,0.2,20.0,17.094765023875542,normal
job_000004,Bulgaria,345,17.25,monitoring,0.1285579441818431,0.0,0.0,0.0,0.0,1.0,0.0,6,,0.1449952804636451,0.032139486045460776,0.22571158883636863,22.571158883636862,17.751932287046902,normal
job_000004,Bulgaria,346,17.3,monitoring,0.0,0.0,0.26881357362030067,0.0,0.19713146212854188,1.0,0.0,6,,0.16720339340507517,0.04928286553213547,0.2403220360430451,24.03220360430451,18.505564845117814,normal
job_000004,Bulgaria,347,17.35,monitoring,0.024664289380869498,0.0,0.0,0.0,0.0,1.0,0.0,6,,0.10863250128330433,0.0061660723452173745,0.2049328578761739,20.493285787617392,18.744091358217766,normal
job_000004,Bulgaria,348,17.4,monitoring,0.0,0.0,0.17051649615499145,0.0,0.0,1.0,0.0,6,,0.14262912403874786,0.0,0.22557747442324871,22.55774744232487,19.20173008831062,normal
job_000004,Bulgaria,349,17.45,monitoring,0.0,0.0,0.17768354990560883,0.0,0.06920147990332057,1.0,0.0,6,,0.14442088747640222,0.017300369975830142,0.22665253248584133,22.665253248584133,19.617352867543442,normal
job_000004,Bulgaria,350,17.5,monitoring,0.0,0.0,0.27105348163450926,0.0,0.0,1.0,0.0,6,,0.16776337040862732,0.0,0.2406580222451764,24.06580222451764,20.151166790380348,normal
job_000004,Bulgaria,351,17.55,monitoring,0.0,0.0,0.0,0.036580866186442094,0.0944035175281565,1.0,0.0,6,,0.1,0.036404182547293856,0.2,20.0,20.133026775534706,normal
job_000004,Bulgaria,352,17.6,monitoring,0.07441865529987582,0.0,0.0,0.0,0.0,1.0,0.0,6,,0.12604652935495653,0.018604663824968955,0.21488373105997519,21.488373105997518,20.295668335190243,normal
job_000004,Bulgaria,353,17.65,monitoring,0.10279594434708648,0.0,0.0,0.0,0.0,1.0,0.0,6,,0.13597858052148026,0.02569898608677162,0.2205591888694173,22.05591888694173,20.50689840140042,normal
job_000004,Bulgaria,354,17.7,monitoring,0.3842616465747568,0.0,0.11754448556809058,0.0,0.11358941621894504,0.6511627906976745,0.0,6,,0.22899397676295496,0.12446276569842546,0.22471656028969986,22.899397676295496,20.793998314387828,normal
job_000004,Bulgaria,355,17.75,monitoring,0.39215872338176966,0.0,0.12201404537196789,0.0,0.1446651202841782,0.6511627906976745,0.0,6,,0.2328753435963788,0.13420596091648695,0.22696640962168402,23.287534359637878,21.093222639817835,normal
job_000004,Bulgaria,356,17.8,monitoring,0.3903865914576428,0.0,0.12227770202323636,0.0,0.047145081928796934,0.6511627906976745,0.0,6,,0.23232101158575152,0.10938291834660993,0.22665153173454894,23.23210115857515,21.34988806206871,normal
job_000004,Bulgaria,357,17.85,monitoring,0.38117263218690606,0.0,0.12366476360118624,0.0,0.0,0.6511627906976745,0.0,6,,0.22944289123548112,0.09529315804672651,0.22501679911709405,22.94428912354811,21.54121618944624,normal
job_000004,Bulgaria,358,17.9,monitoring,0.39790750506810824,0.0,0.12608485765137464,0.0,0.0,0.6511627906976745,0.0,6,,0.235905120256449,0.09947687626702706,0.22872678780086275,23.590512025644898,21.78713168979008,normal
job_000004,Bulgaria,359,17.95,monitoring,0.3941697904579735,0.0,0.12358304775376666,0.0,0.0,0.6511627906976745,0.0,6,,0.23397146766849986,0.09854244761449338,0.22760397339419464,23.397146766849986,21.98033349903727,normal
job_000004,Bulgaria,360,18.0,monitoring,0.04423633998316577,0.0,0.3719490092467133,0.016372372331608962,0.0,0.9767441860465119,0.0,6,,0.20614438991043754,0.01678941531185458,0.25998845659294256,25.998845659294258,22.462554958268107,normal
job_000004,Bulgaria,361,18.05,monitoring,0.0,0.0,0.08318269802194224,0.016764532787891497,0.1403292810957838,0.6511627906976745,0.0,6,,0.08591195357525301,0.04094990674970797,0.14270996284282625,14.270996284282624,21.47956791738985,normal
job_000004,Bulgaria,362,18.1,monitoring,0.0,0.0,0.24967133878794515,0.03655361912254671,0.18250981094488217,0.2790697674418604,0.0,6,,0.09032481144117233,0.05842121942911189,0.09326465430656386,9.326465430656386,20.021195618981835,normal
job_000004,Bulgaria,363,18.15,monitoring,0.0,0.0,0.06373555421693032,0.17256700448310058,0.22224558599222533,0.0,0.0,6,,0.01593388855423258,0.11595984806714153,0.009560333132539548,11.595984806714153,19.01017032150971,normal
job_000004,Bulgaria,364,18.2,monitoring,0.0,0.0,0.0,0.04318413664104182,0.23126016077164596,0.6511627906976745,0.0,6,,0.06511627906976745,0.07292948801727613,0.1302325581395349,13.02325581395349,18.291740580602966,normal
job_000004,Bulgaria,365,18.25,monitoring,0.0,0.0,0.1374968738527821,0.03466272220415974,0.1727789238119176,1.0,0.0,6,,0.13437421846319553,0.055326683724435305,0.22062453107791732,22.062453107791733,18.744226083865616,normal
job_000004,Bulgaria,366,18.3,monitoring,0.6216047890986632,0.0,0.21309204719441371,0.0,0.0,1.0,0.0,6,,0.37083468798313557,0.1554011972746658,0.3562847648988947,37.083468798313554,20.94493520959937,normal
job_000004,Bulgaria,367,18.35,monitoring,0.6891037944365314,0.0,0.3726937393413455,0.017847511110321644,0.0,0.9767441860465119,0.0,6,,0.4320341814927735,0.17852257749774542,0.3890736569978105,43.203418149277354,23.61595316236073,normal
job_000004,Bulgaria,368,18.4,monitoring,0.0,0.0,0.34097876353322254,0.0,0.018587958765528413,1.0,0.0,6,,0.18524469088330564,0.004646989691382103,0.2511468145299834,25.11468145299834,23.795800557237243,normal
job_000004,Bulgaria,369,18.45,monitoring,0.0,0.0,0.5220084701314993,0.0,0.0,0.6511627906976745,0.0,6,,0.1956183966026423,0.0,0.2085338286592598,20.85338286592598,23.442710434279892,normal
job_000004,Bulgaria,370,18.5,monitoring,0.0,0.0,0.5205389145510058,0.0,0.0,0.6511627906976745,0.0,6,,0.1952510077075189,0.0,0.2083133953221858,20.83133953221858,23.129345926032535,normal
job_000004,Bulgaria,371,18.55,monitoring,0.0,0.0,0.5189235736489696,0.0,0.04797635057855454,0.6511627906976745,0.0,6,,0.19484717248200983,0.011994087644638635,0.20807109418688036,20.807109418688036,22.850677545151193,normal
job_000004,Bulgaria,372,18.6,monitoring,0.0,0.0,0.47954499981955,0.0,0.0,1.0,0.0,6,,0.2198862499548875,0.0,0.2719317499729325,27.19317499729325,23.37177723940824,normal
job_000004,Bulgaria,373,18.65,monitoring,0.0,0.0,0.5972864065114374,0.0,0.0,1.0,0.0,6,,0.24932160162785935,0.0,0.2895929609767156,28.95929609767156,24.042279502399836,normal
job_000004,Bulgaria,374,18.7,monitoring,0.0,0.0,0.5954732552501524,0.0,0.0,1.0,0.0,6,,0.2488683138125381,0.0,0.28932098828752284,28.932098828752284,24.62905782156213,normal
job_000004,Bulgaria,375,18.75,monitoring,0.0,0.0,0.5942078895204852,0.0,0.0,1.0,0.0,6,,0.2485519723801213,0.0,0.28913118342807276,28.913118342807277,25.14314508411155,normal
job_000004,Bulgaria,376,18.8,monitoring,0.0,0.0,0.5921185256368731,0.0,0.0,1.0,0.0,6,,0.24802963140921827,0.0,0.28881777884553095,28.881777884553095,25.591781020164536,normal
job_000004,Bulgaria,377,18.85,monitoring,0.0,0.0,0.5288622345217228,0.0,0.0,0.6511627906976745,0.0,6,,0.19733183770019813,0.0,0.20956189331779332,20.95618933177933,25.035510017558313,normal
job_000004,Bulgaria,378,18.9,monitoring,0.0,0.0,0.5936224072251249,0.0,0.0,1.0,0.0,6,,0.24840560180628124,0.0,0.28904336108376877,28.904336108376878,25.499769148456544,normal
job_000004,Bulgaria,379,18.95,monitoring,0.1562378866972584,0.0,0.2236328619179215,0.0,0.0,0.6511627906976745,0.0,6,,0.17570775489328827,0.0390594716743146,0.1950250647666748,19.50250647666748,24.780097627841858,normal
job_000004,Bulgaria,380,19.0,monitoring,0.2535622283315892,0.0,0.3311979396314432,0.0,0.0,1.0,0.0,6,,0.27154626482391697,0.0633905570828973,0.30039213661103437,30.039213661103435,25.411191551833248,normal
job_000004,Bulgaria,381,19.05,monitoring,0.14898346954557481,0.0,0.22339260467237926,0.0,0.0,0.6511627906976745,0.0,6,,0.17310864457881348,0.037245867386393704,0.19353814274950676,19.353814274950675,24.684306278607338,normal
job_000004,Bulgaria,382,19.1,monitoring,0.14865071496883303,0.0,0.2235975185030857,0.0,0.0,0.6511627906976745,0.0,6,,0.17304340893463044,0.03716267874220826,0.19350232890876437,19.350232890876438,24.04421747207963,normal
job_000004,Bulgaria,383,19.15,monitoring,0.23103854246254962,0.0,0.006882838945033858,0.0,0.0,0.2790697674418604,0.0,6,,0.11049117634233686,0.057759635615637406,0.10305408782263709,11.049117634233687,22.48480549153812,normal
job_000004,Bulgaria,384,19.2,monitoring,0.9192005116354416,0.0,0.01864243884401641,0.0,0.0,0.2790697674418604,0.0,6,,0.35428776552759467,0.2298001279088604,0.24245042164206287,35.428776552759466,24.03808201888468,normal
job_000004,Bulgaria,385,19.25,monitoring,0.45762275728382956,0.0,0.1073096941538157,0.0,0.0,0.6511627906976745,0.0,6,,0.2521116676575617,0.11440568932095739,0.23785356371937316,25.21116676575617,24.17885218850926,normal
job_000004,Bulgaria,386,19.3,monitoring,0.45834473276324633,0.0,0.10693815555882052,0.0,0.0,0.6511627906976745,0.0,6,,0.2522714744266088,0.11458618319081158,0.23794222802600726,25.22714744266088,24.304647619007454,normal
job_000004,Bulgaria,387,19.35,monitoring,0.6295580532388636,0.0,0.053517456592801715,0.0,0.0,0.9767441860465119,0.0,6,,0.3313991013864539,0.1573895133097159,0.3292880663459954,33.13991013864539,25.364879121364005,normal
job_000004,Bulgaria,388,19.4,monitoring,0.7393837297582301,0.08333333333333333,0.1953402733022902,0.0,0.0,0.6511627906976745,0.0,6,,0.39773565281072054,0.19734593243955753,0.3199103450865245,39.77356528107205,27.093921460528968,normal
job_000004,Bulgaria,389,19.45,monitoring,0.7459959350143398,0.08333333333333333,0.19609321570195248,0.0,0.0,0.6511627906976745,0.0,6,,0.4002381602502745,0.19899898375358496,0.32134572749769574,40.02381602502745,28.645508808268787,normal
job_000004,Bulgaria,390,19.5,monitoring,0.570610022213612,0.0,0.28305152215761,0.0,0.0,0.2790697674418604,0.0,6,,0.29838336505835267,0.142652505553403,0.212393686254736,29.838336505835265,28.788648131976764,normal
job_000004,Bulgaria,391,19.55,monitoring,0.5926980143517943,0.0,0.5795212262985527,0.0,0.0,0.0,0.0,6,,0.3523246115977662,0.14817450358794856,0.20546778681514177,35.23246115977662,29.561905695312745,normal
job_000004,Bulgaria,392,19.6,monitoring,0.8926687500920805,0.0,0.0,0.0,0.0,0.0,0.0,6,,0.31243406253222816,0.22316718752302012,0.1785337500184161,31.243406253222815,29.763685762261954,normal
job_000004,Bulgaria,393,19.65,monitoring,0.4417600102588799,0.0,0.0,0.0,0.0,0.2790697674418604,0.0,6,,0.182522980334794,0.11044000256471997,0.14416595554014808,18.2522980334794,28.382319234808048,normal
job_000004,Bulgaria,394,19.7,monitoring,0.12878906634869974,0.0,0.0,0.07267595174479641,0.0455514569565043,0.0,0.0,6,,0.04507617322204491,0.06902171393697976,0.02575781326973995,6.902171393697976,25.804701493874838,normal
job_000004,Bulgaria,395,19.75,monitoring,0.2502931683076272,0.0,0.0,0.0,0.0,1.0,0.0,6,,0.18760260890766953,0.0625732920769068,0.2500586336615255,25.005863366152546,25.708840918548162,normal
job_000004,Bulgaria,396,19.8,monitoring,0.4057943913728999,0.0,0.0,0.0,0.0,0.6511627906976745,0.0,6,,0.20714431605028244,0.10144859784322498,0.2113914364141149,21.13914364141149,25.160477245291762,normal
job_000004,Bulgaria,397,19.85,monitoring,0.31871118890022976,0.24807507430623205,0.0,0.0,0.11853249965334428,0.0,0.0,6,,0.18597143840695002,0.1465221832843283,0.10095349892598077,18.597143840695,24.37287723674015,normal
job_000004,Bulgaria,398,19.9,monitoring,0.5286140317542114,0.06426415494871013,0.260535794713009,0.0,0.10253874692105562,0.0,0.0,6,,0.2694281062768393,0.16742781791112327,0.15444279880010015,26.942810627683926,24.681269243653404,normal
job_000004,Bulgaria,399,19.95,monitoring,0.4278026463726441,0.060437945254009307,0.0,0.0,0.09011440997639779,0.0,0.0,6,,0.1678623098066282,0.13854495587536186,0.09462622106263022,16.78623098066282,23.733864652094532,normal
job_000007,Bulgaria,0,0.0,calibration,0.0,0.0,0.16548833114902523,0.0,0.0,0.11111111111111116,0.0,4,convergence;directional_coherence,0.05248319389836742,0.0,0.047045471894576016,5.248319389836742,,calibrating
job_000007,Bulgaria,1,0.05,calibration,0.21435568933980154,0.3367928654055696,0.29443609631193246,0.0,0.0,0.0,0.0,6,,0.24967137496858452,0.10410785214578583,0.1375554821255856,24.967137496858452,,calibrating
job_000007,Bulgaria,2,0.1,calibration,0.21320806532586406,0.2980494608983939,0.29491401753614394,0.5035951274330984,0.0,0.0,0.0,6,,0.2377661655176066,0.2742677300678095,0.13158613483035347,27.42677300678095,,calibrating
job_000007,Bulgaria,3,0.15,calibration,0.21341567134293996,0.16666666666666666,0.29485176027077614,0.0,0.0,0.0,0.0,6,,0.198408425037723,0.07835391783573499,0.11191089830920442,19.8408425037723,,calibrating
job_000007,Bulgaria,4,0.2,calibration,0.2119420744071705,0.16666666666666666,0.29478593254266666,0.0,0.03299728914076122,0.0,0.0,6,,0.19787620917817633,0.08623484088698292,0.11160630476283409,19.787620917817634,,calibrating
job_000007,Bulgaria,5,0.25,calibration,0.21984912255389963,0.16666666666666666,0.2943450766270096,0.0,0.03798599352110466,0.0,0.0,6,,0.20053346205061726,0.08945877901875107,0.11312158600483137,20.053346205061725,,calibrating
job_000007,Bulgaria,6,0.3,calibration,0.5016996197483623,0.4618548139870283,0.316558822793826,0.5722327566840246,0.10118188829000277,0.1587301587301587,0.0,6,,0.4091640326795077,0.42028006394705414,0.24884800121283235,42.028006394705415,,calibrating
job_000007,Bulgaria,7,0.35,calibration,0.511960171047456,0.3887014775041343,0.31685441672659315,0.0,0.0,0.1587301587301587,0.0,6,,0.39088312317251406,0.18629526438748412,0.23997145009013207,39.08831231725141,,calibrating
job_000007,Bulgaria,8,0.4,calibration,0.5058998185483617,0.3426645669144204,0.3165504647522786,0.0,0.0,0.1587301587301587,0.0,6,,0.37487493862733823,0.1778746396742535,0.23180825020570894,37.48749386273382,,calibrating
job_000007,Bulgaria,9,0.45,calibration,0.21945804828423993,0.16666666666666666,0.2939804581068958,0.0,0.0,0.0,0.0,6,,0.20030543142620794,0.07986451207105998,0.11298867837288236,20.030543142620793,,calibrating
job_000007,Bulgaria,10,0.5,calibration,0.5098851608620723,0.42477637069868657,0.3167468119374194,0.014286415705601492,0.21572613837136198,0.1587301587301587,0.0,6,,0.400952436368702,0.25011952591012204,0.24495154131386207,40.0952436368702,,calibrating
job_000007,Bulgaria,11,0.55,calibration,0.21858432335427136,0.16666666666666666,0.29416579581252594,0.0,0.0,0.0,0.0,6,,0.20004596212712644,0.07964608083856783,0.11284173404273318,20.004596212712645,,calibrating
job_000007,Bulgaria,12,0.6,calibration,0.4985656576898377,0.3333333333333333,0.3169897200728878,0.0,0.0,0.1587301587301587,0.0,6,,0.369618426082681,0.17464141442245942,0.22900762129493243,36.9618426082681,,calibrating
job_000007,Bulgaria,13,0.65,calibration,0.48948136425818506,0.3333333333333333,0.3169166996336957,0.26720354852892825,0.0,0.1587301587301587,0.0,6,,0.36642066827180453,0.26589158304967114,0.2271798095427231,36.64206682718045,,calibrating
job_000007,Bulgaria,14,0.7,calibration,0.2762233651615452,0.41889524995880245,0.21703497264186636,1.0,0.07493651761683283,0.2777777777777778,0.0,6,,0.3043832737324259,0.5006242581884148,0.2061897619779649,50.06242581884148,,calibrating
job_000007,Bulgaria,15,0.75,calibration,0.3084342338709573,0.3573483187290399,0.2200825172628886,0.0,0.32003274735511894,0.2777777777777778,0.0,6,,0.29795488456704694,0.21071899311587505,0.20385702772853628,29.795488456704692,,calibrating
job_000007,Bulgaria,16,0.8,calibration,0.02160765789120977,0.20547785070784547,0.16379888945389057,0.0,0.3112118489724011,0.11111111111111116,0.0,6,,0.12126686894886081,0.11402655432207953,0.0819352648247246,12.126686894886081,,calibrating
job_000007,Bulgaria,17,0.85,calibration,0.1986350014296336,0.39574137523413516,0.2173139057818023,0.0,0.14640400858877545,0.2777777777777778,0.0,6,,0.2703509172938407,0.14562095878972253,0.1872408479938729,27.03509172938407,,calibrating
job_000007,Bulgaria,18,0.9,calibration,0.5116051698040285,0.6946935843747126,0.2852594464029021,1.0,0.322408138231812,0.39682539682539675,0.0,6,,0.4984672860270889,0.662707364665167,0.32867906794252727,66.2707364665167,,calibrating
job_000007,Bulgaria,19,0.95,calibration,0.20835604343451014,0.1741069959650147,0.2173003590291634,0.3674494610671505,0.0,0.2777777777777778,0.0,6,,0.20725958152665158,0.20681237162688243,0.15593786749158428,20.725958152665157,,calibrating
job_000007,Bulgaria,20,1.0,calibration,0.06723022212299916,0.0,0.1935687557168748,0.0,0.08682850059575539,0.44444444444444436,0.0,6,,0.11636721111671285,0.038514680679688634,0.13137024667101993,13.137024667101993,,calibrating
job_000007,Bulgaria,21,1.05,calibration,0.029483566609555017,0.015975785958240292,0.16539174071021454,0.1765952910111601,0.0,0.11111111111111116,0.0,6,,0.06757103038948109,0.07157561140003083,0.05532406454440146,7.157561140003082,,calibrating
job_000007,Bulgaria,22,1.1,calibration,0.0,0.3023334761197358,0.10159079734824099,1.0,0.0,0.2777777777777778,0.0,6,,0.14387551995075878,0.39535002141796033,0.11614419657575209,39.535002141796035,,calibrating
job_000007,Bulgaria,23,1.15,calibration,0.0,0.024529192473497854,0.0,0.2451272818949438,0.0,0.0,0.0,6,,0.007358757742049356,0.089473927534255,0.003679378871024678,8.9473927534255,,calibrating
job_000007,Bulgaria,24,1.2,calibration,0.02062104000418888,0.23359191111306096,0.0,1.0,0.2182706048602703,0.11111111111111116,0.0,6,,0.08840604844649551,0.4447616978830739,0.061385216890019155,44.47616978830739,,calibrating
job_000007,Bulgaria,25,1.25,calibration,0.020510353987399445,0.07875459688940939,0.0,0.0,0.24717933897282512,0.11111111111111116,0.0,6,,0.04191611407352374,0.07873561277346755,0.03813748255311353,7.873561277346755,,calibrating
job_000007,Bulgaria,26,1.3,calibration,0.0,0.03821388800535994,0.0,0.0,0.08263023010472866,0.0,0.0,6,,0.011464166401607983,0.026389640726986154,0.005732083200803991,2.638964072698615,,calibrating
job_000007,Bulgaria,27,1.35,calibration,0.0,0.0,0.0,0.0,0.0922582927745886,0.0,0.0,6,,0.0,0.02306457319364715,0.0,2.3064573193647147,,calibrating
job_000007,Bulgaria,28,1.4,calibration,0.0,0.0,0.0,0.0014629262669985427,0.0,0.0,0.0,6,,0.0,0.0005120241934494899,0.0,0.051202419344948985,,calibrating
job_000007,Bulgaria,29,1.45,calibration,0.0,0.0,0.0,0.0,0.0,0.0,0.0,6,,0.0,0.0,0.0,0.0,,calibrating
job_000007,Bulgaria,30,1.5,calibration,0.0,0.1686948479903677,0.0,0.0,0.19481226311257752,0.0,0.0,6,,0.050608454397110314,0.07400729297669953,0.025304227198555157,7.400729297669953,,calibrating
job_000007,Bulgaria,31,1.55,calibration,0.0,0.0,0.0,0.0,0.0,0.0,0.0,6,,0.0,0.0,0.0,0.0,,calibrating
job_000007,Bulgaria,32,1.6,calibration,0.0,0.0,0.0,0.0,0.0,0.0,0.0,6,,0.0,0.0,0.0,0.0,,calibrating
job_000007,Bulgaria,33,1.65,calibration,0.0,0.0,0.0,0.0,0.09114887978393742,0.0,0.0,6,,0.0,0.022787219945984354,0.0,2.2787219945984356,,calibrating
job_000007,Bulgaria,34,1.7,calibration,0.0,0.0,0.0,0.016400096762814835,0.0,0.0,0.0,6,,0.0,0.005740033866985192,0.0,0.5740033866985192,,calibrating
job_000007,Bulgaria,35,1.75,calibration,0.0,0.0,0.0,0.0,0.0,0.0,0.0,6,,0.0,0.0,0.0,0.0,,calibrating
job_000007,Bulgaria,36,1.8,calibration,0.0,0.0,0.0,0.27775959316130533,0.0,0.0,0.0,6,,0.0,0.09721585760645686,0.0,9.721585760645686,,calibrating
job_000007,Bulgaria,37,1.85,calibration,0.0,0.0,0.0,0.0,0.0,0.0,0.0,6,,0.0,0.0,0.0,0.0,,calibrating
job_000007,Bulgaria,38,1.9,calibration,0.0,0.14418391003738987,0.0,0.0,0.39504456705086377,0.0,0.0,6,,0.04325517301121696,0.12038872826832442,0.02162758650560848,12.038872826832442,,calibrating
job_000007,Bulgaria,39,1.95,calibration,0.0,0.18711957477681246,0.0,0.2606722069481957,0.0,0.0,0.0,6,,0.056135872433043736,0.11930320864839036,0.028067936216521868,11.930320864839036,,calibrating
job_000007,Bulgaria,40,2.0,calibration,0.0,0.14674223411905798,0.0,0.0,0.0,0.0,0.0,6,,0.0440226702357174,0.0220113351178587,0.0220113351178587,4.402267023571739,,calibrating
job_000007,Bulgaria,41,2.05,calibration,0.0,0.10651121736477641,0.0,0.0,0.09977062587646818,0.0,0.0,6,,0.03195336520943292,0.04091933907383351,0.01597668260471646,4.091933907383351,,calibrating
job_000007,Bulgaria,42,2.1,calibration,0.18382663897775953,0.2932950934556977,0.05827724217096989,0.0,0.021164301176663333,0.0,0.0,6,,0.16689716222166762,0.09524199905696037,0.08950117813955205,16.689716222166762,,calibrating
job_000007,Bulgaria,43,2.15,calibration,0.0,0.0,0.0,0.0,0.05067075162079597,0.0,0.0,6,,0.0,0.012667687905198993,0.0,1.2667687905198992,,calibrating
job_000007,Bulgaria,44,2.2,calibration,0.0,0.0,0.0,0.0,0.2605465535127305,0.0,0.0,6,,0.0,0.06513663837818262,0.0,6.513663837818262,,calibrating
job_000007,Bulgaria,45,2.25,calibration,0.0,0.0,0.0,0.0,0.0,0.0,0.0,6,,0.0,0.0,0.0,0.0,,calibrating
job_000007,Bulgaria,46,2.3,calibration,0.0,0.03997588507597063,0.0,0.34566662197351133,0.0,0.0,0.0,6,,0.011992765522791188,0.12697970045212453,0.005996382761395594,12.697970045212454,,calibrating
job_000007,Bulgaria,47,2.35,calibration,0.0,0.0,0.0,0.4135142083325518,0.3074890013418082,0.0,0.0,6,,0.0,0.22160222325184514,0.0,22.160222325184513,,calibrating
job_000007,Bulgaria,48,2.4,calibration,0.0,0.0,0.0,0.09082223365184582,0.0,0.0,0.0,6,,0.0,0.031787781778146035,0.0,3.1787781778146034,,calibrating
job_000007,Bulgaria,49,2.45,calibration,0.0,0.0,0.0,0.44913585904762093,0.0,0.0,0.0,6,,0.0,0.15719755066666732,0.0,15.719755066666732,,calibrating
job_000007,Bulgaria,50,2.5,calibration,0.0,0.136716516317798,0.0,1.0,0.24712200591399833,0.0,0.0,6,,0.0410149548953394,0.4322879789261692,0.0205074774476697,43.228797892616925,,calibrating
job_000007,Bulgaria,51,2.55,calibration,0.0,0.02926455219570823,0.0,0.8525495255911542,0.32811481323788827,0.0,0.0,6,,0.008779365658712469,0.38481072009573225,0.0043896828293562345,38.481072009573225,,calibrating
job_000007,Bulgaria,52,2.6,calibration,0.0,0.0,0.0,0.020044982204461964,0.2441024920155776,0.0,0.0,6,,0.0,0.06804136677545608,0.0,6.804136677545608,,calibrating
job_000007,Bulgaria,53,2.65,calibration,0.0,0.0,0.0,0.16273083972984406,0.06527652463183976,0.0,0.0,6,,0.0,0.07327492506340536,0.0,7.327492506340535,,calibrating
job_000007,Bulgaria,54,2.7,calibration,0.11859795301438704,0.23127486490808521,0.06314646535384603,0.20579539428963958,0.3559254695313144,0.0,0.0,6,,0.12667835936592253,0.22535047337401198,0.0678827901421671,22.5350473374012,,calibrating
job_000007,Bulgaria,55,2.75,calibration,0.1218236523896552,0.16666666666666666,0.06294400835940026,0.15993392759831285,0.0027345707672282874,0.0,0.0,6,,0.10837428042622937,0.11211643044863036,0.05880633173184108,11.211643044863036,,calibrating
job_000007,Bulgaria,56,2.8,calibration,0.1302791445876857,0.16666666666666666,0.06223501131831157,0.2564335741439132,0.0,0.0,0.0,6,,0.11115645343526787,0.14732153709729104,0.06039108061528388,14.732153709729104,,calibrating
job_000007,Bulgaria,57,2.85,calibration,0.14455236691768392,0.16666666666666666,0.06130007765636644,0.3218238532731688,0.19574621895046737,0.0,0.0,6,,0.11591834783528099,0.2227129951126469,0.06310548503199176,22.27129951126469,,calibrating
job_000007,Bulgaria,58,2.9,calibration,0.05237654575125286,0.009687361758186049,0.15994490234319567,0.8212692889508223,0.0,0.11111111111111116,0.0,6,,0.07233533623730434,0.3019914918343289,0.05814237098768006,30.199149183432887,,calibrating
job_000007,Bulgaria,59,2.95,calibration,0.06151440374945761,0.0,0.1587593549888826,0.5035562783391756,0.0,0.11111111111111116,0.0,6,,0.07233099117064193,0.19162329835607586,0.058339006220446146,19.162329835607586,,calibrating
job_000007,Bulgaria,60,3.0,monitoring,0.044661044027722634,0.0,0.15963918695296822,1.0,0.0,0.11111111111111116,0.0,6,,0.0666522732590561,0.36116526100693064,0.05510030907071199,36.116526100693065,36.116526100693065,normal
job_000007,Bulgaria,61,3.05,monitoring,0.0526203022604856,0.0,0.1589056216816368,1.0,0.0,0.11111111111111116,0.0,6,,0.06925462232269028,0.3631550755651214,0.05658212592656487,36.31550755651214,36.14040387539135,normal
job_000007,Bulgaria,62,3.1,monitoring,0.07521954061184961,0.24247706413011938,0.15794578099940318,0.9154088437643243,0.006682657788066815,0.11111111111111116,0.0,6,,0.1496675148141451,0.37724020453701046,0.09732955711402053,37.724020453701044,36.330437864788514,normal
job_000007,Bulgaria,63,3.15,monitoring,0.07955956597152052,0.039081218923307924,0.1580500731383488,0.5023235338812985,0.0,0.11111111111111116,0.0,6,,0.09019384316272287,0.2015653111898308,0.06770382922577484,20.15653111898308,34.38956905529186,normal
job_000007,Bulgaria,64,3.2,monitoring,0.07532954795380302,0.11069476078843009,0.1576866979077502,0.0,0.04770216342783404,0.11111111111111116,0.0,6,,0.11010655560840875,0.047362141963673776,0.07754535061740989,11.010655560840874,31.58409943595774,normal
job_000007,Bulgaria,65,3.25,monitoring,0.2371035469224645,0.23719692925959462,0.29031931005468103,0.0,0.0,0.0,0.0,6,,0.2267251477144112,0.09485542611955532,0.12654814528163424,22.672514771441122,30.514709276215743,normal
job_000007,Bulgaria,66,3.3,monitoring,0.0801184196650039,0.060901811227574446,0.15712119523421875,0.0,0.0,0.11111111111111116,0.0,6,,0.0967034001706895,0.029164876600387142,0.07094935712449199,9.67034001706895,28.013384965118128,normal
job_000007,Bulgaria,67,3.35,monitoring,0.08193795536474839,0.0,0.15701167711436398,0.0,0.0,0.11111111111111116,0.0,6,,0.07904231476736405,0.020484488841187098,0.06216156486232651,7.904231476736405,25.600286546512322,normal
job_000007,Bulgaria,68,3.4,monitoring,0.08567056532176559,0.022621743180273622,0.1574814662952229,0.3357635166971606,0.0,0.11111111111111116,0.0,6,,0.08725269850161688,0.14232813365148864,0.06637181670789982,14.232813365148864,24.23618976474871,normal
job_000007,Bulgaria,69,3.45,monitoring,0.0,0.022487131959415353,0.0,0.33129126985721624,0.0,0.0,0.0,6,,0.006746139587824606,0.11932501424393797,0.003373069793912303,11.932501424393797,22.75974716390612,normal
job_000007,Bulgaria,70,3.5,monitoring,0.06956730777286549,0.06507987067844326,0.15851871023086772,0.22698275135479723,0.0,0.11111111111111116,0.0,6,,0.09461330759286395,0.10659777051916189,0.06967547091319198,10.659777051916189,21.307750750467328,normal
job_000007,Bulgaria,71,3.55,monitoring,0.06235522789365466,0.0,0.1589101830287045,0.03906283814968407,0.0,0.11111111111111116,0.0,6,,0.07266298663106636,0.02926080032580309,0.05852979525525884,7.266298663106636,19.622776499984045,normal
job_000007,Bulgaria,72,3.6,monitoring,0.06221624206521708,0.0,0.15997673242457777,0.28826628794180337,0.0,0.11111111111111116,0.0,6,,0.07288097894008154,0.11644726129593544,0.05866198049895232,11.644726129593543,18.665410455537184,normal
job_000007,Bulgaria,73,3.65,monitoring,0.06491344402909481,0.0,0.1601334748407541,0.3932832922124765,0.014416375341729765,0.11111111111111116,0.0,6,,0.07386418523148282,0.1574816071170729,0.05922493225415431,15.74816071170729,18.315340486277595,normal
job_000007,Bulgaria,74,3.7,monitoring,0.07254440846965014,0.0,0.15914686480000625,0.31802710572153836,0.0026011188558426285,0.11111111111111116,0.0,6,,0.07628837027549022,0.13009586883391158,0.060603133636153196,13.009586883391158,17.678650053931225,normal
job_000007,Bulgaria,75,3.75,monitoring,0.07742695190488695,0.0,0.15862046706778873,0.0,0.03326169165038559,0.11111111111111116,0.0,6,,0.07786566104476873,0.027672160888818135,0.06150068266336794,7.786566104476873,16.491599979996703,normal
job_000007,Bulgaria,76,3.8,monitoring,0.08801181524270843,0.0,0.1585082766797335,0.0,0.0,0.11111111111111116,0.0,6,,0.08154231561599244,0.022002953810677107,0.06360082677272394,8.154231561599245,15.491115769789008,normal
job_000007,Bulgaria,77,3.85,monitoring,0.09063061456673219,0.0,0.15787606512292937,0.06048156438882036,0.0,0.11111111111111116,0.0,6,,0.08230084249019971,0.04382620117777017,0.06402975490400808,8.23008424901997,14.619791987296724,normal
job_000007,Bulgaria,78,3.9,monitoring,0.12085495031533697,0.05663162441908818,0.15898473162619373,0.6098594955914535,0.0,0.11111111111111116,0.0,6,,0.11014601395375394,0.2521593046987062,0.07873566569208192,25.215930469870617,15.891328605205592,normal
job_000007,Bulgaria,79,3.95,monitoring,0.2907633435279564,0.3344296455038126,0.21530397030022871,1.0,0.08444027596370529,0.2777777777777778,0.0,6,,0.2836998342387635,0.49396535169848726,0.19616826663175305,49.396535169848725,19.91195339296277,normal
job_000007,Bulgaria,80,4.0,monitoring,0.01598429075982652,0.09096237730626444,0.11711761186105994,1.0,0.0,0.11111111111111116,0.0,6,,0.07327372903419471,0.3676404292858963,0.0566310787492862,36.76404292858963,21.93420413723799,normal
job_000007,Bulgaria,81,4.05,monitoring,0.0,0.0,0.06485455544424679,0.0,0.0,0.2777777777777778,0.0,6,,0.04399141663883947,0.0,0.06528373887219258,6.528373887219257,20.08550450723574,normal
job_000007,Bulgaria,82,4.1,monitoring,0.0,0.025880348582975284,0.0,1.0,0.1851485990893112,0.0,0.0,6,,0.007764104574892585,0.4001692020597741,0.0038820522874462924,40.01692020597741,22.477274391084737,normal
job_000007,Bulgaria,83,4.15,monitoring,0.0,0.12572668563444217,0.0,1.0,0.0,0.0,0.0,6,,0.03771800569033265,0.3688590028451663,0.018859002845166326,36.88590028451663,24.206309498296566,normal
job_000007,Bulgaria,84,4.2,monitoring,0.0,0.11557243298957626,0.0,0.0,0.010056646267924997,0.0,0.0,6,,0.03467172989687287,0.019850026515417687,0.017335864948436436,3.4671729896872874,21.71761311726345,normal
job_000007,Bulgaria,85,4.25,monitoring,0.21046030586714803,0.23923901516244,0.18726379300127344,0.0,0.2488429607666176,0.44444444444444436,0.0,6,,0.23669320429699664,0.1507116689328074,0.1949563712868755,23.669320429699663,21.951817994755796,normal
job_000007,Bulgaria,86,4.3,monitoring,0.014777493419598461,0.11536468520574444,0.0,1.0,0.0,0.11111111111111116,0.0,6,,0.050892639369693904,0.3709990761357613,0.04248242368700359,37.09990761357613,23.769588749014233,normal
job_000007,Bulgaria,87,4.35,monitoring,0.0,0.0,0.0,0.0,0.014583149544142084,0.0,0.0,6,,0.0,0.003645787386035521,0.0,0.3645787386035521,20.96098754776495,normal
job_000007,Bulgaria,88,4.4,monitoring,0.0,0.0,0.0,0.04525203312577268,0.2187366693528062,0.0,0.0,6,,0.0,0.07052237893222199,0.0,7.052237893222199,19.29193758921982,normal
job_000007,Bulgaria,89,4.45,monitoring,0.0,0.0,0.0,0.10535878910008709,0.10046768593595974,0.0,0.0,6,,0.0,0.061992497669020416,0.0,6.199249766902041,17.720815050541688,normal
job_000007,Bulgaria,90,4.5,monitoring,0.0,0.05022529480415921,0.0,0.07449715422965986,0.0,0.0,0.0,6,,0.015067588441247762,0.03360779820100483,0.007533794220623881,3.360779820100483,15.997610822888744,normal
job_000007,Bulgaria,91,4.55,monitoring,0.0,0.0,0.0,0.046209327489346134,0.04120768199305239,0.0,0.0,6,,0.0,0.026475185119534242,0.0,2.6475185119534244,14.395599745576506,normal
job_000007,Bulgaria,92,4.6,monitoring,0.0,0.0,0.0,0.10897201457097047,0.039314634568188955,0.0,0.0,6,,0.0,0.0479688637418869,0.0,4.79688637418869,13.243754141009969,normal
job_000007,Bulgaria,93,4.65,monitoring,0.0,0.0,0.0,0.10828294407338983,0.2342092930791945,0.0,0.0,6,,0.0,0.09645135369548506,0.0,9.645135369548505,12.811919888434595,normal
job_000007,Bulgaria,94,4.7,monitoring,0.0,0.033938911183607874,0.0,0.0,0.041895371133664434,0.0,0.0,6,,0.010181673355082362,0.01556467946095729,0.005090836677541181,1.556467946095729,11.461265655353932,normal
job_000007,Bulgaria,95,4.75,monitoring,0.0,0.0,0.0,0.0,0.00898074066675445,0.0,0.0,6,,0.0,0.0022451851666886124,0.0,0.22451851666886125,10.112855998711725,normal
job_000007,Bulgaria,96,4.8,monitoring,0.0,0.0,0.0,0.4323762782979889,0.0,0.0,0.0,6,,0.0,0.1513316974042961,0.0,15.133169740429611,10.715293647717871,normal
job_000007,Bulgaria,97,4.85,monitoring,0.0,0.0,0.0,0.1292307502785994,0.0,0.11111111111111116,0.0,6,,0.011111111111111117,0.045230762597509785,0.022222222222222233,4.523076259750979,9.972227561161844,normal
job_000007,Bulgaria,98,4.9,monitoring,0.11718902091201447,0.1674819421577632,0.023261037629787335,0.02799909763981365,0.0,0.0,0.0,6,,0.09707599937398086,0.06421923072560287,0.05204925115053547,9.707599937398086,9.940472246310193,normal
job_000007,Bulgaria,99,4.95,monitoring,0.1186491371918859,0.16666666666666666,0.023139167275863126,0.06394324314351062,0.0,0.0,0.0,6,,0.09731198983612584,0.07704241939820018,0.05220070252975665,9.731198983612584,9.915359454786481,normal
job_000007,Bulgaria,100,5.0,monitoring,0.11548593519043925,0.16666666666666666,0.023449530072875858,0.22620064896539427,0.0,0.0,0.0,6,,0.0962824598348727,0.1330417109354978,0.05161461654901923,13.30417109354978,10.322016851438077,normal
job_000007,Bulgaria,101,5.05,monitoring,0.0,0.0,0.0,0.0627647835227004,0.0,0.11111111111111116,0.0,6,,0.011111111111111117,0.02196767423294514,0.022222222222222233,2.222222222222223,9.350041495932174,normal
job_000007,Bulgaria,102,5.1,monitoring,0.0,0.0,0.0,0.10413816875055693,0.0,0.11111111111111116,0.0,6,,0.011111111111111117,0.03644835906269492,0.022222222222222233,3.644835906269492,8.665416825172652,normal
job_000007,Bulgaria,103,5.15,monitoring,0.0,0.0,0.0,0.08202194914438396,0.0,0.11111111111111116,0.0,6,,0.011111111111111117,0.028707682200534382,0.022222222222222233,2.870768220053438,7.970058992558347,normal
job_000007,Bulgaria,104,5.2,monitoring,0.0,0.0,0.0,0.3247657352327386,0.0,0.11111111111111116,0.0,6,,0.011111111111111117,0.1136680073314585,0.022222222222222233,11.36680073314585,8.377668001428848,normal
job_000007,Bulgaria,105,5.25,monitoring,0.0,0.0,0.0,0.0,0.0,0.11111111111111116,0.0,6,,0.011111111111111117,0.0,0.022222222222222233,2.222222222222223,7.639014507924053,normal
job_000007,Bulgaria,106,5.3,monitoring,0.0,0.004019464311997701,0.0,0.6075943744953584,0.0,0.0,0.0,6,,0.0012058392935993102,0.21326095072017506,0.0006029196467996551,21.326095072017505,9.281464175615266,normal
job_000007,Bulgaria,107,5.35,monitoring,0.0,0.0,0.0,0.44674038755329204,0.0,0.0,0.0,6,,0.0,0.1563591356436522,0.0,15.63591356436522,10.04399810226526,normal
job_000007,Bulgaria,108,5.4,monitoring,0.0,0.0,0.0,0.49297025274415324,0.0,0.0,0.0,6,,0.0,0.1725395884604536,0.0,17.25395884604536,10.90919339151887,normal
job_000007,Bulgaria,109,5.45,monitoring,0.0,0.0,0.0,0.3734079918671444,0.0,0.0,0.0,6,,0.0,0.13069279715350055,0.0,13.069279715350055,11.168403750378612,normal
job_000007,Bulgaria,110,5.5,monitoring,0.0,0.0,0.0,0.9158145514939824,0.0,0.0,0.0,6,,0.0,0.3205350930228938,0.0,32.05350930228938,13.674616416607904,normal
job_000007,Bulgaria,111,5.55,monitoring,0.0,0.0,0.0,0.5615534487374054,0.0,0.0,0.0,6,,0.0,0.19654370705809188,0.0,19.65437070580919,14.39218693131206,normal
job_000007,Bulgaria,112,5.6,monitoring,0.0,0.0,0.0,0.8789844230903059,0.0,0.0,0.0,6,,0.0,0.307644548081607,0.0,30.7644548081607,16.356859076533894,normal
job_000007,Bulgaria,113,5.65,monitoring,0.0,0.0,0.0,0.833862925888526,0.0,0.0,0.0,6,,0.0,0.29185202406098404,0.0,29.185202406098405,17.896260276081637,normal
job_000007,Bulgaria,114,5.7,monitoring,0.0,0.0,0.0,1.0,0.0,0.0,0.0,6,,0.0,0.35,0.0,35.0,19.94870904295184,normal
job_000007,Bulgaria,115,5.75,monitoring,0.0,0.0,0.0,0.677383896078414,0.0,0.0,0.0,6,,0.0,0.23708436362744487,0.0,23.708436362744486,20.399876321326957,normal
job_000007,Bulgaria,116,5.8,monitoring,0.0,0.0,0.0,1.0,0.04873152093179941,0.0,0.0,6,,0.0,0.3621828802329498,0.0,36.21828802329498,22.29808572556312,normal
job_000007,Bulgaria,117,5.85,monitoring,0.0,0.048280854083399986,0.0,0.29603128305663184,0.24390742607280003,0.0,0.0,6,,0.014484256225019995,0.17182993370053115,0.007242128112509997,17.182993370053115,21.68427464290192,normal
job_000007,Bulgaria,118,5.9,monitoring,0.0,0.05756633711375398,0.0,0.0,0.15024831966260868,0.0,0.0,6,,0.017269901134126193,0.04619703048271527,0.008634950567063097,4.619703048271527,19.636526051546273,normal
job_000007,Bulgaria,119,5.95,monitoring,0.0,0.0,0.0,0.0,0.0,0.0,0.0,6,,0.0,0.0,0.0,0.0,17.28014292536072,normal
job_000007,Bulgaria,120,6.0,monitoring,0.0,0.0,0.0,0.0,0.0,0.0,0.0,6,,0.0,0.0,0.0,0.0,15.206525774317434,normal
job_000007,Bulgaria,121,6.05,monitoring,0.0,0.0,0.0,0.0,0.0,0.0,0.0,6,,0.0,0.0,0.0,0.0,13.381742681399341,normal
job_000007,Bulgaria,122,6.1,monitoring,0.0,0.08141439139343958,0.0,0.1761242411092021,0.0,0.0,0.0,6,,0.02442431741803187,0.07385564309723666,0.012212158709015935,7.385564309723666,12.66220127679826,normal
job_000007,Bulgaria,123,6.15,monitoring,0.0,0.0,0.0,0.6251178018997132,0.0,0.0,0.0,6,,0.0,0.2187912306648996,0.0,21.87912306648996,13.768231891561264,normal
job_000007,Bulgaria,124,6.2,monitoring,0.0,0.0,0.0,0.4655183030344723,0.0,0.0,0.0,6,,0.0,0.1629314060620653,0.0,16.29314060620653,14.071220937318696,normal
job_000007,Bulgaria,125,6.25,monitoring,0.0,0.0,0.0,0.6134488995548885,0.0,0.0,0.0,6,,0.0,0.21470711484421096,0.0,21.470711484421095,14.959159802970984,normal
job_000007,Bulgaria,126,6.3,monitoring,0.0,0.012082249910191483,0.0,0.862026181357997,0.0,0.0,0.0,6,,0.0036246749730574446,0.3035215009618276,0.0018123374865287223,30.35215009618276,16.806318638156398,normal
job_000007,Bulgaria,127,6.35,monitoring,0.0,0.007071735238668589,0.0,1.0,0.0,0.0,0.0,6,,0.0021215205716005768,0.35106076028580024,0.0010607602858002884,35.10607602858003,19.00228952500723,normal
job_000007,Bulgaria,128,6.4,monitoring,0.0,0.0,0.0,0.14826103644967073,0.048179224602466875,0.0,0.0,6,,0.0,0.06393616890800147,0.0,6.393616890800146,17.48924880890238,normal
job_000007,Bulgaria,129,6.45,monitoring,0.0,0.0,0.0,0.3608113494121459,0.2459238196705096,0.0,0.0,6,,0.0,0.18776492721187846,0.0,18.776492721187847,17.643718078376637,normal
job_000007,Bulgaria,130,6.5,monitoring,0.0,0.4010062937727661,0.0,1.0,0.18810561592183683,0.0,0.0,6,,0.12030188813182982,0.4571773480463741,0.06015094406591491,45.71773480463741,21.01260008552793,normal
job_000007,Bulgaria,131,6.55,monitoring,0.0,0.41244900920860583,0.0,0.0,0.4364487142170353,0.0,0.0,6,,0.12373470276258175,0.1709795299355497,0.061867351381290875,17.097952993554973,20.542842434491174,normal
job_000007,Bulgaria,132,6.6,monitoring,0.0,0.33897633286604467,0.0,0.0,0.4577750898069009,0.0,0.0,6,,0.1016928998598134,0.16529022238163193,0.0508464499299067,16.529022238163193,20.061184010931818,normal
job_000007,Bulgaria,133,6.65,monitoring,0.0,0.08386965402360437,0.0,1.0,0.3813407823222696,0.2777777777777778,0.0,6,,0.05293867398485909,0.45791564368410803,0.06813600365909621,45.7915643684108,23.148829653829296,normal
job_000007,Bulgaria,134,6.7,monitoring,0.0,0.1539446368574155,0.027396398317102034,0.9128615008837241,0.0,0.11111111111111116,0.0,6,,0.06414360174761127,0.34259322083791577,0.04942337749839986,34.259322083791574,24.482088745424768,normal
job_000007,Bulgaria,135,6.75,monitoring,0.0,0.5303822501674643,0.0,0.0,0.4109082687949343,0.0,0.0,6,,0.1591146750502393,0.1822844047238532,0.07955733752511965,18.228440472385323,23.731650952660033,normal
job_000007,Bulgaria,136,6.8,monitoring,0.008729513706924924,0.20229804356224246,0.032742210639828954,0.0,0.0,0.0,0.0,6,,0.07193029552605369,0.0325270849610676,0.03700194087169569,7.19302955260537,21.747016384653474,normal
job_000007,Bulgaria,137,6.85,monitoring,0.0,0.0,0.0,0.0,0.29020837833463903,0.0,0.0,6,,0.0,0.07255209458365976,0.0,7.255209458365976,20.007999553498973,normal
job_000007,Bulgaria,138,6.9,monitoring,0.0,0.0910434520891025,0.0,0.0,0.001992776812873721,0.0,0.0,6,,0.02731303562673075,0.014154712016583805,0.013656517813365375,2.731303562673075,17.934796034599863,normal
job_000007,Bulgaria,139,6.95,monitoring,0.0,0.0,0.0,0.0,0.0,0.0,0.0,6,,0.0,0.0,0.0,0.0,15.78262051044788,normal
job_000007,Bulgaria,140,7.0,monitoring,0.06472957054195286,0.16666666666666666,0.028562510057263995,0.0,0.0,0.0,0.0,6,,0.0797959772039995,0.041182392635488216,0.04223029061698017,7.97959772039995,14.846257775642128,normal
job_000007,Bulgaria,141,7.05,monitoring,0.05609232344501656,0.16666666666666666,0.028937198253229816,0.0,0.02529238940592068,0.0,0.0,6,,0.07686661276906324,0.04534617821273431,0.04055904442698778,7.6866612769063245,13.987106195793832,normal
job_000007,Bulgaria,142,7.1,monitoring,0.18881028347552414,0.2634969794819528,0.03170124819359316,0.18149918208186283,0.04640197056230566,0.0,0.0,6,,0.15305800510941758,0.16185232416040235,0.08204179084643673,16.185232416040236,14.2508813422234,normal
job_000007,Bulgaria,143,7.15,monitoring,0.3783665789106463,0.3333333333333333,0.12440845523319281,0.0,0.030590987539965135,0.1587301587301587,0.0,6,,0.2794034323000402,0.15223939161265285,0.1760806158131399,27.94034323000402,15.893616768757074,normal
job_000007,Bulgaria,144,7.2,monitoring,0.0,0.06443435291896976,0.0674543444566568,0.0657182422896283,0.20115505595488553,0.44444444444444436,0.0,6,,0.08063833643429957,0.08295530172793675,0.10867219349523285,10.867219349523285,15.29044907844902,normal
job_000007,Bulgaria,145,7.25,monitoring,0.0,0.09454498563808461,0.040095597743651346,0.466948187163803,0.3704981392575394,0.11111111111111116,0.0,6,,0.04949850623844933,0.2702381481674286,0.04241830972948263,27.02381481674286,16.698452967044283,normal
job_000007,Bulgaria,146,7.3,monitoring,0.0,0.0,0.0,0.0,0.0,0.0,0.0,6,,0.0,0.0,0.0,0.0,14.694638610998968,normal
job_000007,Bulgaria,147,7.35,monitoring,0.0,0.0,0.0,0.0,0.0,0.0,0.0,6,,0.0,0.0,0.0,0.0,12.931281977679092,normal
job_000007,Bulgaria,148,7.4,monitoring,0.0,0.0,0.0,0.0,0.0,0.0,0.0,6,,0.0,0.0,0.0,0.0,11.379528140357602,normal
job_000007,Bulgaria,149,7.45,monitoring,0.0,0.0,0.0,0.0,0.39429769875357057,0.0,0.0,6,,0.0,0.09857442468839264,0.0,9.857442468839265,11.196877859775402,normal
job_000007,Bulgaria,150,7.5,monitoring,0.0,0.0,0.0,0.0,0.21358496687320683,0.0,0.0,6,,0.0,0.05339624171830171,0.0,5.33962417183017,10.494007417221974,normal
job_000007,Bulgaria,151,7.55,monitoring,0.0,0.0,0.0,0.0,0.19680002413987305,0.0,0.0,6,,0.0,0.04920000603496826,0.0,4.920000603496826,9.825126599574956,normal
job_000007,Bulgaria,152,7.6,monitoring,0.0,0.0,0.0,0.0,0.26389829427316963,0.0,0.0,6,,0.0,0.06597457356829241,0.0,6.597457356829241,9.43780629044547,normal
job_000007,Bulgaria,153,7.65,monitoring,0.0,0.0,0.0,0.1379477893780232,0.0,0.0,0.0,6,,0.0,0.04828172628230812,0.0,4.828172628230812,8.884650250979712,normal
job_000007,Bulgaria,154,7.7,monitoring,0.0,0.0,0.0,0.8569293434979929,0.0,0.0,0.0,6,,0.0,0.2999252702242975,0.0,29.992527022429748,11.417595463553717,normal
job_000007,Bulgaria,155,7.75,monitoring,0.0,0.0,0.0,0.030042751999313704,0.0,0.0,0.0,6,,0.0,0.010514963199759796,0.0,1.0514963199759797,10.173663566324388,normal
job_000007,Bulgaria,156,7.8,monitoring,0.0,0.0,0.0,0.15919340153148917,0.0,0.0,0.0,6,,0.0,0.05571769053602121,0.0,5.571769053602121,9.621436224797716,normal
job_000007,Bulgaria,157,7.85,monitoring,0.0,0.0,0.0,0.35076642824565857,0.04017748758677758,0.0,0.0,6,,0.0,0.1328126217826749,0.0,13.28126217826749,10.060615339214088,normal
job_000007,Bulgaria,158,7.9,monitoring,0.0,0.0,0.0,0.5729507042659848,0.0,0.0,0.0,6,,0.0,0.2005327464930947,0.0,20.05327464930947,11.259734456425534,normal
job_000007,Bulgaria,159,7.95,monitoring,0.0,0.0,0.0,0.02110570717864652,0.15785403007719132,0.0,0.0,6,,0.0,0.04685050503182411,0.0,4.685050503182412,10.47077238203636,normal
job_000007,Bulgaria,160,8.0,monitoring,0.0,0.0,0.0,0.6037696496592792,0.023353150449535776,0.0,0.0,6,,0.0,0.21715766499313163,0.0,21.715766499313162,11.820171676109577,normal
job_000007,Bulgaria,161,8.05,monitoring,0.0,0.0,0.0,0.2266794167389243,0.19633107213495746,0.0,0.0,6,,0.0,0.12842056389236287,0.0,12.842056389236287,11.942797841684783,normal
job_000007,Bulgaria,162,8.1,monitoring,0.0,0.0,0.0,0.0,0.20476032754782525,0.0,0.0,6,,0.0,0.05119008188695631,0.0,5.119008188695632,11.123943083326084,normal
job_000007,Bulgaria,163,8.15,monitoring,0.0,0.0,0.0,0.0,0.0,0.0,0.0,6,,0.0,0.0,0.0,0.0,9.789069913326955,normal
job_000007,Bulgaria,164,8.2,monitoring,0.0,0.0,0.0,0.0,0.0,0.0,0.0,6,,0.0,0.0,0.0,0.0,8.61438152372772,normal
job_000007,Bulgaria,165,8.25,monitoring,0.0,0.0,0.0,0.0,0.0,0.0,0.0,6,,0.0,0.0,0.0,0.0,7.5806557408803945,normal
job_000007,Bulgaria,166,8.3,monitoring,0.0,0.0,0.0,0.09099130327597119,0.267251809076962,0.0,0.0,6,,0.0,0.09865990841583042,0.0,9.865990841583042,7.8548959529647115,normal
job_000007,Bulgaria,167,8.35,monitoring,0.0,0.0,0.0,0.20640607087777857,0.027410919099714152,0.0,0.0,6,,0.0,0.07909485458215103,0.0,7.909485458215102,7.8614466935947585,normal
job_000007,Bulgaria,168,8.4,monitoring,0.0,0.0,0.0,0.0,0.0,0.0,0.0,6,,0.0,0.0,0.0,0.0,6.918073090363388,normal
job_000007,Bulgaria,169,8.45,monitoring,0.0,0.0,0.0,0.0,0.0,0.0,0.0,6,,0.0,0.0,0.0,0.0,6.087904319519781,normal
job_000007,Bulgaria,170,8.5,monitoring,0.0,0.07165657581822567,0.0,0.5544967909702239,0.43067742779085905,0.0,0.0,6,,0.0214969727454677,0.3124917201600269,0.01074848637273385,31.249172016002692,9.10725644309773,normal
job_000007,Bulgaria,171,8.55,monitoring,0.0,0.0,0.0,0.3051613396006161,0.3757990128566327,0.0,0.0,6,,0.0,0.2007562220743738,0.0,20.07562220743738,10.42346033481849,normal
job_000007,Bulgaria,172,8.6,monitoring,0.0,0.0,0.0,0.0,0.04025537310436242,0.0,0.0,6,,0.0,0.010063843276090605,0.0,1.0063843276090605,9.293411213953359,normal
job_000007,Bulgaria,173,8.65,monitoring,0.0,0.0,0.0,0.16439461618347503,0.13799886890649188,0.0,0.0,6,,0.0,0.09203783289083922,0.0,9.203783289083923,9.282655862969026,normal
job_000007,Bulgaria,174,8.7,monitoring,0.0,0.008782785525074145,0.06130097617642021,0.0,0.14364058239226896,0.11111111111111116,0.0,6,,0.02907119081273841,0.03722756342682836,0.03273478647744639,3.7227563426828363,8.615467920534684,normal
job_000007,Bulgaria,175,8.75,monitoring,0.0,0.0,0.06117103120835923,0.0,0.30779716499457577,0.11111111111111116,0.0,6,,0.026403868913200925,0.07694929124864394,0.03139787690347612,7.6949291248643945,8.505003265054249,normal
job_000007,Bulgaria,176,8.8,monitoring,0.0,0.0,0.061390537115654675,0.22842174479889202,0.0,0.11111111111111116,0.0,6,,0.026458745390024786,0.0799476106796122,0.03143080278957043,7.99476106796122,8.443774201403086,normal
job_000007,Bulgaria,177,8.85,monitoring,0.0,0.0,0.061246014235756784,0.12349145526794919,0.0,0.11111111111111116,0.0,6,,0.02642261467005031,0.04322200934378222,0.03140912435758575,4.3222009343782215,7.949185409360102,normal
job_000007,Bulgaria,178,8.9,monitoring,0.0,0.0,0.0,0.23181684763498533,0.0,0.0,0.0,6,,0.0,0.08113589667224486,0.0,8.113589667224485,7.968913920303828,normal
job_000007,Bulgaria,179,8.95,monitoring,0.0,0.0,0.0,0.021476410835735846,0.06778539994173431,0.0,0.0,6,,0.0,0.024463093777941123,0.0,2.4463093777941123,7.306201375202662,normal
job_000007,Bulgaria,180,9.0,monitoring,0.0,0.0,0.0,0.0,0.18043038898102554,0.0,0.0,6,,0.0,0.045107597245256384,0.0,4.510759724525639,6.97074837712142,normal
job_000007,Bulgaria,181,9.05,monitoring,0.0,0.0,0.0,0.37037694622782624,0.11319566664947317,0.0,0.0,6,,0.0,0.15793084784210748,0.0,15.793084784210748,8.02942874597214,normal
job_000007,Bulgaria,182,9.1,monitoring,0.0,0.0,0.0,0.0,0.11008607034281925,0.0,0.0,6,,0.0,0.027521517585704813,0.0,2.7521517585704816,7.396155507483941,normal
job_000007,Bulgaria,183,9.15,monitoring,0.0,0.0,0.0,0.12384640314996023,0.0846740289417343,0.0,0.0,6,,0.0,0.06451474833791965,0.0,6.4514748337919645,7.282793826640904,normal
job_000007,Bulgaria,184,9.2,monitoring,0.0,0.0,0.0,0.26357501718293197,0.0,0.0,0.0,6,,0.0,0.09225125601402619,0.0,9.225125601402619,7.51587363961231,normal
job_000007,Bulgaria,185,9.25,monitoring,0.0,0.0,0.0,0.3725009564316688,0.0,0.0,0.0,6,,0.0,0.13037533475108407,0.0,13.037533475108406,8.17847281987184,normal
job_000007,Bulgaria,186,9.3,monitoring,0.0,0.0,0.0,0.4775971059911073,0.059582674142864965,0.0,0.0,6,,0.0,0.18205465563260378,0.0,18.20546556326038,9.381711949078465,normal
job_000007,Bulgaria,187,9.35,monitoring,0.0,0.0,0.0,0.0,0.24299138559293668,0.0,0.0,6,,0.0,0.06074784639823417,0.0,6.074784639823417,8.984880671967858,normal
job_000007,Bulgaria,188,9.4,monitoring,0.0,0.0,0.07093639437335178,0.0,0.3747268895754672,0.11111111111111116,0.0,6,,0.02884520970444906,0.0936817223938668,0.032862681378225,9.368172239386679,9.030875660058117,normal
job_000007,Bulgaria,189,9.45,monitoring,0.0,0.0,0.07076184325438895,0.580411028979476,0.0,0.11111111111111116,0.0,6,,0.028801571924708353,0.2031438601428166,0.03283649871038057,20.31438601428166,10.384896902564943,normal
job_000007,Bulgaria,190,9.5,monitoring,0.0,0.32232580668224114,0.07059650603602995,0.284960589968945,0.10598818650393525,0.11111111111111116,0.0,6,,0.12545797962479094,0.17458212411745075,0.08116056912996289,17.458212411745073,11.23369476366656,normal
job_000007,Bulgaria,191,9.55,monitoring,0.0,0.044754574953518256,0.07134844995476493,0.0,0.006872563113568787,0.11111111111111116,0.0,6,,0.04237459608585782,0.008431327021419934,0.03963767595846471,4.237459608585782,10.394146545056866,normal
job_000007,Bulgaria,192,9.6,monitoring,0.0,0.0,0.07129283984662178,0.9581371328860344,0.0,0.11111111111111116,0.0,6,,0.028934321072766563,0.33534799651011205,0.0329161481992155,33.534799651011205,13.171024917771387,normal
job_000007,Bulgaria,193,9.65,monitoring,0.0,0.0,0.0712193463910615,0.39528574593905913,0.0,0.11111111111111116,0.0,6,,0.028915947708876493,0.13835001107867068,0.032905124180881457,13.835001107867068,13.250702060582869,normal
job_000007,Bulgaria,194,9.7,monitoring,0.0,0.0,0.07152061488826993,0.7466052635772806,0.1811735489871479,0.11111111111111116,0.0,6,,0.028991264833178598,0.30660522949883523,0.032950314455462724,30.66052294988352,15.339880567298948,normal
job_000007,Bulgaria,195,9.75,monitoring,0.0,0.0,0.0,0.0,0.09483021215007818,0.0,0.0,6,,0.0,0.023707553037519546,0.0,2.3707553037519546,13.783585535673309,normal
job_000007,Bulgaria,196,9.8,monitoring,0.0,0.0,0.07181464562024897,0.0,0.0,0.11111111111111116,0.0,6,,0.02906477251617336,0.0,0.03299441906525958,3.299441906525958,12.525488300175628,normal
job_000007,Bulgaria,197,9.85,monitoring,0.0,0.0,0.0,0.2375977560733666,0.08517646136277306,0.0,0.0,6,,0.0,0.10445332996637158,0.0,10.445332996637157,12.275869663751012,normal
job_000007,Bulgaria,198,9.9,monitoring,0.0,0.16666666666666666,0.21880023687928365,0.0,0.003908054412085208,0.0,0.0,6,,0.10470005921982091,0.0259770136030213,0.05782003553189255,10.470005921982091,12.059166014738743,normal
job_000007,Bulgaria,199,9.95,monitoring,0.0,0.0,0.36270203425383724,0.0,0.21614049742668492,0.11111111111111116,0.0,6,,0.10178661967457042,0.05403512435667123,0.07662752736029782,10.178661967457042,11.83350552906494,normal
job_000007,Bulgaria,200,10.0,monitoring,0.0,0.0,0.3641876604785689,0.0,0.105064690142596,0.11111111111111116,0.0,6,,0.10215802623075333,0.026266172535649,0.07685037129400757,10.215802623075334,11.639381180346188,normal
job_000007,Bulgaria,201,10.05,monitoring,0.0,0.0,0.078380574298726,0.0,0.0,0.11111111111111116,0.0,6,,0.030706254685792616,0.0,0.033979308367031134,3.3979308367031136,10.650407139109019,normal
job_000007,Bulgaria,202,10.1,monitoring,0.0,0.10194633472247103,0.22262378943084807,0.0,0.2806125390212597,0.2777777777777778,0.0,6,,0.11401762555223109,0.08544508496368558,0.10424107417855341,11.40176255522311,10.74056978904271,normal
job_000007,Bulgaria,203,10.15,monitoring,0.0,0.0,0.22258635971360405,0.29008748300189807,0.24295252206850626,0.2777777777777778,0.0,6,,0.0834243677061788,0.1622687495677909,0.08894350951259616,16.22687495677909,11.398926409171075,normal
job_000007,Bulgaria,204,10.2,monitoring,0.0,0.16666666666666666,0.15198742321848407,0.1498658899222612,0.11223300211609409,0.2777777777777778,0.0,6,,0.1157746335823988,0.10551131200181493,0.10335366903832817,11.57746335823988,11.420350843059332,normal
job_000007,Bulgaria,205,10.25,monitoring,0.0,0.16666666666666666,0.15199981929894432,0.0,0.29044858229479803,0.2777777777777778,0.0,6,,0.11577773260251385,0.0976121455736995,0.1033555284503972,11.577773260251385,11.439241533122377,normal
job_000007,Bulgaria,206,10.3,monitoring,0.0,0.26480910459994284,0.20398948140543036,0.0,0.07618000703344659,0.0,0.0,6,,0.13044010173134044,0.05876636744835308,0.07031978790080598,13.044010173134044,11.631813769923777,normal
job_000007,Bulgaria,207,10.35,monitoring,0.0,0.21239435905018672,0.20205336390492176,0.0,0.21483243359547918,0.0,0.0,6,,0.11423164869128646,0.0855672622563978,0.06216715844326627,11.423164869128646,11.606775901828362,normal
job_000007,Bulgaria,208,10.4,monitoring,0.0,0.19515195309998148,0.20330117037106218,0.0,0.26310619774856775,0.0,0.0,6,,0.10937087852275998,0.09504934240213916,0.05976796852065655,10.937087852275997,11.526413335882078,normal
job_000007,Bulgaria,209,10.45,monitoring,0.0,0.15308969565575925,0.03357238354917754,0.0,0.2519884653978606,0.0,0.0,6,,0.05432000458402216,0.08596057069782903,0.027999311880740518,8.596057069782903,11.174770583950176,normal
job_000007,Bulgaria,210,10.5,monitoring,0.0,0.4062355326366115,0.1577198620777597,0.0,0.31835409325437075,0.0,0.0,6,,0.16130062531042336,0.1405238532090844,0.08459330920715567,16.130062531042334,11.769405617601235,normal
job_000007,Bulgaria,211,10.55,monitoring,0.0,0.0,0.03508988307343018,0.0,0.37879971603370044,0.0,0.0,6,,0.008772470768357545,0.09469992900842511,0.005263482461014527,9.469992900842511,11.493476091590189,normal
job_000007,Bulgaria,212,10.6,monitoring,0.0,0.16666666666666666,0.15816940045159203,0.0,0.31233029452762173,0.0,0.0,6,,0.089542350112898,0.10308257363190543,0.0487254100677388,10.308257363190542,11.351249844182231,normal
job_000007,Bulgaria,213,10.65,monitoring,0.0,0.19866382833838198,0.1578471464598975,0.0,0.35301781468192156,0.0,0.0,6,,0.09906093511648897,0.11805402792123769,0.05347664621974192,11.805402792123768,11.405748197935216,normal
job_000007,Bulgaria,214,10.7,monitoring,0.0,0.47835837308536566,0.158838295060964,0.0,0.18619513789340927,0.0,0.0,6,,0.1832170856908507,0.11830254043615718,0.09557950022194946,18.32170856908507,12.235663442473198,normal
job_000007,Bulgaria,215,10.75,monitoring,0.0,0.16666666666666666,0.1583583122442658,0.11142376530427495,0.21822561171921162,0.0,0.0,6,,0.08958957806106645,0.11855472078629913,0.04875374683663987,11.855472078629912,12.190040478812005,normal
job_000007,Bulgaria,216,10.8,monitoring,0.0,0.0,0.03443788333449023,0.09577694022792321,0.2262278798944491,0.0,0.0,6,,0.008609470833622557,0.0900788990533854,0.005165682500173534,9.00788990533854,11.80818240999519,normal
job_000007,Bulgaria,217,10.85,monitoring,0.0,0.0,0.03463811053598963,0.0,0.3360726868024469,0.0,0.0,6,,0.008659527633997407,0.08401817170061172,0.005195716580398444,8.401817170061172,11.399418581203108,normal
job_000007,Bulgaria,218,10.9,monitoring,0.0,0.23766460719792415,0.29756882252291184,1.0,0.3458329243456885,0.11111111111111116,0.0,6,,0.15680269890121634,0.47210792216611075,0.10250723668034761,47.210792216611075,15.696783417452064,normal
job_000007,Bulgaria,219,10.95,monitoring,0.0,0.367133824981649,0.1582302338548038,1.0,0.3167270103498769,0.0,0.0,6,,0.14969770595819565,0.4842518263347166,0.07880460882546791,48.42518263347166,19.624191323374415,normal
job_000007,Bulgaria,220,11.0,monitoring,0.0,0.15512077976135105,0.16417594952264739,0.0,0.2866229349893253,0.0,0.0,6,,0.08758022130906716,0.09492385071153397,0.04789450939259976,9.492385071153397,18.408374573107896,normal
job_000007,Bulgaria,221,11.05,monitoring,0.0,0.02635654021979492,0.16384260049875726,1.0,0.09858623833893106,0.0,0.0,6,,0.04886761219062779,0.37860004061770197,0.028529871107782826,37.8600040617702,20.742570111747373,normal
job_000007,Bulgaria,222,11.1,monitoring,0.0,0.3622941851473164,0.163926921414076,1.0,0.42560381424750793,0.0,0.0,6,,0.1496699858977139,0.5107450813339744,0.07893316598420885,51.074508133397444,24.382402674345382,normal
job_000007,Bulgaria,223,11.15,monitoring,0.0,0.41073384594261164,0.47370446973037705,1.0,0.4684988564675261,0.2777777777777778,0.0,6,,0.26942404899315553,0.5287347910082733,0.18822130290650385,52.873479100827325,27.801331845523215,normal
job_000007,Bulgaria,224,11.2,monitoring,0.0,0.24244382177657156,0.3823428321424205,1.0,0.3878195684571881,0.0,0.0,6,,0.1683188545685766,0.48332146538078274,0.09371799808784881,48.33214653807828,30.265029608629824,normal
job_000007,Bulgaria,225,11.25,monitoring,0.0,0.09189751314697846,0.16440949334808666,1.0,0.3036770915064824,0.0,0.0,6,,0.0686716272811152,0.4397038998486673,0.038446050974259766,43.97038998486673,31.909672853778254,normal
job_000007,Bulgaria,226,11.3,monitoring,0.0,0.053328478663351365,0.16445165843057508,1.0,0.0,0.0,0.0,6,,0.057111458206649174,0.3579992717995027,0.03266702056408897,35.79992717995027,32.3765033729189,normal
job_000007,Bulgaria,227,11.35,monitoring,0.0,0.030180392576623624,0.16451632192992346,1.0,0.0,0.0,0.0,6,,0.05018319825546795,0.3545270588864935,0.02920450717598206,35.45270588864935,32.74564767480655,normal
job_000007,Bulgaria,228,11.4,monitoring,0.0,0.08692112943570461,0.16516557838082696,0.9420278570266517,0.0,0.0,0.0,6,,0.06736773342591812,0.34274791937468374,0.037813006172479735,34.27479193746837,32.929144986325966,normal
job_000007,Bulgaria,229,11.45,monitoring,0.0,0.11438630383890282,0.1640285183472057,1.0,0.0,0.0,0.0,6,,0.07532302073847227,0.3671579455758354,0.04176222332791628,36.71579455758354,33.38354293487687,normal
job_000007,Bulgaria,230,11.5,monitoring,0.0,0.48788785905296256,0.1643600396319012,1.0,0.041407538902658025,0.0,0.0,6,,0.18745636762386408,0.4335350635836089,0.09783718480272957,43.35350635836089,34.57993854569496,normal
job_000007,Bulgaria,231,11.55,monitoring,0.0,0.32939187176386364,0.16495298177368373,0.0,0.1431976662031157,0.0,0.0,6,,0.14005580697258002,0.08520819731535847,0.07415172803063211,14.005580697258003,32.11101560388253,normal
job_000007,Bulgaria,232,11.6,monitoring,0.0,0.5,0.16533256173334251,1.0,0.35589651099185005,0.0,0.0,6,,0.19133314043333563,0.5139741277479625,0.09979988426000137,51.397412774796244,34.425383264392174,normal
job_000007,Bulgaria,233,11.65,monitoring,0.0,0.5,0.5018785085754686,0.0,0.4118006889507438,0.2777777777777778,0.0,6,,0.3032474049216449,0.17795017223768594,0.20583733184187583,30.324740492164494,33.933306131724855,normal
job_000007,Bulgaria,234,11.7,monitoring,0.0,0.5,0.3021924432352346,0.0,0.4766366558995828,0.11111111111111116,0.0,6,,0.23665922191991978,0.1941591639748957,0.1425510887075074,23.665922191991978,32.701220058956906,normal
job_000007,Bulgaria,235,11.75,monitoring,0.0,0.05395441322371346,0.04120829440241264,1.0,0.0,0.0,0.0,6,,0.026488397567717197,0.358093161983557,0.014274406143918915,35.8093161983557,33.07419159568476,normal
job_000007,Bulgaria,236,11.8,monitoring,0.0,0.5,0.38245408108758766,1.0,0.4195992937912375,0.0,0.0,6,,0.24561352027189692,0.5298998234478094,0.13236811216313815,52.98998234478094,35.4640864855763,normal
job_000007,Bulgaria,237,11.85,monitoring,0.0,0.5,0.27795100467293427,0.0,0.3961317122582746,0.11111111111111116,0.0,6,,0.23059886227934467,0.17403292806456866,0.13891487292316237,23.059886227934467,33.97558245465928,normal
job_000007,Bulgaria,238,11.9,monitoring,0.03126203512352128,0.09413494019152199,0.15970799757326845,0.824368385438521,0.003448400929252935,0.11111111111111116,0.0,6,,0.09022030485511727,0.31132678494540417,0.06655106991164506,31.132678494540418,33.63443397944502,normal
job_000007,Bulgaria,239,11.95,monitoring,0.0,0.3313178633169207,0.27617601856655727,0.8718626086765834,0.23475048891261097,0.11111111111111116,0.0,6,,0.17955047474782665,0.41353721476249505,0.11334630450474392,41.353721476249504,34.56074847906156,normal
job_000007,Bulgaria,240,12.0,monitoring,0.0,0.3591805411178124,0.036115281389300403,0.5516931999113707,0.10410512946464784,0.0,0.0,6,,0.11678298268266882,0.2729959835028135,0.05929437337606692,27.29959835028135,33.689410463607935,normal
job_000007,Bulgaria,241,12.05,monitoring,0.0,0.4306420212190478,0.15107196786126664,0.3457629098424031,0.04832476687319092,0.0,0.0,6,,0.166960598331031,0.19769451334599594,0.08725709836204716,19.769451334599594,32.01901536812694,normal
job_000007,Bulgaria,242,12.1,monitoring,0.0,0.5,0.4770102951812429,0.9917638251151822,0.06499186584533495,0.2777777777777778,0.0,6,,0.2970303515730885,0.4383653052516475,0.20210709983274197,43.836530525164754,33.43711718697148,normal
job_000007,Bulgaria,243,12.15,monitoring,0.0,0.5,0.4780278513628131,0.0,0.1384878823482588,0.2777777777777778,0.0,6,,0.2972847406184811,0.10962197058706469,0.2022597332599775,29.72847406184811,32.99208001195667,normal
job_000007,Bulgaria,244,12.2,monitoring,0.0,0.5,0.2823379250943964,0.6670179040334988,0.2811156905958388,0.11111111111111116,0.0,6,,0.23169559238471021,0.37873518906068426,0.1395729109863817,37.873518906068426,33.577852679250086,normal
job_000007,Bulgaria,245,12.25,monitoring,0.0,0.5,0.478875715338508,0.5145417779983555,0.323662525140443,0.2777777777777778,0.0,6,,0.2974967066124048,0.3360052535845352,0.20238691285633173,33.60052535845352,33.580573400754496,normal
job_000007,Bulgaria,246,12.3,monitoring,0.0,0.8333333333333333,0.2365069882141283,0.007170361866694139,0.3030849419356985,0.0,0.0,6,,0.30912674705353205,0.20328086213726754,0.16047604823211922,30.912674705353204,33.26042555730634,normal
job_000007,Bulgaria,247,12.35,monitoring,0.0,0.5132109158275173,0.23519505845275585,0.0,0.12078369957192304,0.0,0.0,6,,0.21276203936144417,0.10717756226710835,0.11226089614204096,21.276203936144416,31.82231896276691,normal
job_000007,Bulgaria,248,12.4,monitoring,0.144292768674325,0.6789169394096835,0.28030096210829714,0.32401973615602614,0.12800161095035772,0.06944444444444446,0.0,6,,0.3311972358304375,0.28331804347223233,0.18663012785145097,33.11972358304375,31.978007517200133,normal
job_000007,Bulgaria,249,12.45,monitoring,0.0,0.5246894463448779,0.23634595146064974,0.0,0.15100473724203334,0.0,0.0,6,,0.2164933217686258,0.11645460126224001,0.11415530967082914,21.64933217686258,30.738566476359626,normal
job_000007,Bulgaria,250,12.5,monitoring,0.18412506041285176,0.3831764764784283,0.24716043189702847,0.0,0.0,0.0,0.0,6,,0.2411868220622837,0.10350773657497718,0.13137554833888887,24.11868220622837,29.944180363943875,normal
job_000007,Bulgaria,251,12.55,monitoring,0.09809699619572895,0.0,0.40181564854569,0.0,0.0,0.11111111111111116,0.0,6,,0.14589897191603876,0.024524249048932238,0.10211396874322154,14.589897191603876,28.101666383263076,normal
job_000007,Bulgaria,252,12.6,monitoring,0.09867417166089891,0.0,0.40211172231312287,0.0,0.0,0.11111111111111116,0.0,6,,0.14617500177070647,0.024668542915224728,0.10227381490137044,14.617500177070648,26.483566438519983,normal
job_000007,Bulgaria,253,12.65,monitoring,0.21503552540632065,0.16666666666666666,0.24742791112419896,0.0485972202564222,0.0,0.0,0.0,6,,0.18711941167326196,0.09576790844132793,0.10512129174989397,18.711941167326195,25.55097140597673,normal
job_000007,Bulgaria,254,12.7,monitoring,0.2040430008456751,0.23364546447692308,0.24581048856992388,0.0,0.0,0.0,0.0,6,,0.2029613117815442,0.08605756988295724,0.11272699312616206,20.29613117815442,24.920390578638052,normal
job_000007,Bulgaria,255,12.75,monitoring,0.33426226656533714,0.3333333333333333,0.13836248046564578,0.1212112323750761,0.0,0.0,0.0,6,,0.25158241341427945,0.17598949797261093,0.1376068253829143,25.158241341427946,24.948932670172837,normal
job_000007,Bulgaria,256,12.8,monitoring,0.35178843064139187,0.3333333333333333,0.13877389462204362,0.0,0.0,0.0,0.0,6,,0.25781942437999805,0.13794710766034796,0.14117377032158493,25.781942437999806,25.048893842312072,normal
job_000007,Bulgaria,257,12.85,monitoring,0.19952219463874304,0.16666666666666666,0.05526119025322874,0.0,0.0,0.0,0.0,6,,0.13364806568686724,0.07488054865968576,0.07319361746573291,13.364806568686724,23.64680336947703,normal
job_000007,Bulgaria,258,12.9,monitoring,0.0,0.10365024230358272,0.215718295447063,0.0,0.46845224651199413,0.2777777777777778,0.0,6,,0.11280242433061834,0.13266059797353594,0.10346083621815241,13.266059797353593,22.40111414082222,normal
job_000007,Bulgaria,259,12.95,monitoring,0.0,0.0,0.21546987003836193,0.0,0.0,0.2777777777777778,0.0,6,,0.08164524528736826,0.0,0.08787603606130985,8.787603606130984,20.76749287665927,normal
job_000007,Bulgaria,260,13.0,monitoring,0.0,0.16782918426784968,0.231277414885104,0.0,0.0,0.0,0.0,6,,0.1081681090016309,0.02517437764017745,0.05986598987294305,10.816810900163091,19.573411039479726,normal
job_000007,Bulgaria,261,13.05,monitoring,0.0,0.0,0.14777002960247992,0.0,0.0,0.11111111111111116,0.0,6,,0.048053618511731094,0.0,0.04438772666259422,4.805361851173109,17.801245136882933,normal
job_000007,Bulgaria,262,13.1,monitoring,0.0,0.12032964397371647,0.20457035222356737,0.0,0.3604208629635636,0.2777777777777778,0.0,6,,0.11501925902578457,0.10815466233694837,0.10429055498514814,11.501925902578456,17.045326828766395,normal
job_000007,Bulgaria,263,13.15,monitoring,0.0,0.0,0.20412600776526016,0.561380872676436,0.09812248995696543,0.2777777777777778,0.0,6,,0.07880927971909282,0.22101392792599395,0.08617445672034459,22.101392792599395,17.652054744426355,normal
job_000007,Bulgaria,264,13.2,monitoring,0.0,0.5,0.0905341389181303,0.0,0.03199987482322183,0.5555555555555555,0.0,6,,0.22818909028508813,0.08299996870580545,0.19969123194883065,22.818909028508813,18.272077258516248,normal
job_000007,Bulgaria,265,13.25,monitoring,0.0,0.0,0.0906337735578621,0.19890385444791792,0.14335326556552785,0.5555555555555555,0.0,6,,0.07821399894502108,0.10545466544815323,0.12470617714479042,12.470617714479042,17.575902113231784,normal
job_000007,Bulgaria,266,13.3,monitoring,0.0,0.4446076349493992,0.09143370754801121,0.0,0.11755685906735223,0.5555555555555555,0.0,6,,0.2117962729273781,0.09608036000924794,0.19151731248572268,21.17962729273781,18.008349134772505,normal
job_000007,Bulgaria,267,13.35,monitoring,0.0,0.0313933999642797,0.0,0.4390802887025703,0.0,0.2777777777777778,0.0,6,,0.03719579776706169,0.15838711104054157,0.06026456555019751,15.838711104054157,17.747992571086304,normal
job_000007,Bulgaria,268,13.4,monitoring,0.0,0.031024196574290838,0.0,0.0,0.10963120450132334,0.2777777777777778,0.0,6,,0.03708503675006503,0.03206143061147446,0.060209185041699184,6.020918504169918,16.34074368305634,normal
job_000007,Bulgaria,269,13.45,monitoring,0.0,0.05257634502556953,0.18334905018591294,0.0,0.0,0.2777777777777778,0.0,6,,0.08938794383192687,0.007886451753835429,0.09094436483727793,9.094436483727792,15.471186819136912,normal
job_000007,Bulgaria,270,13.5,monitoring,0.0,0.11227400954373752,0.08496282469790128,0.4354558203706949,0.020181588637427614,0.5555555555555555,0.0,6,,0.11047846459315214,0.1742960357206607,0.14069663624735693,17.42960357206607,15.70619682948841,normal
job_000007,Bulgaria,271,13.55,monitoring,0.0,0.0014571034170295905,0.0,0.0,0.06508889564541565,0.2777777777777778,0.0,6,,0.028214908802886657,0.01649078942390835,0.05577412106811,5.577412106811,14.490742662767122,normal
job_000007,Bulgaria,272,13.6,monitoring,0.0,0.19538849174093387,0.0,0.0,0.0,0.0,0.0,6,,0.058616547522280155,0.029308273761140077,0.029308273761140077,5.861654752228016,13.45525211350243,normal
job_000007,Bulgaria,273,13.65,monitoring,0.0,0.3044666230521572,0.24537406395044675,0.0,0.0,0.0,0.0,6,,0.15268350290325886,0.045669993457823584,0.0824761030503906,15.268350290325886,13.672823894721246,normal
job_000007,Bulgaria,274,13.7,monitoring,0.0,0.5578240838346429,0.2908227823491489,0.0,0.0,0.2777777777777778,0.0,6,,0.2678306985154579,0.08367361257519643,0.1828525854831243,26.783069851545786,15.246053409540192,normal
job_000007,Bulgaria,275,13.75,monitoring,0.0,0.33007225675771007,0.14180936750582956,0.09441350214915822,0.14526997571248718,0.44444444444444436,0.0,6,,0.17891846334821487,0.11887305819398368,0.1596711325284198,17.891846334821487,15.563548560573947,normal
job_000007,Bulgaria,276,13.8,monitoring,0.0,0.48593109631927933,0.0,0.0,0.08063124413581435,0.2777777777777778,0.0,6,,0.17355710667356158,0.09304747548184548,0.12844522000344746,17.35571066735616,15.778608013387812,normal
job_000007,Bulgaria,277,13.85,monitoring,0.0,0.36333857729767965,0.08752678906234071,0.6841904651225394,0.0,0.11111111111111116,0.0,6,,0.1419943815660002,0.2939674493875407,0.08985202717622529,29.396744938754072,17.412784444431765,normal
job_000007,Bulgaria,278,13.9,monitoring,0.0,0.5,0.0,1.0,0.09216285190874669,0.2777777777777778,0.0,6,,0.17777777777777778,0.4480407129771867,0.13055555555555556,44.804071297718664,20.69973886682619,normal
job_000007,Bulgaria,279,13.95,monitoring,0.0,0.4767602689421498,0.10046550748166318,0.0,0.014109200169012223,0.44444444444444436,0.0,6,,0.2125889019975052,0.07504134038357553,0.17547275535246082,21.258890199750518,20.766837026777107,normal
job_000007,Bulgaria,280,14.0,monitoring,0.0,0.29368074876404116,0.04785285574681859,0.0,0.0823267047163664,0.2777777777777778,0.0,6,,0.12784521634369478,0.06463378849369777,0.10678559623218452,12.784521634369478,19.80895917968819,normal
job_000007,Bulgaria,281,14.05,monitoring,0.0,0.22053237155283226,0.04771751372615358,0.0,0.04741505735253244,0.2777777777777778,0.0,6,,0.10586686767516584,0.044933620071057945,0.09579303834740344,10.586686767516584,18.7022864902276,normal
job_000007,Bulgaria,282,14.1,monitoring,0.0,0.49594645550527905,0.14226168395150596,0.0,0.023405295829599944,0.44444444444444436,0.0,6,,0.22879380208390465,0.08024329228319184,0.18462010980740662,22.879380208390465,19.203537736407142,normal
job_000007,Bulgaria,283,14.15,monitoring,0.0,0.04771025010030254,0.04919851862179329,0.0,0.07451756332880717,0.2777777777777778,0.0,6,,0.05439048246331686,0.025785928347247175,0.07009187086386993,7.009187086386993,17.740215658404725,normal
job_000007,Bulgaria,284,14.2,monitoring,0.0,0.09185836367459757,0.04798519361925299,0.0,0.07526693615488694,0.2777777777777778,0.0,6,,0.0673315852849703,0.03259548858991137,0.07653208914963314,7.653208914963313,16.529774849191757,normal
job_000007,Bulgaria,285,14.25,monitoring,0.0,0.2628121429916791,0.14340279796207095,0.0,0.1501552938648987,0.44444444444444436,0.0,6,,0.1591387868324659,0.07696064491497653,0.14982113003195138,15.91387868324659,16.455867309278336,normal
job_000007,Bulgaria,286,14.3,monitoring,0.0,0.5,0.0,1.0,0.38920824556314415,0.2777777777777778,0.0,6,,0.17777777777777778,0.522302061390786,0.13055555555555556,52.230206139078604,20.748787968854366,normal
job_000007,Bulgaria,287,14.35,monitoring,0.0,0.49371508791214597,0.0,0.40534933099689613,0.39738102528402586,0.2777777777777778,0.0,6,,0.17589230415142157,0.315274785356742,0.12961281874237746,31.527478535674202,22.042230836872744,normal
job_000007,Bulgaria,288,14.4,monitoring,0.0,0.4929205211886491,0.061541325575443215,0.0282473635722881,0.32169499754321584,0.11111111111111116,0.0,6,,0.17437259886156667,0.16424840481440217,0.10539149923683608,17.437259886156667,21.489634322786813,normal
job_000007,Bulgaria,289,14.45,monitoring,0.0,0.2557101612734841,7.978196331546474e-05,0.0,0.0,0.0,0.0,6,,0.0767329938728741,0.03835652419102262,0.038368491485519934,7.67329938728741,19.831674130526885,normal
job_000007,Bulgaria,290,14.5,monitoring,0.0,0.30456626548359095,0.0,0.0,0.0,0.0,0.0,6,,0.09136987964507728,0.04568493982253864,0.04568493982253864,9.136987964507728,18.548311790604586,normal
job_000007,Bulgaria,291,14.55,monitoring,0.0,0.06922959626992357,0.0,0.0,0.0,0.0,0.0,6,,0.02076887888097707,0.010384439440488535,0.010384439440488535,2.076887888097707,16.57174092230376,normal
job_000007,Bulgaria,292,14.6,monitoring,0.0,0.11280378839610315,0.0,0.0,0.0,0.0,0.0,6,,0.033841136518830944,0.016920568259415472,0.016920568259415472,3.3841136518830943,14.989225649853282,normal
job_000007,Bulgaria,293,14.65,monitoring,0.0,0.11630110741044503,0.0,0.0,0.058646454349489896,0.0,0.0,6,,0.03489033222313351,0.03210677969893923,0.017445166111566754,3.489033222313351,13.609202558548489,normal
job_000007,Bulgaria,294,14.7,monitoring,0.0,0.5,0.0,0.0,0.4763800861228063,0.0,0.0,6,,0.15,0.19409502153070157,0.075,19.409502153070157,14.305238509891089,normal
job_000007,Bulgaria,295,14.75,monitoring,0.0,0.2885247310923789,0.0,0.0,0.38698345100387416,0.0,0.0,6,,0.08655741932771367,0.14002457241482538,0.043278709663856836,14.002457241482539,14.268904757682062,normal
job_000007,Bulgaria,296,14.8,monitoring,0.0,0.2812773225403333,0.0009186558447494551,0.0,0.3116506040958575,0.0,0.0,6,,0.08461286072328733,0.12010424940501435,0.04232939675776241,12.010424940501435,13.997887179620388,normal
job_000007,Bulgaria,297,14.85,monitoring,0.0,0.1387482097536992,0.001575299650933981,0.0,0.18560436013599899,0.0,0.0,6,,0.04201828783884325,0.06721332149705463,0.021048526410694976,6.7213321497054626,13.124700576030598,normal
job_000007,Bulgaria,298,14.9,monitoring,0.0,0.5,0.09013893556063962,0.0,0.0,0.11111111111111116,0.0,6,,0.183645845001271,0.075,0.11074306255631816,18.3645845001271,13.753486646922179,normal
job_000007,Bulgaria,299,14.95,monitoring,0.0,0.28350862243009867,0.09020741212593943,0.0,0.08199965307209117,0.11111111111111116,0.0,6,,0.11871555087162557,0.06302620663253759,0.07827962740562794,11.871555087162557,13.527654859751024,normal
job_000007,Bulgaria,300,15.0,monitoring,0.0,0.3532450545736536,0.09027374897689722,0.2480658614960044,0.05672167930430721,0.11111111111111116,0.0,6,,0.1396530647274315,0.15399022953572636,0.08875004275480486,15.399022953572636,13.752219031009616,normal
job_000007,Bulgaria,301,15.05,monitoring,0.0,0.4034666341555095,0.09053703010673342,0.0,0.0,0.11111111111111116,0.0,6,,0.15478535888444733,0.06051999512332642,0.09632277186155866,15.478535888444734,13.95937705390183,normal
job_000007,Bulgaria,302,15.1,monitoring,0.0,0.5,0.08999295876622303,1.0,0.060682813023243874,0.11111111111111116,0.0,6,,0.18360935080266688,0.440170703255811,0.11072116603715568,44.017070325581095,17.566300246503342,normal
job_000007,Bulgaria,303,15.15,monitoring,0.0,0.3654975361390421,0.09034774796329291,1.0,0.35009570749294167,0.11111111111111116,0.0,6,,0.14334730894364697,0.4923485572940917,0.09059901483757249,49.23485572940917,21.36652690445204,normal
job_000007,Bulgaria,304,15.2,monitoring,0.0,0.2913466413104014,0.0,1.0,0.35908563164240254,0.2777777777777778,0.0,6,,0.11518177017089819,0.48347340410716083,0.09925755175211576,48.347340410716086,24.604224525203726,normal
job_000007,Bulgaria,305,15.25,monitoring,0.0,0.22840407285857295,0.0,1.0,0.3275170656705424,0.2777777777777778,0.0,6,,0.09629899963534966,0.46613987734642154,0.0898161664843415,46.61398773464215,27.245396110336337,normal
job_000007,Bulgaria,306,15.3,monitoring,0.0,0.5,0.0,1.0,0.25389216202182746,0.2777777777777778,0.0,6,,0.17777777777777778,0.48847304050545687,0.13055555555555556,48.84730405054569,29.83762506316146,normal
job_000007,Bulgaria,307,15.35,monitoring,0.0,0.29404996907987196,0.0,0.6092486705827073,0.0,0.2777777777777778,0.0,6,,0.11599276850173937,0.25734453006592833,0.09966305091753636,25.734453006592833,29.345244416373227,normal
job_000007,Bulgaria,308,15.4,monitoring,0.0,0.17249537653701877,0.0,0.4224685719828164,0.0,0.2777777777777778,0.0,6,,0.07952639073888342,0.17373830667453855,0.08142986203610837,17.373830667453856,27.908674766502905,normal
job_000007,Bulgaria,309,15.45,monitoring,0.0,0.32101649125401127,0.14411988057061845,0.014332045766013688,0.0,0.44444444444444436,0.0,6,,0.1767793619633024,0.05316868970620648,0.15865934466258333,17.67793619633024,26.680986138082186,normal
job_000007,Bulgaria,310,15.5,monitoring,0.0,0.4847668692080615,0.14447168348705597,0.0,0.0,0.44444444444444436,0.0,6,,0.22599242607862685,0.07271503038120922,0.18327467179315649,22.599242607862685,26.19117691445585,normal
job_000007,Bulgaria,311,15.55,monitoring,0.0,0.08195265009261143,0.14407165354995852,0.0,0.05129079600861283,0.44444444444444436,0.0,6,,0.1050481528597175,0.025115596516044923,0.12279253443527437,12.279253443527436,24.521746097944437,normal
job_000007,Bulgaria,312,15.6,monitoring,0.0,0.15099336242953265,0.14392179121550325,0.8630556266892236,0.11904004393352771,0.44444444444444436,0.0,6,,0.12572290097718003,0.3544784846890401,0.13312616193564425,35.447848468904006,25.832878382459583,normal
job_000007,Bulgaria,313,15.65,monitoring,0.0,0.31565912376676625,0.14438948778933458,0.23826203105326443,0.2894686835603888,0.44444444444444436,0.0,6,,0.17523955352180798,0.20310775032375467,0.15789618062230398,20.310775032375467,25.17022598044949,normal
job_000007,Bulgaria,314,15.7,monitoring,0.0,0.5,0.0,0.9165736486892763,0.37732394910922235,0.2777777777777778,0.0,6,,0.17777777777777778,0.49013176431855227,0.13055555555555556,49.01317643185523,28.03138003461818,normal
job_000007,Bulgaria,315,15.75,monitoring,0.0,0.26650373681967765,0.1452046038797493,0.0,0.36006098900949274,0.44444444444444436,0.0,6,,0.16069671646028505,0.12999080777532485,0.1506451399938029,16.069671646028503,26.595975027987418,normal
job_000007,Bulgaria,316,15.8,monitoring,0.0,0.23440868454116817,0.0,0.0132027597476115,0.3603196502959537,0.2777777777777778,0.0,6,,0.09810038314012823,0.12986218116682768,0.09071685823673079,12.986218116682767,24.96280419863086,normal
job_000007,Bulgaria,317,15.85,monitoring,0.0,0.2488530964879961,0.14510850885379964,0.0,0.29856623929795373,0.44444444444444436,0.0,6,,0.15537750060429317,0.11196952429768785,0.14798312969015825,15.537750060429318,23.831797702046675,normal
job_000007,Bulgaria,318,15.9,monitoring,0.0,0.34757310338832337,5.281740544160201e-05,0.0,0.3261254345362251,0.2777777777777778,0.0,6,,0.1320629131456352,0.13366732414230478,0.10769944367462031,13.366732414230478,22.57598986750873,normal
job_000007,Bulgaria,319,15.95,monitoring,0.0,0.13990382161137535,0.0,0.0,0.047107179940028596,0.2777777777777778,0.0,6,,0.06974892426119038,0.032762368226713454,0.07654112879726185,7.654112879726186,20.785364628974826,normal
job_000007,Bulgaria,320,16.0,monitoring,0.0,0.12835530273763984,0.0,0.0,0.11959420126949219,0.2777777777777778,0.0,6,,0.06628436859906973,0.04915184572801902,0.07480885096620153,7.480885096620153,19.188827085092264,normal
job_000007,Bulgaria,321,16.05,monitoring,0.0,0.1607821522954759,0.0,0.06698876906831432,0.0,0.2777777777777778,0.0,6,,0.07601242346642055,0.04756339201823139,0.07967287839987694,7.967287839987694,17.842242375679714,normal
job_000007,Bulgaria,322,16.1,monitoring,0.0,0.455517795694797,0.0,0.0,0.0,0.2777777777777778,0.0,6,,0.1644331164862169,0.06832766935421955,0.1238832249097751,16.443311648621687,17.674370688432752,normal
job_000007,Bulgaria,323,16.15,monitoring,0.0,0.10182824312333509,0.0003992604488999097,0.0,0.0,0.2777777777777778,0.0,6,,0.058426065827003285,0.015274236468500263,0.07088968109139081,7.08896810913908,16.404122378917513,normal
job_000007,Bulgaria,324,16.2,monitoring,0.0,0.08263027617422351,0.0008417034427918141,0.0,0.0,0.2777777777777778,0.0,6,,0.052777286490742786,0.012394541426133526,0.06807635249810785,6.807635249810786,15.252543923424707,normal
job_000007,Bulgaria,325,16.25,monitoring,0.0,0.03282065465906818,0.0007609996763330724,0.0,0.0,0.2777777777777778,0.0,6,,0.0378142240945815,0.004923098198860227,0.06059280370586575,6.059280370586575,14.149352297084132,normal
job_000007,Bulgaria,326,16.3,monitoring,0.0,0.20433075254865943,0.0019067638039083623,0.0,0.09630299711634817,0.2777777777777778,0.0,6,,0.0895536944933527,0.05472536216138596,0.08649118300844072,8.955369449335269,13.52607435535427,normal
job_000007,Bulgaria,327,16.35,monitoring,0.0,0.030231660951825397,0.0017791111299967392,0.0,0.0,0.2777777777777778,0.0,6,,0.03729205384582458,0.0045347491427738095,0.06035717136782888,6.035717136782888,12.627231489125704,normal
job_000007,Bulgaria,328,16.4,monitoring,0.0,0.0,0.0014643762634654316,0.05070726037061628,0.2482733418703827,0.2777777777777778,0.0,6,,0.028143871843644138,0.07981587659731137,0.055775211995075374,7.9815876597311375,12.069754229598356,normal
job_000007,Bulgaria,329,16.45,monitoring,0.0,0.5,0.0021295086095461336,0.0,0.3305833485154876,0.2777777777777778,0.0,6,,0.1783101549301643,0.1576458371288719,0.13087498184698748,17.83101549301643,12.761105581208525,normal
job_000007,Bulgaria,330,16.5,monitoring,0.0,0.3935836012017077,0.24772692603895333,0.0,0.29131787768818906,0.6944444444444444,0.0,6,,0.24945125631469509,0.1318670096023034,0.23508546797498805,24.94512563146951,14.223187987239843,normal
job_000007,Bulgaria,331,16.55,monitoring,0.0,0.5,0.3463293341479163,0.0,0.0543897113524762,0.2777777777777778,0.0,6,,0.26436011131475684,0.08859742783811905,0.182504955677743,26.436011131475684,15.688726764548143,normal
job_000007,Bulgaria,332,16.6,monitoring,0.0,0.5,0.1853297189381049,0.0,0.22891838364711728,0.44444444444444436,0.0,6,,0.24077687417897065,0.13222959591177932,0.1916883467296046,24.077687417897064,16.695402042950015,normal
job_000007,Bulgaria,333,16.65,monitoring,0.0,0.026214058482439847,0.0,0.31487865938196063,0.0,0.2777777777777778,0.0,6,,0.03564199532250974,0.11413963955605219,0.05948766432792153,11.413963955605219,16.06162947246864,normal
job_000007,Bulgaria,334,16.7,monitoring,0.0,0.5,0.3303061504352308,1.0,0.3311231824165243,0.11111111111111116,0.0,6,,0.24368764871991883,0.507780795604131,0.14676814478750685,50.778079560413104,20.227603483021973,normal
job_000007,Bulgaria,335,16.75,monitoring,0.0,0.5,0.2887657145805133,1.0,0.255424969723446,0.5555555555555555,0.0,6,,0.2777469842006839,0.4888562424308615,0.2294259682981881,48.88562424308615,23.666565974229677,normal
job_000007,Bulgaria,336,16.8,monitoring,0.0,0.5,0.14574797598728145,1.0,0.33099170795741806,0.44444444444444436,0.0,6,,0.2308814384412648,0.5077479269893546,0.1857510852869811,50.77479269893546,26.91955318119437,normal
job_000007,Bulgaria,337,16.85,monitoring,0.0,0.5,0.002005550757418478,1.0,0.5039734353489781,0.2777777777777778,0.0,6,,0.1782791654671324,0.5509933588372445,0.13085638816916834,55.09933588372446,30.301127105497983,normal
job_000007,Bulgaria,338,16.9,monitoring,0.0,0.5,0.007042482094941283,1.0,0.5344670159826199,0.2777777777777778,0.0,6,,0.1795383983015131,0.558616753995655,0.13161192786979675,55.8616753995655,33.368392900786084,normal
job_000007,Bulgaria,339,16.95,monitoring,0.0,0.5,0.1432874129621559,1.0,0.30651362880485994,0.2777777777777778,0.0,6,,0.21359963101831675,0.5016284072012149,0.15204866749987894,50.162840720121494,35.383726639106335,normal
job_000007,Bulgaria,340,17.0,monitoring,0.0,0.5,0.09976299470232664,1.0,0.5204796944598443,0.2777777777777778,0.0,6,,0.20271852645335944,0.5551199236149611,0.14552000476090454,55.51199236149611,37.799118525793105,normal
job_000007,Bulgaria,341,17.05,monitoring,0.0,0.5,0.10290011351893324,1.0,0.5520824489519186,0.2777777777777778,0.0,6,,0.2035028061575111,0.5630206122379796,0.14599057258339554,56.30206122379796,40.019471649553694,watch
job_000007,Bulgaria,342,17.1,monitoring,0.0,0.5,0.0,1.0,0.5827240610966398,0.0,0.0,6,,0.15,0.5706810152741599,0.075,57.06810152741599,42.06530723489717,watch
job_000007,Bulgaria,343,17.15,monitoring,0.0,0.5,0.25054606280756647,1.0,0.5629419378598698,0.0,0.0,6,,0.21263651570189163,0.5657354844649675,0.11258190942113497,56.573548446496744,43.80629618028912,watch
job_000007,Bulgaria,344,17.2,monitoring,0.0,0.5,0.05155402327833786,1.0,0.5728368662878889,0.2777777777777778,0.0,6,,0.19066628359736226,0.5682092165719722,0.13828865904730622,56.82092165719722,45.36805123751809,watch
job_000007,Bulgaria,345,17.25,monitoring,1.0,0.5,0.42004311986969356,1.0,0.4094145094930107,0.11111111111111116,0.0,6,,0.6161218910785344,0.7773536273732528,0.36022869020267634,77.73536273732527,49.252128617494954,watch
job_000007,Bulgaria,346,17.3,monitoring,1.0,0.5,0.30761761109781666,1.0,0.5342182220385203,0.2777777777777778,0.0,6,,0.604682180552232,0.8085545555096301,0.3766981972202281,80.855455550963,53.04452784951111,watch
job_000007,Bulgaria,347,17.35,monitoring,1.0,0.5,0.30510263612304156,1.0,0.5723246038441744,0.11111111111111116,0.0,6,,0.5873867701418715,0.8180811509610436,0.34298761764067853,81.80811509610436,56.4961583191023,watch
job_000007,Bulgaria,348,17.4,monitoring,1.0,0.5,0.3134685577259804,1.0,0.571943613105786,0.11111111111111116,0.0,6,,0.5894782505426062,0.8179859032764465,0.3442425058811193,81.79859032764465,59.53245016012738,watch
job_000007,Bulgaria,349,17.45,monitoring,1.0,0.5,0.4299899066979997,1.0,0.5725068074955576,0.11111111111111116,0.0,6,,0.618608587785611,0.8181267018738895,0.36172070822692226,81.81267018738895,62.20607656339877,warning
job_000007,Bulgaria,350,17.5,monitoring,1.0,0.5,0.39144974060944304,0.0,0.5695937827650331,0.11111111111111116,0.0,6,,0.6089735462634718,0.4673984456912583,0.35593968331363873,60.89735462634718,62.04902993095258,warning
job_000007,Bulgaria,351,17.55,monitoring,1.0,0.5,0.2608413974275038,1.0,0.5772643881803192,0.0,0.0,6,,0.565210349356876,0.8193160970450799,0.3141262096141256,81.93160970450799,64.43493950377923,warning
job_000007,Bulgaria,352,17.6,monitoring,0.0,0.01907037995265368,0.3939798511749569,0.28301453607308125,0.0,0.2777777777777778,0.0,6,,0.1319938545573131,0.10191564461847649,0.11751309022469714,13.19938545573131,58.28667301801349,warning
job_000007,Bulgaria,353,17.65,monitoring,0.0,0.5,0.0,0.0,0.246362360345112,1.0,0.0,5,proximity,0.25,0.136590590086278,0.275,27.500000000000004,54.59227225585187,watch
job_000007,Bulgaria,354,17.7,monitoring,0.7888001547591009,0.5,0.29394319273962755,1.0,0.5582455120743537,0.0,0.0,6,,0.49956585235059214,0.7617614167083637,0.2768515098627643,76.17614167083637,57.182336585650006,watch
job_000007,Bulgaria,355,17.75,monitoring,0.0,0.5,0.0,0.0,0.5624680575866302,0.2777777777777778,0.0,6,,0.17777777777777778,0.21561701439665754,0.13055555555555556,21.561701439665754,52.90786036813189,watch
job_000007,Bulgaria,356,17.8,monitoring,0.0,0.39875579997825367,0.39643854559455943,0.0,0.13262744302356855,1.0,0.0,6,,0.31873637639211594,0.09297023075263018,0.319279151835922,31.927915183592198,50.39026694598713,watch
job_000007,Bulgaria,357,17.85,monitoring,0.0,0.37443901835803894,0.39764773549989535,0.0,0.0,1.0,0.0,6,,0.31174363938238553,0.05616585275370584,0.31581301307869014,31.581301307869015,48.13319106941295,watch
job_000007,Bulgaria,358,17.9,monitoring,0.0,0.01941398300672552,0.3985871483178878,0.38851379600155256,0.0,1.0,0.0,6,,0.2054709819814896,0.1388919260515522,0.26270016969869203,26.270016969869204,45.5096101774677,watch
job_000007,Bulgaria,359,17.95,monitoring,0.0,0.006574640187067113,0.3987185750739175,0.10492654191061217,0.0,1.0,0.0,6,,0.2016520358245995,0.03771048569677433,0.2607939822891477,26.07939822891477,43.177984743641346,watch
job_000007,Bulgaria,360,18.0,monitoring,0.0,0.05387845004513783,0.39767331430236136,0.0,0.08968675699225047,1.0,0.0,6,,0.2155818635891317,0.03050345675483329,0.26773276465212487,26.773276465212486,41.209419750229884,watch
job_000007,Bulgaria,361,18.05,monitoring,0.0,0.3610399125570384,0.3602371757772808,0.0,0.0,0.5555555555555555,0.0,6,,0.25392682326698723,0.05415598688355575,0.21930267436125897,25.392682326698722,39.31141125940614,watch
job_000007,Bulgaria,362,18.1,monitoring,0.0,0.11351728033676196,0.3964779556388794,0.0,0.0,1.0,0.0,6,,0.23317467301074843,0.017027592050514295,0.2764992853963462,27.649928539634622,37.912033333033555,watch
job_000007,Bulgaria,363,18.15,monitoring,0.0,0.21584973582822953,0.39708048860124107,0.0,0.0,1.0,0.0,6,,0.26402504289877915,0.032377460374234425,0.2919395336644206,29.19395336644206,36.865863737042574,watch
job_000007,Bulgaria,364,18.2,monitoring,0.0,0.09652209323376605,0.39793646772595964,0.0,0.0,1.0,0.0,6,,0.22844074490161972,0.014478313985064908,0.27416878414395884,27.416878414395885,35.73198549832497,watch
job_000007,Bulgaria,365,18.25,monitoring,0.0,0.5,0.4720276001317532,0.0,0.5108653206646238,0.5555555555555555,0.0,6,,0.32356245558849384,0.20271633016615592,0.2569152511308741,32.35624555884938,35.3268967055879,watch
job_000007,Bulgaria,366,18.3,monitoring,0.0,0.3785663849123316,0.2869537025243779,0.0,0.34267147349961335,0.2777777777777778,0.0,6,,0.21308611888257173,0.14245282611175308,0.15538356867106198,21.308611888257172,33.644702527508215,normal
job_000007,Bulgaria,367,18.35,monitoring,0.0,0.3392486696626761,0.28688732523242755,0.0,0.2680666319687021,0.2777777777777778,0.0,6,,0.20127420998468748,0.11790395844157694,0.1494759547898211,20.127420998468747,32.02262874402348,normal
job_000007,Bulgaria,368,18.4,monitoring,0.0,0.32888287784538633,0.3665642751566808,1.0,0.1674964773700446,0.11111111111111116,0.0,6,,0.2014170432538972,0.4412065510193191,0.1265392951725323,44.12065510193191,33.47439190697249,normal
job_000007,Bulgaria,369,18.45,monitoring,0.0,0.2721520256779917,0.39794328432447273,0.8649784156549158,0.0,1.0,0.0,6,,0.2811314287845157,0.34356524933091925,0.30051429650036965,34.356524933091926,33.580247870106824,normal
job_000007,Bulgaria,370,18.5,monitoring,0.0,0.23421820111610356,0.4811115556757445,0.0,0.2430773144893296,0.2777777777777778,0.0,6,,0.218321127031545,0.09590205878974793,0.16285501907433275,21.8321127031545,32.17047165007254,normal
job_000007,Bulgaria,371,18.55,monitoring,0.0,0.09567669820695755,0.4788387816303478,0.0,0.0,0.2777777777777778,0.0,6,,0.17619048264745202,0.014351504731043633,0.14173287753115135,17.619048264745203,30.42430084383326,normal
job_000007,Bulgaria,372,18.6,monitoring,0.0,0.18890606354069386,0.3500664505369613,0.0,0.0673941038522125,0.0,0.0,6,,0.14418843169644846,0.0451844354941572,0.08084587711164827,14.418843169644846,28.50364592293065,normal
job_000007,Bulgaria,373,18.65,monitoring,0.0,0.4144501853515098,0.4545894210759131,0.0,0.17013414321442435,0.6944444444444444,0.0,6,,0.3074268553188757,0.10470106360633255,0.26924482985300235,30.74268553188757,28.77233067600548,normal
job_000007,Bulgaria,374,18.7,monitoring,0.0,0.17454364037216813,0.3558419635063505,0.4547289412076476,0.07387293903967791,0.5555555555555555,0.0,6,,0.1968791385437936,0.20380491023842134,0.1906689516928889,20.380491023842133,27.76530991774588,normal
job_000007,Bulgaria,375,18.75,monitoring,0.0,0.16585416701364641,0.47780744595527225,0.0,0.283943358370771,0.2777777777777778,0.0,6,,0.19698588937068978,0.09586396464473972,0.15210479750089337,19.69858893706898,26.797303400064653,normal
job_000007,Bulgaria,376,18.8,monitoring,0.0,0.2644238893634895,0.45364845280994714,0.0,0.18322192384156316,0.2777777777777778,0.0,6,,0.2205170577893114,0.08546906436491422,0.16326640688157104,22.05170577893114,26.22783168552863,normal
job_000007,Bulgaria,377,18.85,monitoring,0.0,0.48507180517624743,0.3826099649071716,0.1546739383858936,0.2478700960645657,0.2777777777777778,0.0,6,,0.2689518105574449,0.1888641732276413,0.1857078210680684,26.895181055744487,26.307913609954536,normal
job_000007,Bulgaria,378,18.9,monitoring,0.0,0.24817433637497482,0.38420480021633746,0.0,0.22774405002646736,0.2777777777777778,0.0,6,,0.19828127874435458,0.09416216296286306,0.1504124260442524,19.82812787443546,25.53033932169225,normal
job_000007,Bulgaria,379,18.95,monitoring,0.0,0.31075398092416995,0.38593733142694275,0.09598203895443545,0.240450588203716,0.2777777777777778,0.0,6,,0.21748830491176446,0.14031945782360689,0.16005925240822247,21.748830491176445,25.076558262030353,normal
job_000007,Bulgaria,380,19.0,monitoring,0.0,0.22578726999304144,0.3856721310709403,0.0,0.25168962866093414,0.2777777777777778,0.0,6,,0.19193199154342527,0.09679049766418975,0.14727446571515282,19.193199154342526,24.370555169107813,normal
job_000007,Bulgaria,381,19.05,monitoring,0.0,0.3297665083491116,0.47929254065210664,0.0,0.36527781229110684,0.5555555555555555,0.0,6,,0.2743086432233157,0.14078442932514346,0.23246996846129384,27.430864322331573,24.737792267494665,normal
job_000007,Bulgaria,382,19.1,monitoring,0.0,0.15853287716158235,0.3850466343049455,0.0,0.14346128310801426,0.2777777777777778,0.0,6,,0.17159929950248887,0.05964525235124092,0.13709248227553475,17.159929950248888,23.82844878942517,normal
job_000007,Bulgaria,383,19.15,monitoring,0.0,0.13794458770477053,0.3843891156295586,0.0,0.11288458650362362,0.2777777777777778,0.0,6,,0.1652584329965986,0.048912834781621485,0.13390561105570492,16.525843299659858,22.952136130653333,normal
job_000007,Bulgaria,384,19.2,monitoring,0.0,0.15113614883204243,0.22885855154728668,0.07989254014095616,0.10777103341795771,0.0,0.0,6,,0.1025554825364344,0.07757556972863044,0.056999205056899364,10.25554825364344,21.428545585412145,normal
job_000007,Bulgaria,385,19.25,monitoring,0.0,0.42707994393348714,0.2959024474343956,0.0,0.0015890215753038579,0.0,0.0,6,,0.20209959503864505,0.06445924698384904,0.1084473587051824,20.209959503864503,21.282315255626425,normal
job_000007,Bulgaria,386,19.3,monitoring,0.0,0.13862957652762156,0.298567741093588,0.0,0.0,0.2777777777777778,0.0,6,,0.14400858600946126,0.020794436479143235,0.121135153198737,14.400858600946126,20.45654045706479,normal
job_000007,Bulgaria,387,19.35,monitoring,0.0,0.13217223242511975,0.22980619202229394,0.7850583713201963,0.0,0.0,0.0,6,,0.0971032177331094,0.2945962648258367,0.05429676366711205,29.459626482583666,21.536910780127055,normal
job_000007,Bulgaria,388,19.4,monitoring,0.0,0.12234100947346144,0.23094195649727275,0.8678979974182607,0.0,0.0,0.0,6,,0.09443779196635663,0.3221154505174105,0.05299244489561013,32.21154505174105,22.817866892720733,normal
job_000007,Bulgaria,389,19.45,monitoring,0.0,0.4999616037275849,0.31998258508282507,0.5487466798078272,0.0,0.2777777777777778,0.0,6,,0.2577619051667595,0.2670555784918773,0.17854718387711704,26.705557849187727,23.284389807496773,normal
job_000007,Bulgaria,390,19.5,monitoring,0.0,0.32157121879737965,0.32403326815560607,0.0,0.0,0.2777777777777778,0.0,6,,0.20525746045589321,0.04823568281960695,0.1523962285985034,20.525746045589322,22.953352556067877,normal
job_000007,Bulgaria,391,19.55,monitoring,0.0,0.32837547495605035,0.23184875974753766,1.0,0.0805478426017957,0.0,0.0,6,,0.15647483242369953,0.4193932818938565,0.08403363520553819,41.93932818938565,25.23166963206601,normal
job_000007,Bulgaria,392,19.6,monitoring,0.0,0.2273979331109684,0.23195763395307362,1.0,0.05299994707126808,0.0,0.0,6,,0.12620878842155892,0.39735967673446226,0.0689033350596063,39.735967673446225,26.972185397031637,normal
job_000007,Bulgaria,393,19.65,monitoring,0.0,0.49720837857610883,0.3316390086834322,0.4289870937336059,0.0,0.0,0.0,6,,0.2320722657436907,0.22472673959317835,0.12432710808893116,23.20722657436907,26.52039033831213,normal
job_000007,Bulgaria,394,19.7,monitoring,0.0,0.2640688529031949,0.3412762565540984,1.0,0.10858569881549873,0.2777777777777778,0.0,6,,0.19231749778726084,0.4167567526393539,0.14635732197414955,41.67567526393539,28.33902452938692,normal
job_000007,Bulgaria,395,19.75,monitoring,0.0,0.15512155835007976,0.23487102297390997,1.0,0.0,0.0,0.0,6,,0.10525422324850142,0.37326823375251195,0.05849888719859846,37.326823375251195,29.417560390890632,normal
job_000007,Bulgaria,396,19.8,monitoring,0.0,0.21584631680815994,0.4326442053964283,0.6049788323457704,0.0,0.11111111111111116,0.0,6,,0.18402605750266618,0.24411953884224363,0.11949580055291045,24.411953884224364,28.816887610090678,normal
job_000007,Bulgaria,397,19.85,monitoring,0.0,0.3264626178563299,0.3853062208241493,0.0,0.0,0.2777777777777778,0.0,6,,0.22204311834071408,0.048969392678449485,0.16232088135762743,22.204311834071408,28.023378516968364,normal
job_000007,Bulgaria,398,19.9,monitoring,0.0,0.115386130247468,0.38626883665333406,1.0,0.0,0.2777777777777778,0.0,6,,0.1589608260153517,0.36730791953712016,0.13080380059067587,36.730791953712014,29.068268129377604,normal
job_000007,Bulgaria,399,19.95,monitoring,0.0,0.1140711954397178,0.38673949755235026,0.1131694235516157,0.0894382475845152,0.2777777777777778,0.0,6,,0.1586840107977807,0.07907953945515196,0.13067715950436576,15.868401079778069,27.48428408342566,normal
job_000008,Bulgaria,0,0.0,calibration,0.0,0.0,0.0,0.0,0.0,0.0,0.0,4,convergence;directional_coherence,0.0,0.0,0.0,0.0,,calibrating
job_000008,Bulgaria,1,0.05,calibration,0.0,0.035616144094563935,0.0,0.0,0.08533465326977213,1.0,0.0,5,proximity,0.11068484322836919,0.026676084931627625,0.2053424216141846,20.534242161418458,,calibrating
job_000008,Bulgaria,2,0.1,calibration,0.0,0.0,0.0,0.0,0.0,1.0,0.0,5,proximity,0.1,0.0,0.2,20.0,,calibrating
job_000008,Bulgaria,3,0.15,calibration,0.0,0.06168434010306415,0.0,0.0,0.30150902671654367,0.2777777777777778,0.0,6,,0.046283079808697024,0.08462990769459554,0.06480820657101519,8.462990769459553,,calibrating
job_000008,Bulgaria,4,0.2,calibration,0.0,0.060420405864284335,0.0,1.0,0.21666243104222901,0.2777777777777778,0.0,6,,0.04590389953706308,0.41322866864019986,0.06461861643519821,41.322866864019986,,calibrating
job_000008,Bulgaria,5,0.25,calibration,0.0,0.026668637087251427,0.0,0.0,0.20308629135426115,0.2777777777777778,0.0,6,,0.03577836890395321,0.054771868401653004,0.059555851118643276,5.955585111864328,,calibrating
job_000008,Bulgaria,6,0.3,calibration,0.0,0.0,0.0,0.0,0.0,0.2777777777777778,0.0,6,,0.02777777777777778,0.0,0.05555555555555556,5.555555555555556,,calibrating
job_000008,Bulgaria,7,0.35,calibration,0.0,0.017281831663305467,0.0,0.0,0.3498311534046942,0.2777777777777778,0.0,6,,0.03296232727676942,0.09005006310066936,0.05814783030505138,9.005006310066936,,calibrating
job_000008,Bulgaria,8,0.4,calibration,0.0,0.07913265198861737,0.0,1.0,0.25260708022536704,0.0,0.0,6,,0.02373979559658521,0.42502166785463436,0.011869897798292605,42.50216678546344,,calibrating
job_000008,Bulgaria,9,0.45,calibration,0.0,0.19480136795123315,0.0,1.0,0.28584666223806715,0.2777777777777778,0.0,6,,0.08621818816314772,0.45068187075220173,0.08477576074824053,45.06818707522017,,calibrating
job_000008,Bulgaria,10,0.5,calibration,0.0,0.0902575391702446,0.0005405299285832668,0.0,0.18331227689927124,0.2777777777777778,0.0,6,,0.05499017201099697,0.0593667001003545,0.06917526592037974,6.917526592037975,,calibrating
job_000008,Bulgaria,11,0.55,calibration,0.0,0.09816577156644184,0.0,0.0,0.0,0.2777777777777778,0.0,6,,0.057227509247710334,0.014724865734966276,0.07028042129052184,7.028042129052184,,calibrating
job_000008,Bulgaria,12,0.6,calibration,0.0,0.2379914237805625,0.0,1.0,0.0,0.2777777777777778,0.0,6,,0.09917520491194652,0.38569871356708435,0.09125426912263992,38.56987135670843,,calibrating
job_000008,Bulgaria,13,0.65,calibration,0.0,0.03506348278794402,0.0,1.0,0.35652687870588295,0.0,0.0,6,,0.010519044836383206,0.4443912420946623,0.005259522418191603,44.43912420946623,,calibrating
job_000008,Bulgaria,14,0.7,calibration,0.0,0.0,0.00023501679872621828,0.0,0.16810347409794757,0.2777777777777778,0.0,6,,0.027836531977459333,0.04202586852448689,0.05559080807536449,5.559080807536449,,calibrating
job_000008,Bulgaria,15,0.75,calibration,0.0,0.0,0.0,1.0,0.1833456652476241,0.0,0.0,6,,0.0,0.395836416311906,0.0,39.5836416311906,,calibrating
job_000008,Bulgaria,16,0.8,calibration,0.0,0.10415427298117937,0.0,0.0,0.3384677502272523,0.0,0.0,6,,0.031246281894353807,0.10024007850398997,0.015623140947176904,10.024007850398997,,calibrating
job_000008,Bulgaria,17,0.85,calibration,0.0044745247380166536,0.2529543610543651,0.0,1.0,0.18477743184499304,0.0,0.0,6,,0.07745239197461534,0.43525614330390716,0.03883805910575809,43.52561433039072,,calibrating
job_000008,Bulgaria,18,0.9,calibration,0.0,0.0,0.0,1.0,0.07892633156641196,0.0,0.0,6,,0.0,0.36973158289160296,0.0,36.973158289160295,,calibrating
job_000008,Bulgaria,19,0.95,calibration,0.0,0.0,0.0,0.0,0.0,0.0,0.0,6,,0.0,0.0,0.0,0.0,,calibrating
job_000008,Bulgaria,20,1.0,calibration,0.009835745450843633,0.0,0.0,1.0,0.08510341232735977,0.0,0.0,6,,0.0034425109077952714,0.3737347894445508,0.0019671490901687267,37.37347894445508,,calibrating
job_000008,Bulgaria,21,1.05,calibration,0.0,0.0,0.0,1.0,0.034642068152601485,0.0,0.0,6,,0.0,0.35866051703815033,0.0,35.86605170381503,,calibrating
job_000008,Bulgaria,22,1.1,calibration,0.0,0.0,0.0,0.0,0.12599327712889966,0.0,0.0,6,,0.0,0.031498319282224914,0.0,3.1498319282224916,,calibrating
job_000008,Bulgaria,23,1.15,calibration,0.0,0.0,0.0,0.0,0.0,0.0,0.0,6,,0.0,0.0,0.0,0.0,,calibrating
job_000008,Bulgaria,24,1.2,calibration,0.013282119178528395,0.0832139570792327,0.0,1.0,0.06637935553233945,0.0,0.0,6,,0.029612928836254746,0.38239746223960186,0.015138517397590584,38.23974622396019,,calibrating
job_000008,Bulgaria,25,1.25,calibration,0.002898218538731072,0.22022564759282667,0.0,1.0,0.12241605528575081,0.0,0.0,6,,0.06708207076640388,0.41436241559504444,0.033613490846670216,41.436241559504445,,calibrating
job_000008,Bulgaria,26,1.3,calibration,0.21773369745182045,0.22809125268421165,0.15623309714296918,1.0,0.09694713161615118,0.11111111111111116,0.0,6,,0.19480355531025406,0.46288389516962464,0.12341761418666344,46.28838951696246,,calibrating
job_000008,Bulgaria,27,1.35,calibration,0.0035791752756123107,0.0,0.2461521328844069,0.0,0.0,0.2777777777777778,0.0,6,,0.09056852234534381,0.0008947938189030777,0.09319421054333905,9.319421054333905,,calibrating
job_000008,Bulgaria,28,1.4,calibration,0.0,0.0,0.0,0.0,0.0,0.0,0.0,6,,0.0,0.0,0.0,0.0,,calibrating
job_000008,Bulgaria,29,1.45,calibration,0.0,0.0,0.0,0.0,0.0,0.0,0.0,6,,0.0,0.0,0.0,0.0,,calibrating
job_000008,Bulgaria,30,1.5,calibration,0.0,0.0,0.0,0.0,0.0,0.0,0.0,6,,0.0,0.0,0.0,0.0,,calibrating
job_000008,Bulgaria,31,1.55,calibration,0.0,0.0,0.0,0.0,0.0,0.0,0.0,6,,0.0,0.0,0.0,0.0,,calibrating
job_000008,Bulgaria,32,1.6,calibration,0.0,0.0,0.0,0.0,0.0,0.0,0.0,6,,0.0,0.0,0.0,0.0,,calibrating
job_000008,Bulgaria,33,1.65,calibration,0.0,0.0,0.00027214093071455266,0.0,0.0,0.2777777777777778,0.0,6,,0.027845813010456417,0.0,0.05559637669516274,5.559637669516274,,calibrating
job_000008,Bulgaria,34,1.7,calibration,0.0,0.0,0.0,0.0,0.0,0.0,0.0,6,,0.0,0.0,0.0,0.0,,calibrating
job_000008,Bulgaria,35,1.75,calibration,0.21923286307411988,0.08333333333333333,0.12279401181577823,0.0,0.0,0.0,0.0,6,,0.1324300050298865,0.06730821576852997,0.0747656743871907,13.24300050298865,,calibrating
job_000008,Bulgaria,36,1.8,calibration,0.015099380987140722,6.0021724558446465e-05,0.23161787150453644,0.0,0.0,0.0,0.0,6,,0.0632072577390009,0.0037838485054689478,0.037771560181792375,6.32072577390009,,calibrating
job_000008,Bulgaria,37,1.85,calibration,0.2186162284077922,0.23611618824996056,0.12278322623497005,0.0,0.25854779456637084,0.0,0.0,6,,0.17804634297645797,0.15470843398103484,0.09755815785429803,17.804634297645798,,calibrating
job_000008,Bulgaria,38,1.9,calibration,0.2177948496295745,0.08333333333333333,0.12259848496625571,0.6666666666666666,0.05053896679556803,0.0,0.0,6,,0.131877818611915,0.3129167874396189,0.07444874267085326,31.291678743961892,,calibrating
job_000008,Bulgaria,39,1.95,calibration,0.21776321255572198,0.08333333333333333,0.12285868116942919,0.0,0.18154899128862825,0.0,0.0,6,,0.13193179468685998,0.11232805096108756,0.07448144468655878,13.193179468685997,,calibrating
job_000008,Bulgaria,40,2.0,calibration,0.0,0.0,0.0,0.0,0.2409015950948877,0.0,0.0,6,,0.0,0.060225398773721926,0.0,6.022539877372193,,calibrating
job_000008,Bulgaria,41,2.05,calibration,0.019755961615509795,0.0,0.23171034757682613,0.0,0.14572735863543154,0.0,0.0,6,,0.06484217345963496,0.041370830062735335,0.03870774445962588,6.484217345963496,,calibrating
job_000008,Bulgaria,42,2.1,calibration,0.21874244675684346,0.08333333333333333,0.12302207427316242,0.0,0.020954203576849042,0.0,0.0,6,,0.1323153749331858,0.07242416258342312,0.07470180049234305,13.23153749331858,,calibrating
job_000008,Bulgaria,43,2.15,calibration,0.10563343407704477,0.2057645830192136,0.41941573591986286,0.0,0.0,0.0,0.0,6,,0.20355501081269545,0.057273045972143236,0.11490373465627042,20.355501081269544,,calibrating
job_000008,Bulgaria,44,2.2,calibration,0.10952772824912585,0.1955625772019962,0.41988524885780093,0.0,0.0,0.0,0.0,6,,0.20197479026224313,0.05671631864258089,0.11422271955879473,20.197479026224315,,calibrating
job_000008,Bulgaria,45,2.25,calibration,0.31249024084232163,0.43662401491238545,0.29759209714248186,0.0,0.3217860257248678,0.0,0.0,6,,0.31475681305414865,0.22406266887865517,0.1726304649766944,31.475681305414867,,calibrating
job_000008,Bulgaria,46,2.3,calibration,0.06633717834075753,0.13095864336163943,0.10805476265719174,0.0,0.0,0.0,0.0,6,,0.08951929609205489,0.036228091089435296,0.04911944657097618,8.95192960920549,,calibrating
job_000008,Bulgaria,47,2.35,calibration,0.07336005330925915,0.14296894567915125,0.10854308225150221,0.0,0.0,0.0,0.0,6,,0.09570247292486163,0.03978535517918748,0.05239881485144985,9.570247292486163,,calibrating
job_000008,Bulgaria,48,2.4,calibration,0.06910167500607296,0.08333333333333333,0.10772353351319619,0.0,0.14597046846431003,0.0,0.0,6,,0.07611646963042458,0.06626803586759575,0.04247886502819402,7.611646963042458,,calibrating
job_000008,Bulgaria,49,2.45,calibration,0.3209671626976559,0.16666666666666666,0.29929802031136055,0.0,0.0,0.0,0.0,6,,0.2371630120220197,0.10524179067441397,0.13408813558623525,23.71630120220197,,calibrating
job_000008,Bulgaria,50,2.5,calibration,0.07645690198357276,0.08333333333333333,0.1088917691053726,0.0,0.0,0.0,0.0,6,,0.07898285797059362,0.03161422549589319,0.04412514576252044,7.898285797059362,,calibrating
job_000008,Bulgaria,51,2.55,calibration,0.10200936458212569,0.1353166062463469,0.10923503623955796,0.0,0.35820188815445747,0.0,0.0,6,,0.10360701853753757,0.13535030412109783,0.05708461928931087,13.535030412109784,,calibrating
job_000008,Bulgaria,52,2.6,calibration,0.44291518986539946,0.25234636991072035,0.5102226400167985,0.0,0.0,0.0,0.0,6,,0.35827988743030553,0.14858075295295792,0.20296838946220774,35.82798874303055,,calibrating
job_000008,Bulgaria,53,2.65,calibration,0.39173631624724536,0.321017111339662,0.5073502345787189,0.0,0.0,0.0,0.0,6,,0.3602504027331142,0.14608664576276065,0.2026023651372062,36.02504027331142,,calibrating
job_000008,Bulgaria,54,2.7,calibration,0.5974892414366114,0.2545834317553594,0.40604772992609495,0.0,0.0,0.0,0.0,6,,0.38700819651094553,0.18755982512245678,0.21859252253954042,38.700819651094555,,calibrating
job_000008,Bulgaria,55,2.75,calibration,0.3554658549176318,0.16666666666666666,0.30141300384447417,0.0,0.0,0.0,0.0,6,,0.24976630018228962,0.11386646372940794,0.14130512156019748,24.976630018228963,,calibrating
job_000008,Bulgaria,56,2.8,calibration,0.3528627935579427,0.16666666666666666,0.3014076953171251,0.0,0.0,0.0,0.0,6,,0.2488539015745612,0.11321569838948567,0.1407837130091573,24.88539015745612,,calibrating
job_000008,Bulgaria,57,2.85,calibration,0.29742185347970707,0.47797856559820934,0.3734986144083922,0.0,0.0,0.11111111111111116,0.0,6,,0.35197698311056946,0.14605224820965818,0.20942816991915386,35.197698311056946,,calibrating
job_000008,Bulgaria,58,2.9,calibration,0.14519419822766427,0.08333333333333333,0.42247513524060204,0.0,0.0,0.0,0.0,6,,0.181436753189833,0.048798549556916065,0.10491010993162316,18.1436753189833,,calibrating
job_000008,Bulgaria,59,2.95,calibration,0.08881948063246438,0.08529641907739721,0.10913638424335258,1.0,0.0,0.0,0.0,6,,0.08395984000541984,0.38499933301972566,0.046928816624605345,38.49993330197257,,calibrating
job_000008,Bulgaria,60,3.0,monitoring,0.0,0.035604160411175326,0.21468414372106456,1.0,0.0,0.0,0.0,6,,0.06435228405361874,0.35534062406167627,0.037543245619835984,35.53406240616763,35.53406240616763,normal
job_000008,Bulgaria,61,3.05,monitoring,0.0,0.0,0.21496840985324678,1.0,0.15123243396372782,0.0,0.0,6,,0.053742102463311694,0.38780810849093195,0.032245261477987015,38.78081084909319,35.923672219318696,normal
job_000008,Bulgaria,62,3.1,monitoring,0.0,0.5,0.0,0.0,0.42298832013679877,0.2777777777777778,0.0,6,,0.17777777777777778,0.1807470800341997,0.13055555555555556,18.07470800341997,33.78179651341085,normal
job_000008,Bulgaria,63,3.15,monitoring,0.0,0.04440455737413116,0.21490937886611314,0.0,0.39624903119200333,0.0,0.0,6,,0.06704871192876763,0.1057229414041205,0.038897090436036647,10.57229414041205,30.996656228650995,normal
job_000008,Bulgaria,64,3.2,monitoring,0.18020408594358983,0.08333333333333333,0.43495565418483023,0.0,0.0,0.11111111111111116,0.0,6,,0.20792145473757512,0.057551021485897455,0.13600638753866473,20.79214547375751,29.772114938063776,normal
job_000008,Bulgaria,65,3.25,monitoring,0.0,0.23693689407823704,0.21495872578701544,0.0,0.1466780540335331,0.0,0.0,6,,0.12482074967022497,0.07221004762011883,0.06778434297978787,12.482074967022497,27.69731014153882,normal
job_000008,Bulgaria,66,3.3,monitoring,0.08020008892354938,0.1754490321462479,0.10991934839688587,0.0,0.2335797399008845,0.0,0.0,6,,0.10818457786633812,0.10476231202804565,0.05884527486617994,10.818457786633811,25.67184785895022,normal
job_000008,Bulgaria,67,3.35,monitoring,0.0,0.03785657635015607,0.2149401544707254,0.0,0.1936896945224313,0.0,0.0,6,,0.06509201152272817,0.05410091008313123,0.037919509623132217,6.5092011522728175,23.37233025414893,normal
job_000008,Bulgaria,68,3.4,monitoring,0.0,0.0,0.4711554620372442,0.0,0.0,0.0,0.0,6,,0.11778886550931104,0.0,0.07067331930558662,11.778886550931105,21.98111700976279,normal
job_000008,Bulgaria,69,3.45,monitoring,0.0,0.0,0.27388438445015,0.0,0.1861292761238729,0.0,0.0,6,,0.0684710961125375,0.046532319030968224,0.0410826576675225,6.84710961125375,20.165036121941707,normal
job_000008,Bulgaria,70,3.5,monitoring,0.0,0.0,0.4717172753772068,0.0,0.08303994247623274,0.0,0.0,6,,0.1179293188443017,0.020759985619058185,0.07075759130658102,11.792931884430171,19.160383613440324,normal
job_000008,Bulgaria,71,3.55,monitoring,0.0,0.0,0.4719535339110569,0.0,0.0,0.0,0.0,6,,0.11798838347776422,0.0,0.07079303008665853,11.798838347776423,18.276998181560657,normal
job_000008,Bulgaria,72,3.6,monitoring,0.0,0.08717787028286021,0.2731909452976801,0.0,0.0,0.0,0.0,6,,0.0944510974092781,0.01307668054242903,0.054055322337081047,9.44510974092781,17.217171568684712,normal
job_000008,Bulgaria,73,3.65,monitoring,0.0,0.1603499311308391,0.27315583103149094,1.0,0.09651914378061506,0.0,0.0,6,,0.11639393709712445,0.3981822756147796,0.0650258643243495,39.81822756147796,19.929298287819904,normal
job_000008,Bulgaria,74,3.7,monitoring,0.0,0.0,0.4723196161995868,0.0,0.2261750674840011,0.0,0.0,6,,0.1180799040498967,0.056543766871000274,0.07084794242993801,11.80799040498967,18.954741341880275,normal
job_000008,Bulgaria,75,3.75,monitoring,0.0,0.0,0.47219310225568506,1.0,0.13303850065899914,0.0,0.0,6,,0.11804827556392126,0.38325962516474976,0.07082896533835276,38.32596251647497,21.27928788283164,normal
job_000008,Bulgaria,76,3.8,monitoring,0.0,0.0,0.4722032113183763,0.0,0.07867903566988264,0.0,0.0,6,,0.11805080282959407,0.01966975891747066,0.07083048169775644,11.805080282959407,20.14238297084697,normal
job_000008,Bulgaria,77,3.85,monitoring,0.0,0.06927063153374394,0.2745315149403412,0.0,0.15131137383205964,0.0,0.0,6,,0.08941406819520849,0.0482184381880765,0.051570321971112776,8.941406819520848,18.798265832687836,normal
job_000008,Bulgaria,78,3.9,monitoring,0.0,0.0,0.47167292140486716,0.0,0.0,0.0,0.0,6,,0.11791823035121679,0.0,0.07075093821073007,11.791823035121679,17.957492696979898,normal
job_000008,Bulgaria,79,3.95,monitoring,0.0,0.06103443189446314,0.0,1.0,0.0,0.0,0.0,6,,0.018310329568338942,0.3591551647841694,0.009155164784169471,35.91551647841694,20.112455550752344,normal
job_000008,Bulgaria,80,4.0,monitoring,0.0,0.26643841537757273,0.002463403524068687,0.0,0.0,0.2777777777777778,0.0,6,,0.10832515327206677,0.039965762306635906,0.09589082839080176,10.832515327206677,18.998862723926866,normal
job_000008,Bulgaria,81,4.05,monitoring,0.0,0.19312351453334117,0.0,0.0,0.1180241630952883,0.0,0.0,6,,0.05793705436000235,0.05847456795382325,0.028968527180001175,5.847456795382325,17.42069401250152,normal
job_000008,Bulgaria,82,4.1,monitoring,0.0,0.016715051649244958,0.0031257996769600465,0.0,0.0,0.2777777777777778,0.0,6,,0.03357374319179128,0.002507257747386744,0.05853168325448631,5.853168325448631,16.032590930055175,normal
job_000008,Bulgaria,83,4.15,monitoring,0.0,0.0,0.0,0.0,0.0,0.0,0.0,6,,0.0,0.0,0.0,0.0,14.108680018448554,normal
job_000008,Bulgaria,84,4.2,monitoring,0.0,0.3289494402371557,0.0,1.0,0.0,0.2777777777777778,0.0,6,,0.1264626098489245,0.39934241603557336,0.10489797159112892,39.93424160355733,17.207747408661607,normal
job_000008,Bulgaria,85,4.25,monitoring,0.0,0.5,0.0,1.0,0.3926499075687373,0.2777777777777778,0.0,6,,0.17777777777777778,0.5231624768921843,0.13055555555555556,52.31624768921843,21.420767442328426,normal
job_000008,Bulgaria,86,4.3,monitoring,0.0,0.20737507556736845,0.005937207628295308,0.0,0.27814328194788507,0.2777777777777778,0.0,6,,0.09147460235506213,0.10064208182207654,0.08755239803490512,10.064208182207654,20.05798033111393,normal
job_000008,Bulgaria,87,4.35,monitoring,0.0,0.5,0.6028652864765027,1.0,0.34078687667838864,0.2777777777777778,0.0,6,,0.32849409939690344,0.5101967191695972,0.22098534852703097,51.019671916959716,23.773383321415423,normal
job_000008,Bulgaria,88,4.4,monitoring,0.10414993838497169,0.14974302833292277,0.2262215964451217,1.0,0.34150419890508793,0.0,0.0,6,,0.13793078604589734,0.4838749885724533,0.077224681393701,48.38749885724533,26.727077185715014,normal
job_000008,Bulgaria,89,4.45,monitoring,0.0,0.1645952887147398,0.0,0.0,0.19345369450889566,0.0,0.0,6,,0.04937858661442194,0.07305271693443488,0.02468929330721097,7.305271693443488,24.39646052664243,normal
job_000008,Bulgaria,90,4.5,monitoring,0.0,0.0,0.0,0.0,0.0,0.0,0.0,6,,0.0,0.0,0.0,0.0,21.468885263445337,normal
job_000008,Bulgaria,91,4.55,monitoring,0.08147953048448775,0.0,0.22451356330385716,0.0,0.0,0.0,0.0,6,,0.08464622649553499,0.020369882621121937,0.049972940592476124,8.4646226495535,19.908373749778313,normal
job_000008,Bulgaria,92,4.6,monitoring,0.0,0.0,0.4037924450151041,0.0,0.3288837068355073,0.0,0.0,6,,0.10094811125377602,0.08222092670887682,0.06056886675226561,10.094811125377602,18.73074623485023,normal
job_000008,Bulgaria,93,4.65,monitoring,0.0,0.06624237540296642,0.0,0.0,0.18465665700070283,0.0,0.0,6,,0.019872712620889924,0.05610052056062067,0.009936356310444962,5.610052056062067,17.156262933395652,normal
job_000008,Bulgaria,94,4.7,monitoring,0.04315378081711504,0.0,0.23255167065993174,0.0,0.07039275245413,0.0,0.0,6,,0.07324174095097319,0.028386633317811258,0.043513506762412765,7.324174095097319,15.976412272799852,normal
job_000008,Bulgaria,95,4.75,monitoring,0.04596358940307316,0.0,0.23246598638240706,0.0,0.0,0.0,0.0,6,,0.07420375288667737,0.01149089735076829,0.04406261583797569,7.420375288667737,14.949687834704,normal
job_000008,Bulgaria,96,4.8,monitoring,0.0,0.09260124460538394,0.0,0.0,0.0,0.2777777777777778,0.0,6,,0.05555815115939296,0.01389018669080759,0.06944574224636316,6.944574224636316,13.989074201495878,normal
job_000008,Bulgaria,97,4.85,monitoring,0.0,0.4115484242997349,0.0,0.0,0.0,0.2777777777777778,0.0,6,,0.15124230506769826,0.061732263644960234,0.11728781920051579,15.124230506769825,14.125292958128751,normal
job_000008,Bulgaria,98,4.9,monitoring,0.0,0.0,0.0,0.0,0.25533198093048365,0.0,0.0,6,,0.0,0.06383299523262091,0.0,6.3832995232620915,13.196253745944752,normal
job_000008,Bulgaria,99,4.95,monitoring,0.0,0.048238061931228086,0.0,0.0,0.12406134494875203,0.0,0.0,6,,0.014471418579368425,0.03825104552687222,0.007235709289684212,3.825104552687222,12.071715842753848,normal
job_000008,Bulgaria,100,5.0,monitoring,0.0,0.10577895741300238,0.0,0.0,0.0,0.0,0.0,6,,0.031733687223900714,0.015866843611950357,0.015866843611950357,3.1733687223900713,11.003914188310196,normal
job_000008,Bulgaria,101,5.05,monitoring,0.0,0.5,0.0,0.0,0.48450277851792495,1.0,0.0,5,proximity,0.25,0.19612569462948123,0.275,27.500000000000004,12.983444485712972,normal
job_000008,Bulgaria,102,5.1,monitoring,0.0,0.15368046035113123,0.3076266461630137,0.0,0.5283667261655961,0.0,0.0,6,,0.1230107996460928,0.1551437505940687,0.06919606597712175,15.51437505940687,13.28715615455624,normal
job_000008,Bulgaria,103,5.15,monitoring,0.0,0.5,0.6039664135932563,0.0,0.47806416287608616,0.2777777777777778,0.0,6,,0.3287693811760919,0.19451604071902154,0.221150517594544,32.876938117609185,15.637929990122593,normal
job_000008,Bulgaria,104,5.2,monitoring,0.0,0.5,0.6044702969859276,0.0,0.0,0.2777777777777778,0.0,6,,0.3288953520242597,0.075,0.22122610010344468,32.88953520242597,17.708122615599,normal
job_000008,Bulgaria,105,5.25,monitoring,0.0,0.5,0.0,0.0,0.39380269295409115,1.0,0.0,5,proximity,0.25,0.17345067323852278,0.275,27.500000000000004,18.883147901727117,normal
job_000008,Bulgaria,106,5.3,monitoring,0.0,0.5,0.0,1.0,0.5798273470080423,1.0,0.0,5,proximity,0.25,0.5699568367520106,0.275,56.99568367520106,23.456652194543988,normal
job_000008,Bulgaria,107,5.35,monitoring,0.0,0.5,0.0,0.0,0.0,0.0,0.0,6,,0.15,0.075,0.075,15.0,22.44185393119871,normal
job_000008,Bulgaria,108,5.4,monitoring,0.0,0.5,0.0,0.0,0.5124828719489868,1.0,0.0,5,proximity,0.25,0.20312071798724668,0.275,27.500000000000004,23.048831459454867,normal
job_000008,Bulgaria,109,5.45,monitoring,0.0,0.5,0.1843603154056848,0.0,0.052215458569444984,0.2777777777777778,0.0,6,,0.22386785662919897,0.08805386464236124,0.15820960286640828,22.3867856629199,22.96938596387067,normal
job_000008,Bulgaria,110,5.5,monitoring,0.08024867282691132,0.14539126390514046,0.20680528310334384,0.0,0.24301544806220224,0.0,0.0,6,,0.12340573543679705,0.10262471980804946,0.0688792166166549,12.340573543679705,21.693928473447755,normal
job_000008,Bulgaria,111,5.55,monitoring,0.0,0.5,0.18292127822271614,0.0,0.2769424856596301,0.2777777777777778,0.0,6,,0.22350809733345683,0.14423562141490753,0.15799374728896298,22.350809733345685,21.77275422463551,normal
job_000008,Bulgaria,112,5.6,monitoring,0.0,0.30659704697591833,0.18334643914131124,0.0,0.3256469342243358,0.2777777777777778,0.0,6,,0.1655935016558811,0.1274012906024717,0.12904707847313998,16.55935016558811,21.14714573754982,normal
job_000008,Bulgaria,113,5.65,monitoring,0.0,0.5,0.0,0.0,0.0,0.0,0.0,6,,0.15,0.075,0.075,15.0,20.409488249043843,normal
job_000008,Bulgaria,114,5.7,monitoring,0.0,0.5,0.0,1.0,0.16485079959101767,0.0,0.0,6,,0.15,0.4662126998977544,0.075,46.621269989775435,23.554902057931635,normal
job_000008,Bulgaria,115,5.75,monitoring,0.07904208027514749,0.5,0.2041032700282568,1.0,0.17490710972849702,0.0,0.0,6,,0.22869054560336582,0.48848729750091113,0.12142390655926802,48.84872975009111,26.59016138099077,normal
job_000008,Bulgaria,116,5.8,monitoring,0.0,0.5,0.0,1.0,0.07597793401900346,0.0,0.0,6,,0.15,0.44399448350475085,0.075,44.39944835047508,28.72727581732889,normal
job_000008,Bulgaria,117,5.85,monitoring,0.0,0.5,0.0,0.0,0.0,0.0,0.0,6,,0.15,0.075,0.075,15.0,27.080002719249425,normal
job_000008,Bulgaria,118,5.9,monitoring,0.0,0.5,0.0,1.0,0.0,0.2777777777777778,0.0,6,,0.17777777777777778,0.425,0.13055555555555556,42.5,28.93040239293949,normal
job_000008,Bulgaria,119,5.95,monitoring,0.0,0.455774827691076,0.0,1.0,0.0,0.2777777777777778,0.0,6,,0.1645102260851006,0.41836622415366137,0.12392177970921697,41.836622415366136,30.47914879563069,normal
job_000008,Bulgaria,120,6.0,monitoring,0.0,0.5,0.0,1.0,0.0,0.2777777777777778,0.0,6,,0.17777777777777778,0.425,0.13055555555555556,42.5,31.921650940155004,normal
job_000008,Bulgaria,121,6.05,monitoring,0.0,0.5,0.0,1.0,0.1754304327889885,0.0,0.0,6,,0.15,0.4688576081972471,0.075,46.88576081972471,33.71734412570337,normal
job_000008,Bulgaria,122,6.1,monitoring,0.0,0.5833333333333334,0.15880614576131538,0.0,0.0,0.0,0.0,6,,0.21470153644032886,0.08750000000000001,0.11132092186419731,21.470153644032884,32.24768126790291,normal
job_000008,Bulgaria,123,6.15,monitoring,0.0,0.39348467451325886,0.2790265203980273,0.0,0.0,0.0,0.0,6,,0.18780203245348448,0.05902270117698882,0.10087667923669291,18.78020324534845,30.631583905196376,normal
job_000008,Bulgaria,124,6.2,monitoring,0.0,0.3731538046705407,0.2793761221604764,0.0,0.0,0.0,0.0,6,,0.18179017194128133,0.05597307070058111,0.09787948902465257,18.179017194128132,29.137275899868186,normal
job_000008,Bulgaria,125,6.25,monitoring,0.0,0.5,0.27923631844142066,0.0,0.0,0.0,0.0,6,,0.21980907961035517,0.075,0.1168854477662131,21.980907961035516,28.278511747208263,normal
job_000008,Bulgaria,126,6.3,monitoring,0.0,0.17104709034875978,0.0,0.0,0.0,0.0,0.0,6,,0.05131412710462793,0.025657063552313966,0.025657063552313966,5.131412710462794,25.500859862798805,normal
job_000008,Bulgaria,127,6.35,monitoring,0.0,0.22143906440766659,0.0,1.0,0.2186146975700216,0.0,0.0,6,,0.06643171932229998,0.43786953405365536,0.03321585966114999,43.78695340536554,27.695191087906814,normal
job_000008,Bulgaria,128,6.4,monitoring,0.0,0.33308635926073826,0.2795200046075447,0.0,0.0,0.0,0.0,6,,0.16980590893010766,0.04996295388911074,0.09189095458024245,16.980590893010767,26.409439064519287,normal
job_000008,Bulgaria,129,6.45,monitoring,0.0,0.5,0.2790524211733025,0.0,0.0,0.0,0.0,6,,0.2197631052933256,0.075,0.11685786317599536,21.97631052933256,25.877463640296877,normal
job_000008,Bulgaria,130,6.5,monitoring,0.0,0.4413963360335706,0.2792289313598545,0.0,0.0,0.0,0.0,6,,0.2022261336500348,0.06620945040503559,0.10809379010901377,20.22261336500348,25.198881607261672,normal
job_000008,Bulgaria,131,6.55,monitoring,0.0,0.5,0.0,0.0,0.37075067651635074,0.0,0.0,6,,0.15,0.16768766912908767,0.075,16.768766912908767,24.187267843939324,normal
job_000008,Bulgaria,132,6.6,monitoring,0.0,0.5,0.0,0.0,0.29500084475033356,0.0,0.0,6,,0.15,0.1487502111875834,0.075,15.0,23.084795702666607,normal
job_000008,Bulgaria,133,6.65,monitoring,0.0,0.5,0.0,1.0,0.3241890683019361,0.0,0.0,6,,0.15,0.506047267075484,0.075,50.604726707548394,26.38718742325242,normal
job_000008,Bulgaria,134,6.7,monitoring,0.0,0.5,0.0,1.0,0.376678720492095,0.2777777777777778,0.0,6,,0.17777777777777778,0.5191696801230238,0.13055555555555556,51.91696801230238,29.450761093938414,normal
job_000008,Bulgaria,135,6.75,monitoring,0.0,0.5,0.0,1.0,0.4784002873321168,0.2777777777777778,0.0,6,,0.17777777777777778,0.5446000718330292,0.13055555555555556,54.46000718330291,32.451870624662156,normal
job_000008,Bulgaria,136,6.8,monitoring,0.0,0.5,0.0,1.0,0.2663680873765624,0.2777777777777778,0.0,6,,0.17777777777777778,0.4915920218441406,0.13055555555555556,49.159202184414056,34.45675041183239,normal
job_000008,Bulgaria,137,6.85,monitoring,0.0,0.5,0.0,1.0,0.29647149380234333,1.0,0.0,5,proximity,0.25,0.49911787345058584,0.275,49.911787345058585,36.31135484381953,normal
job_000008,Bulgaria,138,6.9,monitoring,0.0,0.5,0.0,1.0,0.30686785845026354,1.0,0.0,5,proximity,0.25,0.5017169646125659,0.275,50.17169646125659,37.97459583791198,normal
job_000008,Bulgaria,139,6.95,monitoring,0.0,0.5,0.0,1.0,0.45391117357102023,1.0,0.0,5,proximity,0.25,0.538477793392755,0.275,53.847779339275505,39.8793778580756,normal
job_000008,Bulgaria,140,7.0,monitoring,0.0,0.5,0.0,1.0,0.41833508338211395,1.0,0.0,5,proximity,0.25,0.5295837708455284,0.275,52.95837708455284,41.44885776525287,watch
job_000008,Bulgaria,141,7.05,monitoring,0.0,0.5,0.0,0.0,0.45972133211812954,1.0,0.0,5,proximity,0.25,0.18993033302953238,0.275,27.500000000000004,39.77499483342252,watch
job_000008,Bulgaria,142,7.1,monitoring,0.0,0.5,0.0,1.0,0.24794423314430164,1.0,0.0,5,proximity,0.25,0.4869860582860754,0.275,48.69860582860754,40.84582815284472,watch
job_000008,Bulgaria,143,7.15,monitoring,0.0,0.5,0.0,1.0,0.3379389054753629,1.0,0.0,5,proximity,0.25,0.5094847263688407,0.275,50.94847263688407,42.05814549092944,watch
job_000008,Bulgaria,144,7.2,monitoring,0.0,0.5,0.19357902616084197,1.0,0.21610373192971238,0.2777777777777778,0.0,6,,0.22617253431798828,0.47902593298242807,0.15959240947968184,47.902593298242806,42.75947922780704,watch
job_000008,Bulgaria,145,7.25,monitoring,0.0,0.5,0.1961351248131804,1.0,0.14250680665227353,0.2777777777777778,0.0,6,,0.22681155898107289,0.46062670166306835,0.15997582427753262,46.06267016630684,43.15586214042702,watch
job_000008,Bulgaria,146,7.3,monitoring,0.0,0.5,0.19711776680453735,0.0,0.14250005790470593,0.2777777777777778,0.0,6,,0.2270572194789121,0.11062501447617648,0.16012322057623615,22.70572194789121,40.70184531732272,watch
job_000008,Bulgaria,147,7.35,monitoring,0.0,0.5,0.5993488752523043,0.0,0.1757639358802412,0.5555555555555555,0.0,6,,0.3553927743686316,0.1189409839700603,0.27601344239895675,35.53927743686316,40.082337171667575,watch
job_000008,Bulgaria,148,7.4,monitoring,0.1619521600271591,0.0,0.591381143064257,0.0,0.0,0.0,0.0,6,,0.20452854177556995,0.04048804000678977,0.12109760346507037,20.452854177556993,37.72679921237431,watch
job_000008,Bulgaria,149,7.45,monitoring,0.0,0.5,0.46671982086869884,0.0,0.42182500995369,0.0,0.0,6,,0.2666799552171747,0.1804562524884225,0.14500797313030483,26.66799552171747,36.39974276949549,watch
job_000008,Bulgaria,150,7.5,monitoring,0.0,0.32759700580783363,0.46630469888395476,0.0,0.3808855412748964,0.0,0.0,6,,0.2148552764633388,0.14436093618989915,0.11908525570376827,21.48552764633388,34.610036954716094,normal
job_000008,Bulgaria,151,7.55,monitoring,0.0,0.3430339872929222,0.46696784476532266,1.0,0.4534273005337214,0.0,0.0,6,,0.21965215737920735,0.5148119232273687,0.12150027480873674,51.48119232273687,36.634575598878584,normal
job_000008,Bulgaria,152,7.6,monitoring,0.0,0.17561965758656434,0.0,0.0,0.24474779035397884,0.0,0.0,6,,0.0526858972759693,0.08752989622647936,0.02634294863798465,8.752989622647936,33.28878528173091,normal
job_000008,Bulgaria,153,7.65,monitoring,0.0,0.5,0.30479795863329634,0.0,0.31429171003717904,0.2777777777777778,0.0,6,,0.2539772674361019,0.15357292750929474,0.17627524935055,25.39772674361019,32.341858257156424,normal
job_000008,Bulgaria,154,7.7,monitoring,0.0,0.5,0.3034318910484286,0.0,0.20791650822149044,0.2777777777777778,0.0,6,,0.2536357505398849,0.12697912705537262,0.17607033921281984,25.36357505398849,31.50446427277627,normal
job_000008,Bulgaria,155,7.75,monitoring,0.5411567748375279,0.6666666666666666,0.541921977905198,0.0,0.0,0.0,0.0,6,,0.5248853656694342,0.23528919370938195,0.28951965165328525,52.488536566943424,34.02255294807633,normal
job_000008,Bulgaria,156,7.8,monitoring,0.0892928245770599,0.5,0.6653839073799893,0.0,0.0,0.2777777777777778,0.0,6,,0.37537624322474605,0.09732320614426497,0.2482217065779659,37.537624322474606,34.444361513004125,normal
job_000008,Bulgaria,157,7.85,monitoring,0.07018375743376344,0.5,0.6637003843757681,0.0,0.42239690257916174,0.2777777777777778,0.0,6,,0.368267188973537,0.1981451650032313,0.24414736469867346,36.8267188973537,34.73024439912608,normal
job_000008,Bulgaria,158,7.9,monitoring,0.08314257669305224,0.5,0.6637436482312029,0.0,0.5524943901625419,0.2777777777777778,0.0,6,,0.37281359167814676,0.23390924171389854,0.2467456181288464,37.28135916781468,35.03637817136871,normal
job_000008,Bulgaria,159,7.95,monitoring,0.08109376539881406,0.5,0.6631479502757883,0.0,0.5247327475405262,0.2777777777777778,0.0,6,,0.3719475832363098,0.2264566282348351,0.2462465011766866,37.19475832363098,35.295383789640184,normal
job_000008,Bulgaria,160,8.0,monitoring,0.07953067277397562,0.5,0.6623743559464936,0.0,0.3913386261155741,0.2777777777777778,0.0,6,,0.37120710223529263,0.19271732472238742,0.24581784350232472,37.120710223529265,35.51442296170688,normal
job_000008,Bulgaria,161,8.05,monitoring,0.10832701151756753,0.5,0.6617618262752596,0.0,0.46516555856106284,0.2777777777777778,0.0,6,,0.3811326883777413,0.2183731425196576,0.25148523180035803,38.11326883777413,35.82628446683495,normal
job_000008,Bulgaria,162,8.1,monitoring,0.10081023031642185,0.45962627333738404,0.6599050037011587,0.0,0.0,0.2777777777777778,0.0,6,,0.3659254913150303,0.09414649857971306,0.24364729317462133,36.592549131503034,35.91823622659512,normal
job_000008,Bulgaria,163,8.15,monitoring,0.2360995580088554,0.49534891466999303,0.4152887218327025,0.0,0.0,0.11111111111111116,0.0,6,,0.346172811273384,0.1333272267027128,0.20603777929939762,34.6172811273384,35.76212161468432,normal
job_000008,Bulgaria,164,8.2,monitoring,0.05681986567122462,0.05790999637373052,0.20249627629632708,0.0,0.332318821285305,0.0,0.0,6,,0.08788402097112955,0.10597117119519198,0.05042491403475356,10.597117119519197,32.742321075264506,normal
job_000008,Bulgaria,165,8.25,monitoring,0.0,0.5,0.0,0.0,0.4129825916589288,0.0,0.0,6,,0.15,0.17824564791473219,0.075,17.824564791473218,30.95219032120955,normal
job_000008,Bulgaria,166,8.3,monitoring,0.0,0.16723676113338853,0.0,0.0,0.3624903911908657,0.0,0.0,6,,0.050171028340016556,0.1157081119677247,0.025085514170008278,11.57081119677247,28.6264248262771,normal
job_000008,Bulgaria,167,8.35,monitoring,0.11784908906147334,0.5,0.6575240901283721,1.0,0.28018204438192534,0.2777777777777778,0.0,6,,0.3834059814813865,0.5245077833608496,0.25275398688710604,52.45077833608496,31.48534724745404,normal
job_000008,Bulgaria,168,8.4,monitoring,0.0,0.24880662916703536,0.0,0.0,0.3479493252699792,0.0,0.0,6,,0.0746419887501106,0.1243083256925501,0.0373209943750553,12.43083256925501,29.198805486070157,normal
job_000008,Bulgaria,169,8.45,monitoring,0.0,0.5,0.0,0.0,0.3959524467393662,0.0,0.0,6,,0.15,0.17398811168484155,0.075,17.398811168484155,27.782806167959833,normal
job_000008,Bulgaria,170,8.5,monitoring,0.0,0.2441895363469852,0.0,0.0,0.3320845569257916,0.0,0.0,6,,0.07325686090409556,0.11964956968349567,0.03662843045204778,11.964956968349567,25.8846642640066,normal
job_000008,Bulgaria,171,8.55,monitoring,0.0,0.41475054714726267,0.0,0.0,0.47003877378540926,0.0,0.0,6,,0.1244251641441788,0.17972227551844172,0.0622125820720894,17.97222755184417,24.935171858547108,normal
job_000008,Bulgaria,172,8.6,monitoring,0.0,0.5,0.0,1.0,0.35731189914454725,0.0,0.0,6,,0.15,0.5143279747861368,0.075,51.43279747861368,28.114886932955095,normal
job_000008,Bulgaria,173,8.65,monitoring,0.0,0.5,0.0,1.0,0.2607585461675709,0.0,0.0,6,,0.15,0.49018963654189274,0.075,49.01896365418927,30.623376139503197,normal
job_000008,Bulgaria,174,8.7,monitoring,0.22759442115532896,0.5833333333333334,0.4118710975616893,1.0,0.6139527698703441,0.11111111111111116,0.0,6,,0.3687369329058986,0.6478867977564182,0.21702177108754142,64.78867977564182,34.72321257583983,normal
job_000008,Bulgaria,175,8.75,monitoring,0.23841349776203902,0.5833333333333334,0.4114747843606867,1.0,0.6027082666590278,0.11111111111111116,0.0,6,,0.3724245314179965,0.6477804411052667,0.21912613942873302,64.77804411052666,38.32979236000225,normal
job_000008,Bulgaria,176,8.8,monitoring,0.0,0.5,0.30416703923913,1.0,0.6366705081991026,0.2777777777777778,0.0,6,,0.25381953758756026,0.5841676270497757,0.17618061144142505,58.416762704977565,40.74022880139929,watch
job_000008,Bulgaria,177,8.85,monitoring,0.3017148644137538,0.5833333333333334,0.40414186274238956,0.0,0.6281900679334999,0.11111111111111116,0.0,6,,0.39274677934152236,0.31997623308681344,0.23068647451633142,39.27467793415224,40.56436269732964,watch
job_000008,Bulgaria,178,8.9,monitoring,0.29240923560209137,0.5833333333333334,0.4042279337593016,1.0,0.6172365721330215,0.11111111111111116,0.0,6,,0.3895113270116685,0.6649114519337782,0.22883825940653577,66.49114519337782,43.67557659685542,watch
job_000008,Bulgaria,179,8.95,monitoring,0.2793533195650053,0.5833333333333334,0.40299690839526425,0.0,0.6361694461344717,0.11111111111111116,0.0,6,,0.38463400005767906,0.31638069142486924,0.22604242239451294,38.46340000576791,43.05011540592492,watch
job_000008,Bulgaria,180,9.0,monitoring,0.2624044701171069,0.5833333333333334,0.4028284085919506,0.0,0.5164943489857851,0.11111111111111116,0.0,6,,0.3786597778000862,0.28222470477572303,0.2226273775344362,37.86597778000862,42.42801889081497,watch
job_000008,Bulgaria,181,9.05,monitoring,0.05550863750577152,0.5,0.20288856358432444,0.0,0.0,0.0,0.0,6,,0.2201501640231011,0.08887715937644287,0.11653501203880297,22.01501640231011,39.978458592194386,watch
job_000008,Bulgaria,182,9.1,monitoring,0.05775486017191741,0.013770715738059477,0.20294199849458025,0.0,0.0,0.0,0.0,6,,0.075080915405234,0.016504322403688272,0.04405787916927944,7.5080915405234,36.08201454599387,watch
job_000008,Bulgaria,183,9.15,monitoring,0.0,0.15873816015094344,0.0,0.0,0.2271993876124276,0.0,0.0,6,,0.04762144804528303,0.08061057092574841,0.023810724022641516,8.061057092574842,32.71949965158359,normal
job_000008,Bulgaria,184,9.2,monitoring,0.0,0.5,0.0,0.0,0.3108820909313664,0.0,0.0,6,,0.15,0.1527205227328416,0.075,15.272052273284158,30.625805966187656,normal
job_000008,Bulgaria,185,9.25,monitoring,0.0,0.26125457697933385,0.0,0.0,0.2977629279066917,0.0,0.0,6,,0.07837637309380015,0.11362891852357299,0.039188186546900074,11.362891852357299,28.314256272528013,normal
job_000008,Bulgaria,186,9.3,monitoring,0.0,0.07050684489571966,0.27745244985399686,0.0,0.17625421790109297,0.0,0.0,6,,0.09051516593221512,0.054639581209631194,0.05219389421245748,9.051516593221512,26.002727511011233,normal
job_000008,Bulgaria,187,9.35,monitoring,0.0,0.5833333333333334,0.36568224896769747,1.0,0.693865882631899,0.11111111111111116,0.0,6,,0.2775316733530355,0.6109664706579747,0.16457455956737685,61.09664706579747,30.213997857585582,normal
job_000008,Bulgaria,188,9.4,monitoring,0.0,0.5833333333333334,0.35780169377404064,1.0,0.6983243430339943,0.11111111111111116,0.0,6,,0.2755615345546213,0.6120810857584986,0.16339247628832834,61.20810857584986,33.933291143777296,normal
job_000008,Bulgaria,189,9.45,monitoring,0.0,0.5833333333333334,0.3423540479980804,0.0,0.7028046540923699,0.0,0.0,6,,0.2605885119995201,0.2632011635230925,0.13885310719971206,26.32011635230925,33.01971016880113,normal
job_000008,Bulgaria,190,9.5,monitoring,0.0,0.5833333333333334,0.3294009315326323,0.0,0.6996828888007746,0.0,0.0,6,,0.25735023288315806,0.26242072220019363,0.13691013972989485,26.242072220019363,32.206393614947324,normal
job_000008,Bulgaria,191,9.55,monitoring,0.0,0.18433100338502897,0.27724834482132715,1.0,0.0,0.0,0.0,6,,0.12461138722084047,0.37764965050775434,0.06923690223095341,37.76496505077544,32.873422187246696,normal
job_000008,Bulgaria,192,9.6,monitoring,0.0,0.5,0.2777302353133446,1.0,0.0,0.0,0.0,6,,0.21943255882833615,0.425,0.11665953529700168,42.5,34.02861152477709,normal
job_000008,Bulgaria,193,9.65,monitoring,0.0,0.5,0.2778730426001557,1.0,0.0,0.0,0.0,6,,0.21946826065003894,0.425,0.11668095639002335,42.5,35.04517814180384,normal
job_000008,Bulgaria,194,9.7,monitoring,0.0,0.2585660995956695,0.27753848423869754,1.0,0.0,0.0,0.0,6,,0.14695445093837523,0.3887849149393504,0.08041568757515505,38.878491493935044,35.505175744059585,normal
job_000008,Bulgaria,195,9.75,monitoring,0.0,0.21932077618937154,0.0,1.0,0.22620907068682264,0.0,0.0,6,,0.06579623285681147,0.4394503841001114,0.03289811642840573,43.945038410011136,36.51795926397377,normal
job_000008,Bulgaria,196,9.8,monitoring,0.0,0.2901537804449049,0.0,1.0,0.3400466340613931,0.0,0.0,6,,0.08704613413347147,0.478534725582084,0.043523067066735734,47.853472558208395,37.878220859281925,normal
job_000008,Bulgaria,197,9.85,monitoring,0.0,0.5,0.0,1.0,0.0008123603750789621,0.0,0.0,6,,0.15,0.4252030900937697,0.075,42.52030900937697,38.43527143729333,normal
job_000008,Bulgaria,198,9.9,monitoring,0.0,0.07311594759487045,0.0,1.0,0.38782894095562465,0.0,0.0,6,,0.02193478427846113,0.4579246273781367,0.010967392139230566,45.79246273781367,39.31813439335577,normal
job_000008,Bulgaria,199,9.95,monitoring,0.0,0.26797790546254685,0.0,1.0,0.3324973747489101,0.0,0.0,6,,0.08039337163876405,0.47332102950660954,0.04019668581938202,47.33210295066095,40.279810620232396,watch
job_000008,Bulgaria,200,10.0,monitoring,0.0,0.2987768671039299,0.0,1.0,0.30425702614632827,0.0,0.0,6,,0.08963306013117897,0.47088078660217153,0.044816530065589485,47.08807866021715,41.09680278503057,watch
job_000008,Bulgaria,201,10.05,monitoring,0.0,0.5,0.0,1.0,0.5204591663765231,0.0,0.0,6,,0.15,0.5551147915941308,0.075,55.51147915941308,42.82656394995647,watch
job_000008,Bulgaria,202,10.1,monitoring,0.0,0.25316421325715294,0.0,1.0,0.2045799480300625,0.0,0.0,6,,0.07594926397714588,0.43911961899608853,0.03797463198857294,43.911961899608855,42.95681170391476,watch
job_000008,Bulgaria,203,10.15,monitoring,0.0,0.14750111533484297,0.0,1.0,0.4069647429500194,0.0,0.0,6,,0.04425033460045289,0.4738663530377313,0.022125167300226446,47.386635303773126,43.488390535897764,watch
job_000008,Bulgaria,204,10.2,monitoring,0.0,0.2787460025763886,0.0,1.0,0.17069454345598098,0.0,0.0,6,,0.08362380077291658,0.4344855362504535,0.04181190038645829,43.44855362504535,43.48361010659548,watch
job_000008,Bulgaria,205,10.25,monitoring,0.0,0.41392498155657753,0.0,1.0,0.4960557696136402,0.0,0.0,6,,0.12417749446697325,0.5361026896368967,0.062088747233486626,53.61026896368967,44.69880916944678,watch
job_000008,Bulgaria,206,10.3,monitoring,0.0,0.0001897760895247266,0.0,1.0,0.36402482309846407,0.0,0.0,6,,5.6932826857417974e-05,0.4410346721880447,2.8466413428708987e-05,44.10346721880447,44.62736813536971,watch
job_000008,Bulgaria,207,10.35,monitoring,0.0,0.12336931726975672,0.0,1.0,0.38705375954902216,0.0,0.0,6,,0.037010795180927016,0.465268837477719,0.018505397590463508,46.526883747771905,44.85531000885797,watch
job_000008,Bulgaria,208,10.4,monitoring,0.0,0.15695792888617122,0.0,1.0,0.22247986821287086,0.0,0.0,6,,0.047087378665851366,0.42916365638614334,0.023543689332925683,42.91636563861434,44.622636684428734,watch
job_000008,Bulgaria,209,10.45,monitoring,0.0,0.5,0.0,1.0,0.004488371754380175,0.0,0.0,6,,0.15,0.42612209293859504,0.075,42.61220929385951,44.38138539756043,watch
job_000008,Bulgaria,210,10.5,monitoring,0.0,0.15525304330891124,0.0,0.0,0.04543493167349607,0.0,0.0,6,,0.04657591299267337,0.034646689414710705,0.023287956496336686,4.657591299267337,39.61453010576526,watch
job_000008,Bulgaria,211,10.55,monitoring,0.0,0.015308931695776773,0.0,1.0,0.1983093745339649,0.0,0.0,6,,0.004592679508733032,0.40187368338785767,0.002296339754366516,40.18736833878577,39.68327069372773,watch
job_000008,Bulgaria,212,10.6,monitoring,0.0,0.0,0.0,1.0,0.19970713332499118,0.0,0.0,6,,0.0,0.39992678333124776,0.0,39.99267833312478,39.720399610455374,watch
job_000008,Bulgaria,213,10.65,monitoring,0.0,0.036203069093631156,0.0,1.0,0.11964984884379372,0.0,0.0,6,,0.010860920728089347,0.3853429225749931,0.0054304603640446735,38.53429225749931,39.578066728100644,watch
job_000008,Bulgaria,214,10.7,monitoring,0.0,0.0,0.0,0.0,0.2922852626461268,0.0,0.0,6,,0.0,0.0730713156615317,0.0,7.307131566153171,35.70555450866695,watch
job_000008,Bulgaria,215,10.75,monitoring,0.0,0.0,0.0,1.0,0.0,0.0,0.0,6,,0.0,0.35,0.0,35.0,35.62088796762691,watch
job_000008,Bulgaria,216,10.8,monitoring,0.0,0.0,0.0,0.0,0.04808473850212202,0.0,0.0,6,,0.0,0.012021184625530505,0.0,1.2021184625530505,31.490635627018047,normal
job_000008,Bulgaria,217,10.85,monitoring,0.0,0.0,0.0,1.0,0.0,0.2777777777777778,0.0,6,,0.02777777777777778,0.35,0.05555555555555556,35.0,31.91175935177588,normal
job_000008,Bulgaria,218,10.9,monitoring,0.0,0.04277842663569229,0.2779077418020825,1.0,0.34211867568406407,0.0,0.0,6,,0.0823104634412283,0.4419464329163698,0.048102925265666216,44.19464329163698,33.38570542455921,normal
job_000008,Bulgaria,219,10.95,monitoring,0.0,0.06730616835480781,0.2781883956307551,1.0,0.4548443869500525,0.0,0.0,6,,0.08973894941413112,0.47380702199073427,0.05182418459783444,47.380702199073426,35.06510503750092,normal
job_000008,Bulgaria,220,11.0,monitoring,0.0,0.23363697335477931,0.308449415153764,1.0,0.0,0.0,0.0,6,,0.1472034457948748,0.3850455460032169,0.08131295827628149,38.50455460032169,35.47783898503941,normal
job_000008,Bulgaria,221,11.05,monitoring,0.0,0.16797792440227635,0.0,0.0,0.05688184185272517,0.0,0.0,6,,0.05039337732068291,0.039417149123522746,0.025196688660341453,5.039337732068291,31.825218834682875,normal
job_000008,Bulgaria,222,11.1,monitoring,0.0,0.18144186817634905,0.0,0.0,0.32504077939777154,0.0,0.0,6,,0.05443256045290471,0.10847647507589524,0.027216280226452356,10.847647507589524,29.307910275431674,normal
job_000008,Bulgaria,223,11.15,monitoring,0.0,0.11827804249493332,0.0,0.0,0.434975333753172,0.0,0.0,6,,0.03548341274847999,0.126485539812533,0.017741706374239996,12.648553981253299,27.30878752013027,normal
job_000008,Bulgaria,224,11.2,monitoring,0.0,0.32361532369435403,0.0,0.0,0.4562557622373439,0.2777777777777778,0.0,6,,0.12486237488608398,0.16260623911348907,0.10409785410970866,16.260623911348908,25.983007887076507,normal
job_000008,Bulgaria,225,11.25,monitoring,0.0,0.5,0.0,0.0,0.4870642909606882,0.2777777777777778,0.0,6,,0.17777777777777778,0.19676607274017205,0.13055555555555556,19.676607274017204,25.22623981350939,normal
job_000008,Bulgaria,226,11.3,monitoring,0.0,0.11361174081407192,0.0,0.0,0.34637443876698787,0.2777777777777778,0.0,6,,0.061861300021999355,0.10363537081385776,0.07259731667766635,10.363537081385775,23.44271548565456,normal
job_000008,Bulgaria,227,11.35,monitoring,0.0,0.16920997102376348,0.0,0.0,0.4105184068766417,0.0,0.0,6,,0.050762991307129045,0.12801109737272495,0.025381495653564522,12.801109737272496,22.165722795848712,normal
job_000008,Bulgaria,228,11.4,monitoring,0.0,0.2793621291947476,0.0,0.0,0.37738926103649095,0.0,0.0,6,,0.08380863875842429,0.1362516346383349,0.04190431937921214,13.62516346383349,21.140855676006886,normal
job_000008,Bulgaria,229,11.45,monitoring,0.0,0.5,0.0,0.0,0.5333232701625822,0.0,0.0,6,,0.15,0.20833081754064553,0.075,20.83308175406455,21.103922805373806,normal
job_000008,Bulgaria,230,11.5,monitoring,0.0,0.13152648658324198,0.0,0.0,0.4724335352963944,0.0,0.0,6,,0.03945794597497259,0.1378373568115849,0.019728972987486295,13.78373568115849,20.225500350467968,normal
job_000008,Bulgaria,231,11.55,monitoring,0.0,0.42184178848485454,0.18412599978896152,0.0,0.5221687969204558,0.2777777777777778,0.0,6,,0.20036181427047453,0.19381846750284215,0.14645072379662796,20.036181427047453,20.202782079657506,normal
job_000008,Bulgaria,232,11.6,monitoring,0.0,0.21185184220980774,0.0,0.0,0.4976670526895421,0.0,0.0,6,,0.06355555266294231,0.15619453950385667,0.03177777633147116,15.619453950385667,19.652782704144883,normal
job_000008,Bulgaria,233,11.65,monitoring,0.0,0.5,0.1831707282947242,0.0,0.4238311482501876,0.2777777777777778,0.0,6,,0.22357045985145885,0.1809577870625469,0.15803116479976417,22.357045985145884,19.977294297865,normal
job_000008,Bulgaria,234,11.7,monitoring,0.0,0.11686221162561575,0.1826739380406881,0.0,0.3610367107007159,0.2777777777777778,0.0,6,,0.10850492577563452,0.10778850941902134,0.10048597800550113,10.850492577563452,18.882078091428813,normal
job_000008,Bulgaria,235,11.75,monitoring,0.0,0.13500826314570896,0.18297784112183274,0.0,0.39197739840649487,0.2777777777777778,0.0,6,,0.11402471700194865,0.11824558907348007,0.10325347119568681,11.824558907348006,18.035175789339114,normal
job_000008,Bulgaria,236,11.8,monitoring,0.0,0.14273143716681896,0.18282881775333407,0.0,0.40977819367802987,0.2777777777777778,0.0,6,,0.11630441336615698,0.12385426399453031,0.10438959379357851,12.385426399453031,17.357205862552785,normal
job_000008,Bulgaria,237,11.85,monitoring,0.0,0.5,0.1814470355392211,0.0,0.4812030436882339,0.2777777777777778,0.0,6,,0.22313953666258307,0.19530076092205848,0.1577726108864387,22.313953666258307,17.95201559899745,normal
job_000008,Bulgaria,238,11.9,monitoring,0.0,0.26746711817604346,0.18148311794829516,0.0,0.3385732575373546,0.2777777777777778,0.0,6,,0.15338869271766462,0.12476338211074517,0.12289809097420634,15.33886927176646,17.638438039729728,normal
job_000008,Bulgaria,239,11.95,monitoring,0.0,0.24694392398928694,0.18210936526018576,0.0,0.3415059084236088,0.2777777777777778,0.0,6,,0.1473882962896103,0.12241806570429523,0.11991354894297646,14.738829628961032,17.290485030437484,normal
job_000008,Bulgaria,240,12.0,monitoring,0.0,0.5,0.0,0.0,0.2203072023236166,1.0,0.0,5,proximity,0.25,0.13007680058090415,0.275,27.500000000000004,18.515626826784985,normal
job_000008,Bulgaria,241,12.05,monitoring,0.0,0.4808839502338979,0.1819463279540751,1.0,0.25988833494249847,0.2777777777777778,0.0,6,,0.21752954483646592,0.4871046762707093,0.1549800972837515,48.71046762707093,22.1390077228193,normal
job_000008,Bulgaria,242,12.1,monitoring,0.0,0.0,0.0,0.0,0.22516941704040055,0.0,0.0,6,,0.0,0.05629235426010014,0.0,5.6292354260100135,20.157835047202187,normal
job_000008,Bulgaria,243,12.15,monitoring,0.0,0.08323151937385392,0.0,0.0,0.0,0.0,0.0,6,,0.024969455812156177,0.012484727906078089,0.012484727906078089,2.4969455812156176,18.038528311283798,normal
job_000008,Bulgaria,244,12.2,monitoring,0.0,0.0,0.0,0.0,0.04344165463476097,0.0,0.0,6,,0.0,0.010860413658690242,0.0,1.0860413658690242,16.004229877834025,normal
job_000008,Bulgaria,245,12.25,monitoring,0.0,0.17039008835056668,0.0,0.0,0.2136611585960787,0.0,0.0,6,,0.051117026505170006,0.07897380290160468,0.025558513252585003,7.897380290160467,15.031407927313198,normal
job_000008,Bulgaria,246,12.3,monitoring,0.0,0.0,0.0,0.0,0.23386666189727465,0.0,0.0,6,,0.0,0.05846666547431866,0.0,5.846666547431866,13.929238961727437,normal
job_000008,Bulgaria,247,12.35,monitoring,0.0,0.0,0.18266985145702413,0.0,0.2143718349645289,0.2777777777777778,0.0,6,,0.07344524064203381,0.05359295874113223,0.08295603327410918,8.295603327410918,13.253202685609455,normal
job_000008,Bulgaria,248,12.4,monitoring,0.0,0.0,0.0,1.0,0.23040425601424963,0.0,0.0,6,,0.0,0.4076010640035624,0.0,40.760106400356236,16.55403113137907,normal
job_000008,Bulgaria,249,12.45,monitoring,0.0,0.0,0.0,0.0,0.0,0.0,0.0,6,,0.0,0.0,0.0,0.0,14.567547395613582,normal
job_000008,Bulgaria,250,12.5,monitoring,0.0,0.0,0.1836116208523137,1.0,0.045244113510680355,0.2777777777777778,0.0,6,,0.0736806829908562,0.36131102837767004,0.08309729868340261,36.131102837767,17.155174048671995,normal
job_000008,Bulgaria,251,12.55,monitoring,0.0,0.0,0.0,1.0,0.029681211310070996,0.0,0.0,6,,0.0,0.35742030282751774,0.0,35.74203028275178,19.38559679676157,normal
job_000008,Bulgaria,252,12.6,monitoring,0.0,0.046677049426374996,0.0,1.0,0.0,0.0,0.0,6,,0.014003114827912498,0.3570015574139562,0.007001557413956249,35.70015574139562,21.343343870117653,normal
job_000008,Bulgaria,253,12.65,monitoring,0.0,0.5,0.27941289295880845,1.0,0.0,0.0,0.0,6,,0.2198532232397021,0.425,0.11691193394382127,42.5,23.882142605703535,normal
job_000008,Bulgaria,254,12.7,monitoring,0.0,0.3930558101657827,0.279222121967198,1.0,0.0,0.0,0.0,6,,0.1877222735415343,0.40895837152486736,0.1008416898199471,40.895837152486735,25.92378595131752,normal
job_000008,Bulgaria,255,12.75,monitoring,0.0,0.3238954250756268,0.27901806433337173,1.0,0.0,0.0,0.0,6,,0.16692314360603097,0.398584313761344,0.09043702341134978,39.8584313761344,27.595943402295543,normal
job_000008,Bulgaria,256,12.8,monitoring,0.0,0.3357452217946492,0.2788805598821086,1.0,0.0,0.0,0.0,6,,0.1704437065089219,0.40036178326919736,0.09219386725151366,40.03617832691974,29.08877159325045,normal
job_000008,Bulgaria,257,12.85,monitoring,0.0,0.5,0.2781621376593734,1.0,0.0,0.0,0.0,6,,0.21954053441484334,0.425,0.116724320648906,42.5,30.698119002060395,normal
job_000008,Bulgaria,258,12.9,monitoring,0.0,0.29437537727725926,0.46321046007028144,1.0,0.0,0.0,0.0,6,,0.20411522820074812,0.39415630659158885,0.1136378756021311,39.415630659158886,31.744220400912216,normal
job_000008,Bulgaria,259,12.95,monitoring,0.0,0.485886380459461,0.4637072396470525,1.0,0.0,0.0,0.0,6,,0.2616927240496014,0.4228829570689191,0.14243904301597704,42.28829570689191,33.009509437629774,normal
job_000008,Bulgaria,260,13.0,monitoring,0.0,0.3764637806685659,0.2787981093731531,1.0,0.0,0.0,0.0,6,,0.18263866154385805,0.40646956710028487,0.09828928350625785,40.64695671002848,33.92600311031762,normal
job_000008,Bulgaria,261,13.05,monitoring,0.0,0.5,0.2788825065881127,1.0,0.0,0.0,0.0,6,,0.21972062664702818,0.425,0.1168323759882169,42.5,34.95488273707951,normal
job_000008,Bulgaria,262,13.1,monitoring,0.0,0.20551843110305792,0.4641966483739054,0.0,0.0,0.0,0.0,6,,0.1777046914243937,0.03082776466545869,0.1004572619215445,17.77046914243937,32.89275310572269,normal
job_000008,Bulgaria,263,13.15,monitoring,0.0,0.2147868804356055,0.1887076374149656,1.0,0.46835722122572426,0.2777777777777778,0.0,6,,0.13939075126220082,0.49930733737177185,0.11607973323314122,49.930733737177185,34.93731078149723,normal
job_000008,Bulgaria,264,13.2,monitoring,0.0,0.1811670354834627,0.0,1.0,0.3513206006104039,0.0,0.0,6,,0.05435011064503881,0.46500520547512036,0.027175055322519404,46.50052054751204,36.32489595341901,normal
job_000008,Bulgaria,265,13.25,monitoring,0.0,0.5,0.0,1.0,0.48914783644276294,0.2777777777777778,0.0,6,,0.17777777777777778,0.5472869591106907,0.13055555555555556,54.72869591106907,38.533351948337014,normal
job_000008,Bulgaria,266,13.3,monitoring,0.0,0.38358084891001254,0.0,1.0,0.40535365684663544,0.2777777777777778,0.0,6,,0.14285203245078154,0.5088755415481607,0.11309268289205743,50.88755415481607,40.0158562131145,watch
job_000008,Bulgaria,267,13.35,monitoring,0.0,0.2313309407633961,0.0,1.0,0.28065040296889726,0.0,0.0,6,,0.06939928222901882,0.4548622418567337,0.03469964111450941,45.48622418567337,40.67230036982156,watch
job_000008,Bulgaria,268,13.4,monitoring,0.0,0.12288101660754286,0.0,1.0,0.43626856119012547,0.0,0.0,6,,0.036864304982262855,0.47749929278866277,0.018432152491131427,47.749929278866276,41.521615838906925,watch
job_000008,Bulgaria,269,13.45,monitoring,0.0,0.5,0.18954351043633766,1.0,0.3863700510635083,0.2777777777777778,0.0,6,,0.2251636553868622,0.521592512765877,0.1589870821210062,52.1592512765877,42.79813209142862,watch
job_000008,Bulgaria,270,13.5,monitoring,0.0,0.12199687559891514,0.18963232262444166,0.0,0.16052845706781715,0.2777777777777778,0.0,6,,0.11178492111356274,0.05843164560679156,0.10229993528905908,11.178492111356274,39.00377529381994,watch
job_000008,Bulgaria,271,13.55,monitoring,0.0,0.10292942345689975,0.19005568614453217,1.0,0.45322763233497915,0.2777777777777778,0.0,6,,0.10617052635098075,0.4787463216022797,0.09950332199577033,47.87463216022797,40.0682781177889,watch
job_000008,Bulgaria,272,13.6,monitoring,0.0,0.004135197229992246,0.18993800286755633,0.0,0.1306056390348075,0.2777777777777778,0.0,6,,0.07650283766366453,0.03327168934320072,0.08466653557018784,8.466653557018784,36.276083170496484,watch
job_000008,Bulgaria,273,13.65,monitoring,0.0,0.0,0.4554369136060549,0.0,0.020632142339023943,0.0,0.0,6,,0.11385922840151373,0.005158035584755986,0.06831553704090823,11.385922840151373,33.28926393085507,normal
job_000008,Bulgaria,274,13.7,monitoring,0.0,0.0,0.4556681545304076,0.0,0.0,0.0,0.0,6,,0.1139170386326019,0.0,0.06835022317956113,11.39170386326019,30.661556722743686,normal
job_000008,Bulgaria,275,13.75,monitoring,0.0,0.0,0.19006638038411283,1.0,0.0,0.2777777777777778,0.0,6,,0.07529437287380598,0.35,0.08406551261317248,35.0,31.182169916014445,normal
job_000008,Bulgaria,276,13.8,monitoring,0.0,0.32017511122915726,0.0,1.0,0.058964368633929606,1.0,0.0,5,proximity,0.19605253336874717,0.412767358842856,0.2480262666843736,41.2767358842856,32.39351783220698,normal
job_000008,Bulgaria,277,13.85,monitoring,0.0,0.08909298685749788,0.0,1.0,0.21794759989143625,1.0,0.0,5,proximity,0.12672789605724938,0.4178508480014837,0.21336394802862468,41.78508480014837,33.52050586835995,normal
job_000008,Bulgaria,278,13.9,monitoring,0.0,0.0,0.0,0.0,0.0,1.0,0.0,5,proximity,0.1,0.0,0.2,20.0,31.898045164156752,normal
job_000008,Bulgaria,279,13.95,monitoring,0.0,0.0,0.0,1.0,0.0,1.0,0.0,5,proximity,0.1,0.35,0.2,35.0,32.270279744457945,normal
job_000008,Bulgaria,280,14.0,monitoring,0.0,0.0,0.0,0.0,0.24461546568471432,1.0,0.0,5,proximity,0.1,0.06115386642117858,0.2,20.0,30.79784617512299,normal
job_000008,Bulgaria,281,14.05,monitoring,0.0,0.14734549963015012,0.0,0.0,0.47347185631732913,1.0,0.0,5,proximity,0.14420364988904505,0.1404697890238548,0.22210182494452252,22.21018249445225,29.767326533442503,normal
job_000008,Bulgaria,282,14.1,monitoring,0.0,0.027969073350145958,0.0,0.0,0.35470425577813824,1.0,0.0,5,proximity,0.1083907220050438,0.09287142494705646,0.2041953610025219,20.419536100252188,28.645591681459667,normal
job_000008,Bulgaria,283,14.15,monitoring,0.0,0.17916180023230782,0.0,0.0,0.535069881603206,1.0,0.0,5,proximity,0.15374854006969235,0.16064174043564766,0.22687427003484617,22.68742700348462,27.930611920102663,normal
job_000008,Bulgaria,284,14.2,monitoring,0.0,0.2631782680860513,0.0,0.0,0.4477609442205883,1.0,0.0,5,proximity,0.17895348042581538,0.15141697626805478,0.2394767402129077,23.947674021290773,27.452659372245236,normal
job_000008,Bulgaria,285,14.25,monitoring,0.0,0.5,0.6043705031238589,1.0,0.0,0.2777777777777778,0.0,6,,0.32887040355874253,0.425,0.2212111310241344,42.5,29.25834024757581,normal
job_000008,Bulgaria,286,14.3,monitoring,0.0,0.5,0.6052467810461107,0.0,0.0,0.2777777777777778,0.0,6,,0.32908947303930547,0.075,0.22134257271247215,32.908947303930546,29.69641309433838,normal
job_000008,Bulgaria,287,14.35,monitoring,0.0,0.5,0.6043624852403988,1.0,0.0,0.2777777777777778,0.0,6,,0.32886839908787746,0.425,0.22120992834161537,42.5,31.23284352301777,normal
job_000008,Bulgaria,288,14.4,monitoring,0.0,0.5,0.30939939115167503,0.0,0.0,0.0,0.0,6,,0.22734984778791875,0.075,0.12140990867275125,22.734984778791876,30.21310047371066,normal
job_000008,Bulgaria,289,14.45,monitoring,0.0,0.5,0.0,0.0,0.5335785485616422,1.0,0.0,5,proximity,0.25,0.20839463714041057,0.275,27.500000000000004,29.887528416865383,normal
job_000008,Bulgaria,290,14.5,monitoring,0.0,0.4457687964203085,0.0,0.0,0.4130331702930816,1.0,0.0,5,proximity,0.23373063892609255,0.17012361203631668,0.26686531946304626,26.686531946304626,29.503408840398095,normal
job_000008,Bulgaria,291,14.55,monitoring,0.0,0.5,0.0,0.0,0.6069164722981547,1.0,0.0,5,proximity,0.25,0.22672911807453866,0.275,27.500000000000004,29.262999779550324,normal
job_000008,Bulgaria,292,14.6,monitoring,0.0,0.4352305243149022,0.0,0.0,0.5394247824985674,1.0,0.0,5,proximity,0.23056915729447067,0.20014077427187718,0.2652845786472353,26.52845786472353,28.93485474977111,normal
job_000008,Bulgaria,293,14.65,monitoring,0.0,0.5,0.0,0.0,0.6404750790160745,1.0,0.0,5,proximity,0.25,0.23511876975401863,0.275,27.500000000000004,28.762672179798578,normal
job_000008,Bulgaria,294,14.7,monitoring,0.0,0.5,0.0,0.0,0.49982023442969836,1.0,0.0,5,proximity,0.25,0.19995505860742457,0.275,27.500000000000004,28.611151518222748,normal
job_000008,Bulgaria,295,14.75,monitoring,0.0,0.5,0.0,0.0,0.5343166603585038,1.0,0.0,5,proximity,0.25,0.20857916508962593,0.275,27.500000000000004,28.477813336036018,normal
job_000008,Bulgaria,296,14.8,monitoring,0.0,0.5,0.0,0.0,0.47254033408168505,1.0,0.0,5,proximity,0.25,0.19313508352042125,0.275,27.500000000000004,28.360475735711695,normal
job_000008,Bulgaria,297,14.85,monitoring,0.0,0.5,0.0,0.0,0.5814990079513513,1.0,0.0,5,proximity,0.25,0.22037475198783785,0.275,27.500000000000004,28.257218647426292,normal
job_000008,Bulgaria,298,14.9,monitoring,0.0,0.3191997495961146,0.0,1.0,0.46709521226756473,1.0,0.0,5,proximity,0.19575992487883437,0.5146537655063084,0.2478799624394172,51.465376550630836,31.042197595810837,normal
job_000008,Bulgaria,299,14.95,monitoring,0.0,0.4779947805893462,0.0,0.0,0.41435038213699166,1.0,0.0,5,proximity,0.24339843417680385,0.17528681262264983,0.27169921708840195,27.169921708840196,30.577524489374362,normal
job_000008,Bulgaria,300,15.0,monitoring,0.0,0.41031575783255525,0.0,0.0,0.4236042774570728,1.0,0.0,5,proximity,0.22309472734976657,0.16744843303915147,0.2615473636748833,26.15473636748833,30.04678991474804,normal
job_000008,Bulgaria,301,15.05,monitoring,0.0,0.5,0.0,0.0,0.42686894770333805,1.0,0.0,5,proximity,0.25,0.18171723692583452,0.275,27.500000000000004,29.741175124978277,normal
job_000008,Bulgaria,302,15.1,monitoring,0.0,0.09844225718117493,0.0,0.0,0.4764459050915031,1.0,0.0,5,proximity,0.1295326771543525,0.133877814850052,0.21476633857717625,21.476633857717626,28.749430172907,normal
job_000008,Bulgaria,303,15.15,monitoring,0.0,0.5,0.0,1.0,0.5916990650280348,1.0,0.0,5,proximity,0.25,0.5729247662570087,0.275,57.29247662570087,32.174595747242265,normal
job_000008,Bulgaria,304,15.2,monitoring,0.0,0.028821636664327265,0.0,1.0,0.4911129488842561,1.0,0.0,5,proximity,0.10864649099929818,0.47710148272071307,0.2043232454996491,47.71014827207131,34.038862050221745,normal
job_000008,Bulgaria,305,15.25,monitoring,0.0,0.07016995876183825,0.0,1.0,0.540040655473947,1.0,0.0,5,proximity,0.12105098762855149,0.4955356576827625,0.21052549381427574,49.55356576827625,35.900626496388284,normal
job_000008,Bulgaria,306,15.3,monitoring,0.0,0.013889760546893986,0.6022360922410527,1.0,0.0,0.2777777777777778,0.0,6,,0.18250372900210915,0.35208346408203406,0.14797443347374756,35.208346408203404,35.8175528858061,normal
job_000008,Bulgaria,307,15.35,monitoring,0.0,0.5,0.0,1.0,0.0,0.2777777777777778,0.0,6,,0.17777777777777778,0.425,0.13055555555555556,42.5,36.61944653950937,normal
job_000008,Bulgaria,308,15.4,monitoring,0.0,0.2453067049001264,0.3121066811753126,1.0,0.0,0.0,0.0,6,,0.15161868176386606,0.38679600573501893,0.08361200791131584,38.679600573501894,36.86666502358847,normal
job_000008,Bulgaria,309,15.45,monitoring,0.0,0.0,0.0,1.0,0.47159854525363065,1.0,0.0,5,proximity,0.1,0.46789963631340764,0.2,46.78996363134076,38.057460856518745,normal
job_000008,Bulgaria,310,15.5,monitoring,0.0,0.03665961988203958,0.0,0.0,0.37121201684402977,1.0,0.0,5,proximity,0.11099788596461188,0.09830194719331338,0.20549894298230595,20.549894298230594,35.95655286952417,normal
job_000008,Bulgaria,311,15.55,monitoring,0.0,0.2376774375014323,0.0,1.0,0.2927290498863916,1.0,0.0,5,proximity,0.17130323125042968,0.45883387809681275,0.23565161562521486,45.883387809681274,37.14777306234302,normal
job_000008,Bulgaria,312,15.6,monitoring,0.0,0.09756283388698467,0.0,0.0,0.34614269743795106,1.0,0.0,5,proximity,0.1292688501660954,0.10117009944253547,0.2146344250830477,21.46344250830477,35.26565339585843,normal
job_000008,Bulgaria,313,15.65,monitoring,0.0,0.0,0.0,1.0,0.0036126541174570947,1.0,0.0,5,proximity,0.1,0.35090316352936424,0.2,35.090316352936426,35.24461295070779,normal
job_000008,Bulgaria,314,15.7,monitoring,0.0,0.0,0.0,1.0,0.23355413063816863,1.0,0.0,5,proximity,0.1,0.4083885326595421,0.2,40.838853265954214,35.91592178853736,normal
job_000008,Bulgaria,315,15.75,monitoring,0.0,0.19113522173111502,0.0,0.0,0.41883046129753687,1.0,0.0,5,proximity,0.1573405665193345,0.13337789858405147,0.22867028325966726,22.867028325966725,34.350054573028885,normal
job_000008,Bulgaria,316,15.8,monitoring,0.0,0.0,0.0,1.0,0.0,1.0,0.0,5,proximity,0.1,0.35,0.2,35.0,34.42804802426542,normal
job_000008,Bulgaria,317,15.85,monitoring,0.0,0.0,0.0,1.0,0.0,0.2777777777777778,0.0,6,,0.02777777777777778,0.35,0.05555555555555556,35.0,34.49668226135357,normal
job_000008,Bulgaria,318,15.9,monitoring,0.0,0.0,0.0,1.0,0.0,0.2777777777777778,0.0,6,,0.02777777777777778,0.35,0.05555555555555556,35.0,34.55708038999114,normal
job_000008,Bulgaria,319,15.95,monitoring,0.0,0.12677729775894273,0.0,1.0,0.4515687612342688,1.0,0.0,5,proximity,0.13803318932768283,0.48190878497240863,0.2190165946638414,48.19087849724086,36.19313616286111,normal
job_000008,Bulgaria,320,16.0,monitoring,0.0,0.006351799862294392,0.0,1.0,0.45761711790154647,0.2777777777777778,0.0,6,,0.029683317736466097,0.4653570494547308,0.05650832553489972,46.53570494547308,37.43424441677455,normal
job_000008,Bulgaria,321,16.05,monitoring,0.0,0.0,0.0,1.0,0.0,0.2777777777777778,0.0,6,,0.02777777777777778,0.35,0.05555555555555556,35.0,37.142135086761606,normal
job_000008,Bulgaria,322,16.1,monitoring,0.0,0.0,0.0,1.0,0.12737214918193349,0.2777777777777778,0.0,6,,0.02777777777777778,0.38184303729548336,0.05555555555555556,38.18430372954833,37.26719532389601,normal
job_000008,Bulgaria,323,16.15,monitoring,0.0,0.0,0.0,1.0,0.0,0.2777777777777778,0.0,6,,0.02777777777777778,0.35,0.05555555555555556,35.0,36.99513188502849,normal
job_000008,Bulgaria,324,16.2,monitoring,0.0,0.0,0.0,0.0,0.04952896441190209,1.0,0.0,5,proximity,0.1,0.012382241102975523,0.2,20.0,34.955716058825075,normal
job_000008,Bulgaria,325,16.25,monitoring,0.0,0.0,0.0,1.0,0.0,1.0,0.0,5,proximity,0.1,0.35,0.2,35.0,34.961030131766066,normal
job_000008,Bulgaria,326,16.3,monitoring,0.0,0.07106670329954709,0.0,0.0,0.2904777035725725,0.2777777777777778,0.0,6,,0.049097788767641905,0.0832794313880752,0.06621556105048762,8.32794313880752,31.765059692611043,normal
job_000008,Bulgaria,327,16.35,monitoring,0.0,0.08210402005917082,0.0,1.0,0.0,0.2777777777777778,0.0,6,,0.052408983795529024,0.3623156030088756,0.06787115856443118,36.23156030088756,32.30103976560422,normal
job_000008,Bulgaria,328,16.4,monitoring,0.0,0.0,0.0,1.0,0.04884303154347193,1.0,0.0,5,proximity,0.1,0.362210757885868,0.2,36.2210757885868,32.77144408836213,normal
job_000008,Bulgaria,329,16.45,monitoring,0.0,0.0,0.0,0.0,0.15965625046519283,1.0,0.0,5,proximity,0.1,0.03991406261629821,0.2,20.0,31.238870797758675,normal
job_000008,Bulgaria,330,16.5,monitoring,0.0,0.0,0.0,0.0,0.49838803066151655,1.0,0.0,5,proximity,0.1,0.12459700766537914,0.2,20.0,29.890206302027632,normal
job_000008,Bulgaria,331,16.55,monitoring,0.0,0.019928503898596964,0.0,1.0,0.05355909084097214,1.0,0.0,5,proximity,0.10597855116957909,0.3663790482950326,0.20298927558478955,36.637904829503256,30.699930125324705,normal
job_000008,Bulgaria,332,16.6,monitoring,0.0,0.3021732082684454,0.0,1.0,0.2958721739959485,0.2777777777777778,0.0,6,,0.11842974025831139,0.4692940247392539,0.10088153679582237,46.92940247392539,32.64746680715679,normal
job_000008,Bulgaria,333,16.65,monitoring,0.0,0.0,0.0,1.0,0.09992424655643826,1.0,0.0,5,proximity,0.1,0.37498106163910955,0.2,37.498106163910954,33.22954352996729,normal
job_000008,Bulgaria,334,16.7,monitoring,0.0,0.35332886665640134,0.0,0.0,0.27688886938421664,1.0,0.0,5,proximity,0.2059986599969204,0.12222154734451436,0.2529993299984602,25.29993299984602,32.27799026635273,normal
job_000008,Bulgaria,335,16.75,monitoring,0.0,0.2818196796220787,0.0,0.0,0.4247325911369821,1.0,0.0,5,proximity,0.18454590388662362,0.14845609972755733,0.24227295194331183,24.227295194331184,31.311906857710145,normal
job_000008,Bulgaria,336,16.8,monitoring,0.0,0.05878773231020226,0.0,0.0,0.0,1.0,0.0,5,proximity,0.11763631969306068,0.00881815984653034,0.20881815984653035,20.881815984653034,30.060295952943292,normal
job_000008,Bulgaria,337,16.85,monitoring,0.0,0.11474478430411586,0.0,0.0,0.39584500553408464,1.0,0.0,5,proximity,0.13442343529123477,0.11617296902913854,0.2172117176456174,21.72117176456174,29.059601050337506,normal
job_000008,Bulgaria,338,16.9,monitoring,0.0,0.050549397646869464,0.0,0.0,0.4333613749596423,1.0,0.0,5,proximity,0.11516481929406085,0.11592275338694098,0.20758240964703042,20.75824096470304,28.063437840061372,normal
job_000008,Bulgaria,339,16.95,monitoring,0.0,0.25822890353894185,0.0,0.0,0.38165387204610357,1.0,0.0,5,proximity,0.17746867106168257,0.13414780354236716,0.23873433553084128,23.873433553084126,27.560637325624104,normal
job_000008,Bulgaria,340,17.0,monitoring,0.0,0.08342074448942975,0.0,0.0,0.4895084702086528,1.0,0.0,5,proximity,0.12502622334682892,0.13489022922557767,0.21251311167341447,21.25131116734145,26.803518186630185,normal
job_000008,Bulgaria,341,17.05,monitoring,0.0,0.0,0.0,0.0,0.13499805922605518,0.2777777777777778,0.0,6,,0.02777777777777778,0.033749514806513795,0.05555555555555556,5.555555555555556,24.25376267090123,normal
job_000008,Bulgaria,342,17.1,monitoring,0.0,0.5,0.0,0.0,0.314170720107185,0.0,0.0,6,,0.15,0.15354268002679625,0.075,15.354268002679625,23.18582331071464,normal
job_000008,Bulgaria,343,17.15,monitoring,0.0,0.05856434680979455,0.0,0.0,0.5055922046553835,1.0,0.0,5,proximity,0.11756930404293836,0.13518270318531506,0.2087846520214692,20.87846520214692,22.90894033768651,normal
job_000008,Bulgaria,344,17.2,monitoring,0.0,0.0,0.0,0.0,0.26752850093219205,1.0,0.0,5,proximity,0.1,0.06688212523304801,0.2,20.0,22.559867497164127,normal
job_000008,Bulgaria,345,17.25,monitoring,0.0,0.0,0.0,0.0,0.37536222273544323,0.2777777777777778,0.0,6,,0.02777777777777778,0.09384055568386081,0.05555555555555556,9.384055568386081,20.978770065710762,normal
job_000008,Bulgaria,346,17.3,monitoring,0.0,0.0,0.0,0.0,0.34029690218494607,0.2777777777777778,0.0,6,,0.02777777777777778,0.08507422554623652,0.05555555555555556,8.507422554623652,19.48220836438031,normal
job_000008,Bulgaria,347,17.35,monitoring,0.0,0.14782553568313048,0.0,0.0,0.26592241334424255,0.2777777777777778,0.0,6,,0.07212543848271692,0.08865443368853021,0.07772938590802513,8.865443368853022,18.208196564917035,normal
job_000008,Bulgaria,348,17.4,monitoring,0.0,0.04947506731825534,0.0,1.0,0.11471465489146705,0.0,0.0,6,,0.014842520195476602,0.38609992382060504,0.007421260097738301,38.609992382060504,20.65641206297425,normal
job_000008,Bulgaria,349,17.45,monitoring,0.0,0.0,0.0,0.0,0.0,0.0,0.0,6,,0.0,0.0,0.0,0.0,18.17764261541734,normal
job_000008,Bulgaria,350,17.5,monitoring,0.0,0.0,0.0,1.0,0.2642775416237638,0.2777777777777778,0.0,6,,0.02777777777777778,0.41606938540594096,0.05555555555555556,41.60693854059409,20.98915812643855,normal
job_000008,Bulgaria,351,17.55,monitoring,0.0,0.04077828789356478,0.0,0.0,0.3847578525844367,0.2777777777777778,0.0,6,,0.040011264145847214,0.10230620633014388,0.06167229873959028,10.230620633014388,19.69813362722765,normal
job_000008,Bulgaria,352,17.6,monitoring,0.0,0.0,0.0,0.0,0.0,0.2777777777777778,0.0,6,,0.02777777777777778,0.0,0.05555555555555556,5.555555555555556,18.001024258627,normal
job_000008,Bulgaria,353,17.65,monitoring,0.0,0.0,0.0,1.0,0.0,0.0,0.0,6,,0.0,0.35,0.0,35.0,20.040901347591763,normal
job_000008,Bulgaria,354,17.7,monitoring,0.0,0.0,0.0,1.0,0.0,0.0,0.0,6,,0.0,0.35,0.0,35.0,21.835993185880753,normal
job_000008,Bulgaria,355,17.75,monitoring,0.0,0.0,0.0,1.0,0.0,0.0,0.0,6,,0.0,0.35,0.0,35.0,23.415674003575063,normal
job_000008,Bulgaria,356,17.8,monitoring,0.0,0.0,0.0,0.0,0.0,0.2777777777777778,0.0,6,,0.02777777777777778,0.0,0.05555555555555556,5.555555555555556,21.272459789812725,normal
job_000008,Bulgaria,357,17.85,monitoring,0.0,0.0,0.0,0.0,0.22022878795012452,0.2777777777777778,0.0,6,,0.02777777777777778,0.05505719698753113,0.05555555555555556,5.555555555555556,19.386431281701867,normal
job_000008,Bulgaria,358,17.9,monitoring,0.0,0.0,0.0,1.0,0.0,0.0,0.0,6,,0.0,0.35,0.0,35.0,21.260059527897642,normal
job_000008,Bulgaria,359,17.95,monitoring,0.0,0.0,0.0,1.0,0.0,0.2777777777777778,0.0,6,,0.02777777777777778,0.35,0.05555555555555556,35.0,22.908852384549924,normal
job_000008,Bulgaria,360,18.0,monitoring,0.0,0.0,0.0,1.0,0.0,0.2777777777777778,0.0,6,,0.02777777777777778,0.35,0.05555555555555556,35.0,24.359790098403934,normal
job_000008,Bulgaria,361,18.05,monitoring,0.0,0.0,0.0,1.0,0.15202561741700177,1.0,0.0,5,proximity,0.1,0.38800640435425043,0.2,38.800640435425045,26.092692138846466,normal
job_000008,Bulgaria,362,18.1,monitoring,0.0,0.0,0.0,1.0,0.0,0.2777777777777778,0.0,6,,0.02777777777777778,0.35,0.05555555555555556,35.0,27.16156908218489,normal
job_000008,Bulgaria,363,18.15,monitoring,0.0,0.21036855146762157,0.0,1.0,0.45722692094024686,1.0,0.0,5,proximity,0.16311056544028646,0.49586201295520493,0.23155528272014325,49.586201295520496,29.852524947785163,normal
job_000008,Bulgaria,364,18.2,monitoring,0.0,0.0,0.0,1.0,0.0,0.2777777777777778,0.0,6,,0.02777777777777778,0.35,0.05555555555555556,35.0,30.470221954050942,normal
job_000008,Bulgaria,365,18.25,monitoring,0.0,0.013651395442250518,0.0,1.0,0.26138270015408394,0.2777777777777778,0.0,6,,0.031873196410452935,0.4173933843548585,0.057603264871893135,41.73933843548585,31.82251593182313,normal
job_000008,Bulgaria,366,18.3,monitoring,0.0,0.0,0.0,1.0,0.46455212842904936,1.0,0.0,5,proximity,0.1,0.46613803210726235,0.2,46.61380321072623,33.5974704052915,normal
job_000008,Bulgaria,367,18.35,monitoring,0.0,0.07322183790067492,0.0,1.0,0.25746346471696263,0.2777777777777778,0.0,6,,0.04974432914798026,0.42534914186434186,0.06653883124065679,42.534914186434186,34.669963659028625,normal
job_000008,Bulgaria,368,18.4,monitoring,0.0,0.0,0.0,1.0,0.12699818296083024,1.0,0.0,5,proximity,0.1,0.38174954574020753,0.2,38.17495457402075,35.09056256882768,normal
job_000008,Bulgaria,369,18.45,monitoring,0.0,0.0,0.0,1.0,0.4258516879844395,1.0,0.0,5,proximity,0.1,0.4564629219961098,0.2,45.64629219961098,36.35725012452167,normal
job_000008,Bulgaria,370,18.5,monitoring,0.0,0.010120685505946723,0.0,0.0,0.16100049985922082,0.2777777777777778,0.0,6,,0.030813983429561796,0.041768227790697214,0.05707365838144757,5.7073658381447565,32.67926401015644,normal
job_000008,Bulgaria,371,18.55,monitoring,0.0,0.5,0.6042058800318546,1.0,0.0,0.2777777777777778,0.0,6,,0.3288292477857414,0.425,0.22118643756033374,42.5,33.857752328937664,normal
job_000008,Bulgaria,372,18.6,monitoring,0.0,0.12065091511349263,0.6042251809261726,0.0,0.0,0.2777777777777778,0.0,6,,0.21502934754336872,0.018097637267023892,0.16428696996150532,21.502934754336874,32.37517421998557,normal
job_000008,Bulgaria,373,18.65,monitoring,0.0,0.037366863817198136,0.6043741206356278,0.0,0.0,0.2777777777777778,0.0,6,,0.19008136708184417,0.00560502957257972,0.15181670322347945,19.008136708184416,30.77112971856943,normal
job_000008,Bulgaria,374,18.7,monitoring,0.0,0.08471463793668108,0.6039690931649028,1.0,0.15764768627141262,0.2777777777777778,0.0,6,,0.2041844424500078,0.4021191172583553,0.15885811522079313,40.21191172583553,31.90402355944136,normal
job_000008,Bulgaria,375,18.75,monitoring,0.0,0.33711632046649037,0.2938191855802493,1.0,0.0,0.0,0.0,6,,0.17458969253500944,0.4005674480699735,0.09464032590701094,40.05674480699735,32.88235010914808,normal
job_000008,Bulgaria,376,18.8,monitoring,0.0,0.060423436221003296,0.6028054203225912,1.0,0.0,0.2777777777777778,0.0,6,,0.19660616372472658,0.35906351543315046,0.15503988403709473,35.90635154331505,33.24523028124811,normal
job_000008,Bulgaria,377,18.85,monitoring,0.0,0.018229541291287683,0.6022271183758575,1.0,0.0,0.2777777777777778,0.0,6,,0.18380341975912848,0.35273443119369313,0.14862405450562735,35.27344311936931,33.488615821822656,normal
job_000008,Bulgaria,378,18.9,monitoring,0.0,0.0,0.6022590871795841,1.0,0.08091998952716871,0.2777777777777778,0.0,6,,0.17834254957267381,0.37022999738179213,0.14589441863249317,37.022999738179216,33.912741891785444,normal
job_000008,Bulgaria,379,18.95,monitoring,0.0,0.33796178999107956,0.6031269714410183,0.0,0.0,0.2777777777777778,0.0,6,,0.27994805763535624,0.05069426849866193,0.19671886977037023,27.994805763535624,33.202589556395466,normal
job_000008,Bulgaria,380,19.0,monitoring,0.0,0.0,0.6025322682179839,0.0,0.22070687986822393,0.2777777777777778,0.0,6,,0.17841084483227376,0.05517671996705598,0.14593539578825315,17.841084483227377,31.359208947615297,normal
job_000008,Bulgaria,381,19.05,monitoring,0.0,0.03319516456309118,0.6025734770844705,1.0,0.0,0.2777777777777778,0.0,6,,0.18837969641782276,0.35497927468446366,0.1509208518026898,35.49792746844636,31.855855170115028,normal
job_000008,Bulgaria,382,19.1,monitoring,0.0,0.0,0.6025196409661392,0.0,0.0,0.2777777777777778,0.0,6,,0.1784076880193126,0.0,0.14593350170047645,17.840768801931258,30.174044805932976,normal
job_000008,Bulgaria,383,19.15,monitoring,0.0,0.0681646546389398,0.602162881224792,1.0,0.0,0.2777777777777778,0.0,6,,0.19876789447565774,0.36022469819584096,0.15610468593511534,36.022469819584096,30.87585580757111,normal
job_000008,Bulgaria,384,19.2,monitoring,0.0,0.0,0.6036233988203573,0.0,0.10376061920022764,0.2777777777777778,0.0,6,,0.17868362748286712,0.02594015480005691,0.14609906537860914,17.86836274828671,29.314956640456984,normal
job_000008,Bulgaria,385,19.25,monitoring,0.0,0.0,0.6031228447836618,0.0,0.0,0.2777777777777778,0.0,6,,0.17855848897369325,0.0,0.14602398227310484,17.855848897369324,27.939863711286467,normal
job_000008,Bulgaria,386,19.3,monitoring,0.0,0.0,0.6029110872347426,1.0,0.0,0.2777777777777778,0.0,6,,0.17850554958646345,0.35,0.14599221864076695,35.0,28.78708006593209,normal
job_000008,Bulgaria,387,19.35,monitoring,0.0,0.0,0.6029151561066464,1.0,0.0,0.2777777777777778,0.0,6,,0.17850656680443938,0.35,0.14599282897155252,35.0,29.53263045802024,normal
job_000008,Bulgaria,388,19.4,monitoring,0.0,0.0,0.6039272460407302,1.0,0.0,0.2777777777777778,0.0,6,,0.17875958928796035,0.35,0.1461446424616651,35.0,30.18871480305781,normal
job_000008,Bulgaria,389,19.45,monitoring,0.0,0.0,0.6035075703880786,0.0,0.33311783790303684,0.2777777777777778,0.0,6,,0.17865467037479743,0.08327945947575921,0.14608169111376734,17.865467037479743,28.70992507118844,normal
job_000008,Bulgaria,390,19.5,monitoring,0.0,0.0,0.603545006389273,0.0,0.0,0.2777777777777778,0.0,6,,0.17866402937509604,0.0,0.1460873065139465,17.866402937509605,27.40870241514698,normal
job_000008,Bulgaria,391,19.55,monitoring,0.0,0.0,0.6033866405631645,1.0,0.0,0.2777777777777778,0.0,6,,0.1786244379185689,0.35,0.14606355164003024,35.0,28.31965812532934,normal
job_000008,Bulgaria,392,19.6,monitoring,0.0,0.0,0.6026300315552497,0.0,0.0,0.2777777777777778,0.0,6,,0.17843528566659023,0.0,0.14595006028884303,17.84352856665902,27.062522578288903,normal
job_000008,Bulgaria,393,19.65,monitoring,0.0,0.0,0.6028865924685549,0.0,0.0,0.2777777777777778,0.0,6,,0.17849942589491652,0.0,0.1459885444258388,17.84994258949165,25.957012979633234,normal
job_000008,Bulgaria,394,19.7,monitoring,0.0,0.0,0.2957546793159847,0.0,0.0,0.0,0.0,6,,0.07393866982899618,0.0,0.0443632018973977,7.393866982899618,23.7294354600252,normal
job_000008,Bulgaria,395,19.75,monitoring,0.0,0.2293749488089243,0.6043847742462072,1.0,0.0,0.2777777777777778,0.0,6,,0.2476864559820069,0.38440624232133863,0.18061951401382528,38.440624232133864,25.49477811267824,normal
job_000008,Bulgaria,396,19.8,monitoring,0.0,0.07273260746992229,0.6052596201740121,0.0,0.0,0.2777777777777778,0.0,6,,0.20091246506225752,0.010909891120488343,0.15725438970214572,20.09124650622575,24.84635431990394,normal
job_000008,Bulgaria,397,19.85,monitoring,0.0,0.0,0.6054834279536614,1.0,0.0,0.2777777777777778,0.0,6,,0.17914863476619314,0.35,0.14637806974860476,35.0,26.06479180151547,normal
job_000008,Bulgaria,398,19.9,monitoring,0.0,0.07196837216692424,0.6054532769535601,0.0,0.0,0.2777777777777778,0.0,6,,0.2007316086662451,0.010795255825038636,0.1571688029236282,20.07316086662451,25.34579608932855,normal
job_000008,Bulgaria,399,19.95,monitoring,0.0,0.2741277733725689,0.2973470104302313,1.0,0.0,0.0,0.0,6,,0.1565750846193285,0.3911191660058853,0.08572121757042003,39.11191660058853,26.997730550679748,normal
job_000009,Rwanda,0,0.0,calibration,0.0,0.0,0.05957014605915313,0.0,0.0,0.0,0.0,4,convergence;directional_coherence,0.014892536514788283,0.0,0.00893552190887297,1.4892536514788284,,calibrating
job_000009,Rwanda,1,0.03333333333333333,calibration,0.025795143618657233,0.07407407407407407,0.3155839723057767,0.0,0.0,0.0,0.0,6,,0.11014651556519643,0.017559897015775417,0.06360773568070906,11.014651556519643,,calibrating
job_000009,Rwanda,2,0.06666666666666667,calibration,0.0,0.09319161841807128,0.061629874779103026,0.0,0.0,0.0,0.0,6,,0.043364954220197136,0.01397874276271069,0.023223223979576144,4.336495422019714,,calibrating
job_000009,Rwanda,3,0.1,calibration,0.0,0.0,0.0,0.0,0.0,0.16440831074977408,0.0,6,,0.01644083107497741,0.0,0.03288166214995482,3.288166214995482,,calibrating
job_000009,Rwanda,4,0.13333333333333333,calibration,0.0,0.0,0.0,0.0,0.0,0.16440831074977408,0.0,6,,0.01644083107497741,0.0,0.03288166214995482,3.288166214995482,,calibrating
job_000009,Rwanda,5,0.16666666666666666,calibration,0.0,0.0,0.0,0.0,0.0,0.16440831074977408,0.0,6,,0.01644083107497741,0.0,0.03288166214995482,3.288166214995482,,calibrating
job_000009,Rwanda,6,0.2,calibration,0.0,0.01344325262007936,0.0,0.1886633534480641,0.0,0.16440831074977408,0.0,6,,0.02047380686100122,0.06804866159983433,0.03489815004296672,6.804866159983433,,calibrating
job_000009,Rwanda,7,0.23333333333333334,calibration,0.0,0.0,0.0,0.05380932930107269,0.0,0.16440831074977408,0.0,6,,0.01644083107497741,0.01883326525537544,0.03288166214995482,3.288166214995482,,calibrating
job_000009,Rwanda,8,0.26666666666666666,calibration,0.0,0.007023913280156654,0.0,0.0,0.0,0.16440831074977408,0.0,6,,0.018548005059024406,0.001053586992023498,0.03393524914197832,3.393524914197832,,calibrating
job_000009,Rwanda,9,0.3,calibration,0.0,0.0,0.0,0.0,0.0,0.16440831074977408,0.0,6,,0.01644083107497741,0.0,0.03288166214995482,3.288166214995482,,calibrating
job_000009,Rwanda,10,0.3333333333333333,calibration,0.0,0.0,0.0,0.0,0.0,0.16440831074977408,0.0,6,,0.01644083107497741,0.0,0.03288166214995482,3.288166214995482,,calibrating
job_000009,Rwanda,11,0.36666666666666664,calibration,0.0,0.0,0.0,0.0,0.0,0.16440831074977408,0.0,6,,0.01644083107497741,0.0,0.03288166214995482,3.288166214995482,,calibrating
job_000009,Rwanda,12,0.4,calibration,0.0,0.09899683820724205,0.0,0.0,0.0,0.16440831074977408,0.0,6,,0.046139882537150026,0.014849525731086307,0.04773118788104112,4.773118788104112,,calibrating
job_000009,Rwanda,13,0.43333333333333335,calibration,0.0,0.0,0.0,0.0,0.0,0.16440831074977408,0.0,6,,0.01644083107497741,0.0,0.03288166214995482,3.288166214995482,,calibrating
job_000009,Rwanda,14,0.4666666666666667,calibration,0.02265334580023168,0.26785024049821465,0.028809893506849996,1.0,0.2928494199285623,0.0,0.0,6,,0.09548621655625798,0.4690532275069307,0.04902968926080604,46.90532275069307,,calibrating
job_000009,Rwanda,15,0.5,calibration,0.0,0.006813909848760873,0.0,0.5971616377100201,0.0011965266024925368,0.16440831074977408,0.0,6,,0.01848500402960567,0.2103277913264443,0.03390374862726895,21.03277913264443,,calibrating
job_000009,Rwanda,16,0.5333333333333333,calibration,0.0,0.0,0.21862793184933904,0.005807273538513267,0.029139323283717905,0.36169828364950324,0.0,6,,0.0908268113272851,0.00931737655940912,0.10513384650730151,10.513384650730151,,calibrating
job_000009,Rwanda,17,0.5666666666666667,calibration,0.0,0.0,0.22573157843845962,0.19637933019873377,0.32700228587008545,0.36169828364950324,0.0,6,,0.09260272297456523,0.15048333703707817,0.10619939349566959,15.048333703707817,,calibrating
job_000009,Rwanda,18,0.6,calibration,0.0,0.0967866479200552,0.20973312875957403,0.0,0.3120308250835196,0.36169828364950324,0.0,6,,0.11763910493086041,0.09252570345888818,0.11831762323184504,11.831762323184504,,calibrating
job_000009,Rwanda,19,0.6333333333333333,calibration,0.0,0.0,0.32427148252984617,0.2225296673330179,0.09085466863195935,0.36169828364950324,0.0,6,,0.11723769899741188,0.1005990507245461,0.12098037910937759,12.098037910937759,,calibrating
job_000009,Rwanda,20,0.6666666666666666,calibration,0.0,0.1547424593351875,0.17374181469068503,0.15035983606864267,0.1652892944987929,0.36169828364950324,0.0,6,,0.12602801983817782,0.11715963514900127,0.12161229783378152,12.602801983817782,,calibrating
job_000009,Rwanda,21,0.7,calibration,0.0,0.0,0.1763627431544996,0.0,0.0,0.36169828364950324,0.0,6,,0.08026051415357523,0.0,0.0987940682030756,9.87940682030756,,calibrating
job_000009,Rwanda,22,0.7333333333333333,calibration,0.0,0.13772637587462122,0.4109213567589118,0.0,0.1450459439165005,0.16440831074977408,0.0,6,,0.16048908302709172,0.056920442360318305,0.11517882204498477,16.048908302709172,,calibrating
job_000009,Rwanda,23,0.7666666666666667,calibration,0.0,0.0,0.411846252544856,0.0,0.08235750883588397,0.0,0.0,6,,0.102961563136214,0.020589377208970992,0.0617769378817284,10.2961563136214,,calibrating
job_000009,Rwanda,24,0.8,calibration,0.0,0.5253411428460174,0.0,0.0,0.16527954810736725,0.0,0.0,6,,0.15760234285380523,0.12012105845374443,0.07880117142690261,15.760234285380523,,calibrating
job_000009,Rwanda,25,0.8333333333333334,calibration,0.0,0.18900601582486073,0.5805556512239753,0.0,0.4073499434702681,0.0,0.0,6,,0.20184071755345206,0.13018838824129614,0.11543425005732541,20.184071755345208,,calibrating
job_000009,Rwanda,26,0.8666666666666667,calibration,0.0,0.21182937829661985,0.3782622812124688,0.1774645613364137,0.3468752311975147,0.0,0.0,6,,0.15811438379210316,0.18060581101161644,0.0885137489263633,18.060581101161645,,calibrating
job_000009,Rwanda,27,0.9,calibration,0.06921948987811731,0.07407407407407407,0.03584619191385609,0.17036549599061465,0.0,0.0,0.0,6,,0.055410591658027294,0.08804390717735555,0.030331937873812984,8.804390717735554,,calibrating
job_000009,Rwanda,28,0.9333333333333333,calibration,0.05734360973246314,0.07407407407407407,0.03210518539429941,0.4142834039271165,0.08945649058003717,0.0,0.0,6,,0.050318781977159166,0.19281032756372696,0.02739561086674865,19.281032756372696,,calibrating
job_000009,Rwanda,29,0.9666666666666667,calibration,0.19544456431297683,0.30544183470926267,0.012227846793305307,0.0,0.17254087932707732,0.0,0.0,6,,0.16309510962064702,0.13781263611640293,0.08673936508798057,16.309510962064703,,calibrating
job_000009,Rwanda,30,1.0,calibration,0.19843171066169812,0.6481481481481481,0.008377750130860596,0.0,0.06591528385165654,0.0,0.0,6,,0.26598998070875396,0.1633089708505609,0.13816522687419092,26.598998070875396,,calibrating
job_000009,Rwanda,31,1.0333333333333334,calibration,0.26423858634671865,0.2786297839906491,0.20215353554955465,0.0,0.0,0.0,0.0,6,,0.2266108243059349,0.10785411418527702,0.12496521520037429,22.661082430593492,,calibrating
job_000009,Rwanda,32,1.0666666666666667,calibration,0.06304525678323421,0.11746000893144135,0.010734052590149494,0.4753310410558028,0.30790285053613986,0.0,0.0,6,,0.05998735570110175,0.2767218925390907,0.031838160584885464,27.672189253909067,,calibrating
job_000009,Rwanda,33,1.1,calibration,0.07069916070104151,0.07407407407407407,0.01641233882639685,0.10059440138928347,0.1004669849123158,0.0,0.0,6,,0.05107001317418596,0.08911068800069966,0.02771279407527894,8.911068800069966,,calibrating
job_000009,Rwanda,34,1.1333333333333333,calibration,0.055308970464228495,0.1287413575397611,0.0,0.0,0.23745288044303514,0.0,0.0,6,,0.05798054692440831,0.09250166635778007,0.030372997723809865,9.250166635778006,,calibrating
job_000009,Rwanda,35,1.1666666666666667,calibration,0.22519107300589888,0.14814814814814814,0.0,0.07608591648318493,0.013317279940696387,0.0,0.0,6,,0.12326131999650905,0.10847938122798575,0.06726043682340199,12.326131999650904,,calibrating
job_000009,Rwanda,36,1.2,calibration,0.2476849724500746,0.34666763326052186,0.00021825422039032893,0.3151433778410676,0.0,0.0,0.0,6,,0.19074459389078025,0.22422157034597057,0.10156987761215175,22.422157034597056,,calibrating
job_000009,Rwanda,37,1.2333333333333334,calibration,0.2476740195167506,0.14814814814814814,0.0,0.0,0.0,0.0,0.0,6,,0.13113035127530714,0.08414072710140988,0.07175702612557235,13.113035127530715,,calibrating
job_000009,Rwanda,38,1.2666666666666666,calibration,0.24365210667997125,0.21915141358427953,0.0,0.020924178140154022,0.0,0.0,0.0,6,,0.15102366141327378,0.10110920105668865,0.08160313337363619,15.102366141327378,,calibrating
job_000009,Rwanda,39,1.3,calibration,0.2469578921048613,0.14814814814814814,0.0,0.0,0.0,0.0,0.0,6,,0.1308797066811459,0.08396169524843755,0.07161380064319448,13.08797066811459,,calibrating
job_000009,Rwanda,40,1.3333333333333333,calibration,0.25172851514320593,0.23092429600827813,0.0,0.1864656453785842,0.0,0.0,0.0,6,,0.1573822691026055,0.16283374906954767,0.08498434742988291,16.283374906954766,,calibrating
job_000009,Rwanda,41,1.3666666666666667,calibration,0.2601557468805738,0.14814814814814814,0.0,0.0,0.09447463122591192,0.0,0.0,6,,0.13549895585264526,0.11087981674884365,0.07425337159833698,13.549895585264526,,calibrating
job_000009,Rwanda,42,1.4,calibration,0.12279675405963258,0.0,0.0,0.0,0.0,0.0,0.0,6,,0.0429788639208714,0.030699188514908146,0.02455935081192652,4.29788639208714,,calibrating
job_000009,Rwanda,43,1.4333333333333333,calibration,0.25844743855097496,0.14814814814814814,0.0,0.04952532175852808,0.021503501218894026,0.0,0.0,6,,0.1349010479372857,0.1095438197801743,0.07391170993241722,13.49010479372857,,calibrating
job_000009,Rwanda,44,1.4666666666666666,calibration,0.35636071093864985,0.2929103894741204,0.1811784993883563,0.3722637706275984,0.036598967340640706,0.0,0.0,6,,0.2578939905178526,0.2724687977106001,0.14238547551710146,27.246879771060012,,calibrating
job_000009,Rwanda,45,1.5,calibration,0.1774063549366702,0.14814814814814814,0.18318400974775736,0.027791604923931214,0.0,0.0,0.0,6,,0.15233267110921836,0.0763008726797657,0.08518109467171986,15.233267110921837,,calibrating
job_000009,Rwanda,46,1.5333333333333334,calibration,0.12757011971890278,0.15325217802889868,0.1657795858310139,0.27603936230084686,0.15147503200833215,0.0,0.0,6,,0.13207009176803905,0.18936289144143992,0.07336878852276744,18.93628914414399,,calibrating
job_000009,Rwanda,47,1.5666666666666667,calibration,0.30944776922392625,0.14814814814814814,0.16079471501772605,0.0,0.0,0.0,0.0,6,,0.1929498424272501,0.09958416452820379,0.1082309833196664,19.29498424272501,,calibrating
job_000009,Rwanda,48,1.6,calibration,0.08029337695983386,0.16651607365135052,0.0,0.03732661009849524,0.0,0.0,0.0,6,,0.07805750403134701,0.05811506882213438,0.04103608643966935,7.8057504031347005,,calibrating
job_000009,Rwanda,49,1.6333333333333333,calibration,0.027989564141759467,0.0,0.0,0.0,0.08702460784988329,0.0,0.0,6,,0.009796347449615812,0.02875354299791069,0.005597912828351894,2.875354299791069,,calibrating
job_000009,Rwanda,50,1.6666666666666667,calibration,0.0,0.3687445525591828,0.3428902431793755,0.22579138228937543,0.29014122375619766,0.0,0.0,6,,0.19634592656259872,0.20687397262420823,0.10674521936078374,20.687397262420824,,calibrating
job_000009,Rwanda,51,1.7,calibration,0.0,0.00694077529225338,0.2816016357238996,0.12555463902199324,0.4135263630871278,0.16440831074977408,0.0,6,,0.08892347259362832,0.14836683072331758,0.07616302380237777,14.836683072331757,,calibrating
job_000009,Rwanda,52,1.7333333333333334,calibration,0.0,0.3226092585834995,0.26849542348767014,0.5252464755388272,0.39371630596676066,0.16440831074977408,0.0,6,,0.18034746452194478,0.3306567317178046,0.12154736446063026,33.06567317178046,,calibrating
job_000009,Rwanda,53,1.7666666666666666,calibration,0.0,0.0,0.25450519013750844,0.08711785139207325,0.34074075775053425,0.16440831074977408,0.0,6,,0.08006712860935453,0.1156764374248592,0.07105744067058109,11.56764374248592,,calibrating
job_000009,Rwanda,54,1.8,calibration,0.0,0.07083077457940282,0.0,0.0,0.37911935239479094,0.36169828364950324,0.0,6,,0.05741906073877118,0.10540445428560816,0.08296427291681108,10.540445428560815,,calibrating
job_000009,Rwanda,55,1.8333333333333333,calibration,0.1567863389543726,0.0,0.0,0.16934148661622048,0.0,0.0,0.0,6,,0.05487521863403041,0.09846610505427031,0.03135726779087452,9.84661050542703,,calibrating
job_000009,Rwanda,56,1.8666666666666667,calibration,0.19491561453301595,0.2609459915869492,0.0,0.3442679957529582,0.0,0.0,0.0,6,,0.14650426256264032,0.20836460088483172,0.07812502164464558,20.83646008848317,,calibrating
job_000009,Rwanda,57,1.9,calibration,0.2867613606857358,0.07407407407407407,0.0,0.0,0.0,0.0,0.0,6,,0.12258869846222975,0.08280145128254507,0.06846338324825828,12.258869846222975,,calibrating
job_000009,Rwanda,58,1.9333333333333333,calibration,0.26941335104182546,0.17031247273817984,0.0,0.13283745549705994,0.0,0.0,0.0,6,,0.14538841468609284,0.13939331809515432,0.07942954111909208,14.538841468609284,,calibrating
job_000009,Rwanda,59,1.9666666666666666,calibration,0.021955550980344463,0.0,0.0,0.0,0.0,0.0,0.0,6,,0.007684442843120562,0.005488887745086116,0.004391110196068893,0.7684442843120561,,calibrating
job_000009,Rwanda,60,2.0,monitoring,0.3377822994633001,0.3994324188669469,0.0,0.0,0.0,0.0,0.0,6,,0.2380535304722391,0.14436043769586704,0.12747132272270206,23.80535304722391,23.80535304722391,normal
job_000009,Rwanda,61,2.033333333333333,monitoring,0.3184656543472566,0.14814814814814814,0.0,0.0,0.19382802595200863,0.0,0.0,6,,0.15590742346598424,0.15029564229703854,0.08591535309167353,15.590742346598423,22.81959976314885,normal
job_000009,Rwanda,62,2.066666666666667,monitoring,0.19078412930483019,0.12847021010025206,0.0,0.03810278100512653,0.13500285369558085,0.0,0.0,6,,0.10531550828676617,0.11405325061693486,0.05742735737600385,11.405325061693485,21.449886798974205,normal
job_000009,Rwanda,63,2.1,monitoring,0.2689445357160663,0.07407407407407407,0.0,0.0,0.11465055371097553,0.0,0.0,6,,0.11635280972284542,0.10700988346787157,0.06490001825432437,11.635280972284543,20.272134099771446,normal
job_000009,Rwanda,64,2.1333333333333333,monitoring,0.19598767769140807,0.07407407407407407,0.0,0.25364484637987356,0.01736582899930602,0.0,0.0,6,,0.09081790941421503,0.15322518401674537,0.05030864664939273,15.322518401674538,19.678180215999816,normal
job_000009,Rwanda,65,2.1666666666666665,monitoring,0.6237947907721278,0.14814814814814814,0.0,0.03580571838408954,0.0,0.0,0.0,6,,0.2627726212146892,0.19070292134968553,0.14698118037664779,26.27726212146892,20.470070044656108,normal
job_000009,Rwanda,66,2.2,monitoring,0.19610434374546898,0.07407407407407407,0.0,0.21351199984731542,0.0,0.0,0.0,6,,0.09085874253313636,0.13486639699403874,0.050331979860204906,13.486639699403874,19.63205840322584,normal
job_000009,Rwanda,67,2.2333333333333334,monitoring,0.1874345880763501,0.07407407407407407,0.0,0.042469943193487236,0.0,0.0,0.0,6,,0.08782432804894474,0.07283423824791917,0.04859802872638114,8.782432804894475,18.330103331426077,normal
job_000009,Rwanda,68,2.2666666666666666,monitoring,0.6523437147114776,0.37042742074434337,0.0,0.04310111855143986,0.0,0.0,0.0,6,,0.33944852637232015,0.23373543328252486,0.18603285605394704,33.94485263723202,20.20387324812279,normal
job_000009,Rwanda,69,2.3,monitoring,0.6772711514297589,0.1582517209994568,0.0,0.0,0.0,0.0,0.0,6,,0.2845204193002526,0.19305554600735825,0.15919198843587032,28.452041930025263,21.193653489951085,normal
job_000009,Rwanda,70,2.3333333333333335,monitoring,0.899412299390939,0.14814814814814814,0.009015626096895723,0.0,0.0,0.0,0.0,6,,0.361492655755497,0.24707529706995698,0.20345702601494442,36.1492655755497,22.98832694022292,normal
job_000009,Rwanda,71,2.3666666666666667,monitoring,0.8985550941355923,0.14814814814814814,0.007984670217586634,0.0,0.0,0.0,0.0,6,,0.3609348949462984,0.2468609957561203,0.2031309415819787,36.093489494629836,24.56094644675175,normal
job_000009,Rwanda,72,2.4,monitoring,0.9743211339716813,0.2222222222222222,0.0,0.22799259699008673,0.017457509866708375,0.0,0.0,6,,0.4076790635567551,0.36107540323946113,0.2281975601276696,40.76790635567551,26.5057816358226,normal
job_000009,Rwanda,73,2.433333333333333,monitoring,0.5427413638232597,0.14814814814814814,0.0,0.06515949099421306,0.0031484369302904134,0.0,0.0,6,,0.2344039217825853,0.1815004942585843,0.13077049498687415,23.440392178258527,26.13793490091491,normal
job_000009,Rwanda,74,2.466666666666667,monitoring,0.25160608846478044,0.07407407407407407,0.0,0.32432578393982986,0.06733238408788825,0.0,0.0,6,,0.11028435318489538,0.2043597536282187,0.061432328804067196,20.43597536282187,25.453699756343745,normal
job_000009,Rwanda,75,2.5,monitoring,0.25602736360440714,0.07407407407407407,0.0,0.02235411660699458,0.0,0.0,0.0,6,,0.1118317994837647,0.082941892824661,0.06231658383199254,11.18317994837647,23.741237379387673,normal
job_000009,Rwanda,76,2.533333333333333,monitoring,0.27652510018250825,0.23970511642925046,0.0,0.006200911157945337,0.030780580454625193,0.0,0.0,6,,0.16869531999265303,0.1149525065289518,0.09126078750088923,16.869531999265302,22.91663273377299,normal
job_000009,Rwanda,77,2.566666666666667,monitoring,0.570854355817203,0.2222222222222222,0.0,0.0,0.06815413060128468,0.0,0.0,6,,0.2664656912026877,0.19308545493795526,0.14750420449677393,26.646569120268772,23.36422510015248,normal
job_000009,Rwanda,78,2.6,monitoring,0.6729418502095416,0.46680804218244365,0.23739450601821177,0.039954300559024596,0.052589604194274,0.0,0.0,6,,0.4349206867326255,0.26538807512397905,0.24021875227200662,43.49206867326255,25.77956632892569,normal
job_000009,Rwanda,79,2.6333333333333333,monitoring,0.3960040859099145,0.14814814814814814,0.0,0.0,0.1454609624862154,0.0,0.0,6,,0.18304587451291449,0.1575884843212547,0.10142303940420513,18.30458745129145,24.88256886360958,normal
job_000009,Rwanda,80,2.6666666666666665,monitoring,0.38118990433536837,0.2785276044015176,0.0,0.0,0.0,0.0,0.0,6,,0.21697474783783421,0.13707661674406973,0.11801712152730132,21.69747478378342,24.500357574030442,normal
job_000009,Rwanda,81,2.7,monitoring,0.3708093491684459,0.14814814814814814,0.0,0.0,0.0,0.0,0.0,6,,0.17422771665340048,0.1149245595143337,0.09638409205591139,17.422771665340047,23.651047264987593,normal
job_000009,Rwanda,82,2.7333333333333334,monitoring,0.6404741601897865,0.29938302048757826,0.2455042031954646,0.1998032268495448,0.0,0.0,0.0,6,,0.37535691301156493,0.27495712251792404,0.20982791559041375,37.53569130115649,25.31720454932786,normal
job_000009,Rwanda,83,2.7666666666666666,monitoring,0.6387407202677097,0.2222222222222222,0.2431763801633531,0.0,0.0,0.0,0.0,6,,0.3510200138012033,0.19301851340026074,0.19755793441137823,35.10200138012033,26.491380169022957,normal
job_000009,Rwanda,84,2.8,monitoring,0.29782095273592046,0.2878059006101481,0.0,0.2797379450647864,0.0,0.0,0.0,6,,0.1905791036406166,0.21553440404817756,0.1027350756387063,21.553440404817756,25.898827397318335,normal
job_000009,Rwanda,85,2.8333333333333335,monitoring,0.5687806656635476,0.2222222222222222,0.1417699617791479,0.0,0.0,0.0,0.0,6,,0.3011823900936953,0.17552849974922022,0.16835496073291503,30.11823900936953,26.40515679076448,normal
job_000009,Rwanda,86,2.8666666666666667,monitoring,0.29158683070985913,0.2003038754242129,0.0,0.20580018722123308,0.0,0.0,0.0,6,,0.16214655337571454,0.1749723545185283,0.08836294745560377,17.49723545185283,25.336206230095083,normal
job_000009,Rwanda,87,2.9,monitoring,0.29054713145844624,0.14814814814814814,0.0,0.0,0.0,0.0,0.0,6,,0.14613594045490064,0.09485900508683379,0.08033164851391147,14.613594045490064,24.049492767942482,normal
job_000009,Rwanda,88,2.933333333333333,monitoring,0.5915413633367946,0.34672295934617514,0.1387768523560186,0.0,0.0,0.0,0.0,6,,0.3457505780607353,0.19989378473612493,0.191133244422688,34.57505780607353,25.31256057251821,normal
job_000009,Rwanda,89,2.966666666666667,monitoring,0.32173949350817854,0.14814814814814814,0.0,0.0,0.0,0.0,0.0,6,,0.15705326717230692,0.10265709559926686,0.08657012092385794,15.705326717230692,24.159692509883705,normal
job_000009,Rwanda,90,3.0,monitoring,0.32831670326422646,0.25571385576751215,0.0,0.014987816739433831,0.0,0.0,0.0,6,,0.19162500287273287,0.1256819900399853,0.10402041901797211,19.16250028727329,23.560029443170457,normal
job_000009,Rwanda,91,3.033333333333333,monitoring,0.6071624740166396,0.2222222222222222,0.14155570299416206,0.0,0.0,0.0,0.0,6,,0.314562458321031,0.18512395183749322,0.17599918358578556,31.456245832103104,24.507575409842374,normal
job_000009,Rwanda,92,3.066666666666667,monitoring,0.6959127018152653,0.14814814814814814,0.0,0.07880834077807582,0.0,0.0,0.0,6,,0.2880138900797873,0.2237833169483651,0.1614047625852753,28.801389007978727,25.02283304161874,normal
job_000009,Rwanda,93,3.1,monitoring,0.6929035470916058,0.14814814814814814,0.0,0.0,0.22850114101296834,0.0,0.0,6,,0.2869606859265065,0.2525733942483658,0.1608029316405434,28.696068592650647,25.463621307742567,normal
job_000009,Rwanda,94,3.1333333333333333,monitoring,0.5413506962432073,0.2700499113861562,0.28342807637250894,0.4096344510446428,0.35900193966603433,0.0,0.0,6,,0.34134473619409667,0.40896770355085876,0.19129183741244124,40.89677035508588,27.315599193423765,normal
job_000009,Rwanda,95,3.1666666666666665,monitoring,0.700709321269143,0.14814814814814814,0.0,0.0,0.28522183598458467,0.0,0.0,6,,0.28969270688864446,0.2687050115356541,0.16236408647605083,28.969270688864444,27.514039772876647,normal
job_000009,Rwanda,96,3.2,monitoring,0.32502092521552817,0.6277262820311598,0.003715896505181123,0.047274155826473256,0.042854984057012616,0.0,0.0,6,,0.30300418256107803,0.20267387416207477,0.15972051182355676,30.300418256107804,27.848405190864383,normal
job_000009,Rwanda,97,3.2333333333333334,monitoring,0.5976573952504766,0.3968808070875097,0.3511757637755907,0.005460372738462567,0.0,0.0,0.0,6,,0.41603827140781735,0.2108576003342075,0.23173996467956035,41.60382714078173,29.499055824854466,normal
job_000009,Rwanda,98,3.2666666666666666,monitoring,1.0,0.8703703703703703,0.39294576296678874,0.7873186516893333,0.16838612774663964,0.0,0.0,6,,0.7093475518528083,0.6982136155834822,0.38949742000057386,70.93475518528084,34.471339748105635,normal
job_000009,Rwanda,99,3.3,monitoring,1.0,0.816392761916465,0.3947632394576262,0.21951060395239347,0.33594083903267696,0.0,0.0,6,,0.6936086384393461,0.5332728354289766,0.3816734002061137,69.36086384393461,38.65808263960511,normal
job_000009,Rwanda,100,3.3333333333333335,monitoring,0.39535237278368135,0.0008083066684239522,0.0,0.0,0.04508172873047022,0.0,0.0,6,,0.13861582247481563,0.11022977137880148,0.07919172055699986,13.861582247481563,35.682502592550286,normal
job_000009,Rwanda,101,3.3666666666666667,monitoring,0.6062302394823896,0.4090924774715373,0.0,0.0,0.32151975826379087,0.0,0.0,6,,0.33490832706029755,0.2933013710572757,0.1826099195172085,33.49083270602976,35.41950220616782,normal
job_000009,Rwanda,102,3.4,monitoring,0.39428272745478354,0.0,0.0,0.0,0.06850774213935822,0.0,0.0,6,,0.13799895460917422,0.11569761739853544,0.07885654549095672,13.799895460917423,32.82514939673777,normal
job_000009,Rwanda,103,3.433333333333333,monitoring,0.4037291546046946,0.07407407407407407,0.0,0.0,0.0,0.0,0.0,6,,0.16352742633386533,0.11204339976228476,0.09185694203205004,16.352742633386534,30.848460585135623,normal
job_000009,Rwanda,104,3.466666666666667,monitoring,0.2591549763885477,0.0,0.0,0.0,0.0,0.16440831074977408,0.0,6,,0.10714507281096908,0.06478874409713692,0.08471265742766436,10.714507281096907,28.432386188650977,normal
job_000009,Rwanda,105,3.5,monitoring,0.2871009668427423,0.0,0.0,0.0,0.0,0.0,0.0,6,,0.1004853383949598,0.07177524171068557,0.05742019336854846,10.04853383949598,26.226323906752377,normal
job_000009,Rwanda,106,3.533333333333333,monitoring,0.5732472626429824,0.29025078018309175,0.0,0.0,0.050035973453645945,0.0,0.0,6,,0.2877117759799714,0.19935842605162085,0.15818706955606024,28.771177597997138,26.53170634970175,normal
job_000009,Rwanda,107,3.566666666666667,monitoring,0.7601893547614235,0.14814814814814814,0.0,0.0,0.0315770340403163,0.0,0.0,6,,0.31051071861094265,0.22016381942265717,0.17426009317450694,31.051071861094265,27.07403021106885,normal
job_000009,Rwanda,108,3.6,monitoring,0.3657266564033888,0.41724372177164026,0.0,0.3213624979122303,0.0,0.0,0.0,6,,0.25317744627267813,0.26649509663587384,0.1357318895464238,26.649509663587384,27.023087745371075,normal
job_000009,Rwanda,109,3.6333333333333333,monitoring,0.2832042789415064,0.06435434765065128,0.0,0.0,0.0,0.0,0.0,6,,0.11842780192472262,0.0804542218829743,0.06629400793589897,11.842780192472262,25.20145083902322,normal
job_000009,Rwanda,110,3.6666666666666665,monitoring,0.06608793229451179,0.20217309079741927,0.0,0.0,0.0,0.0,0.0,6,,0.08378270354230491,0.04684794669324084,0.04354355007851525,8.37827035423049,23.182669180848094,normal
job_000009,Rwanda,111,3.7,monitoring,0.06828864412169114,0.0,0.0,0.0,0.0,0.0,0.0,6,,0.023901025442591897,0.017072161030422785,0.013657728824338229,2.3901025442591894,20.687561184457426,normal
job_000009,Rwanda,112,3.7333333333333334,monitoring,0.36350894287354857,0.5740740740740741,0.0,0.4859231859644163,0.06845655317202956,0.0,0.0,6,,0.29945035222796423,0.36417560021005135,0.15881289968582082,36.41756002100514,22.57516104484315,normal
job_000009,Rwanda,113,3.7666666666666666,monitoring,0.33275321724349394,0.5601831918644703,0.0,0.2409204505181002,0.19148662163722616,0.0,0.0,6,,0.28451858359456395,0.2994095961811856,0.15057812222836933,29.940959618118562,23.4590568736362,normal
job_000009,Rwanda,114,3.8,monitoring,0.0,0.0,0.0,0.0,0.0,0.16440831074977408,0.0,6,,0.01644083107497741,0.0,0.03288166214995482,3.288166214995482,21.038549994599315,normal
job_000009,Rwanda,115,3.8333333333333335,monitoring,0.0,0.0,0.0,0.0,0.0,0.602830472749172,0.0,6,,0.060283047274917206,0.0,0.12056609454983441,12.056609454983441,19.96071712984541,normal
job_000009,Rwanda,116,3.8666666666666667,monitoring,0.0,0.029540166356732043,0.0,0.0,0.1129447327575398,0.602830472749172,0.0,6,,0.06914509718193682,0.032667208142894755,0.12499711950334422,12.499711950334422,19.065396508304094,normal
job_000009,Rwanda,117,3.9,monitoring,0.0,0.0,0.0,0.0,0.0,0.36169828364950324,0.0,6,,0.03616982836495033,0.0,0.07233965672990066,7.233965672990066,17.64562480806641,normal
job_000009,Rwanda,118,3.933333333333333,monitoring,0.0,0.2727553817845078,0.0,0.0,0.0,0.36169828364950324,0.0,6,,0.11799644290030267,0.04091330726767617,0.11325296399757682,11.799644290030267,16.944107145902073,normal
job_000009,Rwanda,119,3.966666666666667,monitoring,0.0,0.05570304733288664,0.0,0.0,0.02773796031457184,0.36169828364950324,0.0,6,,0.05288074256481632,0.015289947178575956,0.08069511382983366,8.069511382983366,15.879155654351829,normal
job_000009,Rwanda,120,4.0,monitoring,0.0,0.05402469455023232,0.0,0.0,0.0,0.36169828364950324,0.0,6,,0.052377236730020024,0.008103704182534848,0.08044336091243551,8.04433609124355,14.938977306778835,normal
job_000009,Rwanda,121,4.033333333333333,monitoring,0.0,0.06399615466337777,0.0,0.0,0.13009368243874855,0.16440831074977408,0.0,6,,0.035639677473990744,0.0421228438091938,0.04248108534946148,4.248108534946148,13.656073054158911,normal
job_000009,Rwanda,122,4.066666666666666,monitoring,0.0,0.4945938071986519,0.0,0.0,0.07124317243035547,0.0,0.0,6,,0.14837814215959558,0.09199986418738665,0.07418907107979779,14.837814215959558,13.79788199357499,normal
job_000009,Rwanda,123,4.1,monitoring,0.012463112814560254,0.1817552345811456,0.0,0.0,0.0,0.0,0.0,6,,0.058888659859439765,0.0303790633908119,0.02975590775008389,5.888865985943976,12.848800072659268,normal
job_000009,Rwanda,124,4.133333333333334,monitoring,0.1144094254713065,0.5395682457717705,0.0,0.0,0.0,0.0,0.0,6,,0.20191377264648844,0.1095375932335922,0.10381712196002688,20.191377264648843,13.729909335698018,normal
job_000009,Rwanda,125,4.166666666666667,monitoring,0.040886245099528894,0.07934668725169201,0.0,0.04637609295714121,0.0,0.0,0.0,6,,0.038114191960342714,0.038355196897635446,0.02007925210765958,3.8355196897635446,12.542582578185883,normal
job_000009,Rwanda,126,4.2,monitoring,0.027036946565563418,0.3569950038497838,0.0,0.6208210247380962,0.0,0.0,0.0,6,,0.11656143245288234,0.27759584587719205,0.058956639890580254,27.759584587719203,14.368622819329882,normal
job_000009,Rwanda,127,4.233333333333333,monitoring,0.0,0.0,0.0,0.0,0.0,0.16440831074977408,0.0,6,,0.01644083107497741,0.0,0.03288166214995482,3.288166214995482,13.038968026809755,normal
job_000009,Rwanda,128,4.266666666666667,monitoring,0.021429258962879543,0.13312315871360078,0.0,0.0,0.0,0.0,0.0,6,,0.04743718825108807,0.025325788547760002,0.024254325599616024,4.743718825108807,12.043538122605641,normal
job_000009,Rwanda,129,4.3,monitoring,0.0,0.14814814814814814,0.0,0.0,0.0,0.0,0.0,6,,0.04444444444444444,0.02222222222222222,0.02222222222222222,4.444444444444444,11.131646881226297,normal
job_000009,Rwanda,130,4.333333333333333,monitoring,0.0,0.18007345803175578,0.0,0.0,0.0,0.0,0.0,6,,0.054022037409526734,0.027011018704763367,0.027011018704763367,5.4022037409526735,10.444113704393462,normal
job_000009,Rwanda,131,4.366666666666666,monitoring,0.0,0.0,0.0,0.0,0.0,0.0,0.0,6,,0.0,0.0,0.0,0.0,9.190820059866248,normal
job_000009,Rwanda,132,4.4,monitoring,0.0,0.3458674642405707,0.0,0.0,0.02275834485968259,0.0,0.0,6,,0.1037602392721712,0.05756970585100625,0.0518801196360856,10.37602392721712,9.333044523948352,normal
job_000009,Rwanda,133,4.433333333333334,monitoring,0.0,0.021668498660981576,0.0,0.0,0.19324856244222274,0.0,0.0,6,,0.0065005495982944726,0.051562415409702925,0.0032502747991472363,5.156241540970292,8.831828165990984,normal
job_000009,Rwanda,134,4.466666666666667,monitoring,0.0,0.18132771031747827,0.0,0.0,0.30171704609298267,0.16440831074977408,0.0,6,,0.07083914417022089,0.10262841807086741,0.06008081869757656,10.26284180708674,9.003549802922475,normal
job_000009,Rwanda,135,4.5,monitoring,0.0,0.0,0.0,0.0,0.0,0.16440831074977408,0.0,6,,0.01644083107497741,0.0,0.03288166214995482,3.288166214995482,8.317703772371235,normal
job_000009,Rwanda,136,4.533333333333333,monitoring,0.0,0.1571349652010396,0.0,0.28612366664685057,0.0,0.0,0.0,6,,0.047140489560311874,0.12371352810655364,0.023570244780155937,12.371352810655365,8.804141656965331,normal
job_000009,Rwanda,137,4.566666666666666,monitoring,0.0007178212596713828,0.14814814814814814,0.0,0.026735761912889254,0.0,0.0,0.0,6,,0.04469568188532942,0.031759194206651305,0.022365786474156497,4.469568188532942,8.283992840753445,normal
job_000009,Rwanda,138,4.6,monitoring,0.06593335267133553,0.3076412823080693,0.010984025396298119,0.0,0.30835325607088304,0.0,0.0,6,,0.11811506447646275,0.13971784453176506,0.06098046668992222,13.971784453176506,8.966527834244213,normal
job_000009,Rwanda,139,4.633333333333334,monitoring,0.0,0.0,0.0,0.0,0.35525174520664726,0.0,0.0,6,,0.0,0.08881293630166182,0.0,8.881293630166182,8.95629972975485,normal
job_000009,Rwanda,140,4.666666666666667,monitoring,0.0,0.24978812187024227,0.0,0.0,0.40012439465989247,0.0,0.0,6,,0.07493643656107268,0.13749931694550946,0.03746821828053634,13.749931694550947,9.531535565530382,normal
job_000009,Rwanda,141,4.7,monitoring,0.0,0.1013588340937972,0.0,0.0,0.0,0.0,0.0,6,,0.030407650228139158,0.015203825114069579,0.015203825114069579,3.040765022813916,8.752643100404406,normal
job_000009,Rwanda,142,4.733333333333333,monitoring,0.2761367882296325,0.7222222222222222,0.015001539694574385,0.19038806810279654,0.0,0.0,0.0,6,,0.3170649274706816,0.2440033542267202,0.165810921933446,31.70649274706816,11.507105058004056,normal
job_000009,Rwanda,143,4.766666666666667,monitoring,0.26188474945154044,0.4284114658300916,0.0,0.0,0.0,0.12056609454983441,0.0,6,,0.23223971151205006,0.12973290723739883,0.14075188867478872,23.223971151205006,12.91312898918817,normal
job_000009,Rwanda,144,4.8,monitoring,0.13769380454322724,0.5740740740740741,0.0,0.06174841546384193,0.0,0.0,0.0,6,,0.22041505381235177,0.1421465076592626,0.11364987201975656,22.041505381235176,14.00853415623381,normal
job_000009,Rwanda,145,4.833333333333333,monitoring,0.19600159714672655,0.4774179355521438,0.0,0.0,0.0,0.0,0.0,6,,0.21182593966699742,0.1206130896195032,0.11081300976216688,21.18259396669974,14.869421333489722,normal
job_000009,Rwanda,146,4.866666666666666,monitoring,0.017450429176950954,0.45599097371039005,0.0,0.0,0.0,0.0,0.0,6,,0.14290494232504983,0.07276125335079624,0.07188873189194869,14.290494232504983,14.799950081371554,normal
job_000009,Rwanda,147,4.9,monitoring,0.0,0.048133322369836806,0.15758854588490104,0.0,0.02615785249858523,0.0,0.0,6,,0.0538371331821763,0.013759461480121828,0.030858280238210675,5.383713318217629,13.670001669793082,normal
job_000009,Rwanda,148,4.933333333333334,monitoring,0.0,0.21084292411338257,0.0,0.43450037490819066,0.21318151370433036,0.0,0.0,6,,0.06325287723401476,0.2369969482609567,0.03162643861700738,23.699694826095673,14.873564848549393,normal
job_000009,Rwanda,149,4.966666666666667,monitoring,0.0,0.0,0.0,0.10888716418640997,0.24280533160168136,0.0,0.0,6,,0.0,0.09881184036566382,0.0,9.881184036566381,14.274479151111432,normal
job_000009,Rwanda,150,5.0,monitoring,0.0,0.15966158100231725,0.3167192010218235,0.08618883154390124,0.0,0.0,0.0,6,,0.12707827455615106,0.05411532819071302,0.07145711730362111,12.707827455615107,14.086480947651873,normal
job_000009,Rwanda,151,5.033333333333333,monitoring,0.0,0.14814814814814814,0.3405815422127226,0.0,0.35828234172060663,0.0,0.0,6,,0.12958982999762508,0.11179280765237387,0.0733094535541306,12.958982999762508,13.95118119390515,normal
job_000009,Rwanda,152,5.066666666666666,monitoring,0.08869522190204354,0.37444781604835703,0.09462403410169677,0.0,0.0,0.0,0.0,6,,0.16703368100564653,0.07834097788276444,0.08809982190291678,16.703368100564653,14.28144362270429,normal
job_000009,Rwanda,153,5.1,monitoring,0.09272863040656205,0.14814814814814814,0.09587537397221076,0.0,0.0270619853415933,0.0,0.0,6,,0.10086830857979384,0.05216987615926106,0.05514925439936624,10.086830857979384,13.778090090937301,normal
job_000009,Rwanda,154,5.133333333333334,monitoring,0.1506251287295991,0.35990536683933183,0.0,0.17380221376186558,0.13178037142453528,0.0,0.0,6,,0.16069040510715923,0.1854179548810863,0.08411083077181959,18.54179548810863,14.34973473859786,normal
job_000009,Rwanda,155,5.166666666666667,monitoring,0.0,0.07407407407407407,0.0,0.0019072786432186273,0.0,0.0,0.0,6,,0.02222222222222222,0.01177865863623763,0.01111111111111111,2.222222222222222,12.894433236632782,normal
job_000009,Rwanda,156,5.2,monitoring,0.0,0.009483815249899897,0.0,0.3308959324082219,0.0,0.0,0.0,6,,0.002845144574969969,0.11723614863036265,0.0014225722874849846,11.723614863036264,12.7539350318012,normal
job_000009,Rwanda,157,5.233333333333333,monitoring,0.0,0.0,0.0,0.01410231929868106,0.0,0.0,0.0,6,,0.0,0.00493581175453837,0.0,0.493581175453837,11.282692569039517,normal
job_000009,Rwanda,158,5.266666666666667,monitoring,0.0,0.0,0.0,0.06200573279415225,0.0,0.0,0.0,6,,0.0,0.021702006477953287,0.0,2.170200647795329,10.189193538490215,normal
job_000009,Rwanda,159,5.3,monitoring,0.0,0.07407407407407407,0.0,0.0,0.0,0.0,0.0,6,,0.02222222222222222,0.01111111111111111,0.01111111111111111,2.222222222222222,9.233156980538055,normal
job_000009,Rwanda,160,5.333333333333333,monitoring,0.0,0.03093425346320053,0.0,0.0,0.0,0.0,0.0,6,,0.009280276038960159,0.004640138019480079,0.004640138019480079,0.9280276038960158,8.23654145534101,normal
job_000009,Rwanda,161,5.366666666666666,monitoring,0.0,0.0,0.0,0.0,0.0,0.0,0.0,6,,0.0,0.0,0.0,0.0,7.248156480700089,normal
job_000009,Rwanda,162,5.4,monitoring,0.0,0.0,0.0,0.0,0.0,0.0,0.0,6,,0.0,0.0,0.0,0.0,6.378377703016079,normal
job_000009,Rwanda,163,5.433333333333334,monitoring,0.32761103086210486,0.07407407407407407,0.13588654951884524,0.0,0.051818454675994864,0.0,0.0,6,,0.17085772040367023,0.10596848249563605,0.09701629971135887,17.085772040367022,7.663265023498191,normal
job_000009,Rwanda,164,5.466666666666667,monitoring,0.3296743756879512,0.07407407407407407,0.13588505639150966,0.0,0.0,0.0,0.0,6,,0.17157951781088254,0.09352970503309892,0.09742874470742781,17.157951781088254,8.802627434408999,normal
job_000009,Rwanda,165,5.5,monitoring,0.3343649518794123,0.07407407407407407,0.135895455461881,0.0,0.0,0.0,0.0,6,,0.17322381924548674,0.09470234908096418,0.09836841980627573,17.322381924548676,9.82499797322576,normal
job_000009,Rwanda,166,5.533333333333333,monitoring,0.3320024431085705,0.07407407407407407,0.1354640130274302,0.0,0.0,0.0,0.0,6,,0.17228908056707942,0.09411172188825374,0.09783120168693975,17.228908056707944,10.713467183243623,normal
job_000009,Rwanda,167,5.566666666666666,monitoring,0.0,0.0,0.0,0.0,0.0,0.0,0.0,6,,0.0,0.0,0.0,0.0,9.427851121254388,normal
job_000009,Rwanda,168,5.6,monitoring,0.17730627378573435,0.14814814814814814,0.0,0.0,0.0,0.0,0.0,6,,0.10650164026945146,0.06654879066865581,0.05768347697936909,10.650164026945145,9.574528669937278,normal
job_000009,Rwanda,169,5.633333333333334,monitoring,0.17046426975219103,0.14814814814814814,0.0,0.03747471047691007,0.0,0.0,0.0,6,,0.1041069388577113,0.0779544383271885,0.056315076172660426,10.41069388577113,9.67486849583734,normal
job_000009,Rwanda,170,5.666666666666667,monitoring,0.15399440992095426,0.3012253667348821,0.0,0.14700483011056573,0.0,0.0,0.0,6,,0.14426565349279863,0.13513409802916887,0.07598268699442318,14.426565349279862,10.245072118250441,normal
job_000009,Rwanda,171,5.7,monitoring,0.1881965372488832,0.07407407407407407,0.0,0.0,0.0,0.0,0.0,6,,0.08809101025933133,0.05816024542333191,0.04875041856088776,8.809101025933133,10.072755587172365,normal
job_000009,Rwanda,172,5.733333333333333,monitoring,0.0,0.0,0.0,0.0,0.0,0.0,0.0,6,,0.0,0.0,0.0,0.0,8.864024916711681,normal
job_000009,Rwanda,173,5.766666666666667,monitoring,0.0,0.0,0.0,0.0,0.0,0.0,0.0,6,,0.0,0.0,0.0,0.0,7.800341926706279,normal
job_000009,Rwanda,174,5.8,monitoring,0.5056465063229225,0.18920463151037542,0.0,0.3051239096454367,0.0,0.0,0.0,6,,0.2337376666661355,0.26158568968318974,0.12950999599114082,26.158568968318974,10.003329171699802,normal
job_000009,Rwanda,175,5.833333333333333,monitoring,0.5036384793019155,0.07407407407407407,0.0,0.0,0.040184654281229464,0.0,0.0,6,,0.19849568997789266,0.14706689450689733,0.11183880697149422,19.849568997789266,11.184877950830536,normal
job_000009,Rwanda,176,5.866666666666666,monitoring,0.49498810578936714,0.22417550595472738,0.0,0.0,0.0,0.0,0.0,6,,0.2404984888126967,0.1573733523405509,0.13262394705108255,24.04984888126967,12.728674462483234,normal
job_000009,Rwanda,177,5.9,monitoring,0.6515719393917162,0.14814814814814814,0.0,0.0,0.0,0.0,0.0,6,,0.2724946232315451,0.18511520707015128,0.15253661010056546,27.24946232315451,14.471169005763786,normal
job_000009,Rwanda,178,5.933333333333334,monitoring,0.430987702723855,0.31006137678703644,0.0,0.13105698175300695,0.10558751975417051,0.0,0.0,6,,0.24386410898946015,0.22652295575111425,0.13270674706282648,24.386410898946014,15.660998032945653,normal
job_000009,Rwanda,179,5.966666666666667,monitoring,0.5440895729649509,0.13781967351816352,0.0,0.0,0.24657674830893628,0.0,0.0,6,,0.23177725259318185,0.21833953134619632,0.1294908656207147,23.177725259318187,16.563005300110355,normal
job_000009,Rwanda,180,6.0,monitoring,0.0,0.09246987350428611,0.0,0.0,0.0,0.36169828364950324,0.0,6,,0.06391079041623615,0.013870481025642915,0.08621013775554356,8.621013775554356,15.609966317163636,normal
job_000009,Rwanda,181,6.033333333333333,monitoring,0.0,0.0,0.0,0.0,0.0,0.16440831074977408,0.0,6,,0.01644083107497741,0.0,0.03288166214995482,3.288166214995482,14.131350304903458,normal
job_000009,Rwanda,182,6.066666666666666,monitoring,0.02563687567593915,0.0031955652396053373,0.003870127472795345,0.0,0.04475371288931267,0.0,0.0,6,,0.01089910792665914,0.018076981927253755,0.006187229042047932,1.8076981927253755,12.65251205144209,normal
job_000009,Rwanda,183,6.1,monitoring,0.04569622582067574,0.0,0.00193949327249891,0.0,0.0,0.0,0.0,6,,0.016478552355361237,0.011424056455168936,0.009430169155009986,1.6478552355361238,11.331953233533373,normal
job_000009,Rwanda,184,6.133333333333334,monitoring,0.4170773388589333,0.5,0.0,0.20958975976014643,0.32793049462751755,0.0,0.0,6,,0.29597706860062667,0.334608374287664,0.15841546777178667,33.460837428766396,13.987419336961334,normal
job_000009,Rwanda,185,6.166666666666667,monitoring,0.41818100155576227,0.1826874667194522,0.0,0.0,0.2785238324525917,0.0,0.0,6,,0.20116959056035247,0.20157932851000632,0.1110393203190703,20.15793285100063,14.72788095864605,normal
job_000009,Rwanda,186,6.2,monitoring,0.9062673588268166,0.49488228435602144,0.0,0.03961914332085831,0.1690081485092871,0.0,0.0,6,,0.4656582608961922,0.3569179196497296,0.25548581441876655,46.56582608961922,18.54843437436283,normal
job_000009,Rwanda,187,6.233333333333333,monitoring,0.8842429978918874,0.1418145642409881,0.0,0.012786547247609532,0.053977021679641135,0.0,0.0,6,,0.352029418534457,0.2603024810656937,0.19812078421452572,35.2029418534457,20.546975271852777,normal
job_000009,Rwanda,188,6.266666666666667,monitoring,0.340408728474944,0.14686325563113334,0.1674953633617686,0.428903937572467,0.30575764694990176,0.0,0.0,6,,0.20507587249601256,0.33368746035124486,0.1152355385439241,33.36874603512449,22.085587763445382,normal
job_000009,Rwanda,189,6.3,monitoring,0.3243855011659679,0.0,0.15818483872125053,0.026367017722459453,0.12885251712972948,0.0,0.0,6,,0.1530811350884014,0.12253796077678517,0.08860482604138116,15.30811350884014,21.272290852892752,normal
job_000009,Rwanda,190,6.333333333333333,monitoring,0.0,0.10994667687991169,0.0,0.1835004599257343,0.0,0.16440831074977408,0.0,6,,0.049424834138950914,0.08071716250599376,0.04937366368194157,8.071716250599376,19.688221900617545,normal
job_000009,Rwanda,191,6.366666666666666,monitoring,0.0,0.0,0.0,0.07482785773779731,0.0,0.16440831074977408,0.0,6,,0.01644083107497741,0.026189750208229057,0.03288166214995482,3.288166214995482,17.720215218342897,normal
job_000009,Rwanda,192,6.4,monitoring,0.0,0.0791846165545932,0.0,0.8218325234750241,0.0,0.16440831074977408,0.0,6,,0.04019621604135537,0.2995190756994474,0.0447593546331438,29.95190756994474,19.18801830053512,normal
job_000009,Rwanda,193,6.433333333333334,monitoring,0.0,0.0,0.0,0.0,0.007021261211912869,0.0,0.0,6,,0.0,0.0017553153029782173,0.0,0.17553153029782173,16.906519888106644,normal
job_000009,Rwanda,194,6.466666666666667,monitoring,0.0,0.0,0.0,0.0,0.0,0.16440831074977408,0.0,6,,0.01644083107497741,0.0,0.03288166214995482,3.288166214995482,15.272317447333306,normal
job_000009,Rwanda,195,6.5,monitoring,0.0,0.0,0.0,0.0,0.0,0.16440831074977408,0.0,6,,0.01644083107497741,0.0,0.03288166214995482,3.288166214995482,13.834219299452768,normal
job_000009,Rwanda,196,6.533333333333333,monitoring,0.0,0.0,0.0,0.0,0.0,0.16440831074977408,0.0,6,,0.01644083107497741,0.0,0.03288166214995482,3.288166214995482,12.568692929317894,normal
job_000009,Rwanda,197,6.566666666666666,monitoring,0.0,0.0,0.0,0.0,0.0,0.16440831074977408,0.0,6,,0.01644083107497741,0.0,0.03288166214995482,3.288166214995482,11.455029723599205,normal
job_000009,Rwanda,198,6.6,monitoring,0.0,0.0,0.0,0.0,0.049769733227911866,0.0,0.0,6,,0.0,0.012442433306977967,0.0,1.2442433306977967,10.229735356451036,normal
job_000009,Rwanda,199,6.633333333333334,monitoring,0.0,0.0,0.0,0.0,0.0,0.0,0.0,6,,0.0,0.0,0.0,0.0,9.002167113676911,normal
job_000009,Rwanda,200,6.666666666666667,monitoring,0.05674887227353761,0.37928580932979783,0.0,0.4691047981399513,0.060096518743040686,0.0,0.0,6,,0.1336478480946775,0.2502908985025972,0.06824264585417719,25.029089850259723,10.925397842066848,normal
job_000009,Rwanda,201,6.7,monitoring,0.01007117862011049,0.06530180066498854,0.0,0.2067250612085221,0.4474042435906238,0.16440831074977408,0.0,6,,0.039556283791512645,0.1965178970754146,0.0446911679737252,19.651789707541457,11.972564865923802,normal
job_000009,Rwanda,202,6.733333333333333,monitoring,0.0,0.0,0.0,0.0,0.02867261058826118,0.36169828364950324,0.0,6,,0.03616982836495033,0.007168152647065295,0.07233965672990066,7.233965672990066,11.403932962771753,normal
job_000009,Rwanda,203,6.766666666666667,monitoring,0.0,0.0,0.0,0.0,0.0,0.16440831074977408,0.0,6,,0.01644083107497741,0.0,0.03288166214995482,3.288166214995482,10.430040953038601,normal
job_000009,Rwanda,204,6.8,monitoring,0.0,0.0,0.0,0.0,0.0,0.36169828364950324,0.0,6,,0.03616982836495033,0.0,0.07233965672990066,7.233965672990066,10.046511919432776,normal
job_000009,Rwanda,205,6.833333333333333,monitoring,0.0,0.0,0.0,0.0,0.0,0.36169828364950324,0.0,6,,0.03616982836495033,0.0,0.07233965672990066,7.233965672990066,9.709006369859651,normal
job_000009,Rwanda,206,6.866666666666666,monitoring,0.0,0.0,0.0,0.0,0.0,0.16440831074977408,0.0,6,,0.01644083107497741,0.0,0.03288166214995482,3.288166214995482,8.938505551275952,normal
job_000009,Rwanda,207,6.9,monitoring,0.0,0.0,0.0,0.0,0.0,0.16440831074977408,0.0,6,,0.01644083107497741,0.0,0.03288166214995482,3.288166214995482,8.260464830922295,normal
job_000009,Rwanda,208,6.933333333333334,monitoring,0.0,0.0,0.0,0.0,0.0,0.36169828364950324,0.0,6,,0.03616982836495033,0.0,0.07233965672990066,7.233965672990066,8.137284931970427,normal
job_000009,Rwanda,209,6.966666666666667,monitoring,0.0,0.0,0.0,0.0,0.0,0.36169828364950324,0.0,6,,0.03616982836495033,0.0,0.07233965672990066,7.233965672990066,8.028886620892784,normal
job_000009,Rwanda,210,7.0,monitoring,0.0,0.0,0.0,0.0,0.0,0.36169828364950324,0.0,6,,0.03616982836495033,0.0,0.07233965672990066,7.233965672990066,7.9334961071444585,normal
job_000009,Rwanda,211,7.033333333333333,monitoring,0.0,0.0,0.0,0.0,0.0,0.36169828364950324,0.0,6,,0.03616982836495033,0.0,0.07233965672990066,7.233965672990066,7.849552455045932,normal
job_000009,Rwanda,212,7.066666666666666,monitoring,0.0,0.034244272991882194,0.0,0.0,0.0,0.36169828364950324,0.0,6,,0.046443110262514985,0.005136640948782329,0.07747629767868298,7.747629767868299,7.837321732584615,normal
job_000009,Rwanda,213,7.1,monitoring,0.0,0.0,0.0,0.0,0.0,0.36169828364950324,0.0,6,,0.03616982836495033,0.0,0.07233965672990066,7.233965672990066,7.76491900543327,normal
job_000009,Rwanda,214,7.133333333333334,monitoring,0.0,0.0,0.0,0.0,0.0,0.36169828364950324,0.0,6,,0.03616982836495033,0.0,0.07233965672990066,7.233965672990066,7.701204605540085,normal
job_000009,Rwanda,215,7.166666666666667,monitoring,0.0,0.0,0.0,0.0,0.0,0.36169828364950324,0.0,6,,0.03616982836495033,0.0,0.07233965672990066,7.233965672990066,7.645135933634084,normal
job_000009,Rwanda,216,7.2,monitoring,0.0,0.0,0.0,0.0,0.0,0.602830472749172,0.0,6,,0.060283047274917206,0.0,0.12056609454983441,12.056609454983441,8.174512756196007,normal
job_000009,Rwanda,217,7.233333333333333,monitoring,0.0,0.0,0.0,0.0,0.0,0.602830472749172,0.0,6,,0.060283047274917206,0.0,0.12056609454983441,12.056609454983441,8.6403643600505,normal
job_000009,Rwanda,218,7.266666666666667,monitoring,0.0,0.0,0.0,0.0,0.0,0.16440831074977408,0.0,6,,0.01644083107497741,0.0,0.03288166214995482,3.288166214995482,7.998100582643898,normal
job_000009,Rwanda,219,7.3,monitoring,0.0,0.0,0.0,0.0,0.0,0.16440831074977408,0.0,6,,0.01644083107497741,0.0,0.03288166214995482,3.288166214995482,7.432908458526088,normal
job_000009,Rwanda,220,7.333333333333333,monitoring,0.0,0.034184561755718004,0.0,0.3657293824922852,0.0,0.36169828364950324,0.0,6,,0.04642519689166573,0.1331329681356575,0.07746734099325836,13.313296813565751,8.138555061130846,normal
job_000009,Rwanda,221,7.366666666666666,monitoring,0.0,0.0,0.0,0.0,0.0701125792388226,0.602830472749172,0.0,6,,0.060283047274917206,0.01752814480970565,0.12056609454983441,12.056609454983441,8.608721588393157,normal
job_000009,Rwanda,222,7.4,monitoring,0.5085692127799522,0.5740740740740741,0.0,0.0,0.0,0.0,0.0,6,,0.3502214466952055,0.21325341430609915,0.18782495366710156,35.02214466952055,11.778332358128445,normal
job_000009,Rwanda,223,7.433333333333334,monitoring,0.3406650987162064,0.15566150500958167,0.0,0.0,0.0,0.0,0.0,6,,0.16593123605354673,0.10851550043048885,0.09148224549467854,16.593123605354673,12.356107307795591,normal
job_000009,Rwanda,224,7.466666666666667,monitoring,0.0,0.0,0.0,0.0,0.0,0.0,0.0,6,,0.0,0.0,0.0,0.0,10.873374430860121,normal
job_000009,Rwanda,225,7.5,monitoring,0.0,0.07407407407407407,0.0,0.0,0.0,0.0,0.0,6,,0.02222222222222222,0.01111111111111111,0.01111111111111111,2.222222222222222,9.835236165823574,normal
job_000009,Rwanda,226,7.533333333333333,monitoring,0.0,0.0,0.0,0.0,0.0,0.0,0.0,6,,0.0,0.0,0.0,0.0,8.655007825924745,normal
job_000009,Rwanda,227,7.566666666666666,monitoring,0.0,0.0,0.0,0.0,0.0,0.0,0.0,6,,0.0,0.0,0.0,0.0,7.616406886813776,normal
job_000009,Rwanda,228,7.6,monitoring,0.0,0.07407407407407407,0.0,0.0,0.0,0.0,0.0,6,,0.02222222222222222,0.01111111111111111,0.01111111111111111,2.222222222222222,6.969104727062789,normal
job_000009,Rwanda,229,7.633333333333334,monitoring,0.0,0.07407407407407407,0.0,0.0,0.0,0.0,0.0,6,,0.02222222222222222,0.01111111111111111,0.01111111111111111,2.222222222222222,6.399478826481921,normal
job_000009,Rwanda,230,7.666666666666667,monitoring,0.0,0.0,0.0,0.05636270474868184,0.11614457418317337,0.16440831074977408,0.0,6,,0.01644083107497741,0.04876309020783198,0.03288166214995482,4.876309020783198,6.216698449798074,normal
job_000009,Rwanda,231,7.7,monitoring,0.0,0.0,0.0,0.0,0.0,0.36169828364950324,0.0,6,,0.03616982836495033,0.0,0.07233965672990066,7.233965672990066,6.338770516581114,normal
job_000009,Rwanda,232,7.733333333333333,monitoring,0.0,0.0,0.0,0.0,0.0,0.36169828364950324,0.0,6,,0.03616982836495033,0.0,0.07233965672990066,7.233965672990066,6.4461939353501885,normal
job_000009,Rwanda,233,7.766666666666667,monitoring,0.0,0.0,0.0,0.0,0.06089487437904451,0.16440831074977408,0.0,6,,0.01644083107497741,0.015223718594761128,0.03288166214995482,3.288166214995482,6.067230608907623,normal
job_000009,Rwanda,234,7.8,monitoring,0.0,0.0,0.0,0.0,0.08143043454446956,0.16440831074977408,0.0,6,,0.01644083107497741,0.02035760863611739,0.03288166214995482,3.288166214995482,5.733742881638166,normal
job_000009,Rwanda,235,7.833333333333333,monitoring,0.0,0.0,0.0,0.0,0.0,0.16440831074977408,0.0,6,,0.01644083107497741,0.0,0.03288166214995482,3.288166214995482,5.440273681641044,normal
job_000009,Rwanda,236,7.866666666666666,monitoring,0.0,0.0,0.0,0.0,0.0,0.0,0.0,6,,0.0,0.0,0.0,0.0,4.787440839844119,normal
job_000009,Rwanda,237,7.9,monitoring,0.0,0.07407407407407407,0.0,0.0,0.0,0.0,0.0,6,,0.02222222222222222,0.01111111111111111,0.01111111111111111,2.222222222222222,4.479614605729491,normal
job_000009,Rwanda,238,7.933333333333334,monitoring,0.0,0.0,0.0,0.15827883215664854,0.0,0.16440831074977408,0.0,6,,0.01644083107497741,0.05539759125482698,0.03288166214995482,5.539759125482698,4.606831948099876,normal
job_000009,Rwanda,239,7.966666666666667,monitoring,0.0,0.0,0.0,0.014523133310156693,0.0,0.16440831074977408,0.0,6,,0.01644083107497741,0.005083096658554842,0.03288166214995482,3.288166214995482,4.448592060127348,normal
job_000009,Rwanda,240,8.0,monitoring,0.0,0.0,0.0,0.0,0.0,0.16440831074977408,0.0,6,,0.01644083107497741,0.0,0.03288166214995482,3.288166214995482,4.309340958711524,normal
job_000009,Rwanda,241,8.033333333333333,monitoring,0.0,0.0,0.0,0.0,0.0,0.36169828364950324,0.0,6,,0.03616982836495033,0.0,0.07233965672990066,7.233965672990066,4.6602959244249496,normal
job_000009,Rwanda,242,8.066666666666666,monitoring,0.0,0.006273661786812875,0.0,0.04653984533016714,0.0,0.36169828364950324,0.0,6,,0.03805192690099419,0.01722999513358043,0.0732807059979226,7.32807059979226,4.980428885469027,normal
job_000009,Rwanda,243,8.1,monitoring,0.0,0.0,0.0,0.0,0.0,0.16440831074977408,0.0,6,,0.01644083107497741,0.0,0.03288166214995482,3.288166214995482,4.777357365012201,normal
job_000009,Rwanda,244,8.133333333333333,monitoring,0.0,0.08890547182864256,0.0,0.0,0.0,0.36169828364950324,0.0,6,,0.0628414699135431,0.013335820774296384,0.08567547750419705,8.567547750419704,5.2321802112611016,normal
job_000009,Rwanda,245,8.166666666666666,monitoring,0.0,0.0,0.0,0.0,0.0,0.36169828364950324,0.0,6,,0.03616982836495033,0.0,0.07233965672990066,7.233965672990066,5.472394466668578,normal
job_000009,Rwanda,246,8.2,monitoring,0.0,0.0,0.0,0.0,0.008105476390192358,0.36169828364950324,0.0,6,,0.03616982836495033,0.0020263690975480895,0.07233965672990066,7.233965672990066,5.683783011427157,normal
job_000009,Rwanda,247,8.233333333333333,monitoring,0.0,0.0,0.0,0.0,0.20073292749367339,0.36169828364950324,0.0,6,,0.03616982836495033,0.050183231873418346,0.07233965672990066,7.233965672990066,5.8698049308147064,normal
job_000009,Rwanda,248,8.266666666666667,monitoring,0.0,0.0,0.0,0.0,0.20757398514220196,0.36169828364950324,0.0,6,,0.03616982836495033,0.05189349628555049,0.07233965672990066,7.233965672990066,6.03350421987575,normal
job_000009,Rwanda,249,8.3,monitoring,0.0,0.0,0.0,0.0,0.0,0.36169828364950324,0.0,6,,0.03616982836495033,0.0,0.07233965672990066,7.233965672990066,6.177559594249469,normal
job_000009,Rwanda,250,8.333333333333334,monitoring,0.0,0.10622954543598032,0.0,0.0,0.0,0.602830472749172,0.0,6,,0.0921519109057113,0.015934431815397047,0.13650052636523147,13.650052636523146,7.07425875932231,normal
job_000009,Rwanda,251,8.366666666666667,monitoring,0.0,0.0,0.0,0.0,0.2753788908704336,0.602830472749172,0.0,6,,0.060283047274917206,0.0688447227176084,0.12056609454983441,12.056609454983441,7.672140842801646,normal
job_000009,Rwanda,252,8.4,monitoring,0.0,0.037768166296964986,0.0,0.014503061499097636,0.20739254956864384,0.36169828364950324,0.0,6,,0.047500278254039824,0.06258943386138988,0.0780048816744454,7.80048816744454,7.687542521758793,normal
job_000009,Rwanda,253,8.433333333333334,monitoring,0.0,0.0,0.0,0.0,0.03296959955272342,0.602830472749172,0.0,6,,0.060283047274917206,0.008242399888180854,0.12056609454983441,12.056609454983441,8.21183055374575,normal
job_000009,Rwanda,254,8.466666666666667,monitoring,0.0,0.0,0.0,0.0,0.0,0.602830472749172,0.0,6,,0.060283047274917206,0.0,0.12056609454983441,12.056609454983441,8.673204021894273,normal
job_000009,Rwanda,255,8.5,monitoring,0.0,0.0,0.0,0.0,0.022194713421442844,0.9042457091237583,0.0,6,,0.09042457091237584,0.005548678355360711,0.18084914182475167,18.084914182475167,9.80260924116398,normal
job_000009,Rwanda,256,8.533333333333333,monitoring,0.0,0.0,0.0,0.0,0.0,0.602830472749172,0.0,6,,0.060283047274917206,0.0,0.12056609454983441,12.056609454983441,10.073089266822315,normal
job_000009,Rwanda,257,8.566666666666666,monitoring,0.0,0.0,0.0,0.0,0.0,0.602830472749172,0.0,6,,0.060283047274917206,0.0,0.12056609454983441,12.056609454983441,10.311111689401649,normal
job_000009,Rwanda,258,8.6,monitoring,0.22434964300559657,0.0,0.14610665436067116,0.0,0.11126634688510817,0.16440831074977408,0.0,6,,0.131489869717104,0.08390399747267618,0.09966758890517481,13.1489869717104,10.6516567232787,normal
job_000009,Rwanda,259,8.633333333333333,monitoring,0.2293369419944375,0.0,0.1510315155662728,0.0,0.251498811817595,0.16440831074977408,0.0,6,,0.13446663966459874,0.12020893845300812,0.10140377788378324,13.446663966459873,10.98705759246044,normal
job_000009,Rwanda,260,8.666666666666666,monitoring,0.45451067536880363,0.4461506339392526,0.10915894705331691,0.110026271425494,0.0,0.0,0.0,6,,0.32021366332418627,0.21905945893201167,0.17419857222264612,32.02136633241863,13.511174641255423,normal
job_000009,Rwanda,261,8.7,monitoring,0.0,0.15565180433716444,0.0,0.0,0.10799693449449706,0.36169828364950324,0.0,6,,0.08286536966609966,0.05034700427419893,0.09568742738047532,9.568742738047533,13.038082812870476,normal
job_000009,Rwanda,262,8.733333333333333,monitoring,0.0,0.08664868854196828,0.0,0.0,0.18046551318200585,0.36169828364950324,0.0,6,,0.06216443492754081,0.0581136815767967,0.0853369600111959,8.533696001119589,12.49755639546037,normal
job_000009,Rwanda,263,8.766666666666667,monitoring,0.0,0.0,0.0,0.0,0.008160258145694895,0.36169828364950324,0.0,6,,0.03616982836495033,0.002040064536423724,0.07233965672990066,7.233965672990066,11.865925508763933,normal
job_000009,Rwanda,264,8.8,monitoring,0.03731914017061714,0.2689200187436343,0.0,0.05433594495173405,0.0,0.16440831074977408,0.0,6,,0.11017853575778369,0.06868536858730634,0.08068349299562338,11.01785357577837,11.764156876805664,normal
job_000009,Rwanda,265,8.833333333333334,monitoring,0.047363549658881246,0.11393901218263659,0.0,0.0,0.07108315699025844,0.16440831074977408,0.0,6,,0.06719977711037683,0.046702528489680414,0.05944522390912656,6.719977711037684,11.158855376913506,normal
job_000009,Rwanda,266,8.866666666666667,monitoring,0.0,0.0,0.0,0.0,0.0,0.36169828364950324,0.0,6,,0.03616982836495033,0.0,0.07233965672990066,7.233965672990066,10.687868612442692,normal
job_000009,Rwanda,267,8.9,monitoring,0.0,0.018904904860314133,0.0,0.0,0.15522803113640046,0.16440831074977408,0.0,6,,0.02211230253307165,0.041642743513147236,0.03571739787900194,4.164274351314724,9.905037301107336,normal
job_000009,Rwanda,268,8.933333333333334,monitoring,0.0,0.302665631274948,0.0,0.4603902350913153,0.0,0.36169828364950324,0.0,6,,0.12696951774743473,0.20653642697320254,0.11773950142114285,20.653642697320254,11.194869948652887,normal
job_000009,Rwanda,269,8.966666666666667,monitoring,0.0,0.03005899726915527,0.0,0.13267136536987972,0.0,0.36169828364950324,0.0,6,,0.04518752754569691,0.050943827469831185,0.07684850632027394,7.684850632027394,10.773667630657826,normal
job_000009,Rwanda,270,9.0,monitoring,0.0,0.09064984376552267,0.0,0.01343552971728425,0.0,0.602830472749172,0.0,6,,0.08747800040457401,0.018299911965877887,0.13416357111466282,13.416357111466281,11.090790368354842,normal
job_000009,Rwanda,271,9.033333333333333,monitoring,0.0,0.05146256337154983,0.0,0.0,0.07387085593727008,0.602830472749172,0.0,6,,0.07572181628638215,0.026187098490049993,0.1282854790555669,12.82854790555669,11.299321272819064,normal
job_000009,Rwanda,272,9.066666666666666,monitoring,0.0,0.21980381481671898,0.0,0.0,0.0,0.36169828364950324,0.0,6,,0.10211097280996603,0.03297057222250785,0.1053102289524085,10.53102289524085,11.207125467509679,normal
job_000009,Rwanda,273,9.1,monitoring,0.0,0.022895770176234113,0.0,0.0,0.0,0.36169828364950324,0.0,6,,0.04303855941782056,0.003434365526435117,0.07577402225633577,7.577402225633577,10.771558678484546,normal
job_000009,Rwanda,274,9.133333333333333,monitoring,0.0,0.07628289981654751,0.0,0.0,0.0,0.602830472749172,0.0,6,,0.08316791721988145,0.011442434972482126,0.13200852952231654,13.200852952231653,11.0630739913342,normal
job_000009,Rwanda,275,9.166666666666666,monitoring,0.0,0.0,0.0,0.0,0.20230284803957307,0.36169828364950324,0.0,6,,0.03616982836495033,0.05057571200989327,0.07233965672990066,7.233965672990066,10.603580993132903,normal
job_000009,Rwanda,276,9.2,monitoring,0.0,0.2891666866231331,0.0,0.2340663745021885,0.0,0.16440831074977408,0.0,6,,0.10319083706191734,0.12529823406923593,0.07625666514342477,12.529823406923594,10.834730082787786,normal
job_000009,Rwanda,277,9.233333333333333,monitoring,0.0,0.0648542175940339,0.0,0.0,0.0,0.36169828364950324,0.0,6,,0.0556260936431605,0.009728132639105084,0.08206778936900574,8.206778936900575,10.51937594528132,normal
job_000009,Rwanda,278,9.266666666666667,monitoring,0.0,0.5,0.0,0.13863530496413876,0.045089455132238394,0.36169828364950324,0.0,6,,0.18616982836495033,0.13479472052050817,0.14733965672990065,18.616982836495033,11.491088772226965,normal
job_000009,Rwanda,279,9.3,monitoring,0.0,0.0,0.0,0.0,0.14938367183571968,0.602830472749172,0.0,6,,0.060283047274917206,0.03734591795892992,0.12056609454983441,12.056609454983441,11.55895125415774,normal
job_000009,Rwanda,280,9.333333333333334,monitoring,0.0,0.18502608547407604,0.0,0.11336984430466014,0.2805636064171841,0.602830472749172,0.0,6,,0.11579087291714002,0.13757425993203848,0.1483200073709458,14.83200073709458,11.951717192110161,normal
job_000009,Rwanda,281,9.366666666666667,monitoring,0.0,0.038303278708809736,0.0,0.0,0.0,0.602830472749172,0.0,6,,0.07177403088756013,0.00574549180632146,0.12631158635615589,12.631158635615588,12.033250165330813,normal
job_000009,Rwanda,282,9.4,monitoring,0.0,0.29857102954842807,0.0,0.0,0.0,0.602830472749172,0.0,6,,0.14985435613944564,0.04478565443226421,0.16535174898209862,16.535174898209863,12.5734811332763,normal
job_000009,Rwanda,283,9.433333333333334,monitoring,0.0,0.0,0.0,0.0,0.0,0.602830472749172,0.0,6,,0.060283047274917206,0.0,0.12056609454983441,12.056609454983441,12.511456531881155,normal
job_000009,Rwanda,284,9.466666666666667,monitoring,0.0,0.20418522362192879,0.0,0.0,0.0,0.602830472749172,0.0,6,,0.12153861436149584,0.030627783543289315,0.15119387809312373,15.119387809312373,12.8244082851729,normal
job_000009,Rwanda,285,9.5,monitoring,0.0,0.18005563211581768,0.12596798410261595,0.0,0.0,0.36169828364950324,0.0,6,,0.12167851402534963,0.027008344817372652,0.11824319916266571,12.167851402534962,12.745621459256347,normal
job_000009,Rwanda,286,9.533333333333333,monitoring,0.0,0.5,0.0,0.03686081258325395,0.16184010385592804,0.16440831074977408,0.0,6,,0.1664408310749774,0.1283613103681209,0.10788166214995482,16.64408310749774,13.213436857045314,normal
job_000009,Rwanda,287,9.566666666666666,monitoring,0.0,0.5,0.0,0.0,0.24960975238448999,0.16440831074977408,0.0,6,,0.1664408310749774,0.1374024380961225,0.10788166214995482,16.64408310749774,13.625114407099606,normal
job_000009,Rwanda,288,9.6,monitoring,0.0,0.2970997774384155,0.3239515258207792,0.2671795662753759,0.0,0.602830472749172,0.0,6,,0.23040086196163664,0.1380778148121439,0.2137237900387136,23.040086196163664,14.754911021787294,normal
job_000009,Rwanda,289,9.633333333333333,monitoring,0.0,0.01489556236847921,0.0,0.0,0.16976088547087886,0.9042457091237583,0.0,6,,0.0948932396229196,0.044674555722991595,0.18308347618002355,18.308347618002355,15.181323413333102,normal
job_000009,Rwanda,290,9.666666666666666,monitoring,0.0,0.5,0.3930550796251368,0.0,0.3280037387646963,0.16440831074977408,0.0,6,,0.2647046009812616,0.15700093469117407,0.16683992409372533,26.470460098126157,16.53601981550827,normal
job_000009,Rwanda,291,9.7,monitoring,0.0,0.18207892939707337,0.017995504879588668,0.0,0.11260687125795966,0.0,0.0,6,,0.05912255503901918,0.05546355722405092,0.030011165141499305,5.912255503901918,15.261168098115506,normal
job_000009,Rwanda,292,9.733333333333333,monitoring,0.0,0.5,0.0,0.0,0.0938934907709939,0.16440831074977408,0.0,6,,0.1664408310749774,0.09847337269274847,0.10788166214995482,16.64408310749774,15.427117899241376,normal
job_000009,Rwanda,293,9.766666666666667,monitoring,0.0,0.5,0.0,0.0,0.31452324313421076,0.16440831074977408,0.0,6,,0.1664408310749774,0.15363081078355267,0.10788166214995482,16.64408310749774,15.57315372423214,normal
job_000009,Rwanda,294,9.8,monitoring,0.0,0.5,0.0,1.0,0.45690455393382445,0.16440831074977408,0.0,6,,0.1664408310749774,0.5392261384834561,0.10788166214995482,53.92261384834561,20.175088939125757,normal
job_000009,Rwanda,295,9.833333333333334,monitoring,0.0,0.5,0.0,1.0,0.4139191948748643,0.16440831074977408,0.0,6,,0.1664408310749774,0.5284797987187161,0.10788166214995482,52.84797987187161,24.09583585105526,normal
job_000009,Rwanda,296,9.866666666666667,monitoring,0.0,0.5,0.0,1.0,0.4951117789043924,0.16440831074977408,0.0,6,,0.1664408310749774,0.5487779447260981,0.10788166214995482,54.87779447260981,27.789670885641804,normal
job_000009,Rwanda,297,9.9,monitoring,0.0,0.5,0.0,1.0,0.4533386821273718,0.16440831074977408,0.0,6,,0.1664408310749774,0.5383346705318429,0.10788166214995482,53.83346705318429,30.914926425746902,normal
job_000009,Rwanda,298,9.933333333333334,monitoring,0.0,0.5,0.0,1.0,0.5100291244293923,0.36169828364950324,0.0,6,,0.18616982836495033,0.552507281107348,0.14733965672990065,55.250728110734805,33.83522262794545,normal
job_000009,Rwanda,299,9.966666666666667,monitoring,0.0,0.5,0.0,0.0,0.42809940872069935,0.36169828364950324,0.0,6,,0.18616982836495033,0.18202485218017483,0.14733965672990065,18.616982836495033,32.0090338529714,normal
job_000009,Rwanda,300,10.0,monitoring,0.0,0.011872990386156045,0.0,0.0,0.0,0.602830472749172,0.0,6,,0.06384494439076402,0.0017809485579234066,0.12234704310775782,12.234704310775783,29.636114307907924,normal
job_000009,Rwanda,301,10.033333333333333,monitoring,0.0,0.5,0.0,1.0,0.4457377290433592,0.36169828364950324,0.0,6,,0.18616982836495033,0.5364344322608398,0.14733965672990065,53.643443226083974,32.516993778089045,normal
job_000009,Rwanda,302,10.066666666666666,monitoring,0.0,0.5,0.0,1.0,0.46968156848390297,0.602830472749172,0.0,6,,0.2102830472749172,0.5424203921209757,0.19556609454983442,54.24203921209757,35.12399923017007,normal
job_000009,Rwanda,303,10.1,monitoring,0.0,0.5,0.0,0.0,0.3388734028217349,0.36169828364950324,0.0,6,,0.18616982836495033,0.15971835070543372,0.14733965672990065,18.616982836495033,33.143157262929066,normal
job_000009,Rwanda,304,10.133333333333333,monitoring,0.0,0.5,0.0,0.11702033873509785,0.1978141226651138,0.36169828364950324,0.0,6,,0.18616982836495033,0.1654106492235627,0.14733965672990065,18.616982836495033,31.400016331756984,normal
job_000009,Rwanda,305,10.166666666666666,monitoring,0.0,0.5,0.0,0.0,0.0,0.36169828364950324,0.0,6,,0.18616982836495033,0.075,0.14733965672990065,18.616982836495033,29.86605231232555,normal
job_000009,Rwanda,306,10.2,monitoring,0.0,0.19568185235605112,0.0,0.0,0.0,0.36169828364950324,0.0,6,,0.09487438407176566,0.029352277853407667,0.10169193458330833,10.169193458330833,27.502429249846184,normal
job_000009,Rwanda,307,10.233333333333333,monitoring,0.0,0.0,0.0,0.0,0.2866813024351417,0.0,0.0,6,,0.0,0.07167032560878543,0.0,7.1670325608785435,25.062181647170068,normal
job_000009,Rwanda,308,10.266666666666667,monitoring,0.0,0.5,0.0,0.0,0.0,0.0,0.0,6,,0.15,0.075,0.075,15.0,23.85471984950966,normal
job_000009,Rwanda,309,10.3,monitoring,0.0,0.5,0.0,0.0,0.2800514302874227,0.0,0.0,6,,0.15,0.14501285757185567,0.075,15.0,22.7921534675685,normal
job_000009,Rwanda,310,10.333333333333334,monitoring,0.0,0.5,0.0,0.0,0.0,0.0,0.0,6,,0.15,0.075,0.075,15.0,21.85709505146028,normal
job_000009,Rwanda,311,10.366666666666667,monitoring,0.0,0.5,0.0,0.0,0.269148142580669,0.0,0.0,6,,0.15,0.14228703564516726,0.075,15.0,21.03424364528505,normal
job_000009,Rwanda,312,10.4,monitoring,0.0,0.5,0.0,0.21526787238163544,0.030365290793795602,0.25835591689250226,0.0,6,,0.17583559168925023,0.1579350780320213,0.12667118337850045,17.58355916892502,20.620161508121843,normal
job_000009,Rwanda,313,10.433333333333334,monitoring,0.0,0.16547544704299036,0.0,0.0,0.11262558752130203,0.602830472749172,0.0,6,,0.1099256813878143,0.05297771393677406,0.14538741160628296,14.538741160628296,19.89039106642262,normal
job_000009,Rwanda,314,10.466666666666667,monitoring,0.0,0.5,0.0,0.0,0.0,0.25835591689250226,0.0,6,,0.17583559168925023,0.075,0.12667118337850045,17.58355916892502,19.613571238722905,normal
job_000009,Rwanda,315,10.5,monitoring,0.0,0.1784327666831919,0.0,0.0,0.30793961062538544,0.25835591689250226,0.0,6,,0.0793654216942078,0.10374981765882514,0.07843609838097924,10.374981765882515,18.504940501982055,normal
job_000009,Rwanda,316,10.533333333333333,monitoring,0.0,0.5,0.0,0.0,0.332752160351252,0.25835591689250226,0.0,6,,0.17583559168925023,0.158188040087813,0.12667118337850045,17.58355916892502,18.39437474201521,normal
job_000009,Rwanda,317,10.566666666666666,monitoring,0.0,0.21118537521664396,0.0,0.0,0.385243868944697,0.25835591689250226,0.0,6,,0.08919120425424341,0.12798877351867083,0.08334898966099705,12.798877351867082,17.722915055197433,normal
job_000009,Rwanda,318,10.6,monitoring,0.0,0.5,0.0,0.0,0.3271942396593768,0.25835591689250226,0.0,6,,0.17583559168925023,0.1567985599148442,0.12667118337850045,17.58355916892502,17.70619234884474,normal
job_000009,Rwanda,319,10.633333333333333,monitoring,0.0,0.22560925789502467,0.0,0.0,0.1704155696884962,0.25835591689250226,0.0,6,,0.09351836905775764,0.07644528110637774,0.08551257206275416,9.351836905775764,16.703669695676464,normal
job_000009,Rwanda,320,10.666666666666666,monitoring,0.0,0.5,0.0,0.0,0.20895711766185218,0.0,0.0,6,,0.15,0.12723927941546304,0.075,15.0,16.499229332195288,normal
job_000009,Rwanda,321,10.7,monitoring,0.0,0.21816319789786676,0.0,0.0,0.24392518066419883,0.0,0.0,6,,0.06544895936936003,0.09370577485072973,0.032724479684680015,9.370577485072973,15.64379111054061,normal
job_000009,Rwanda,322,10.733333333333333,monitoring,0.0,0.5,0.0,0.0,0.2765451140904731,0.25835591689250226,0.0,6,,0.17583559168925023,0.1441362785226183,0.12667118337850045,17.58355916892502,15.87656327754674,normal
job_000009,Rwanda,323,10.766666666666667,monitoring,0.0,0.24063378834635024,0.0,0.0,0.19719475336441317,0.25835591689250226,0.0,6,,0.0980257281931553,0.08539375659305583,0.08776625163045298,9.80257281931553,15.147684422558996,normal
job_000009,Rwanda,324,10.8,monitoring,0.0,0.5,0.0,0.0,0.2305990659195596,0.25835591689250226,0.0,6,,0.17583559168925023,0.1326497664798899,0.12667118337850045,17.58355916892502,15.43998939212292,normal
job_000009,Rwanda,325,10.833333333333334,monitoring,0.0,0.5,0.0,0.0,0.23998254817232612,0.0,0.0,6,,0.15,0.13499563704308154,0.075,15.0,15.387190665068168,normal
job_000009,Rwanda,326,10.866666666666667,monitoring,0.0,0.5,0.0,1.0,0.2650436599396912,0.0,0.0,6,,0.15,0.4912609149849228,0.075,49.12609149849228,19.43585876507906,normal
job_000009,Rwanda,327,10.9,monitoring,0.0,0.4191669607105462,0.0,0.0597515350871786,0.027011857489241613,0.0,0.0,6,,0.12575008821316386,0.09054104575940485,0.06287504410658193,12.575008821316386,18.612556771827542,normal
job_000009,Rwanda,328,10.933333333333334,monitoring,0.0,0.5,0.0,0.538795587233342,0.0,0.25835591689250226,0.0,6,,0.17583559168925023,0.2635784555316697,0.12667118337850045,26.35784555316697,19.541991425588275,normal
job_000009,Rwanda,329,10.966666666666667,monitoring,0.0,0.4670281680546226,0.0,0.0,0.0,0.25835591689250226,0.0,6,,0.165944042105637,0.07005422520819339,0.12172540858669384,16.594404210563702,19.188280959785327,normal
job_000009,Rwanda,330,11.0,monitoring,0.0,0.5,0.0,0.0,0.022728327078984523,0.25835591689250226,0.0,6,,0.17583559168925023,0.08068208176974613,0.12667118337850045,17.58355916892502,18.99571434488209,normal
job_000009,Rwanda,331,11.033333333333333,monitoring,0.0,0.5,0.0,0.11280830845131914,0.0,0.25835591689250226,0.0,6,,0.17583559168925023,0.1144829079579617,0.12667118337850045,17.58355916892502,18.82625572376724,normal
job_000009,Rwanda,332,11.066666666666666,monitoring,0.0,0.5,0.0,0.47831080094470835,0.0,0.0,0.0,6,,0.15,0.2424087803306479,0.075,24.24087803306479,19.476010400882945,normal
job_000009,Rwanda,333,11.1,monitoring,0.0,0.0849583153608839,0.0,0.4364657321311798,0.0,1.0,0.0,6,,0.12548749460826517,0.1655067535500455,0.2127437473041326,21.27437473041326,19.691814120426585,normal
job_000009,Rwanda,334,11.133333333333333,monitoring,0.0,0.36462211412050904,0.0,0.9022958298209947,0.0,1.0,0.0,6,,0.20938663423615272,0.37049685755542444,0.25469331711807636,37.04968575554244,21.774758716640488,normal
job_000009,Rwanda,335,11.166666666666666,monitoring,0.0,0.008345840781188947,0.0,0.4818566626130375,0.0,1.0,0.0,6,,0.10250375223435669,0.16990170803174146,0.20125187611717835,20.125187611717834,21.57681018404977,normal
job_000009,Rwanda,336,11.2,monitoring,0.0,0.2900170460786344,0.0,1.0,0.0,1.0,0.0,6,,0.1870051138235903,0.39350255691179514,0.24350255691179518,39.35025569117951,23.709623644905342,normal
job_000009,Rwanda,337,11.233333333333333,monitoring,0.0,0.0,0.0,0.6765736121799183,0.0,1.0,0.0,6,,0.1,0.2368007642629714,0.2,23.680076426297138,23.706077978672358,normal
job_000009,Rwanda,338,11.266666666666667,monitoring,0.0,0.22121615580996748,0.0,1.0,0.0,1.0,0.0,6,,0.16636484674299024,0.3831824233714951,0.23318242337149514,38.31824233714951,25.459537701689616,normal
job_000009,Rwanda,339,11.3,monitoring,0.0,0.0,0.0,0.8978592107650657,0.0,1.0,0.0,6,,0.1,0.31425072376777297,0.2,31.425072376777297,26.175401862700138,normal
job_000009,Rwanda,340,11.333333333333334,monitoring,0.0,0.1053034909637399,0.0,0.9055800091336785,0.0,0.602830472749172,0.0,6,,0.09187409456403918,0.3327485268413485,0.1363616181943954,33.27485268413485,27.027335961272303,normal
job_000009,Rwanda,341,11.366666666666667,monitoring,0.0,0.0,0.0,0.0268079400724028,0.0,1.0,0.0,6,,0.1,0.00938277902534098,0.2,20.0,26.184055645919624,normal
job_000009,Rwanda,342,11.4,monitoring,0.0,0.38821097377154645,0.0,0.6849168375921095,0.17236194184537598,0.25835591689250226,0.0,6,,0.14229888382071415,0.34104302468431424,0.10990282944423242,34.10430246843143,27.13448526462104,normal
job_000009,Rwanda,343,11.433333333333334,monitoring,0.0,0.0,0.0,0.0,0.05841247740303211,0.25835591689250226,0.0,6,,0.025835591689250228,0.014603119350758028,0.051671183378500456,5.167118337850045,24.498401233408522,normal
job_000009,Rwanda,344,11.466666666666667,monitoring,0.0,0.16736142150626793,0.0,0.11337430064851675,0.05372046444690671,0.0,0.0,6,,0.050208426451880374,0.07821533456464773,0.025104213225940187,7.821533456464773,22.497177100175275,normal
job_000009,Rwanda,345,11.5,monitoring,0.0,0.0,0.0,0.09670846954632319,0.07832406862627843,0.0,0.0,6,,0.0,0.05342898149778272,0.0,5.3428981497782715,20.438663626127635,normal
job_000009,Rwanda,346,11.533333333333333,monitoring,0.0,0.11585665648821752,0.0,0.31551522686123357,0.007927761737168236,0.0,0.0,6,,0.03475699694646526,0.12979076830895644,0.01737849847323263,12.979076830895645,19.543513210699796,normal
job_000009,Rwanda,347,11.566666666666666,monitoring,0.0,0.0,0.0,0.0,0.0947639297044287,0.25835591689250226,0.0,6,,0.025835591689250228,0.023690982426107177,0.051671183378500456,5.167118337850045,17.818345825957824,normal
job_000009,Rwanda,348,11.6,monitoring,0.0,0.11618418443429483,0.0,0.016992075652646627,0.0,0.0,0.0,6,,0.03485525533028845,0.023374854143570545,0.017427627665144226,3.485525533028845,16.098407390806347,normal
job_000009,Rwanda,349,11.633333333333333,monitoring,0.0,0.0,0.0,0.0,0.0,0.0,0.0,6,,0.0,0.0,0.0,0.0,14.166598503909585,normal
job_000009,Rwanda,350,11.666666666666666,monitoring,0.0,0.41435768489284697,0.0,0.0,0.22242733354980715,0.602830472749172,0.0,6,,0.1845903527427713,0.11776048612137882,0.18271974728376145,18.45903527427713,14.681690916353691,normal
job_000009,Rwanda,351,11.7,monitoring,0.0,0.5,0.0,0.0,0.15049473310590059,0.25835591689250226,0.0,6,,0.17583559168925023,0.11262368327647515,0.12667118337850045,17.58355916892502,15.029915106662251,normal
job_000009,Rwanda,352,11.733333333333333,monitoring,0.0,0.0,0.0,0.0,0.0,0.0,0.0,6,,0.0,0.0,0.0,0.0,13.22632529386278,normal
job_000009,Rwanda,353,11.766666666666667,monitoring,0.0,0.0,0.0,0.0,0.012817432049886885,0.25835591689250226,0.0,6,,0.025835591689250228,0.003204358012471721,0.051671183378500456,5.167118337850045,12.259220459141252,normal
job_000009,Rwanda,354,11.8,monitoring,0.0,0.0,0.0,0.013036942633978654,0.3045527257154892,0.25835591689250226,0.0,6,,0.025835591689250228,0.08070111135076483,0.051671183378500456,8.070111135076482,11.756527340253479,normal
job_000009,Rwanda,355,11.833333333333334,monitoring,0.0,0.0,0.0,0.0,0.04528396697327659,0.25835591689250226,0.0,6,,0.025835591689250228,0.011320991743319148,0.051671183378500456,5.167118337850045,10.965798259965068,normal
job_000009,Rwanda,356,11.866666666666667,monitoring,0.0,0.0,0.0,0.0,0.32427390985785237,0.25835591689250226,0.0,6,,0.025835591689250228,0.08106847746446309,0.051671183378500456,8.10684774644631,10.622724198342816,normal
job_000009,Rwanda,357,11.9,monitoring,0.0,0.0,0.0,0.0,0.0,0.602830472749172,0.0,6,,0.060283047274917206,0.0,0.12056609454983441,12.056609454983441,10.79479042913969,normal
job_000009,Rwanda,358,11.933333333333334,monitoring,0.0,0.0,0.0,0.0,0.0,0.602830472749172,0.0,6,,0.060283047274917206,0.0,0.12056609454983441,12.056609454983441,10.946208712240939,normal
job_000009,Rwanda,359,11.966666666666667,monitoring,0.0,0.0,0.0,0.0,0.0,0.602830472749172,0.0,6,,0.060283047274917206,0.0,0.12056609454983441,12.056609454983441,11.07945680137004,normal
job_000009,Rwanda,360,12.0,monitoring,0.0,0.0,0.0,0.0,0.0,1.0,0.0,6,,0.1,0.0,0.2,20.0,12.149921985205635,normal
job_000009,Rwanda,361,12.033333333333333,monitoring,0.0,0.0,0.0,0.0,0.0,1.0,0.0,6,,0.1,0.0,0.2,20.0,13.09193134698096,normal
job_000009,Rwanda,362,12.066666666666666,monitoring,0.0,0.0,0.0,0.0,0.19028654721478214,1.0,0.0,6,,0.1,0.047571636803695534,0.2,20.0,13.920899585343246,normal
job_000009,Rwanda,363,12.1,monitoring,0.0,0.0,0.0,0.0,0.0,1.0,0.0,6,,0.1,0.0,0.2,20.0,14.650391635102057,normal
job_000009,Rwanda,364,12.133333333333333,monitoring,0.0,0.0,0.0,0.0,0.0,1.0,0.0,6,,0.1,0.0,0.2,20.0,15.29234463888981,normal
job_000009,Rwanda,365,12.166666666666666,monitoring,0.0,0.011480727198378757,0.0,0.0,0.0,1.0,0.0,6,,0.10344421815951363,0.0017221090797568137,0.20172210907975682,20.172210907975682,15.877928591180115,normal
job_000009,Rwanda,366,12.2,monitoring,0.0,0.0,0.0,0.0,0.15565837688756454,1.0,0.0,6,,0.1,0.038914594221891134,0.2,20.0,16.3725771602385,normal
job_000009,Rwanda,367,12.233333333333333,monitoring,0.0,0.0,0.0,0.0,0.010515469741284703,1.0,0.0,6,,0.1,0.002628867435321176,0.2,20.0,16.807867901009878,normal
job_000009,Rwanda,368,12.266666666666667,monitoring,0.0,0.0,0.0,0.0,0.13483412011905616,0.9042457091237583,0.0,6,,0.09042457091237584,0.03370853002976404,0.18084914182475167,18.084914182475167,16.961113454785714,normal
job_000009,Rwanda,369,12.3,monitoring,0.0,0.09942696751081682,0.0,0.0,0.0,0.9042457091237583,0.0,6,,0.12025266116562089,0.014914045126622522,0.1957631869513742,19.57631869513742,17.27493808362792,normal
job_000009,Rwanda,370,12.333333333333334,monitoring,0.0,0.0,0.0,0.0,0.1449205460755322,0.36169828364950324,0.0,6,,0.03616982836495033,0.03623013651888305,0.07233965672990066,7.233965672990066,16.07002139435138,normal
job_000009,Rwanda,371,12.366666666666667,monitoring,0.0,0.0,0.0,0.0824920386229861,0.17519761097313852,0.9042457091237583,0.0,6,,0.09042457091237584,0.07267161626132976,0.18084914182475167,18.084914182475167,16.311808528926235,normal
job_000009,Rwanda,372,12.4,monitoring,0.0,0.0,0.0,0.0,0.0,0.602830472749172,0.0,6,,0.060283047274917206,0.0,0.12056609454983441,12.056609454983441,15.8011846400531,normal
job_000009,Rwanda,373,12.433333333333334,monitoring,0.0,0.33272380981727523,0.0,0.0,0.0,0.9042457091237583,0.0,6,,0.1902417138575584,0.049908571472591284,0.23075771329734296,23.075771329734295,16.674135042814843,normal
job_000009,Rwanda,374,12.466666666666667,monitoring,0.0,0.028047199378348164,0.0,0.2342813748295654,0.0,0.602830472749172,0.0,6,,0.06869720708842166,0.08620556109710012,0.12477317445658664,12.477317445658665,16.1705169311561,normal
job_000009,Rwanda,375,12.5,monitoring,0.0,0.04835743023158861,0.0,0.874857974586238,0.0,0.9042457091237583,0.0,6,,0.10493179998185242,0.3134539056399216,0.18810275635948998,31.345390563992158,17.991501767096427,normal
job_000009,Rwanda,376,12.533333333333333,monitoring,0.0,0.0,0.0,0.11440033729409158,0.0,0.602830472749172,0.0,6,,0.060283047274917206,0.04004011805293205,0.12056609454983441,12.056609454983441,17.27931468964287,normal
job_000009,Rwanda,377,12.566666666666666,monitoring,0.0,0.1559433455176632,0.0,0.31047141269113765,0.0,0.602830472749172,0.0,6,,0.10706605093021616,0.13205649626954766,0.1439575963774839,14.39575963774839,16.933288083415533,normal
job_000009,Rwanda,378,12.6,monitoring,0.0,0.001056660008742886,0.0,0.11117096735810311,0.0,0.602830472749172,0.0,6,,0.06060004527754007,0.039068337576647516,0.12072459355114584,12.072459355114585,16.349988636019418,normal
job_000009,Rwanda,379,12.633333333333333,monitoring,0.0,0.35854946837741125,0.0,0.45111548770345883,0.0,0.9042457091237583,0.0,6,,0.19798941142559923,0.2116728409528223,0.23463156208136338,23.463156208136336,17.203568744673447,normal
job_000009,Rwanda,380,12.666666666666666,monitoring,0.0,0.0042766568011944625,0.0,0.030035154891280277,0.0,0.9042457091237583,0.0,6,,0.09170756795273417,0.011153802732127266,0.18149064034493084,18.149064034493083,17.317028179451803,normal
job_000009,Rwanda,381,12.7,monitoring,0.0,0.3275294346715442,0.0,0.5284147899112394,0.0,0.9042457091237583,0.0,6,,0.1886834013138391,0.2340745916696654,0.2299785570254833,23.40745916696654,18.04787989795357,normal
job_000009,Rwanda,382,12.733333333333333,monitoring,0.0,0.0,0.0,0.11801300759286112,0.0,0.602830472749172,0.0,6,,0.060283047274917206,0.04130455265750139,0.12056609454983441,12.056609454983441,17.328927444797156,normal
job_000009,Rwanda,383,12.766666666666667,monitoring,0.0,0.037844047387983235,0.0,0.5276192229506091,0.0,0.602830472749172,0.0,6,,0.07163626149131218,0.19034333514091067,0.1262427016580319,19.034333514091067,17.533576173112426,normal
job_000009,Rwanda,384,12.8,monitoring,0.0,0.0,0.0,0.0,0.0,0.602830472749172,0.0,6,,0.060283047274917206,0.0,0.12056609454983441,12.056609454983441,16.87634016693695,normal
job_000009,Rwanda,385,12.833333333333334,monitoring,0.0,0.0,0.0,0.0,0.0,0.9042457091237583,0.0,6,,0.09042457091237584,0.0,0.18084914182475167,18.084914182475167,17.021369048801535,normal
job_000009,Rwanda,386,12.866666666666667,monitoring,0.0,0.0,0.0,0.0,0.0,0.602830472749172,0.0,6,,0.060283047274917206,0.0,0.12056609454983441,12.056609454983441,16.425597897543366,normal
job_000009,Rwanda,387,12.9,monitoring,0.0,0.08072337641306436,0.0,0.0,0.0,1.0,0.0,6,,0.12421701292391932,0.012108506461959654,0.21210850646195967,21.210850646195965,16.999828227381677,normal
job_000009,Rwanda,388,12.933333333333334,monitoring,0.0,0.0014050654889355674,0.0,0.0,0.1497553793843896,0.9042457091237583,0.0,6,,0.09084609055905651,0.03764960466943774,0.18105990164809202,18.105990164809203,17.13256765987298,normal
job_000009,Rwanda,389,12.966666666666667,monitoring,0.0,0.0,0.0,0.0,0.0,1.0,0.0,6,,0.1,0.0,0.2,20.0,17.47665954068822,normal
job_000009,Rwanda,390,13.0,monitoring,0.0,0.0,0.0,0.0,0.0,0.602830472749172,0.0,6,,0.060283047274917206,0.0,0.12056609454983441,12.056609454983441,16.826253530403648,normal
job_000009,Rwanda,391,13.033333333333333,monitoring,0.0,0.024522171020162842,0.0,0.0,0.0,0.9042457091237583,0.0,6,,0.0977812222184247,0.0036783256530244263,0.1845274674777761,18.45274674777761,17.021432716488523,normal
job_000010,Rwanda,0,0.0,calibration,0.29210355631311485,0.0,0.047484245152211405,0.0,0.0,0.9027777777777786,0.0,4,convergence;directional_coherence,0.20438508377542092,0.07302588907827871,0.2460989035910104,24.609890359101037,,calibrating
job_000010,Rwanda,1,0.03333333333333333,calibration,0.017745652242750532,0.1111111111111111,0.03315314293448656,0.09814236304900406,0.0,0.28373015873015883,0.0,6,,0.07620561322493355,0.055452906794505714,0.08193480030142153,8.193480030142153,,calibrating
job_000010,Rwanda,2,0.06666666666666667,calibration,0.0,0.06662572832980075,0.22617543828788866,0.0,0.0,0.0,0.0,6,,0.07653157807091239,0.009993859249470112,0.04392017499265341,7.653157807091239,,calibrating
job_000010,Rwanda,3,0.1,calibration,0.0,0.0,0.2253691400974513,0.007445753430574195,0.11682287903419718,0.0,0.0,6,,0.05634228502436282,0.031811733459250265,0.03380537101461769,5.634228502436282,,calibrating
job_000010,Rwanda,4,0.13333333333333333,calibration,0.0,0.0,0.217921398494008,0.0,0.0,0.0,0.0,6,,0.054480349623502,0.0,0.032688209774101196,5.448034962350199,,calibrating
job_000010,Rwanda,5,0.16666666666666666,calibration,0.0,0.0,0.014495462849074936,0.0,0.0,0.18055555555555552,0.0,6,,0.021679421267824288,0.0,0.038285430538472345,3.8285430538472345,,calibrating
job_000010,Rwanda,6,0.2,calibration,0.0,0.0,0.2131722058067593,0.10738822912443892,0.0,0.0,0.0,6,,0.053293051451689825,0.03758588019355362,0.0319758308710139,5.329305145168982,,calibrating
job_000010,Rwanda,7,0.23333333333333334,calibration,0.0,0.0,0.21372485911609743,0.07597680020405068,0.07113150792856109,0.0,0.0,6,,0.05343121477902436,0.044374757053558006,0.032058728867414614,5.343121477902436,,calibrating
job_000010,Rwanda,8,0.26666666666666666,calibration,0.2557160222616051,0.32355005602557085,0.0,0.0,0.0,0.0,0.0,6,,0.18656562459923304,0.1124615139692369,0.09967571285615665,18.656562459923304,,calibrating
job_000010,Rwanda,9,0.3,calibration,0.09881318369059677,0.36936669461918703,0.41688435020563425,0.0,0.26127625296797446,0.13240740740740747,0.0,6,,0.2628564509696143,0.14542736335752088,0.16418177494332403,26.28564509696143,,calibrating
job_000010,Rwanda,10,0.3333333333333333,calibration,0.1852040841172141,0.05555555555555555,0.0006422617140474788,0.0,0.22449042355849377,0.4583333333333338,0.0,6,,0.12748199486953685,0.1107569602522603,0.13713715608055005,13.713715608055004,,calibrating
job_000010,Rwanda,11,0.36666666666666664,calibration,0.0,0.11197526008054141,0.0,0.09456823744116644,0.3919027925672696,0.0,0.0,6,,0.03359257802416242,0.14787087025830686,0.01679628901208121,14.787087025830687,,calibrating
job_000010,Rwanda,12,0.4,calibration,0.0,0.118783171346015,0.0,0.0,0.343675226249432,0.0,0.0,6,,0.0356349514038045,0.10373628226426024,0.01781747570190225,10.373628226426025,,calibrating
job_000010,Rwanda,13,0.43333333333333335,calibration,0.0,0.0,0.01281379279325875,0.0,0.18317107423710643,0.0,0.0,6,,0.0032034481983146874,0.04579276855927661,0.0019220689189888124,4.579276855927661,,calibrating
job_000010,Rwanda,14,0.4666666666666667,calibration,0.0,0.3331609489770604,0.0,0.0,0.0,0.9027777777777786,0.0,6,,0.19022606247089596,0.04997414234655906,0.23052969790211478,23.052969790211478,,calibrating
job_000010,Rwanda,15,0.5,calibration,0.0,0.07011408128911532,0.0,0.0,0.2408034488495841,0.9027777777777786,0.0,6,,0.11131200216451245,0.07071797440576333,0.191072667748923,19.107266774892302,,calibrating
job_000010,Rwanda,16,0.5333333333333333,calibration,0.0,0.0,0.0,0.0,0.30776455449750606,0.9027777777777786,0.0,6,,0.09027777777777786,0.07694113862437651,0.18055555555555572,18.05555555555557,,calibrating
job_000010,Rwanda,17,0.5666666666666667,calibration,0.24015443318080196,0.13714874754996212,0.0,0.3765114236587025,0.0825073817428035,0.0,0.0,6,,0.12519867587826933,0.23301676414394154,0.06860319876865471,23.301676414394155,,calibrating
job_000010,Rwanda,18,0.6,calibration,0.4055805527573094,0.21356875811679038,0.01395563242924937,1.0,0.0,0.0,0.0,6,,0.20951272900740772,0.48343045190684586,0.11524476913336786,48.343045190684585,,calibrating
job_000010,Rwanda,19,0.6333333333333333,calibration,0.0,0.0,0.0,0.09850125581472258,0.0,0.0,0.0,6,,0.0,0.0344754395351529,0.0,3.44754395351529,,calibrating
job_000010,Rwanda,20,0.6666666666666666,calibration,0.34469948648637533,0.13486388841462885,0.0,1.0,0.0,0.0,0.0,6,,0.16110398679462,0.4564044548837881,0.0891694805594694,45.64044548837881,,calibrating
job_000010,Rwanda,21,0.7,calibration,0.0,0.0,0.0,0.4738777861078314,0.0,0.0,0.0,6,,0.0,0.16585722513774098,0.0,16.585722513774098,,calibrating
job_000010,Rwanda,22,0.7333333333333333,calibration,0.0,0.0,0.0,0.14416026449566907,0.0,0.0,0.0,6,,0.0,0.05045609257348417,0.0,5.045609257348417,,calibrating
job_000010,Rwanda,23,0.7666666666666667,calibration,0.09978981540136174,0.0,0.0,0.4545504086890104,0.0,0.0,0.0,6,,0.03492643539047661,0.1840400968914941,0.01995796308027235,18.404009689149408,,calibrating
job_000010,Rwanda,24,0.8,calibration,0.5657702526422282,0.0,0.0,0.0,0.0,0.0,0.0,6,,0.19801958842477987,0.14144256316055706,0.11315405052844565,19.801958842477987,,calibrating
job_000010,Rwanda,25,0.8333333333333334,calibration,0.6280000868736627,0.05555555555555555,0.07155573630005199,0.0,0.0408427012744287,0.0,0.0,6,,0.2543556311474616,0.17554403037035618,0.1446667111530737,25.435563114746163,,calibrating
job_000010,Rwanda,26,0.8666666666666667,calibration,0.5575068096447962,0.0,0.0,0.06507615357083184,0.0,0.0,0.0,6,,0.19512738337567864,0.1621533561609902,0.11150136192895924,19.512738337567864,,calibrating
job_000010,Rwanda,27,0.9,calibration,0.2040283660181074,0.14472464566485965,0.0544924674368709,0.11308743561693657,0.0,0.0,0.0,6,,0.1284504386650132,0.11229639082018358,0.07068824016888106,12.845043866501321,,calibrating
job_000010,Rwanda,28,0.9333333333333333,calibration,0.10334296866706555,0.008295279860067608,0.0,0.0,0.0,0.0,0.0,6,,0.038658622991493224,0.02708003414577653,0.021912885712423252,3.8658622991493226,,calibrating
job_000010,Rwanda,29,0.9666666666666667,calibration,0.3577750233586414,0.2414533885172891,0.03396340954992423,0.2817831659430299,0.050292095144090915,0.0,0.0,6,,0.20614812711819228,0.2368588959833369,0.11286752438181029,23.68588959833369,,calibrating
job_000010,Rwanda,30,1.0,calibration,0.5339719875750988,0.2561671623601234,0.2353281055844908,0.0,0.13945498092374506,0.0,0.0,6,,0.3225723707554443,0.20678181647872948,0.1805186877067119,32.25723707554443,,calibrating
job_000010,Rwanda,31,1.0333333333333334,calibration,0.0,0.0,0.0,0.0,0.1155344954361207,0.18055555555555552,0.0,6,,0.018055555555555554,0.028883623859030174,0.03611111111111111,3.6111111111111107,,calibrating
job_000010,Rwanda,32,1.0666666666666667,calibration,0.0,0.4302515705868216,0.0,0.0,0.013626954176710896,0.18055555555555552,0.0,6,,0.14713102673160203,0.06794447413220096,0.10064884669913435,14.713102673160202,,calibrating
job_000010,Rwanda,33,1.1,calibration,0.0,0.11039178177036611,0.0,0.9636734999884683,0.22131501140538556,0.0,0.0,6,,0.033117534531109834,0.40917324511286524,0.016558767265554917,40.91732451128652,,calibrating
job_000010,Rwanda,34,1.1333333333333333,calibration,0.0,0.0,0.0,0.8613830903336558,0.04288038822272964,0.0,0.0,6,,0.0,0.3122041786724619,0.0,31.22041786724619,,calibrating
job_000010,Rwanda,35,1.1666666666666667,calibration,0.0,0.1305737739539317,0.035400778674312246,1.0,0.0,0.0,0.0,6,,0.04802232685475757,0.36958606609308975,0.02489618289423659,36.95860660930897,,calibrating
job_000010,Rwanda,36,1.2,calibration,0.0,0.24770872132259544,0.24960648824061835,0.0,0.0,0.0,0.0,6,,0.13671423845693323,0.03715630819838932,0.07459728143448208,13.671423845693322,,calibrating
job_000010,Rwanda,37,1.2333333333333334,calibration,0.0,0.05555555555555555,0.0,0.3559110699959942,0.0,0.0,0.0,6,,0.016666666666666666,0.1329022078319313,0.008333333333333333,13.29022078319313,,calibrating
job_000010,Rwanda,38,1.2666666666666666,calibration,0.20850667075221926,0.30154897523670815,0.34981713147355936,0.32892250607197143,0.2814949985590538,0.13240740740740747,0.0,6,,0.26413705094341977,0.2828556407385145,0.16588773163846549,28.28556407385145,,calibrating
job_000010,Rwanda,39,1.3,calibration,0.005824851258387502,0.2333044742164464,0.0,0.13247987879626547,0.22906728247102914,0.0,0.0,6,,0.07203004020536954,0.14008666214351403,0.03616064138414446,14.008666214351404,,calibrating
job_000010,Rwanda,40,1.3333333333333333,calibration,0.0,0.05555555555555555,0.0,0.0,0.1846438991478606,0.0,0.0,6,,0.016666666666666666,0.054494308120298485,0.008333333333333333,5.449430812029848,,calibrating
job_000010,Rwanda,41,1.3666666666666667,calibration,0.25107629966458844,0.2444143433426833,0.15014425760018407,0.22547487978996372,0.26617640887872734,0.0,0.0,6,,0.19873707228545695,0.2448915365637187,0.10939905007434779,24.48915365637187,,calibrating
job_000010,Rwanda,42,1.4,calibration,0.12706443307859702,0.19187117755572974,0.10296103943064339,0.0,0.327216524896989,0.0,0.0,6,,0.12777416470188874,0.14235091612725598,0.06963771916367538,14.235091612725597,,calibrating
job_000010,Rwanda,43,1.4333333333333333,calibration,0.1914641228723086,0.1111111111111111,0.25428469253954566,0.0,0.28559567285975074,0.0,0.0,6,,0.16391694947352775,0.1359316155996815,0.09310219512206025,16.391694947352775,,calibrating
job_000010,Rwanda,44,1.4666666666666666,calibration,0.22640592092117415,0.2383239010608647,0.2429369363635359,0.0,0.24871454899565676,0.13240740740740747,0.0,6,,0.22471421747229506,0.15452870263833743,0.1439517912793764,22.471421747229506,,calibrating
job_000010,Rwanda,45,1.5,calibration,0.14075467965098207,0.05555555555555555,0.2783937406283467,0.0,0.25262398349130266,0.0,0.0,6,,0.13552923970159708,0.10667799911890452,0.07824333035778175,13.552923970159709,,calibrating
job_000010,Rwanda,46,1.5333333333333334,calibration,0.26934845314770656,0.16666666666666666,0.3885709056300253,0.0,0.0,0.13240740740740747,0.0,6,,0.2546554257499444,0.09233711328692663,0.1636368079555266,25.465542574994437,,calibrating
job_000010,Rwanda,47,1.5666666666666667,calibration,0.36287791950028625,0.2222222222222222,0.46849399691447774,0.0,0.0,0.0,0.0,6,,0.31079743772038626,0.12405281320840489,0.17618301677056225,31.079743772038626,,calibrating
job_000010,Rwanda,48,1.6,calibration,0.39747671179054167,0.24513341066130295,0.3382336672737369,0.0,0.19740412341066937,0.0,0.0,6,,0.2972152891435147,0.1854902203994982,0.1670004040483643,29.72152891435147,,calibrating
job_000010,Rwanda,49,1.6333333333333333,calibration,0.34888128165472304,0.16666666666666666,0.23160975886136415,0.22673738073738978,0.0,0.13240740740740747,0.0,6,,0.24325162903523484,0.19157840367176718,0.15599920164163072,24.325162903523484,,calibrating
job_000010,Rwanda,50,1.6666666666666667,calibration,0.0,0.015048769130104361,0.0,0.0,0.0,0.6620370370370374,0.0,6,,0.07071833444273506,0.002257315369515654,0.13466472277692315,13.466472277692315,,calibrating
job_000010,Rwanda,51,1.7,calibration,0.0,0.039835747762409654,0.0,0.2756478303503978,0.0,0.18055555555555552,0.0,6,,0.03000627988427845,0.10245210278700068,0.042086473275472554,10.245210278700068,,calibrating
job_000010,Rwanda,52,1.7333333333333334,calibration,0.0,0.0,0.0,0.19783631612972105,0.0,0.3972222222222224,0.0,6,,0.03972222222222224,0.06924271064540237,0.07944444444444448,7.944444444444448,,calibrating
job_000010,Rwanda,53,1.7666666666666666,calibration,0.0,0.07186863384493677,0.27124595287435765,0.40050663366492834,0.0882664173346495,0.18055555555555552,0.0,6,,0.107427633927626,0.1730242211931278,0.08757829911900528,17.30242211931278,,calibrating
job_000010,Rwanda,54,1.8,calibration,0.31993388449544036,0.09156221678683525,0.0,0.0,0.0,0.0,0.0,6,,0.1394455246094547,0.09371780364188538,0.07772110941711337,13.94455246094547,,calibrating
job_000010,Rwanda,55,1.8333333333333333,calibration,0.0,0.0,0.0,0.13175473019412737,0.08128354262018764,0.0,0.0,6,,0.0,0.06643504122299149,0.0,6.643504122299149,,calibrating
job_000010,Rwanda,56,1.8666666666666667,calibration,0.0,0.07908713378084616,0.0,0.4743965410065032,0.2643691836404027,0.6620370370370374,0.0,6,,0.0899298438379576,0.2439941553295037,0.14427047747453442,24.399415532950368,,calibrating
job_000010,Rwanda,57,1.9,calibration,0.0,0.0,0.0,0.5681271658988009,0.0,0.6620370370370374,0.0,6,,0.06620370370370375,0.1988445080645803,0.1324074074074075,19.88445080645803,,calibrating
job_000010,Rwanda,58,1.9333333333333333,calibration,0.046525980127180316,0.0,0.0,0.0,0.0,0.6620370370370374,0.0,6,,0.08248779674821687,0.011631495031795079,0.14171260343284356,14.171260343284356,,calibrating
job_000010,Rwanda,59,1.9666666666666666,calibration,0.38239455655159615,0.0,0.2294487565771402,0.0,0.0,0.9027777777777786,0.0,6,,0.2814780617151215,0.09559863913789904,0.291451780352446,29.1451780352446,,calibrating
job_000010,Rwanda,60,2.0,monitoring,0.07373993879258209,0.15427640022265593,0.09248812373528605,0.7988388905603396,0.0,0.3972222222222224,0.0,6,,0.13493615180024426,0.3211700564276628,0.1312071107966522,32.11700564276628,32.11700564276628,normal
job_000010,Rwanda,61,2.033333333333333,monitoring,0.33520226899556177,0.0,0.07765521914432275,0.24143556271300007,0.0,0.9027777777777786,0.0,6,,0.22701237671230518,0.16830301419844046,0.2592442922263165,25.92442922263165,31.373896472350125,normal
job_000010,Rwanda,62,2.066666666666667,monitoring,0.4874315213042842,0.2242717854889841,0.17544930831491173,0.20031306587396505,0.0,0.6620370370370374,0.0,6,,0.3479485988856264,0.22560822120530644,0.28985187573884874,34.79485988856264,31.784412082295628,normal
job_000010,Rwanda,63,2.1,monitoring,0.39833723458040654,0.30331715294304823,0.08728260771231486,1.0,0.0,0.6620370370370374,0.0,6,,0.3184375336178392,0.49508188158655886,0.27066481842179324,49.508188158655884,33.911265211458854,normal
job_000010,Rwanda,64,2.1333333333333333,monitoring,0.5240957274106055,0.1111111111111111,0.28065122033764156,0.35346319057364,0.0,0.28373015873015883,0.0,6,,0.3153026588844715,0.271402715220092,0.22032952694546576,31.53026588844715,33.62554529269745,normal
job_000010,Rwanda,65,2.1666666666666665,monitoring,0.5211275040640246,0.2772434884619605,0.28519690837628525,0.7476901433621493,0.0,0.28373015873015883,0.0,6,,0.36523991592808397,0.4335599494620525,0.24533759208457356,43.35599494620525,34.79319925111839,normal
job_000010,Rwanda,66,2.2,monitoring,0.48136954263407683,0.12056434534977281,0.2326960124270371,0.0,0.0,0.6620370370370374,0.0,6,,0.32902635033732175,0.13842703746098511,0.2816703696007443,32.902635033732174,34.56633154503204,normal
job_000010,Rwanda,67,2.2333333333333334,monitoring,0.5281549287472833,0.05555555555555555,0.11849638539777077,0.0,0.0,0.4583333333333338,0.0,6,,0.2769783214109919,0.14037206552015416,0.2234054435591224,27.697832141099187,33.7421116165601,normal
job_000010,Rwanda,68,2.2666666666666666,monitoring,0.12465827616468385,0.17533165974561424,0.37146673384184326,0.3041915203512554,0.0,0.9027777777777786,0.0,6,,0.27937435581956227,0.16393135012595247,0.2875069698266111,28.75069698266111,33.14314186049222,normal
job_000010,Rwanda,69,2.3,monitoring,0.0,0.03674731917302883,0.24162561023526716,0.0,0.0,0.3972222222222224,0.0,6,,0.11115282053294769,0.005512097875954324,0.12120038385568888,12.120038385568888,30.62036944350142,normal
job_000010,Rwanda,70,2.3333333333333335,monitoring,0.0,0.0,0.23221577958644155,0.0,0.0,0.3972222222222224,0.0,6,,0.09777616711883264,0.0,0.11427681138241072,11.427681138241072,28.31724684687018,normal
job_000010,Rwanda,71,2.3666666666666667,monitoring,0.8183975860896054,0.22264203407147062,0.8615253558357716,0.0,0.0,0.4965277777777782,0.0,6,,0.6182658820895237,0.23799570163312195,0.42561018125956307,61.82658820895237,32.338367810320044,normal
job_000010,Rwanda,72,2.4,monitoring,0.07358037167961987,0.14097057606821967,0.4845313797856087,0.11551538920363064,0.16126861309962048,0.8511904761904769,0.0,6,,0.2742961954737827,0.12028821882631376,0.27877946295209366,27.877946295209366,31.803117228506764,normal
job_000010,Rwanda,73,2.433333333333333,monitoring,0.09758768676244249,0.16666666666666666,0.2464329814019131,0.0,0.30206362413867816,0.6620370370370374,0.0,6,,0.2119676394210369,0.12491282772528016,0.21388989197018296,21.388989197018297,30.55342186472815,normal
job_000010,Rwanda,74,2.466666666666667,monitoring,0.36703952341766327,0.3223685720601196,0.38180112556471757,0.053661610147444985,0.008839435058934733,1.0,0.0,6,,0.4206246862053974,0.16110658897977317,0.37903335932725823,42.06246862053974,31.93450747542554,normal
job_000010,Rwanda,75,2.5,monitoring,0.09279376890300294,0.2735868648937411,0.055466775515926235,0.0,0.0,1.0,0.0,6,,0.22842057246315495,0.0642364719598119,0.2679167998420507,26.791679984205068,31.317368176479082,normal
job_000010,Rwanda,76,2.533333333333333,monitoring,0.12397272543387601,0.1111111111111111,0.04496283477489734,0.0,0.0,0.28373015873015883,0.0,6,,0.11633751180193015,0.04765984802513567,0.10495166871570824,11.633751180193014,28.95533413692475,normal
job_000010,Rwanda,77,2.566666666666667,monitoring,0.06273728522950191,0.31190063093879694,0.04978156279931137,0.5810449270157124,0.20231809500324763,0.28373015873015883,0.0,6,,0.15634664568480847,0.3164146641545063,0.1235458178526484,31.64146641545063,29.277670010347855,normal
job_000010,Rwanda,78,2.6,monitoring,0.23394058027245654,0.3978672604297645,0.3013175535666193,0.8016817949304095,0.3213533102052142,0.28373015873015883,0.0,6,,0.30494178548895984,0.4790921899095256,0.20841186989998067,47.90921899095256,31.51345588802042,normal
job_000010,Rwanda,79,2.6333333333333333,monitoring,0.0,0.05555555555555555,0.02693528303584429,0.6151346792292798,0.43858805081124763,0.4583333333333338,0.0,6,,0.06923382075896112,0.33327748376639316,0.10404029245537674,33.32774837663931,31.73117098665469,normal
job_000010,Rwanda,80,2.6666666666666665,monitoring,0.0,0.2795470297748318,0.0,1.0,0.2895550640741064,0.6620370370370374,0.0,6,,0.1500678126361533,0.4643208204847514,0.17433946187363228,46.43208204847514,33.49528031407314,normal
job_000010,Rwanda,81,2.7,monitoring,0.2681178859964704,0.41525321451363606,0.057851994249133995,0.630350072642006,0.2757485420953219,0.13240740740740747,0.0,6,,0.2461209637558797,0.41887711462469557,0.15107083999519108,41.887711462469554,34.50237205188071,normal
job_000010,Rwanda,82,2.7333333333333334,monitoring,0.31631527479611543,0.16666666666666666,0.2645467159200987,0.44323288827113316,0.10150458228124018,0.13240740740740747,0.0,6,,0.2400877658994058,0.28458647516423546,0.1544265438287194,28.458647516423547,33.77712510762586,normal
job_000010,Rwanda,83,2.7666666666666666,monitoring,0.23374678726077155,0.2486456076340251,0.05706137118919425,0.8192263477389281,0.04482957522884872,0.13240740740740747,0.0,6,,0.1839111413695169,0.39367015347613366,0.1190868857571187,39.36701534761337,34.44791193642436,normal
job_000010,Rwanda,84,2.8,monitoring,0.06404333897805087,0.47357551409527066,0.0,0.9067778634567626,0.0,0.0,0.0,6,,0.164487822870899,0.4044194140686702,0.08384499490990077,40.44194140686702,35.16719547287748,normal
job_000010,Rwanda,85,2.8333333333333335,monitoring,0.15201431623947279,0.2535352287175411,0.2309097322233718,0.28757274084449286,0.0,0.0,0.0,6,,0.18699301235492072,0.17668432266307185,0.10306960738903148,18.699301235492072,33.19104816439123,normal
job_000010,Rwanda,86,2.8666666666666667,monitoring,0.736900100624628,0.6979497240330571,0.2419686505352214,0.5803000170451291,0.0,0.0,0.0,6,,0.5277921150623421,0.4920224897269107,0.28836777631016736,52.77921150623421,35.54162776541239,normal
job_000010,Rwanda,87,2.9,monitoring,0.0,0.5,0.2465010779279294,1.0,0.3847600470616863,0.6620370370370374,0.0,6,,0.2778289731856861,0.5211900117654216,0.24438256909659692,52.119001176542156,37.530912574747965,normal
job_000010,Rwanda,88,2.933333333333333,monitoring,0.0,0.18856246696556053,0.24018628090839253,0.2974548167127384,0.4458991009189671,0.6620370370370374,0.0,6,,0.18281901402047002,0.24386833112403428,0.19671971958850046,24.386833112403426,35.95362303926662,normal
job_000010,Rwanda,89,2.966666666666667,monitoring,0.1286677612552804,0.6046071717132653,0.2698444599492107,1.0,0.42379683222022724,0.28373015873015883,0.0,6,,0.32224999881364624,0.5788072241258666,0.21364732874645925,57.880722412586664,38.58487496406502,normal
job_000010,Rwanda,90,3.0,monitoring,0.0,0.475918673153496,0.21133922201080288,0.0,0.23572178119880313,0.4583333333333338,0.0,6,,0.24144374078208292,0.13031824627272517,0.19475535094131158,24.14437407820829,36.852014857762214,normal
job_000010,Rwanda,91,3.033333333333333,monitoring,0.0,0.07690000889827137,0.2131766089456485,0.0,0.11466483808931592,0.4583333333333338,0.0,6,,0.12219748823922691,0.04020121085706969,0.13517815934325475,13.517815934325474,34.05191098694981,normal
job_000010,Rwanda,92,3.066666666666667,monitoring,0.0,0.3824996627775247,0.2697622983251837,0.3935185482139879,0.05668121670460554,0.28373015873015883,0.0,6,,0.2105634892875692,0.20927674546767583,0.15458532591143803,21.056348928756922,32.492443539966665,normal
job_000010,Rwanda,93,3.1,monitoring,0.0,0.3019528561407348,0.17202737692011316,0.8666089981354352,0.33073308874812685,0.4583333333333338,0.0,6,,0.17942603440558214,0.43128934995554424,0.16276370162579396,43.128934995554424,33.76882251463719,normal
job_000010,Rwanda,94,3.1333333333333333,monitoring,0.0,0.048130844206989515,0.21602903514731958,0.37381117562063504,0.23075787943684792,0.6620370370370374,0.0,6,,0.1346502157526305,0.19574300795748265,0.17203138931055387,19.574300795748265,32.06547990837052,normal
job_000010,Rwanda,95,3.1666666666666665,monitoring,0.03656883027724535,0.37769863137459214,0.3104734024698829,0.8259340798449616,0.15123781415997925,0.4583333333333338,0.0,6,,0.24956036396021763,0.3926833837612315,0.2022062377987871,39.268338376123154,32.92982292450083,normal
job_000010,Rwanda,96,3.2,monitoring,0.3929158856076369,0.5915869778776816,0.5517681240561854,0.8399741146315487,0.3220209381603239,0.13240740740740747,0.0,6,,0.4661794250807645,0.5614631927446845,0.27656792389308893,56.146319274468446,35.71580248649695,normal
job_000010,Rwanda,97,3.2333333333333334,monitoring,0.1845564528937099,0.21648692472911366,0.4908665867210429,0.271717873597305,0.35728559552806954,0.13240740740740747,0.0,6,,0.26549822335253404,0.2630348065738687,0.16949579877774695,26.549822335253403,34.61588486834772,normal
job_000010,Rwanda,98,3.2666666666666666,monitoring,0.38078202688845225,0.44044098218888883,0.034217680442968676,0.0,0.2793693997217931,0.28373015873015883,0.0,6,,0.30233344005138296,0.23110400398089467,0.20410123651850087,30.233344005138296,34.08997996476259,normal
job_000010,Rwanda,99,3.3,monitoring,0.24808523696648616,0.05555555555555555,0.0995448762179118,0.0,0.0,0.4583333333333338,0.0,6,,0.17421605199274814,0.07035464257495487,0.16454877882598412,17.421605199274815,32.089774992904054,normal
job_000010,Rwanda,100,3.3333333333333335,monitoring,0.19922163267104084,0.15697226726382557,0.22261546695930554,0.24957403307605222,0.0,0.0,0.0,6,,0.17247311835383836,0.1607021598339523,0.09678248666767783,17.247311835383837,30.308679414001627,normal
job_000010,Rwanda,101,3.3666666666666667,monitoring,0.6268361556851305,0.46121315300761045,0.6680908148674815,0.9259180012769994,0.0,0.0,0.0,6,,0.5247793041089491,0.549962312319374,0.29476282631828987,54.9962312319374,33.271185632153916,normal
job_000010,Rwanda,102,3.4,monitoring,0.2275618563781733,0.5,0.0,1.0,0.0,0.0,0.0,6,,0.22964664973236065,0.4818904640945433,0.12051237127563466,48.18904640945433,35.06132892542997,normal
job_000010,Rwanda,103,3.433333333333333,monitoring,0.29952663479229863,0.23987845212840048,0.0,0.6135084274076315,0.0,0.0,0.0,6,,0.17679785781582463,0.3255913761100057,0.0958870947777198,32.55913761100057,34.76106596769844,normal
job_000010,Rwanda,104,3.466666666666667,monitoring,0.25369297181694506,0.6111111111111112,0.0,1.0,0.0,0.28373015873015883,0.0,6,,0.30049888934228,0.5050899096209029,0.19915129277608745,50.508990962090294,36.65081696702546,normal
job_000010,Rwanda,105,3.5,monitoring,0.016612070651014322,0.4507383469066034,0.0,1.0,0.14688379463576684,0.4583333333333338,0.0,6,,0.18686906213316942,0.4584847183576858,0.16259983283286014,45.84847183576858,37.75453555127464,normal
job_000010,Rwanda,106,3.533333333333333,monitoring,0.0,0.06565792340757887,0.0,0.3889712068385367,0.3602613431094217,0.0,0.0,6,,0.01969737702227366,0.23605394668198007,0.00984868851113683,23.605394668198006,36.05663864530545,normal
job_000010,Rwanda,107,3.566666666666667,monitoring,0.07386648291280005,0.1633674412774354,0.011270046026325125,0.0979407135921235,0.0,0.28373015873015883,0.0,6,,0.10605402878230781,0.07725098667705854,0.09771495142415586,10.60540287823078,33.00249035325648,normal
job_000010,Rwanda,108,3.6,monitoring,0.0,0.13989070428298223,0.08620623772062026,0.926532248370949,0.0,1.0,0.0,6,,0.16351877071504972,0.34526989257227947,0.2339145413005404,34.526989257227946,33.18543022173306,normal
job_000010,Rwanda,109,3.6333333333333333,monitoring,0.0,0.1111111111111111,0.2616014857444531,0.3853497905807323,0.0,0.8511904761904769,0.0,6,,0.1838527523884943,0.15153909336992297,0.22614498476643002,22.614498476643003,31.916918412322254,normal
job_000010,Rwanda,110,3.6666666666666665,monitoring,0.0,0.013520996723780153,0.18146104717890552,0.2712168558552017,0.0,1.0,0.0,6,,0.14942156081186042,0.09695404905788763,0.22924730658540285,22.924730658540284,30.837855881868414,normal
job_000010,Rwanda,111,3.7,monitoring,0.0,0.06972199138072978,0.15294695009418469,0.9994629829148042,0.0,1.0,0.0,6,,0.15915333493776512,0.3602703427272909,0.23340034122123718,36.02703427272909,31.460557288771696,normal
job_000010,Rwanda,112,3.7333333333333334,monitoring,0.0,0.0,0.17713078463621856,0.06601946160796889,0.0,1.0,0.0,6,,0.14428269615905465,0.02310681156278911,0.2265696176954328,22.65696176954328,30.404125826464284,normal
job_000010,Rwanda,113,3.7666666666666666,monitoring,0.0,0.07154016290858813,0.27624246964940735,0.983351268483126,0.0,1.0,0.0,6,,0.19052266628492828,0.3549039684053823,0.2521673948836993,35.49039684053823,31.014478348153155,normal
job_000010,Rwanda,114,3.8,monitoring,0.0,0.13400207144211423,0.0780460040652284,0.21513100528472381,0.32265277096027656,1.0,0.0,6,,0.15971212244894137,0.1760593553060396,0.2318072113261014,23.18072113261014,30.074427482287994,normal
job_000010,Rwanda,115,3.8333333333333335,monitoring,0.0,0.0,0.0773508632415441,0.2428714374076556,0.46943553843531494,1.0,0.0,6,,0.11933771581038603,0.2023638877015082,0.21160262948623162,21.160262948623163,29.004727738248214,normal
job_000010,Rwanda,116,3.8666666666666667,monitoring,0.0,0.1638631609364,0.06647375642017272,1.0,0.40439893000283533,1.0,0.0,6,,0.16577738738596318,0.4756792066411688,0.23455053760348593,47.56792066411688,31.232310889352455,normal
job_000010,Rwanda,117,3.9,monitoring,0.0,0.11098248444977292,0.40489814701012733,1.0,0.36442818612217626,1.0,0.0,6,,0.23451928208746373,0.45775441919801,0.27738209471898506,45.775441919801004,32.97748661300628,normal
job_000010,Rwanda,118,3.933333333333333,monitoring,0.0,0.0,0.4298119134763956,0.3369428130667279,0.06793261444203566,0.9027777777777786,0.0,6,,0.19773075614687674,0.13491313818386366,0.24502734257701506,24.502734257701505,31.960516330369707,normal
job_000010,Rwanda,119,3.966666666666667,monitoring,0.152031368414247,0.0,0.0,0.8676060236952471,0.0,0.3972222222222224,0.0,6,,0.09293320116720868,0.3416699503968982,0.10985071812729388,34.166995039689816,32.22529377548812,normal
job_000010,Rwanda,120,4.0,monitoring,0.41023860719903565,0.03879858558360555,0.0,0.5409830412920625,0.0,0.18055555555555552,0.0,6,,0.1732786437502997,0.29772350408952164,0.12397862038845908,29.772350408952164,31.930940571503804,normal
job_000010,Rwanda,121,4.033333333333333,monitoring,0.2642103550186668,0.0,0.0,0.0,0.0,0.3972222222222224,0.0,6,,0.1321958464787556,0.0660525887546667,0.13228651544817785,13.228651544817785,29.68666588830148,normal
job_000010,Rwanda,122,4.066666666666666,monitoring,0.1503940927087378,0.20659886477342057,0.0,0.0,0.0,0.3972222222222224,0.0,6,,0.15433981410230663,0.06858835289319754,0.14051309270220513,15.433981410230663,27.976343750932983,normal
job_000010,Rwanda,123,4.1,monitoring,0.0,0.09952844926187843,0.0,0.0,0.0,0.9930555555555564,0.0,6,,0.12916409033411919,0.014929267389281763,0.21354037850039306,21.354037850039305,27.181667042825744,normal
job_000010,Rwanda,124,4.133333333333334,monitoring,0.0,0.0,0.0,0.1703610557626219,0.0,0.9930555555555564,0.0,6,,0.09930555555555565,0.05962636951691766,0.1986111111111113,19.86111111111113,26.30320033101999,normal
job_000010,Rwanda,125,4.166666666666667,monitoring,0.26657101269363837,0.0068560971343269005,0.0,0.0,0.0,0.9027777777777786,0.0,6,,0.18563446136084935,0.06767116774355862,0.23489817266443244,23.489817266443243,25.96559436327078,normal
job_000010,Rwanda,126,4.2,monitoring,0.30694506030243196,0.0,0.0,0.0,0.0,0.0,0.0,6,,0.10743077110585118,0.07673626507560799,0.06138901206048639,10.743077110585117,24.1388922929485,normal
job_000010,Rwanda,127,4.233333333333333,monitoring,0.30061826696321736,0.0,0.0,0.1831683455163688,0.0,0.3972222222222224,0.0,6,,0.14493861565934832,0.1392634876715334,0.13956809783708796,14.493861565934832,22.981488605706858,normal
job_000010,Rwanda,128,4.266666666666667,monitoring,0.13327157356342312,0.055528541074431156,0.0,0.0,0.0,0.9930555555555564,0.0,6,,0.16260916862508307,0.04164717455202045,0.2335947069849606,23.35947069849606,23.026846456841565,normal
job_000010,Rwanda,129,4.3,monitoring,0.11565977451155805,0.031423946663195396,0.0,0.0,0.3213506407179644,0.6620370370370374,0.0,6,,0.11611180878170768,0.11396619580685992,0.16025295430919842,16.025295430919844,22.186660333730956,normal
job_000010,Rwanda,130,4.333333333333333,monitoring,0.03065201282156313,0.0,0.0,0.0,0.43164871886795947,0.28373015873015883,0.0,6,,0.039101220360562974,0.11557518292238064,0.0628764343103444,11.557518292238065,20.91116328875181,normal
job_000010,Rwanda,131,4.366666666666666,monitoring,0.12347839330517653,0.26433109052874915,0.0,0.0,0.4241648871273265,0.3972222222222224,0.0,6,,0.16223898703765877,0.17656048368743812,0.14378978668479217,17.65604836874381,20.52054949835085,normal
job_000010,Rwanda,132,4.4,monitoring,0.0,0.4741716668348849,0.27930367743210693,0.0,0.2860958021958687,0.0,0.0,6,,0.2120774194084922,0.1426497005741999,0.11302130164004878,21.20774194084922,20.603012591450653,normal
job_000010,Rwanda,133,4.433333333333334,monitoring,0.0,0.043568724577958344,0.2819685952693807,0.0,0.1650193295439001,0.0,0.0,6,,0.08356276619073268,0.04779014107266878,0.048830597977100855,8.356276619073268,19.13340427476537,normal
job_000010,Rwanda,134,4.466666666666667,monitoring,0.0,0.054405252223021915,0.0,0.0,0.12978030695488654,0.0,0.0,6,,0.016321575666906573,0.040605864572174924,0.008160787833453286,4.060586457217492,17.324666136659623,normal
job_000010,Rwanda,135,4.5,monitoring,0.0,0.08680423561909907,0.2670550835620904,0.0,0.15536691825183147,0.0,0.0,6,,0.09280504157625233,0.05186236490582273,0.05307889787717841,9.280504157625233,16.359366699175496,normal
job_000010,Rwanda,136,4.533333333333333,monitoring,0.0,0.0,0.0,0.0,0.0,0.9930555555555564,0.0,6,,0.09930555555555565,0.0,0.1986111111111113,19.86111111111113,16.77957602860777,normal
job_000010,Rwanda,137,4.566666666666666,monitoring,0.0,0.06409941580595019,0.0,0.0,0.0,0.9930555555555564,0.0,6,,0.1185353802973407,0.009614912370892528,0.2082260234820038,20.82260234820038,17.264739186958884,normal
job_000010,Rwanda,138,4.6,monitoring,0.0,0.03718845962328136,0.2633386455675603,0.0,0.0,1.0,0.0,6,,0.1769911992788745,0.005578268943492204,0.24507906577862626,24.507906577862627,18.133919273867335,normal
job_000010,Rwanda,139,4.633333333333334,monitoring,0.0,0.0,0.0969185344951624,0.0,0.0,1.0,0.0,6,,0.12422963362379061,0.0,0.21453778017427438,21.45377801742744,18.532302323094548,normal
job_000010,Rwanda,140,4.666666666666667,monitoring,0.0,0.0,0.0,0.0,0.0,1.0,0.0,6,,0.1,0.0,0.2,20.0,18.7084260443232,normal
job_000010,Rwanda,141,4.7,monitoring,0.0,0.0,0.23550242729635615,0.29370524254049774,0.23565622107760448,1.0,0.0,6,,0.15887560682408905,0.16171089015857532,0.23532536409445343,23.532536409445342,19.28731928813786,normal
job_000010,Rwanda,142,4.733333333333333,monitoring,0.0,0.0,0.2345556618711603,0.19087803719866334,0.30593377937425054,1.0,0.0,6,,0.15863891546779008,0.1432907578630948,0.23518334928067405,23.518334928067404,19.795041164929405,normal
job_000010,Rwanda,143,4.766666666666667,monitoring,0.0,0.126751106964873,0.29255846816048103,0.9118008440179143,0.433277293179127,0.6620370370370374,0.0,6,,0.1773686528332859,0.44646228474578264,0.19530384367621062,44.646228474578265,22.777183642087266,normal
job_000010,Rwanda,144,4.8,monitoring,0.0,0.47814837663144144,0.0,1.0,0.4619216906377468,0.9930555555555564,0.0,6,,0.24275006854498807,0.5372026791541529,0.2703333676058275,53.720267915415285,26.490353754886627,normal
job_000010,Rwanda,145,4.833333333333333,monitoring,0.0,0.21204426098703316,0.0,0.0,0.7099372325334785,0.9930555555555564,0.0,6,,0.1629188338516656,0.2092909472814246,0.23041775025916628,23.04177502591663,26.076524307410228,normal
job_000010,Rwanda,146,4.866666666666666,monitoring,0.0,0.5,0.06538197255297516,0.8224757138538161,0.6626225933212927,0.0,0.0,6,,0.1663454931382438,0.5285221481791588,0.08480729588294628,52.85221481791588,29.289607168670905,normal
job_000010,Rwanda,147,4.9,monitoring,0.0,0.5,0.0,0.7406819676083338,0.5823763134271553,0.3972222222222224,0.0,6,,0.18972222222222224,0.4798327670197057,0.1544444444444445,47.98327670197057,31.532847512666862,normal
job_000010,Rwanda,148,4.933333333333334,monitoring,0.0,0.22689798084702112,0.0,0.20596757523796286,0.5179868895773644,0.6620370370370374,0.0,6,,0.1342730979578101,0.23562007085468126,0.16644210453446068,23.562007085468125,30.57634666140301,normal
job_000010,Rwanda,149,4.966666666666667,monitoring,0.002685192637569274,0.36472853616937695,0.0,1.0,0.42743946452060705,0.18055555555555552,0.0,6,,0.12841393382951788,0.5122404447149506,0.0913574300640315,51.224044471495056,33.05407039861406,normal
job_000010,Rwanda,150,5.0,monitoring,0.49258083296610844,0.34124008678592027,0.3044653621704436,1.0,0.21721219397968367,0.0,0.0,6,,0.35089165811652495,0.5786342697543361,0.19537198393667626,57.863426975433605,36.0311931878324,normal
job_000010,Rwanda,151,5.033333333333333,monitoring,0.4787373009492619,0.024008930133267596,0.3100397127403225,0.7510067133113401,0.5003912764763798,0.0,0.0,6,,0.25227066255730257,0.5112358335353695,0.1458547566208909,51.12358335353695,37.842280007716944,normal
job_000010,Rwanda,152,5.066666666666666,monitoring,0.0,0.10941614238659604,0.4512809346345221,0.7167009270852441,0.3944869984001219,0.3972222222222224,0.0,6,,0.18536729859683157,0.36587949543785536,0.1635490059976122,36.587949543785534,37.69176035204517,normal
job_000010,Rwanda,153,5.1,monitoring,0.2333414239344031,0.3023407536951146,0.3908409190151422,1.0,0.23506165133749993,0.0,0.0,6,,0.270081954239361,0.5124518818722429,0.15064553569341912,51.24518818722429,39.31817169226667,normal
job_000010,Rwanda,154,5.133333333333334,monitoring,0.08072065112321221,0.047866673500203696,0.25484268708946406,0.371325291620298,0.07154512066254515,0.18055555555555552,0.0,6,,0.12437845727110694,0.1752102960385742,0.09766164542420372,17.521029603857418,36.70251464165756,normal
job_000010,Rwanda,155,5.166666666666667,monitoring,0.2580886216398532,0.19429021822145878,0.5858524509919605,0.7348951000902558,0.10795368615252862,0.4583333333333338,0.0,6,,0.3409145291217097,0.37786739471290376,0.26030579137665033,37.786739471290375,36.8326216212135,normal
job_000010,Rwanda,156,5.2,monitoring,0.28490593456658736,0.19964605527262405,0.5224411126867906,0.18381232322225585,0.459289189934649,0.6620370370370374,0.0,6,,0.3564248755554942,0.28033000254399226,0.29770166951463717,35.642487555549415,36.68980553333381,normal
job_000010,Rwanda,157,5.233333333333333,monitoring,0.36864895155884986,0.07238348111905248,0.7663794123226096,0.12015250437580839,0.6347581101057965,0.4583333333333338,0.0,6,,0.388170363795299,0.3037626641155524,0.29121089099468606,38.8170363795299,36.94507323487734,normal
job_000010,Rwanda,158,5.266666666666667,monitoring,0.04920362370560522,0.35158461548619935,0.9641492041538146,0.0,0.6576464687474559,0.6620370370370374,0.0,6,,0.42993765768497905,0.2294502154361952,0.3396082050945306,42.9937657684979,37.67091633891181,normal
job_000010,Rwanda,159,5.3,monitoring,0.05729526902031314,0.43468629505850376,0.9568944521058862,0.0,0.7278978889745445,0.6620370370370374,0.0,6,,0.45588654940483603,0.26150123375748996,0.3526035732861286,45.5886549404836,38.621044971100424,normal
job_000010,Rwanda,160,5.333333333333333,monitoring,0.375069575173417,0.23481576543108562,0.833708395758137,0.0,0.7601353903510838,0.4583333333333338,0.0,6,,0.45597951321288926,0.31902360619578807,0.3269592058797336,45.597951321288924,39.45827373312305,normal
job_000010,Rwanda,161,5.366666666666666,monitoring,0.28397823360451824,0.5,0.370925247664988,0.0,0.7188182244315534,0.0,0.0,6,,0.34212369367782836,0.3256991145090179,0.18743443387065187,34.212369367782834,38.828765209282224,normal
job_000010,Rwanda,162,5.4,monitoring,0.22439261924789566,0.31828265144171386,0.21446943931897403,0.03484675052445116,0.6392788914200402,0.0,0.0,6,,0.22763957199902116,0.27585663806679894,0.12479133746368232,27.585663806679893,37.479593040969945,normal
job_000010,Rwanda,163,5.433333333333334,monitoring,0.05086303436743825,0.0,0.39421377042956185,0.0,0.05572265246315075,0.6620370370370374,0.0,6,,0.18255920833969758,0.02664642170764725,0.20171207984532943,20.171207984532945,35.40258683419751,normal
job_000010,Rwanda,164,5.466666666666667,monitoring,0.26749498590651755,0.2689924117344408,0.3970753851809776,0.4189072256760548,0.010786410950944049,0.8511904761904769,0.0,6,,0.3587088625019055,0.25653673996115073,0.3236472619567117,35.87088625019055,35.45878276411668,normal
job_000010,Rwanda,165,5.5,monitoring,0.3436067773424645,0.3301932339808319,0.495355227997194,0.0,0.0,1.0,0.0,6,,0.4431591492634106,0.1354306794327409,0.3925536247651968,44.31591492634106,36.521638623583605,normal
job_000010,Rwanda,166,5.533333333333333,monitoring,0.12052196985486482,0.0,0.2668831241695715,0.0,0.0,0.6620370370370374,0.0,6,,0.1751071741952993,0.030130492463716206,0.1965442700038162,19.65442700038162,34.49757322879937,normal
job_000010,Rwanda,167,5.566666666666666,monitoring,0.4518459344966639,0.14869197506932844,0.5125109977204256,0.0,0.0,0.4583333333333338,0.0,6,,0.37671475235807067,0.13526527988456524,0.28121629948446264,37.671475235807065,34.87844146964029,normal
job_000010,Rwanda,168,5.6,monitoring,0.0,0.0023865499221846693,0.28916917444801193,0.19413671468818364,0.0,1.0,0.0,6,,0.17300825858865837,0.06830583262919197,0.2437333586555295,24.37333586555295,33.61782879714981,normal
job_000010,Rwanda,169,5.633333333333334,monitoring,0.0,0.0,0.11620517067837298,0.07916802083278379,0.0,1.0,0.0,6,,0.12905129266959325,0.027708807291474326,0.21743077560175594,21.743077560175593,32.19285864871291,normal
job_000010,Rwanda,170,5.666666666666667,monitoring,0.0,0.5,0.0,0.6412347659553725,0.41181634250940163,0.9027777777777786,0.0,6,,0.24027777777777787,0.4023862537117308,0.2555555555555557,40.23862537117308,33.15835065540813,normal
job_000010,Rwanda,171,5.7,monitoring,0.12008257385593576,0.6111111111111112,0.5963726469148205,0.3362876515902227,0.41263097640523466,0.28373015873015883,0.0,6,,0.40282841178463186,0.34254573228853724,0.26188511022110866,40.28284117846319,34.01328951817474,normal
job_000010,Rwanda,172,5.733333333333333,monitoring,0.0,0.07168021373459192,0.3379854559390654,0.0,0.569271538592783,0.9027777777777786,0.0,6,,0.19627820588292177,0.15306991670838455,0.2420054060066043,24.200540600660432,32.83575964807302,normal
job_000010,Rwanda,173,5.766666666666667,monitoring,0.011357156512064558,0.5555555555555556,0.3657090070081611,0.7272687300293312,0.4669595540296127,1.0,0.0,6,,0.3620689231979295,0.4574565664790186,0.3404611156869704,45.74565664790186,34.38494728805249,normal
job_000010,Rwanda,174,5.8,monitoring,0.29983786009962254,0.43003645042190275,0.5776294460380701,0.993454514801537,0.25164495697246586,0.4583333333333338,0.0,6,,0.4241948810042896,0.5500852520118454,0.3027841231555872,55.00852520118455,36.859776637628336,normal
job_000010,Rwanda,175,5.833333333333333,monitoring,0.0,0.11991033812487953,0.42044868726170426,0.5031289634622039,0.12946432455988846,0.6620370370370374,0.0,6,,0.20728897695659365,0.2264477690704754,0.21346126121539505,22.64477690704754,35.15397666995864,normal
job_000010,Rwanda,176,5.866666666666666,monitoring,0.009802427033050478,0.5000235557890697,0.49555199258083377,1.0,0.14561179872185215,0.13240740740740747,0.0,6,,0.29056665508423773,0.46385708980708606,0.1777782991435771,46.38570898070861,36.50178454724863,normal
job_000010,Rwanda,177,5.9,monitoring,0.08379619094519412,0.37981430282358186,0.7875587729875598,0.0,0.0,0.13240740740740747,0.0,6,,0.35340339166552326,0.07792119315983581,0.21834668104219157,35.340339166552326,36.36241110156508,normal
job_000010,Rwanda,178,5.933333333333334,monitoring,0.0,0.047750466687607476,0.10860697258588574,0.39299321462671716,0.12435426563387807,0.6620370370370374,0.0,6,,0.10768058685645743,0.17579876153096166,0.1558610232984315,17.579876153096166,34.10850690774881,normal
job_000010,Rwanda,179,5.966666666666667,monitoring,0.0,0.4633523540434573,0.2556857069621354,1.0,0.49233851185831984,1.0,0.0,6,,0.302927132953571,0.5425874810710986,0.30785570915083893,54.25874810710985,36.526535851672136,normal
job_000010,Rwanda,180,6.0,monitoring,0.0,0.5,0.0,1.0,0.5396263195523299,1.0,0.0,6,,0.25,0.5599065798880825,0.275,55.990657988808245,38.86223050812847,normal
job_000010,Rwanda,181,6.033333333333333,monitoring,0.0,0.104813487934772,0.0,0.6313635955286121,0.5178411416426669,1.0,0.0,6,,0.1314440463804316,0.36615956703589675,0.2157220231902158,36.615956703589674,38.59267765158381,normal
job_000010,Rwanda,182,6.066666666666666,monitoring,0.0,0.5,0.0,1.0,0.5229623173139082,1.0,0.0,6,,0.25,0.5557405793284771,0.275,55.57405793284771,40.63044328533548,watch
job_000010,Rwanda,183,6.1,monitoring,0.0,0.432659868345411,0.26997745965254755,0.9420790052678722,0.10818175914818243,1.0,0.0,6,,0.2972923254167602,0.4216720718826125,0.3053955991996938,42.16720718826125,40.81485495368658,watch
job_000010,Rwanda,184,6.133333333333334,monitoring,0.0,0.05403084880809803,0.0,0.0,0.3244427133514364,1.0,0.0,6,,0.11620925464242941,0.08921530565907379,0.2081046273212147,20.810462732121472,38.414327887098764,watch
job_000010,Rwanda,185,6.166666666666667,monitoring,0.0,0.40386253627565316,0.21956630038559574,0.0,0.0,0.6620370370370374,0.0,6,,0.24225403968279863,0.060579380441347974,0.22592173290659484,24.225403968279863,36.71165701684049,watch
job_000010,Rwanda,186,6.2,monitoring,0.0,0.4946824967857746,0.0,0.5825077237283265,0.33941644442735874,0.28373015873015883,0.0,6,,0.17677776490874825,0.36293418892962015,0.13094840626389795,36.293418892962016,36.661468441975074,watch
job_000010,Rwanda,187,6.233333333333333,monitoring,0.0,0.10462040383059577,0.0,0.1938869522452615,0.10479907939209099,0.0,0.0,6,,0.03138612114917873,0.10975326370845365,0.015693060574589364,10.975326370845364,33.57913139343951,normal
job_000010,Rwanda,188,6.266666666666667,monitoring,0.0,0.4670046804488208,0.0,0.5489375360981815,0.49929493125932656,0.28373015873015883,0.0,6,,0.16847442000766213,0.38700257251651826,0.12679673381335488,38.70025725165183,34.19366649642499,normal
job_000010,Rwanda,189,6.3,monitoring,0.0,0.4485851538892625,0.0,0.09142142296047591,0.39848886711830045,0.28373015873015883,0.0,6,,0.16294856203979463,0.19890748789913104,0.12403380482942114,19.890748789913104,32.47731637164357,normal
job_000010,Rwanda,190,6.333333333333333,monitoring,0.0,0.18874127086390477,0.0,0.0,0.6129465085431778,0.28373015873015883,0.0,6,,0.08499539713218732,0.18154781776538015,0.08505722237561748,18.154781776538016,30.7586122202309,normal
job_000010,Rwanda,191,6.366666666666666,monitoring,0.0,0.5,0.0,0.36578775640011835,0.3903208649302325,0.6620370370370374,0.0,6,,0.21620370370370373,0.3006059309725995,0.20740740740740748,30.060593097259954,30.674849925474387,normal
job_000010,Rwanda,192,6.4,monitoring,0.0,0.5113762932233008,0.48138610435537316,1.0,0.44481837613803665,0.4583333333333338,0.0,6,,0.31959274738916693,0.5379110380180043,0.2405810263034679,53.79110380180043,33.448800390633515,normal
job_000010,Rwanda,193,6.433333333333334,monitoring,0.0,0.07088088903897516,0.4797558155753403,0.31676804995107166,0.49614324411851213,0.4583333333333338,0.0,6,,0.187036553938861,0.24553676186834938,0.17426217235881408,24.553676186834938,32.381385486177685,normal
job_000010,Rwanda,194,6.466666666666667,monitoring,0.0,0.4162697031467495,0.10226571740028544,1.0,0.2151315235933004,1.0,0.0,6,,0.2504473402940962,0.4662233363703375,0.27778031308205525,46.622333637033755,34.09029926428041,normal
job_000010,Rwanda,195,6.5,monitoring,0.0,0.3146658552365489,0.4605253987317858,0.0,0.1719990927707831,1.0,0.0,6,,0.3095311062539111,0.0901996514781781,0.3162786880952502,31.627868809525022,33.794807609709764,normal
job_000010,Rwanda,196,6.533333333333333,monitoring,0.0,0.0,0.12842422776971898,0.16036129727640142,0.1132279083400325,1.0,0.0,6,,0.13210605694242974,0.08443343113174862,0.21926363416545785,21.926363416545787,32.37059430653009,normal
job_000010,Rwanda,197,6.566666666666666,monitoring,0.0,0.13560852909268342,0.16200345833909213,0.10969680481571138,0.0,1.0,0.0,6,,0.18118342331257806,0.05873516104940149,0.24464179811476633,24.464179811476633,31.42182456712367,normal
job_000010,Rwanda,198,6.6,monitoring,0.0,0.2889616943566408,0.5238795676368555,0.0,0.14590385832889605,1.0,0.0,6,,0.31765840021620617,0.07982021873572014,0.32192618929902445,32.192618929902444,31.514319890657127,normal
job_000010,Rwanda,199,6.633333333333334,monitoring,0.0,0.1111111111111111,0.6220701128613683,0.0,0.1584943790290235,1.0,0.0,6,,0.2888508615486754,0.056290261423922544,0.3099771835958719,30.99771835958719,31.452327706928735,normal
job_000010,Rwanda,200,6.666666666666667,monitoring,0.0,0.2566658952735296,0.5918905244649822,0.0,0.03670616908945127,0.4583333333333338,0.0,6,,0.27080573303163785,0.04767642656339226,0.21895012962744353,27.080573303163785,30.927717178476943,normal
job_000010,Rwanda,201,6.7,monitoring,0.0,0.18069719161541775,0.24124983284985568,0.9471659509243241,0.18555155462978476,0.6620370370370374,0.0,6,,0.180725319400793,0.40500055022327225,0.19569946107719852,40.500055022327224,32.07639771973898,normal
job_000010,Rwanda,202,6.733333333333333,monitoring,0.0,0.05555555555555555,0.5335916024116321,0.0,0.2772013262141511,0.4583333333333338,0.0,6,,0.19589790060290807,0.07763366488687111,0.18003874036174491,19.589790060290806,30.578004800605196,normal
job_000010,Rwanda,203,6.766666666666667,monitoring,0.0,0.4677943103257994,0.12374291245702825,0.4053140862665207,0.4013223101150208,1.0,0.0,6,,0.2712740212119969,0.31235965427090734,0.2887305834174242,31.235965427090733,30.65696007578346,normal
job_000010,Rwanda,204,6.8,monitoring,0.0,0.5,0.5326872722515278,1.0,0.6108850250971548,1.0,0.0,6,,0.3831718180628819,0.5777212562742887,0.3549030908377292,57.77212562742887,33.910779941980906,normal
job_000010,Rwanda,205,6.833333333333333,monitoring,0.0,0.28904145389159974,0.5521009359212995,0.0,0.6421628534660072,1.0,0.0,6,,0.3247376701478048,0.20389693145024176,0.3261713584719349,32.61713584719349,33.755542650606415,normal
job_000010,Rwanda,206,6.866666666666666,monitoring,0.0,0.5,0.3148309421950617,1.0,0.605351536640792,0.9930555555555564,0.0,6,,0.3280132911043211,0.576337884160198,0.32083575244037055,57.633788416019804,36.62093214245603,normal
job_000010,Rwanda,207,6.9,monitoring,0.0,0.24995776203339232,0.3877999537787722,0.23808536554400966,0.31237025171559585,1.0,0.0,6,,0.27193731705471075,0.1989161051743112,0.29566365737182465,29.566365737182466,35.7743841738232,normal
job_000010,Rwanda,208,6.933333333333334,monitoring,0.0,0.0,0.7634419771229071,0.22474851666069967,0.09370182591687158,1.0,0.0,6,,0.2908604942807268,0.10208743731046278,0.31451629656843605,31.451629656843604,35.25565363178565,normal
job_000010,Rwanda,209,6.966666666666667,monitoring,0.0,0.2426904735777413,0.7582410272525257,1.0,0.0,0.9027777777777786,0.0,6,,0.3526451766642317,0.3864035710366612,0.3306952806800958,38.64035710366612,35.661818048411305,normal
job_000010,Rwanda,210,7.0,monitoring,0.0,0.3375642831981247,0.9669910581618745,0.7484503361324009,0.0,1.0,0.0,6,,0.44301704949990606,0.312592260126059,0.39568330120399986,44.30170494999061,36.69860447660082,normal
job_000010,Rwanda,211,7.033333333333333,monitoring,0.0,0.04780955267687568,0.334591812636174,0.0,0.0,1.0,0.0,6,,0.1979908189621062,0.0071714329015313515,0.2573602047969574,25.736020479695743,35.38309439697221,normal
job_000010,Rwanda,212,7.066666666666666,monitoring,0.0,0.1766961137612029,0.8173903613228198,0.0,0.048093767865344215,1.0,0.0,6,,0.3573564244590658,0.03852785903051649,0.34911297126260343,35.73564244590658,35.42540016284434,normal
job_000010,Rwanda,213,7.1,monitoring,0.0,0.20775527322147505,0.5218922837406558,0.0,0.0,1.0,0.0,6,,0.2927996529016065,0.031163290983221258,0.30944713354431963,30.94471335443196,34.887717745834856,normal
job_000010,Rwanda,214,7.133333333333334,monitoring,0.0,0.009145698870129153,0.5011797138024429,0.0,0.0,1.0,0.0,6,,0.22803863811164946,0.001371854830519373,0.2765488119008858,27.65488119008858,34.0197773591453,normal
job_000010,Rwanda,215,7.166666666666667,monitoring,0.0,0.4624072402372914,0.4987258160887443,1.0,0.0,1.0,0.0,6,,0.3634036260933735,0.4193610860355937,0.34416995844890536,41.93610860355937,34.96973710847499,normal
job_000010,Rwanda,216,7.2,monitoring,0.0,0.5,0.2196549490162967,1.0,0.04541787621682013,1.0,0.0,6,,0.30491373725407417,0.436354469054205,0.3079482423524445,43.6354469054205,36.00962228410845,normal
job_000010,Rwanda,217,7.233333333333333,monitoring,0.0,0.1784024542459585,0.0,0.0,0.1784859169904238,0.9930555555555564,0.0,6,,0.1528262918293432,0.07138184738449972,0.22537147924800507,22.537147924800507,34.3929253609915,normal
job_000010,Rwanda,218,7.266666666666667,monitoring,0.0,0.5,0.30357469170829926,1.0,0.32217137282313596,0.9930555555555564,0.0,6,,0.32519922848263044,0.505542843205784,0.31914731486735615,50.554284320578404,36.33228843614193,normal
job_000010,Rwanda,219,7.3,monitoring,0.0,0.4790247882363385,0.025063993973774984,0.020247735953807182,0.17457067563247328,0.6620370370370374,0.0,6,,0.21617713866804905,0.12258309472740159,0.20802072473892452,21.617713866804905,34.56653948782149,normal
job_000010,Rwanda,220,7.333333333333333,monitoring,0.0,0.13425301003156948,0.0,0.0,0.363517996687325,0.28373015873015883,0.0,6,,0.06864891888248673,0.11101745067656667,0.07688398325076719,11.101745067656667,31.750764157401708,normal
job_000010,Rwanda,221,7.366666666666666,monitoring,0.0,0.34752426822722854,0.0,0.9213914586785801,0.15639414394734152,1.0,0.0,6,,0.20425728046816854,0.41371418675842264,0.25212864023408427,41.371418675842264,32.905242699614575,normal
job_000010,Rwanda,222,7.4,monitoring,0.0,0.18539849739743905,0.18230134827244687,0.5232941621767433,0.09948535986234314,1.0,0.0,6,,0.20119488628734344,0.2358340713370618,0.2551549768504829,25.515497685048288,32.01847329786662,normal
job_000010,Rwanda,223,7.433333333333334,monitoring,0.0,0.0,0.1765619771055858,0.08936786001168046,0.0,1.0,0.0,6,,0.14414049427639647,0.03127875100408816,0.22648429656583788,22.648429656583787,30.89406806091268,normal
job_000010,Rwanda,224,7.466666666666667,monitoring,0.0,0.15784461752577958,0.18273320254247952,0.9712700635295102,0.009379583728366917,1.0,0.0,6,,0.19303668589335377,0.36596611079628727,0.2510866730102389,36.59661107962873,31.578373223158607,normal
job_000010,Rwanda,225,7.5,monitoring,0.0,0.18130078578339218,0.3061012970104399,0.44358100210860885,0.0,1.0,0.0,6,,0.23091555998762764,0.1824484686055219,0.2731103124190748,27.31103124190748,31.06629218540847,normal
job_000010,Rwanda,226,7.533333333333333,monitoring,0.0,0.014497789004901805,0.13404686895459275,0.22827780597547093,0.24605913826058393,1.0,0.0,6,,0.13786105394011874,0.14358668500729607,0.2222816986939242,22.22816986939242,30.005717507486544,normal
job_000010,Rwanda,227,7.566666666666666,monitoring,0.0,0.23636646477337864,0.0,1.0,0.2931949665897349,0.6620370370370374,0.0,6,,0.13711364313571733,0.4587537113634405,0.16786237712341429,45.87537113634405,31.910075942949444,normal
job_000010,Rwanda,228,7.6,monitoring,0.0,0.3330626382756261,0.0,1.0,0.32802193529767754,0.9930555555555564,0.0,6,,0.1992243470382435,0.4819648795657633,0.24857050685245521,48.19648795657633,33.86444538458467,normal
job_000010,Rwanda,229,7.633333333333334,monitoring,0.0,0.01754481809847609,0.0,0.981391730175998,0.21978387006501293,0.6620370370370374,0.0,6,,0.07146714913324657,0.40106479579262394,0.1350391301221789,40.10647957926239,34.613489487946,normal
job_000010,Rwanda,230,7.666666666666667,monitoring,0.0,0.33691111444403254,0.0,1.0,0.2607724039997679,0.6620370370370374,0.0,6,,0.16727703803691352,0.4657297681665468,0.18294407457401238,46.57297681665468,36.04862796739104,normal
job_000010,Rwanda,231,7.7,monitoring,0.0,0.5,0.0,1.0,0.2083170026116025,1.0,0.0,6,,0.25,0.47707925065290063,0.275,47.70792506529006,37.447743619138926,normal
job_000010,Rwanda,232,7.733333333333333,monitoring,0.0,0.08655958556065241,0.0,0.3560723490772611,0.0,0.9930555555555564,0.0,6,,0.12527343122375137,0.13760926001113924,0.21159504894520914,21.159504894520914,35.49315497218476,normal
job_000010,Rwanda,233,7.766666666666667,monitoring,0.0,0.4199860153551254,0.0,1.0,0.0,0.9930555555555564,0.0,6,,0.22530136016209326,0.41299790230326877,0.2616090134143801,41.29979023032688,36.18995120316182,normal
job_000010,Rwanda,234,7.8,monitoring,0.0,0.24370769587280566,0.02175283646728217,1.0,0.0,1.0,0.0,6,,0.17855051787866225,0.38655615438092084,0.2398190798510132,38.655615438092084,36.48583091135345,normal
job_000010,Rwanda,235,7.833333333333333,monitoring,0.0,0.0,0.2080433567445073,0.26586339740254905,0.0,0.3972222222222224,0.0,6,,0.09173306140834907,0.09305218909089216,0.11065094795612057,11.065094795612056,33.43534257746448,normal
job_000010,Rwanda,236,7.866666666666666,monitoring,0.0,0.08109846801951834,0.2994837263866923,1.0,0.0,0.18055555555555552,0.0,6,,0.11725602755808412,0.36216477020292775,0.0931984402720427,36.21647702029278,33.76907871060388,normal
job_000010,Rwanda,237,7.9,monitoring,0.0,0.04844039714588732,0.16314934829898087,1.0,0.0,1.0,0.0,6,,0.15531945621851143,0.35726605957188307,0.23173846181673025,35.726605957188305,34.00398198019401,normal
job_000010,Rwanda,238,7.933333333333334,monitoring,0.0,0.0,0.15759186475173345,0.31005386566968157,0.0,1.0,0.0,6,,0.13939796618793338,0.10851885298438854,0.22363877971276003,22.363877971276004,32.60716949912385,normal
job_000010,Rwanda,239,7.966666666666667,monitoring,0.0,0.014287437642664496,0.0,0.16019596977138134,0.0,0.6620370370370374,0.0,6,,0.0704899349965031,0.05821170506638314,0.1345505230538072,13.455052305380718,30.308915435874674,normal
job_000010,Rwanda,240,8.0,monitoring,0.0,0.015016330790985055,0.0,0.0,0.0,0.9930555555555564,0.0,6,,0.10381045479285117,0.002252449618647758,0.20086356072975906,20.086356072975907,29.08220831232682,normal
job_000010,Rwanda,241,8.033333333333333,monitoring,0.0,0.0,0.0,0.1614446554727497,0.0,0.6620370370370374,0.0,6,,0.06620370370370375,0.05650562941546239,0.1324074074074075,13.24074074074075,27.18123220373649,normal
job_000010,Rwanda,242,8.066666666666666,monitoring,0.0,0.0,0.0,0.6879762472399713,0.0,0.6620370370370374,0.0,6,,0.06620370370370375,0.24079168653398994,0.1324074074074075,24.079168653398995,26.80898457769599,normal
job_000010,Rwanda,243,8.1,monitoring,0.0,0.0,0.0,1.0,0.0,0.6620370370370374,0.0,6,,0.06620370370370375,0.35,0.1324074074074075,35.0,27.79190642837247,normal
job_000010,Rwanda,244,8.133333333333333,monitoring,0.0,0.0,0.0,0.353504079653547,0.0,0.6620370370370374,0.0,6,,0.06620370370370375,0.12372642787874145,0.1324074074074075,13.24074074074075,26.04576654585666,normal
job_000010,Rwanda,245,8.166666666666666,monitoring,0.0,0.061318627393952045,0.0,0.6373969614479613,0.0,0.6620370370370374,0.0,6,,0.08459929192188936,0.23228673061587923,0.1416052015165003,23.228673061587923,25.707715327744413,normal
job_000010,Rwanda,246,8.2,monitoring,0.0,0.13924387646432376,0.10385005526605595,1.0,0.3951167643896098,0.3972222222222224,0.0,6,,0.10745789897803336,0.469665772567051,0.11590853420400143,46.9665772567051,28.258778759219695,normal
job_000010,Rwanda,247,8.233333333333333,monitoring,0.0,0.0,0.10101048249182708,1.0,0.23469987722949545,0.3972222222222224,0.0,6,,0.06497484284517901,0.40867496930737385,0.09459601681821854,40.86749693073738,29.771824939801817,normal
job_000010,Rwanda,248,8.266666666666667,monitoring,0.28022848018551055,0.1663999543452649,0.23263063267378054,1.0,0.08476540987358536,0.3972222222222224,0.0,6,,0.24587983475917555,0.46620846566656365,0.1953447285344034,46.62084656665637,31.793707535024364,normal
job_000010,Rwanda,249,8.3,monitoring,0.0,0.15470260541176306,0.0,1.0,0.0,1.0,0.0,6,,0.1464107816235289,0.37320539081176446,0.22320539081176446,37.32053908117645,32.45692732056261,normal
job_000010,Rwanda,250,8.333333333333334,monitoring,0.0,0.017981189746047108,0.09423523128229096,0.8476224979966311,0.006443289737149175,0.9027777777777786,0.0,6,,0.11923094252216473,0.30097587519501523,0.19738801870980643,30.097587519501523,32.17380654443528,normal
job_000010,Rwanda,251,8.366666666666667,monitoring,0.06738019157993672,0.21696236387557555,0.5460086333308075,0.6543592497101803,0.46927892840311425,0.18055555555555552,0.0,6,,0.24322949010390793,0.3957348719756622,0.1640327990080559,39.57348719756622,33.06176822281099,normal
job_000010,Rwanda,252,8.4,monitoring,0.0,0.13030769048563076,0.0,1.0,0.0,0.3972222222222224,0.0,6,,0.07881452936791147,0.3695461535728446,0.0989905980172891,36.95461535728446,33.52890987894781,normal
job_000010,Rwanda,253,8.433333333333334,monitoring,0.05763573411737442,0.0,0.7981795568975124,0.07481702800936132,0.09174805101563517,0.18055555555555552,0.0,6,,0.2377729517210147,0.06353190608652885,0.16736519146921286,23.77729517210147,32.358716114126246,normal
job_000010,Rwanda,254,8.466666666666667,monitoring,0.05133886292726688,0.07597412751610676,0.6978279385949845,0.19782804216367553,0.0,0.6620370370370374,0.0,6,,0.2814215286318253,0.09347064961651916,0.25874548990952456,28.142152863182528,31.852728524013,normal
job_000010,Rwanda,255,8.5,monitoring,0.1951835367280825,0.11553745087478182,0.5962956416407975,0.48961284531457383,0.0,0.8511904761904769,0.0,6,,0.3371684311465105,0.23749099767333873,0.3160497664610488,33.71684311465105,32.076422274889566,normal
job_000010,Rwanda,256,8.533333333333333,monitoring,0.0,0.1111111111111111,0.3388491670778904,0.0,0.0,0.8511904761904769,0.0,6,,0.20316467272185365,0.016666666666666666,0.23773213696644563,23.773213696644564,31.080037245500165,normal
job_000010,Rwanda,257,8.566666666666666,monitoring,0.13168475445885738,0.05555555555555555,0.6314140750562578,0.45659582418500266,0.0,0.4583333333333338,0.0,6,,0.26644318282466456,0.20106306041279862,0.22104906215021025,26.644318282466458,30.547750969936118,normal
job_000010,Rwanda,258,8.6,monitoring,0.0,0.01933972206160266,0.4739509940682661,0.0,0.0,1.0,0.0,6,,0.22428966513554732,0.002900958309240399,0.2739936074194803,27.39936074194803,30.169944142577545,normal
job_000010,Rwanda,259,8.633333333333333,monitoring,0.02912083520338807,0.0,0.49371855705447754,0.0,0.0,0.6620370370370374,0.0,6,,0.19982563528850894,0.007280208800847018,0.21228935800625676,21.228935800625674,29.09702314154332,normal
job_000010,Rwanda,260,8.666666666666666,monitoring,0.0,0.20058231273095284,0.21249414075548495,0.0,0.0,0.3972222222222224,0.0,6,,0.15302045123037933,0.030087346909642924,0.14140591246741013,15.302045123037933,27.441625779322674,normal
job_000010,Rwanda,261,8.7,monitoring,0.0,0.5,0.02189148984147258,0.0,0.0,0.3972222222222224,0.0,6,,0.1951950946825904,0.075,0.15772816792066535,19.519509468259038,26.49097182199504,normal
job_000010,Rwanda,262,8.733333333333333,monitoring,0.0,0.14337758991839478,0.09301129886156603,0.5957516865891497,0.0,1.0,0.0,6,,0.16626610169090994,0.2300197287939616,0.23545833331699412,23.545833331699413,26.137555203159565,normal
job_000010,Rwanda,263,8.766666666666667,monitoring,0.0,0.36812486695826585,0.2185207715374146,0.1477379324742907,0.05728630548547702,1.0,0.0,6,,0.26506765297183343,0.12124858278111088,0.2879968457743521,28.799684577435208,26.457010728072643,normal
job_000010,Rwanda,264,8.8,monitoring,0.0,0.23221702999178612,0.0,0.0,0.0,1.0,0.0,6,,0.16966510899753584,0.03483255449876792,0.23483255449876794,23.483255449876793,26.10016009468914,normal
job_000010,Rwanda,265,8.833333333333334,monitoring,0.19233103741400948,0.1111111111111111,0.4813483535251789,0.4675042513826221,0.31705214809461335,1.0,0.0,6,,0.3209862848095314,0.3076389510277401,0.3273351271782454,32.73351271782454,26.89616240946539,normal
job_000010,Rwanda,266,8.866666666666667,monitoring,0.04707448321248135,0.2743195311606668,0.17479407830959223,0.0,0.47894354285388785,1.0,0.0,6,,0.24247044804996656,0.17265243619069232,0.27678193806303514,27.678193806303515,26.990006177085966,normal
job_000010,Rwanda,267,8.9,monitoring,0.0,0.15271571783738677,0.0,0.0,0.24625360670867757,1.0,0.0,6,,0.14581471535121604,0.08447075935277741,0.22290735767560801,22.2907357675608,26.42609372794295,normal
job_000010,Rwanda,268,8.933333333333334,monitoring,0.0,0.020268957326971856,0.0,0.6446522934719079,0.0,1.0,0.0,6,,0.10608068719809156,0.22866864631421352,0.2030403435990458,22.86686463142135,25.99898623636036,normal
job_000010,Rwanda,269,8.966666666666667,monitoring,0.0,0.29860819611496653,0.0,0.0,0.0,0.6620370370370374,0.0,6,,0.15578616253819372,0.044791229417244977,0.17719863682465248,17.71986368246525,25.005491529892947,normal
job_000010,Rwanda,270,9.0,monitoring,0.0,0.3061853519360658,0.0,0.0,0.0,0.3972222222222224,0.0,6,,0.13157782780304197,0.045927802790409866,0.12537224723485435,13.157782780304197,23.583766479942295,normal
job_000010,Rwanda,271,9.033333333333333,monitoring,0.0,0.0,0.1084695623965451,0.3622812647716071,0.0,0.9027777777777786,0.0,6,,0.11739516837691413,0.1267984426700625,0.19682598991503747,19.682598991503745,23.11562638132967,normal
job_000010,Rwanda,272,9.066666666666666,monitoring,0.0067304947810106226,0.13974999840166505,0.26869867403041864,0.0,0.0,0.0,0.0,6,,0.11145534120145789,0.022645123455502413,0.06261339982101469,11.14553412014579,21.679215309987605,normal
job_000010,Rwanda,273,9.1,monitoring,0.0,0.10033589664338129,0.0247826832268288,0.0,0.0,0.0,0.0,6,,0.03629643979972159,0.015050384496507193,0.01876778698053151,3.6296439799721587,19.51326675038575,normal
job_000010,Rwanda,274,9.133333333333333,monitoring,0.0,0.0,0.0,0.0,0.2902563659509393,1.0,0.0,6,,0.1,0.07256409148773482,0.2,20.0,19.571674740339457,normal
job_000010,Rwanda,275,9.166666666666666,monitoring,0.0,0.06958799326582175,0.0,0.9688579114467777,0.0,0.9930555555555564,0.0,6,,0.12018195353530217,0.34953846799624544,0.20904931010098454,34.95384679962454,21.41753538745367,normal
job_000010,Rwanda,276,9.2,monitoring,0.0,0.14283305553747602,0.0,0.7745630235774253,0.0,0.6620370370370374,0.0,6,,0.10905362036494656,0.29252201658272026,0.15383236573802891,29.252201658272025,22.35769533995187,normal
job_000010,Rwanda,277,9.233333333333333,monitoring,0.0,0.0,0.0,0.0,0.0,0.3972222222222224,0.0,6,,0.03972222222222224,0.0,0.07944444444444448,7.944444444444448,20.62810523249098,normal
job_000010,Rwanda,278,9.266666666666667,monitoring,0.0,0.11066009242673258,0.0,0.5840638872137481,0.0,0.6620370370370374,0.0,6,,0.09940173143172353,0.22102137438882172,0.1490064212714174,22.10213743888217,20.804989097257923,normal
job_000010,Rwanda,279,9.3,monitoring,0.0,0.2177851133491993,0.0,0.0,0.0,0.6620370370370374,0.0,6,,0.13153923770846354,0.032667767002379895,0.1650751744097874,16.507517440978738,20.289292498504423,normal
job_000010,Rwanda,280,9.333333333333334,monitoring,0.0,0.03950452559374475,0.0,0.0,0.0,0.6620370370370374,0.0,6,,0.07805506138182718,0.005925678839061713,0.13833308624646923,13.833308624646923,19.514574433641524,normal
job_000010,Rwanda,281,9.366666666666667,monitoring,0.0,0.34045213385054407,0.0,0.0,0.0,0.6620370370370374,0.0,6,,0.16833934385886695,0.05106782007758161,0.18347522748498912,18.34752274849891,19.37452823142441,normal
job_000010,Rwanda,282,9.4,monitoring,0.0,0.2943374450893333,0.0,0.7970721584344563,0.0,1.0,0.0,6,,0.1883012335268,0.3231258722154597,0.2441506167634,32.31258722154597,20.927095310238997,normal
job_000010,Rwanda,283,9.433333333333334,monitoring,0.0,0.002961609880707615,0.0,0.0,0.0,1.0,0.0,6,,0.1008884829642123,0.00044424148210614223,0.20044424148210616,20.044424148210616,20.82117477079559,normal
job_000010,Rwanda,284,9.466666666666667,monitoring,0.0,0.16945633762871443,0.0,0.0,0.40266744379352154,1.0,0.0,6,,0.15083690128861432,0.12608531159268754,0.22541845064430718,22.541845064430717,21.027655206031806,normal
job_000010,Rwanda,285,9.5,monitoring,0.0,0.08824601236388081,0.0,0.0,0.0,1.0,0.0,6,,0.12647380370916425,0.013236901854582121,0.21323690185458213,21.323690185458215,21.063179403562973,normal
job_000010,Rwanda,286,9.533333333333333,monitoring,0.0,0.0,0.0,0.0,0.0,1.0,0.0,6,,0.1,0.0,0.2,20.0,20.935597875135414,normal
job_000010,Rwanda,287,9.566666666666666,monitoring,0.0,0.0,0.0,0.0,0.0,0.0,0.0,6,,0.0,0.0,0.0,0.0,18.423326130119165,normal
job_000010,Rwanda,288,9.6,monitoring,0.0,0.0,0.0,0.0,0.0,0.28373015873015883,0.0,6,,0.028373015873015883,0.0,0.056746031746031766,5.674603174603177,16.893479375457247,normal
job_000010,Rwanda,289,9.633333333333333,monitoring,0.0,0.0,0.0,0.0,0.33343800462501944,0.28373015873015883,0.0,6,,0.028373015873015883,0.08335950115625486,0.056746031746031766,8.335950115625486,15.866575864277436,normal
job_000010,Rwanda,290,9.666666666666666,monitoring,0.0,0.0,0.0,0.0,0.0,0.28373015873015883,0.0,6,,0.028373015873015883,0.0,0.056746031746031766,5.674603174603177,14.643539141516527,normal
job_000010,Rwanda,291,9.7,monitoring,0.0,0.012035855317251673,0.2657907716362964,0.0,0.2673480508589799,0.9930555555555564,0.0,6,,0.16936400505980526,0.06864239101233273,0.2402851051541435,24.02851051541435,15.769735706384264,normal
job_000010,Rwanda,292,9.733333333333333,monitoring,0.0,0.0,0.01629555384963515,0.0,0.16739439520052357,0.3972222222222224,0.0,6,,0.04379611068463103,0.04184859880013089,0.08188877752188976,8.188877752188976,14.860032751880828,normal
job_000010,Rwanda,293,9.766666666666667,monitoring,0.0,0.024349270671894952,0.35830820134393054,0.0,0.3988903088944378,0.6620370370370374,0.0,6,,0.16308553524125485,0.10337496782439369,0.18980602820978132,18.98060282097813,15.354501160172504,normal
job_000010,Rwanda,294,9.8,monitoring,0.0,0.0932565042538244,0.4535927261435895,0.0,0.7627385289959963,0.6620370370370374,0.0,6,,0.20757883651574843,0.2046731078870727,0.2144347919670196,21.443479196701958,16.08517852455604,normal
job_000010,Rwanda,295,9.833333333333334,monitoring,0.0,0.0,0.1336049386507981,0.0,0.7816643066725018,0.9930555555555564,0.0,6,,0.13270679021825516,0.19541607666812544,0.21865185190873102,21.865185190873103,16.778779324514087,normal
job_000010,Rwanda,296,9.866666666666667,monitoring,0.0,0.322818411644934,0.0,0.0,0.3173076697627676,0.0,0.0,6,,0.0968455234934802,0.127749679187432,0.0484227617467401,12.774967918743199,16.29832195582158,normal
job_000010,Rwanda,297,9.9,monitoring,0.0,0.27304222570397224,0.0,0.0,0.2546943493329397,0.0,0.0,6,,0.08191266771119167,0.10462992118883077,0.040956333855595835,10.462992118883077,15.59808237538896,normal
job_000010,Rwanda,298,9.933333333333334,monitoring,0.0,0.0,0.0,0.0,0.3366667410062869,0.0,0.0,6,,0.0,0.08416668525157173,0.0,8.416668525157172,14.736312713361146,normal
job_000010,Rwanda,299,9.966666666666667,monitoring,0.09920666194664954,0.18881730968468363,0.28958858764242773,0.0,0.3438637635583911,0.18055555555555552,0.0,6,,0.1818202270528949,0.1390902028289627,0.1277133280995077,18.18202270528949,15.149797912392549,normal
job_000010,Rwanda,300,10.0,monitoring,0.0,0.18952676079130262,0.0,0.5789456168785061,0.17724696219583969,0.0,0.0,6,,0.056858028237390786,0.27537172057513243,0.028429014118695393,27.537172057513242,16.63628280980703,normal
job_000010,Rwanda,301,10.033333333333333,monitoring,0.0,0.0,0.08736490344367479,0.02901612207586622,0.25413445031994447,0.0,0.0,6,,0.021841225860918696,0.07368925530653929,0.013104735516551218,7.368925530653929,15.524199936308658,normal
job_000010,Rwanda,302,10.066666666666666,monitoring,0.0,0.0,0.0,0.16003901744300064,0.25809923031357584,0.0,0.0,6,,0.0,0.12053846368344417,0.0,12.053846368344418,15.10775750815295,normal
job_000010,Rwanda,303,10.1,monitoring,0.0,0.0,0.2969371507640749,0.7373500136488812,0.1597489713912063,0.0,0.0,6,,0.07423428769101872,0.29800974762491,0.04454057261461123,29.800974762491002,16.870943578673515,normal
job_000010,Rwanda,304,10.133333333333333,monitoring,0.0,0.0,0.05942299675727771,0.3275136546058683,0.025779505555171917,0.0,0.0,6,,0.014855749189319428,0.12107465550084687,0.008913449513591656,12.107465550084687,16.299326215242854,normal
job_000010,Rwanda,305,10.166666666666666,monitoring,0.0,0.0,0.0,1.0,0.0,0.0,0.0,6,,0.0,0.35,0.0,35.0,18.54340706941371,normal
job_000010,Rwanda,306,10.2,monitoring,0.0,0.0,0.060758902336302954,0.7827549078313708,0.0,0.0,0.0,6,,0.015189725584075739,0.2739642177409798,0.009113835350445442,27.39642177409798,19.605768833975823,normal
job_000010,Rwanda,307,10.233333333333333,monitoring,0.0,0.0,0.0,0.10591925856560121,0.13396613826100398,0.0,0.0,6,,0.0,0.07056327506321142,0.0,7.056327506321142,18.099835874657263,normal
job_000010,Rwanda,308,10.266666666666667,monitoring,0.0,0.0,0.0,0.4208597804522087,0.0695821188080767,0.0,0.0,6,,0.0,0.16469645286029222,0.0,16.469645286029223,17.904213004021898,normal
job_000010,Rwanda,309,10.3,monitoring,0.0,0.0,0.0,0.41290806893741994,0.0,0.0,0.0,6,,0.0,0.14451782412809697,0.0,14.451782412809697,17.489921333076435,normal
job_000010,Rwanda,310,10.333333333333334,monitoring,0.0,0.0,0.1736494651124691,0.09080938984826621,0.0,0.0,0.0,6,,0.04341236627811727,0.03178328644689317,0.026047419766870365,4.341236627811727,15.91207916844467,normal
job_000010,Rwanda,311,10.366666666666667,monitoring,0.0,0.05555555555555555,0.40177986748110284,0.0,0.0,0.0,0.0,6,,0.11711163353694237,0.008333333333333333,0.06860031345549876,11.711163353694237,15.407969270674618,normal
job_000010,Rwanda,312,10.4,monitoring,0.0,0.0,0.0,0.13733651974645886,0.054618695851997114,0.18055555555555552,0.0,6,,0.018055555555555554,0.061722455874259875,0.03611111111111111,6.172245587425987,14.299682428684783,normal
job_000010,Rwanda,313,10.433333333333334,monitoring,0.0,0.0,0.0,0.1563494358502523,0.0,0.0,0.0,6,,0.0,0.0547223025475883,0.0,5.47223025475883,13.240388167813668,normal
job_000010,Rwanda,314,10.466666666666667,monitoring,0.0,0.0,0.0,0.15518561523180976,0.4101256513084943,0.0,0.0,6,,0.0,0.156846378158257,0.0,15.6846378158257,13.533698125575112,normal
job_000010,Rwanda,315,10.5,monitoring,0.0,0.0875566845564893,0.0,0.0,0.0,0.0,0.0,6,,0.02626700536694679,0.013133502683473394,0.013133502683473394,2.626700536694679,12.22485841490946,normal
job_000010,Rwanda,316,10.533333333333333,monitoring,0.0,0.0,0.0,0.0,0.13932630053211068,0.0,0.0,6,,0.0,0.03483157513302767,0.0,3.483157513302767,11.175854306716657,normal
job_000010,Rwanda,317,10.566666666666666,monitoring,0.0,0.061941873221328304,0.0,0.0,0.7226095788221546,0.0,0.0,6,,0.01858256196639849,0.1899436756887379,0.009291280983199245,18.99436756887379,12.114075898175514,normal
job_000010,Rwanda,318,10.6,monitoring,0.0,0.3289067577497498,0.0,0.0,0.4687946352184625,0.6620370370370374,0.0,6,,0.16487573102862868,0.1665346724670781,0.18174342106986996,18.174342106986995,12.841307843232892,normal
job_000010,Rwanda,319,10.633333333333333,monitoring,0.0,0.14852797542106694,0.0,0.0,0.5907304957643846,1.0,0.0,6,,0.1445583926263201,0.1699618202542562,0.22227919631316007,22.227919631316006,13.967701257802865,normal
job_000010,Rwanda,320,10.666666666666666,monitoring,0.0,0.4991365584903082,0.0,0.2617544497142692,0.45685267192539153,0.28373015873015883,0.0,6,,0.17811398342010834,0.28069770915488834,0.13161651551957798,28.069770915488835,15.659949616725182,normal
job_000010,Rwanda,321,10.7,monitoring,0.0,0.053201601185765404,0.0,0.7927660525093971,0.0,0.6620370370370374,0.0,6,,0.08216418405943338,0.2854483585561538,0.1403876475852723,28.544835855615382,17.206135965392008,normal
job_000010,Rwanda,322,10.733333333333333,monitoring,0.0,0.0,0.0,0.21336996625474333,0.1830666001162938,0.28373015873015883,0.0,6,,0.028373015873015883,0.1204461382182336,0.056746031746031766,12.044613821823361,16.58675330816377,normal
job_000010,Rwanda,323,10.766666666666667,monitoring,0.0,0.08813323804112679,0.0,0.46421880369103397,0.0,0.0,0.0,6,,0.026439971412338035,0.1756965669980309,0.013219985706169017,17.56965669980309,16.70470171516049,normal
job_000010,Rwanda,324,10.8,monitoring,0.0,0.20280981522304528,0.0,0.13727505961335604,0.0,0.0,0.0,6,,0.06084294456691358,0.0784677431481314,0.03042147228345679,7.84677431481314,15.641750427118808,normal
job_000010,Rwanda,325,10.833333333333334,monitoring,0.0,0.0,0.0,0.0,0.0,0.0,0.0,6,,0.0,0.0,0.0,0.0,13.764740375864552,normal
job_000010,Rwanda,326,10.866666666666667,monitoring,0.0,0.36308487137700696,0.0,1.0,0.0,0.0,0.0,6,,0.10892546141310208,0.40446273070655103,0.05446273070655104,40.4462730706551,16.966524299239417,normal
job_000010,Rwanda,327,10.9,monitoring,0.0,0.0,0.0,0.0,0.5841996801648596,0.0,0.0,6,,0.0,0.1460499200412149,0.0,14.60499200412149,16.683140423825265,normal
job_000010,Rwanda,328,10.933333333333334,monitoring,0.0,0.0,0.3382516280506784,0.0,0.23426964473797834,0.0,0.0,6,,0.0845629070126696,0.058567411184494586,0.050737744207601757,8.45629070126696,15.695918457118267,normal
job_000010,Rwanda,329,10.966666666666667,monitoring,0.0,0.015984528746394968,0.0,0.0,0.6328315181046696,0.0,0.0,6,,0.00479535862391849,0.16060555883812666,0.002397679311959245,16.060555883812665,15.739674948321595,normal
job_000010,Rwanda,330,11.0,monitoring,0.0,0.04429012389349367,0.0,1.0,0.04543757325811282,0.0,0.0,6,,0.0132870371680481,0.3680029118985523,0.00664351858402405,36.80029118985523,18.26694889730563,normal
job_000010,Rwanda,331,11.033333333333333,monitoring,0.0,0.0,0.0,0.8283323660763394,0.0,0.0,0.0,6,,0.0,0.2899163281267188,0.0,28.99163281267188,19.553910967149584,normal
job_000010,Rwanda,332,11.066666666666666,monitoring,0.0,0.23139428051816238,0.0,1.0,0.0,0.28373015873015883,0.0,6,,0.09779130002846459,0.38470914207772433,0.09145517382375612,38.47091420777243,21.823951356024327,normal
job_000010,Rwanda,333,11.1,monitoring,0.0,0.42285583888532013,0.0,0.0,0.0,0.0,0.0,6,,0.12685675166559604,0.06342837583279802,0.06342837583279802,12.685675166559603,20.72735821328856,normal
job_000010,Rwanda,334,11.133333333333333,monitoring,0.0,0.2564843139406566,0.0,0.07804746774320327,0.0,0.0,0.0,6,,0.07694529418219699,0.06578926080121963,0.038472647091098496,7.694529418219699,19.163418757880297,normal
job_000010,Rwanda,335,11.166666666666666,monitoring,0.0,0.28089157010889326,0.0,1.0,0.0,0.0,0.0,6,,0.08426747103266798,0.39213373551633396,0.04213373551633399,39.213373551633396,21.56941333313067,normal
job_000010,Rwanda,336,11.2,monitoring,0.0,0.19590830965439388,0.04591560164615974,0.0,0.0,0.0,0.0,6,,0.0702513933078581,0.02938624644815908,0.03627358669508304,7.02513933078581,19.824100452849287,normal
job_000010,Rwanda,337,11.233333333333333,monitoring,0.0,0.05555555555555555,0.08277235557507247,0.0,0.0,0.0,0.0,6,,0.03735975556043478,0.008333333333333333,0.020749186669594202,3.735975556043478,17.89352546523259,normal
job_000010,Rwanda,338,11.266666666666667,monitoring,0.0,0.0,0.0,0.3698291460170171,0.08591251549985454,0.0,0.0,6,,0.0,0.1509183299809196,0.0,15.091832998091961,17.557322369175715,normal
job_000010,Rwanda,339,11.3,monitoring,0.0,0.0,0.0,0.0,0.0,0.0,0.0,6,,0.0,0.0,0.0,0.0,15.45044368487463,normal
job_000010,Rwanda,340,11.333333333333334,monitoring,0.0,0.0,0.0,0.1256351834541326,0.0,0.0,0.0,6,,0.0,0.04397231420894641,0.0,4.397231420894641,14.124058213197031,normal
job_000010,Rwanda,341,11.366666666666667,monitoring,0.0,0.14338644626623187,0.0,0.5139008069634508,0.0,0.3972222222222224,0.0,6,,0.0827381561020918,0.20137324937714254,0.10095241138437927,20.137324937714254,14.845650220139099,normal
job_000010,Rwanda,342,11.4,monitoring,0.0,0.08960210787367054,0.0,0.19959793712061605,0.0,0.3972222222222224,0.0,6,,0.0666028545843234,0.0832995941732662,0.09288476062549507,9.288476062549506,14.178789321228349,normal
job_000010,Rwanda,343,11.433333333333334,monitoring,0.0,0.0,0.02360012069393403,0.18863791782279213,0.0,0.0,0.0,6,,0.005900030173483508,0.06602327123797724,0.0035400181040901044,6.602327123797725,13.269613857536674,normal
job_000010,Rwanda,344,11.466666666666667,monitoring,0.0,0.17915681594486385,0.0,0.4545125559269183,0.0,0.0,0.0,6,,0.05374704478345915,0.18595291696615096,0.026873522391729576,18.595291696615096,13.908695198226084,normal
job_000010,Rwanda,345,11.5,monitoring,0.0,0.20599469415677035,0.0,1.0,0.0,0.18055555555555552,0.0,6,,0.07985396380258666,0.3808992041235155,0.06701031523462667,38.08992041235155,16.81044222392114,normal
job_000010,Rwanda,346,11.533333333333333,monitoring,0.0,0.016973871887321263,0.0,0.86667255838836,0.0,0.18055555555555552,0.0,6,,0.023147717121751933,0.3058814762190242,0.0386571918942093,30.58814762190242,18.463766871678892,normal
job_000010,Rwanda,347,11.566666666666666,monitoring,0.0,0.3957755902074576,0.0,1.0,0.0,0.0,0.0,6,,0.11873267706223728,0.4093663385311186,0.05936633853111864,40.93663385311186,21.16051090945085,normal
job_000010,Rwanda,348,11.6,monitoring,0.0,0.45224801358406547,0.0,1.0,0.0820711380204653,0.0,0.0,6,,0.13567440407521963,0.4383549865427261,0.06783720203760982,43.83549865427261,23.88150943882946,normal
job_000010,Rwanda,349,11.633333333333333,monitoring,0.0,0.13797830959884516,0.05058282385211526,0.6424299112526052,0.14180259378576973,0.0,0.0,6,,0.054039198842682365,0.280997863824681,0.028284170017644064,28.0997863824681,24.387702672066098,normal
job_000010,Rwanda,350,11.666666666666666,monitoring,0.023145642306304212,0.42054585182816506,0.0,0.06367997873160582,0.3833475977855402,0.0,0.0,6,,0.134264730355656,0.1869931803532479,0.06771100623548561,18.69931803532479,23.70509651565714,normal
job_000010,Rwanda,351,11.7,monitoring,0.0,0.3803430634725541,0.5705798225302252,0.21500074725046556,0.8307247797745267,0.0,0.0,6,,0.25674787467432253,0.3399829160021777,0.1426384329004169,33.998291600217776,24.94027992580442,normal
job_000010,Rwanda,352,11.733333333333333,monitoring,0.0,0.0,0.2166629988964082,0.4129256795807463,0.704218805966962,0.0,0.0,6,,0.05416574972410205,0.32057868934500167,0.03249944983446123,32.05786893450016,25.794390606847905,normal
job_000010,Rwanda,353,11.766666666666667,monitoring,0.0,0.06423886398106565,0.12064384131352654,1.0,0.61474791929554,0.6620370370370374,0.0,6,,0.11563632322640507,0.5133228094210448,0.16013981320159631,51.33228094210448,28.858937447078695,normal
job_000010,Rwanda,354,11.8,monitoring,0.0,0.07807808657609296,0.24883125742636358,1.0,0.18217523585448037,0.3972222222222224,0.0,6,,0.12535346255164104,0.407255521950034,0.12848084604481297,40.7255521950034,30.28293121682966,normal
job_000010,Rwanda,355,11.833333333333334,monitoring,0.0,0.0,0.0,0.24204477457990678,0.09756282977457317,0.9930555555555564,0.0,6,,0.09930555555555565,0.10910637854661065,0.1986111111111113,19.86111111111113,29.032312804143437,normal
job_000010,Rwanda,356,11.866666666666667,monitoring,0.0,0.2560663886507108,0.0,0.6309367904544342,0.22947552811639452,0.0,0.0,6,,0.07681991659521324,0.3166067169857572,0.03840995829760662,31.660671698575722,29.347715871475312,normal
job_000010,Rwanda,357,11.9,monitoring,0.0,0.34027217705484825,0.0,1.0,0.5234115967263967,0.6620370370370374,0.0,6,,0.16828535682015822,0.5318937257398264,0.18344823396563473,53.18937257398264,32.20871467577619,normal
job_000010,Rwanda,358,11.933333333333334,monitoring,0.0,0.07124926594501581,0.5121903854141083,0.5432071946967572,0.4239443736010178,0.0,0.0,6,,0.14942237613703183,0.3067960014358718,0.08751594770386861,30.679600143587184,32.02522093191351,normal
job_000010,Rwanda,359,11.966666666666667,monitoring,0.01977809713321555,0.5544773607119204,0.22000772622517256,1.0,0.5467599225466061,0.0,0.0,6,,0.2282674737664947,0.5748061090267435,0.12012838246720706,57.48061090267434,35.07986772840481,normal
job_000010,Rwanda,360,12.0,monitoring,0.1255745029484028,0.5044783511555543,0.11612121130827271,1.0,0.5235259558715991,0.0,0.0,6,,0.22432488420567542,0.5879468673783336,0.1182048349592546,58.79468673783336,37.92564600953624,normal
job_000010,Rwanda,361,12.033333333333333,monitoring,0.20610422550739854,0.16666666666666666,0.1323023896220902,1.0,0.3917703683270947,0.13240740740740747,0.0,6,,0.16845281707385276,0.5244686484586233,0.11254768502627474,52.44686484586233,39.668192269895364,normal
job_000010,Rwanda,362,12.066666666666666,monitoring,0.17489009479220655,0.1111111111111111,0.31506274490308767,0.8685279509944377,0.15204095089295946,0.28373015873015883,0.0,6,,0.2016835686093934,0.40238421093601134,0.1556501291066029,40.23842109360113,39.73661972874006,normal
job_000010,Rwanda,363,12.1,monitoring,0.10798501398814372,0.2623112929754279,0.5682729491688292,1.0,0.5114758907343498,0.28373015873015883,0.0,6,,0.2869293959537018,0.5442119201269375,0.2029306708652991,54.42119201269375,41.498768402814505,watch
job_000010,Rwanda,364,12.133333333333333,monitoring,0.08787490078404121,0.1111111111111111,0.24927985491574664,0.6459299254031113,0.476821664645788,0.28373015873015883,0.0,6,,0.1547825282097003,0.3839162819152129,0.1283796568068687,38.391628191521285,41.12591157745932,watch
job_000010,Rwanda,365,12.166666666666666,monitoring,0.0,0.10520193573561507,0.4236176100626578,0.48153345663566954,0.6892068385149407,0.6620370370370374,0.0,6,,0.20366868694005275,0.35661870981156174,0.21173033927714843,35.66187098115618,40.47022670590294,watch
job_000010,Rwanda,366,12.2,monitoring,0.0,0.09403581045906381,0.22349057741259076,0.25061637567925116,0.633011363674753,0.18055555555555552,0.0,6,,0.10213894304642238,0.2600739439752857,0.08374006929185929,26.00739439752857,38.73468682889801,watch
job_000010,Rwanda,367,12.233333333333333,monitoring,0.0,0.0,0.42891343010095057,0.0,0.5163473812111056,0.6620370370370374,0.0,6,,0.1734320612289414,0.1290868453027764,0.1967444219225501,19.67444219225501,36.44745747250086,watch
job_000010,Rwanda,368,12.266666666666667,monitoring,0.0,0.12492722335468184,0.3022766539290162,0.6975430774110871,0.417189371895769,0.0,0.0,6,,0.1130473304886586,0.36717650357102494,0.0640805815925547,36.71765035710249,36.479880618653056,watch
job_000010,Rwanda,369,12.3,monitoring,0.0,0.02713480168436207,0.0,0.5384625938739328,0.19390171454191163,0.0,0.0,6,,0.00814044050530862,0.24100755674400867,0.00407022025265431,24.10075567440087,34.994385625342794,normal
job_000010,Rwanda,370,12.333333333333334,monitoring,0.0,0.0,0.03447002284806425,0.6242547152339365,0.3446171627814646,0.3972222222222224,0.0,6,,0.048339727934238304,0.30464344102724394,0.08461494787165412,30.464344102724393,34.45078064262859,normal
job_000010,Rwanda,371,12.366666666666667,monitoring,0.0,0.17128488523273697,0.1782373076651687,1.0,0.13892158908014487,0.18055555555555552,0.0,6,,0.11400034804166881,0.41042313005494674,0.08853944004579696,41.04231300549468,35.24176452617252,normal
job_000010,Rwanda,372,12.4,monitoring,0.0,0.16404186002589408,0.4255576295433109,1.0,0.02342564746169187,0.6620370370370374,0.0,6,,0.2218056690972997,0.38046269086930706,0.22084733084278824,38.04626908693071,35.5783050734635,normal
job_000010,Rwanda,373,12.433333333333334,monitoring,0.0,0.0,0.44171868788031754,0.15265790595357276,0.4328092239953704,0.0,0.0,6,,0.11042967197007938,0.16163257308259307,0.06625780318204763,16.163257308259308,33.248499341639,normal
job_000010,Rwanda,374,12.466666666666667,monitoring,0.010938933413967768,0.28078959109770396,0.5982129708723855,0.7982911388265358,0.3941990992486078,0.0,0.0,6,,0.23761874674229627,0.42280484541958696,0.13403817097830698,42.2804845419587,34.33233756567736,normal
job_000010,Rwanda,375,12.5,monitoring,0.0,0.139822080688351,0.3311436895791948,0.0,0.5670965882279461,0.18055555555555552,0.0,6,,0.14278810215685955,0.16274745916023917,0.10675597665124298,16.274745916023917,32.16542656771895,normal
job_000010,Rwanda,376,12.533333333333333,monitoring,0.0,0.0,0.3297025868441281,0.0,0.5437973204569272,0.18055555555555552,0.0,6,,0.10048120226658758,0.1359493301142318,0.08556649913773032,13.59493301142318,29.93696734096346,normal
job_000010,Rwanda,377,12.566666666666666,monitoring,0.0,0.05417108304958957,0.4007822229420251,0.5819274833939034,0.33053005579309036,0.0,0.0,6,,0.11644688065038314,0.2944327955935772,0.06824299589874219,29.44327955935772,29.87772480717077,normal
job_000010,Rwanda,378,12.6,monitoring,0.0,0.05551785057171656,0.0,0.45176423285678197,0.26797674235715885,0.3972222222222224,0.0,6,,0.05637757739373721,0.23343934467492086,0.08777212203020196,23.343934467492087,29.09366996640933,normal
job_000010,Rwanda,379,12.633333333333333,monitoring,0.0,0.0,0.0,0.23468471489399537,0.30669681598359705,0.3972222222222224,0.0,6,,0.03972222222222224,0.15881385420879762,0.07944444444444448,15.881385420879763,27.508195820945783,normal
job_000010,Rwanda,380,12.666666666666666,monitoring,0.0,0.03176150976729396,0.0,0.5897135131665937,0.4914655747679305,0.0,0.0,6,,0.009528452930188187,0.3340303497653845,0.004764226465094093,33.40303497653845,28.215576519616903,normal
job_000010,Rwanda,381,12.7,monitoring,0.0,0.1367639942610866,0.0,0.9861610769890137,0.3949354746635067,0.0,0.0,6,,0.041029198278325976,0.4644048447511944,0.020514599139162988,46.44048447511944,30.402565474277207,normal
job_000010,Rwanda,382,12.733333333333333,monitoring,0.0,0.0,0.3360953002217096,0.49499375714080274,0.35522161000733193,0.0,0.0,6,,0.0840238250554274,0.26205321750111393,0.05041429503325644,26.205321750111395,29.89889622737731,normal
job_000010,Rwanda,383,12.766666666666667,monitoring,0.0,0.12286293444447484,0.07894507418200843,0.37163808296052725,0.09905096940517746,0.0,0.0,6,,0.05659514887884455,0.17326551155415013,0.03027120129397249,17.32655115541501,28.390214818741836,normal
job_000010,Rwanda,384,12.8,monitoring,0.0,0.1661753489794081,0.02065212273101804,0.5678444341049389,0.20191777224089344,0.0,0.0,6,,0.055015635376576943,0.2741512973438632,0.028024120756563922,27.41512973438632,28.273204608619174,normal
job_000010,Rwanda,385,12.833333333333334,monitoring,0.0,0.0,0.0,0.0,0.39979142540581375,0.0,0.0,6,,0.0,0.09994785635145344,0.0,9.994785635145345,26.079794331802315,normal
job_000010,Rwanda,386,12.866666666666667,monitoring,0.0,0.23599103947216585,0.008793772430725813,0.0,0.38789977389188934,0.0,0.0,6,,0.0729957549493312,0.13237359939379723,0.03671772178543375,13.237359939379722,24.5387022047116,normal
job_000010,Rwanda,387,12.9,monitoring,0.0,0.0,0.0,0.0,0.36761022430284646,0.0,0.0,6,,0.0,0.09190255607571161,0.0,9.190255607571162,22.69688861305475,normal
job_000010,Rwanda,388,12.933333333333334,monitoring,0.0,0.0,0.0,0.08706525574544392,0.0,0.0,0.0,6,,0.0,0.03047283951090537,0.0,3.047283951090537,20.338936053619044,normal
job_000010,Rwanda,389,12.966666666666667,monitoring,0.0,0.0,0.0,0.0,0.0,0.0,0.0,6,,0.0,0.0,0.0,0.0,17.89826372718476,normal
job_000010,Rwanda,390,13.0,monitoring,0.0,0.0,0.0,0.5333226644716114,0.014667348585280692,0.0,0.0,6,,0.0,0.19032976971138416,0.0,19.032976971138417,18.034429316459196,normal
job_000010,Rwanda,391,13.033333333333333,monitoring,0.0,0.0,0.0,0.2047085913586724,0.0,0.0,0.0,6,,0.0,0.07164800697553533,0.0,7.164800697553534,16.730073882190517,normal
job_000010,Rwanda,392,13.066666666666666,monitoring,0.0,0.0,0.08061101964893111,0.22124741449630986,0.2007013657642349,0.0,0.0,6,,0.020152754912232777,0.12761193651476715,0.012091652947339666,12.761193651476715,16.25380825450486,normal
job_000010,Rwanda,393,13.1,monitoring,0.0,0.0,0.0,0.18880901433166047,0.14157605529567677,0.0,0.0,6,,0.0,0.10147716884000035,0.0,10.147716884000035,15.521077290044282,normal
job_000010,Rwanda,394,13.133333333333333,monitoring,0.0,0.0,0.16755792008164927,0.0,0.18946020358106322,0.0,0.0,6,,0.04188948002041232,0.047365050895265805,0.02513368801224739,4.73650508952658,14.226928625982158,normal
job_000010,Rwanda,395,13.166666666666666,monitoring,0.0,0.02370330752625016,0.0,0.4800260260511767,0.0,0.0,0.0,6,,0.007110992257875048,0.17156460524684936,0.003555496128937524,17.156460524684935,14.578472453826492,normal
job_000010,Rwanda,396,13.2,monitoring,0.0,0.06995280667095755,0.0,0.6617844637158693,0.0,0.0,0.0,6,,0.020985842001287263,0.24211748330119787,0.010492921000643632,24.211748330119786,15.73446555898169,normal
job_000010,Rwanda,397,13.233333333333333,monitoring,0.0,0.0,0.0,0.1430793353535727,0.0,0.0,0.0,6,,0.0,0.05007776737375044,0.0,5.007776737375044,14.44726290038889,normal
job_000010,Rwanda,398,13.266666666666667,monitoring,0.0,0.0482047082441279,0.0,0.0,0.0,0.18055555555555552,0.0,6,,0.03251696802879392,0.007230706236619184,0.043341817347730294,4.334181734773029,13.233693160514987,normal
job_000010,Rwanda,399,13.3,monitoring,0.0,0.03448824301483076,0.0,0.0379849621046662,0.0,0.0,0.0,6,,0.010346472904449228,0.018467973188857786,0.005173236452224614,1.8467973188857785,11.86726565951948,normal
job_000011,Rwanda,0,0.0,calibration,0.0,0.26666666666666666,0.05179131706544844,0.0,0.0,0.23809523809523822,0.0,4,convergence;directional_coherence,0.11675735307588593,0.04,0.09538774517886492,11.675735307588592,,calibrating
job_000011,Rwanda,1,0.03333333333333333,calibration,0.10739620985267108,0.5,0.1594789311001798,0.5160849162554567,0.0019775765232211404,0.0,0.0,6,,0.22745840622347985,0.28297316728338284,0.12040108163556118,28.297316728338284,,calibrating
job_000011,Rwanda,2,0.06666666666666667,calibration,0.21689214737657708,0.6096047496380065,0.348114622753885,1.0,0.15321440275476447,0.0,0.0,6,,0.34582233216167513,0.5339673499785363,0.18703633533409916,53.396734997853635,,calibrating
job_000011,Rwanda,3,0.1,calibration,0.0,0.6389918785145842,0.5149503543958716,1.0,0.14041190134308323,0.0,0.0,6,,0.3204351521533432,0.48095175711295846,0.17309133493656836,48.095175711295845,,calibrating
job_000011,Rwanda,4,0.13333333333333333,calibration,0.0,0.4028010010726682,0.23138582959881812,0.8735106071562826,0.17257017711849257,0.05291005291005292,0.0,6,,0.1839777630125103,0.4092914069452223,0.10571003518273353,40.92914069452223,,calibrating
job_000011,Rwanda,5,0.16666666666666666,calibration,0.1354081842445511,0.6479692215377086,0.0,1.0,0.23082266697249232,0.05291005291005292,0.0,6,,0.24707463623791076,0.5387530960349172,0.1348590306615771,53.875309603491715,,calibrating
job_000011,Rwanda,6,0.2,calibration,0.4292336777115316,0.6116745084830312,0.14782917357921097,1.0,0.21553398826925602,0.05291005291005292,0.0,6,,0.37598243842975343,0.6029430927676516,0.2103542984336532,60.294309276765155,,calibrating
job_000011,Rwanda,7,0.23333333333333334,calibration,0.476409741210258,0.40981661743194364,0.13749229312706454,0.5783393572767939,0.19019903382538758,0.05291005291005292,0.0,6,,0.3293524732259448,0.43054346142058075,0.1879602954079134,43.05434614205807,,calibrating
job_000011,Rwanda,8,0.26666666666666666,calibration,0.0,0.2645910732409048,0.02762065674701994,1.0,0.18656476846745187,0.23809523809523822,0.0,6,,0.11009200996855024,0.43632985310299865,0.09145080711723635,43.632985310299865,,calibrating
job_000011,Rwanda,9,0.3,calibration,0.1185721930922897,0.4299840818728753,0.1187055089892935,1.0,0.1411357011565339,0.14005602240896367,0.0,6,,0.2141774716323837,0.4794245858431372,0.13402908172957598,47.94245858431372,,calibrating
job_000011,Rwanda,10,0.3333333333333333,calibration,0.0,0.0,0.3055167865780283,0.0,0.0,0.34920634920634935,0.0,6,,0.111299831565142,0.0,0.1156687878279741,11.56687878279741,,calibrating
job_000011,Rwanda,11,0.36666666666666664,calibration,0.11228762536758165,0.4658328915729046,0.0,1.0,0.17217724116166586,0.14005602240896367,0.0,6,,0.19305613859142132,0.49099115036824753,0.12034366329124474,49.099115036824756,,calibrating
job_000011,Rwanda,12,0.4,calibration,0.43192110421922936,0.5866641868501157,0.0,1.0,0.1557782681848341,0.05291005291005292,0.0,6,,0.33246264782277024,0.5849244711285332,0.1849658594533738,58.49244711285332,,calibrating
job_000011,Rwanda,13,0.43333333333333335,calibration,0.0,0.1468983360179972,0.08523064499772075,0.5430683006691046,0.28138678358074004,0.23809523809523822,0.0,6,,0.08918668586435317,0.2824553515320712,0.08243839477140534,28.24553515320712,,calibrating
job_000011,Rwanda,14,0.4666666666666667,calibration,0.0,0.18881214785189676,0.0,0.38746921651804206,0.2487892763637334,0.4761904761904763,0.0,6,,0.10426269197461666,0.22613336705003256,0.12355991741587977,22.613336705003256,,calibrating
job_000011,Rwanda,15,0.5,calibration,0.0,0.12801706184288705,0.0,0.45357195959566654,0.18548854243331345,0.34920634920634935,0.0,6,,0.07332575347350105,0.2243248807432447,0.08904382911770292,22.432488074324468,,calibrating
job_000011,Rwanda,16,0.5333333333333333,calibration,0.0,0.008302404355909655,0.0,0.0,0.18076068728714645,0.4761904761904763,0.0,6,,0.05010976892582053,0.04643553247517306,0.0964834558914817,9.648345589148171,,calibrating
job_000011,Rwanda,17,0.5666666666666667,calibration,0.0,0.2883294237044465,0.0,0.0,0.26798264853915266,0.4761904761904763,0.0,6,,0.13411787473038156,0.11024507569045514,0.13848750879376223,13.848750879376222,,calibrating
job_000011,Rwanda,18,0.6,calibration,0.0,0.1910667424980161,0.0,0.04911666611393094,0.26621499999514314,0.34920634920634935,0.0,6,,0.09224065767003976,0.11240459451336403,0.09850128121597229,11.240459451336402,,calibrating
job_000011,Rwanda,19,0.6333333333333333,calibration,0.0,0.0,0.0,0.010465526512139977,0.25622686515645415,0.0,0.0,6,,0.0,0.06771965056836253,0.0,6.771965056836253,,calibrating
job_000011,Rwanda,20,0.6666666666666666,calibration,0.0,0.08337195354493598,0.0,0.0,0.2531823757978256,0.0,0.0,6,,0.025011586063480796,0.0758013869811968,0.012505793031740398,7.58013869811968,,calibrating
job_000011,Rwanda,21,0.7,calibration,0.0,0.07762546147045861,0.0,0.0,0.2040278993835789,0.0,0.0,6,,0.02328763844113758,0.06265079406646351,0.01164381922056879,6.265079406646351,,calibrating
job_000011,Rwanda,22,0.7333333333333333,calibration,0.0,0.0,0.0,0.0,0.20346852730922713,0.0,0.0,6,,0.0,0.05086713182730678,0.0,5.086713182730678,,calibrating
job_000011,Rwanda,23,0.7666666666666667,calibration,0.11168340585439235,0.127816343069669,0.03056024620257516,0.0,0.16268040453920668,0.34920634920634935,0.0,6,,0.11999479144121673,0.08776340405885011,0.11593443940298497,11.999479144121674,,calibrating
job_000011,Rwanda,24,0.8,calibration,1.0,0.5243732411663073,0.3939079584464865,0.0,0.19913358448257207,0.05291005291005292,0.0,6,,0.6110799672525192,0.3784393822955891,0.3483241905239297,61.10799672525192,,calibrating
job_000011,Rwanda,25,0.8333333333333334,calibration,0.5317473275424268,0.1484831273092202,0.13538298352586772,0.0,0.16299266748446514,0.23809523809523822,0.0,6,,0.2883117725236062,0.19595746785310603,0.1965484297527962,28.831177252360618,,calibrating
job_000011,Rwanda,26,0.8666666666666667,calibration,0.2802295137934081,0.14763543006861288,0.0,0.0,0.19105576173913522,0.0,0.0,6,,0.1423709588482767,0.13996663339342777,0.07819121726897356,14.237095884827669,,calibrating
job_000011,Rwanda,27,0.9,calibration,0.25182281193277034,0.052578567141344436,0.0,0.0,0.17389440005571374,0.0,0.0,6,,0.10391155431887295,0.11431608806832269,0.05825134745775573,11.43160880683227,,calibrating
job_000011,Rwanda,28,0.9333333333333333,calibration,0.2767257604275633,0.0,0.0,0.0,0.12107653322559091,0.0,0.0,6,,0.09685401614964716,0.09945057341328856,0.05534515208551266,9.945057341328855,,calibrating
job_000011,Rwanda,29,0.9666666666666667,calibration,0.0,0.0,0.0,0.15278558046159968,0.07240760054053849,0.0,0.0,6,,0.0,0.0715768532966945,0.0,7.15768532966945,,calibrating
job_000011,Rwanda,30,1.0,calibration,0.6399101865826704,0.13333333333333333,0.19542266191403712,0.0,0.0,0.0,0.0,6,,0.3128242307824439,0.1799775466456676,0.17729543660363967,31.282423078244392,,calibrating
job_000011,Rwanda,31,1.0333333333333334,calibration,0.26880874896678564,0.0,0.18591667287019886,0.08277057215365759,0.0005521985900327802,0.0,0.0,6,,0.1405622303559247,0.09630993714298476,0.08164925072388696,14.056223035592469,,calibrating
job_000011,Rwanda,32,1.0666666666666667,calibration,0.0,0.0167990137518223,0.0,0.0,0.0,0.0,0.0,6,,0.00503970412554669,0.002519852062773345,0.002519852062773345,0.503970412554669,,calibrating
job_000011,Rwanda,33,1.1,calibration,0.0,0.034045540133557775,0.0,0.0,0.0,0.0,0.0,6,,0.010213662040067331,0.005106831020033666,0.005106831020033666,1.021366204006733,,calibrating
job_000011,Rwanda,34,1.1333333333333333,calibration,0.06256008718820698,0.0,0.10569413526284767,0.0,0.0,0.0,0.0,6,,0.04831956433158436,0.015640021797051745,0.028366137727068544,4.831956433158436,,calibrating
job_000011,Rwanda,35,1.1666666666666667,calibration,0.16385587880886485,0.19445301399488035,0.0,0.0,0.0,0.0,0.0,6,,0.1156854617815668,0.07013192180144825,0.06193912786100502,11.56854617815668,,calibrating
job_000011,Rwanda,36,1.2,calibration,0.12648015967051687,0.027591120206837086,0.0,0.0,0.0,0.0,0.0,6,,0.05254539194673203,0.03575870794865478,0.029434699965128937,5.254539194673203,,calibrating
job_000011,Rwanda,37,1.2333333333333334,calibration,0.3952419641271317,0.0,0.018244637184271002,0.0,0.0,0.0,0.0,6,,0.14289584674056385,0.09881049103178292,0.081785088403067,14.289584674056385,,calibrating
job_000011,Rwanda,38,1.2666666666666666,calibration,0.09889179857836462,0.0,0.0,0.0,0.0,0.0,0.0,6,,0.03461212950242762,0.024722949644591156,0.019778359715672926,3.461212950242762,,calibrating
job_000011,Rwanda,39,1.3,calibration,0.07716580761565278,0.0,0.08151255844631404,0.0,0.0,0.0,0.0,6,,0.04738617227705698,0.019291451903913195,0.027660045290077664,4.7386172277056975,,calibrating
job_000011,Rwanda,40,1.3333333333333333,calibration,0.0,0.0,0.0,0.14842257720294663,0.0,0.0,0.0,6,,0.0,0.05194790202103132,0.0,5.194790202103132,,calibrating
job_000011,Rwanda,41,1.3666666666666667,calibration,0.0,0.02772903892864645,0.0,0.0,0.0,0.0,0.0,6,,0.008318711678593934,0.004159355839296967,0.004159355839296967,0.8318711678593934,,calibrating
job_000011,Rwanda,42,1.4,calibration,0.0,0.01158683938136815,0.0,0.0,0.0,0.0,0.0,6,,0.003476051814410445,0.0017380259072052224,0.0017380259072052224,0.34760518144104446,,calibrating
job_000011,Rwanda,43,1.4333333333333333,calibration,0.0,0.0,0.0,0.0,0.0,0.0,0.0,6,,0.0,0.0,0.0,0.0,,calibrating
job_000011,Rwanda,44,1.4666666666666666,calibration,0.10903821328846817,0.13333333333333333,0.0,0.5681974362908129,0.0,0.23809523809523822,0.0,6,,0.10197289846048768,0.24612865602390152,0.08942669027674129,24.61286560239015,,calibrating
job_000011,Rwanda,45,1.5,calibration,0.07655330897539274,0.13333333333333333,0.11847958068782627,0.27919745014862457,0.0,0.23809523809523822,0.0,6,,0.12022307712286785,0.1368574347958668,0.10070164651730014,13.685743479586678,,calibrating
job_000011,Rwanda,46,1.5333333333333334,calibration,0.09137274847825742,0.13333333333333333,0.11705451839527715,0.0,0.0,0.23809523809523822,0.0,6,,0.1250536153757332,0.042843187119564356,0.1034517750739907,12.50536153757332,,calibrating
job_000011,Rwanda,47,1.5666666666666667,calibration,0.12381997252337994,0.13333333333333333,0.13014390412698376,0.0,0.0,0.23809523809523822,0.0,6,,0.13968249022445273,0.050954993130844985,0.1119046277427712,13.968249022445272,,calibrating
job_000011,Rwanda,48,1.6,calibration,0.0,0.0,0.0,0.0,0.0,0.4761904761904763,0.0,6,,0.04761904761904763,0.0,0.09523809523809526,9.523809523809526,,calibrating
job_000011,Rwanda,49,1.6333333333333333,calibration,0.007908805252899826,0.0,0.1920612357906139,0.0,0.0,0.34920634920634935,0.0,6,,0.08570402570680336,0.0019772013132249564,0.10023221626044192,10.023221626044192,,calibrating
job_000011,Rwanda,50,1.6666666666666667,calibration,0.0,0.0,0.12407337874601988,0.0,0.0,0.0,0.0,6,,0.03101834468650497,0.0,0.01861100681190298,3.1018344686504973,,calibrating
job_000011,Rwanda,51,1.7,calibration,0.0,0.0,0.11341631086871821,0.0,0.0,0.0,0.0,6,,0.028354077717179554,0.0,0.01701244663030773,2.8354077717179553,,calibrating
job_000011,Rwanda,52,1.7333333333333334,calibration,0.0,0.0,0.11439216353542894,0.0,0.0,0.0,0.0,6,,0.028598040883857236,0.0,0.01715882453031434,2.8598040883857236,,calibrating
job_000011,Rwanda,53,1.7666666666666666,calibration,0.0,0.0,0.13765977861837794,0.0,0.0,0.0,0.0,6,,0.034414944654594486,0.0,0.02064896679275669,3.4414944654594484,,calibrating
job_000011,Rwanda,54,1.8,calibration,0.0,0.0,0.11203789430277855,0.0,0.0,0.0,0.0,6,,0.028009473575694638,0.0,0.01680568414541678,2.8009473575694637,,calibrating
job_000011,Rwanda,55,1.8333333333333333,calibration,0.37988606903537864,0.0,0.0,0.0,0.0,0.34920634920634935,0.0,6,,0.16788075908301744,0.09497151725884466,0.1458184836483456,16.788075908301746,,calibrating
job_000011,Rwanda,56,1.8666666666666667,calibration,0.0,0.0,0.0,0.027825754538139895,0.0,0.0,0.0,6,,0.0,0.009739014088348963,0.0,0.9739014088348963,,calibrating
job_000011,Rwanda,57,1.9,calibration,0.0,0.0,0.1298978209222339,0.0,0.0,0.0,0.0,6,,0.032474455230558474,0.0,0.019484673138335084,3.2474455230558474,,calibrating
job_000011,Rwanda,58,1.9333333333333333,calibration,0.4199029950744599,0.13333333333333333,0.029802622591875463,0.0,0.0,0.23809523809523822,0.0,6,,0.21822622773355366,0.12497574876861497,0.15607004002272096,21.822622773355366,,calibrating
job_000011,Rwanda,59,1.9666666666666666,calibration,0.052329168583695504,0.0,0.0,0.0,0.0,0.0,0.0,6,,0.018315209004293426,0.013082292145923876,0.010465833716739101,1.8315209004293425,,calibrating
job_000011,Rwanda,60,2.0,monitoring,0.026892130701247786,0.0,0.0,0.09636505043060917,0.07621974316752109,0.0,0.0,6,,0.009412245745436724,0.059505736117905425,0.005378426140249557,5.950573611790542,5.950573611790542,normal
job_000011,Rwanda,61,2.033333333333333,monitoring,0.10660519976847381,0.13333333333333333,0.0,0.038353534991999526,0.02025905073661075,0.0,0.0,6,,0.07731181991896582,0.06513979987347097,0.041321039953694766,7.731181991896582,6.164246617403267,normal
job_000011,Rwanda,62,2.066666666666667,monitoring,0.09184189516441989,0.13333333333333333,0.0,0.3475838064304416,0.035682060464400235,0.0,0.0,6,,0.07214466330754696,0.1735353211578596,0.03836837903288398,17.35353211578596,7.50696087720919,normal
job_000011,Rwanda,63,2.1,monitoring,0.0540679206920391,0.0,0.0,0.0,0.07589954564118585,0.0,0.0,6,,0.01892377224221368,0.03249186658330624,0.010813584138407821,3.2491866583306237,6.9960279709437625,normal
job_000011,Rwanda,64,2.1333333333333333,monitoring,0.5686554425839561,0.13333333333333333,0.03353368761702233,0.0,0.05868921196861146,0.0,0.0,6,,0.2474128268086402,0.17683616363814186,0.13876114165934456,24.74128268086402,9.125458536134193,normal
job_000011,Rwanda,65,2.1666666666666665,monitoring,0.571599088352755,0.13333333333333333,0.05738374056408962,0.03022029374391279,0.009894818429746616,0.0,0.0,6,,0.25440561606448664,0.17595057950599485,0.14292737875516442,25.440561606448664,11.083270904571929,normal
job_000011,Rwanda,66,2.2,monitoring,0.2342838873635525,0.13333333333333333,0.0,0.49370323634564495,0.0,0.0,0.0,6,,0.12199936057724337,0.25136710456186384,0.0668567774727105,25.136710456186385,12.769683650765664,normal
job_000011,Rwanda,67,2.2333333333333334,monitoring,0.23826928285675877,0.13333333333333333,0.0,0.0,0.0,0.0,0.0,6,,0.12339424899986556,0.07956732071418969,0.06765385657135176,12.339424899986556,12.718052600672172,normal
job_000011,Rwanda,68,2.2666666666666666,monitoring,0.25577400368860886,0.13333333333333333,0.0,0.11235279556999922,0.0,0.0,0.0,6,,0.1295209012910131,0.12326697937165194,0.07115480073772178,12.95209012910131,12.746137104083669,normal
job_000011,Rwanda,69,2.3,monitoring,0.18409097289307383,0.0,0.0,0.5986585182733644,0.0,0.0,0.0,6,,0.06443184051257583,0.255553224618946,0.036818194578614766,25.555322461894598,14.28323934702098,normal
job_000011,Rwanda,70,2.3333333333333335,monitoring,0.16912558924067675,0.0,0.0,0.18084941868757273,0.0,0.0,0.0,6,,0.05919395623423686,0.10557869385081964,0.03382511784813535,10.557869385081965,13.8361949515883,normal
job_000011,Rwanda,71,2.3666666666666667,monitoring,0.30623937124974826,0.13333333333333333,0.0,0.0,0.0,0.0,0.0,6,,0.14718377993741188,0.09655984281243707,0.08124787424994966,14.71837799374119,13.942056916646647,normal
job_000011,Rwanda,72,2.4,monitoring,0.29832540360580423,0.13333333333333333,0.0,0.05137300605842156,0.0,0.0,0.0,6,,0.14441389126203147,0.11256190302189861,0.07966508072116085,14.441389126203147,14.001976781793427,normal
job_000011,Rwanda,73,2.433333333333333,monitoring,0.31011594118120067,0.13333333333333333,0.0,0.12229455789717535,0.0,0.0,0.0,6,,0.14854057941342022,0.14033208055931154,0.08202318823624014,14.854057941342022,14.104226520939259,normal
job_000011,Rwanda,74,2.466666666666667,monitoring,0.3794005151964109,0.13333333333333333,0.0,0.24632004582923753,0.0,0.0,0.0,6,,0.1727901803187438,0.20106214483933585,0.09588010303928218,20.106214483933584,14.824465076498576,normal
job_000011,Rwanda,75,2.5,monitoring,0.3712025233160562,0.13333333333333333,0.0,0.0,0.0,0.0,0.0,6,,0.16992088316061968,0.11280063082901405,0.09424050466321124,16.992088316061967,15.084579865246184,normal
job_000011,Rwanda,76,2.533333333333333,monitoring,0.5160339884191787,0.13333333333333333,0.02890352747768826,0.0,0.0,0.0,0.0,6,,0.2278377778161346,0.14900849710479466,0.127542326805489,22.78377778161346,16.008483615210256,normal
job_000011,Rwanda,77,2.566666666666667,monitoring,0.4341065829915369,0.13333333333333333,0.03994854779819935,0.0,0.0,0.23809523809523822,0.0,6,,0.22573396480611158,0.12852664574788422,0.16043264638708493,22.57339648061116,16.796273159058366,normal
job_000011,Rwanda,78,2.6,monitoring,0.7493779813099789,0.26666666666666666,0.3674863716189128,0.0,0.0,0.14005602240896367,0.0,6,,0.44815948860411714,0.22734449532749473,0.27300975648662545,44.815948860411716,20.158634243220767,normal
job_000011,Rwanda,79,2.6333333333333333,monitoring,0.4507924276117366,0.13333333333333333,0.03562791850563933,0.0,0.0,0.23809523809523822,0.0,6,,0.23049385310004145,0.13269810690293415,0.16312172091724086,23.049385310004144,20.50552437123477,normal
job_000011,Rwanda,80,2.6666666666666665,monitoring,0.7798818418623081,0.26666666666666666,0.37872899068009414,0.02680219702903583,0.0,0.14005602240896367,0.0,6,,0.4616464945627277,0.24435122942573959,0.2807969214562685,46.16464945627277,23.58461938143933,normal
job_000011,Rwanda,81,2.7,monitoring,0.6350635248880914,0.0,0.31753796332514317,0.2165744368853673,0.0,0.34920634920634935,0.0,6,,0.3365773594627527,0.23456693413190138,0.2444846693176596,33.65773594627527,24.793393369219643,normal
job_000011,Rwanda,82,2.7333333333333334,monitoring,0.295913329476882,0.0,0.0,0.0,0.0,0.4761904761904763,0.0,6,,0.15118871293595632,0.0739783323692205,0.15442076113347167,15.442076113347166,23.671235298514944,normal
job_000011,Rwanda,83,2.7666666666666666,monitoring,0.3533613294255868,0.13333333333333333,0.5280895769398235,0.0,0.0,0.23809523809523822,0.0,6,,0.3195083833434351,0.1083403323563967,0.21750475004513856,31.950838334343512,24.664787662814373,normal
job_000011,Rwanda,84,2.8,monitoring,0.34580461945933677,0.13333333333333333,0.523383600440991,0.14811689945425274,0.0,0.23809523809523822,0.0,6,,0.31568704073053944,0.15829206967382264,0.21528751157706363,31.568704073053944,25.49325763204312,normal
job_000011,Rwanda,85,2.8333333333333335,monitoring,0.0,0.0,0.13566905590383743,0.09806824732266113,0.0,0.4761904761904763,0.0,6,,0.08153631159500699,0.034323886562931394,0.11558845362367087,11.558845362367087,23.821128159681997,normal
job_000011,Rwanda,86,2.8666666666666667,monitoring,0.0,0.0,0.13405769224560252,0.430164451230042,0.10302275096967145,0.4761904761904763,0.0,6,,0.08113347068044827,0.17631324567293255,0.11534674907493564,17.631324567293255,23.078351728595347,normal
job_000011,Rwanda,87,2.9,monitoring,0.5894951676327149,0.13333333333333333,0.66909574335902,0.34848815566173336,0.1274212790968734,0.23809523809523822,0.0,6,,0.43740676832072906,0.32119996616400376,0.2858824426494436,43.74067683207291,25.557830741012655,normal
job_000011,Rwanda,88,2.933333333333333,monitoring,0.5682798198757323,0.13333333333333333,0.6571344324325096,0.0,0.11324488491830388,0.23809523809523822,0.0,6,,0.4269910688741575,0.19038117619850903,0.27984517645907053,42.69910688741575,27.614783878581026,normal
job_000011,Rwanda,89,2.966666666666667,monitoring,0.0,0.0,0.46638795943794364,0.32390513345028904,0.0,0.34920634920634935,0.0,6,,0.15151762478012085,0.11336679670760115,0.1397994637569614,15.151762478012085,26.119221310512753,normal
job_000011,Rwanda,90,3.0,monitoring,0.028475136713542903,0.0,0.0,0.8326696212362222,0.0,0.0,0.0,6,,0.009966297849740015,0.2985531516110635,0.005695027342708581,29.85531516110635,26.567552572583985,normal
job_000011,Rwanda,91,3.033333333333333,monitoring,0.05499511420904503,0.0,0.0,0.44567980441529503,0.0,0.0,0.0,6,,0.019248289973165758,0.1697367100976145,0.010999022841809007,16.97367100976145,25.41628678504528,normal
job_000011,Rwanda,92,3.066666666666667,monitoring,0.0,0.0,0.12459723098488565,1.0,0.0,0.0,0.0,6,,0.031149307746221412,0.35,0.018689584647732845,35.0,26.566332370839845,normal
job_000011,Rwanda,93,3.1,monitoring,0.0,0.0,0.14703854719453902,1.0,0.0,0.10989010989011008,0.0,6,,0.04774864778764576,0.35,0.04403380405720287,35.0,27.578372486339063,normal
job_000011,Rwanda,94,3.1333333333333333,monitoring,0.0,0.0,0.0,0.5863507842426484,0.0,0.10989010989011008,0.0,6,,0.010989010989011009,0.20522277448492693,0.021978021978022018,20.522277448492694,26.7316410817975,normal
job_000011,Rwanda,95,3.1666666666666665,monitoring,0.0,0.0,0.12292524372173652,0.6112071434689439,0.0,0.0,0.0,6,,0.03073131093043413,0.21392250021413034,0.018438786558260478,21.392250021413034,26.090914154551363,normal
job_000011,Rwanda,96,3.2,monitoring,0.0,0.0,0.11709417426506215,0.5226856495211548,0.0,0.0,0.0,6,,0.029273543566265537,0.18293997733240416,0.01756412613975932,18.293997733240417,25.155284183994052,normal
job_000011,Rwanda,97,3.2333333333333334,monitoring,0.0,0.0,0.111908882710513,0.4163209703257299,0.0020400980493372684,0.0,0.0,6,,0.02797722067762825,0.14622236412633977,0.01678633240657695,14.622236412633976,23.89131845143084,normal
job_000011,Rwanda,98,3.2666666666666666,monitoring,0.0,0.0,0.10849159678408823,0.6121976178614335,0.014753720874742499,0.0,0.0,6,,0.02712289919602206,0.2179575964701873,0.016273739517613236,21.79575964701873,23.639851394901388,normal
job_000011,Rwanda,99,3.3,monitoring,0.0,0.0,0.10134594921852227,0.8473429941026864,0.008981168334962954,0.0,0.0,6,,0.02533648730463057,0.29881534001968096,0.01520189238277834,29.881534001968095,24.388853307749393,normal
job_000011,Rwanda,100,3.3333333333333335,monitoring,0.0,0.13333333333333333,0.350221405414133,0.17620035936056377,0.0,0.23809523809523822,0.0,6,,0.15136487516305708,0.08167012577619731,0.12015225843116759,15.136487516305708,23.27856941277615,normal
job_000011,Rwanda,101,3.3666666666666667,monitoring,0.0,0.0,0.03394646684708267,0.8128752000338334,0.12031529738274199,0.622710622710623,0.0,6,,0.07075767898283297,0.31458514435752716,0.129634094569187,31.458514435752715,24.260162815533338,normal
job_000011,Rwanda,102,3.4,monitoring,0.0,0.033346923088204215,0.0,1.0,0.002630697823670912,0.0,0.0,6,,0.010004076926461264,0.35565971291914833,0.005002038463230632,35.565971291914835,25.61685983269912,normal
job_000011,Rwanda,103,3.433333333333333,monitoring,0.0,0.0,0.0,0.7705584535200672,0.0,0.7936507936507938,0.0,6,,0.07936507936507939,0.2696954587320235,0.15873015873015878,26.96954587320235,25.779182157559507,normal
job_000011,Rwanda,104,3.466666666666667,monitoring,0.0,0.0,0.04040812850131245,1.0,0.034531679639734844,0.34920634920634935,0.0,6,,0.04502266704596305,0.3586329199099337,0.07590248911646674,35.86329199099337,26.989275337571573,normal
job_000011,Rwanda,105,3.5,monitoring,0.0,0.0,0.19171928900807678,1.0,0.0026107099740566315,0.34920634920634935,0.0,6,,0.08285045717265413,0.35065267749351414,0.09859916319248138,35.06526774935141,27.958394426985155,normal
job_000011,Rwanda,106,3.533333333333333,monitoring,0.0,0.13333333333333333,0.5270013350911266,0.6997240473450824,0.0,0.23809523809523822,0.0,6,,0.19555985758230549,0.2649034165707788,0.14666924788271662,26.49034165707788,27.78222809459628,normal
job_000011,Rwanda,107,3.566666666666667,monitoring,0.0,0.0,0.21956668721518693,1.0,0.0,0.34920634920634935,0.0,6,,0.08981230672443166,0.35,0.1027762729235479,35.0,28.64836072324473,normal
job_000011,Rwanda,108,3.6,monitoring,0.0,0.4,0.672653859943569,0.5343891058748905,0.0,0.05291005291005292,0.0,6,,0.2934544702768975,0.24703618705621166,0.17148008957354594,29.34544702768975,28.73201107977813,normal
job_000011,Rwanda,109,3.6333333333333333,monitoring,0.0,0.4,0.8975493620192846,0.0,0.0,0.05291005291005292,0.0,6,,0.3496783457958264,0.06,0.20521441488490327,34.96783457958264,29.480309899754673,normal
job_000011,Rwanda,110,3.6666666666666665,monitoring,0.0,0.5,0.819614859853275,0.0,0.0,0.0,0.0,6,,0.35490371496331874,0.075,0.19794222897799124,35.490371496331875,30.201517291343936,normal
job_000011,Rwanda,111,3.7,monitoring,0.0,0.4,0.6853050504629656,0.07617327268201864,0.0,0.05291005291005292,0.0,6,,0.2966172679067467,0.08666064543870652,0.17337776815145542,29.66172679067467,30.136742431263624,normal
job_000011,Rwanda,112,3.7333333333333334,monitoring,0.0,0.26666666666666666,0.7705880502413489,0.37189625968551104,0.0,0.14005602240896367,0.0,6,,0.2866526148012336,0.17016369088992886,0.18359941201799507,28.665261480123363,29.960164717126794,normal
job_000011,Rwanda,113,3.7666666666666666,monitoring,0.0,0.0,0.0,1.0,0.04962834522509896,0.4761904761904763,0.0,6,,0.04761904761904763,0.3624070863062747,0.09523809523809526,36.24070863062747,30.713829986746873,normal
job_000011,Rwanda,114,3.8,monitoring,0.0,0.0627023837265334,0.15643914756238828,0.0,0.22975595012438407,0.34920634920634935,0.0,6,,0.09284113692919202,0.06684434509007603,0.10271249953460812,10.271249953460812,28.260720382752545,normal
job_000011,Rwanda,115,3.8333333333333335,monitoring,0.0,0.13333333333333333,0.2910772785132696,0.04853627170098718,0.035222212132182115,0.23809523809523822,0.0,6,,0.1365788434378412,0.04579324812839104,0.11128063939603808,13.657884343784122,26.508380058076334,normal
job_000011,Rwanda,116,3.8666666666666667,monitoring,0.0,0.06839676593529033,0.0,0.6363136440808337,0.0,0.622710622710623,0.0,6,,0.0827900920516494,0.23296929031858532,0.13480163943241816,23.296929031858532,26.123005934930198,normal
job_000011,Rwanda,117,3.9,monitoring,0.0,0.03592034581716167,0.0,0.0,0.0,0.622710622710623,0.0,6,,0.07304716601621081,0.00538805187257425,0.12993017641469887,12.993017641469887,24.547407339714958,normal
job_000011,Rwanda,118,3.933333333333333,monitoring,0.0,0.0,0.0,0.052995692743336736,0.0,0.622710622710623,0.0,6,,0.06227106227106231,0.018548492460167855,0.12454212454212461,12.454212454212461,23.09622395345466,normal
job_000011,Rwanda,119,3.966666666666667,monitoring,0.0,0.002797313150186122,0.0,0.0,0.0,0.622710622710623,0.0,6,,0.06311025621611814,0.0004195969725279183,0.12496172151465253,12.496172151465252,21.824217737215935,normal
job_000011,Rwanda,120,4.0,monitoring,0.0,0.0,0.12230045958979559,0.0,0.0,0.4761904761904763,0.0,6,,0.07819416251649652,0.0,0.1135831641765646,11.358316417656459,20.5683095788688,normal
job_000011,Rwanda,121,4.033333333333333,monitoring,0.0,0.0,0.0,0.0,0.18373706028757436,0.10989010989011008,0.0,6,,0.010989010989011009,0.04593426507189359,0.021978021978022018,4.593426507189359,18.651323610267266,normal
job_000011,Rwanda,122,4.066666666666666,monitoring,0.0,0.0,0.0,0.0,0.0,0.7936507936507938,0.0,6,,0.07936507936507939,0.0,0.15873015873015878,15.873015873015877,18.3179266817971,normal
job_000011,Rwanda,123,4.1,monitoring,0.0,0.0,0.0,0.6314204174691189,0.0,0.0,0.0,6,,0.0,0.2209971461141916,0.0,22.09971461141916,18.771741233351747,normal
job_000011,Rwanda,124,4.133333333333334,monitoring,0.0,0.0,0.0,0.4551365783703315,0.055496899509969354,0.23809523809523822,0.0,6,,0.023809523809523822,0.17317202730710837,0.047619047619047644,17.317202730710836,18.59719661303484,normal
job_000011,Rwanda,125,4.166666666666667,monitoring,0.0,0.0,0.0,0.35570945960683514,0.19267069595104944,0.0,0.0,6,,0.0,0.17266598485015466,0.0,17.266598485015468,18.437524837672512,normal
job_000011,Rwanda,126,4.2,monitoring,0.0,0.0,0.0,1.0,0.13195865093387446,0.7936507936507938,0.0,6,,0.07936507936507939,0.38298966273346857,0.15873015873015878,38.298966273346856,20.820897809953436,normal
job_000011,Rwanda,127,4.233333333333333,monitoring,0.0,0.0,0.0,0.11401631987711783,0.1769951246177121,0.622710622710623,0.0,6,,0.06227106227106231,0.08415449311141926,0.12454212454212461,12.454212454212461,19.81689556726452,normal
job_000011,Rwanda,128,4.266666666666667,monitoring,0.0,0.0,0.07302154604495811,0.0,0.018987388793002498,0.10989010989011008,0.0,6,,0.029244397500250537,0.0047468471982506245,0.032931253884765734,3.2931253884765734,17.834043145809968,normal
job_000011,Rwanda,129,4.3,monitoring,0.0,0.14051226047913354,0.0,0.298684161356856,0.26788088335701055,0.4761904761904763,0.0,6,,0.08977272576278769,0.19258651638602226,0.11631493430996528,19.258651638602224,18.004996164945037,normal
job_000011,Rwanda,130,4.333333333333333,monitoring,0.0,0.0,0.0,0.03464516223354218,0.15645985293017164,0.622710622710623,0.0,6,,0.06227106227106231,0.05124077001428268,0.12454212454212461,12.454212454212461,17.338902119657128,normal
job_000011,Rwanda,131,4.366666666666666,monitoring,0.0,0.01664249257427229,0.5997378529127915,0.0,0.17380316481148542,0.34920634920634935,0.0,6,,0.18984784592111448,0.0459471650890122,0.16229832166432942,18.98478459211145,17.536408016351647,normal
job_000011,Rwanda,132,4.4,monitoring,0.0,0.13333333333333333,0.7470985367105529,0.4442882418534681,0.03154756952935296,0.23809523809523822,0.0,6,,0.25058415798716205,0.18338777703105208,0.17968382812563058,25.058415798716204,18.439048950235392,normal
job_000011,Rwanda,133,4.433333333333334,monitoring,0.24491628399119345,0.13333333333333333,0.5527990271581642,0.06551130270981187,0.0,0.23809523809523822,0.0,6,,0.2877299799959826,0.10415802694623251,0.19952215849101096,28.77299799959826,19.67912283615894,normal
job_000011,Rwanda,134,4.466666666666667,monitoring,0.0,0.0,0.24826198269332325,0.9057786006269583,0.0,0.0,0.0,6,,0.06206549567333081,0.3170225102194354,0.037239297403998485,31.70225102194354,21.12189821845309,normal
job_000011,Rwanda,135,4.5,monitoring,0.0,0.0,0.0,0.46245444901366806,0.0,0.0,0.0,6,,0.0,0.1618590571547838,0.0,16.18590571547838,20.529579118096123,normal
job_000011,Rwanda,136,4.533333333333333,monitoring,0.48836803741599816,0.13333333333333333,0.517232292485293,0.364928180532914,0.0,0.0,0.0,6,,0.3402368862169226,0.26981687254051945,0.1952584513559936,34.02368862169226,22.14887225852766,normal
job_000011,Rwanda,137,4.566666666666666,monitoring,0.4270695747847273,0.13333333333333333,0.22039723500728417,0.0,0.05111087367769615,0.0,0.0,6,,0.2445736599264756,0.13954511211560586,0.1384735002080381,24.45736599264756,22.425891506622047,normal
job_000011,Rwanda,138,4.6,monitoring,0.47481335833506183,0.0,0.19575769544568822,0.0726679777453004,0.0,0.0,0.0,6,,0.2151240992786937,0.1441371317946206,0.1243263259838656,21.51240992786937,22.316273717171725,normal
job_000011,Rwanda,139,4.633333333333334,monitoring,0.274324235167392,0.0,0.6074644171495208,0.08638337024749544,0.0,0.0,0.0,6,,0.2478795865959674,0.0988152383784714,0.14598450960590653,24.78795865959674,22.61287591026273,normal
job_000011,Rwanda,140,4.666666666666667,monitoring,0.0,0.0,0.0,0.43317767559437353,0.0,0.23809523809523822,0.0,6,,0.023809523809523822,0.15161218645803073,0.047619047619047644,15.161218645803073,21.71867703852757,normal
job_000011,Rwanda,141,4.7,monitoring,0.0,0.0,0.0,0.1410994595120554,0.0,0.0,0.0,6,,0.0,0.04938481082921939,0.0,4.938481082921939,19.705053523854893,normal
job_000011,Rwanda,142,4.733333333333333,monitoring,0.0,0.0,0.0,0.07178841840479278,0.0,0.23809523809523822,0.0,6,,0.023809523809523822,0.02512594644167747,0.047619047619047644,4.7619047619047645,17.91187567242088,normal
job_000011,Rwanda,143,4.766666666666667,monitoring,0.0,0.0,0.24076446668507048,0.47746902888572385,0.0,0.10989010989011008,0.0,6,,0.07118012766027863,0.16711416011000332,0.05809269198078259,16.71141601100033,17.767820513050413,normal
job_000011,Rwanda,144,4.8,monitoring,0.2180950596197126,0.16394590616609048,0.04229044470826873,0.050878881341374506,0.0,0.23809523809523822,0.0,6,,0.15989917770331752,0.0969232592993228,0.12217351217414404,15.989917770331752,17.554472183924176,normal
job_000011,Rwanda,145,4.833333333333333,monitoring,0.0,0.0,0.0,0.0,0.0,0.10989010989011008,0.0,6,,0.010989010989011009,0.0,0.021978021978022018,2.197802197802202,15.71167178558954,normal
job_000011,Rwanda,146,4.866666666666666,monitoring,0.0,0.0496151250571161,0.0,0.47097001300934926,0.025708565062003946,0.5714285714285715,0.0,6,,0.07202739465999199,0.17870891457734062,0.12172798304428173,17.87089145773406,15.970778146246882,normal
job_000011,Rwanda,147,4.9,monitoring,0.0,0.031447729221121594,0.0,0.3717154599166825,0.0,0.622710622710623,0.0,6,,0.07170538103739879,0.1348175703540071,0.12925928392529284,13.48175703540071,15.672095612945341,normal
job_000011,Rwanda,148,4.933333333333334,monitoring,0.02747166043067313,0.0,0.0,0.36541619975389156,0.0,0.622710622710623,0.0,6,,0.0718861434217979,0.13476358502153032,0.13003645662825924,13.476358502153033,15.408607159650265,normal
job_000011,Rwanda,149,4.966666666666667,monitoring,0.0,0.06074973893100959,0.08047289845332142,0.33789146719520463,0.0,0.7936507936507938,0.0,6,,0.11770822565771262,0.12737447435797306,0.17991355433780842,17.991355433780843,15.718536952545934,normal
job_000011,Rwanda,150,5.0,monitoring,0.0,0.14920309407308804,0.0,0.28613490546440845,0.017085093312043265,0.622710622710623,0.0,6,,0.10703199049298873,0.12679895435151697,0.14692258865308783,14.692258865308784,15.595383582077474,normal
job_000011,Rwanda,151,5.033333333333333,monitoring,0.0,0.0,0.0,0.0,0.08432826432551296,0.23809523809523822,0.0,6,,0.023809523809523822,0.02108206608137824,0.047619047619047644,4.7619047619047645,14.295366123656748,normal
job_000011,Rwanda,152,5.066666666666666,monitoring,0.0,0.09067913609774064,0.0,1.0,0.028429118334534646,0.10989010989011008,0.0,6,,0.038192751818333204,0.37070914999829474,0.03557989239268311,37.070914999829476,17.028431988797475,normal
job_000011,Rwanda,153,5.1,monitoring,0.0,0.0,0.0,0.0,0.0,0.23809523809523822,0.0,6,,0.023809523809523822,0.0,0.047619047619047644,4.7619047619047645,15.55644872157035,normal
job_000011,Rwanda,154,5.133333333333334,monitoring,0.0,0.0,0.0,0.0,0.0,0.23809523809523822,0.0,6,,0.023809523809523822,0.0,0.047619047619047644,4.7619047619047645,14.261103446410479,normal
job_000011,Rwanda,155,5.166666666666667,monitoring,0.0,0.0,0.0,0.0,0.0,0.38961038961038963,0.0,6,,0.03896103896103897,0.0,0.07792207792207793,7.792207792207793,13.484835967906156,normal
job_000011,Rwanda,156,5.2,monitoring,0.3742178448274679,0.0,0.05921028082184032,0.0,0.0,0.622710622710623,0.0,6,,0.20804987816613613,0.09355446120686697,0.20826723563089425,20.826723563089423,14.365862479328149,normal
job_000011,Rwanda,157,5.233333333333333,monitoring,0.3815821673159029,0.0,0.0,0.2683108338357447,0.0,0.4761904761904763,0.0,6,,0.18117280617961362,0.18930433367148636,0.17155452870127585,18.930433367148638,14.913610985866606,normal
job_000011,Rwanda,158,5.266666666666667,monitoring,0.6764099234010181,0.15556493469278393,0.0,0.5049682532599714,0.0,0.23809523809523822,0.0,6,,0.30722247740771536,0.3691761096951621,0.20623577250316888,36.91761096951621,17.55409098390456,normal
job_000011,Rwanda,159,5.3,monitoring,0.5988239505343621,0.15009516133171322,0.0,0.0,0.0,0.23809523809523822,0.0,6,,0.27842645489606455,0.17222026183334752,0.18989811192567704,27.842645489606454,18.788717524588787,normal
job_000011,Rwanda,160,5.333333333333333,monitoring,0.3881257918288292,0.0,0.0,0.0530604092497372,0.025754724827277756,0.34920634920634935,0.0,6,,0.17076466206072516,0.12204127240143477,0.1474664282070357,17.076466206072517,18.583247366366834,normal
job_000011,Rwanda,161,5.366666666666666,monitoring,0.5539745021829684,0.21347514573496218,0.0,1.0,0.0305652321122791,0.0,0.0,6,,0.2579336194845276,0.5281562054340561,0.14281617229683802,52.81562054340561,22.691132147611484,normal
job_000011,Rwanda,162,5.4,monitoring,0.34534078561236314,0.013943508058575206,0.0,0.9799268283013096,0.017580358517885895,0.4761904761904763,0.0,6,,0.17267137500094726,0.4357962021468069,0.16639777856935417,43.579620214680695,25.19775071565979,normal
job_000011,Rwanda,163,5.433333333333334,monitoring,0.497193856554478,0.0,0.0,0.43870194946124386,0.04458643760809109,0.34920634920634935,0.0,6,,0.20893848471470222,0.2889907558520776,0.1692800411521655,28.89907558520776,25.641909700005545,normal
job_000011,Rwanda,164,5.466666666666667,monitoring,0.4980894078406313,0.0,0.0,0.0,0.03659866678161675,0.34920634920634935,0.0,6,,0.2092519276648559,0.13367201865556202,0.16945915140939616,20.92519276648559,25.075903667983148,normal
job_000011,Rwanda,165,5.5,monitoring,0.3467275856426112,0.005100866164632174,0.0,0.37666324180747984,0.0,0.0,0.0,6,,0.12288491482430355,0.21927916096796557,0.07011064705321707,21.927916096796558,24.69814515944076,normal
job_000011,Rwanda,166,5.533333333333333,monitoring,0.6011449845913084,0.13333333333333333,0.0,0.1406851091891325,0.0,0.23809523809523822,0.0,6,,0.2742102684164818,0.21952603436402346,0.18784804453730933,27.421026841648178,25.024890961305648,normal
job_000011,Rwanda,167,5.566666666666666,monitoring,0.0,0.15587652103693,0.0,0.6908282782541378,0.09123318954920319,0.654761904761905,0.0,6,,0.11223914678726951,0.2879796729317885,0.15433385910792052,28.79796729317885,25.47766012113043,normal
job_000011,Rwanda,168,5.6,monitoring,0.0,0.0,0.0,0.0,0.07824797364862496,0.7936507936507938,0.0,6,,0.07936507936507939,0.01956199341215624,0.15873015873015878,15.873015873015877,24.325102811356683,normal
job_000011,Rwanda,169,5.633333333333334,monitoring,0.0,0.0,0.0,0.0,0.06372652090045776,0.4761904761904763,0.0,6,,0.04761904761904763,0.01593163022511444,0.09523809523809526,9.523809523809526,22.548947616851024,normal
job_000011,Rwanda,170,5.666666666666667,monitoring,0.0,0.0,0.0,0.305716186164126,0.0,0.7936507936507938,0.0,6,,0.07936507936507939,0.1070006651574441,0.15873015873015878,15.873015873015877,21.747835807590807,normal
job_000011,Rwanda,171,5.7,monitoring,0.0,0.0,0.0,0.9065899571089339,0.08786930836755939,0.9523809523809528,0.0,6,,0.09523809523809529,0.3392738120800167,0.19047619047619058,33.92738120800167,23.20938125564011,normal
job_000011,Rwanda,172,5.733333333333333,monitoring,0.0,0.0,0.0,0.9925603172643509,0.1938450511856679,0.7936507936507938,0.0,6,,0.07936507936507939,0.39585737383893976,0.15873015873015878,39.58573738389398,25.174543991030575,normal
job_000011,Rwanda,173,5.766666666666667,monitoring,0.0,0.0896001936647833,0.0,1.0,0.2667101203289468,0.7936507936507938,0.0,6,,0.10624513746451437,0.43011755913195415,0.17217018777987628,43.011755913195415,27.315009421690355,normal
job_000011,Rwanda,174,5.8,monitoring,0.5052960259074858,0.590609803155078,0.6980635396918659,0.7183870684436972,0.21783718365052915,0.6766917293233083,0.0,6,,0.5962216078694408,0.5208102468180594,0.42969855247320043,59.62216078694408,31.191867585520804,normal
job_000011,Rwanda,175,5.833333333333333,monitoring,0.0,0.0,0.0,0.4252728013604972,0.24297643827975654,0.7936507936507938,0.0,6,,0.07936507936507939,0.20958959004611316,0.15873015873015878,20.958959004611316,29.963918555811667,normal
job_000011,Rwanda,176,5.866666666666666,monitoring,0.0,0.2038317552904613,0.0,0.0,0.19379270843070404,0.654761904761905,0.0,6,,0.1266257170633289,0.0790229404012452,0.16152714424595022,16.152714424595022,28.306574060065667,normal
job_000011,Rwanda,177,5.9,monitoring,0.0,0.20357105269754816,0.0,0.0,0.21324847519823215,0.654761904761905,0.0,6,,0.12654750628545497,0.08384777670419026,0.16148803885701324,16.148803885701323,26.847641639141948,normal
job_000011,Rwanda,178,5.933333333333334,monitoring,0.0,0.13333333333333333,0.0,0.0,0.24859004585821803,0.654761904761905,0.0,6,,0.1054761904761905,0.08214751146455451,0.150952380952381,15.0952380952381,25.437353213873486,normal
job_000011,Rwanda,179,5.966666666666667,monitoring,0.0,0.5522393941791307,0.39285349863566754,0.0,0.0,0.42328042328042353,0.0,6,,0.30621323524069843,0.0828359091268696,0.22642001857830443,30.621323524069844,26.05942965109705,normal
job_000011,Rwanda,180,6.0,monitoring,0.0,0.074173795923723,0.0,1.0,0.07381883070329814,0.7936507936507938,0.0,6,,0.10161721814219629,0.3795807770643829,0.16985622811871723,37.958077706438296,27.487267417738003,normal
job_000011,Rwanda,181,6.033333333333333,monitoring,0.0,0.0,0.6845940091944605,0.7833425388797026,0.08653271395007998,0.4761904761904763,0.0,6,,0.21876754991766273,0.2958030670954159,0.19792719661726432,29.58030670954159,27.738432132754436,normal
job_000011,Rwanda,182,6.066666666666666,monitoring,0.0,0.22964886025617803,0.5747548741958977,0.0,0.006905243563707135,0.654761904761905,0.0,6,,0.27805956710201835,0.03617363992935349,0.2516129411201924,27.805956710201833,27.746535082048123,normal
job_000011,Rwanda,183,6.1,monitoring,0.0,0.2337929739597518,1.0,1.0,0.1421577041367547,0.654761904761905,0.0,6,,0.38561408266411606,0.42060837212815144,0.3160213270463438,42.060837212815144,29.464251337740166,normal
job_000011,Rwanda,184,6.133333333333334,monitoring,0.0,0.0,0.7518707762662198,0.14954583080550904,0.11950678395420344,0.7936507936507938,0.0,6,,0.2673327734316343,0.08221773677047903,0.27151077517009176,27.151077517009174,29.18667047925245,normal
job_000011,Rwanda,185,6.166666666666667,monitoring,0.0,0.022421898159524563,0.41716397035992503,0.9730476774071014,0.0007296891381941308,0.622710622710623,0.0,6,,0.17328862430890093,0.34411239410096267,0.19048000482004207,34.411239410096265,29.813618750953708,normal
job_000011,Rwanda,186,6.2,monitoring,0.0,0.004088555390857089,0.15504588605329223,1.0,0.0,0.7936507936507938,0.0,6,,0.11935311749565958,0.35061328330862856,0.18260032494678116,35.06132833086286,30.443343900542803,normal
job_000011,Rwanda,187,6.233333333333333,monitoring,0.0,0.0,0.19039660209099235,0.9226540165693528,0.0,0.622710622710623,0.0,6,,0.1098702127938104,0.32292890579927347,0.15310161485577345,32.292890579927345,30.665289502068948,normal
job_000011,Rwanda,188,6.266666666666667,monitoring,0.0,0.0,0.695182486661781,1.0,0.0,0.4761904761904763,0.0,6,,0.22141466928449288,0.35,0.19951546823736238,35.0,31.185454761820672,normal
job_000011,Rwanda,189,6.3,monitoring,0.0,0.005823028439754276,0.2023915587870224,0.8098803709948187,0.0,0.7936507936507938,0.0,6,,0.13170987759376127,0.28433158411414966,0.1899623468141753,28.433158411414965,30.855179199771985,normal
job_000011,Rwanda,190,6.333333333333333,monitoring,0.0,0.0,0.2111778075098779,0.18646375957106587,0.0,0.7936507936507938,0.0,6,,0.13215953124254887,0.06526231584987305,0.19040682985664045,19.040682985664045,29.437439654079036,normal
job_000011,Rwanda,191,6.366666666666666,monitoring,0.0,0.048568866238467255,0.12649778889331986,0.27217008549043487,0.013705142572597135,0.7936507936507938,0.0,6,,0.12556018645994954,0.10597114550057157,0.18499015699992685,18.499015699992686,28.124828779588672,normal
job_000011,Rwanda,192,6.4,monitoring,0.0,0.07872645480615278,0.5266242948954162,0.40641514020067265,0.1590500349316436,0.4761904761904763,0.0,6,,0.20289305778474753,0.19381677602406924,0.1860407076933306,20.289305778474752,27.184566019455,normal
job_000011,Rwanda,193,6.433333333333334,monitoring,0.0,0.0,0.606907879520316,0.0,0.21275222916029776,0.34920634920634935,0.0,6,,0.18664760480071393,0.05318805729007444,0.16087745176931728,18.664760480071394,26.16218935472897,normal
job_000011,Rwanda,194,6.466666666666667,monitoring,0.0,0.05160650740723062,0.02569136129558518,0.0,0.18783678275894244,0.23809523809523822,0.0,6,,0.0457143163555893,0.05470017180082021,0.059213727924470015,5.921372792447001,23.733291367255134,normal
job_000011,Rwanda,195,6.5,monitoring,0.0,0.01743029029055551,0.42179220725657657,0.989990157449794,0.12233829607938258,0.10989010989011008,0.0,6,,0.1216661498903218,0.37969567267085685,0.08786139661009182,37.96956726708569,25.441644475234803,normal
job_000011,Rwanda,196,6.533333333333333,monitoring,0.0,0.0,0.0,0.43474113809144715,0.11535635482170968,0.23809523809523822,0.0,6,,0.023809523809523822,0.18099848703743393,0.047619047619047644,18.099848703743394,24.56062898265583,normal
job_000011,Rwanda,197,6.566666666666666,monitoring,0.0,0.0,0.0,1.0,0.048403673290311075,0.38961038961038963,0.0,6,,0.03896103896103897,0.36210091832257774,0.07792207792207793,36.210091832257774,25.958564524608065,normal
job_000011,Rwanda,198,6.6,monitoring,0.0,0.0,0.11733310303476634,0.0,0.12415305721878142,0.622710622710623,0.0,6,,0.09160433802975389,0.031038264304695355,0.14214208999733957,14.214208999733957,24.549241861623173,normal
job_000011,Rwanda,199,6.633333333333334,monitoring,0.0,0.0,0.45736881034532867,0.0,0.0670185286782247,0.622710622710623,0.0,6,,0.17661326485739448,0.016754632169556177,0.19314744609392392,19.314744609392392,23.92110219135548,normal
job_000011,Rwanda,200,6.666666666666667,monitoring,0.0,0.0,0.19849138159530344,0.005636663282277196,0.0,0.23809523809523822,0.0,6,,0.07343236920834968,0.0019728321487970184,0.07739275485834315,7.739275485834315,21.97928298669294,normal
job_000011,Rwanda,201,6.7,monitoring,0.0,0.0,0.08808551748541295,0.33750078552418944,0.0,0.38961038961038963,0.0,6,,0.06098241833239221,0.11812527493346629,0.09113490554488987,11.812527493346629,20.75927232749138,normal
job_000011,Rwanda,202,6.733333333333333,monitoring,0.0,0.0,0.0,0.0,0.0,0.0,0.0,6,,0.0,0.0,0.0,0.0,18.268159648192416,normal
job_000011,Rwanda,203,6.766666666666667,monitoring,0.0,0.0,0.0,0.0,0.0,0.10989010989011008,0.0,6,,0.010989010989011009,0.0,0.021978021978022018,2.197802197802202,16.339716754145588,normal
job_000011,Rwanda,204,6.8,monitoring,0.0,0.0,0.046066173183481454,0.0,0.0,0.23809523809523822,0.0,6,,0.03532606710539418,0.0,0.054528973596569864,5.452897359656986,15.033298426806954,normal
job_000011,Rwanda,205,6.833333333333333,monitoring,0.0,0.0,0.028770188791522492,0.0,0.0,0.23809523809523822,0.0,6,,0.031002071007404444,0.0,0.05193457593777602,5.193457593777602,13.852517526843432,normal
job_000011,Rwanda,206,6.866666666666666,monitoring,0.0,0.0,0.03274864826260182,0.0,0.0,0.10989010989011008,0.0,6,,0.019176173054661464,0.0,0.026890319217412292,2.689031921741229,12.512899254231169,normal
job_000011,Rwanda,207,6.9,monitoring,0.0,0.0,0.0,0.0,0.0,0.23809523809523822,0.0,6,,0.023809523809523822,0.0,0.047619047619047644,4.7619047619047645,11.582779915151999,normal
job_000011,Rwanda,208,6.933333333333334,monitoring,0.0,0.0,0.0432324660565659,0.1300386131893887,0.0,0.10989010989011008,0.0,6,,0.021797127503152484,0.04551351461628604,0.028462891886506903,4.551351461628604,10.739008500729192,normal
job_000011,Rwanda,209,6.966666666666667,monitoring,0.0,0.0,0.0,0.18362930273009928,0.0,0.38961038961038963,0.0,6,,0.03896103896103897,0.06427025595553475,0.07792207792207793,7.792207792207793,10.385392415706622,normal
job_000011,Rwanda,210,7.0,monitoring,0.0,0.0,0.0,0.0,0.0,0.0,0.0,6,,0.0,0.0,0.0,0.0,9.139145325821827,normal
job_000011,Rwanda,211,7.033333333333333,monitoring,0.0,0.0,0.0,0.0,0.0,0.23809523809523822,0.0,6,,0.023809523809523822,0.0,0.047619047619047644,4.7619047619047645,8.613876458151779,normal
job_000011,Rwanda,212,7.066666666666666,monitoring,0.0,0.0,0.0,0.0,0.0,0.0,0.0,6,,0.0,0.0,0.0,0.0,7.580211283173566,normal
job_000011,Rwanda,213,7.1,monitoring,0.0,0.0,0.0,0.023043561234069844,0.0,0.0,0.0,6,,0.0,0.008065246431924446,0.0,0.8065246431924445,6.767368886375831,normal
job_000011,Rwanda,214,7.133333333333334,monitoring,0.0,0.0,0.0,0.0,0.0,0.0,0.0,6,,0.0,0.0,0.0,0.0,5.9552846200107314,normal
job_000011,Rwanda,215,7.166666666666667,monitoring,0.0,0.0,0.0,0.0,0.0,0.38961038961038963,0.0,6,,0.03896103896103897,0.0,0.07792207792207793,7.792207792207793,6.175715400674379,normal
job_000011,Rwanda,216,7.2,monitoring,0.0,0.0,0.0,0.270935934355248,0.0,0.10989010989011008,0.0,6,,0.010989010989011009,0.09482757702433679,0.021978021978022018,9.482757702433679,6.572560476885496,normal
job_000011,Rwanda,217,7.233333333333333,monitoring,0.0,0.0,0.0,0.090642667669755,0.0,0.23809523809523822,0.0,6,,0.023809523809523822,0.031724933684414244,0.047619047619047644,4.7619047619047645,6.355281791087808,normal
job_000011,Rwanda,218,7.266666666666667,monitoring,0.0,0.0,0.0,0.0,0.0,0.23809523809523822,0.0,6,,0.023809523809523822,0.0,0.047619047619047644,4.7619047619047645,6.164076547585843,normal
job_000011,Rwanda,219,7.3,monitoring,0.0,0.0,0.0,0.0,0.0,0.23809523809523822,0.0,6,,0.023809523809523822,0.0,0.047619047619047644,4.7619047619047645,5.995815933304114,normal
job_000011,Rwanda,220,7.333333333333333,monitoring,0.0,0.0,0.0,0.08768497090884417,0.0,0.23809523809523822,0.0,6,,0.023809523809523822,0.030689739818095457,0.047619047619047644,4.7619047619047645,5.8477465927361925,normal
job_000011,Rwanda,221,7.366666666666666,monitoring,0.0,0.0,0.0,1.0,0.0654514660656448,0.5714285714285715,0.0,6,,0.057142857142857155,0.3663628665164112,0.11428571428571431,36.63628665164112,9.542371399804784,normal
job_000011,Rwanda,222,7.4,monitoring,0.0,0.0,0.0,0.6084146279696997,0.03134377996002665,0.0,0.0,6,,0.0,0.22078106477940154,0.0,22.078106477940153,11.046659609181027,normal
job_000011,Rwanda,223,7.433333333333334,monitoring,0.0,0.0,0.0,0.031909223309245796,0.0,0.05291005291005292,0.0,6,,0.0052910052910052924,0.011168228158236027,0.010582010582010585,1.1168228158236027,9.855079193978137,normal
job_000011,Rwanda,224,7.466666666666667,monitoring,0.0,0.0,0.0,0.0,0.0,0.23809523809523822,0.0,6,,0.023809523809523822,0.0,0.047619047619047644,4.7619047619047645,9.243898262129331,normal
job_000011,Rwanda,225,7.5,monitoring,0.0,0.0,0.0,1.0,0.19394983290275133,0.23809523809523822,0.0,6,,0.023809523809523822,0.3984874582256878,0.047619047619047644,39.84874582256878,12.916479969382067,normal
job_000011,Rwanda,226,7.533333333333333,monitoring,0.0,0.0,0.0,0.0,0.03862604230879732,0.7936507936507938,0.0,6,,0.07936507936507939,0.00965651057719933,0.15873015873015878,15.873015873015877,13.271264277818124,normal
job_000011,Rwanda,227,7.566666666666666,monitoring,0.0,0.0,0.0,0.6572736631727286,0.0,0.38961038961038963,0.0,6,,0.03896103896103897,0.230045782110455,0.07792207792207793,23.0045782110455,14.43926194980541,normal
job_000011,Rwanda,228,7.6,monitoring,0.0,0.0,0.0,0.24869115070450856,0.0,0.4761904761904763,0.0,6,,0.04761904761904763,0.087041902746578,0.09523809523809526,9.523809523809526,13.849407658685903,normal
job_000011,Rwanda,229,7.633333333333334,monitoring,0.0,0.0,0.0,0.1649576270689069,0.0,0.4761904761904763,0.0,6,,0.04761904761904763,0.057735169474117415,0.09523809523809526,9.523809523809526,13.330335882500737,normal
job_000011,Rwanda,230,7.666666666666667,monitoring,0.0,0.0,0.0,1.0,0.0,0.7936507936507938,0.0,6,,0.07936507936507939,0.35,0.15873015873015878,35.0,15.930695576600648,normal
job_000011,Rwanda,231,7.7,monitoring,0.0,0.0,0.17612232385452994,0.9284867712821081,0.0635325279624006,0.05291005291005292,0.0,6,,0.04932158625463778,0.34085350193933794,0.03700035916019008,34.08535019393379,18.109254130680625,normal
job_000011,Rwanda,232,7.733333333333333,monitoring,0.0,0.0,0.0,0.9245962125356644,0.0,0.23809523809523822,0.0,6,,0.023809523809523822,0.32360867438748253,0.047619047619047644,32.36086743874825,19.81944772764874,normal
job_000011,Rwanda,233,7.766666666666667,monitoring,0.0,0.0,0.0,1.0,0.0,0.23809523809523822,0.0,6,,0.023809523809523822,0.35,0.047619047619047644,35.0,21.64111400033089,normal
job_000011,Rwanda,234,7.8,monitoring,0.0,0.0,0.0,0.48802598344956816,0.0919582364436169,0.05291005291005292,0.0,6,,0.0052910052910052924,0.19379865331825308,0.010582010582010585,19.379865331825307,21.36976416011022,normal
job_000011,Rwanda,235,7.833333333333333,monitoring,0.0,0.0,0.0,0.0,0.0,0.05291005291005292,0.0,6,,0.0052910052910052924,0.0,0.010582010582010585,1.0582010582010586,18.93237658788112,normal
job_000011,Rwanda,236,7.866666666666666,monitoring,0.0,0.0,0.0,0.3258324730014876,0.0,0.05291005291005292,0.0,6,,0.0052910052910052924,0.11404136555052065,0.010582010582010585,11.404136555052064,18.02898778394163,normal
job_000011,Rwanda,237,7.9,monitoring,0.0,0.0,0.0,0.5056767010363173,0.012258186624376928,0.23809523809523822,0.0,6,,0.023809523809523822,0.1800513920188053,0.047619047619047644,18.005139201880528,18.026125954094297,normal
job_000011,Rwanda,238,7.933333333333334,monitoring,0.0,0.0,0.0,0.15139357991583666,0.050787202080443204,0.23809523809523822,0.0,6,,0.023809523809523822,0.06568455349065362,0.047619047619047644,6.5684553490653625,16.651205481490823,normal
job_000011,Rwanda,239,7.966666666666667,monitoring,0.0,0.0,0.0,1.0,0.14239928352472733,0.4761904761904763,0.0,6,,0.04761904761904763,0.38559982088118183,0.09523809523809526,38.55998208811818,19.280258674286106,normal
job_000011,Rwanda,240,8.0,monitoring,0.0,0.0,0.0,0.31119620613409116,0.0,0.0,0.0,6,,0.0,0.1089186721469319,0.0,10.89186721469319,18.273651699134955,normal
job_000011,Rwanda,241,8.033333333333333,monitoring,0.0,0.0,0.0,0.24606887080155387,0.0,0.05291005291005292,0.0,6,,0.0052910052910052924,0.08612410478054384,0.010582010582010585,8.612410478054384,17.114302752605287,normal
job_000011,Rwanda,242,8.066666666666666,monitoring,0.0,0.0,0.0,0.33674973067053815,0.0,0.5714285714285715,0.0,6,,0.057142857142857155,0.11786240573468834,0.11428571428571431,11.786240573468834,16.474935291108913,normal
job_000011,Rwanda,243,8.1,monitoring,0.0,0.0,0.0,0.24051031155216443,0.164819084275586,0.38961038961038963,0.0,6,,0.03896103896103897,0.12538338011215405,0.07792207792207793,12.538338011215405,16.00254361752169,normal
job_000011,Rwanda,244,8.133333333333333,monitoring,0.0,0.0,0.04275416568580122,0.0,0.0,0.38961038961038963,0.0,6,,0.049649580382489275,0.0,0.08433520277494812,8.433520277494813,15.094260816718466,normal
job_000011,Rwanda,245,8.166666666666666,monitoring,0.0,0.0,0.0,0.6789670425672558,0.0,0.0,0.0,6,,0.0,0.23763846489853951,0.0,23.76384648985395,16.134611097494723,normal
job_000011,Rwanda,246,8.2,monitoring,0.0,0.0,0.09912395106100587,1.0,0.0,0.995670995670996,0.0,6,,0.12434808733235107,0.35,0.2140027917933501,35.0,18.398457765795357,normal
job_000011,Rwanda,247,8.233333333333333,monitoring,0.0,0.0,0.10344862712603296,0.366415258631529,0.06319337227074502,0.23809523809523822,0.0,6,,0.049671680591032066,0.1440436835887214,0.06313634168795258,14.40436835887214,17.919167036964573,normal
job_000011,Rwanda,248,8.266666666666667,monitoring,0.0,0.0,0.08228126434868466,0.8063676697497407,0.0,0.38961038961038963,0.0,6,,0.05953135504821013,0.2822286844124092,0.09026426757438064,28.222868441240923,19.155611205477737,normal
job_000011,Rwanda,249,8.3,monitoring,0.0,0.0,0.0,1.0,0.028426136973906686,0.23809523809523822,0.0,6,,0.023809523809523822,0.35710653424347666,0.047619047619047644,35.71065342434767,21.14221627174213,normal
job_000011,Rwanda,250,8.333333333333334,monitoring,0.0,0.0,0.0,0.3777168209254849,0.0,0.0,0.0,6,,0.0,0.1322008873239197,0.0,13.220088732391972,20.19156096702011,normal
job_000011,Rwanda,251,8.366666666666667,monitoring,0.0,0.017425443306721956,0.0,1.0,0.04848345334419619,0.0,0.0,6,,0.005227632992016586,0.3647346798320573,0.002613816496008293,36.47346798320573,22.145389808962385,normal
job_000011,Rwanda,252,8.4,monitoring,0.0,0.0,0.0,0.5092710775258021,0.0663238431404147,0.0,0.0,6,,0.0,0.1948258379191344,0.0,19.48258379191344,21.825853086916513,normal
job_000011,Rwanda,253,8.433333333333334,monitoring,0.0,0.0,0.0,0.3452234234019267,0.0,0.0,0.0,6,,0.0,0.12082819819067434,0.0,12.082819819067433,20.656689094774624,normal
job_000011,Rwanda,254,8.466666666666667,monitoring,0.0,0.0,0.0,0.06367244905322676,0.0,0.0,0.0,6,,0.0,0.022285357168629366,0.0,2.2285357168629365,18.44531068942522,normal
job_000011,Rwanda,255,8.5,monitoring,0.0,0.0,0.0,0.7951430174349667,0.0,0.23809523809523822,0.0,6,,0.023809523809523822,0.27830005610223835,0.047619047619047644,27.830005610223836,19.571474079921057,normal
job_000011,Rwanda,256,8.533333333333333,monitoring,0.0,0.0,0.0,0.4712895310504244,0.0,0.38961038961038963,0.0,6,,0.03896103896103897,0.16495133586764854,0.07792207792207793,16.495133586764855,19.202313220742315,normal
job_000011,Rwanda,257,8.566666666666666,monitoring,0.0,0.0,0.0,1.0,0.0,0.05291005291005292,0.0,6,,0.0052910052910052924,0.35,0.010582010582010585,35.0,21.098035634253236,normal
job_000011,Rwanda,258,8.6,monitoring,0.0,0.0,0.0,1.0,0.0,0.05291005291005292,0.0,6,,0.0052910052910052924,0.35,0.010582010582010585,35.0,22.76627135814285,normal
job_000011,Rwanda,259,8.633333333333333,monitoring,0.0,0.0,0.0,0.29607531880106136,0.20331472719754465,0.0,0.0,6,,0.0,0.15445504337975763,0.0,15.445504337975763,21.8877793157228,normal
job_000011,Rwanda,260,8.666666666666666,monitoring,0.0,0.060423669109479466,0.0,0.7919359238611529,0.13565777684037056,0.0,0.0,6,,0.018127100732843838,0.32015556792791805,0.009063550366421919,32.015556792791806,23.10311261297108,normal
job_000011,Rwanda,261,8.7,monitoring,0.0,0.0,0.0,0.8142171828140919,0.0,0.0,0.0,6,,0.0,0.28497601398493216,0.0,28.497601398493217,23.750451267233736,normal
job_000011,Rwanda,262,8.733333333333333,monitoring,0.0,0.0,0.0,0.68621129687061,0.0,0.0,0.0,6,,0.0,0.2401739539047135,0.0,24.01739539047135,23.78248456202225,normal
job_000011,Rwanda,263,8.766666666666667,monitoring,0.0,0.0,0.0,1.0,0.0,0.38961038961038963,0.0,6,,0.03896103896103897,0.35,0.07792207792207793,35.0,25.12858641457958,normal
job_000011,Rwanda,264,8.8,monitoring,0.0,0.0,0.0,0.3747775983269995,0.0,0.23809523809523822,0.0,6,,0.023809523809523822,0.13117215941444982,0.047619047619047644,13.117215941444982,23.68722195780343,normal
job_000011,Rwanda,265,8.833333333333334,monitoring,0.0,0.0,0.0,0.21185260214753335,0.051197837095212875,0.5714285714285715,0.0,6,,0.057142857142857155,0.08694787002543988,0.11428571428571431,11.42857142857143,22.21618389429559,normal
job_000011,Rwanda,266,8.866666666666667,monitoring,0.0,0.0,0.0,0.05363961672621409,0.0,0.38961038961038963,0.0,6,,0.03896103896103897,0.01877386585417493,0.07792207792207793,7.792207792207793,20.485306762045056,normal
job_000011,Rwanda,267,8.9,monitoring,0.0,0.0,0.0,1.0,0.0,0.5714285714285715,0.0,6,,0.057142857142857155,0.35,0.11428571428571431,35.0,22.22706995059965,normal
job_000011,Rwanda,268,8.933333333333334,monitoring,0.0,0.0,0.0,0.0,0.013803817180924754,0.5714285714285715,0.0,6,,0.057142857142857155,0.0034509542952311885,0.11428571428571431,11.42857142857143,20.93125012795626,normal
job_000011,Rwanda,269,8.966666666666667,monitoring,0.0,0.0,0.0,0.0,0.10821503122056403,0.5714285714285715,0.0,6,,0.057142857142857155,0.027053757805141007,0.11428571428571431,11.42857142857143,19.79092868403008,normal
job_000011,Rwanda,270,9.0,monitoring,0.0,0.0,0.0,0.0,0.14344245306139317,0.23809523809523822,0.0,6,,0.023809523809523822,0.03586061326534829,0.047619047619047644,4.7619047619047645,17.987445813375047,normal
job_000011,Rwanda,271,9.033333333333333,monitoring,0.0,0.0,0.0,0.012638313356097636,0.051707527131392955,0.7936507936507938,0.0,6,,0.07936507936507939,0.01735029145748241,0.15873015873015878,15.873015873015877,17.733714220531944,normal
job_000011,Rwanda,272,9.066666666666666,monitoring,0.0,0.30092284560596827,0.0,0.0,0.0,0.38961038961038963,0.0,6,,0.12923789264282945,0.04513842684089524,0.12306050476297317,12.923789264282945,17.156523225782063,normal
job_000011,Rwanda,273,9.1,monitoring,0.0,0.0,0.0,1.0,0.015940304426122945,0.38961038961038963,0.0,6,,0.03896103896103897,0.35398507610653074,0.07792207792207793,35.39850761065308,19.345561351966587,normal
job_000011,Rwanda,274,9.133333333333333,monitoring,0.0,0.5,0.0,1.0,0.16299228189104553,0.0,0.0,6,,0.15,0.46574807047276134,0.075,46.57480704727613,22.613070835403732,normal
job_000011,Rwanda,275,9.166666666666666,monitoring,0.0,0.5,0.0,1.0,0.04950208928419311,0.38961038961038963,0.0,6,,0.18896103896103897,0.43737552232104826,0.15292207792207793,43.737552232104825,25.148008603007863,normal
job_000011,Rwanda,276,9.2,monitoring,0.0,0.5,0.0,1.0,0.0,1.0,0.0,6,,0.25,0.425,0.275,42.5,27.230247570646917,normal
job_000011,Rwanda,277,9.233333333333333,monitoring,0.0,0.27115500818100946,0.0,0.6552620204735066,0.10452389445756766,1.0,0.0,6,,0.18134650245430284,0.29614593200727063,0.24067325122715144,29.614593200727064,27.516369046256532,normal
job_000011,Rwanda,278,9.266666666666667,monitoring,0.0,0.3939925984257897,0.0,1.0,0.02520646515270666,0.9523809523809528,0.0,6,,0.2134358747658322,0.4154005060520451,0.24957508024005903,41.540050605204506,29.199210833330287,normal
job_000011,Rwanda,279,9.3,monitoring,0.0,0.5,0.0,1.0,0.0,0.10989010989011008,0.0,6,,0.160989010989011,0.425,0.09697802197802202,42.5,30.795305533330655,normal
job_000011,Rwanda,280,9.333333333333334,monitoring,0.0,0.06698771133460177,0.0,0.04806465059857776,0.0,0.5714285714285715,0.0,6,,0.07723917054323769,0.026870784409692476,0.12433387098590458,12.433387098590458,28.59187532116183,normal
job_000011,Rwanda,281,9.366666666666667,monitoring,0.0,0.3392163934878799,0.0,1.0,0.0,0.10989010989011008,0.0,6,,0.11275392903537497,0.400882459023182,0.072860481001204,40.0882459023182,29.971439790900593,normal
job_000011,Rwanda,282,9.4,monitoring,0.0,0.2890659736667583,0.0,1.0,0.030668131952302065,0.10989010989011008,0.0,6,,0.0977088030890385,0.40102692903808923,0.06533791802803576,40.10269290380892,31.187190164449593,normal
job_000011,Rwanda,283,9.433333333333334,monitoring,0.0,0.0459122401467069,0.0,0.0,0.0,0.0,0.0,6,,0.013773672044012069,0.0068868360220060345,0.0068868360220060345,1.3773672044012069,27.610011409243786,normal
job_000011,Rwanda,284,9.466666666666667,monitoring,0.0349034697807415,0.00466417782667931,0.295044983262186,1.0,0.08236045204772784,0.0,0.0,6,,0.08737671358680982,0.3800156071311192,0.0519370681194781,38.00156071311192,28.85699732570796,normal
job_000011,Rwanda,285,9.5,monitoring,0.0,0.009305768325533472,0.0,1.0,0.0,0.10989010989011008,0.0,6,,0.01378074148667105,0.35139586524883,0.02337388722685204,35.139586524883,29.610908029608968,normal
job_000011,Rwanda,286,9.533333333333333,monitoring,0.0,0.0,0.0,0.0,0.0,0.23809523809523822,0.0,6,,0.023809523809523822,0.0,0.047619047619047644,4.7619047619047645,26.629027637484466,normal
job_000011,Rwanda,287,9.566666666666666,monitoring,0.0,0.02892800647511061,0.0,0.613825656710048,0.0,0.23809523809523822,0.0,6,,0.032487925752057,0.21917818081978335,0.051958248590314234,21.917818081978336,26.06368249082373,normal
job_000011,Rwanda,288,9.6,monitoring,0.0,0.07267025387533839,0.0,0.865616244536873,0.0,0.0,0.0,6,,0.021801076162601515,0.3138662236692063,0.010900538081300757,31.38662236692063,26.70243527595536,normal
job_000011,Rwanda,289,9.633333333333333,monitoring,0.09796933417468526,0.0,0.055618074111312525,0.8656730072549936,0.0,0.0,0.0,6,,0.04819378548896797,0.32747788608291906,0.02793657795163393,32.747788608291906,27.427877675835745,normal
job_000011,Rwanda,290,9.666666666666666,monitoring,0.0,0.0309122045606497,0.0,1.0,0.0,0.0,0.0,6,,0.00927366136819491,0.35463683068409746,0.004636830684097455,35.46368306840974,28.392174322944623,normal
job_000011,Rwanda,291,9.7,monitoring,0.24885888795641214,0.14001883752487754,0.06604678570017518,1.0,0.0,0.0,0.0,6,,0.1456179584672513,0.43321754761783465,0.08068162107504033,43.32175476178347,30.183723975605282,normal
job_000011,Rwanda,292,9.733333333333333,monitoring,0.0,0.13333333333333333,0.0,0.935288486616411,0.0,0.0,0.0,6,,0.04,0.34735097031574386,0.02,34.735097031574384,30.729888742321574,normal
job_000011,Rwanda,293,9.766666666666667,monitoring,0.0,0.06769029409400097,0.15158264267034469,0.6949520546868845,0.0,0.34920634920634935,0.0,6,,0.09312338381642139,0.2533867632545097,0.10273221035592173,25.33867632545097,30.0829432522971,normal
job_000011,Rwanda,294,9.8,monitoring,0.0,0.0,0.0,0.0,0.0,0.10989010989011008,0.0,6,,0.010989010989011009,0.0,0.021978021978022018,2.197802197802202,26.73672632575771,normal
job_000011,Rwanda,295,9.833333333333334,monitoring,0.0,0.0,0.010844560725822067,0.3029952897981155,0.0,0.0,0.0,6,,0.0027111401814555167,0.10604835142934042,0.00162668410887331,10.604835142934043,24.800899383818873,normal
job_000011,Rwanda,296,9.866666666666667,monitoring,0.0,0.0410622485010487,0.0,1.0,0.0,0.0,0.0,6,,0.01231867455031461,0.3561593372751573,0.006159337275157305,35.61593372751573,26.098703505062495,normal
job_000011,Rwanda,297,9.9,monitoring,0.0,0.2237576675141321,0.3771575411210978,0.5929621342389579,0.0,0.0,0.0,6,,0.16141668553451408,0.2411003971107551,0.09013728129528448,24.11003971107551,25.860063849784055,normal
job_000011,Rwanda,298,9.933333333333334,monitoring,0.0,0.13333333333333333,0.11465100856647692,0.05546928147981948,0.0,0.0,0.0,6,,0.06866275214161924,0.03941424851793682,0.03719765128497154,6.866275214161924,23.5808092135094,normal
job_000011,Rwanda,299,9.966666666666667,monitoring,0.0,0.3718033593218836,0.0,0.3189720327810303,0.0,0.0,0.0,6,,0.11154100779656508,0.16741071537164315,0.05577050389828254,16.741071537164316,22.76004069234799,normal
job_000011,Rwanda,300,10.0,monitoring,0.0,0.13922160255864804,0.0,1.0,0.0,0.0,0.0,6,,0.04176648076759441,0.37088324038379716,0.020883240383797207,37.08832403837972,24.479434693871795,normal
job_000011,Rwanda,301,10.033333333333333,monitoring,0.0,0.0,0.0,0.4510332645470802,0.0,0.0,0.0,6,,0.0,0.15786164259147806,0.0,15.786164259147807,23.436242241704914,normal
job_000011,Rwanda,302,10.066666666666666,monitoring,0.0,0.07572820256530163,0.0,0.45705648971397356,0.0,0.23809523809523822,0.0,6,,0.046527984579114307,0.171329001784686,0.058978278003842886,17.1329001784686,22.679841194116555,normal
job_000011,Rwanda,303,10.1,monitoring,0.0,0.17448690820566487,0.049393974367275446,0.5736681359626175,0.05562537941858143,0.0,0.0,6,,0.06469456605351832,0.2408632286724112,0.033582132385941044,24.08632286724112,22.848618994891503,normal
job_000011,Rwanda,304,10.133333333333333,monitoring,0.0,0.0,0.0,0.3429230266533022,0.01193156313037613,0.0,0.0,6,,0.0,0.1230059501112498,0.0,12.30059501112498,21.58285611683952,normal
job_000011,Rwanda,305,10.166666666666666,monitoring,0.0,0.06766082903022227,0.019455730292406187,0.010485164616875566,0.043939812725657466,0.0,0.0,6,,0.02516218128216823,0.024803885151854155,0.013067483898394268,2.516218128216823,19.294859558204795,normal
job_000011,Rwanda,306,10.2,monitoring,0.0,0.14365558888511507,0.0,0.37265610925659953,0.1612376308303511,0.23809523809523822,0.0,6,,0.06690620047505834,0.19228738428016484,0.0691673859518149,19.228738428016484,19.286925022582196,normal
job_000011,Rwanda,307,10.233333333333333,monitoring,0.12755201480689063,0.4,0.45790600607648807,0.0045773857195232515,0.0,0.05291005291005292,0.0,6,,0.28441071199253903,0.09349008870355578,0.1647783144548619,28.441071199253905,20.3854225637828,normal
job_000011,Rwanda,308,10.266666666666667,monitoring,0.0,0.13850629119822508,0.18177977329472988,0.1501022981560228,0.0,0.23809523809523822,0.0,6,,0.11080635449267381,0.07331174803434173,0.09566195729299089,11.080635449267382,19.268848110040953,normal
job_000011,Rwanda,309,10.3,monitoring,0.0,0.013481665215588908,0.16792074557080647,0.0,0.07783518192394878,0.0,0.0,6,,0.04602468595737829,0.021481045263325532,0.027210361617959308,4.602468595737829,17.50888256832458,normal
job_000011,Rwanda,310,10.333333333333334,monitoring,0.0,0.13333333333333333,0.3064826497526041,0.0,0.12186224373865959,0.23809523809523822,0.0,6,,0.14043018624767484,0.050465560934664894,0.11359144508193826,14.043018624767484,17.09297889509773,normal
job_000011,Rwanda,311,10.366666666666667,monitoring,0.12139350455865149,0.4719335698067545,0.5898456898004711,0.0,0.20199862987766354,0.0,0.0,6,,0.33152921998767215,0.15163806908009192,0.18354558985281416,33.15292199876721,19.02017206753807,normal
job_000011,Rwanda,312,10.4,monitoring,0.0,0.2307313660843648,0.06741716282946796,0.0,0.18800719366204188,0.0,0.0,6,,0.08607370053267642,0.08161150332816519,0.044722279337074906,8.607370053267642,17.770635825825618,normal
job_000011,Rwanda,313,10.433333333333334,monitoring,0.0,0.0,0.0,0.0,0.16315983216097246,0.10989010989011008,0.0,6,,0.010989010989011009,0.040789958040243116,0.021978021978022018,4.078995804024312,16.12763902320946,normal
job_000011,Rwanda,314,10.466666666666667,monitoring,0.0,0.09259315828690694,0.0,0.0,0.14266679809734772,0.0,0.0,6,,0.02777794748607208,0.04955567326737297,0.01388897374303604,4.955567326737297,14.7869904196328,normal
job_000011,Rwanda,315,10.5,monitoring,0.0,0.01809612793140625,0.02864670759292662,0.0,0.014545692109141854,0.0,0.0,6,,0.01259051527765353,0.006350842216996401,0.00701142532864993,1.2590515277653531,13.163637752608706,normal
job_000011,Rwanda,316,10.533333333333333,monitoring,0.0,0.13333333333333333,0.4252575287343916,0.0,0.0,0.0,0.0,6,,0.1463143821835979,0.02,0.08378862931015874,14.63143821835979,13.339773808498837,normal
job_000011,Rwanda,317,10.566666666666666,monitoring,0.0,0.008888716977420115,0.0,0.0,0.0,0.0,0.0,6,,0.0026666150932260343,0.0013333075466130172,0.0013333075466130172,0.2666615093226034,11.771000332597689,normal
job_000011,Rwanda,318,10.6,monitoring,0.0,0.13333333333333333,0.06347158775676151,0.0,0.0,0.0,0.0,6,,0.05586789693919038,0.02,0.029520738163514228,5.586789693919038,11.028895055956252,normal
job_000011,Rwanda,319,10.633333333333333,monitoring,0.10070045331666601,0.26666666666666666,0.0,0.0,0.0,0.0,0.0,6,,0.1152451586608331,0.0651751133291665,0.0601400906633332,11.52451586608331,11.088369553171498,normal
job_000011,Rwanda,320,10.666666666666666,monitoring,0.0,0.45636965566270105,0.3730310766758876,0.0,0.0,0.0,0.0,6,,0.23016866586778223,0.06845544834940516,0.12441010985078829,23.016866586778225,12.519789197204304,normal
job_000011,Rwanda,321,10.7,monitoring,0.40269512413981906,0.5044273662661363,0.31368144714338086,0.0,0.0,0.0,0.0,6,,0.37069186511462277,0.1763378859748752,0.2032553468393914,37.06918651146228,15.46571687491526,normal
job_000011,Rwanda,322,10.733333333333333,monitoring,0.0,0.0,0.0,0.0,0.0,0.0,0.0,6,,0.0,0.0,0.0,0.0,13.60983084992543,normal
job_000011,Rwanda,323,10.766666666666667,monitoring,0.0,0.09563327084268425,0.0,0.0,0.0,0.0,0.0,6,,0.028689981252805273,0.014344990626402637,0.014344990626402637,2.8689981252805272,12.320930922968042,normal
job_000011,Rwanda,324,10.8,monitoring,0.0,0.3108795312916822,0.7384601956807143,0.0,0.0,0.0,0.0,6,,0.27787890830768325,0.04663192969375233,0.15740095904585946,27.787890830768326,14.176966111904077,normal
job_000011,Rwanda,325,10.833333333333334,monitoring,0.5282931737252565,0.4,0.40325756400814877,0.0,0.0,0.05291005291005292,0.0,6,,0.41100800709688223,0.19207329343131413,0.23672927992828421,41.10080070968822,17.407826263638174,normal
job_000011,Rwanda,326,10.866666666666667,monitoring,0.019049611899819678,0.4174913469604272,0.8243094041129918,0.0,0.0,0.05291005291005292,0.0,6,,0.3432831245723183,0.067386105019019,0.20066204562298734,34.32831245723183,19.438284606869413,normal
job_000011,Rwanda,327,10.9,monitoring,0.0,0.13333333333333333,0.9586322507206475,0.0,0.0,0.23809523809523822,0.0,6,,0.3034675864896857,0.02,0.21141388522714474,30.34675864896857,20.747301491921313,normal
job_000011,Rwanda,328,10.933333333333334,monitoring,0.0,0.26666666666666666,0.6389271748043839,0.0,0.0,0.14005602240896367,0.0,6,,0.25373739594199235,0.04,0.1638502807024503,25.373739594199236,21.302474064194666,normal
job_000011,Rwanda,329,10.966666666666667,monitoring,0.0,0.35847166323455193,0.002305895466100948,0.0,0.0,0.14005602240896367,0.0,6,,0.12212357507778718,0.05377074948518279,0.08212783828689066,12.212357507778718,20.21166007742475,normal
job_000011,Rwanda,330,11.0,monitoring,0.0,0.09553263366451165,0.0,0.28982420183252827,0.0,0.0,0.0,6,,0.02865979009935349,0.11576836569106164,0.014329895049676746,11.576836569106163,19.17548125642652,normal
job_000011,Rwanda,331,11.033333333333333,monitoring,0.0,0.0,0.0,0.0,0.08365956207232345,0.0,0.0,6,,0.0,0.02091489051808086,0.0,2.091489051808086,17.125402191872308,normal
job_000011,Rwanda,332,11.066666666666666,monitoring,0.0,0.1207480229454682,0.0,0.0,0.09979829399758232,0.0,0.0,6,,0.03622440688364046,0.04306177694121581,0.01811220344182023,4.306177694121581,15.58709525214222,normal
job_000011,Rwanda,333,11.1,monitoring,0.0,0.07926017861097111,0.0,0.0,0.08249933164415237,0.0,0.0,6,,0.023778053583291332,0.03251385970268376,0.011889026791645666,3.251385970268376,14.106810138317359,normal
job_000011,Rwanda,334,11.133333333333333,monitoring,0.0,0.0,0.0,0.0,0.0,0.0,0.0,6,,0.0,0.0,0.0,0.0,12.413992921719275,normal
job_000011,Rwanda,335,11.166666666666666,monitoring,0.0,0.030754782955272904,0.0,0.0,0.0,0.0,0.0,6,,0.00922643488658187,0.004613217443290935,0.004613217443290935,0.9226434886581871,11.035030989751943,normal
job_000011,Rwanda,336,11.2,monitoring,0.0,0.007186295327548774,0.0,0.0,0.0,0.10989010989011008,0.0,6,,0.013144899587275641,0.001077944299132316,0.023055966277154335,2.3055966277154334,9.987498866307561,normal
job_000011,Rwanda,337,11.233333333333333,monitoring,0.0,0.0,0.0,0.0,0.0,0.10989010989011008,0.0,6,,0.010989010989011009,0.0,0.021978021978022018,2.197802197802202,9.052735266086918,normal
job_000011,Rwanda,338,11.266666666666667,monitoring,0.0,0.035101243865368455,0.0,0.0,0.0,0.10989010989011008,0.0,6,,0.021519384148621545,0.005265186579805268,0.027243208557827286,2.7243208557827288,8.293325536850414,normal
job_000011,Rwanda,339,11.3,monitoring,0.0,0.05284967254936282,0.8473697005453672,0.0,0.0,0.0,0.0,6,,0.22769732690115063,0.007927450882404423,0.1350329059642095,22.769732690115063,10.030494395242172,normal
job_000011,Rwanda,340,11.333333333333334,monitoring,0.0,0.0,0.84680829485087,0.0,0.0,0.0,0.0,6,,0.2117020737127175,0.0,0.12702124422763048,21.170207371271747,11.367259952365721,normal
job_000011,Rwanda,341,11.366666666666667,monitoring,0.0,0.06686303081765006,0.0,0.0,0.0,0.10989010989011008,0.0,6,,0.031047920234306026,0.010029454622647508,0.03200747660066953,3.200747660066953,10.38727847728987,normal
job_000011,Rwanda,342,11.4,monitoring,0.0,0.19459285618379205,0.0,0.0,0.0,0.10989010989011008,0.0,6,,0.06936686784414862,0.029188928427568806,0.05116695040559083,6.936686784414863,9.97320747414487,normal
job_000011,Rwanda,343,11.433333333333334,monitoring,0.0,0.011295579716460833,0.0,0.0,0.0,0.38961038961038963,0.0,6,,0.04234971287597722,0.0016943369574691249,0.07961641487954706,7.961641487954705,9.73181955580205,normal
job_000011,Rwanda,344,11.466666666666667,monitoring,0.0,0.13333466290123075,0.0,0.0,0.0,0.38961038961038963,0.0,6,,0.07896143783140819,0.02000019943518461,0.09792227735726254,9.792227735726254,9.739068537392955,normal
job_000011,Rwanda,345,11.5,monitoring,0.0,0.06708501501401137,0.0,0.0,0.0,0.23809523809523822,0.0,6,,0.04393502831372723,0.010062752252101705,0.05768179987114935,5.7681799871149355,9.262561911359594,normal
job_000011,Rwanda,346,11.533333333333333,monitoring,0.0,0.0,0.0,0.0,0.0,0.5714285714285715,0.0,6,,0.057142857142857155,0.0,0.11428571428571431,11.42857142857143,9.522483053425015,normal
job_000011,Rwanda,347,11.566666666666666,monitoring,0.0,0.07023551618974501,0.0,0.0,0.05364811317171456,0.0,0.0,6,,0.021070654856923502,0.023947355721390392,0.010535327428461751,2.394735572139039,8.667153355670699,normal
job_000011,Rwanda,348,11.6,monitoring,0.0,0.0030098045382884373,0.27222754968066193,0.0,0.019384971546443825,0.0,0.0,6,,0.06895982878165201,0.005297713567354222,0.041285603132842554,6.895982878165201,8.454612898370039,normal
job_000011,Rwanda,349,11.633333333333333,monitoring,0.02004130470175141,0.26666666666666666,0.3765889113223298,0.0,0.002531405218653729,0.14005602240896367,0.0,6,,0.19516728671709183,0.045643177480101285,0.12850780212049248,19.51672867170918,9.782066791170735,normal
job_000011,Rwanda,350,11.666666666666666,monitoring,0.3407585993698897,0.2833627442756522,0.2579261190129176,0.0,0.0,0.0,0.0,6,,0.26875586281538644,0.12769406148382026,0.14934504936726342,26.875586281538645,11.833289130014885,normal
job_000011,Rwanda,351,11.7,monitoring,0.24595435793315806,0.1429564354146732,0.13627094006301865,0.0,0.10447848244055412,0.0,0.0,6,,0.16303869091676193,0.10905167540562903,0.09107497790828539,16.303869091676194,12.369758725414242,normal
job_000011,Rwanda,352,11.733333333333333,monitoring,0.4409570290615791,0.26666666666666666,0.32469625810630864,0.0,0.16607491718865963,0.14005602240896367,0.0,6,,0.32951462693902617,0.19175798656255968,0.20490704901005485,32.95146269390262,14.839563201632846,normal
job_000011,Rwanda,353,11.766666666666667,monitoring,0.8281817779419399,0.27395519695282966,0.23650673934615213,0.0,0.18721132760820006,0.23809523809523822,0.0,6,,0.4549863900115897,0.29494155593045945,0.2898246936522829,45.49863900115897,18.51865229757598,normal
job_000011,Rwanda,354,11.8,monitoring,1.0,0.2534129514607425,0.0,0.0,0.2029010911691152,0.23809523809523822,0.0,6,,0.44983340924774656,0.33873721551139013,0.28563099033815903,44.98334092477466,21.69441493283982,normal
job_000011,Rwanda,355,11.833333333333334,monitoring,1.0,0.26666666666666666,0.08717333551595427,0.0,0.19829086595312087,0.14005602240896367,0.0,6,,0.46579893611988493,0.3395727164882802,0.28108720480918586,46.579893611988496,24.68067237433766,normal
job_000011,Rwanda,356,11.866666666666667,monitoring,0.2733161677812352,0.06949467482672679,0.0,1.0,0.17098247225550942,0.0,0.0,6,,0.11650906117145035,0.4714988612331951,0.06508743478025605,47.14988612331951,27.376978024215482,normal
job_000011,Rwanda,357,11.9,monitoring,1.0,0.2952372032945428,0.16097391700283908,0.8445991123397086,0.17034652728193575,0.0,0.0,6,,0.47881464023907255,0.6324819016335634,0.2684316680446073,63.24819016335634,31.681523480912386,normal
job_000011,Rwanda,358,11.933333333333334,monitoring,1.0,0.13333333333333333,0.00592395977388457,0.4952161379771334,0.12588594315177778,0.23809523809523822,0.0,6,,0.4152905137529949,0.4747971340799412,0.2685076415851303,47.47971340799412,33.57730627216219,normal
job_000011,Rwanda,359,11.966666666666667,monitoring,0.3724081364903657,0.0,0.08976928650167326,1.0,0.029631547534470466,0.34920634920634935,0.0,6,,0.18770580431768125,0.450509921006209,0.157788290114594,45.0509921006209,34.954148571577235,normal
job_000011,Rwanda,360,12.0,monitoring,0.0,0.05654891743238714,0.05615556849251893,0.12276386644440208,0.0,0.10989010989011008,0.0,6,,0.04199257834185688,0.0514496908703988,0.038883694866757926,5.14496908703988,31.377047033432753,normal
job_000011,Rwanda,361,12.033333333333333,monitoring,0.0,0.0,0.36581459719769843,0.0,0.0,0.10989010989011008,0.0,6,,0.10244266028843561,0.0,0.07685021155767678,10.244266028843562,28.84111331288205,normal
job_000011,Rwanda,362,12.066666666666666,monitoring,0.0,0.0,0.008206260152967363,0.0,0.0,0.23809523809523822,0.0,6,,0.025861088847765664,0.0,0.04884998664199275,4.884998664199275,25.966379555040117,normal
job_000011,Rwanda,363,12.1,monitoring,0.0,0.0,0.0,0.0,0.0,0.622710622710623,0.0,6,,0.06227106227106231,0.0,0.12454212454212461,12.454212454212461,24.3449195029408,normal
job_000011,Rwanda,364,12.133333333333333,monitoring,0.0,0.0,0.0,0.396614496297713,0.06379273441450754,0.622710622710623,0.0,6,,0.06227106227106231,0.15476325730782642,0.12454212454212461,15.476325730782643,23.28068825028182,normal
job_000011,Rwanda,365,12.166666666666666,monitoring,0.0,0.029665801709948845,0.0,0.8576849511119703,0.00728408211275022,0.10989010989011008,0.0,6,,0.019888751501995663,0.3064606236738695,0.026427892234514343,30.64606236738695,24.164533144334435,normal
job_000011,Rwanda,366,12.2,monitoring,0.0,0.04466723583284339,0.0,0.3599525078250648,0.0493356275135506,0.23809523809523822,0.0,6,,0.03720969455937684,0.14501736999208684,0.05431913299397415,14.501736999208683,23.004997606919346,normal
job_000011,Rwanda,367,12.233333333333333,monitoring,0.0,0.0,0.0,0.48199669658499894,0.02012521597939286,0.38961038961038963,0.0,6,,0.03896103896103897,0.17373014779959783,0.07792207792207793,17.37301477995978,22.3291596676842,normal
job_000011,Rwanda,368,12.266666666666667,monitoring,0.0,0.08519058785857946,0.6238796445039914,0.388703525327446,0.0,0.0,0.0,6,,0.1815270874835717,0.148824822043393,0.10636053485438562,18.152708748357167,21.827985557364958,normal
job_000011,Rwanda,369,12.3,monitoring,0.045483810078712265,0.35983619455291166,1.0,0.31597503134169247,0.0,0.0,0.0,6,,0.3738701918934228,0.17593764267220718,0.2130721911986792,37.38701918934228,23.695069593202238,normal
job_000011,Rwanda,370,12.333333333333334,monitoring,0.3960274808707632,0.4,0.7537291124976331,0.29376022331154084,0.0,0.0,0.0,6,,0.4470418964291754,0.2618229483767301,0.2522648630487976,44.70418964291754,26.216163999168074,normal
job_000011,Rwanda,371,12.366666666666667,monitoring,0.0,0.03472952043721633,0.9889122933578456,0.7884656895385207,0.0,0.0,0.0,6,,0.2576469294706263,0.2811724194040647,0.15354627206925928,28.11724194040647,26.44429335211668,normal
job_000011,Rwanda,372,12.4,monitoring,0.0,0.005199951541656487,0.8140910664527519,0.3918578856353515,0.0,0.0,0.0,6,,0.2050827520756849,0.1379302527036215,0.12289365269916125,20.50827520756849,25.731971174770898,normal
job_000011,Rwanda,373,12.433333333333334,monitoring,0.9517562061357233,0.26666666666666666,0.44075494281577166,0.1675021911022372,0.01595184227409565,0.0,0.0,6,,0.523303407851446,0.34055277898823777,0.2964644826495104,52.3303407851446,28.923775528015742,normal
job_000011,Rwanda,374,12.466666666666667,monitoring,0.07191111366656074,0.3493528007362128,1.0,0.8788097222412745,0.07465434314144818,0.0,0.0,6,,0.37997473000416004,0.3966276870968802,0.21678514284374406,39.66276870968802,30.212454709816413,normal
job_000011,Rwanda,375,12.5,monitoring,0.0,0.13951136789652369,0.17047792659612185,1.0,0.1405059689492899,0.0,0.0,6,,0.08447289201798756,0.406053197421801,0.046498394173896826,40.6053197421801,31.459598513700055,normal
job_000011,Rwanda,376,12.533333333333333,monitoring,0.0,0.0,0.14522803943148194,0.0722206078134337,0.10669851008416903,0.0,0.0,6,,0.036307009857870484,0.05195184025574405,0.02178420591472229,5.195184025574405,28.307868775124977,normal
job_000011,Rwanda,377,12.566666666666666,monitoring,0.0,0.07144586361129665,0.2953368228368607,0.0,0.1380665619008265,0.0,0.0,6,,0.09526796479260416,0.04523352001690112,0.0550174029672236,9.526796479260415,26.05414009962123,normal
job_000011,Rwanda,378,12.6,monitoring,0.5349419038669688,0.6581095897105775,1.0,0.0,0.11922042542370324,0.0,0.0,6,,0.6346625432666123,0.26225702077925467,0.35570481922998043,63.46625432666123,30.54359380686603,normal
job_000011,Rwanda,379,12.633333333333333,monitoring,0.5453233248582627,0.5125046052333306,1.0,0.0,0.07775565888980045,0.0,0.0,6,,0.5946145452703911,0.23264543672201538,0.33594035575665215,59.461454527039116,34.0137370932868,normal
job_000011,Rwanda,380,12.666666666666666,monitoring,0.7955098415117278,0.6780453300081875,0.8768451456179644,0.0,0.08076082012081598,0.0,0.0,6,,0.701053329936052,0.320774464909364,0.3923355396462683,70.1053329936052,38.34472860132501,normal
job_000011,Rwanda,381,12.7,monitoring,0.19059441842164382,0.26666666666666666,1.0,0.0,0.0,0.5322128851540618,0.0,6,,0.44992933496298154,0.08764860460541096,0.33456146071514115,44.99293349629816,39.142513188721786,normal
job_000011,Rwanda,382,12.733333333333333,monitoring,0.192933323490231,0.26666666666666666,0.3288899276009685,0.0,0.0,0.5322128851540618,0.0,6,,0.2829704336372292,0.08823333087255775,0.2343627308690039,28.297043363722917,37.84105680972192,normal
job_000011,Rwanda,383,12.766666666666667,monitoring,0.3684781581253319,0.3777344582588912,0.8639706042860595,0.0,0.0,0.14005602240896367,0.0,6,,0.47228594613394476,0.14877970827016665,0.2879625954886017,47.22859461339448,38.967561346162626,normal
job_000011,Rwanda,384,12.8,monitoring,0.0,0.1341676161151254,0.0,0.0,0.04897142407099469,0.10989010989011008,0.0,6,,0.05123929582354862,0.03236799843501748,0.042103164395290826,5.1239295823548625,34.9063255345057,normal
job_000011,Rwanda,385,12.833333333333334,monitoring,0.0,0.0,0.0,0.0,0.12981736423311008,0.10989010989011008,0.0,6,,0.010989010989011009,0.03245434105827752,0.021978021978022018,3.245434105827752,31.107018563064344,normal
job_000011,Rwanda,386,12.866666666666667,monitoring,0.3172088199345922,0.2285673506460124,0.5521719035572202,0.0,0.0999956717972681,0.0,0.0,6,,0.31763626806021605,0.13858622552986694,0.18055265211740334,31.763626806021605,31.185811552219214,normal
job_000011,Rwanda,387,12.9,monitoring,0.26887822048863685,0.14322047916956493,0.7582017158562059,0.0,0.18675580188822044,0.0,0.0,6,,0.32662394988594384,0.13539157746964908,0.18898897335159298,32.662394988594386,31.363001564584234,normal
job_000011,Rwanda,388,12.933333333333334,monitoring,0.0,0.0,0.3023027798996492,0.0,0.15115928268498643,0.0,0.0,6,,0.0755756949749123,0.03778982067124661,0.04534541698494738,7.55756949749123,28.506349716533073,normal
job_000011,Rwanda,389,12.966666666666667,monitoring,0.3729719178321548,0.15813955288336676,1.0,0.0,0.1144183541696271,0.0,0.0,6,,0.4279820371062642,0.14556850093295048,0.24831531649893596,42.79820371062642,30.221372195824276,normal
job_000011,Rwanda,390,13.0,monitoring,0.27514408638381443,0.10960727849913701,0.9014485787528004,0.0,0.11427154219360253,0.0,0.0,6,,0.35454475847227623,0.11379499891922479,0.2066871958645535,35.45447584722762,30.849344633992676,normal
job_000011,Rwanda,391,13.033333333333333,monitoring,0.07982621060989294,0.0,1.0,0.0,0.16403009485308173,0.0,0.0,6,,0.27793917371346255,0.060964076365743664,0.16596524212197858,27.793917371346254,30.482693362475104,normal
job_000011,Rwanda,392,13.066666666666666,monitoring,0.0,0.0451320481718542,0.0,1.0,0.06591950632470603,0.4761904761904763,0.0,6,,0.061158662070603886,0.3732496838069546,0.1020079024638734,37.32496838069546,31.303766364661545,normal
job_000011,Rwanda,393,13.1,monitoring,0.16372671423188692,0.3480633957514693,0.9282221416514961,0.922973499571713,0.19584418127970324,0.23809523809523822,0.0,6,,0.4175884279289991,0.46514295809071743,0.27180722107586985,46.51429580907174,33.12902989799077,normal
job_000011,Rwanda,394,13.133333333333333,monitoring,0.0,0.02056613556655527,0.0,0.0,0.18700648423682217,0.10989010989011008,0.0,6,,0.01715885165897759,0.04983654139418883,0.025062942313005307,4.983654139418883,29.751584806962143,normal
job_000011,Rwanda,395,13.166666666666666,monitoring,0.0,0.10530398065061064,0.6326791478765207,0.2463951688339601,0.13892817289368398,0.622710622710623,0.0,6,,0.25203204343537566,0.1367659494128986,0.2352395938211943,25.203204343537568,29.205779151351194,normal
job_000011,Rwanda,396,13.2,monitoring,0.0,0.32153649694052344,0.32665665263339116,0.4550495071638317,0.08323321785858269,0.14005602240896367,0.0,6,,0.19213071448140118,0.22830610651306527,0.12524017691787992,22.830610651306525,28.440758931345833,normal
job_000011,Rwanda,397,13.233333333333333,monitoring,0.0,0.26666666666666666,0.7899272851044219,0.0,0.09950813454813463,0.14005602240896367,0.0,6,,0.29148742351700185,0.06487703363703366,0.186500297247456,29.148742351700186,28.525716941788357,normal
job_000011,Rwanda,398,13.266666666666667,monitoring,0.0,0.07031134370758381,0.8503810541079265,0.0,0.07214078472894957,0.34920634920634935,0.0,6,,0.2686093015598917,0.02858189773837496,0.20794512951359642,26.86093015598917,28.325942527492455,normal
job_000011,Rwanda,399,13.3,monitoring,0.18916641255920247,0.36880819152529015,0.9964546592624284,0.0,0.05717112221835061,0.14005602240896367,0.0,6,,0.4399699689098114,0.11690561242318179,0.270633914611791,43.99699689098114,30.206469051111096,normal
