image_id,split,environment,week,source_annotation_count,invalid_annotation_count,clipped_annotation_count,object_count,bbox_area_ratio,center_x,center_y,center_spread,mean_nearest_neighbor_distance,max_grid_count,max_grid_fraction
C-W1-0001,train,commercial,1,741,0,8,741,0.43209966548500006,0.49344937381916354,0.5961113940620778,0.4012260307236823,0.02153370250668309,79,0.10661268556005399
C-W1-0002,train,commercial,1,616,0,3,616,0.3744017197320001,0.4600445211038964,0.5954358311688311,0.396440118979161,0.02277834340980583,80,0.12987012987012986
C-W1-0003,train,commercial,1,175,0,7,175,0.10468593355803799,0.5201443021714286,0.6184611622857145,0.4655484317529964,0.0329242141749351,25,0.14285714285714285
C-W1-0004,train,commercial,1,131,0,1,131,0.0847737230135,0.27940550381679374,0.5385319999999999,0.4091436208250568,0.036298100406442727,30,0.22900763358778625
C-W1-0005,train,commercial,1,179,0,1,179,0.150564005410176,0.3000102991061451,0.4366164425139664,0.44710887994565046,0.03082937221432672,37,0.20670391061452514
C-W1-0006,train,commercial,1,179,0,1,179,0.10541004309399998,0.4977594916201117,0.6186995530726257,0.4846916507302267,0.03197383722102902,31,0.17318435754189945
C-W1-0007,train,commercial,1,571,0,1,571,0.300789125733,0.4255571663747816,0.5178002574430824,0.4493650458041486,0.022298487595185556,68,0.1190893169877408
C-W1-0008,train,commercial,1,329,0,4,329,0.16207395340249994,0.40204561398176286,0.48504879635258374,0.49288510187111817,0.025659743536577517,61,0.18541033434650456
C-W1-0009,train,commercial,1,425,0,0,425,0.20808912997599996,0.4631161200000001,0.5265436564705883,0.48497621107792793,0.021990404533611358,63,0.14823529411764705
C-W1-0010,train,commercial,1,221,0,2,221,0.11237040209350001,0.4659186199095025,0.4044746470588236,0.44348180650463875,0.027767581495778435,34,0.15384615384615385
C-W1-0011,train,commercial,1,358,0,2,358,0.184245702132,0.4254091256983241,0.49072406145251374,0.4760114725272007,0.02343964919041483,47,0.13128491620111732
C-W1-0012,train,commercial,1,359,0,2,359,0.1831400172245,0.4354525236768804,0.4630005125348188,0.48820206431623475,0.024525730783933986,50,0.1392757660167131
C-W1-0013,train,commercial,1,927,0,2,927,0.49284997778500006,0.49187821682847904,0.6016087303128365,0.40196469723704525,0.018976497727916177,100,0.10787486515641856
C-W1-0014,train,commercial,1,973,0,2,973,0.52106439444,0.5024350554984589,0.609045701952723,0.40197451531186174,0.01818145668334166,117,0.12024665981500514
C-W1-0015,train,commercial,1,956,0,4,956,0.510435124284,0.5002810261506281,0.6150841129707113,0.39930077616652654,0.01864609504535693,118,0.12343096234309624
C-W1-0016,train,commercial,1,981,0,2,981,0.5500205416180001,0.49533267686034593,0.6018065412844037,0.3959413369448741,0.018715755014082926,109,0.1111111111111111
C-W1-0017,train,commercial,1,977,0,2,977,0.5305265069230001,0.48832781985670337,0.6013637993858746,0.40329964614745983,0.018281908458900646,118,0.12077789150460594
C-W1-0018,train,commercial,1,941,0,5,941,0.512116167785,0.46839192561105186,0.6030951849096698,0.3992859499383449,0.019072637785325412,105,0.11158342189160468
C-W1-0019,train,commercial,1,742,0,4,742,0.41042070773549993,0.562647711590296,0.6010507857142856,0.41457194884120685,0.020259537034137992,103,0.13881401617250674
C-W1-0020,train,commercial,1,963,0,1,963,0.527497725337,0.5623110031152648,0.5655138888888886,0.40957369969756136,0.0187572230801211,120,0.12461059190031153
C-W1-0021,train,commercial,1,774,0,0,774,0.44219175652000003,0.5160001291989671,0.6192854741602064,0.4001637377105762,0.020457311345485528,97,0.12532299741602068
C-W1-0022,train,commercial,1,835,0,5,835,0.447013338195,0.5239533365269459,0.6183278778443108,0.3958866852591476,0.01944562123477484,118,0.14131736526946106
C-W1-0023,train,commercial,1,845,0,3,845,0.447361265885,0.5301176213017746,0.6121658307692313,0.39776414914346175,0.019768206079663803,118,0.13964497041420118
C-W1-0024,train,commercial,1,361,0,2,361,0.1766544245485,0.6122361578947368,0.7559351800554015,0.3686927865000741,0.021011028406558167,72,0.1994459833795014
C-W1-0025,train,commercial,1,689,0,3,689,0.350907360463,0.5178950449927431,0.6750967605224962,0.39122070791250346,0.019608887139710877,100,0.14513788098693758
C-W1-0026,train,commercial,1,368,0,3,368,0.17764786721749998,0.6199603831521742,0.7404779048913039,0.3685132195864105,0.021015111413078606,77,0.20923913043478262
C-W1-0027,train,commercial,1,896,0,0,896,0.4400252618650002,0.37545312053571417,0.4949462466517856,0.397020826904252,0.01853551568356948,154,0.171875
C-W1-0028,train,commercial,1,739,0,1,739,0.3733962242890001,0.4102308917456021,0.49990233829499414,0.41283809154849754,0.019954266852199136,120,0.16238159675236807
C-W1-0029,train,commercial,1,436,0,3,436,0.2199337593584999,0.7038287958715601,0.6696037568807345,0.3713340527453444,0.024050868024133528,116,0.26605504587155965
C-W1-0030,train,commercial,1,221,0,0,221,0.11347171072600006,0.4139128325791856,0.4799962443438913,0.4745861369438559,0.029334860675267322,32,0.14479638009049775
C-W1-0031,train,commercial,1,572,0,3,572,0.300430203874,0.4409241066433565,0.501290141608392,0.4552130932410413,0.02194149408289048,66,0.11538461538461539
C-W1-0032,train,commercial,1,563,0,4,563,0.29839615179049994,0.44168490230905855,0.5089032291296626,0.455163062001242,0.0225237421458914,63,0.11190053285968028
C-W1-0033,train,commercial,1,457,0,14,457,0.23264336993953952,0.41078490221006564,0.5043361993216632,0.4777092041438243,0.021979719291399365,69,0.15098468271334792
C-W1-0034,train,commercial,1,403,0,3,403,0.21059635442850005,0.40703079900744404,0.5084746873449131,0.4752466725362237,0.02296495869492385,56,0.13895781637717122
C-W1-0035,train,commercial,1,405,0,2,405,0.20602416885699998,0.4241158864197531,0.4955818518518524,0.4752199193154756,0.023696685569126887,54,0.13333333333333333
C-W1-0036,train,commercial,1,455,0,1,455,0.21598951191599994,0.4938839340659342,0.5015404967032966,0.4815134981063647,0.022361775413756196,62,0.13626373626373625
C-W1-0037,train,commercial,1,465,0,2,465,0.23419010170549992,0.4807790107526884,0.5147839333333332,0.47674335761684683,0.022972487055693942,69,0.14838709677419354
C-W1-0038,train,commercial,1,463,0,2,463,0.23100065503399994,0.44164022030237565,0.5026438056155511,0.4761276877881707,0.02246641062196833,69,0.1490280777537797
C-W1-0039,train,commercial,1,651,0,3,651,0.3674114989180001,0.48633050691244256,0.5752034239631338,0.42857217940630693,0.02233175678993723,67,0.10291858678955453
C-W1-0040,train,commercial,1,261,0,0,261,0.17168293796300005,0.49117994636015305,0.49144501149425307,0.41969436414890454,0.03268573982618078,30,0.11494252873563218
C-W1-0041,train,commercial,1,302,0,3,302,0.18807473846599998,0.5259702781456954,0.5061641589403976,0.4346612935091221,0.02871275901843425,36,0.11920529801324503
C-W1-0042,train,commercial,1,320,0,1,320,0.1926979988455,0.5334824531250005,0.4589496906249998,0.4393075609858644,0.029257711260393525,39,0.121875
C-W1-0043,train,commercial,1,448,0,5,448,0.25463363523349997,0.5760029084821428,0.5237289642857142,0.42299767156798745,0.023352887313272643,67,0.14955357142857142
C-W1-0044,train,commercial,1,408,0,8,408,0.21204134733850002,0.5410701740196082,0.5021946053921568,0.4432481663473129,0.026585400763437784,57,0.13970588235294118
C-W1-0045,train,commercial,1,252,0,2,252,0.15183718326550003,0.5241703769841272,0.4507863412698415,0.4385454849699438,0.030758358053381462,30,0.11904761904761904
C-W1-0046,train,commercial,1,308,0,2,308,0.15249588354799995,0.7345662792207792,0.4160783344155846,0.36781342300409425,0.023664817048487108,61,0.19805194805194806
C-W1-0047,train,commercial,1,302,0,3,302,0.16236003186200004,0.5314881754966889,0.5875916490066221,0.4129114046152829,0.0277390564888311,40,0.13245033112582782
C-W1-0048,train,commercial,1,812,0,8,812,0.47889363492749987,0.5060103103448279,0.6283233337438426,0.39992415018183197,0.020444011511698498,108,0.1330049261083744
C-W1-0049,train,commercial,1,908,0,15,908,0.4922907790904999,0.4579966696035239,0.6203362433920708,0.4075203128525289,0.01869011425676402,127,0.13986784140969163
C-W1-0050,train,commercial,1,335,0,1,335,0.17480311530449996,0.6828150059701492,0.429013967164179,0.34104174226613126,0.023711109355698014,58,0.17313432835820897
C-W1-0051,train,commercial,1,699,0,4,699,0.3103912902295002,0.32401140343347645,0.45988363233190305,0.3893312881971673,0.018082478929615137,158,0.22603719599427755
C-W1-0052,train,commercial,1,600,0,4,600,0.32445396458599995,0.6753517449999993,0.42276963333333306,0.40911027566001756,0.02168409311622523,105,0.175
C-W1-0053,train,commercial,1,394,0,4,394,0.17672163824999998,0.4515296294416247,0.5907383959390862,0.48530059723750757,0.02329495822463781,66,0.16751269035532995
C-W1-0054,train,commercial,1,426,0,10,426,0.23517931502700004,0.5103594084507045,0.5257849366197181,0.45740697941096653,0.023964481238114232,57,0.13380281690140844
C-W1-0055,train,commercial,1,685,0,10,685,0.3470588022690001,0.4994500773722635,0.6810366788321165,0.3817687026127652,0.019297512691355226,107,0.1562043795620438
C-W1-0056,train,commercial,1,707,0,4,707,0.362965133349,0.5145805700141446,0.41086446393210724,0.38990783225384157,0.020142788730197158,80,0.11315417256011315
C-W1-0057,train,commercial,1,829,0,3,829,0.445619428292,0.5449825247285885,0.4168775307599516,0.38640400128432867,0.01889875154464604,82,0.09891435464414958
C-W1-0058,train,commercial,1,821,0,4,821,0.611538995882,0.4829639549330082,0.4179740901339828,0.39733485026394144,0.019432027527293932,94,0.11449451887941535
C-W1-0059,train,commercial,1,826,0,0,826,0.622539283029,0.49886561985472183,0.411657398305084,0.3895480684060436,0.01976271601355175,102,0.1234866828087167
C-W1-0060,train,commercial,1,863,0,7,863,0.6205697180625,0.4745143568945538,0.41998458516801856,0.39805599860368257,0.019340130947661457,104,0.1205098493626883
C-W1-0061,train,commercial,1,1151,0,4,1151,0.5593615736105,0.5117909278887924,0.4266319018245003,0.44999082653636396,0.01750171593378898,143,0.12423979148566464
C-W1-0062,train,commercial,1,899,0,6,899,0.4729738355295,0.5095693559510569,0.434568313681869,0.4460426931190313,0.019239933788901712,105,0.1167964404894327
C-W1-0063,train,commercial,1,947,0,9,947,0.4623051724615,0.48890025765575496,0.4168319947201691,0.44573408264758885,0.01935748240848791,125,0.13199577613516367
C-W1-0064,train,commercial,1,563,0,2,563,0.27209976396899993,0.5820580852575493,0.42680359857904104,0.39035816021305636,0.021223731474013158,78,0.13854351687388988
C-W1-0065,train,commercial,1,419,0,9,419,0.2419564984215,0.488650443914081,0.5416125489260145,0.4514447835158614,0.023833929320214574,46,0.10978520286396182
C-W1-0066,train,commercial,1,710,0,5,710,0.3690374425115,0.5578267929577465,0.3984808760563374,0.40750887125937474,0.019904024632911764,89,0.12535211267605634
C-W1-0067,train,commercial,1,831,0,3,831,0.39191544139350004,0.47753991817087893,0.4870377725631769,0.4606620704975564,0.01987411561635803,111,0.13357400722021662
C-W1-0068,train,commercial,1,151,0,5,151,0.06564935698550002,0.2231960662251655,0.6232774039735102,0.39532550238301356,0.030556373392410706,34,0.2251655629139073
C-W1-0069,train,commercial,1,144,0,2,144,0.06272409644550003,0.19771414583333335,0.5483845138888891,0.4128457433616492,0.02864032656595028,37,0.2569444444444444
C-W1-0070,train,commercial,1,274,0,5,274,0.1198260114449999,0.5701898941605842,0.4948358248175179,0.4874188526004522,0.02540450773534564,42,0.15328467153284672
C-W1-0071,train,commercial,1,682,0,4,682,0.30582763278450015,0.32410895601173034,0.4652305645161295,0.38974231319276215,0.018164126243097628,158,0.2316715542521994
C-W1-0072,train,commercial,1,923,0,7,923,0.401713851438,0.5104214669555796,0.4043779057421456,0.4496972966302575,0.01877544322208537,140,0.15167930660888407
C-W1-0073,train,commercial,1,222,0,9,222,0.14290590252600005,0.5932081036036033,0.5391433288288285,0.4328563035408961,0.02959371387711818,30,0.13513513513513514
C-W1-0074,train,commercial,1,245,0,3,245,0.1610209760525,0.6255314571428571,0.5209731632653062,0.4332878082463098,0.02981268496786274,32,0.1306122448979592
C-W1-0075,train,commercial,1,168,0,3,168,0.10619265041699999,0.4505409761904763,0.5286761726190475,0.4803983523847553,0.03259675319170564,26,0.15476190476190477
C-W1-0076,train,commercial,1,258,0,2,258,0.15542413949499992,0.6533379844961238,0.5527993023255808,0.4156488228654142,0.029699860467743294,53,0.2054263565891473
C-W1-0077,train,commercial,1,119,0,2,119,0.07438032348650002,0.24676994957983195,0.5351463109243699,0.409670476499246,0.03397511803025416,25,0.21008403361344538
C-W1-0078,train,commercial,1,117,0,4,117,0.061024374365500025,0.15196760683760682,0.6425253076923074,0.3711441679767709,0.03417416059738308,49,0.4188034188034188
C-W1-0079,train,commercial,1,95,0,3,95,0.05623758227250001,0.1641749052631579,0.5730603789473684,0.37723614868919697,0.03308850479534358,27,0.28421052631578947
C-W1-0080,train,commercial,1,399,0,1,399,0.276555395566,0.5524566591478699,0.4324874837092731,0.38740453372199857,0.027884246149845374,39,0.09774436090225563
C-W1-0081,train,commercial,1,270,0,1,270,0.20814186490999997,0.4295717444444444,0.4118655481481481,0.3803458699682204,0.03058498930508925,32,0.11851851851851852
C-W1-0082,train,commercial,1,193,0,2,193,0.143063918335,0.5564793834196893,0.4962147150259069,0.4029602467979774,0.033284299447891276,24,0.12435233160621761
C-W1-0083,train,commercial,1,388,0,5,388,0.25362525594300006,0.5129463144329895,0.6105157036082479,0.40906616012308034,0.024043683516470803,52,0.13402061855670103
C-W1-0084,train,commercial,1,414,0,3,414,0.28890917397849997,0.5374389855072466,0.4930186400966183,0.40150725670249293,0.025697400086266423,55,0.13285024154589373
C-W1-0085,train,commercial,1,158,0,1,158,0.09233804230249996,0.6554044683544302,0.4788677594936709,0.37302712293446005,0.025759230091618096,26,0.16455696202531644
C-W1-0086,train,commercial,1,81,0,2,81,0.05006753213699995,0.7057485185185184,0.5200388271604938,0.4310690924621834,0.04347438639424545,16,0.19753086419753085
C-W1-0087,train,commercial,1,131,0,6,131,0.07148263005400002,0.2935253969465649,0.571017145038168,0.4359086607877655,0.031035536717806567,24,0.183206106870229
C-W1-0088,train,commercial,1,147,0,1,147,0.09310046128550004,0.6620748231292516,0.5954774625850343,0.3749063685674168,0.03111467233604988,28,0.19047619047619047
C-W1-0089,train,commercial,1,642,0,2,642,0.38394002221400014,0.5226761261682238,0.4164279875389406,0.38035346642891693,0.021852205882080544,70,0.10903426791277258
C-W1-0090,train,commercial,1,783,0,5,783,0.43322302078990205,0.523594758263091,0.4274433126436788,0.3842366836909976,0.020223072717020178,80,0.10217113665389528
C-W1-0091,train,commercial,1,197,0,2,197,0.10697462172100011,0.5658761522842635,0.425737954314721,0.4314877160213485,0.027265726361967498,40,0.20304568527918782
C-W1-0092,train,commercial,1,415,0,1,415,0.20086977152750016,0.4515530795180721,0.3809649734939758,0.3963089791103063,0.022742645207609977,67,0.1614457831325301
C-W1-0093,train,commercial,1,301,0,5,301,0.19236285584249999,0.5009654983388704,0.44970009302325586,0.4153208774225843,0.03135406878266133,38,0.12624584717607973
C-W1-0094,train,commercial,1,322,0,4,322,0.354516548195,0.39879999999999977,0.6646797267080744,0.4300151853013321,0.029507506698498248,54,0.16770186335403728
C-W1-0095,train,commercial,1,407,0,0,407,0.477479241264,0.4314835307125309,0.4593332113022107,0.41921357801023157,0.028077413960933315,51,0.12530712530712532
C-W1-0096,train,commercial,1,406,0,3,406,0.521763189697,0.4325176403940888,0.47329415024630567,0.4046359963771043,0.030563300882476177,52,0.12807881773399016
C-W1-0097,train,commercial,1,427,0,5,427,0.5272682651524999,0.4446729367681499,0.4854291779859483,0.42084223378883784,0.029949150934788945,50,0.117096018735363
C-W1-0098,train,commercial,1,338,0,4,338,0.384634101649,0.40275225739644976,0.5428090236686395,0.4263618840431422,0.02992013187155038,51,0.15088757396449703
C-W1-0099,train,commercial,1,385,0,6,385,0.426542434099,0.38422369350649355,0.5051695818181823,0.43150755870513585,0.02985213662401484,60,0.15584415584415584
C-W1-0100,train,commercial,1,346,0,5,346,0.43963660166999996,0.4229236329479771,0.4957357369942198,0.40918198259666605,0.03140742119272944,43,0.12427745664739884
C-W1-0101,train,commercial,1,211,0,1,211,0.12543919442449997,0.3822694597156397,0.46640336018957385,0.4767054417750228,0.027735891060928768,32,0.15165876777251186
C-W1-0102,train,commercial,1,787,0,7,787,0.4287084102465001,0.4995592477763652,0.595685865311309,0.4036712426677154,0.020911868433834534,86,0.10927573062261753
C-W1-0103,train,commercial,1,692,0,5,692,0.40460788473550013,0.46078613150289094,0.5914158713872831,0.39997516214121837,0.02150185322691726,90,0.13005780346820808
C-W1-0104,train,commercial,1,687,0,6,687,0.3879835389365001,0.49456897379912657,0.6147468020378456,0.4028025976960055,0.02155283846879882,90,0.13100436681222707
C-W1-0105,train,commercial,1,687,0,1,687,0.37679023438000014,0.4952161426491996,0.6154631761280928,0.4080383971167357,0.02130018165580367,101,0.1470160116448326
C-W1-0106,train,commercial,1,532,0,5,532,0.288847360478,0.5395973364661656,0.6505709699248119,0.3923583611847219,0.022000520519797343,72,0.13533834586466165
C-W1-0107,train,commercial,1,701,0,0,701,0.396822605939,0.5452807560627677,0.6143201968616271,0.4105529579932639,0.02084960634447031,105,0.14978601997146934
C-W1-0108,train,commercial,1,636,0,4,636,0.33451674523800007,0.5574152201257864,0.6359881823899369,0.3998206167300366,0.021506126877613146,82,0.1289308176100629
C-W1-0109,train,commercial,1,668,0,1,668,0.34671147058750007,0.5260848502994018,0.6805909625748504,0.38523806861001275,0.020026126316180618,97,0.14520958083832336
C-W1-0110,train,commercial,1,347,0,3,347,0.17484733416799997,0.6181251296829978,0.7459841440922187,0.36227129017477117,0.021094598067991948,74,0.2132564841498559
C-W1-0111,train,commercial,1,209,0,3,209,0.12513294356699997,0.5228331578947366,0.49068318181818177,0.45707448847383886,0.03227847441582438,31,0.14832535885167464
C-W1-0112,train,commercial,1,190,0,1,190,0.10382898358449999,0.5542077842105263,0.5533918105263158,0.4811268072959414,0.031015001420346962,29,0.15263157894736842
C-W1-0113,train,commercial,1,410,0,2,410,0.19615217917499997,0.46186737073170747,0.46441961463414644,0.49171294293885254,0.02263424217219225,60,0.14634146341463414
C-W1-0114,train,commercial,1,365,0,2,365,0.17955008740349998,0.47105662465753445,0.4452942767123287,0.4974739706987765,0.023382710334331425,64,0.17534246575342466
C-W1-0115,train,commercial,1,878,0,7,878,0.4291509119204998,0.5268647471526194,0.5886337061503419,0.4496616993625715,0.01942253272856105,111,0.1264236902050114
C-W1-0116,train,commercial,1,845,0,5,845,0.40496332919049977,0.556326018934911,0.6213955065088762,0.4513133120554529,0.019183889919129,128,0.1514792899408284
C-W1-0117,train,commercial,1,715,0,5,715,0.3984584985875001,0.49100160559440575,0.6181591622377618,0.40624108439824946,0.020736428493151642,96,0.13426573426573427
C-W1-0118,train,commercial,1,772,0,0,772,0.3866645032820001,0.4059237966321246,0.5008605712435237,0.4080406407144968,0.018968198131766943,125,0.16191709844559585
C-W1-0119,train,commercial,1,445,0,3,445,0.21953016776499992,0.6804652404494377,0.6694850044943819,0.3852429112686318,0.023100005625928254,107,0.24044943820224718
C-W1-0120,train,commercial,1,467,0,3,467,0.23082577860849993,0.6231649935760174,0.6561087965738756,0.3950400461805501,0.02359619027324531,92,0.19700214132762311
C-W1-0121,train,commercial,1,427,0,2,427,0.2228149090384999,0.4193830585480091,0.5012446697892267,0.47252940447228964,0.022418884111868646,60,0.1405152224824356
C-W1-0122,train,commercial,1,271,0,1,271,0.19523855791800004,0.461647619926199,0.44474508118081174,0.39526152661208985,0.03068114202692714,30,0.11070110701107011
C-W1-0123,train,commercial,1,257,0,1,257,0.1926479192899999,0.47188718287937753,0.44409500000000013,0.3904592225640628,0.031880880190607315,29,0.11284046692607004
C-W1-0124,train,commercial,1,133,0,0,133,0.094048982215,0.3372689097744361,0.40181359398496264,0.370960079957389,0.0412938724085304,21,0.15789473684210525
C-W1-0125,train,commercial,1,286,0,0,286,0.16693462222100003,0.5695230454545456,0.42429747202797213,0.4197987132558717,0.030090933028894328,44,0.15384615384615385
C-W1-0126,train,commercial,1,527,0,3,527,0.29869552766150004,0.5961248823529416,0.5618903377609111,0.420435375177402,0.02310480279709145,72,0.1366223908918406
C-W1-0127,train,commercial,1,455,0,5,455,0.23703721541999995,0.6428268043956046,0.5098534703296705,0.41941274600507095,0.02414673346518698,73,0.16043956043956045
C-W1-0128,train,commercial,1,365,0,3,365,0.2108510434025,0.5773929616438351,0.4422843890410955,0.41582420805461434,0.026535629494005158,54,0.14794520547945206
C-W1-0129,train,commercial,1,205,0,3,205,0.11496453177899994,0.6331354731707316,0.5418723756097568,0.45459248806094443,0.031089266045703966,37,0.18048780487804877
C-W1-0130,train,commercial,1,540,0,5,540,0.27343708432649994,0.5534570833333337,0.6358068981481481,0.4102604837091977,0.021677101655038583,91,0.1685185185185185
C-W1-0131,train,commercial,1,489,0,4,489,0.24160344159099997,0.578657873210634,0.6409822842535784,0.4177045364117516,0.022139905209013683,103,0.21063394683026584
C-W1-0132,train,commercial,1,479,0,6,479,0.25001161619600004,0.5269036784968688,0.6267843131524,0.42695240073251234,0.02278069704332768,78,0.162839248434238
C-W1-0133,train,commercial,1,465,0,4,465,0.2753765436615,0.5428402494623658,0.5056522537634411,0.42020578995692437,0.02581441590909316,58,0.12473118279569892
C-W1-0134,train,commercial,1,440,0,0,440,0.21258907920599993,0.4750476545454547,0.5117373272727274,0.4891036210143148,0.021603124806083132,63,0.1431818181818182
C-W1-0135,train,commercial,1,811,0,0,811,0.46480297413399996,0.5430724673242913,0.5784776424167698,0.40101436309482785,0.020256586861816663,94,0.1159062885326757
C-W1-0136,train,commercial,1,422,0,2,422,0.2185870041964999,0.4187777772511847,0.500543033175355,0.47298732403150595,0.0220631113751866,60,0.14218009478672985
C-W1-0137,train,commercial,1,269,0,1,269,0.19481963452999995,0.44970185130111495,0.44115206319702577,0.40473238050584187,0.02974577141117705,30,0.11152416356877323
C-W1-0138,train,commercial,1,271,0,0,271,0.19137479241899996,0.44205299630996303,0.44787309225092237,0.41184551517553947,0.02936064624285382,29,0.1070110701107011
C-W1-0139,train,commercial,1,269,0,1,269,0.19732813324599993,0.4177431970260226,0.4541339851301115,0.4119587118028662,0.03202645423531702,29,0.10780669144981413
C-W1-0140,train,commercial,1,135,0,0,135,0.09274343182800002,0.3529764962962963,0.41404664444444433,0.40108247618962994,0.03986232161645903,19,0.14074074074074075
C-W1-0141,train,commercial,1,709,0,2,709,0.3965208492395001,0.47957860366713706,0.6140489083215791,0.4038085822514065,0.02118136965158978,98,0.1382228490832158
C-W1-0142,train,commercial,1,872,0,2,872,0.480280725124,0.49030275917431176,0.6152342557339449,0.40099586848348284,0.0196339146277663,107,0.12270642201834862
C-W1-0143,train,commercial,1,822,0,4,822,0.4524364488485,0.49063575547445243,0.6172147250608276,0.40402680538406566,0.01995665806077248,100,0.12165450121654502
C-W1-0144,train,commercial,1,843,0,4,843,0.4577002218715,0.4955012419928824,0.6242976488730723,0.3987219584427811,0.019784144585900405,108,0.12811387900355872
C-W1-0145,train,commercial,1,914,0,4,914,0.503502103769,0.49758064660831514,0.6196541849015323,0.40110659643144897,0.01886818472492872,107,0.11706783369803063
C-W2-0001,train,commercial,2,544,0,9,544,0.551872058935,0.5280510202205881,0.5127944926470586,0.42923067491104744,0.02558861897624879,55,0.10110294117647059
C-W2-0002,train,commercial,2,418,0,6,418,0.5803766243939998,0.5397041937799045,0.4961655837320579,0.41866341774729277,0.030133692693078744,45,0.1076555023923445
C-W2-0003,train,commercial,2,405,0,2,405,0.513875246025,0.6416308493827161,0.5186648839506176,0.39707035332370355,0.031388990913355994,49,0.12098765432098765
C-W2-0004,train,commercial,2,364,0,2,364,0.38807449185650006,0.5340582637362639,0.5932031181318684,0.4448380404147499,0.028515818296901765,55,0.1510989010989011
C-W2-0005,train,commercial,2,440,0,5,440,0.5135201510674999,0.4619862749999999,0.5204503249999999,0.4572630165603725,0.028389265813331205,47,0.10681818181818181
C-W2-0006,train,commercial,2,347,0,1,347,0.380755847117,0.45285784149855907,0.4506350403458211,0.45670012755165035,0.03140464242099388,53,0.15273775216138327
C-W2-0007,train,commercial,2,293,0,1,293,0.334494423708,0.5366760614334469,0.4642854812286693,0.4506870360937806,0.03316058959599551,40,0.13651877133105803
C-W2-0008,train,commercial,2,388,0,2,388,0.405876124413,0.41448754381443315,0.40086629639175275,0.4429364155209927,0.02810557361239446,63,0.16237113402061856
C-W2-0009,train,commercial,2,422,0,4,422,0.5773495359559999,0.5441301279620854,0.50392091943128,0.4201574068414319,0.030377884645203863,51,0.12085308056872038
C-W2-0010,train,commercial,2,424,0,5,424,0.5809993553734999,0.5289709127358494,0.5023683632075471,0.4198230146031436,0.030180116260177806,50,0.1179245283018868
C-W2-0011,train,commercial,2,387,0,6,387,0.5180432849890001,0.5525558811369516,0.4971289638242891,0.4095824441444212,0.03080465975486681,44,0.11369509043927649
C-W2-0012,train,commercial,2,398,0,1,398,0.531126992031,0.560279263819095,0.4909012788944726,0.4123403350001105,0.031113572814389465,38,0.09547738693467336
C-W2-0013,train,commercial,2,374,0,2,374,0.4168162767774999,0.4523092540106958,0.5739776149732624,0.4364670950739256,0.030460835793202842,62,0.1657754010695187
C-W2-0014,train,commercial,2,688,0,4,688,0.6923151575904999,0.5712863590116282,0.47108316860465177,0.4541194717070524,0.024109782253506202,93,0.13517441860465115
C-W2-0015,train,commercial,2,399,0,5,399,0.3670373000414999,0.573503047619048,0.4185267543859647,0.4676834994710298,0.02808860801483848,64,0.16040100250626566
C-W2-0016,train,commercial,2,597,0,4,597,0.5895433926789999,0.5671014371859301,0.4840910469011728,0.45823713831498664,0.025259006532568757,72,0.12060301507537688
C-W2-0017,train,commercial,2,428,0,1,428,0.4693942017925001,0.47195866355140165,0.5256566682242989,0.4325635877735755,0.02865713828504365,57,0.13317757009345793
C-W2-0018,train,commercial,2,539,0,1,539,0.5385769052039999,0.5323992282003716,0.4308253487940631,0.4492118722418194,0.026185886919040224,72,0.13358070500927643
C-W2-0019,train,commercial,2,475,0,6,475,0.4856966239389999,0.5411609515789475,0.4857963936842105,0.4669818974342035,0.02805560684854158,58,0.12210526315789473
C-W2-0020,train,commercial,2,455,0,6,455,0.516430157679,0.5391668549450548,0.48422572307692363,0.4169715904304988,0.027741579178939886,46,0.1010989010989011
C-W2-0021,train,commercial,2,314,0,1,314,0.35683270603800005,0.49742569426751526,0.48119544267515935,0.4508345411370791,0.030708994957425788,35,0.11146496815286625
C-W2-0022,train,commercial,2,474,0,22,474,0.49648936573567987,0.46006570462025254,0.5453516030168779,0.46034547532985465,0.02763604563664147,58,0.12236286919831224
C-W2-0023,train,commercial,2,447,0,3,447,0.4552688644875001,0.44220693736017913,0.5260119284116327,0.4702722636768554,0.02723666251482821,60,0.1342281879194631
C-W2-0024,train,commercial,2,282,0,1,282,0.2687891798334998,0.6379294007092199,0.3791403971631207,0.4063914361043746,0.03173943886580764,60,0.2127659574468085
C-W2-0025,train,commercial,2,211,0,0,211,0.21190623925599994,0.585901734597156,0.37022555450236955,0.46596106181383756,0.0322273956803152,52,0.24644549763033174
C-W2-0026,train,commercial,2,429,0,0,429,0.46224996506499993,0.46758023543123567,0.5285925547785547,0.4399559375593194,0.02793897437919957,56,0.13053613053613053
C-W2-0027,train,commercial,2,264,0,7,264,0.3058368917739999,0.6575629659090909,0.477130685606061,0.4340490902926852,0.0343154643562441,42,0.1590909090909091
C-W2-0028,train,commercial,2,390,0,2,390,0.5012847543019998,0.4851096769230769,0.47024932307692274,0.44427926859488576,0.030288185884688686,50,0.1282051282051282
C-W2-0029,train,commercial,2,563,0,5,563,0.4885283271884999,0.3762981030195382,0.45625045648312634,0.4271754109052184,0.02513363649201469,69,0.12255772646536411
C-W2-0030,train,commercial,2,376,0,2,376,0.42963268866249993,0.497166055851064,0.5554460265957454,0.4160416433894708,0.029858344662597958,42,0.11170212765957446
C-W2-0031,train,commercial,2,566,0,3,566,0.6080545329845,0.514428031802121,0.5319788356890458,0.41341701979698636,0.025678120767908486,53,0.09363957597173145
C-W2-0032,train,commercial,2,350,0,4,350,0.359268721566,0.5674503057142859,0.6175860142857139,0.4141253892734394,0.029988102874017385,47,0.13428571428571429
C-W2-0033,train,commercial,2,339,0,0,339,0.397055836304,0.47819488200589966,0.4284564955752212,0.45092020350394746,0.030632955899263497,51,0.1504424778761062
C-W2-0034,train,commercial,2,343,0,5,343,0.42306689235350003,0.4706161982507287,0.4447966763848397,0.45183468618728667,0.031398066686928655,48,0.13994169096209913
C-W2-0035,train,commercial,2,434,0,4,434,0.49537274324749997,0.5140619285714282,0.5454141105990785,0.4095819997389535,0.028850127047032045,38,0.08755760368663594
C-W2-0036,train,commercial,2,359,0,4,359,0.37755034075699995,0.6855392869080783,0.4914255125348193,0.41644148766203004,0.027893122235346353,53,0.14763231197771587
C-W2-0037,train,commercial,2,132,0,3,132,0.10246793158799998,0.630042613636364,0.5724186742424245,0.5123498603641548,0.03264580700682283,50,0.3787878787878788
C-W2-0038,train,commercial,2,404,0,8,404,0.430713460501,0.5603070767326731,0.6058569628712871,0.4523227954394473,0.027590526191219884,68,0.16831683168316833
C-W2-0039,train,commercial,2,409,0,10,409,0.4368462921274998,0.5624337995110031,0.616319151589242,0.4521190436571681,0.02712880399866083,70,0.17114914425427874
C-W2-0040,train,commercial,2,312,0,0,312,0.3801295239400001,0.515998974358974,0.4760995416666664,0.432427709745607,0.03527199788805156,29,0.09294871794871795
C-W2-0041,train,commercial,2,327,0,3,327,0.45718788525350007,0.49429492354740046,0.472590370030581,0.4302672126428926,0.03382954147626474,33,0.10091743119266056
C-W2-0042,train,commercial,2,366,0,3,366,0.477876756183,0.5004119836065575,0.4819912431693989,0.41610020578200047,0.03264674501003542,32,0.08743169398907104
C-W2-0043,train,commercial,2,380,0,3,380,0.5591605851860001,0.5604543421052632,0.5051839736842109,0.4030571824166982,0.030974939977200404,39,0.10263157894736842
C-W2-0044,train,commercial,2,187,0,2,187,0.23954183753849997,0.5649509572192515,0.5379332352941175,0.4270527372275299,0.03835551283266153,22,0.11764705882352941
C-W2-0045,train,commercial,2,183,0,2,183,0.225581562239,0.5398508469945354,0.5383298032786886,0.4259353579148579,0.03604988867195708,22,0.12021857923497267
C-W2-0046,train,commercial,2,294,0,5,294,0.4047504595295,0.5331437823129251,0.4456286428571432,0.409658192039095,0.034339672788236304,31,0.1054421768707483
C-W2-0047,train,commercial,2,511,0,3,511,0.5728365242295,0.4909863228962815,0.5200859041095892,0.4305942069424657,0.02805442467219708,48,0.09393346379647749
C-W2-0048,train,commercial,2,232,0,0,232,0.26128351632,0.5768902413793101,0.5469388577586207,0.4317705183392482,0.033978173368701674,30,0.12931034482758622
C-W2-0049,train,commercial,2,57,0,0,57,0.07649100922199999,0.5898301228070175,0.48340647368421064,0.4779126173556107,0.05747389602371841,11,0.19298245614035087
C-W2-0050,train,commercial,2,541,0,4,541,0.57404902038,0.5181593512014785,0.49979720702402947,0.44893518163061746,0.026196920761488624,51,0.09426987060998152
C-W2-0051,train,commercial,2,681,0,15,681,0.658933598652062,0.533574302349486,0.4706712759177677,0.4527031540863682,0.02320799926410932,69,0.1013215859030837
C-W2-0052,train,commercial,2,341,0,4,341,0.40147761468150006,0.4663298680351907,0.5112360000000002,0.42272718585299635,0.03140655898453375,43,0.12609970674486803
C-W2-0053,train,commercial,2,197,0,1,197,0.18291658994949997,0.32635902538071065,0.47071819796954284,0.4162136380658994,0.034996428596529267,37,0.18781725888324874
C-W2-0054,train,commercial,2,187,0,1,187,0.2090957427655,0.4236603636363639,0.43288026737967916,0.42613528412046253,0.03655016599971803,28,0.1497326203208556
C-W2-0055,train,commercial,2,246,0,0,246,0.255205474539,0.3715977113821135,0.4914878739837395,0.4179085224600745,0.03360202365410448,41,0.16666666666666666
C-W2-0056,train,commercial,2,51,0,0,51,0.036972433082999995,0.2516442745098039,0.1524419215686275,0.28304055173100734,0.035964211724855165,22,0.43137254901960786
C-W2-0057,train,commercial,2,60,0,0,60,0.037519666918,0.14858946666666667,0.16878858333333327,0.20401800790606353,0.028450009071290437,30,0.5
C-W2-0058,train,commercial,2,45,0,0,45,0.042860840259,0.1927084,0.1690225555555555,0.21721321168054164,0.03977347608391197,25,0.5555555555555556
C-W2-0059,train,commercial,2,96,0,2,96,0.082463378638,0.2298693541666668,0.4443962395833334,0.3889352529877703,0.038078489305927894,22,0.22916666666666666
C-W2-0060,train,commercial,2,186,0,1,186,0.19873024305450002,0.40040891397849476,0.40388542473118283,0.41928919414530813,0.03525518092141198,34,0.1827956989247312
C-W2-0061,train,commercial,2,281,0,1,281,0.3811051222514999,0.49554530249110285,0.522899391459075,0.4202966855799465,0.0358136439305434,29,0.10320284697508897
C-W2-0062,train,commercial,2,330,0,4,330,0.38864812318524994,0.425144415151515,0.5294935454545453,0.45787620578499205,0.03199395667269439,43,0.1303030303030303
C-W2-0063,train,commercial,2,282,0,7,282,0.27970310229553846,0.39977704411347526,0.619201261737589,0.44290028469134546,0.03210720629429202,50,0.1773049645390071
C-W2-0064,train,commercial,2,67,0,1,67,0.05313703461649998,0.418921104477612,0.832594,0.3862591122669958,0.03516020956863191,21,0.31343283582089554
C-W2-0065,train,commercial,2,319,0,6,319,0.350077139468,0.4228180689655175,0.5756081253918494,0.4542349984617855,0.031164333826313097,42,0.13166144200626959
C-W2-0066,train,commercial,2,393,0,2,393,0.48380344702949996,0.5741984045801531,0.47251321882951663,0.41667303344160594,0.03043266907271618,46,0.11704834605597965
C-W2-0067,train,commercial,2,488,0,0,488,0.5426633114209999,0.5746982418032787,0.4622742827868853,0.44859596506683697,0.027833137950995786,66,0.13524590163934427
C-W2-0068,train,commercial,2,299,0,5,299,0.292800645275,0.5471225418060199,0.5416032341137123,0.4613222346753068,0.03133656612937539,45,0.1505016722408027
C-W2-0069,train,commercial,2,438,0,3,438,0.568780149008,0.5178101940639268,0.4909659178082192,0.43680980674405107,0.028910990765723114,47,0.10730593607305935
C-W2-0070,train,commercial,2,288,0,0,288,0.38401468443299996,0.530534923611111,0.450231503472222,0.3883988584587992,0.03468041314836863,30,0.10416666666666667
C-W2-0071,train,commercial,2,375,0,1,375,0.3939040972795,0.4534807466666666,0.5574049573333336,0.4175306261234633,0.029538295308003615,56,0.14933333333333335
C-W2-0072,train,commercial,2,498,0,6,498,0.542665258448,0.5603847590361446,0.4450496345381529,0.4384773881664346,0.027196714921111174,62,0.12449799196787148
C-W2-0073,train,commercial,2,438,0,4,438,0.44532010747499995,0.5651055707762559,0.5449085000000002,0.46653262076018553,0.027736599504416946,58,0.1324200913242009
C-W2-0074,train,commercial,2,341,0,4,341,0.376204781443,0.5757821671554251,0.5489220821114367,0.4574144769621921,0.031324302799102526,45,0.13196480938416422
C-W2-0075,train,commercial,2,244,0,0,244,0.233883461323,0.5360922418032786,0.5303183893442622,0.4975362022720786,0.034172388168447,36,0.14754098360655737
C-W2-0076,train,commercial,2,465,0,3,465,0.4677751031434999,0.5804000602150539,0.6107676666666665,0.45461866240233645,0.026370107909075353,79,0.16989247311827957
C-W2-0077,train,commercial,2,392,0,3,392,0.380335021615,0.39405576530612163,0.5438019897959186,0.4705244473525411,0.027106908930872,67,0.17091836734693877
C-W2-0078,train,commercial,2,248,0,2,248,0.288908027342,0.609622818548387,0.587910701612903,0.4291213399030965,0.0355958896673418,46,0.18548387096774194
C-W2-0079,train,commercial,2,507,0,2,507,0.5003633625200001,0.468513390532545,0.5155718362919133,0.45956915333285486,0.0264806293485464,60,0.11834319526627218
C-W2-0080,train,commercial,2,461,0,3,461,0.48291229805200003,0.5289064446854661,0.49285172234273256,0.4515004755996186,0.0282901305873582,60,0.1301518438177874
C-W2-0081,train,commercial,2,585,0,5,585,0.6012388332619999,0.5123074205128215,0.5121969401709399,0.4608173545464428,0.025952351923348337,56,0.09572649572649573
C-W2-0082,train,commercial,2,474,0,3,474,0.5172837069465,0.4759786751054859,0.5272113354430378,0.46894327227067406,0.028174682142181932,51,0.10759493670886076
C-W2-0083,train,commercial,2,562,0,7,562,0.5788717313825,0.4606874786476867,0.49623620640569377,0.46193571759441077,0.026171553192651405,65,0.11565836298932385
C-W2-0084,train,commercial,2,490,0,5,490,0.4688951402225,0.4571531673469395,0.4955952979591835,0.47818266743822946,0.026224386220876562,64,0.1306122448979592
C-W2-0085,train,commercial,2,493,0,2,493,0.5344369589485,0.4692995456389454,0.5271786551724141,0.4677987073432931,0.027232105304640188,59,0.11967545638945233
C-W2-0086,train,commercial,2,485,0,3,485,0.5256516885214999,0.4645668907216496,0.5262018639175259,0.4673521364234989,0.02687309252835496,57,0.11752577319587629
C-W2-0087,train,commercial,2,463,0,3,463,0.5278645419599999,0.47393602807775387,0.5257219848812096,0.4666153739298901,0.028250977277985805,49,0.10583153347732181
C-W2-0088,train,commercial,2,526,0,4,526,0.560250405169,0.5431808441064649,0.47411459695817487,0.45816651310171375,0.026739612510626166,64,0.12167300380228137
C-W2-0089,train,commercial,2,547,0,3,547,0.603669599124,0.4924976307129799,0.5262492760511884,0.4341841968766229,0.027342051979764293,54,0.09872029250457039
C-W2-0090,train,commercial,2,325,0,5,325,0.3834349281915,0.5717068892307694,0.5911638338461536,0.4440698734698162,0.03367842331514922,57,0.1753846153846154
C-W2-0091,train,commercial,2,324,0,4,324,0.36986345940349996,0.5613612716049388,0.5999400462962964,0.4551756254253847,0.03223917781173393,54,0.16666666666666666
C-W2-0092,train,commercial,2,305,0,2,305,0.374752137983,0.5670391409836067,0.5944976262295079,0.4405374115669102,0.03386631791940918,47,0.1540983606557377
C-W2-0093,train,commercial,2,297,0,0,297,0.37784609450300005,0.5842104747474751,0.5678311683501681,0.41242705769573496,0.03474067151661618,39,0.13131313131313133
C-W2-0094,train,commercial,2,298,0,1,298,0.35866202619449994,0.5650362114093959,0.5785483791946314,0.4286627422195613,0.03488809302143059,37,0.12416107382550336
C-W2-0095,train,commercial,2,332,0,1,332,0.39995232487349996,0.5669822138554218,0.5833292078313255,0.439836617854462,0.032367190139952776,49,0.14759036144578314
C-W2-0096,train,commercial,2,295,0,1,295,0.371455914043,0.5892840610169489,0.5520464372881358,0.4222765555183141,0.03440897608993091,39,0.13220338983050847
C-W2-0097,train,commercial,2,639,0,2,639,0.6228338848760001,0.5319002050078243,0.4793166948356812,0.4479008305867074,0.02459093909977867,62,0.09702660406885759
C-W2-0098,train,commercial,2,615,0,6,615,0.58801920416,0.4252538146341466,0.5239574065040644,0.4487795209244795,0.024855051294995944,84,0.13658536585365855
C-W2-0099,train,commercial,2,336,0,1,336,0.3497364145599999,0.621482988095238,0.43669260119047654,0.45741557050121057,0.030530898426310654,51,0.15178571428571427
C-W2-0100,train,commercial,2,471,0,3,471,0.560077651812,0.5778752717622082,0.4795599002123141,0.4115512793164588,0.027335944395016094,59,0.12526539278131635
C-W2-0101,train,commercial,2,427,0,2,427,0.501212743298,0.46532210070257624,0.4814490046838412,0.4481037823984635,0.02981706021886375,46,0.10772833723653395
C-W2-0102,train,commercial,2,443,0,3,443,0.48996499729750004,0.45952567720090337,0.5644867133182844,0.4352339635339434,0.029125606647672032,53,0.11963882618510158
C-W2-0103,train,commercial,2,466,0,0,466,0.5203310972999999,0.4289080901287554,0.4757262832618022,0.4249432853824679,0.028046563583884868,55,0.11802575107296137
C-W2-0104,train,commercial,2,315,0,0,315,0.3093528130409999,0.6006927714285721,0.3379835301587306,0.42572023035437734,0.029555257600963173,67,0.2126984126984127
C-W2-0105,train,commercial,2,445,0,1,445,0.4556593174389999,0.5684907550561801,0.44293072359550634,0.4671285507060557,0.02761189599396854,76,0.1707865168539326
C-W2-0106,train,commercial,2,435,0,0,435,0.4687827216210001,0.47716297011494263,0.5334035609195406,0.4315613520557777,0.02731406040353266,52,0.11954022988505747
C-W2-0107,train,commercial,2,523,0,2,523,0.5188598890839999,0.5716899789674955,0.4515916367112805,0.4505494186141072,0.02667031350992902,78,0.1491395793499044
C-W2-0108,train,commercial,2,533,0,6,533,0.580254145591,0.5008262082551594,0.5468938874296434,0.4574164606626962,0.026178389672682597,58,0.10881801125703565
C-W2-0109,train,commercial,2,480,0,3,480,0.456806680394,0.37634006874999953,0.5480874041666666,0.4499337441799124,0.02553358802725729,96,0.2
C-W2-0110,train,commercial,2,703,0,6,703,0.703192212586,0.5069800554765288,0.48858999857752505,0.44975046941435765,0.023992432621294562,67,0.0953058321479374
C-W2-0111,train,commercial,2,388,0,2,388,0.356881997125,0.3626523402061856,0.3878794432989691,0.39294688335325056,0.027189103431815038,60,0.15463917525773196
C-W2-0112,train,commercial,2,396,0,0,396,0.44941355339399996,0.48502211363636366,0.5328855505050503,0.4484467391003271,0.029116836708632056,51,0.12878787878787878
C-W2-0113,train,commercial,2,324,0,1,324,0.3280716126454999,0.5903934876543215,0.3539466018518518,0.43264409099829687,0.02935913198375119,66,0.2037037037037037
C-W2-0114,train,commercial,2,423,0,1,423,0.45773676902099986,0.49216657446808537,0.4566916146572102,0.45688021074541457,0.029688546617302476,51,0.12056737588652482
C-W2-0115,train,commercial,2,412,0,0,412,0.454743327065,0.47752070873786384,0.5271271601941755,0.42439830051982164,0.028598578673352387,55,0.13349514563106796
C-W2-0116,train,commercial,2,476,0,2,476,0.48331248858,0.5415823970588238,0.47388347899159666,0.4587823437599986,0.02729885576200575,54,0.1134453781512605
C-W2-0117,train,commercial,2,546,0,2,546,0.5478542307774998,0.53415941025641,0.4360144597069598,0.4489981130204883,0.025505614460221253,78,0.14285714285714285
C-W2-0118,train,commercial,2,520,0,2,520,0.5389978777200001,0.5328986346153846,0.5701922980769227,0.4106559634407806,0.025819425814835695,65,0.125
C-W2-0119,train,commercial,2,540,0,5,540,0.5750672990535,0.5306047481481485,0.5524339962962964,0.414564780466164,0.026194323285722756,59,0.10925925925925926
C-W2-0120,train,commercial,2,536,0,1,536,0.5716128236585,0.5191896828358212,0.5408443805970149,0.4195724228266619,0.025965076998651037,54,0.10074626865671642
C-W2-0121,train,commercial,2,341,0,1,341,0.3383997657695,0.436835615835777,0.5401107888563047,0.4431365440397244,0.028935885749913886,59,0.17302052785923755
C-W2-0122,train,commercial,2,365,0,0,365,0.43559869336499996,0.5003938410958906,0.5004324931506847,0.40325604614332905,0.030812762429683026,35,0.0958904109589041
C-W2-0123,train,commercial,2,318,0,5,318,0.3416665975294999,0.45156083018867954,0.5805424308176104,0.43520162996684797,0.03082383694529744,53,0.16666666666666666
C-W2-0124,train,commercial,2,395,0,0,395,0.4523597290509999,0.4373839746835444,0.42072668860759543,0.43500636604135745,0.029543130309841174,55,0.13924050632911392
C-W2-0125,train,commercial,2,355,0,5,355,0.38088444166700003,0.3941776563380282,0.4380868619718306,0.43669400573798606,0.030245361073287985,51,0.14366197183098592
C-W2-0126,train,commercial,2,199,0,3,199,0.21988793129849998,0.4583843718592967,0.4598711155778896,0.44711841240616246,0.03824516264680179,27,0.135678391959799
C-W2-0127,train,commercial,2,289,0,2,289,0.3478432031345,0.591875726643599,0.4597718788927338,0.41418039955395264,0.03351224681730543,33,0.11418685121107267
C-W2-0128,train,commercial,2,325,0,5,325,0.341780298503,0.5346067600000004,0.4841595753846157,0.44752368655225283,0.030849140189114475,40,0.12307692307692308
C-W2-0129,train,commercial,2,359,0,2,359,0.4632808405865,0.5064400306406684,0.4832946434540391,0.4330259828442787,0.031350198522338606,36,0.10027855153203342
C-W2-0130,train,commercial,2,350,0,0,350,0.382488286671,0.5715915200000002,0.46148676571428576,0.4456380436727744,0.03163090595222818,47,0.13428571428571429
C-W2-0131,train,commercial,2,368,0,2,368,0.5011599105135,0.5067382826086958,0.47726198641304346,0.43356302066650715,0.03134782008687669,40,0.10869565217391304
C-W2-0132,train,commercial,2,413,0,4,413,0.5737025576779999,0.53699177723971,0.5044121670702181,0.41460746578602325,0.029788324843256556,44,0.10653753026634383
C-W2-0133,train,commercial,2,425,0,4,425,0.5786292840399999,0.5352543082352944,0.5104912941176472,0.41812464888588047,0.0304581042691438,52,0.1223529411764706
C-W2-0134,train,commercial,2,228,0,2,228,0.282958623002,0.5689373508771929,0.5340663596491226,0.4170588072544575,0.034327041930701206,29,0.12719298245614036
C-W2-0135,train,commercial,2,278,0,2,278,0.26126070417599995,0.6490791582733809,0.4684036151079137,0.45875077925470775,0.029508508780501198,60,0.2158273381294964
C-W2-0136,train,commercial,2,292,0,2,292,0.29824564204199994,0.44273865753424635,0.5565861335616437,0.47176885380804295,0.031078562029839125,46,0.15753424657534246
C-W2-0137,train,commercial,2,331,0,2,331,0.40371329923,0.657870685800604,0.5705815800604225,0.3887525508043725,0.029245728949173048,45,0.13595166163141995
C-W2-0138,train,commercial,2,354,0,1,354,0.41366796897849994,0.45576888700564977,0.5372815932203387,0.44216636555828753,0.032071897867432274,36,0.1016949152542373
C-W2-0139,train,commercial,2,420,0,4,420,0.423080739555,0.43507503333333325,0.5271439499999999,0.45948716265811856,0.028371855602039867,70,0.16666666666666666
C-W2-0140,train,commercial,2,389,0,5,389,0.4029280517570001,0.43282989974293073,0.5770482262210799,0.44715954134478003,0.029375499399141504,70,0.17994858611825193
C-W2-0141,train,commercial,2,429,0,4,429,0.43428719464449994,0.4350633799533798,0.5682487272727278,0.4386648769117017,0.028953268077235625,67,0.1561771561771562
C-W2-0142,train,commercial,2,472,0,2,472,0.4808382221455,0.46081173516949153,0.51664898940678,0.44669588685069406,0.02760426279518345,54,0.11440677966101695
C-W2-0143,train,commercial,2,348,0,1,348,0.3690359000745,0.5193321752873559,0.5385403247126435,0.4493102275521272,0.03113510613160445,45,0.12931034482758622
C-W2-0144,train,commercial,2,368,0,5,368,0.351803024376,0.45295160326086975,0.5769084483695649,0.45144800037714716,0.030419959438410926,69,0.1875
C-W2-0145,train,commercial,2,387,0,1,387,0.47324910736949993,0.45546135142118893,0.482609565891473,0.4083016000918362,0.030669673883121116,38,0.09819121447028424
C-W2-0146,train,commercial,2,196,0,1,196,0.184708445767,0.5504756632653062,0.3360638979591836,0.4223131570428014,0.03450377703345384,32,0.16326530612244897
C-W2-0147,train,commercial,2,261,0,2,261,0.2512804659725,0.6157258045977015,0.3268270000000001,0.4011741528358279,0.03129208801284993,53,0.20306513409961685
C-W2-0148,train,commercial,2,243,0,1,243,0.2306276121144999,0.5969200411522636,0.42237463374485584,0.4478685154043102,0.03237033029105876,47,0.1934156378600823
C-W2-0149,train,commercial,2,232,0,1,232,0.2344387776039999,0.5431820301724138,0.3959809784482761,0.4414616420191648,0.03469542360304976,39,0.16810344827586207
C-W2-0150,train,commercial,2,221,0,1,221,0.20769301352199993,0.6392133348416291,0.40359686877828055,0.4325189554937397,0.033747889515127465,37,0.167420814479638
C-W2-0151,train,commercial,2,270,0,0,270,0.30577759175899993,0.5344475259259259,0.3790963999999999,0.43509721057691836,0.031435636792022936,45,0.16666666666666666
C-W2-0152,train,commercial,2,270,0,0,270,0.2900196289539999,0.5320187037037039,0.38987827407407405,0.42900283662366173,0.032815453944258895,40,0.14814814814814814
C-W2-0153,train,commercial,2,253,0,1,253,0.2823394557774999,0.5544847272727275,0.3374780316205532,0.4091125859569552,0.03384885783431245,47,0.1857707509881423
C-W2-0154,train,commercial,2,263,0,1,263,0.2830413895679999,0.5572124790874526,0.3417405969581748,0.4209210789033219,0.03345551053573869,47,0.17870722433460076
C-W2-0155,train,commercial,2,242,0,3,242,0.22977788099950003,0.4554591859504133,0.47081612809917384,0.502238485914199,0.03245033183816311,48,0.19834710743801653
C-W2-0156,train,commercial,2,352,0,1,352,0.39662445839899996,0.4495637869318184,0.6400582130681818,0.4305152796287603,0.029815466986655513,59,0.16761363636363635
C-W2-0157,train,commercial,2,491,0,12,491,0.5344218318284999,0.5261289531568231,0.5851598411405291,0.4499039023973923,0.026942469428494233,69,0.14052953156822812
C-W2-0158,train,commercial,2,363,0,1,363,0.41142222892799996,0.4735610523415974,0.49006608539944874,0.46157556115686976,0.031248029589925994,44,0.12121212121212122
C-W2-0159,train,commercial,2,335,0,0,335,0.36402110067800003,0.4150150656716417,0.5013972388059709,0.466968555535296,0.03178727117314471,48,0.14328358208955225
C-W2-0160,train,commercial,2,434,0,4,434,0.5164100645365,0.5401458571428573,0.47189164516129034,0.4569071113197605,0.029656509415285325,55,0.12672811059907835
C-W2-0161,train,commercial,2,191,0,1,191,0.1544842941935,0.2875083455497381,0.4272494293193718,0.4472588532602751,0.029581826094523964,40,0.2094240837696335
C-W2-0162,train,commercial,2,434,0,4,434,0.49382873264500005,0.4299494400921664,0.5079718479262672,0.4039688009932668,0.02865689553459955,60,0.1382488479262673
C-W2-0163,train,commercial,2,447,0,3,447,0.5166885910020002,0.438014706935123,0.5109796420581655,0.4060743699330536,0.02856268186445206,58,0.1297539149888143
C-W2-0164,train,commercial,2,596,0,4,596,0.603811374627,0.4574444798657721,0.41715305369127537,0.43732335584258614,0.0253163563268652,73,0.12248322147651007
C-W2-0165,train,commercial,2,302,0,1,302,0.3449120178025,0.5176336258278138,0.46669438079470194,0.45317177855182855,0.03260740599045457,39,0.1291390728476821
C-W2-0166,train,commercial,2,442,0,0,442,0.540081829938,0.5632550542986429,0.48042475565610876,0.42825614160005177,0.029706552524179135,49,0.11085972850678733
C-W2-0167,train,commercial,2,460,0,0,460,0.570599670274,0.5136829456521738,0.4932932673913041,0.44861476328873545,0.028993400025932096,55,0.11956521739130435
C-W2-0168,train,commercial,2,461,0,6,461,0.5647436291585001,0.5525711605206075,0.5006850759219089,0.43396860358163625,0.028261232323060388,56,0.12147505422993492
C-W2-0169,train,commercial,2,246,0,0,246,0.292585337383,0.5913736178861793,0.5802187154471549,0.4322767910887378,0.03529337503346846,38,0.15447154471544716
C-W2-0170,train,commercial,2,532,0,5,532,0.5403610253610001,0.4372124812030074,0.5814519699248119,0.45026049470968593,0.025590334569476153,73,0.13721804511278196
C-W2-0171,train,commercial,2,304,0,1,304,0.380812200956,0.595818230263158,0.5354167401315789,0.42463386382105683,0.034727078478587005,43,0.14144736842105263
C-W2-0172,train,commercial,2,131,0,1,131,0.105138879225,0.3994932366412213,0.7836903816793894,0.41241585027299976,0.035073404322534175,45,0.3435114503816794
C-W2-0173,train,commercial,2,130,0,3,130,0.10913095053099998,0.3935198538461537,0.7827778538461543,0.4167176663428171,0.033921165254195966,47,0.36153846153846153
C-W2-0174,train,commercial,2,494,0,7,494,0.553428791812,0.4543947206477738,0.518109174089069,0.439088917999432,0.026991235906858743,64,0.12955465587044535
C-W2-0175,train,commercial,2,337,0,3,337,0.384218275392,0.4324163916913949,0.5544154658753708,0.40962342388781087,0.031189344204573845,46,0.13649851632047477
C-W2-0176,train,commercial,2,592,0,5,592,0.655922196096,0.5008976976351356,0.5211173749999999,0.41859467397774325,0.024953937100110686,60,0.10135135135135136
C-W2-0177,train,commercial,2,303,0,5,303,0.2878839383100001,0.5530754554455449,0.6848903894389438,0.404172608029944,0.02933333328610132,46,0.15181518151815182
C-W2-0178,train,commercial,2,397,0,4,397,0.44144757719850003,0.5404442921914363,0.5472386750629725,0.4177967709579679,0.030292008398194098,49,0.12342569269521411
C-W2-0179,train,commercial,2,386,0,4,386,0.430334517313,0.5356888626943008,0.5532876476683941,0.4106818664640154,0.029888861249819713,45,0.11658031088082901
C-W2-0180,train,commercial,2,327,0,4,327,0.406087431618,0.42161805504587146,0.5253242905198778,0.4129688226756931,0.031240614945058004,41,0.12538226299694188
C-W2-0181,train,commercial,2,243,0,4,243,0.304230855075,0.6665219999999998,0.47009795061728377,0.40999095846455036,0.03538522380236723,36,0.14814814814814814
C-W2-0182,train,commercial,2,339,0,0,339,0.394315354804,0.40903258702064904,0.4061127935103242,0.41984983566702455,0.031777300510833474,49,0.14454277286135694
C-W2-0183,train,commercial,2,416,0,5,416,0.5523412410009999,0.5048192596153845,0.49052603605769257,0.4244956958676265,0.030259937003879404,41,0.0985576923076923
C-W2-0184,train,commercial,2,377,0,2,377,0.4878731528229999,0.582590236074271,0.5085961697612731,0.4062196313670171,0.03131360327364298,45,0.11936339522546419
C-W2-0185,train,commercial,2,315,0,2,315,0.44444829028750005,0.561734650793651,0.5095664825396824,0.394655433912545,0.03373065806140966,27,0.08571428571428572
C-W2-0186,train,commercial,2,409,0,1,409,0.45532862494099996,0.47653543276283633,0.5248721589242052,0.4242941635182777,0.0287937678842082,54,0.13202933985330073
C-W2-0187,train,commercial,2,485,0,2,485,0.487151230401,0.5344678721649487,0.47468789484536084,0.46218604986199047,0.02631731767885306,54,0.11134020618556702
C-W2-0188,train,commercial,2,547,0,2,547,0.5483490524784999,0.5348320329067638,0.43428042778793424,0.4491933460675387,0.025202985036373533,79,0.14442413162705667
C-W2-0189,train,commercial,2,372,0,3,372,0.42453564903499996,0.46139883333333326,0.4216061747311832,0.4546663206882808,0.030224775202151465,62,0.16666666666666666
C-W2-0190,train,commercial,2,297,0,3,297,0.33503026089000004,0.6045717575757572,0.4613760875420873,0.4428108994085751,0.03247945351404976,39,0.13131313131313133
C-W2-0191,train,commercial,2,279,0,1,279,0.349983249477,0.5781119247311827,0.45191987455197136,0.4297945470204028,0.03554202187287533,33,0.11827956989247312
C-W2-0192,train,commercial,2,410,0,4,410,0.4692333072639999,0.44001397317073127,0.41966012195121954,0.44381026595792095,0.029940941556978275,62,0.15121951219512195
C-W2-0193,train,commercial,2,321,0,2,321,0.3504855547035,0.5186445295950157,0.44256373520249204,0.4617876424878039,0.03155773637579375,43,0.13395638629283488
C-W2-0194,train,commercial,2,211,0,1,211,0.17003023769449999,0.3781644786729859,0.3968338436018958,0.48170975144757044,0.032163393939637304,62,0.2938388625592417
C-W2-0195,train,commercial,2,443,0,0,443,0.41999223117199996,0.37851387584650076,0.3853065033860047,0.4420154279011879,0.025722393939364756,87,0.1963882618510158
C-W2-0196,train,commercial,2,306,0,0,306,0.32491279905399995,0.41329740522875835,0.3862275816993467,0.43778747184816724,0.03158950891859915,50,0.16339869281045752
C-W2-0197,train,commercial,2,402,0,2,402,0.4473950935945,0.5190358955223877,0.42946267910447766,0.45389622931109913,0.029560833310109846,47,0.11691542288557213
C-W2-0198,train,commercial,2,458,0,2,458,0.5816287104044999,0.5471814563318779,0.5033094890829695,0.42927558115990067,0.02903876275652555,61,0.1331877729257642
C-W2-0199,train,commercial,2,434,0,0,434,0.573669923516,0.5247659815668202,0.4948295437788017,0.4248274256346704,0.03031441634618927,50,0.1152073732718894
C-W2-0200,train,commercial,2,351,0,1,351,0.36168028863749996,0.4682573732193734,0.6043579116809112,0.4198863652103263,0.029101743924563574,65,0.18518518518518517
C-W3-0001,train,commercial,3,303,0,2,303,0.5459379773459999,0.4706949306930695,0.46781721782178265,0.44703954354167713,0.03407850188640917,35,0.11551155115511551
C-W3-0002,train,commercial,3,313,0,1,313,0.5130482763895001,0.5023881437699679,0.4556147891373798,0.45748282984521293,0.03326024311655502,33,0.10543130990415335
C-W3-0003,train,commercial,3,301,0,0,301,0.5168407622289999,0.5092218704318934,0.489228800664452,0.44264377304143654,0.03225543304151405,36,0.11960132890365449
C-W3-0004,train,commercial,3,298,0,2,298,0.4528356106105,0.5641876476510065,0.5328502181208051,0.4777380343206373,0.03271773714972436,41,0.13758389261744966
C-W3-0005,train,commercial,3,194,0,0,194,0.326655389159,0.49517690721649477,0.36505344845360854,0.454846311223948,0.03744580773945457,36,0.18556701030927836
C-W3-0006,train,commercial,3,254,0,1,254,0.4157609603575,0.4781119842519686,0.47422731496062964,0.47427988235205265,0.03551268057812505,29,0.1141732283464567
C-W3-0007,train,commercial,3,256,0,4,256,0.418458583229,0.49176156640625,0.5502731250000003,0.48411351844666356,0.03573619730618013,34,0.1328125
C-W3-0008,train,commercial,3,269,0,3,269,0.47852162923399993,0.5283005315985125,0.49938046840148703,0.4712269252855194,0.03574882457908533,32,0.11895910780669144
C-W3-0009,train,commercial,3,250,0,9,250,0.41531129117947,0.48330984676000016,0.5315044913199997,0.4785804158522375,0.03599191523106084,29,0.116
C-W3-0010,train,commercial,3,301,0,2,301,0.516232297566,0.5092720498338871,0.4451704318936879,0.447156522924305,0.03468938428982759,31,0.10299003322259136
C-W3-0011,train,commercial,3,305,0,0,305,0.562892891012,0.48924860655737673,0.4907589475409833,0.4427248094998982,0.03485858600235769,30,0.09836065573770492
C-W3-0012,train,commercial,3,299,0,3,299,0.5419788792740001,0.46849393311036774,0.45664715384615373,0.4504988081747255,0.03432566722827656,34,0.11371237458193979
C-W3-0013,train,commercial,3,334,0,3,334,0.5961266696975001,0.4897065389221553,0.47905993413173587,0.45058727154091616,0.03298306924681034,38,0.11377245508982035
C-W3-0014,train,commercial,3,272,0,4,272,0.49082298760649995,0.5236682316176472,0.5010093051470588,0.47475110088438355,0.0354856012544441,32,0.11764705882352941
C-W3-0015,train,commercial,3,312,0,0,312,0.520032793771,0.45773403846153815,0.5048150673076924,0.4785618574741407,0.03175144385944743,43,0.13782051282051283
C-W3-0016,train,commercial,3,343,1,3,342,0.5788499350295001,0.44861187426900595,0.5038675,0.4630458392352082,0.03163198636496929,44,0.1286549707602339
C-W3-0017,train,commercial,3,267,0,1,267,0.4447934943685001,0.47314585767790257,0.44624083146067406,0.4632299691188333,0.0334912976787036,34,0.12734082397003746
C-W3-0018,train,commercial,3,321,0,5,321,0.5318744857335,0.506718299065421,0.46529940809968884,0.4605417040067307,0.0322272679598728,40,0.12461059190031153
C-W3-0019,train,commercial,3,298,0,1,298,0.4457950915305,0.4808480100671146,0.5300304362416104,0.46332639538393516,0.029151316788559856,34,0.11409395973154363
C-W3-0020,train,commercial,3,189,0,1,189,0.2423438803255,0.5714079206349205,0.3584386507936505,0.48316235079593023,0.033995561611486515,35,0.18518518518518517
C-W3-0021,train,commercial,3,159,0,14,159,0.17677104704846144,0.6158819048427671,0.4276548110062892,0.5073390537138155,0.03260009978348955,38,0.2389937106918239
C-W3-0022,train,commercial,3,274,0,16,274,0.4199636754241225,0.5794777710218981,0.3622788358029194,0.4522699763624291,0.031938174454415005,50,0.18248175182481752
C-W3-0023,train,commercial,3,218,0,0,218,0.291022753123,0.5418518073394496,0.2924842844036697,0.44026495437544455,0.0333457290211492,43,0.19724770642201836
C-W3-0024,train,commercial,3,287,0,2,287,0.411954749999,0.5686891707317069,0.376113038327526,0.45110180472392475,0.030758696527824265,44,0.15331010452961671
C-W3-0025,train,commercial,3,308,0,3,308,0.5466063812889999,0.47420693831168836,0.45208932792207823,0.4499452430898174,0.03425782636300718,37,0.12012987012987013
C-W3-0026,train,commercial,3,316,0,8,316,0.4984279604575001,0.5034587974683543,0.5022415727848097,0.4686288954129314,0.03272355188661974,35,0.11075949367088607
C-W3-0027,train,commercial,3,237,0,1,237,0.5201380623094999,0.6117362953586498,0.49800944725738394,0.39394751230554764,0.038973482394816725,33,0.13924050632911392
C-W3-0028,train,commercial,3,239,0,2,239,0.5093849741900001,0.5941684393305436,0.4982643682008368,0.4053611868897247,0.038193097703028075,29,0.12133891213389121
C-W3-0029,train,commercial,3,243,0,2,243,0.4969069832004999,0.6014488806584362,0.506096621399177,0.407784002877576,0.03824807908147206,29,0.11934156378600823
C-W3-0030,train,commercial,3,247,0,1,247,0.526447603434,0.5925164655870436,0.5143480971659916,0.40790811165799734,0.03925041042009998,33,0.13360323886639677
C-W3-0031,train,commercial,3,231,0,4,231,0.5227716893725,0.6100919956709954,0.4919953463203465,0.39778926787333063,0.039455915186391785,31,0.1341991341991342
C-W3-0032,train,commercial,3,311,0,7,311,0.5242569982754999,0.39101268167202574,0.5113388360128618,0.46064343844446115,0.03379019459491794,39,0.12540192926045016
C-W3-0033,train,commercial,3,302,0,1,302,0.482397101292,0.37874499337748385,0.4883845231788073,0.45733109764508256,0.03111307094569313,51,0.16887417218543047
C-W3-0034,train,commercial,3,313,0,4,313,0.5465357179875001,0.4854133610223644,0.5133682332268367,0.4645959859182411,0.033202683033636514,36,0.11501597444089456
C-W3-0035,train,commercial,3,315,0,6,315,0.5733321485925001,0.5049942285714283,0.50013226031746,0.4663293878226304,0.03468015088993459,32,0.10158730158730159
C-W3-0036,train,commercial,3,315,0,6,315,0.570481265848,0.4734904095238092,0.5100220603174607,0.44821762040018026,0.0334430942110473,31,0.09841269841269841
C-W3-0037,train,commercial,3,275,0,1,275,0.5226021295534999,0.4772073672727272,0.4662440981818185,0.44479317091659276,0.03624467959607007,29,0.10545454545454545
C-W3-0038,train,commercial,3,239,0,2,239,0.44922405643349994,0.4858993556485354,0.5521908368200835,0.46085764624249564,0.03844191883189934,27,0.11297071129707113
C-W3-0039,train,commercial,3,308,0,3,308,0.5263747655945,0.5020562792207788,0.46112464285714283,0.4524207862075505,0.032890482941404064,37,0.12012987012987013
C-W3-0040,train,commercial,3,375,0,9,375,0.643426990298,0.5156895813333332,0.521659248,0.4603320446378482,0.031923690201752467,46,0.12266666666666666
C-W3-0041,train,commercial,3,341,0,2,341,0.5967711172820002,0.5147719677419356,0.5041788885630497,0.4442209359632366,0.032038606288332445,35,0.10263929618768329
C-W3-0042,train,commercial,3,372,0,5,372,0.6226915495935,0.48760079838709663,0.5389797553763439,0.4582405635219163,0.03141200718903539,49,0.13172043010752688
C-W3-0043,train,commercial,3,340,0,1,340,0.6259613694160001,0.5061350882352937,0.4885348735294121,0.4505541529804907,0.03193923310474913,34,0.1
C-W3-0044,train,commercial,3,325,0,5,325,0.5365141680444999,0.6089209476923085,0.5153205907692308,0.4429059807166603,0.03189099412619712,45,0.13846153846153847
C-W3-0045,train,commercial,3,265,0,0,265,0.48619353887000005,0.5157507660377356,0.484580716981132,0.4357171236013726,0.03370060878735354,28,0.10566037735849057
C-W3-0046,train,commercial,3,264,0,0,264,0.5202891790690001,0.4768436287878788,0.4537037196969697,0.40509738666628275,0.037590510394091226,32,0.12121212121212122
C-W3-0047,train,commercial,3,299,0,0,299,0.516915246452,0.5029847792642139,0.47807038461538465,0.4424229756121991,0.03332545491810826,36,0.12040133779264214
C-W3-0048,train,commercial,3,190,0,1,190,0.298617330787,0.5492407157894735,0.43431532105263154,0.4726495710840842,0.03873341161087425,24,0.12631578947368421
C-W3-0049,train,commercial,3,263,0,4,263,0.46817754945799994,0.5293531216730039,0.5339513041825095,0.4723048488437792,0.03364304667326947,36,0.13688212927756654
C-W3-0050,train,commercial,3,300,0,1,300,0.49355135222050006,0.4782222433333333,0.4366110899999999,0.45360886762787095,0.0317970060843865,34,0.11333333333333333
C-W3-0051,train,commercial,3,320,0,3,320,0.5263389458435002,0.49892333437499986,0.44772279374999996,0.4608667067498869,0.03133081717793802,39,0.121875
C-W3-0052,train,commercial,3,365,0,2,365,0.6412333266575,0.48388198630136947,0.5110781561643837,0.4460321825818286,0.03141119922161365,46,0.12602739726027398
C-W3-0053,train,commercial,3,302,0,2,302,0.543662468594,0.46069864238410557,0.5014210695364242,0.4475224716636733,0.03648253374123064,32,0.10596026490066225
C-W3-0054,train,commercial,3,265,0,0,265,0.48550381250100005,0.4739210075471695,0.520082101886792,0.4502945076405342,0.0359743950313597,32,0.12075471698113208
C-W3-0055,train,commercial,3,274,0,1,274,0.514316846066,0.46857226642335786,0.536163496350365,0.44002469798497285,0.03584148285059349,33,0.12043795620437957
C-W3-0056,train,commercial,3,231,0,2,231,0.43745797650549995,0.5166215714285716,0.542340064935065,0.4541755501687479,0.040370342784601665,27,0.11688311688311688
C-W3-0057,train,commercial,3,257,0,4,257,0.4407466873550001,0.5176333424124516,0.5282389533073928,0.4783847146414331,0.03568766833034621,31,0.12062256809338522
C-W3-0058,train,commercial,3,328,0,4,328,0.5443473184485,0.535163405487805,0.5157294237804881,0.4734723676058768,0.03213530819287145,44,0.13414634146341464
C-W3-0059,train,commercial,3,350,0,2,350,0.5872961518520001,0.4224568485714283,0.5134113742857146,0.4756838033738166,0.03175233003526142,49,0.14
C-W3-0060,train,commercial,3,177,0,5,177,0.47857881171850003,0.43340249152542376,0.5726538079096044,0.47470970771654336,0.044960258520773455,28,0.15819209039548024
C-W3-0061,train,commercial,3,311,0,2,311,0.5016492686345001,0.502219829581994,0.48099618649517645,0.4583412504816376,0.033302557383467934,33,0.10610932475884244
C-W3-0062,train,commercial,3,328,0,1,328,0.530814220621,0.5311769298780488,0.48914574085365814,0.45405560852227295,0.031720953193324616,37,0.11280487804878049
C-W3-0063,train,commercial,3,353,1,1,352,0.627516266299,0.4887192130681821,0.47951519886363686,0.4534438600419167,0.03248754929737871,38,0.10795454545454546
C-W3-0064,train,commercial,3,280,0,4,280,0.4330486125879999,0.5376054035714288,0.5441271321428575,0.4710703669640082,0.033573757625974386,37,0.13214285714285715
C-W3-0065,train,commercial,3,202,0,6,202,0.3352285546575,0.4874797029702968,0.36949268811881186,0.45961446687924296,0.037082276386672296,37,0.18316831683168316
C-W3-0066,train,commercial,3,260,0,3,260,0.4172197415295,0.4796717884615385,0.4740172230769227,0.47626542925646004,0.035107433544224007,31,0.11923076923076924
C-W3-0067,train,commercial,3,395,0,4,395,0.6449486121410001,0.49838243544303806,0.5513081746835445,0.46536787491303433,0.03043227221176328,55,0.13924050632911392
C-W3-0068,train,commercial,3,201,0,2,201,0.281623487964,0.6642895323383089,0.4171873134328357,0.4575236635790573,0.037161439126996536,40,0.19900497512437812
C-W3-0069,train,commercial,3,149,0,7,149,0.24453962883899996,0.5207583489932884,0.5609713154362415,0.4895407721736526,0.04588883062825619,22,0.1476510067114094
C-W3-0070,train,commercial,3,217,0,4,217,0.36932213154850013,0.5058830645161289,0.505361506912442,0.4876950443681769,0.03704751252439492,28,0.12903225806451613
C-W3-0071,train,commercial,3,147,0,0,147,0.178477290353,0.5685961632653062,0.32116093877551,0.47546410721036614,0.036910230064944594,32,0.21768707482993196
C-W3-0072,train,commercial,3,137,0,3,137,0.1859876822525,0.47175743065693443,0.45453505839416036,0.5048676241617726,0.04484446380798782,28,0.20437956204379562
C-W3-0073,train,commercial,3,32,0,1,32,0.03304451329100001,0.5191245,0.24230337499999996,0.5117221426612878,0.0712931253614465,11,0.34375
C-W3-0074,train,commercial,3,304,0,1,304,0.509768002334,0.4950949046052636,0.5248462039473681,0.46948681106201084,0.03400035972948335,37,0.12171052631578948
C-W3-0075,train,commercial,3,266,0,16,266,0.429002494762426,0.4891951660150376,0.47355461879699207,0.4725208438082386,0.034554404916789926,30,0.11278195488721804
C-W3-0076,train,commercial,3,261,0,2,261,0.4267605381555,0.49163175862068953,0.49534733333333353,0.4728894894896206,0.03631234569556062,28,0.10727969348659004
C-W3-0077,train,commercial,3,254,0,1,254,0.40815443863749995,0.4553426299212598,0.48381273622047266,0.4685866604008696,0.03529926721268946,28,0.11023622047244094
C-W3-0078,train,commercial,3,301,0,0,301,0.5223773932659999,0.5013713056478405,0.5072843521594687,0.46610989810402725,0.03467686355762951,34,0.11295681063122924
C-W3-0079,train,commercial,3,300,0,7,300,0.5116586865482801,0.5155351257333333,0.47770933803333304,0.46318123798097616,0.03389705828142968,33,0.11
C-W3-0080,train,commercial,3,307,0,3,307,0.569714246999,0.5073705570032576,0.5057108990228009,0.4411998566798918,0.03425944044281087,28,0.09120521172638436
C-W3-0081,train,commercial,3,307,0,2,307,0.5694950067719999,0.49901008143322517,0.5012984299674262,0.4478650855086624,0.03495835877650176,29,0.09446254071661238
C-W3-0082,train,commercial,3,300,0,12,300,0.5228307867377989,0.5184833038666667,0.5060429043333332,0.46478875819222365,0.03474542802734759,33,0.11
C-W3-0083,train,commercial,3,299,0,5,299,0.5213742896165,0.48369652842809324,0.4874550903010033,0.4669292467267243,0.03484372577702539,32,0.10702341137123746
C-W3-0084,train,commercial,3,266,0,7,266,0.4155238640365,0.4607223007518797,0.47238410902255656,0.48157226543334924,0.03327762056757768,34,0.12781954887218044
C-W3-0085,train,commercial,3,247,0,5,247,0.4356653840965,0.522802781376518,0.5349077894736839,0.4863959975728248,0.03429132330861627,31,0.12550607287449392
C-W3-0086,train,commercial,3,265,0,3,265,0.475779184791,0.48900453584905657,0.519882916981132,0.47788440485328426,0.03709237324710522,34,0.12830188679245283
C-W3-0087,train,commercial,3,215,0,10,215,0.381820125185594,0.4770207854418609,0.5992282238139535,0.4626350658559855,0.03808091036013972,33,0.15348837209302327
C-W3-0088,train,commercial,3,292,0,0,292,0.53248344244,0.5349921404109589,0.4678446506849312,0.4618143612549089,0.03574989419048182,39,0.13356164383561644
C-W3-0089,train,commercial,3,270,0,3,270,0.46640508186550006,0.5361335000000003,0.507378325925926,0.46609647236045704,0.03590443336513893,32,0.11851851851851852
C-W3-0090,train,commercial,3,288,0,3,288,0.47681792470150003,0.5667609027777775,0.46780966319444445,0.4725179247019572,0.03332793571333706,37,0.1284722222222222
C-W3-0091,train,commercial,3,219,0,2,219,0.36517913780850003,0.5531178949771689,0.48042449315068475,0.474487297683377,0.03609700748347861,28,0.1278538812785388
C-W3-0092,train,commercial,3,298,0,2,298,0.49971435296200006,0.4837344429530199,0.4377019328859061,0.45075640826033636,0.032448883161546586,31,0.1040268456375839
C-W3-0093,train,commercial,3,226,0,2,226,0.39240975902,0.38035812831858407,0.4596689823008854,0.4554948708157888,0.03850613259771827,41,0.18141592920353983
C-W3-0094,train,commercial,3,246,0,3,246,0.4315767260995,0.48451685772357733,0.520667731707317,0.429130210970482,0.034943198738554365,35,0.14227642276422764
C-W3-0095,train,commercial,3,282,0,0,282,0.501766433216,0.5178717978723404,0.46876808865248204,0.45937457636631507,0.03547659624847096,35,0.12411347517730496
C-W3-0096,train,commercial,3,233,0,1,233,0.4243004507125,0.5374865965665233,0.40042918884120154,0.45212050199046555,0.038033341414407694,31,0.13304721030042918
C-W3-0097,train,commercial,3,356,0,0,356,0.625108244404,0.4782932612359552,0.4523056966292139,0.44982067331226044,0.03186643559678738,42,0.11797752808988764
C-W3-0098,train,commercial,3,299,0,1,299,0.5410407794535002,0.5557509431438128,0.48904991638795975,0.4550364125324013,0.03502617940929883,36,0.12040133779264214
C-W3-0099,train,commercial,3,357,0,1,357,0.6267093074835,0.5071814957983194,0.4718189327731095,0.44852917867338565,0.03402554517094811,35,0.09803921568627451
C-W3-0100,train,commercial,3,243,0,1,243,0.5107902647375,0.6080761604938275,0.48488038271604955,0.39954561891804224,0.038151096658261496,34,0.13991769547325103
C-W3-0101,train,commercial,3,309,0,3,309,0.48270033653699995,0.38670444660194164,0.4809226019417473,0.46127537167595556,0.031783137673003226,54,0.17475728155339806
C-W3-0102,train,commercial,3,253,0,3,253,0.4065156206215001,0.4637660592885374,0.474158256916996,0.46584402039922024,0.034744969014857456,28,0.11067193675889328
C-W3-0103,train,commercial,3,353,0,4,353,0.5686178834415,0.4913774844192634,0.5026571388101981,0.47520527108989585,0.03153029301621674,42,0.11898016997167139
C-W3-0104,train,commercial,3,342,0,2,342,0.5807941207139999,0.5062621959064326,0.4938961988304095,0.4656932139576439,0.03254735479027748,39,0.11403508771929824
C-W3-0105,train,commercial,3,365,0,4,365,0.6046778398835,0.45215537534246525,0.48465752876712337,0.45601271834940954,0.03117719639686087,47,0.12876712328767123
C-W3-0106,train,commercial,3,329,0,2,329,0.5963310585945,0.4853739148936171,0.4465059787234044,0.4443834218561546,0.03192405603256613,38,0.11550151975683891
C-W3-0107,train,commercial,3,366,0,1,366,0.6002926123070002,0.477216349726776,0.46729662021857876,0.4655058571224651,0.030443328991193345,39,0.10655737704918032
C-W3-0108,train,commercial,3,256,0,5,256,0.4236359627975001,0.46211565624999995,0.45280492578125,0.4694651891094042,0.0348477536670211,30,0.1171875
C-W3-0109,train,commercial,3,381,0,3,381,0.6352460266585,0.4824488950131236,0.47760160367454074,0.4594109913177427,0.031173199623446283,44,0.11548556430446194
C-W3-0110,train,commercial,3,387,0,2,387,0.6698083559700001,0.48594896640826896,0.48752752196382443,0.4604874127735371,0.03073295589016973,43,0.1111111111111111
C-W3-0111,train,commercial,3,313,0,2,313,0.545295421536,0.4649227763578275,0.515286642172524,0.4679732064617281,0.03435824161817528,36,0.11501597444089456
C-W3-0112,train,commercial,3,315,0,2,315,0.5494571041875,0.4637103333333327,0.512016457142857,0.4663867287893449,0.03496467471421004,39,0.12380952380952381
C-W3-0113,train,commercial,3,312,0,3,312,0.5331217889850001,0.4871268621794867,0.5046043910256411,0.4752412176999865,0.034574298737313325,35,0.11217948717948718
C-W3-0114,train,commercial,3,277,0,4,277,0.470925056993,0.5172141263537906,0.5445765523465702,0.4785698698545976,0.035764636307248764,35,0.1263537906137184
C-W3-0115,train,commercial,3,272,0,4,272,0.46002366685,0.5270383492647058,0.5091060441176473,0.47548017971684536,0.03506059029126014,36,0.1323529411764706
C-W3-0116,train,commercial,3,414,0,9,414,0.6906110962985001,0.47241930434782625,0.5119722028985509,0.4710544221510601,0.03052640122664131,46,0.1111111111111111
C-W3-0117,train,commercial,3,306,0,0,306,0.538460667072,0.4059438366013073,0.3327902254901962,0.4253986325673687,0.03159569943163685,53,0.17320261437908496
C-W3-0118,train,commercial,3,263,0,1,263,0.37678681136349995,0.33364522053231993,0.5210921026615974,0.45630886276242105,0.03400416960682531,41,0.155893536121673
C-W3-0119,train,commercial,3,206,0,2,206,0.5166932392535001,0.45541565048543675,0.5157227330097087,0.4834510343344849,0.04091137868160678,27,0.13106796116504854
C-W4-0001,train,commercial,4,277,0,2,277,0.9601946430160001,0.5597954296028884,0.5047483465703974,0.43048817934747186,0.0379322100002031,29,0.10469314079422383
C-W4-0002,train,commercial,4,129,0,2,129,0.32783734323,0.49098835658914736,0.49109962790697664,0.490790190901262,0.04859685563352977,17,0.13178294573643412
C-W4-0003,train,commercial,4,317,0,2,317,0.79973427067,0.538873735015773,0.48304271924290226,0.466560818227691,0.035671952574538264,36,0.11356466876971609
C-W4-0004,train,commercial,4,290,0,2,290,0.9419872786569999,0.40421086896551695,0.5126660241379308,0.45844061180217355,0.038369295176512414,36,0.12413793103448276
C-W4-0005,train,commercial,4,274,0,4,274,0.8999445339905001,0.4088040656934304,0.48991120802919697,0.46016214338956196,0.03785866725439269,33,0.12043795620437957
C-W4-0006,train,commercial,4,238,0,5,238,0.75151060792,0.43164281092436957,0.459566592436975,0.4699082207663068,0.03947067755930614,31,0.13025210084033614
C-W4-0007,train,commercial,4,283,0,19,283,0.9209089586737239,0.45671148770318004,0.4642465815547706,0.4711860101641435,0.03982368747380021,39,0.13780918727915195
C-W4-0008,train,commercial,4,256,0,1,256,0.8095462003085,0.4295206640625,0.4553023710937498,0.46319262640791203,0.0395473473345557,31,0.12109375
C-W4-0009,train,commercial,4,201,0,2,201,0.7669585100595,0.44547964179104466,0.537043960199005,0.4046677841474478,0.04156302026726485,25,0.12437810945273632
C-W4-0010,train,commercial,4,247,0,2,247,0.8818833353594998,0.5626107004048579,0.5169365829959518,0.4214648880296119,0.03974245895961169,30,0.1214574898785425
C-W4-0011,train,commercial,4,243,0,1,243,0.9210569597199999,0.5619159423868317,0.5092802016460907,0.41607834677304734,0.04052287534882306,25,0.102880658436214
C-W4-0012,train,commercial,4,199,0,1,199,0.74293469053,0.4554702160804023,0.5574748894472363,0.4299283693014891,0.041748310353016176,25,0.12562814070351758
C-W4-0013,train,commercial,4,271,0,4,271,0.9374858543969998,0.5486219963099629,0.5069137121771216,0.4313295371059995,0.03826802484894569,30,0.11070110701107011
C-W4-0014,train,commercial,4,269,0,5,269,0.9246208432299999,0.5488675167286245,0.49384726394052064,0.46970933295726386,0.0391647344718791,30,0.11152416356877323
C-W4-0015,train,commercial,4,274,0,1,274,0.928638309605,0.564719244525547,0.5094924233576643,0.47093980462477375,0.03812562014168152,32,0.11678832116788321
C-W4-0016,train,commercial,4,254,0,1,254,0.8850045097885,0.5610933503937002,0.5008584921259839,0.46762520943845554,0.03883464156397151,30,0.11811023622047244
C-W4-0017,train,commercial,4,302,0,5,302,1.0022680999995,0.5415288774834437,0.5144162847682117,0.46676528502478076,0.03887775615881427,32,0.10596026490066225
C-W4-0018,train,commercial,4,279,0,3,279,0.9110216718355001,0.5360347455197132,0.4864363906810039,0.4693179429730057,0.03873512977845811,30,0.10752688172043011
C-W4-0019,train,commercial,4,275,0,1,275,0.920741078725,0.5216960218181819,0.47282490909090896,0.4648575156491741,0.038322595844135984,32,0.11636363636363636
C-W4-0020,train,commercial,4,297,0,5,297,0.9789077965485001,0.5373958215488215,0.4827285622895623,0.4682947837347762,0.03602662735338831,36,0.12121212121212122
C-W4-0021,train,commercial,4,281,0,5,281,0.9446163778839999,0.5433637330960857,0.4936833416370108,0.46736926426947917,0.037438454773744745,32,0.11387900355871886
C-W4-0022,train,commercial,4,281,0,0,281,0.9621181436719999,0.5527218932384343,0.4805028362989323,0.4608948136328459,0.03866132019222939,32,0.11387900355871886
C-W4-0023,train,commercial,4,269,0,3,269,0.889432414747,0.5595182639405203,0.4919678513011153,0.46792260916471057,0.039933908904164074,32,0.11895910780669144
C-W4-0024,train,commercial,4,265,0,2,265,0.9712711535565,0.492448890566038,0.48703703773584933,0.4452233492481513,0.03931111781359468,28,0.10566037735849057
C-W4-0025,train,commercial,4,261,0,1,261,0.9655931932269999,0.48297431417624503,0.5087200613026819,0.44429641283079396,0.04015732667562011,25,0.09578544061302682
C-W4-0026,train,commercial,4,252,0,1,252,0.9555206949849999,0.4890668095238095,0.5048501349206349,0.43783208360787557,0.04060765339691838,23,0.09126984126984126
C-W4-0027,train,commercial,4,261,0,2,261,0.9708934683755,0.48069544061302666,0.5049117088122603,0.44488740757215933,0.03905420081829199,26,0.09961685823754789
C-W4-0028,train,commercial,4,247,0,3,247,0.7415145157235,0.4240017570850201,0.45502516599190307,0.4757396785805591,0.039693790698437884,37,0.14979757085020243
C-W4-0029,train,commercial,4,316,0,4,316,1.012905045792,0.4356276582278485,0.5125615253164562,0.4564080550758151,0.03594433064119839,37,0.11708860759493671
C-W4-0030,train,commercial,4,198,0,5,198,0.6956269383967499,0.4396714747474748,0.5513514898989901,0.43634743688141914,0.04118569978746844,27,0.13636363636363635
C-W4-0031,train,commercial,4,276,0,7,276,0.9640843429535,0.4995266485507247,0.47514229710144956,0.4698494136906076,0.041189863094474,33,0.11956521739130435
C-W4-0032,train,commercial,4,260,0,7,260,0.8698000403464998,0.49900455000000005,0.4822363230769234,0.4601517570759138,0.0389190937301093,28,0.1076923076923077
C-W4-0033,train,commercial,4,208,0,4,208,0.7703072887559999,0.4965559086538459,0.5290581971153846,0.4535350879178955,0.042978551727058584,22,0.10576923076923077
C-W4-0034,train,commercial,4,231,0,7,231,0.8001213450515,0.5164672943722943,0.5040982294372294,0.45450382194915934,0.039821069564354515,24,0.1038961038961039
C-W4-0035,train,commercial,4,266,0,5,266,0.850534490318,0.44092086842105266,0.4967935037593984,0.45104329846109564,0.037858744301878036,33,0.12406015037593984
C-W4-0036,train,commercial,4,260,0,13,260,0.8907527103999999,0.5747778269230776,0.5094669307692313,0.4656903512362379,0.03845503066072151,32,0.12307692307692308
C-W4-0037,train,commercial,4,182,0,3,182,0.7098338731875001,0.4190649670329672,0.48151719230769213,0.42939190122205184,0.04578116534004712,24,0.13186813186813187
C-W4-0038,train,commercial,4,229,0,4,229,0.8472288713364999,0.46345866812227055,0.4946486288209605,0.4368166825636812,0.04197587888796569,24,0.10480349344978165
C-W4-0039,train,commercial,4,236,0,1,236,0.8386996543194999,0.4181155593220341,0.5068090805084748,0.44805151442889235,0.041807384142063725,31,0.13135593220338984
C-W4-0040,train,commercial,4,288,0,2,288,0.7562778690275,0.43319862500000034,0.5147553090277781,0.45541423007722304,0.0358344459020051,40,0.1388888888888889
C-W4-0041,train,commercial,4,245,0,3,245,0.7002571896705,0.4655049183673469,0.5500415755102038,0.4563515029956633,0.039437137371612474,28,0.11428571428571428
C-W4-0042,train,commercial,4,239,0,4,239,0.685511260955,0.4914585146443517,0.47492444351464436,0.4681492790344638,0.041625302211360606,30,0.12552301255230125
C-W4-0043,train,commercial,4,233,0,3,233,0.6820909773645001,0.5177005064377683,0.4803171416309015,0.4658679350237468,0.04043826734007485,26,0.11158798283261803
C-W4-0044,train,commercial,4,237,0,2,237,0.7142331168124999,0.413720776371308,0.48655256540084346,0.4449791707372635,0.04004249002408758,29,0.12236286919831224
C-W4-0045,train,commercial,4,114,0,4,114,0.425585794185,0.402903596491228,0.48821476315789464,0.4649029882042931,0.05435801843875363,18,0.15789473684210525
C-W4-0046,train,commercial,4,192,0,0,192,0.791129733044,0.5549331822916667,0.4898076458333333,0.4019094553681275,0.043522495103950946,22,0.11458333333333333
C-W4-0047,train,commercial,4,264,0,6,264,0.9552693149870001,0.508252643939394,0.4793350568181815,0.46691527110853703,0.040795134637061935,30,0.11363636363636363
C-W4-0048,train,commercial,4,263,0,0,263,0.9460980648539999,0.4783628403041828,0.5007604942965778,0.4489798099781369,0.039889566291385035,26,0.09885931558935361
C-W4-0049,train,commercial,4,259,0,2,259,0.9567360193369998,0.4852377065637065,0.49276064478764464,0.448417102383652,0.039869371743163164,25,0.09652509652509653
C-W4-0050,train,commercial,4,267,0,1,267,0.956869765277,0.4697536329588016,0.49209318352059944,0.4507083229923588,0.0401059925031654,26,0.09737827715355805
C-W4-0051,train,commercial,4,267,0,2,267,0.9670681489860001,0.4925259475655428,0.4907372659176035,0.44699761384816444,0.04030235313741222,25,0.09363295880149813
C-W4-0052,train,commercial,4,281,0,1,281,0.9546493427839999,0.5703599003558718,0.509242822064057,0.4635387091714286,0.03880728014970681,33,0.11743772241992882
C-W4-0053,train,commercial,4,275,0,6,275,0.9456701486504999,0.5055161018181814,0.47156227272727225,0.4685046362678125,0.03853490377228691,35,0.12727272727272726
C-W4-0054,train,commercial,4,211,0,0,211,0.7617276232439999,0.46027225118483434,0.538915199052133,0.4142827806867566,0.0404016883743021,32,0.15165876777251186
C-W4-0055,train,commercial,4,209,0,2,209,0.7990409116985,0.4356847559808616,0.5445640717703352,0.39850972777982546,0.04202348238019472,26,0.12440191387559808
C-W4-0056,train,commercial,4,215,0,1,215,0.804231323707,0.4661882093023256,0.5262295581395351,0.4119172612500392,0.03984384661851415,27,0.12558139534883722
C-W4-0057,train,commercial,4,205,0,1,205,0.7939036001634999,0.446046731707317,0.536641863414634,0.4023511429911865,0.043629415161143624,26,0.12682926829268293
C-W4-0058,train,commercial,4,286,0,6,286,0.745692781914,0.41018995804195807,0.5250534195804196,0.45346351951168806,0.03647463498816165,40,0.13986013986013987
C-W4-0059,train,commercial,4,284,0,4,284,0.7175969364585,0.401790823943662,0.5186913028169012,0.44980342408150664,0.03716736542075357,35,0.12323943661971831
C-W4-0060,train,commercial,4,287,0,2,287,0.7258499259645002,0.3900397421602789,0.5257049303135884,0.45029620906798873,0.03547705508197875,40,0.13937282229965156
C-W4-0061,train,commercial,4,280,0,3,280,0.713517311593,0.39859094285714314,0.523680514285714,0.45868139098929567,0.036111452297297904,41,0.14642857142857144
C-W4-0062,train,commercial,4,300,0,3,300,0.747129491956,0.39955817000000043,0.5119861433333333,0.4506925552949637,0.03624357139774732,36,0.12
C-W4-0063,train,commercial,4,304,0,3,304,0.7738480408835,0.43007553618421024,0.5181347203947364,0.45132602039219427,0.03654168580200489,35,0.11513157894736842
C-W4-0064,train,commercial,4,282,0,3,282,0.9800088060554999,0.5115737872340423,0.4623850815602837,0.4654684610355417,0.037398149026613564,36,0.1276595744680851
C-W4-0065,train,commercial,4,243,0,2,243,0.7640124548835001,0.42594198765432084,0.4593830946502055,0.4686246606076432,0.039412141630102544,32,0.13168724279835392
C-W4-0066,train,commercial,4,285,0,4,285,0.9242704410204999,0.4547094421052632,0.4736614771929827,0.47269093656937505,0.039528653904700235,37,0.12982456140350876
C-W4-0067,train,commercial,4,267,0,3,267,0.8000430877885001,0.4115822059925094,0.45293732209737897,0.4691005131937707,0.0385269369616952,38,0.14232209737827714
C-W4-0068,train,commercial,4,268,0,3,268,0.8367217557305,0.4326579813432834,0.4720080373134328,0.4728069649876236,0.039025637202849024,31,0.11567164179104478
C-W4-0069,train,commercial,4,28,0,0,28,0.10987462793300004,0.5713079285714286,0.7445105357142857,0.20366821583739197,0.06413572358982868,10,0.35714285714285715
C-W4-0070,train,commercial,4,252,0,1,252,0.6830110459305,0.437937126984127,0.525497896825397,0.4415759438286957,0.03795773305275973,35,0.1388888888888889
C-W4-0071,train,commercial,4,292,0,1,292,0.7821520716254999,0.4315095205479452,0.5062325650684929,0.44283517456674987,0.03553631895296995,36,0.1232876712328767
C-W4-0072,train,commercial,4,259,0,1,259,0.734166077005,0.45818482625482654,0.4761941505791506,0.4438361501224202,0.03910760954107417,31,0.11969111969111969
C-W4-0073,train,commercial,4,260,0,0,260,0.963146615527,0.48080059230769223,0.49291858461538457,0.44185555100196894,0.041714844227405845,23,0.08846153846153847
C-W4-0074,train,commercial,4,209,0,2,209,0.7038103385235,0.4508911578947368,0.5445508325358854,0.43470231211042343,0.04122036759410364,29,0.13875598086124402
C-W4-0075,train,commercial,4,199,0,1,199,0.77761326137,0.4393206030150754,0.537881638190955,0.4020780917601647,0.0420334565449742,26,0.1306532663316583
C-W4-0076,train,commercial,4,280,0,4,280,0.7258660237189998,0.500915503571429,0.5087749535714285,0.478845690575883,0.03762495863368597,31,0.11071428571428571
C-W4-0077,train,commercial,4,285,0,3,285,0.6840174699565001,0.5463918105263161,0.450511736842105,0.4745487771020406,0.03744802660594569,40,0.14035087719298245
C-W4-0078,train,commercial,4,276,0,5,276,0.9247158784924999,0.41831436231884084,0.501845217391304,0.4560057874908232,0.03862887892480866,33,0.11956521739130435
C-W4-0079,train,commercial,4,227,0,4,227,0.7921398265155,0.3840208370044052,0.48856474889867824,0.43789343110727974,0.041165653709580204,31,0.13656387665198239
C-W4-0080,train,commercial,4,232,0,11,232,0.5923277290005,0.507233594827586,0.5362648663793105,0.4617898190535983,0.04152210159842955,23,0.09913793103448276
C-W4-0081,train,commercial,4,286,0,6,286,0.7461493861580001,0.41154302797202796,0.522128332167832,0.4536169649030836,0.036460346469137116,39,0.13636363636363635
C-W4-0082,train,commercial,4,286,0,4,286,0.7197815779515,0.39954290909090906,0.520807423076923,0.4498286265339631,0.0370011687316326,36,0.1258741258741259
C-W4-0083,train,commercial,4,284,0,2,284,0.7185664038775001,0.390388429577465,0.5239208380281686,0.4500494607351122,0.03584526387547065,39,0.13732394366197184
C-W4-0084,train,commercial,4,280,0,3,280,0.714165927604,0.3954538500000002,0.5237615357142855,0.4579858547771245,0.035925376356222165,41,0.14642857142857144
C-W4-0085,train,commercial,4,299,0,3,299,0.7432100579099999,0.3976521070234114,0.5134151304347823,0.45014683492506286,0.03643937694754798,35,0.11705685618729098
C-W4-0086,train,commercial,4,303,0,2,303,0.7737183959855,0.4324609603960394,0.5184298745874584,0.45106111504645685,0.03652004322472775,35,0.11551155115511551
C-W4-0087,train,commercial,4,302,0,2,302,0.778780479234,0.42203194039735104,0.5103001754966889,0.4531421801718998,0.03643324505438819,39,0.1291390728476821
C-W4-0088,train,commercial,4,295,0,7,295,0.744762321114,0.42160838983050847,0.5063010101694917,0.4667217635218724,0.03571821844164337,41,0.13898305084745763
C-W4-0089,train,commercial,4,298,0,4,298,0.751178320507,0.40622205033557046,0.4769994496644294,0.4579906866370558,0.03679184911845841,38,0.12751677852348994
C-W4-0090,train,commercial,4,279,0,2,279,0.6810170843635001,0.3875074767025091,0.5438504086021505,0.46197874168167247,0.03603182049201358,42,0.15053763440860216
C-W4-0091,train,commercial,4,302,0,2,302,0.795597191357,0.4227261059602648,0.5098096225165564,0.45032685742685347,0.03571329759745922,39,0.1291390728476821
C-W4-0092,train,commercial,4,300,0,3,300,0.7731233023649999,0.4274713433333331,0.5058040166666667,0.44895378575089645,0.037016722228902135,36,0.12
C-W4-0093,train,commercial,4,181,0,0,181,0.436434621025,0.5794083756906073,0.434497143646409,0.4777701712094033,0.04233525873504502,28,0.15469613259668508
C-W4-0094,train,commercial,4,279,0,5,279,0.9648054357945,0.5451372186379931,0.5142639318996416,0.4268927729933786,0.03755204163507249,29,0.1039426523297491
C-W4-0095,train,commercial,4,200,0,1,200,0.8044776684589998,0.5553359549999997,0.5236851899999998,0.398422545019828,0.04509923615455785,23,0.115
C-W4-0096,train,commercial,4,207,0,1,207,0.826093851487,0.5508605217391305,0.514944492753623,0.40097703017937986,0.044122809994953195,23,0.1111111111111111
C-W4-0097,train,commercial,4,200,0,2,200,0.7962498772514999,0.5643945350000001,0.5047939799999996,0.40095261721614733,0.04390292493106619,23,0.115
C-W4-0098,train,commercial,4,202,0,0,202,0.802367043035,0.5542324009900991,0.4999564405940591,0.4036336036125572,0.04478384099345906,24,0.1188118811881188
C-W4-0099,train,commercial,4,244,0,3,244,0.767894863891,0.42628091393442613,0.45986459426229515,0.46795118813627096,0.039073980404545065,32,0.13114754098360656
C-W4-0100,train,commercial,4,291,0,4,291,0.9443308438755,0.4567252061855671,0.47611843986254304,0.47422818175385223,0.038294583343095843,37,0.12714776632302405
C-W4-0101,train,commercial,4,281,0,4,281,0.823455922974,0.4080645800711744,0.4545752846975096,0.4721397598128181,0.035336868181787336,40,0.1423487544483986
C-W4-0102,train,commercial,4,271,0,3,271,0.8437428685195,0.4303889667896677,0.474666885608856,0.4722506604208476,0.03810010569685047,32,0.11808118081180811
C-W4-0103,train,commercial,4,296,0,1,296,0.7384508256085,0.39967185472972955,0.5064126722972971,0.4503742551592057,0.03568961843575336,36,0.12162162162162163
C-W4-0104,train,commercial,4,303,0,2,303,0.7430301542245,0.4091962673267327,0.5142647524752473,0.464455860297729,0.03563697101192775,40,0.132013201320132
C-W4-0105,train,commercial,4,300,0,2,300,0.6966070754830002,0.37367707666666644,0.5245262366666668,0.46314863035065185,0.03522724460550158,44,0.14666666666666667
C-W4-0106,train,commercial,4,274,0,1,274,0.7134470870740001,0.47244906934306535,0.4865740985401461,0.46721600466530344,0.03910870821419834,31,0.11313868613138686
C-W4-0107,train,commercial,4,272,0,0,272,0.710915299326,0.49315260294117647,0.5439150772058823,0.43071052176215385,0.03581975865895599,35,0.12867647058823528
C-W4-0108,train,commercial,4,224,0,1,224,0.6293211238994999,0.4879999330357146,0.54950190625,0.43057115771966104,0.03928720299127348,26,0.11607142857142858
C-W4-0109,train,commercial,4,230,0,0,230,0.630956877586,0.4821580521739132,0.5423429869565216,0.4308772506375515,0.03871646826879837,26,0.11304347826086956
C-W4-0110,train,commercial,4,210,0,7,210,0.54737221325729,0.49174763833333296,0.5557467238095236,0.44030043226893884,0.03965460744083414,24,0.11428571428571428
C-W5-0001,train,commercial,5,151,0,0,151,0.7192404677660001,0.49767693377483446,0.4834713046357615,0.4313017463142604,0.04916552898000372,17,0.11258278145695365
C-W5-0002,train,commercial,5,161,0,2,161,0.787493470207,0.52160649068323,0.515289298136646,0.41421938222850396,0.04949036075520531,15,0.09316770186335403
C-W5-0003,train,commercial,5,108,0,0,108,0.6010024833519999,0.588353564814815,0.43931761111111123,0.3962332095879551,0.05969886415292313,14,0.12962962962962962
C-W5-0004,train,commercial,5,90,0,0,90,0.4921240442510001,0.6451475555555556,0.32911524444444445,0.31523060848039564,0.05284490016740045,14,0.15555555555555556
C-W5-0005,train,commercial,5,90,0,0,90,0.528741778377,0.6414004333333333,0.33594134444444457,0.31050009380493165,0.055713479117065916,14,0.15555555555555556
C-W5-0006,train,commercial,5,102,0,1,102,0.549306741512,0.6318883529411765,0.3970043823529413,0.38706574236618274,0.056388081346711784,14,0.13725490196078433
C-W5-0007,train,commercial,5,92,0,0,92,0.520091834741,0.5511294021739133,0.39117856521739136,0.4135866556800864,0.06285566312962572,16,0.17391304347826086
C-W5-0008,train,commercial,5,93,0,0,93,0.555527662134,0.6518621397849463,0.46161891397849475,0.35068481957423214,0.061083947325441514,14,0.15053763440860216
C-W5-0009,train,commercial,5,120,0,0,120,0.638181741165,0.6483442083333332,0.4539506083333332,0.3521727827057856,0.054886047127279285,19,0.15833333333333333
C-W5-0010,train,commercial,5,59,0,0,59,0.3194606053629999,0.633999847457627,0.2330587118644067,0.3270646884099129,0.06237845004144381,16,0.2711864406779661
C-W5-0011,train,commercial,5,73,0,0,73,0.40956540566999994,0.5945133698630138,0.40558724657534234,0.4182721599264552,0.06264540209180326,12,0.1643835616438356
C-W5-0012,train,commercial,5,73,0,0,73,0.41684828964199994,0.5543521780821918,0.34415910958904117,0.39781299672343484,0.06177705318559923,14,0.1917808219178082
C-W5-0013,train,commercial,5,74,0,0,74,0.408702060609,0.5433628648648651,0.39180431081081074,0.40923575245123817,0.06308198477811391,11,0.14864864864864866
C-W5-0014,train,commercial,5,87,0,3,87,0.49153762287799996,0.5634279310344826,0.4231268045977012,0.4156172105192561,0.061406160553759206,11,0.12643678160919541
C-W6-0001,train,commercial,6,196,0,0,196,1.1560709471850001,0.4860530867346938,0.5104993469387756,0.42098859733623706,0.04976911238515607,17,0.08673469387755102
C-W6-0002,train,commercial,6,171,0,6,171,0.8816312803515,0.5558771812865501,0.47709831578947365,0.47266227337554656,0.0482828713516594,22,0.1286549707602339
C-W6-0003,train,commercial,6,242,0,4,242,1.179397278695,0.4647738140495865,0.5013697396694216,0.4420057700009365,0.04317460310844542,26,0.10743801652892562
C-W6-0004,train,commercial,6,114,0,4,114,0.5647296278413,0.39050092850877205,0.35346996403508774,0.41511300077487545,0.04887897043571762,18,0.15789473684210525
C-W6-0005,train,commercial,6,96,0,6,96,0.41216457807844,0.3984857970833333,0.3612368177083332,0.44589978342894016,0.045480569520737334,16,0.16666666666666666
C-W6-0006,train,commercial,6,152,0,1,152,1.0026575750675,0.5328124736842105,0.5433570657894736,0.418358229248974,0.05563588203772016,16,0.10526315789473684
C-W6-0007,train,commercial,6,168,0,6,168,0.9026873879334999,0.5586064464285718,0.4808946011904762,0.47141039641616816,0.048147192825342314,22,0.13095238095238096
C-W6-0008,train,commercial,6,172,0,2,172,0.9612218874424999,0.5388280348837209,0.5136224825581398,0.46677821534673547,0.05070088851478487,20,0.11627906976744186
C-W6-0009,train,commercial,6,181,0,3,181,0.922381125424,0.43070211602209946,0.5238566629834256,0.44486154047650894,0.04928318700946472,28,0.15469613259668508
C-W6-0010,train,commercial,6,199,0,2,199,1.0125476769105,0.596960386934673,0.4714453015075377,0.4460301912270241,0.0468940224847184,30,0.1507537688442211
C-W6-0011,train,commercial,6,138,0,5,138,0.829532225934,0.488972072463768,0.49976690579710126,0.4139162913857455,0.052759742513405504,16,0.11594202898550725
C-W6-0012,train,commercial,6,169,0,9,169,0.8894338314805,0.4078003076923079,0.4493398047337279,0.45332935939732505,0.050702636978537274,24,0.14201183431952663
C-W6-0013,train,commercial,6,89,0,2,89,0.49665598583000004,0.8097202471910112,0.5681700112359551,0.3203571796910644,0.05246826782691262,20,0.2247191011235955
C-W6-0014,train,commercial,6,25,0,0,25,0.08235826516200001,0.17273963999999997,0.4481481200000001,0.39013264168753686,0.06601985070315865,8,0.32
C-W6-0015,train,commercial,6,58,0,3,58,0.339208030488,0.7414152241379312,0.6682311551724136,0.3562959829227537,0.060940135549716425,13,0.22413793103448276
C-W6-0016,train,commercial,6,32,0,0,32,0.27428767432500006,0.7436034374999999,0.38891781249999996,0.35181734226063377,0.10030739620111302,7,0.21875
C-W6-0017,train,commercial,6,64,0,0,64,0.4387811658959999,0.652518921875,0.360908484375,0.34364165040090716,0.07216806318014228,13,0.203125
C-W6-0018,train,commercial,6,102,0,1,102,0.6269044336625,0.5139705980392157,0.46187365686274506,0.4517493557732693,0.06039378875432977,14,0.13725490196078433
C-W6-0019,train,commercial,6,50,0,4,50,0.339619487104,0.6621666800000001,0.5290554999999998,0.47570157567704946,0.08437062651759668,10,0.2
C-W6-0020,train,commercial,6,137,0,1,137,0.8920039556799999,0.526553094890511,0.5100297226277372,0.40948065913023485,0.056369653349288,13,0.0948905109489051
C-W6-0021,train,commercial,6,99,0,1,99,0.6996266715960001,0.4707177272727273,0.5133090303030304,0.39889005924217735,0.06374710119558888,8,0.08080808080808081
C-W6-0022,train,commercial,6,110,0,2,110,0.724638779959,0.5760867545454545,0.49507154545454524,0.40970483545360975,0.06143857380709595,12,0.10909090909090909
C-W6-0023,train,commercial,6,87,0,4,87,0.6128703660970001,0.5003324367816093,0.5093869655172417,0.4100873975725974,0.07258262899651739,8,0.09195402298850575
C-W6-0024,train,commercial,6,108,0,2,108,0.7172104967599999,0.48283184259259265,0.5417395925925926,0.4174091055037367,0.062393752757737765,10,0.09259259259259259
C-W6-0025,train,commercial,6,114,0,0,114,0.7500087068280001,0.5289748771929828,0.4877315263157892,0.4309495069395948,0.0584772807228942,11,0.09649122807017543
C-W6-0026,train,commercial,6,134,0,2,134,0.7837523993925001,0.5502448805970146,0.5412002537313431,0.45814909440057894,0.05565830073028825,16,0.11940298507462686
C-W6-0027,train,commercial,6,165,0,3,165,0.9519420405885001,0.5313904909090909,0.4976795757575757,0.45865996277785026,0.05377524814850577,19,0.11515151515151516
C-W6-0028,train,commercial,6,132,0,5,132,0.8029284186449999,0.5161695227272727,0.5192199848484851,0.4470588501926762,0.05904982860593354,13,0.09848484848484848
C-W6-0029,train,commercial,6,47,0,0,47,0.26460400900799996,0.6375498510638298,0.6603920638297873,0.3787608262637172,0.07421675841398423,10,0.2127659574468085
C-W6-0030,train,commercial,6,48,0,0,48,0.25731061388899995,0.5603461875000001,0.6211323124999999,0.4660101954602144,0.07333854683747552,14,0.2916666666666667
C-W6-0031,train,commercial,6,141,0,3,141,0.9040450186444998,0.49178674468085076,0.5041863687943261,0.4094065941756186,0.05120929521026416,15,0.10638297872340426
C-W6-0032,train,commercial,6,46,0,1,46,0.269770760205,0.7908684130434781,0.34941623913043474,0.28656150014186277,0.06668224234638707,14,0.30434782608695654
C-W6-0033,train,commercial,6,101,0,2,101,0.659001987596,0.5210370396039603,0.46838096039603966,0.3942062197465537,0.05804422397314678,14,0.13861386138613863
C-W6-0034,train,commercial,6,79,0,1,79,0.493430309463,0.3718586202531646,0.4573195063291141,0.35163424956050454,0.06632128172427744,13,0.16455696202531644
C-W6-0035,train,commercial,6,87,0,3,87,0.450000400019,0.4196239770114943,0.5969721379310348,0.45490396629803265,0.05570031834616557,23,0.26436781609195403
C-W6-0036,train,commercial,6,112,0,2,112,0.566023356907,0.36266740178571416,0.48417658035714295,0.44203440683263195,0.05669752461550963,18,0.16071428571428573
C-W6-0037,train,commercial,6,175,0,3,175,0.976290212383,0.39394940571428555,0.47708733142857185,0.44284626487579165,0.05040033697268417,22,0.12571428571428572
C-W6-0038,train,commercial,6,2,0,0,2,0.009593470080999998,0.39544250000000003,0.387037,0.49411133936011836,0.9882226787202366,1,0.5
C-W6-0039,train,commercial,6,1,0,0,1,0.01253173935199999,0.788542,0.68287,0.0,,1,1.0
C-W6-0040,train,commercial,6,46,0,5,46,0.2838955599155001,0.5893682173913044,0.7491244130434783,0.3777571767203906,0.06952401946110438,9,0.1956521739130435
C-W6-0041,train,commercial,6,123,0,0,123,0.7614532725909999,0.4221545203252033,0.4954004552845526,0.4507728322853029,0.05765941632997221,15,0.12195121951219512
C-W6-0042,train,commercial,6,60,0,2,60,0.4530680975305,0.6353863000000001,0.6239429166666665,0.385116762412414,0.07086042154378917,11,0.18333333333333332
C-W6-0043,train,commercial,6,150,0,5,150,0.8285958123264999,0.42403816,0.4578826866666667,0.45239368725821416,0.05310734674738064,22,0.14666666666666667
C-W6-0044,train,commercial,6,182,0,4,182,1.0072834939595,0.4346983681318679,0.4494581758241761,0.45650608352551675,0.04997476731085976,24,0.13186813186813187
C-W6-0045,train,commercial,6,112,0,4,112,0.6466430399205001,0.49838639285714276,0.45853995535714304,0.46761113402159254,0.060288966979709036,14,0.125
C-W6-0046,train,commercial,6,132,0,5,132,0.692214603617,0.49251302272727293,0.46331372727272735,0.46691869835377897,0.05288931975303872,14,0.10606060606060606
C-W6-0047,train,commercial,6,127,0,3,127,0.6675463573975,0.48612618110236216,0.44786019685039374,0.4665497645438908,0.053923948802588884,17,0.13385826771653545
C-W6-0048,train,commercial,6,124,0,3,124,0.7088749394785,0.4648626532258064,0.462839741935484,0.45811656471911927,0.055775426694822765,14,0.11290322580645161
C-W6-0049,train,commercial,6,111,0,1,111,0.6391223172834999,0.46962039639639636,0.42980065765765774,0.44410800304724135,0.05784358588758547,15,0.13513513513513514
C-W6-0050,train,commercial,6,115,0,1,115,0.6455167735530001,0.4839220956521739,0.4642230347826088,0.46150175081546274,0.054275461786147075,13,0.11304347826086956
C-W6-0051,train,commercial,6,120,0,4,120,0.6853099951865,0.4911178333333333,0.46894677500000004,0.4594783255445207,0.05545261156251712,14,0.11666666666666667
C-W6-0052,train,commercial,6,108,0,1,108,0.6831678271605001,0.5319468518518519,0.4375986111111108,0.4503978150700788,0.055904302539537376,12,0.1111111111111111
C-W6-0053,train,commercial,6,172,0,4,172,0.9428709214780001,0.4465903430232556,0.5398767558139534,0.454905453049635,0.04840564884135065,22,0.12790697674418605
C-W6-0054,train,commercial,6,177,0,5,177,0.9875278874790001,0.48488554237288145,0.5262842655367231,0.46178360689044423,0.05118590506261498,20,0.11299435028248588
C-W6-0055,train,commercial,6,83,0,2,83,0.5357461113715,0.45333204819277106,0.4935854578313253,0.44106297913796066,0.06654373813237545,10,0.12048192771084337
C-W6-0056,train,commercial,6,167,0,2,167,0.9370686424274999,0.47568470059880225,0.5925344251497006,0.42338758710344887,0.04958544643098239,22,0.1317365269461078
C-W6-0057,train,commercial,6,119,0,6,119,0.6815977240539999,0.489187218487395,0.7223428655462185,0.38348094667285704,0.052835121848905674,20,0.16806722689075632
C-W6-0058,train,commercial,6,137,0,1,137,0.8460230634539999,0.5285337518248175,0.49662071532846724,0.44144021901442065,0.05420668365345746,14,0.10218978102189781
C-W6-0059,train,commercial,6,67,0,4,67,0.3301909070885,0.4225942537313432,0.5684425074626864,0.4988684644693643,0.06196691757903114,11,0.16417910447761194
C-W6-0060,train,commercial,6,80,0,1,80,0.394771977351,0.3492904249999999,0.5778876875000001,0.47033300872300493,0.059938274964949176,16,0.2
C-W6-0061,train,commercial,6,77,0,4,77,0.4163753679875,0.41622025974025983,0.524981987012987,0.49826556734033345,0.06627506823482729,13,0.16883116883116883
C-W6-0062,train,commercial,6,72,0,1,72,0.38811681094700007,0.3749167916666666,0.5189364583333336,0.48271799969938384,0.06917754090292384,14,0.19444444444444445
C-W6-0063,train,commercial,6,123,0,1,123,0.5958017826094999,0.3754742520325205,0.5290988861788617,0.46933104452307295,0.04959321440275407,18,0.14634146341463414
C-W6-0064,train,commercial,6,167,0,0,167,0.91281343991,0.42824037724550906,0.5297294011976046,0.4660898445840837,0.04988877186093622,21,0.12574850299401197
C-W6-0065,train,commercial,6,103,0,2,103,0.7301413845015,0.5126215242718447,0.4999191456310681,0.39667921193574796,0.06256428604792166,11,0.10679611650485436
C-W6-0066,train,commercial,6,132,0,6,132,0.8140563463930002,0.4402582272727272,0.4976571515151514,0.4374331602769501,0.05814628591680772,15,0.11363636363636363
C-W6-0067,train,commercial,6,149,0,3,149,0.825945617081,0.552599060402685,0.4763298791946306,0.45932463484488223,0.052282754538367594,21,0.14093959731543623
C-W6-0068,train,commercial,6,155,0,0,155,0.887629116764,0.4815037032258067,0.4769504322580643,0.41199105437856753,0.05235975732918796,18,0.11612903225806452
C-W6-0069,train,commercial,6,49,0,2,49,0.29985582432450003,0.8198129387755103,0.4918745510204081,0.3321866109610908,0.07069671925208465,11,0.22448979591836735
C-W6-0070,train,commercial,6,111,0,1,111,0.6353993613519999,0.49440925225225213,0.5263721441441445,0.46072486347592156,0.05931462012272407,17,0.15315315315315314
C-W6-0071,train,commercial,6,161,0,1,161,0.943563675357,0.45906121739130423,0.4941598012422361,0.4623861865399291,0.05207815787809721,18,0.11180124223602485
C-W6-0072,train,commercial,6,8,0,0,8,0.08790592353400001,0.37539062500000003,0.41174774999999997,0.33259644813861416,0.2048470648841644,2,0.25
C-W6-0073,train,commercial,6,12,0,0,12,0.102830664622,0.5781683333333333,0.5566745833333333,0.40232593351613805,0.13065850980928942,4,0.3333333333333333
C-W6-0074,train,commercial,6,14,0,0,14,0.07464825133099996,0.2135977142857143,0.4962633571428571,0.42036299337070165,0.10056632054360239,6,0.42857142857142855
C-W6-0075,train,commercial,6,46,0,1,46,0.2901982009845,0.5869225217391305,0.5251308478260869,0.45695219554184113,0.08572400584638523,8,0.17391304347826086
C-W6-0076,train,commercial,6,174,0,0,174,1.023417585784,0.49853810344827637,0.5164352988505747,0.4242438500658066,0.051477347884199914,19,0.10919540229885058
C-W6-0077,train,commercial,6,162,0,3,162,0.962740230797,0.5096018456790122,0.49890833950617275,0.43812806233762874,0.05302173906657702,16,0.09876543209876543
C-W6-0078,train,commercial,6,159,0,0,159,0.8735208705640001,0.5167570377358489,0.523666503144654,0.45105292465989905,0.04972391157314936,16,0.10062893081761007
C-W6-0079,train,commercial,6,162,0,3,162,0.8763514094125001,0.543819308641975,0.5000029135802467,0.4622355518457891,0.05015627474785782,22,0.13580246913580246
C-W6-0080,train,commercial,6,171,0,2,171,0.9185784673890001,0.5068807777777778,0.5210202280701756,0.46058218252972616,0.05005999202558468,18,0.10526315789473684
C-W6-0081,train,commercial,6,188,0,2,188,1.1081228536265,0.5249975744680851,0.5460254840425534,0.4208847133049399,0.04826750454136264,20,0.10638297872340426
C-W6-0082,train,commercial,6,63,0,1,63,0.27908114475400003,0.3746323333333334,0.5126837142857142,0.4937325322873094,0.06932374762035595,12,0.19047619047619047
C-W6-0083,train,commercial,6,176,0,4,176,1.0358062400285,0.4924125795454543,0.5019991420454546,0.4506144901681754,0.05066604911869416,17,0.09659090909090909
C-W6-0084,train,commercial,6,163,0,2,163,0.963744813706,0.5163888343558282,0.4978897484662578,0.446017524444654,0.053632351108651666,16,0.09815950920245399
C-W6-0085,train,commercial,6,134,0,3,134,0.8256132984195,0.5205807014925371,0.5172712835820892,0.4538953127204627,0.05875162024227303,14,0.1044776119402985
C-W6-0086,train,commercial,6,223,0,2,223,1.1641694114579997,0.48747346636771305,0.5166190134529154,0.4427032530352303,0.04571809097160022,24,0.10762331838565023
C-W6-0087,train,commercial,6,145,0,1,145,0.8712313795814999,0.5334357103448275,0.508821806896552,0.4172582472386436,0.052747606676194485,14,0.09655172413793103
C-W6-0088,train,commercial,6,171,0,2,171,0.945815100001,0.46008314619883023,0.5211067777777775,0.4546930384932151,0.04615128942599431,20,0.11695906432748537
C-W6-0089,train,commercial,6,152,0,1,152,0.8668291682669998,0.5516601973684206,0.48279116447368414,0.43178545798453455,0.04925185057341765,17,0.1118421052631579
C-W6-0090,train,commercial,6,241,0,2,241,1.210688792342,0.48859140248962657,0.4874635062240664,0.44245788795998325,0.043728281840776505,23,0.0954356846473029
C-W6-0091,train,commercial,6,126,0,1,126,0.7387808061725001,0.5569485476190473,0.4476961587301587,0.4309933953876902,0.05746077982687893,13,0.10317460317460317
C-W6-0092,train,commercial,6,126,0,2,126,0.7446622414540001,0.5597759444444446,0.46249631746031733,0.4515486831958302,0.0532799921817767,14,0.1111111111111111
C-W6-0093,train,commercial,6,152,0,1,152,0.8972584009069998,0.5343699144736843,0.4669407894736843,0.44342715462710647,0.052817054893543436,19,0.125
C-W6-0094,train,commercial,6,140,0,2,140,0.8153329988414999,0.5545796428571427,0.46493055714285714,0.45006179100114907,0.052192883554428145,17,0.12142857142857143
C-W6-0095,train,commercial,6,140,0,2,140,0.8174893092490001,0.5428050428571428,0.4701984499999999,0.4462370500337748,0.05127562757113402,14,0.1
C-W6-0096,train,commercial,6,140,0,3,140,0.8620570317409999,0.5704352571428573,0.4706183928571428,0.437800763867882,0.05429088558229805,18,0.12857142857142856
C-W6-0097,train,commercial,6,135,0,4,135,0.8375754485425,0.5524614000000002,0.47362825925925944,0.434145463622508,0.05523053488763656,18,0.13333333333333333
C-W6-0098,train,commercial,6,98,0,4,98,0.6418450784645,0.5292543469387756,0.42844857142857146,0.4416856442474301,0.06460031378951156,12,0.12244897959183673
C-W6-0099,train,commercial,6,175,0,1,175,1.0329143664929998,0.5774479028571431,0.5382619028571428,0.4302007327892989,0.05205009401621058,20,0.11428571428571428
C-W6-0100,train,commercial,6,216,0,0,216,1.22415725295,0.502757259259259,0.48558598611111126,0.4291086408249666,0.04702872026684286,20,0.09259259259259259
C-W6-0101,train,commercial,6,183,0,3,183,1.0644419780774999,0.4624245737704918,0.4812588306010927,0.4636055881026723,0.04829990004882018,20,0.1092896174863388
C-W6-0102,train,commercial,6,174,0,0,174,0.9938471293220001,0.49882960919540237,0.4765032413793103,0.4487551387301159,0.049956225964418496,18,0.10344827586206896
C-W6-0103,train,commercial,6,137,0,1,137,0.74911923125,0.5384067299270072,0.4982427591240875,0.46328769740235926,0.05471090202117247,16,0.11678832116788321
C-W6-0104,train,commercial,6,156,0,0,156,0.857175485338,0.5125099999999998,0.5425569615384617,0.4620618763907099,0.05233727800605818,18,0.11538461538461539
C-W6-0105,train,commercial,6,115,0,2,115,0.7332089745734999,0.534784895652174,0.5677938695652175,0.42872625058908176,0.06078331515048742,13,0.11304347826086956
C-W6-0106,train,commercial,6,165,0,1,165,0.8903582338164999,0.44776042424242424,0.49418628484848465,0.4617764878901186,0.04784861168662596,18,0.10909090909090909
C-W6-0107,train,commercial,6,183,0,1,183,0.9876165370765001,0.4377447595628415,0.5094312950819669,0.4471837910813127,0.048765078810972244,22,0.12021857923497267
C-W6-0108,train,commercial,6,169,0,1,169,0.8783355190865002,0.4287937692307692,0.47747639644970413,0.46825337855643645,0.049612012430738144,22,0.1301775147928994
C-W6-0109,train,commercial,6,158,0,0,158,0.8578692624230001,0.4475046392405063,0.47293427848101277,0.45878621945208903,0.050158909084660475,17,0.10759493670886076
C-W6-0110,train,commercial,6,116,0,0,116,0.7595590530480002,0.5244859137931034,0.4697038620689656,0.4191126732379325,0.05950099675469785,11,0.09482758620689655
C-W6-0111,train,commercial,6,113,0,2,113,0.7351867895925001,0.5199783539823007,0.4673017256637169,0.4228733679133025,0.05876250147035029,11,0.09734513274336283
C-W6-0112,train,commercial,6,132,0,1,132,0.7594662228975001,0.4420435151515152,0.46312777272727257,0.42607523083076065,0.056282146539179796,16,0.12121212121212122
C-W6-0113,train,commercial,6,139,0,1,139,0.7953496515335,0.4287525971223023,0.5163002805755396,0.4381060700422031,0.053698002190878884,18,0.12949640287769784
C-W6-0114,train,commercial,6,147,0,0,147,0.828510206172,0.4360314013605442,0.49149027210884355,0.4369787097275246,0.05320844066545475,17,0.11564625850340136
C-W6-0115,train,commercial,6,142,0,1,142,0.779230273747,0.41893890140845097,0.4962147816901409,0.45258219618895446,0.052721481141471044,17,0.11971830985915492
C-W6-0116,train,commercial,6,144,0,1,144,0.8302136378945,0.4165979513888887,0.483545534722222,0.4359601382059272,0.05467249361789888,15,0.10416666666666667
C-W6-0117,train,commercial,6,147,0,0,147,0.8265131259649999,0.44648704761904767,0.485578850340136,0.4472505282764768,0.05507295357636784,18,0.12244897959183673
C-W6-0118,train,commercial,6,151,0,3,151,0.8814060009355,0.42067809933774847,0.5125858278145697,0.4392652167485749,0.05269136309525791,19,0.12582781456953643
C-W6-0119,train,commercial,6,139,0,0,139,0.8163637238990001,0.42256444604316556,0.4968292014388487,0.4327833390416099,0.05514292411618683,17,0.1223021582733813
C-W6-0120,train,commercial,6,192,0,1,192,1.1321263695595,0.4372015885416664,0.5087721822916667,0.43258556173754464,0.050741726072214,19,0.09895833333333333
C-W6-0121,train,commercial,6,161,0,3,161,0.8913309136965001,0.40951088198757774,0.5021768074534163,0.443538797189767,0.051112053134108326,21,0.13043478260869565
C-W6-0122,train,commercial,6,124,0,0,124,0.81603372745,0.5318317419354838,0.527915935483871,0.42777450039101683,0.059051110376573394,18,0.14516129032258066
C-W6-0123,train,commercial,6,169,0,0,169,0.969041616937,0.4276812071005916,0.47985697633136093,0.4234863307924836,0.05168813345275045,22,0.1301775147928994
C-W6-0124,train,commercial,6,148,0,1,148,0.9147660454190001,0.4877392905405401,0.4999593108108107,0.42872364252944767,0.05600569200752125,17,0.11486486486486487
C-W6-0125,train,commercial,6,156,0,0,156,0.923793813173,0.48114148076923074,0.4745905,0.43377096545045535,0.052147418828781995,18,0.11538461538461539
C-W6-0126,train,commercial,6,177,0,3,177,0.9959219880784999,0.5174067062146894,0.51777311299435,0.4536717019553634,0.05072453304696281,17,0.096045197740113
C-W6-0127,train,commercial,6,14,0,1,14,0.11459216739949998,0.6567520714285714,0.4097882857142858,0.4244041852817889,0.11952704308463358,6,0.42857142857142855
C-W6-0128,train,commercial,6,172,1,4,171,0.9308231121535001,0.5999589064327482,0.5124485789473685,0.427630488471119,0.05151621837384042,23,0.13450292397660818
C-W6-0129,train,commercial,6,155,0,0,155,0.698770257678,0.6697395677419355,0.5098148387096777,0.43558639462325255,0.0484828819089574,24,0.15483870967741936
C-W6-0130,train,commercial,6,154,0,0,154,0.7664377273730001,0.642199331168831,0.48943905194805226,0.427512287054318,0.049487670833156396,23,0.14935064935064934
C-W6-0131,train,commercial,6,184,0,0,184,0.9114412546690001,0.6404368206521739,0.4716284239130437,0.4398444660777213,0.04693855866820626,30,0.16304347826086957
C-W6-0132,train,commercial,6,166,0,0,166,0.84298305131,0.6203658915662652,0.4714050783132532,0.43200689114869917,0.04952731127650999,25,0.15060240963855423
C-W6-0133,train,commercial,6,173,0,0,173,0.8770294398340001,0.6356409479768784,0.47664846820809303,0.43591441130721487,0.04880770219223156,23,0.1329479768786127
C-W6-0134,train,commercial,6,174,0,4,174,0.889324458796,0.6252200000000003,0.4763437011494254,0.43914836959510295,0.04885979513260432,26,0.14942528735632185
C-W6-0135,train,commercial,6,165,0,0,165,0.837796483197,0.6526515272727277,0.4490880848484846,0.438953379040175,0.04641320235079715,32,0.19393939393939394
C-W6-0136,train,commercial,6,28,0,0,28,0.07410280937500004,0.871503035714286,0.19824735714285718,0.19880340054627846,0.04239554589280019,19,0.6785714285714286
C-W6-0137,train,commercial,6,91,0,3,91,0.5887931858995,0.5696485604395606,0.5003153626373626,0.40746002924312363,0.06294548449932252,11,0.12087912087912088
C-W6-0138,train,commercial,6,137,0,1,137,0.7388468883004998,0.5593806496350366,0.5027575036496353,0.4579886910895061,0.05593556559861406,16,0.11678832116788321
C-W6-0139,train,commercial,6,135,0,5,135,0.7121829045809999,0.6040779407407404,0.47583675555555544,0.45382711275915094,0.053404611187260295,19,0.14074074074074075
C-W6-0140,train,commercial,6,202,0,0,202,1.1043540303619999,0.4465165742574255,0.4687156584158419,0.42157487836223445,0.047676545249293045,20,0.09900990099009901
C-W6-0141,train,commercial,6,136,0,0,136,0.8918624083139999,0.5072782647058824,0.4721677132352942,0.4180783277341197,0.054225827844232875,16,0.11764705882352941
C-W6-0142,train,commercial,6,230,0,3,230,1.133997247907,0.47133955652173903,0.5169485086956523,0.4531546973539104,0.04348397664351235,28,0.12173913043478261
C-W6-0143,train,commercial,6,192,0,2,192,0.9140004990164999,0.6551447656249998,0.4938127135416666,0.4367625341736395,0.046579315714606336,29,0.15104166666666666
C-W6-0144,train,commercial,6,152,0,1,152,0.853402636151,0.4489552105263157,0.5371498421052633,0.4194514221515962,0.04999693101554409,18,0.11842105263157894
C-W6-0145,train,commercial,6,152,0,2,152,0.860233801494,0.4323038289473685,0.5361355592105262,0.41589861572936115,0.050379209605386076,18,0.11842105263157894
C-W6-0146,train,commercial,6,128,0,5,128,0.753822358314,0.6178795781249998,0.548853484375,0.43116739421166217,0.055514941942984786,17,0.1328125
C-W6-0147,train,commercial,6,146,0,1,146,0.8707474638124998,0.5298926301369863,0.5003868493150683,0.4267528605800612,0.053222536017722435,15,0.10273972602739725
C-W6-0148,train,commercial,6,148,0,1,148,0.921607756596,0.5087732432432434,0.521871864864865,0.4193677972031761,0.05383104447033812,16,0.10810810810810811
C-W6-0149,train,commercial,6,159,0,1,159,0.9430141189934999,0.5213820440251572,0.5220271635220126,0.425259741565706,0.05150605222788367,17,0.1069182389937107
K-505,train,unknown,,168,0,1,168,0.924848157196,0.4530381666666666,0.48113426785714286,0.4619890109302764,0.05238809114538362,21,0.125
K-506,train,unknown,,158,0,1,158,0.9000576996520001,0.43331355063291144,0.46219814556962047,0.4573262520323335,0.05231723260677557,20,0.12658227848101267
K-507,train,unknown,,168,0,3,168,0.9630222983989999,0.4393880178571428,0.46215827976190466,0.44130810686838146,0.052134641153147004,19,0.1130952380952381
K-508,train,unknown,,187,0,0,187,1.0537239915330001,0.4400345133689841,0.4974871550802138,0.4447894685919343,0.04830972270039288,22,0.11764705882352941
K-511,train,unknown,,302,0,4,302,0.18556875997550004,0.5186042682119205,0.48716276490066207,0.465166667752508,0.02718979556276917,42,0.1390728476821192
K-512,train,unknown,,248,0,1,248,0.1462525623450001,0.45455834274193524,0.5865890161290325,0.4084155728745746,0.031138388881908608,33,0.13306451612903225
K-513,train,unknown,,602,0,1,602,0.3554513305745,0.5184744252491694,0.44772364285714283,0.4257330177095952,0.022854355791410586,82,0.1362126245847176
K-514,train,unknown,,589,0,1,589,0.32205538483599994,0.5715570950764014,0.4592671086587438,0.4050468781751513,0.021249581078600397,81,0.13752122241086587
K-515,train,unknown,,565,0,0,565,0.31132140921999996,0.5817039964601761,0.44034661946902653,0.3913193730775508,0.022485578137408105,71,0.1256637168141593
K-516,train,unknown,,522,0,1,522,0.303732932773,0.5901949712643674,0.4111501570881226,0.36808856563781756,0.02204661136079973,71,0.1360153256704981
K-517,train,unknown,,457,0,3,457,0.2706374373835,0.7252108555798691,0.4896780765864334,0.3818797154478333,0.024538198572863126,73,0.15973741794310722
K-528,train,unknown,,307,0,1,307,0.2983183817535,0.4187822052117268,0.6066413094462537,0.4468076978152712,0.031721895276458106,53,0.17263843648208468
K-529,train,unknown,,435,0,1,435,0.458586728122,0.44691574022988506,0.574534903448276,0.4431082296655024,0.02824771595366181,64,0.1471264367816092
K-530,train,unknown,,173,0,1,173,0.9722313629520001,0.4254681734104046,0.5017822658959538,0.45231161759937966,0.05038998391274671,22,0.12716763005780346
K-531,train,unknown,,171,0,2,171,0.9435543962575,0.41177815789473704,0.5045781754385966,0.454385425716319,0.049989739954838026,21,0.12280701754385964
K-532,train,unknown,,201,0,2,201,1.100676942294,0.43348363184079614,0.503899482587065,0.45253317766443313,0.04850893119564597,23,0.11442786069651742
K-570,train,unknown,,165,0,3,165,0.9002206603684999,0.5374368666666667,0.5228086303030303,0.46065536102417415,0.05177059430538833,20,0.12121212121212122
K-571,train,unknown,,108,0,0,108,0.572431446257,0.34469281481481484,0.47212790740740745,0.4405995716536326,0.05911449523690911,19,0.17592592592592593
K-575,train,unknown,,330,0,0,330,0.429084183043,0.5295817454545452,0.4457365272727269,0.40671057532057925,0.0332072469388429,36,0.10909090909090909
P-W1-0001,train,prototype,1,63,0,0,63,0.03830122368800002,0.2975986666666666,0.557745507936508,0.17321418995007157,0.022949945989136886,22,0.3492063492063492
P-W1-0002,train,prototype,1,57,0,0,57,0.036586276542000015,0.3071823333333334,0.5657651929824562,0.16926704914774457,0.023947900543094414,22,0.38596491228070173
P-W1-0003,train,prototype,1,59,0,0,59,0.03635870052100002,0.2963985254237288,0.5750080000000001,0.1836117384672375,0.02560120704941773,19,0.3220338983050847
P-W1-0004,train,prototype,1,80,0,0,80,0.04770462075700003,0.27053730000000004,0.5388078875000002,0.1717880717944638,0.02379557063557841,21,0.2625
P-W1-0005,train,prototype,1,82,0,0,82,0.045588586187000006,0.2787031951219514,0.5373249634146341,0.1660945690728176,0.021033648110863598,30,0.36585365853658536
P-W1-0006,train,prototype,1,76,0,0,76,0.04447721223100002,0.2844814210526316,0.5544347236842103,0.17858804296273453,0.02214545388871135,25,0.32894736842105265
P-W1-0007,train,prototype,1,78,0,0,78,0.040308289873000044,0.2827694102564103,0.5320454230769232,0.16687406603045699,0.02231604318839324,28,0.358974358974359
P-W1-0008,train,prototype,1,84,0,0,84,0.04656406226800003,0.28737632142857156,0.5430832142857144,0.18050137551179046,0.022727872544708042,31,0.36904761904761907
P-W1-0009,train,prototype,1,80,0,0,80,0.04684291425599999,0.28788115,0.51445035,0.1542761837678778,0.02114883799783743,33,0.4125
P-W1-0010,train,prototype,1,82,0,0,82,0.04571412148800001,0.2891231341463415,0.5544489878048781,0.14236752356388574,0.02054318649654874,42,0.5121951219512195
P-W1-0011,train,prototype,1,74,0,0,74,0.04285715331800002,0.29750864864864873,0.4764077432432431,0.14474371229694166,0.022504700408339018,30,0.40540540540540543
P-W1-0012,train,prototype,1,48,0,0,48,0.02902163589900002,0.3406901666666666,0.5030381250000001,0.14447666950684435,0.022845340929616025,22,0.4583333333333333
P-W1-0013,train,prototype,1,62,0,0,62,0.03426518049800002,0.29304877419354836,0.5849537580645161,0.14986034215434144,0.0238241146223603,34,0.5483870967741935
P-W1-0014,train,prototype,1,68,0,0,68,0.039569928492,0.29142923529411774,0.5872481176470584,0.161156574294512,0.021990289229706472,25,0.36764705882352944
P-W1-0015,train,prototype,1,55,0,0,55,0.03323840171700001,0.29343749090909094,0.594932690909091,0.16249369918657214,0.024597536755394833,18,0.32727272727272727
P-W1-0016,train,prototype,1,61,0,0,61,0.03659313998900001,0.28760267213114754,0.5934806065573771,0.15318037512138385,0.022658109290917917,25,0.4098360655737705
P-W1-0017,train,prototype,1,74,0,0,74,0.04801382222200001,0.29509433783783784,0.5191378648648651,0.15942299795271844,0.024510865600770787,26,0.35135135135135137
P-W1-0018,train,prototype,1,90,0,0,90,0.054911429070000024,0.30508410000000014,0.46885285555555595,0.1779392653728676,0.02201331235932947,43,0.4777777777777778
P-W1-0019,train,prototype,1,68,0,0,68,0.044155343634000026,0.2949718235294117,0.5381604558823528,0.1672357564751185,0.02499330977910635,23,0.3382352941176471
P-W1-0020,train,prototype,1,50,0,0,50,0.035218034857,0.2795625,0.4916389000000001,0.17565835014134684,0.024441626962938647,21,0.42
P-W1-0021,train,prototype,1,53,0,0,53,0.034342380016,0.26948207547169817,0.48340326415094353,0.17826727726657443,0.02367676708428188,18,0.33962264150943394
P-W1-0022,train,prototype,1,50,0,0,50,0.032721486343,0.27460934,0.49117590000000017,0.18215959600096396,0.023312813307858126,20,0.4
P-W1-0023,train,prototype,1,50,0,0,50,0.03456798962299999,0.2781407999999999,0.47787040000000014,0.16599529659011428,0.02449874521069666,21,0.42
P-W1-0024,train,prototype,1,52,0,0,52,0.031575689236,0.27096382692307686,0.4901353846153847,0.17820980699594974,0.02231908438719968,18,0.34615384615384615
P-W1-0025,train,prototype,1,45,0,0,45,0.030341925385000013,0.2692477555555556,0.4946707555555557,0.18193042199934092,0.026115030331631116,15,0.3333333333333333
P-W1-0026,train,prototype,1,58,0,0,58,0.03528598618800003,0.2843750172413793,0.5340356896551728,0.18031141256168337,0.02268334796788699,18,0.3103448275862069
P-W1-0027,train,prototype,1,94,0,0,94,0.05862082188817999,0.3135052234042553,0.4913789361702127,0.18083944270545763,0.020825876069266436,41,0.43617021276595747
P-W1-0028,train,prototype,1,86,0,0,86,0.058255344479708975,0.3383753604651163,0.5383627558139534,0.19879541380126223,0.021285797033263023,32,0.37209302325581395
P-W1-0029,train,prototype,1,80,0,0,80,0.05850744459900002,0.3337241125000001,0.5299190375000001,0.1852156886964113,0.02391383434868763,31,0.3875
P-W1-0030,train,prototype,1,75,0,0,75,0.055228184104000044,0.33623288,0.5290803333333334,0.18834628330450578,0.023933478152827727,30,0.4
P-W1-0031,train,prototype,1,86,0,0,86,0.060274014391000025,0.32819463953488365,0.5432386395348838,0.19588767033227297,0.022745875162033063,29,0.3372093023255814
P-W1-0032,train,prototype,1,75,0,0,75,0.054096517979000024,0.32201408,0.54505556,0.18396953869232446,0.0236169431233613,29,0.38666666666666666
P-W1-0033,train,prototype,1,89,0,0,89,0.05558502347700003,0.3231039438202249,0.5478932471910112,0.19214034291372326,0.022902603804787088,33,0.3707865168539326
P-W1-0034,train,prototype,1,89,0,0,89,0.05455450428300003,0.3278938764044944,0.5153974382022471,0.19108323370001193,0.02272249282548665,37,0.4157303370786517
P-W1-0035,train,prototype,1,77,0,0,77,0.048149707465000025,0.3266741168831168,0.5252043896103895,0.19729588299942513,0.02170939518236536,34,0.44155844155844154
P-W1-0036,train,prototype,1,72,0,0,72,0.050733091918,0.32000508333333333,0.5321180277777777,0.1878965769958098,0.024800273326418137,28,0.3888888888888889
P-W1-0037,train,prototype,1,80,0,0,80,0.05732766205600003,0.3366340625,0.5437326375,0.1894608185159657,0.023033511564517335,28,0.35
P-W1-0038,train,prototype,1,79,0,0,79,0.05697017721699999,0.3200290379746836,0.5325890632911393,0.19842659485127753,0.0238035404021936,27,0.34177215189873417
P-W1-0039,train,prototype,1,75,0,0,75,0.043425689544,0.3022985733333332,0.5112654533333336,0.19786701262524564,0.021800031869861,27,0.36
P-W1-0040,train,prototype,1,79,0,0,79,0.052024787192,0.29997032911392413,0.5136426835443038,0.19617146635792726,0.02280453566531753,29,0.3670886075949367
P-W1-0041,train,prototype,1,80,0,0,80,0.053736302238000036,0.30418619999999996,0.5147048625,0.19844619479327033,0.02283089339715147,30,0.375
P-W1-0042,train,prototype,1,93,0,0,93,0.08261857704500003,0.6889980967741931,0.7108223763440861,0.1970027879202313,0.027002382347458786,29,0.3118279569892473
P-W1-0043,train,prototype,1,88,0,0,88,0.07784395956800001,0.6929598636363635,0.6869265227272726,0.19360104998066838,0.026132855269799537,23,0.26136363636363635
P-W1-0044,train,prototype,1,85,0,0,85,0.07992922650600008,0.6954902470588238,0.6674509647058823,0.19262366879807846,0.027725606148033717,22,0.25882352941176473
P-W1-0045,train,prototype,1,85,0,0,85,0.08062001508500004,0.6994393529411765,0.6771187176470588,0.2012834027585348,0.02645738208030288,22,0.25882352941176473
P-W1-0046,train,prototype,1,70,0,0,70,0.06612050796900001,0.6455654857142854,0.623306857142857,0.19235581075043706,0.02540329013061238,19,0.2714285714285714
P-W1-0047,train,prototype,1,79,0,0,79,0.07392744932500007,0.6680116202531643,0.6319561898734178,0.18815440066580516,0.025028777719635152,24,0.3037974683544304
P-W1-0048,train,prototype,1,87,0,0,87,0.09914786371400003,0.6951897701149422,0.6509205862068969,0.18251252884358207,0.025250602075438104,22,0.25287356321839083
P-W1-0049,train,prototype,1,84,0,0,84,0.10367450752300002,0.6871372499999998,0.6718198452380953,0.19592967766069302,0.02693987797462941,21,0.25
P-W1-0050,train,prototype,1,76,0,0,76,0.04214871030200005,0.3234272236842105,0.5509989210526315,0.2083908679056815,0.021498374207987957,28,0.3684210526315789
P-W1-0051,train,prototype,1,69,0,0,69,0.039251178106000026,0.279570463768116,0.5569578695652175,0.17491786032252793,0.023343193496109353,21,0.30434782608695654
P-W1-0052,train,prototype,1,82,0,0,82,0.05969360376300003,0.31028652439024373,0.559535914634146,0.1879120239744034,0.022981275212917738,24,0.2926829268292683
P-W1-0053,train,prototype,1,83,0,0,83,0.052397098109000007,0.3027766746987953,0.5151216024096388,0.19627250723813391,0.021351861805583718,30,0.3614457831325301
P-W1-0054,train,prototype,1,89,0,0,89,0.06958070156200002,0.32430656179775286,0.5157043370786516,0.1853264030383793,0.02299950215258231,37,0.4157303370786517
P-W1-0055,train,prototype,1,89,0,0,89,0.06523155405100003,0.3210031011235956,0.49356011235955066,0.19069471639737695,0.0219136832783452,39,0.43820224719101125
P-W1-0056,train,prototype,1,87,0,0,87,0.06602352272300002,0.32094711494252876,0.5344933908045976,0.1863401296551632,0.024093166105025637,32,0.367816091954023
P-W1-0057,train,prototype,1,74,0,0,74,0.053121383661,0.30130212162162157,0.5401964864864867,0.2001266164774391,0.024513257638898275,23,0.3108108108108108
P-W1-0058,train,prototype,1,96,0,0,96,0.07935948518700006,0.6940213020833332,0.7388937187500001,0.18362426403175763,0.026604824412179633,33,0.34375
P-W1-0059,train,prototype,1,94,0,0,94,0.07776869735600003,0.6861923617021277,0.6894996063829787,0.196676601535448,0.025612731768705477,31,0.32978723404255317
P-W1-0060,train,prototype,1,69,0,0,69,0.06155449442500002,0.6653948115942028,0.6437131304347826,0.18179028165764222,0.027177184056915805,21,0.30434782608695654
P-W1-0061,train,prototype,1,73,0,0,73,0.07463067854800004,0.6671839589041095,0.6560184931506851,0.18706551428760623,0.025307190044523295,22,0.3013698630136986
P-W1-0062,train,prototype,1,84,0,0,84,0.08684268624700003,0.6801122142857141,0.6877259642857141,0.1707173432330762,0.02481979916053802,27,0.32142857142857145
P-W1-0063,train,prototype,1,76,0,0,76,0.09342939917000002,0.6667214736842108,0.6711683289473684,0.17990751712161662,0.027427130277493796,26,0.34210526315789475
P-W1-0064,train,prototype,1,88,0,0,88,0.09664605667400009,0.6958925795454547,0.6940656363636364,0.19560196535107297,0.02683808984596949,27,0.3068181818181818
P-W1-0065,train,prototype,1,95,0,0,95,0.08244451489200008,0.6786103473684211,0.6822270842105261,0.19303732045577593,0.025039226565738718,29,0.30526315789473685
P-W1-0066,train,prototype,1,90,0,0,90,0.058149750925000014,0.31586807777777764,0.4936265666666664,0.17784794226631281,0.023035964136073398,39,0.43333333333333335
P-W1-0067,train,prototype,1,93,0,0,93,0.07857125339400003,0.6855482903225806,0.7321883655913978,0.19174093117304042,0.026440039984418167,32,0.34408602150537637
P-W1-0068,train,prototype,1,87,0,0,87,0.07331304317200006,0.6728687931034483,0.7033791149425285,0.19948133813257415,0.026622784452922526,26,0.2988505747126437
P-W1-0069,train,prototype,1,70,0,0,70,0.061875233854999975,0.6809003142857145,0.6549735142857146,0.1833071992316478,0.02642902340201672,20,0.2857142857142857
P-W1-0070,train,prototype,1,94,0,0,94,0.08729581199800011,0.6555657765957448,0.701418425531915,0.1899326941098404,0.02423306982483896,39,0.4148936170212766
P-W1-0071,train,prototype,1,92,0,0,92,0.08622474614200004,0.6834154130434783,0.7012379673913045,0.19264585313226076,0.025735243343723103,27,0.29347826086956524
P-W1-0072,train,prototype,1,94,0,0,94,0.08396477926300004,0.6598985851063832,0.6995665851063831,0.1967136928599326,0.024449396019026196,33,0.35106382978723405
P-W1-0073,train,prototype,1,91,0,0,91,0.05724489984500002,0.3137706043956044,0.49356429670329677,0.18196841374812336,0.021754371208687014,36,0.3956043956043956
P-W1-0074,train,prototype,1,95,0,0,95,0.063014430883,0.31534815789473675,0.5045760315789473,0.170943213005327,0.022062111757881413,35,0.3684210526315789
P-W1-0075,train,prototype,1,86,0,0,86,0.06756401591400003,0.3287427558139535,0.508715558139535,0.1832614999441509,0.02480938066392689,37,0.43023255813953487
P-W1-0076,train,prototype,1,95,0,0,95,0.08370321819100005,0.6746710842105262,0.7405994631578946,0.19172021628346445,0.025880293170966844,40,0.42105263157894735
P-W1-0077,train,prototype,1,91,0,0,91,0.08462872312700008,0.6962282747252748,0.6801994835164835,0.19067545626745103,0.025301777347823205,21,0.23076923076923078
P-W1-0078,train,prototype,1,92,0,0,92,0.09463877851100001,0.6851590869565214,0.7187952608695652,0.17699990541857716,0.02367323188164606,35,0.3804347826086957
P-W1-0079,train,prototype,1,83,0,0,83,0.097397672376,0.6952246024096388,0.6987616987951807,0.18295516514298849,0.025907794745294144,23,0.27710843373493976
P-W1-0080,train,prototype,1,94,0,0,94,0.07557161771000008,0.6985012127659574,0.7217592021276598,0.18936127583927423,0.025010446915644826,29,0.30851063829787234
P-W1-0081,train,prototype,1,96,0,0,96,0.08749960291300003,0.6924100937499998,0.6910493854166667,0.1977993115799155,0.02467606643653018,25,0.2604166666666667
P-W2-0001,train,prototype,2,82,0,0,82,0.146587711014,0.6919334146341464,0.5163956951219512,0.27594823601686697,0.03523565073243398,18,0.21951219512195122
P-W2-0002,train,prototype,2,73,0,0,73,0.13799882795099996,0.6872930958904109,0.5140728493150684,0.2809186368915548,0.03764278661257303,16,0.2191780821917808
P-W2-0003,train,prototype,2,90,0,0,90,0.15463052611699998,0.6976678111111113,0.5101132111111112,0.2707074963124257,0.03562350827697934,25,0.2777777777777778
P-W2-0004,train,prototype,2,89,0,0,89,0.14657460744599995,0.6980573483146066,0.462572842696629,0.2784113604693682,0.0346179453935932,23,0.25842696629213485
P-W2-0005,train,prototype,2,88,0,0,88,0.17222356244199988,0.6943477500000003,0.4911721818181818,0.2834627297858652,0.03552278680806627,18,0.20454545454545456
P-W2-0006,train,prototype,2,88,0,0,88,0.17115192845199995,0.6969964545454547,0.4972696250000003,0.27735281037861165,0.03649941008143238,17,0.19318181818181818
P-W2-0007,train,prototype,2,85,0,0,85,0.11388433416300006,0.6966543882352942,0.7102777647058824,0.19371296829968887,0.026735990956842266,22,0.25882352941176473
P-W2-0008,train,prototype,2,77,0,0,77,0.12879461545299994,0.6491646103896104,0.5637265454545458,0.2707632359462712,0.0342006412074882,22,0.2857142857142857
P-W2-0009,train,prototype,2,90,0,0,90,0.154735856673,0.6974567888888888,0.509717177777778,0.27072203166713155,0.03562827762543348,25,0.2777777777777778
P-W2-0010,train,prototype,2,88,0,0,88,0.14481536363799996,0.6979376818181817,0.46313661363636366,0.27977258338226396,0.034684294930226504,22,0.25
P-W2-0011,train,prototype,2,89,0,0,89,0.17408083560899987,0.6947333932584268,0.4947306516853933,0.28490317921052294,0.035430351009793144,17,0.19101123595505617
P-W2-0012,train,prototype,2,89,0,0,89,0.17276535626899994,0.6966002471910112,0.49271749438202267,0.27860621385007595,0.0359199289487458,17,0.19101123595505617
P-W2-0013,train,prototype,2,78,0,0,78,0.147648322877,0.6934394743589741,0.5481422307692306,0.26757030430254225,0.03868883514227963,18,0.23076923076923078
P-W2-0014,train,prototype,2,86,0,0,86,0.13865541147900007,0.6861071046511624,0.4725505813953486,0.2977929651846675,0.03556571870100504,16,0.18604651162790697
P-W2-0015,train,prototype,2,84,0,0,84,0.14682965754199995,0.7069909166666668,0.47609673809523784,0.25640717102883026,0.03648198924093563,21,0.25
P-W2-0016,train,prototype,2,92,0,0,92,0.16125348782699994,0.7117527391304349,0.4861614565217389,0.2660097917810497,0.03336520810776516,16,0.17391304347826086
P-W2-0017,train,prototype,2,89,0,0,89,0.14843318754979998,0.7062790224719102,0.5002421483146067,0.274640865592064,0.03478353554390555,17,0.19101123595505617
P-W2-0018,train,prototype,2,90,0,0,90,0.14597294764699997,0.7031076333333337,0.47828186666666656,0.27123239451726633,0.03378018897622216,21,0.23333333333333334
P-W2-0019,train,prototype,2,90,0,0,90,0.13953144212899998,0.7026128666666664,0.48306582222222205,0.2567259887570913,0.03389265190901842,22,0.24444444444444444
P-W2-0020,train,prototype,2,84,0,0,84,0.13872292515499993,0.7054036547619047,0.48702045238095254,0.2718032949829579,0.03447956513391063,24,0.2857142857142857
P-W2-0021,train,prototype,2,88,0,0,88,0.14826237708399995,0.7050248409090909,0.47911405681818203,0.26539950377879057,0.03428055274475344,18,0.20454545454545456
P-W2-0022,train,prototype,2,89,0,0,89,0.149092681829,0.6977235617977529,0.4764044494382021,0.27673800899382145,0.035154348821894124,21,0.23595505617977527
P-W2-0023,train,prototype,2,93,0,0,93,0.170117218519,0.6922743225806451,0.5220927956989244,0.3064550860900967,0.032982950968442934,20,0.21505376344086022
P-W2-0024,train,prototype,2,92,0,0,92,0.1760896023739999,0.6782891521739131,0.4897644782608694,0.29668023630561713,0.03382467375773832,20,0.21739130434782608
P-W2-0025,train,prototype,2,91,0,0,91,0.17131465470799992,0.6997939670329673,0.5076210549450552,0.2894442790129675,0.03343381542300014,16,0.17582417582417584
P-W2-0026,train,prototype,2,87,0,0,87,0.1716294511969999,0.6885867701149427,0.49847811494252875,0.292902835881898,0.03805451183261251,19,0.21839080459770116
P-W2-0027,train,prototype,2,82,0,1,82,0.12366351887800003,0.6951600487804876,0.4859248414634147,0.2967822465198189,0.03197313821699529,17,0.2073170731707317
P-W2-0028,train,prototype,2,86,0,0,86,0.11953428929400002,0.6949218837209302,0.4821490348837211,0.2969552305193286,0.03205324081727962,18,0.20930232558139536
P-W3-0001,train,prototype,3,57,0,2,57,0.23341256029888505,0.6471196842105261,0.4949018596491227,0.3126935067563206,0.05323449895976302,13,0.22807017543859648
P-W3-0002,train,prototype,3,74,0,0,74,0.255828013869,0.6240920405405405,0.5306681621621621,0.2810615860447414,0.04218551252583577,16,0.21621621621621623
P-W3-0003,train,prototype,3,38,0,1,38,0.149490765021875,0.5832981315789474,0.6200589999999999,0.24497815086153157,0.061477046166364874,9,0.23684210526315788
P-W3-0004,train,prototype,3,37,0,1,37,0.14313538834900003,0.6086781621621622,0.6563563243243242,0.26890663295142786,0.0610165045644636,11,0.2972972972972973
P-W3-0005,train,prototype,3,82,0,0,82,0.21735833406599997,0.6924003048780487,0.4620878414634146,0.3173480242139019,0.03948237680215611,20,0.24390243902439024
P-W3-0006,train,prototype,3,84,0,0,84,0.2497101349720001,0.6757225714285715,0.5108355952380954,0.2981593155452541,0.037733635295698266,20,0.23809523809523808
P-W3-0007,train,prototype,3,86,0,1,86,0.26332727819220997,0.689699988372093,0.44835529302325583,0.31050434361904544,0.04011998648544631,22,0.2558139534883721
P-W3-0008,train,prototype,3,41,0,2,41,0.15174848725999995,0.6203698536585365,0.6141147560975609,0.28529032433879303,0.0542384900004572,10,0.24390243902439024
P-W3-0009,train,prototype,3,42,0,0,42,0.17384157127699998,0.6003534285714286,0.6246802619047619,0.2298031769716157,0.052105952099178066,13,0.30952380952380953
P-W3-0010,train,prototype,3,31,0,0,31,0.11144527876199999,0.5994371612903227,0.728808258064516,0.19900239914148943,0.05473948338992065,11,0.3548387096774194
P-W3-0011,train,prototype,3,48,0,1,48,0.171520490915,0.6362686458333334,0.5635416249999999,0.28635997964203747,0.054331271124226116,13,0.2708333333333333
P-W3-0012,train,prototype,3,39,0,1,39,0.14518960793850005,0.6033321794871795,0.6278372051282052,0.2793074647905892,0.06207320636624057,11,0.28205128205128205
P-W3-0013,train,prototype,3,42,0,0,42,0.155408643886,0.5891059285714285,0.685835523809524,0.23005863348199185,0.05240004887085726,13,0.30952380952380953
P-W3-0014,train,prototype,3,38,0,1,38,0.1371498999425,0.5981565000000001,0.7139619210526315,0.2155661637634514,0.057545035714658764,11,0.2894736842105263
P-W3-0015,train,prototype,3,34,0,0,34,0.12066139999999997,0.5984300588235293,0.7367375294117648,0.184605449464555,0.05563819897207408,13,0.38235294117647056
P-W3-0016,train,prototype,3,38,0,1,38,0.12425453080749997,0.593942131578947,0.7437622631578946,0.19113204543495652,0.047653631929466166,13,0.34210526315789475
P-W3-0017,train,prototype,3,38,0,2,38,0.15411283734549996,0.601686052631579,0.6467957631578947,0.24664150177677777,0.05812232157343746,10,0.2631578947368421
P-W3-0018,train,prototype,3,69,0,0,69,0.17639362995799998,0.6981128840579709,0.476033275362319,0.30046902501595923,0.03713780017195075,13,0.18840579710144928
P-W3-0019,train,prototype,3,74,0,0,74,0.20126646867200002,0.7123592702702701,0.5372560135135135,0.30117536745421847,0.03891834773459897,13,0.17567567567567569
P-W3-0020,train,prototype,3,64,0,0,64,0.177246440105,0.6528035468749999,0.4931495937500001,0.2908495727929887,0.041700834818309745,17,0.265625
P-W3-0021,train,prototype,3,72,0,0,72,0.19336434197600003,0.6927589861111111,0.5277070833333333,0.29922712055459755,0.03922270365374327,18,0.25
P-W3-0022,train,prototype,3,76,0,0,76,0.19736267054400003,0.7083333421052632,0.5190607105263155,0.29517095515361796,0.03956495927817612,14,0.18421052631578946
P-W3-0023,train,prototype,3,82,0,0,82,0.216860648322,0.6920001463414633,0.4598859512195122,0.31843545263005485,0.03970001192336105,19,0.23170731707317074
P-W3-0024,train,prototype,3,83,0,0,83,0.23897888655500002,0.6853193734939759,0.49562693975903616,0.31761449760073945,0.038337081307556475,18,0.21686746987951808
P-W3-0025,train,prototype,3,87,0,0,87,0.261902672047,0.6870958965517245,0.4572637126436782,0.3125849280059812,0.039795951527506986,19,0.21839080459770116
P-W3-0026,train,prototype,3,31,0,0,31,0.11135712303199997,0.5991937741935484,0.728419935483871,0.19899948179664173,0.05473303280198666,11,0.3548387096774194
P-W3-0027,train,prototype,3,41,0,2,41,0.15116215735999997,0.6202872682926829,0.6142954146341463,0.285498759514626,0.054414197974287704,10,0.24390243902439024
P-W3-0028,train,prototype,3,43,0,0,43,0.17493994191699996,0.6011024883720929,0.6319229069767441,0.2337368618966871,0.05211219754774146,13,0.3023255813953488
P-W3-0029,train,prototype,3,70,0,1,70,0.19441705706,0.6727492428571432,0.5085647571428573,0.28837637609440064,0.04117553752911163,13,0.18571428571428572
P-W3-0030,train,prototype,3,70,0,0,70,0.19682855572999997,0.6717447999999999,0.5155621857142857,0.28610887882142716,0.04095328837324153,16,0.22857142857142856
P-W3-0031,train,prototype,3,74,0,0,74,0.20673906647399998,0.6982826486486486,0.44140395945945937,0.2727055570485477,0.040195577342337474,19,0.25675675675675674
P-W3-0032,train,prototype,3,72,0,0,72,0.198453194966,0.7009801388888888,0.41978522222222225,0.28457865259208354,0.04333327689727814,17,0.2361111111111111
P-W3-0033,train,prototype,3,84,0,0,84,0.22068933236799995,0.699395476190476,0.4410328095238095,0.31106812394768485,0.037149816636579576,18,0.21428571428571427
P-W3-0034,train,prototype,3,77,0,0,77,0.23682112488400003,0.689789597402597,0.45764189610389605,0.30211995433158767,0.04110638583478011,17,0.22077922077922077
P-W3-0035,train,prototype,3,89,0,0,89,0.25151420677200004,0.6934924382022473,0.46988658426966273,0.32271436353665933,0.03730383073781025,18,0.20224719101123595
P-W3-0036,train,prototype,3,78,0,0,78,0.24584064824499993,0.6840244615384616,0.49836774358974356,0.3141247909816003,0.04361626890999445,18,0.23076923076923078
P-W3-0037,train,prototype,3,80,0,0,80,0.259883703549,0.6937011750000002,0.5050057625,0.3121621333381108,0.04212648754849626,17,0.2125
P-W3-0038,train,prototype,3,86,0,0,86,0.21302283319899998,0.6787427674418606,0.43837752325581375,0.2979471013586293,0.041532526088139815,17,0.19767441860465115
P-W3-0039,train,prototype,3,82,0,0,82,0.20545609627600003,0.686080390243902,0.4497967195121949,0.29462671561589676,0.03703434408698126,17,0.2073170731707317
P-W3-0040,train,prototype,3,80,0,0,80,0.18327553529045,0.6993658875000001,0.4574238725,0.28207783264763836,0.03705274762437366,15,0.1875
P-W3-0041,train,prototype,3,84,0,0,84,0.239840627393,0.6892639999999999,0.48289236904761906,0.3131928841732846,0.03803549017097168,18,0.21428571428571427
P-W4-0001,train,prototype,4,58,0,2,58,0.22353460685474505,0.2998431551724138,0.473912698275862,0.31397321350597385,0.04923738763881108,12,0.20689655172413793
P-W4-0002,train,prototype,4,54,0,0,54,0.20106995251251003,0.28249331481481477,0.48781001111111116,0.2998025972826466,0.04890601448721367,12,0.2222222222222222
P-W4-0003,train,prototype,4,64,0,0,64,0.226062375733,0.32068684375000006,0.4383391406250001,0.3115978969417199,0.04593785732630159,17,0.265625
P-W4-0004,train,prototype,4,48,0,0,48,0.162661281984,0.27297093749999995,0.4583430208333334,0.31743866891580386,0.04471460230255512,12,0.25
P-W4-0005,train,prototype,4,60,0,0,60,0.232856940066,0.3279472333333333,0.4700154833333334,0.30621695308739616,0.04752926087307552,14,0.23333333333333334
P-W4-0006,train,prototype,4,46,0,0,46,0.156397907792,0.26918058695652164,0.43375606521739124,0.3002619552574036,0.04243397746945362,10,0.21739130434782608
P-W4-0007,train,prototype,4,42,0,0,42,0.15934927359200005,0.6215402142857143,0.5579915952380953,0.3034025113170696,0.05318002491913546,10,0.23809523809523808
P-W4-0008,train,prototype,4,28,0,0,28,0.09451379039300001,0.6783203214285715,0.5342096428571428,0.31811089664693837,0.0454102928526547,8,0.2857142857142857
P-W4-0009,train,prototype,4,38,0,0,38,0.15369048246400002,0.6383703684210527,0.5461988421052634,0.2869070098012638,0.057539442884657024,9,0.23684210526315788
P-W4-0010,train,prototype,4,34,0,1,34,0.133694410176,0.6239278235294117,0.6732570588235296,0.23876360481858494,0.06181328666444895,10,0.29411764705882354
P-W4-0011,train,prototype,4,30,0,1,30,0.11542496697549996,0.5908332,0.6584721666666666,0.26824865112149004,0.05709847918112854,9,0.3
P-W4-0012,train,prototype,4,31,0,1,31,0.12066755079100001,0.5772936129032259,0.7716547741935484,0.18593579150503978,0.054745093545830674,13,0.41935483870967744
P-W4-0013,train,prototype,4,41,0,0,41,0.18364870509300005,0.620179024390244,0.5468608780487804,0.282872446219802,0.0572415292418127,8,0.1951219512195122
P-W4-0014,train,prototype,4,41,0,1,41,0.18545555532399996,0.616622463414634,0.5120709512195126,0.2936916690015725,0.055025008023556005,8,0.1951219512195122
P-W4-0015,train,prototype,4,29,0,0,29,0.11686743589899999,0.6580998965517242,0.4824393103448276,0.31734642549715925,0.06056567393430499,8,0.27586206896551724
P-W4-0016,train,prototype,4,49,0,1,49,0.22981331339699995,0.6027903877551023,0.5071712448979593,0.2896169075743903,0.04858437329650386,11,0.22448979591836735
P-W4-0017,train,prototype,4,49,0,0,49,0.220076258238,0.6197015102040816,0.5239512857142857,0.2913048402716977,0.055000094734980486,11,0.22448979591836735
P-W4-0018,train,prototype,4,40,0,1,40,0.17555318568649997,0.6510611249999998,0.486655075,0.29059798651888274,0.04993471730466248,10,0.25
P-W4-0019,train,prototype,4,44,0,1,44,0.20030798126899999,0.6322738863636364,0.5337226818181819,0.2964264186248794,0.05544215559487402,10,0.22727272727272727
P-W4-0020,train,prototype,4,36,0,1,36,0.18533846886549998,0.6312790555555556,0.5868056111111111,0.29175713880395093,0.059091366692273516,9,0.25
P-W4-0021,train,prototype,4,47,0,0,47,0.19413042239500003,0.27157599999999993,0.6108254893617022,0.267000869719587,0.05018944233545703,9,0.19148936170212766
P-W4-0022,train,prototype,4,44,0,1,44,0.18570174348850002,0.2821554772727272,0.6263783181818183,0.25787297017279487,0.05257592062716205,10,0.22727272727272727
P-W4-0023,train,prototype,4,47,0,0,47,0.17917429211,0.2721799787234042,0.6603920425531916,0.2299772745469899,0.04890462923595703,11,0.23404255319148937
P-W4-0024,train,prototype,4,46,0,2,46,0.19329907663049997,0.2716034565217391,0.6210547826086958,0.2625932070422283,0.04905384499111816,10,0.21739130434782608
P-W4-0025,train,prototype,4,40,0,1,40,0.13357155074299998,0.22930357499999995,0.6727893000000001,0.23522718758182348,0.04527770615951564,10,0.25
P-W4-0026,train,prototype,4,49,0,0,49,0.21270104429099998,0.2819461428571429,0.6111016122448981,0.26771214244665903,0.05096848774362479,10,0.20408163265306123
P-W4-0027,train,prototype,4,58,0,1,58,0.23690475158200003,0.27124660344827584,0.5819364999999999,0.25873020970662497,0.04868765776488635,10,0.1724137931034483
P-W4-0028,train,prototype,4,51,0,0,51,0.213176144078,0.27906474509803925,0.5846405686274512,0.28119951705374374,0.05058635629351257,9,0.17647058823529413
P-W4-0029,train,prototype,4,49,0,0,49,0.21153295158200003,0.2588596326530613,0.5865740408163264,0.267825540087211,0.05263320358555977,9,0.1836734693877551
P-W4-0030,train,prototype,4,46,0,0,46,0.19720189016199996,0.5903817608695651,0.5449577826086958,0.2819252706093136,0.05462455521291528,9,0.1956521739130435
P-W4-0031,train,prototype,4,32,0,1,32,0.13914788576399995,0.6435628124999999,0.4379050937499999,0.2800679936642392,0.057174238151183575,9,0.28125
P-W4-0032,train,prototype,4,54,0,1,54,0.18760079045099998,0.2780381851851852,0.595558962962963,0.26183181635694913,0.04855052543530122,11,0.2037037037037037
P-W4-0033,train,prototype,4,45,0,1,45,0.16542585579750002,0.2798033777777778,0.6413992444444443,0.2529219980079449,0.05309353505316102,10,0.2222222222222222
P-W4-0034,train,prototype,4,48,0,0,48,0.17383129693199997,0.2702314166666666,0.5752894583333333,0.28128539274757586,0.049812020800234606,9,0.1875
P-W4-0035,train,prototype,4,52,0,0,52,0.22949852538700002,0.6110879423076923,0.5602208076923079,0.2714579353387961,0.05326491882524842,11,0.21153846153846154
P-W4-0036,train,prototype,4,53,0,0,53,0.21085353194399997,0.616033037735849,0.6036775471698113,0.26856155587566805,0.04934945574762279,12,0.22641509433962265
P-W4-0037,train,prototype,4,53,0,0,53,0.21235604656599996,0.6166177169811321,0.579603396226415,0.2734017573250804,0.05071683021312095,13,0.24528301886792453
P-W4-0038,train,prototype,4,53,0,0,53,0.169393653299,0.22641022641509426,0.4672343962264151,0.2813322729190038,0.04513089728628754,15,0.2830188679245283
P-W4-0039,train,prototype,4,49,0,0,49,0.216490899498,0.2726828367346938,0.5619330612244897,0.27399242882953606,0.05131021193222727,9,0.1836734693877551
P-W4-0040,train,prototype,4,48,0,2,48,0.1978138887725,0.24889324999999995,0.6429687499999999,0.25097828629734087,0.043933335187473034,11,0.22916666666666666
P-W4-0041,train,prototype,4,44,0,0,44,0.18134730310599997,0.2567412045454545,0.6809343863636362,0.22501305270581684,0.05026076042759089,10,0.22727272727272727
P-W4-0042,train,prototype,4,47,0,0,47,0.20790426138100002,0.27709440425531917,0.5749802340425532,0.2791512157220544,0.05530741075463027,9,0.19148936170212766
P-W4-0043,train,prototype,4,60,0,0,60,0.215503380922,0.29992178333333336,0.4899845666666665,0.29944164355170877,0.05070703527175393,12,0.2
P-W4-0044,train,prototype,4,56,0,0,56,0.23366884971000002,0.3175130357142858,0.48553241071428577,0.3027631905445327,0.05003882524009641,12,0.21428571428571427
P-W4-0045,train,prototype,4,57,0,0,57,0.23136192004300002,0.29823182456140346,0.44857861403508775,0.27685911387676454,0.04953463190082528,11,0.19298245614035087
P-W4-0046,train,prototype,4,51,0,0,51,0.22752169494600008,0.6071282549019609,0.5641249215686274,0.27394089352808954,0.05299387158037637,11,0.21568627450980393
P-W4-0047,train,prototype,4,48,0,0,48,0.18144991404299998,0.677620375,0.47384262500000013,0.30814212746591263,0.0527503747415179,11,0.22916666666666666
P-W4-0048,train,prototype,4,62,0,0,62,0.241503540721,0.3106518870967741,0.4840277096774194,0.2994165673948788,0.04880727441905842,13,0.20967741935483872
P-W4-0049,train,prototype,4,74,0,0,74,0.252908265201,0.3063169324324325,0.4808684459459458,0.3090242897835087,0.04314977149367628,16,0.21621621621621623
P-W4-0050,train,prototype,4,57,0,0,57,0.237382516782,0.31665756140350876,0.45382550877192995,0.2971334234622401,0.047872838344319366,12,0.21052631578947367
P-W4-0051,train,prototype,4,62,0,0,62,0.25471414465700004,0.30568296774193554,0.49498204838709664,0.30018343576421114,0.04387589317746223,13,0.20967741935483872
P-W4-0052,train,prototype,4,42,0,0,42,0.160586275154,0.6212366666666667,0.5567681428571427,0.3034000098574282,0.05304479416566695,10,0.23809523809523808
P-W4-0053,train,prototype,4,28,0,0,28,0.095206082504,0.6782741071428571,0.5333829285714284,0.3182526668696776,0.045624480809551816,9,0.32142857142857145
P-W4-0054,train,prototype,4,38,0,0,38,0.15399348163600002,0.638212894736842,0.545748105263158,0.28689214610735353,0.05753968761417226,9,0.23684210526315788
P-W4-0055,train,prototype,4,48,0,0,48,0.20276183940999998,0.5913631249999999,0.5453993541666668,0.2764634035033024,0.05555211665464577,9,0.1875
P-W4-0056,train,prototype,4,32,0,1,32,0.13914788576399995,0.6435628124999999,0.4379050937499999,0.2800679936642392,0.057174238151183575,9,0.28125
P-W4-0057,train,prototype,4,54,0,1,54,0.18760079045099998,0.2780381851851852,0.595558962962963,0.26183181635694913,0.04855052543530122,11,0.2037037037037037
P-W4-0058,train,prototype,4,46,0,1,46,0.16632380830550003,0.278062847826087,0.6460548260869564,0.2523786634381716,0.05198490746183521,10,0.21739130434782608
P-W4-0059,train,prototype,4,48,0,0,48,0.17473902000399996,0.2699059166666667,0.5741128541666666,0.2814710046172476,0.049515256318973015,9,0.1875
P-W4-0060,train,prototype,4,52,0,0,52,0.22951540185300004,0.6111430192307692,0.560211903846154,0.2714167497904957,0.05330004561642462,11,0.21153846153846154
P-W4-0061,train,prototype,4,54,0,0,54,0.21428522702499997,0.6140675185185186,0.6013803518518519,0.26692851465693807,0.048508159725308794,12,0.2222222222222222
P-W4-0062,train,prototype,4,53,0,0,53,0.21260541165099994,0.6166029811320755,0.5796645471698113,0.2733926169577756,0.05078353544416644,13,0.24528301886792453
P-W4-0063,train,prototype,4,48,0,1,48,0.17562487426750004,0.6086859791666667,0.54436725,0.291962342702216,0.052146543595944526,9,0.1875
P-W4-0064,train,prototype,4,58,0,1,58,0.20159744711600006,0.5928610172413794,0.5036638620689653,0.28570629484000665,0.0482554918799361,11,0.1896551724137931
P-W4-0065,train,prototype,4,29,0,1,29,0.11950943275450002,0.5699443448275863,0.7556034482758619,0.20281305740166525,0.047461003493109326,10,0.3448275862068966
P-W4-0066,train,prototype,4,30,0,1,30,0.13005119390400005,0.5780381333333332,0.6656480333333334,0.2433121274030837,0.07138650925051,7,0.23333333333333334
P-W4-0067,train,prototype,4,22,0,0,22,0.08085831034,0.6794862272727274,0.5270622272727272,0.3269608491526531,0.058290367624146674,6,0.2727272727272727
P-W4-0068,train,prototype,4,24,0,0,24,0.08402038026599999,0.6780165416666667,0.5490932916666665,0.33162630709372487,0.050703418794983635,7,0.2916666666666667
P-W4-0069,train,prototype,4,45,0,3,45,0.1721807257045,0.2809895777777778,0.6297427777777777,0.256963255767424,0.049527642409778166,10,0.2222222222222222
P-W4-0070,train,prototype,4,46,0,1,46,0.1844865680265,0.27561136956521737,0.6556059565217391,0.24706572612216893,0.04703866498513386,11,0.2391304347826087
P-W4-0071,train,prototype,4,42,0,0,42,0.19331377079500003,0.27271204761904766,0.5515211666666667,0.2754360926307735,0.04787542113164355,8,0.19047619047619047
P-W4-0072,train,prototype,4,47,0,2,47,0.186499587578,0.25020497872340425,0.5588554680851063,0.276979870320151,0.04691134339651214,10,0.2127659574468085
P-W4-0073,train,prototype,4,46,0,0,46,0.17442594072200002,0.26371717391304345,0.5993559130434785,0.273967772830653,0.050226216484230146,10,0.21739130434782608
P-W4-0074,train,prototype,4,47,0,0,47,0.16036599334499999,0.25355717021276597,0.6313238936170212,0.2643234850989874,0.0487660637174559,11,0.23404255319148937
P-W4-0075,train,prototype,4,42,0,3,42,0.17505002047600002,0.24516990476190464,0.6527006428571428,0.2551898812952007,0.048851952559156434,12,0.2857142857142857
P-W4-0076,train,prototype,4,50,0,2,50,0.20851130315400007,0.27396358000000004,0.5685556,0.2761670594481601,0.050586446064285875,9,0.18
P-W4-0077,train,prototype,4,50,0,1,50,0.216194114332,0.28381254,0.5787499600000001,0.28196641744386297,0.05197272302310234,10,0.2
P-W4-0078,train,prototype,4,51,0,2,51,0.21079151863550002,0.2849111372549019,0.5928104705882352,0.27490887948450554,0.05105274249854148,9,0.17647058823529413
P-W4-0079,train,prototype,4,49,0,0,49,0.21407424074099998,0.2805007346938775,0.5761149387755102,0.27602448001944957,0.051077014370614085,9,0.1836734693877551
P-W4-0080,train,prototype,4,48,0,0,48,0.215803608932,0.2772027291666667,0.5853491875000001,0.2887363411432793,0.048869172276839574,9,0.1875
P-W4-0081,train,prototype,4,48,0,2,48,0.20976845680000003,0.27483179166666677,0.5669849375000001,0.27253716359986,0.05184073959607486,8,0.16666666666666666
P-W5-0001,train,prototype,5,58,0,0,58,0.303637010185,0.34236725862068973,0.44204187931034494,0.2960428162904724,0.057175088458029225,16,0.27586206896551724
P-W5-0002,train,prototype,5,55,0,0,55,0.25408135682899996,0.3005067454545455,0.4966583454545455,0.2854569210162056,0.05075462946205688,10,0.18181818181818182
P-W5-0003,train,prototype,5,48,0,1,48,0.204770746914,0.2395453750000001,0.5703414166666668,0.28621210803902775,0.04443781626765909,10,0.20833333333333334
P-W5-0004,train,prototype,5,47,0,1,47,0.21899671454500005,0.24115142553191488,0.5733746808510638,0.2758342454087353,0.04906216752501144,9,0.19148936170212766
P-W5-0005,train,prototype,5,58,0,0,58,0.290485894502,0.3309851206896552,0.42507187931034485,0.2913681772292607,0.05180596971820212,14,0.2413793103448276
P-W5-0006,train,prototype,5,62,0,0,62,0.31879664592999996,0.33537887096774194,0.44250300000000004,0.28916277517942596,0.05186863003661404,16,0.25806451612903225
P-W5-0007,train,prototype,5,62,0,0,62,0.25757980083676,0.3121095967741935,0.4218566451612904,0.2856940970201438,0.04844065938787709,15,0.24193548387096775
P-W5-0008,train,prototype,5,58,0,0,58,0.25859388425900004,0.310582775862069,0.48992656896551734,0.3152284507592459,0.04994729630430015,13,0.22413793103448276
P-W5-0009,train,prototype,5,49,0,0,49,0.255844577199,0.33279130612244895,0.41073318367346945,0.2867886325966357,0.052335620603498646,13,0.2653061224489796
P-W5-0010,train,prototype,5,52,0,0,52,0.278283189853,0.3239384423076922,0.44597582692307686,0.287147591732031,0.05221352294049274,14,0.2692307692307692
P-W5-0011,train,prototype,5,54,0,0,54,0.25492013252299994,0.3331741851851852,0.44828531481481493,0.29805316920176916,0.05261630151817404,13,0.24074074074074073
P-W5-0012,train,prototype,5,49,0,0,49,0.22517151468,0.2488201836734693,0.5641061428571428,0.27265219275425046,0.04982738229081854,9,0.1836734693877551
P-W5-0013,train,prototype,5,48,0,1,48,0.22673629399149994,0.25041772916666666,0.5414448749999999,0.2790484340840586,0.049834590998293495,7,0.14583333333333334
P-W5-0014,train,prototype,5,51,0,0,51,0.205303938889,0.24202407843137255,0.5575163529411764,0.2817411593824087,0.04594061660825335,11,0.21568627450980393
P-W5-0015,train,prototype,5,54,0,1,54,0.22709376569249998,0.2498408518518519,0.541349425925926,0.27793152280306377,0.04763610078692802,10,0.18518518518518517
P-W5-0016,train,prototype,5,56,0,0,56,0.214242239275,0.24215960714285717,0.5478670892857144,0.2930908528772603,0.043198890380088804,11,0.19642857142857142
P-W5-0017,train,prototype,5,49,0,0,49,0.20244642916600003,0.24050808163265305,0.5377456122448979,0.27614299789632457,0.04637127898814414,9,0.1836734693877551
P-W5-0018,train,prototype,5,49,0,0,49,0.23383889251499998,0.2607461836734694,0.5879346530612245,0.2968138175485155,0.04671209827990244,9,0.1836734693877551
P-W5-0019,train,prototype,5,54,0,1,54,0.27213322854149996,0.24850020370370374,0.5295610555555554,0.28901181914796265,0.04550648135940248,12,0.2222222222222222
P-W5-0020,train,prototype,5,49,0,0,49,0.253200280536,0.26135204081632646,0.5033918979591837,0.25895889879860845,0.04538552194870022,8,0.16326530612244897
P-W5-0021,train,prototype,5,52,0,0,52,0.22419739494700003,0.3167818461538462,0.40802178846153847,0.2910273265686258,0.04912754067923463,17,0.3269230769230769
P-W5-0022,train,prototype,5,55,0,0,55,0.254326724498,0.30043589090909095,0.4963217090909091,0.2852918987516499,0.05081416624158499,10,0.18181818181818182
P-W5-0023,train,prototype,5,46,0,1,46,0.2556492067035,0.2762625434782608,0.5899456521739133,0.2821909950037635,0.0537332081799554,9,0.1956521739130435
P-W6-0001,train,prototype,6,5,0,0,5,0.04980141252099998,0.514527,0.36829239999999996,0.13509610961326754,0.09205330465352332,3,0.6
P-W6-0002,train,prototype,6,54,0,0,54,0.312885408526,0.3088300740740741,0.46894718518518524,0.29654733481376194,0.05296472372000137,12,0.2222222222222222
P-W6-0003,train,prototype,6,60,0,0,60,0.27860035783099996,0.2614715833333333,0.5472916999999999,0.2750549739427006,0.04635258942674211,11,0.18333333333333332
P-W6-0004,train,prototype,6,55,0,1,55,0.2419790433545,0.27665741818181816,0.5303452181818181,0.3013613366578932,0.04662109439943948,9,0.16363636363636364
P-W6-0005,train,prototype,6,5,0,0,5,0.053795340490000024,0.51125,0.3788888,0.1304685792218188,0.08606874568329932,3,0.6
P-W6-0006,train,prototype,6,52,0,0,52,0.29855532756700004,0.32978765384615377,0.48242517307692306,0.30772607671412805,0.055110420293865404,12,0.23076923076923078
P-W6-0007,train,prototype,6,44,0,0,44,0.25799864012299994,0.32866952272727273,0.4489793409090909,0.2781207374636739,0.05871266130986197,10,0.22727272727272727
P-W6-0008,train,prototype,6,43,0,0,43,0.23738061410000003,0.3180717441860466,0.45057062790697683,0.26581475816642536,0.05976834595433063,10,0.23255813953488372
P-W6-0009,train,prototype,6,44,0,0,44,0.260229222704,0.3207918863636363,0.4248948181818184,0.27874705690272555,0.06236979105354874,10,0.22727272727272727
P-W6-0010,train,prototype,6,20,0,0,20,0.15448982029299999,0.4005338500000001,0.3530555999999999,0.2520275964853204,0.08930431685838013,4,0.2
P-W6-0011,train,prototype,6,51,0,0,51,0.29137106529799994,0.3120047647058823,0.49287396078431367,0.28201905787712983,0.05990935923156304,10,0.19607843137254902
P-W6-0012,train,prototype,6,5,0,0,5,0.053795340490000024,0.51125,0.3788888,0.1304685792218188,0.08606874568329932,3,0.6
P-W6-0013,train,prototype,6,57,0,0,57,0.315546367091,0.33587363157894745,0.4557585964912281,0.2873525103830761,0.05254313622399145,13,0.22807017543859648
P-W6-0014,train,prototype,6,23,0,0,23,0.16828906838299998,0.3736868260869565,0.3862118695652174,0.245932265092215,0.08346771142344324,7,0.30434782608695654
P-W6-0015,train,prototype,6,47,0,0,47,0.25385616386899995,0.2741135319148936,0.5650512127659574,0.27749862705459,0.051023885753677785,9,0.19148936170212766
P-W6-0016,train,prototype,6,52,0,0,52,0.24525098453,0.28750498076923087,0.4213497692307694,0.2864839624040669,0.05287162849863148,13,0.25
P-W6-0017,train,prototype,6,49,0,0,49,0.23211992150799995,0.2692920816326531,0.40719004081632654,0.27251295599605163,0.04661541899691421,10,0.20408163265306123
P-W6-0018,train,prototype,6,41,0,0,41,0.18863335846899998,0.2607470243902439,0.42807139024390245,0.2871116706577277,0.05042724895099754,8,0.1951219512195122
P-W6-0019,train,prototype,6,54,0,3,54,0.25715070259449996,0.2685715740740741,0.5766804444444443,0.2811699085843705,0.050111755932460145,10,0.18518518518518517
P-W6-0020,train,prototype,6,46,0,2,46,0.243779167737,0.2763134347826086,0.5703402173913045,0.2728907826541413,0.05401965353389055,9,0.1956521739130435
P-W6-0021,train,prototype,6,51,0,1,51,0.2432279895835,0.2877144705882353,0.5126271176470589,0.2848829977305096,0.05002604065845851,11,0.21568627450980393
P-W6-0022,train,prototype,6,49,0,0,49,0.296292294464,0.33337053061224475,0.42820293877551047,0.2690193916917978,0.056743548252811166,12,0.24489795918367346
P-W6-0023,train,prototype,6,42,0,0,42,0.207146346663,0.3098400714285714,0.41212516666666665,0.2535429077417816,0.0576253518040146,9,0.21428571428571427
P-W6-0024,train,prototype,6,39,0,0,39,0.25237395034700005,0.3176549230769231,0.43641976923076936,0.2774762211061075,0.06390710443764332,9,0.23076923076923078
P-W6-0025,train,prototype,6,43,0,0,43,0.24365348533899997,0.3090419069767442,0.4485142790697673,0.2581396517407655,0.05969561705817911,9,0.20930232558139536
C-W1-V0001,val,commercial,1,395,0,0,395,0.26183374444300017,0.5883768379746839,0.3342217316455697,0.32367343612902116,0.026450669727163846,67,0.16962025316455695
C-W1-V0002,val,commercial,1,378,0,1,378,0.26620446021499994,0.5078485079365079,0.4153084470899472,0.38571797450970247,0.02578282256246302,40,0.10582010582010581
C-W1-V0003,val,commercial,1,125,0,1,125,0.07796065978100003,0.46583957600000003,0.45450744800000015,0.4407149917606292,0.045857273617738586,17,0.136
C-W1-V0004,val,commercial,1,152,0,2,152,0.08290230448449995,0.5814144736842105,0.45364587500000025,0.4606910356300325,0.03977455745317969,21,0.13815789473684212
C-W1-V0005,val,commercial,1,128,0,1,128,0.06820425227550003,0.3442426406249998,0.5770472265625002,0.4448078924750645,0.035736253679369466,23,0.1796875
C-W1-V0006,val,commercial,1,149,0,1,149,0.08495277064050002,0.24600985906040257,0.46201836241610744,0.41513854831434294,0.03280158586582209,34,0.22818791946308725
C-W1-V0007,val,commercial,1,129,0,3,129,0.06594824101050004,0.5886405736434112,0.4401521550387597,0.4812183278335341,0.03469038792635559,32,0.24806201550387597
C-W1-V0008,val,commercial,1,50,0,0,50,0.031565027391999984,0.3747397999999999,0.50181478,0.4765612239453935,0.04235320117742223,10,0.2
C-W1-V0009,val,commercial,1,33,0,0,33,0.01836374594899999,0.41770033333333334,0.2925504848484849,0.4622610737753359,0.06463474814842814,8,0.24242424242424243
C-W1-V0010,val,commercial,1,384,0,5,384,0.19158236638637047,0.6100345848437497,0.5086593200000002,0.45906424195082257,0.0240152293451345,54,0.140625
C-W1-V0011,val,commercial,1,444,0,6,444,0.22342424066899996,0.6485219662162164,0.6261167432432426,0.4020387011053373,0.02386493682414532,92,0.2072072072072072
C-W1-V0012,val,commercial,1,452,0,2,452,0.2933229466830001,0.4606280707964601,0.6234441526548672,0.3836150809429233,0.024696280653058827,58,0.12831858407079647
C-W1-V0013,val,commercial,1,498,0,1,498,0.30307906742000007,0.44156887148594415,0.672309622489959,0.3802925091992714,0.022920643055545375,75,0.15060240963855423
C-W1-V0014,val,commercial,1,342,0,2,342,0.18030920621299998,0.5828537836257309,0.6899867660818715,0.3906246023702276,0.02543236310839388,64,0.1871345029239766
C-W2-V0001,val,commercial,2,506,0,9,506,0.5136319231795,0.49940691699604794,0.5871158754940714,0.4080432694556142,0.025863074238556636,65,0.12845849802371542
C-W2-V0002,val,commercial,2,496,0,5,496,0.5274830717015,0.5149221854838704,0.5474154858870968,0.41044460062602617,0.02666566311025529,54,0.10887096774193548
C-W2-V0003,val,commercial,2,566,0,4,566,0.575763916835,0.525865181978799,0.5080814328621907,0.42745373530447855,0.025783127922948748,56,0.0989399293286219
C-W2-V0004,val,commercial,2,326,0,1,326,0.38515614756949995,0.44695809815950893,0.5496904110429447,0.41303938982988325,0.03173710829882928,40,0.12269938650306748
C-W2-V0005,val,commercial,2,324,0,2,324,0.3993327873575,0.395708138888889,0.5025677654320985,0.3876243050911194,0.03134363990136481,37,0.11419753086419752
C-W2-V0006,val,commercial,2,296,0,1,296,0.3412509466045,0.5208899256756748,0.46701396621621627,0.45325592729387126,0.03313742620563255,38,0.12837837837837837
C-W2-V0007,val,commercial,2,571,0,2,571,0.561679625715,0.5197995954465853,0.5102379246935204,0.4228266504645581,0.025463917047347677,59,0.10332749562171628
C-W2-V0008,val,commercial,2,501,0,2,501,0.542831856364,0.4772452754491021,0.5590772774451095,0.41100081555575757,0.02665320479350421,54,0.10778443113772455
C-W2-V0009,val,commercial,2,361,0,1,361,0.3906658048615,0.5400147036011077,0.5901905678670363,0.4153860014720943,0.02989393484902357,40,0.11080332409972299
C-W2-V0010,val,commercial,2,296,0,5,296,0.3868914784924999,0.540780929054054,0.5033314729729731,0.4219132206911159,0.03327879173353103,30,0.10135135135135136
C-W2-V0011,val,commercial,2,362,0,2,362,0.4547963346044999,0.504414861878453,0.48293687845303884,0.43636687895132814,0.03121169045661349,39,0.10773480662983426
C-W2-V0012,val,commercial,2,72,0,1,72,0.06620473908149997,0.36387445833333343,0.4591049444444448,0.502713661805379,0.05113085393577042,17,0.2361111111111111
C-W2-V0013,val,commercial,2,216,0,0,216,0.22511913784800003,0.5170550787037036,0.4992091527777777,0.4698621943018763,0.037144808700692436,28,0.12962962962962962
C-W2-V0014,val,commercial,2,476,0,5,476,0.604599722752,0.5268666890756298,0.48587671218487427,0.404219530920898,0.027391164341987302,58,0.12184873949579832
C-W2-V0015,val,commercial,2,212,0,4,212,0.1643779759215895,0.47802563334905623,0.3571809548113208,0.45918571894753935,0.02733644910160209,33,0.15566037735849056
C-W2-V0016,val,commercial,2,204,0,1,204,0.16446001579700006,0.4796581617647058,0.36525052450980394,0.45527350435333847,0.029965564030642232,37,0.18137254901960784
C-W2-V0017,val,commercial,2,37,0,0,37,0.031754858853,0.2118737297297297,0.15482981081081082,0.21955067084419122,0.04477081231117049,18,0.4864864864864865
C-W2-V0018,val,commercial,2,436,0,8,436,0.5007319169485,0.4014323050458715,0.5392413990825693,0.44753805105714733,0.028804527285642596,59,0.1353211009174312
C-W2-V0019,val,commercial,2,405,0,3,405,0.46946892323299994,0.4262159555555556,0.5224359950617282,0.442822259450457,0.02989703849113456,55,0.13580246913580246
C-W2-V0020,val,commercial,2,311,0,16,311,0.26728256285314045,0.37655062176848897,0.6488900172347263,0.4454436151281357,0.029004074647775005,65,0.2090032154340836
C-W2-V0021,val,commercial,2,81,0,1,81,0.065400337518,0.37873917283950603,0.7450903333333336,0.43263952306047443,0.03678954093612289,26,0.32098765432098764
C-W2-V0022,val,commercial,2,63,0,1,63,0.051080596932,0.444874507936508,0.8073191746031743,0.38352730449448674,0.034659173886155865,18,0.2857142857142857
C-W2-V0023,val,commercial,2,314,0,19,314,0.25901474428451954,0.44473630283439514,0.5043161879936305,0.5095328630161273,0.02626195371443304,53,0.16878980891719744
C-W2-V0024,val,commercial,2,114,0,1,114,0.07911841451500004,0.3559781403508772,0.578037736842105,0.4961489300818174,0.0367891896411576,30,0.2631578947368421
C-W2-V0025,val,commercial,2,89,0,4,89,0.07922873075699997,0.5634684943820224,0.44301398876404485,0.5128832264924612,0.03924507841907992,29,0.3258426966292135
C-W2-V0026,val,commercial,2,369,0,2,369,0.42601580895200003,0.4714847181571814,0.5436101436314366,0.4130268732469433,0.030865767332248613,49,0.13279132791327913
C-W2-V0027,val,commercial,2,260,0,0,260,0.33134809106799995,0.43636218846153857,0.429426603846154,0.42906454435952407,0.03316267498439148,41,0.1576923076923077
C-W2-V0028,val,commercial,2,254,0,1,254,0.275806506559,0.48631067322834653,0.4627077559055119,0.44521632373597814,0.032900530922146065,33,0.12992125984251968
C-W2-V0029,val,commercial,2,186,0,1,186,0.14857830379999998,0.3212589784946237,0.47125400537634393,0.4420086709635721,0.03407237058729673,32,0.17204301075268819
C-W2-V0030,val,commercial,2,77,0,0,77,0.05370325540000002,0.19298903896103892,0.4163419870129871,0.39436693319872773,0.03452949216276099,24,0.3116883116883117
C-W2-V0031,val,commercial,2,142,0,1,142,0.1523130569645,0.31010851408450696,0.4092364084507041,0.431723019487764,0.039075628789032285,28,0.19718309859154928
C-W2-V0032,val,commercial,2,197,0,0,197,0.224570665161,0.3675893756345177,0.44180295939086284,0.42423969905311737,0.039254224454771565,29,0.14720812182741116
C-W2-V0033,val,commercial,2,285,0,1,285,0.30080177833700006,0.546651136842105,0.4450032807017544,0.4677447206689729,0.03248734633887233,44,0.1543859649122807
C-W2-V0034,val,commercial,2,318,0,1,318,0.435585456463,0.5310755628930817,0.4336055754716979,0.41167772901858457,0.033718395828848,36,0.11320754716981132
C-W2-V0035,val,commercial,2,46,0,0,46,0.03642315852400002,0.44902628260869565,0.5594303913043478,0.5299920010309073,0.049145777890003885,12,0.2608695652173913
C-W2-V0036,val,commercial,2,489,0,7,489,0.515282626490051,0.545927932617587,0.5021846137423311,0.42709482395863746,0.025974590072523677,60,0.12269938650306748
C-W2-V0037,val,commercial,2,304,0,5,304,0.2864492930685001,0.5507642796052631,0.6889025986842107,0.4028569050233115,0.02936607135694966,46,0.1513157894736842
C-W2-V0038,val,commercial,2,396,0,4,396,0.44172152231850004,0.5380618232323235,0.5476150505050501,0.41769456873555755,0.030385368593337257,48,0.12121212121212122
C-W2-V0039,val,commercial,2,374,0,4,374,0.42625724753899996,0.5352817727272727,0.5517553582887705,0.4083418430722943,0.030122183238753934,44,0.11764705882352941
C-W2-V0040,val,commercial,2,330,0,4,330,0.412060707619,0.41989445151515153,0.5259161545454548,0.4130296557887707,0.030901509233142443,41,0.12424242424242424
C-W2-V0041,val,commercial,2,333,0,2,333,0.3818702907575,0.44147678678678665,0.5484901891891888,0.4113985425363973,0.030989971205074986,42,0.12612612612612611
C-W2-V0042,val,commercial,2,594,0,5,594,0.6537107496369999,0.5038441919191923,0.5241356818181818,0.4183929914463706,0.024867826369910685,58,0.09764309764309764
C-W2-V0043,val,commercial,2,375,0,3,375,0.36668841542200004,0.4063909839999999,0.45540371733333285,0.4613471661912576,0.027754934577844465,65,0.17333333333333334
C-W2-V0044,val,commercial,2,202,0,1,202,0.20626752621599992,0.5867277821782177,0.4156765594059408,0.44546768762774136,0.03529751030198704,35,0.17326732673267325
C-W2-V0045,val,commercial,2,202,0,2,202,0.2145953592105,0.5802018613861387,0.4155573762376234,0.45172177801231983,0.034492265584319275,31,0.15346534653465346
C-W2-V0046,val,commercial,2,170,0,0,170,0.18378662173899998,0.5792861529411769,0.3910566588235293,0.4534024507023744,0.03752041401832065,35,0.20588235294117646
C-W2-V0047,val,commercial,2,190,0,0,190,0.16036234586999998,0.6258840684210526,0.29408383157894735,0.40213267683785997,0.03234336222473383,45,0.23684210526315788
C-W2-V0048,val,commercial,2,198,0,1,198,0.17782993987200002,0.5271951414141411,0.2961068888888888,0.42584891367591576,0.033147987485581974,39,0.19696969696969696
C-W2-V0049,val,commercial,2,231,0,0,231,0.23919657328399993,0.5805115844155844,0.3207231168831169,0.4020665312247671,0.031825290046854304,41,0.1774891774891775
C-W2-V0050,val,commercial,2,200,0,1,200,0.199037831511,0.5896432200000001,0.3863842900000001,0.42314483682758974,0.036057130851272295,36,0.18
C-W2-V0051,val,commercial,2,117,0,1,117,0.12371328092099997,0.5498442051282054,0.41479503418803426,0.4697013749835933,0.048173134433491915,22,0.18803418803418803
C-W2-V0052,val,commercial,2,335,0,1,335,0.4103736348655,0.5228957074626865,0.42781648059701477,0.4163761483064804,0.032644207738806885,41,0.12238805970149254
C-W2-V0053,val,commercial,2,329,0,1,329,0.41871501759349994,0.5165431732522795,0.43427615805471115,0.4024765784690668,0.03219278337369884,44,0.1337386018237082
C-W2-V0054,val,commercial,2,325,0,1,325,0.40270776149699994,0.5409583292307693,0.4482763784615385,0.3975758585974843,0.03371955152950221,45,0.13846153846153847
C-W2-V0055,val,commercial,2,322,0,2,322,0.3312890866505,0.5298144720496898,0.48416289751552777,0.45119388523371823,0.029356871090654685,35,0.10869565217391304
C-W2-V0056,val,commercial,2,486,0,1,486,0.5040031877495,0.5290321810699592,0.5446197037037034,0.4185094334546175,0.026545356671562197,53,0.10905349794238683
C-W2-V0057,val,commercial,2,536,0,3,536,0.5650570424464999,0.5352918115671644,0.5310176604477617,0.41197428720350965,0.02588273089693749,55,0.10261194029850747
C-W2-V0058,val,commercial,2,405,0,1,405,0.4592382260805,0.48810122716049337,0.5301223086419752,0.42147384280844447,0.027848323708887793,52,0.12839506172839507
C-W2-V0059,val,commercial,2,391,0,1,391,0.4292687884665,0.5395233580562658,0.4876184168797951,0.45469325558582924,0.029119584297166722,46,0.11764705882352941
C-W2-V0060,val,commercial,2,518,0,1,518,0.5835200780069999,0.5369455501930503,0.5310882741312749,0.4134035351033847,0.02720198667097214,55,0.10617760617760617
C-W2-V0061,val,commercial,2,549,0,3,549,0.5858012305395,0.5432016976320582,0.5409060182149362,0.4222578983394685,0.025750566004464896,66,0.12021857923497267
C-W3-V0001,val,commercial,3,253,0,1,253,0.5277556982935,0.6067896679841898,0.4997786640316205,0.4027892859099262,0.03720722987472523,32,0.12648221343873517
C-W3-V0002,val,commercial,3,255,0,0,255,0.519120257078,0.6019148431372549,0.5092610666666664,0.40749172551094653,0.03894616033115857,34,0.13333333333333333
C-W3-V0003,val,commercial,3,259,0,9,259,0.537327535904366,0.6252600533976833,0.4950798214671815,0.3961021108087573,0.036241409508803724,39,0.15057915057915058
C-W3-V0004,val,commercial,3,243,0,5,243,0.51806556870769,0.6006080214403293,0.4966329024691358,0.39822443093785437,0.037975409770772336,30,0.12345679012345678
C-W3-V0005,val,commercial,3,299,0,3,299,0.5029293887755,0.39442847491638805,0.4925492073578597,0.4596158035622283,0.03473112341516832,39,0.13043478260869565
C-W3-V0006,val,commercial,3,295,0,4,295,0.4761931915904999,0.3947598881355931,0.5204268677966101,0.4596014629908312,0.031815748175278026,41,0.13898305084745763
C-W3-V0007,val,commercial,3,300,0,10,300,0.4765139143872535,0.4083892249,0.47770053313333327,0.46184035956253516,0.030972131096424285,44,0.14666666666666667
C-W3-V0008,val,commercial,3,297,0,3,297,0.49648536634849993,0.39137555892255904,0.48505734680134666,0.44981471895976255,0.03261430062259173,43,0.1447811447811448
C-W3-V0009,val,commercial,3,270,0,4,270,0.469083105072,0.44608525185185194,0.5112431888888888,0.46757545203926903,0.036670691274874184,35,0.12962962962962962
C-W3-V0010,val,commercial,3,274,0,2,274,0.44801090989650005,0.4720044416058398,0.5331035875912411,0.47962055422479305,0.03602419195028648,33,0.12043795620437957
C-W3-V0011,val,commercial,3,259,0,3,259,0.3771141146705,0.3224953667953669,0.5161000347490344,0.45680959761511697,0.03289802207469401,43,0.16602316602316602
C-W3-V0012,val,commercial,3,278,0,0,278,0.40874913044,0.3460169316546764,0.5012706294964031,0.46013634197631037,0.032082724871088736,48,0.17266187050359713
C-W3-V0013,val,commercial,3,222,0,10,222,0.38057605126267846,0.4776972025225226,0.595486865720721,0.46725435057409914,0.037374485387572424,33,0.14864864864864866
C-W3-V0014,val,commercial,3,264,0,0,264,0.43942243097800004,0.4859820795454548,0.4559694545454547,0.46520316750008167,0.034345101937770406,30,0.11363636363636363
C-W3-V0015,val,commercial,3,268,0,4,268,0.445632464526,0.5094334776119405,0.5587375932835824,0.47216903681345046,0.0350424180528744,38,0.1417910447761194
C-W3-V0016,val,commercial,3,398,0,3,398,0.6551075814865001,0.4540269296482417,0.5211986758793965,0.4750512278713988,0.02898093681777542,43,0.10804020100502512
C-W3-V0017,val,commercial,3,259,0,4,259,0.46486430799850004,0.5272294247104247,0.5415380965250963,0.46483724638849466,0.03691839431437521,38,0.14671814671814673
C-W3-V0018,val,commercial,3,263,0,5,263,0.4363371119900001,0.4570672167300378,0.5226641825095056,0.477617333999819,0.03647518627783643,37,0.14068441064638784
C-W3-V0019,val,commercial,3,295,0,4,295,0.4848783560475,0.4909162745762708,0.5243863762711867,0.485007708776018,0.03401001574931815,39,0.13220338983050847
C-W3-V0020,val,commercial,3,266,0,4,266,0.4436455103790001,0.5094133646616542,0.5573848045112786,0.47235937040314935,0.03546811065501987,38,0.14285714285714285
C-W3-V0021,val,commercial,3,263,0,3,263,0.4233058843285,0.4889189201520915,0.5506249087452468,0.48748695179430984,0.0339124443888637,35,0.13307984790874525
C-W3-V0022,val,commercial,3,252,0,3,252,0.41310041750650006,0.48274348412698426,0.5259332857142859,0.48181960815314545,0.03598140482494103,30,0.11904761904761904
C-W3-V0023,val,commercial,3,394,0,3,394,0.651367207233,0.45156513451776664,0.5201624035532992,0.4738206689238112,0.029518256803724476,42,0.1065989847715736
C-W3-V0024,val,commercial,3,336,0,3,336,0.36869066798600003,0.4863609702380954,0.4597154196428574,0.4656531505978468,0.030874350715108505,34,0.10119047619047619
C-W3-V0025,val,commercial,3,450,0,7,450,0.500241596728,0.41798554000000027,0.5177499888888888,0.40690456812314857,0.028179459309424053,62,0.13777777777777778
C-W3-V0026,val,commercial,3,293,0,2,293,0.44941653005550003,0.40389309897610937,0.4961082935153581,0.46056630988577335,0.03216166651850008,42,0.14334470989761092
C-W3-V0027,val,commercial,3,319,0,7,319,0.5291038249000001,0.5573082727272726,0.47272443260188113,0.459045782400013,0.033187633535806095,40,0.12539184952978055
C-W3-V0028,val,commercial,3,145,0,6,145,0.235893013484,0.5228807241379312,0.5528958896551724,0.4914056959628565,0.046106277998556114,22,0.15172413793103448
C-W3-V0029,val,commercial,3,215,0,6,215,0.36443449285150015,0.5067504651162791,0.49872096279069744,0.48739830317799315,0.03681604642180154,27,0.12558139534883722
C-W3-V0030,val,commercial,3,147,0,0,147,0.178554069173,0.5625019319727892,0.322474238095238,0.475573713505847,0.037054856989837716,31,0.2108843537414966
C-W3-V0031,val,commercial,3,130,0,3,130,0.17973593279250002,0.4744571,0.4730234846153844,0.5006868138990846,0.045702438536455954,25,0.19230769230769232
C-W3-V0032,val,commercial,3,30,0,1,30,0.03205335872000001,0.5226824333333334,0.2577160666666667,0.5125977727516716,0.07565989733893728,10,0.3333333333333333
C-W3-V0033,val,commercial,3,251,0,5,251,0.5336790090850001,0.6017141832669328,0.4897465856573704,0.40332588050646173,0.037404613140778885,34,0.13545816733067728
C-W3-V0034,val,commercial,3,245,0,4,245,0.5226509041685,0.599927914285714,0.5023829183673469,0.4082736640330874,0.0391176288912452,30,0.12244897959183673
C-W3-V0035,val,commercial,3,183,0,1,183,0.26849355126450003,0.5324583278688526,0.28303734426229504,0.44296286843705884,0.03528359789931844,40,0.2185792349726776
C-W3-V0036,val,commercial,3,287,0,1,287,0.5391537979735,0.4755208292682929,0.46463252961672463,0.4365242223472542,0.035410433039660925,31,0.10801393728222997
C-W3-V0037,val,commercial,3,274,0,0,274,0.479118565626,0.45609127372262764,0.4201861970802919,0.44629490409216466,0.03192709376812314,36,0.13138686131386862
C-W3-V0038,val,commercial,3,340,1,2,339,0.577046854851,0.45489260766961637,0.4840694365781715,0.4588726211083081,0.03074431892982348,43,0.12684365781710916
C-W3-V0039,val,commercial,3,330,0,5,330,0.559947439228,0.42058788787878754,0.5030148787878788,0.4362488753234856,0.0323924059215518,49,0.1484848484848485
C-W3-V0040,val,commercial,3,307,0,2,307,0.556471981278,0.48886144951140037,0.4841989413680783,0.4615831717348291,0.03465373412300927,32,0.10423452768729642
C-W3-V0041,val,commercial,3,322,0,0,322,0.581211061092,0.4921963913043478,0.45786031677018646,0.4371774337538165,0.03297241869175137,32,0.09937888198757763
C-W3-V0042,val,commercial,3,209,0,2,209,0.37287237416950003,0.47441936842105265,0.6009857559808612,0.45440749381349566,0.03871675316243798,29,0.13875598086124402
C-W3-V0043,val,commercial,3,223,0,1,223,0.3753161765800001,0.5069658475336323,0.5000373811659192,0.4919191829541287,0.037885001019073744,29,0.13004484304932734
C-W3-V0044,val,commercial,3,231,0,1,231,0.3824761161455001,0.494452307359307,0.4989518311688312,0.49271530305336353,0.037443318934431445,30,0.12987012987012986
C-W3-V0045,val,commercial,3,222,0,0,222,0.3752583446970001,0.5052305855855855,0.49998957207207184,0.490465414031133,0.03878352804387082,30,0.13513513513513514
C-W3-V0046,val,commercial,3,336,0,0,336,0.530453191588,0.5975601279761906,0.49297976488095246,0.4526132116000816,0.03235786500166483,52,0.15476190476190477
C-W3-V0047,val,commercial,3,327,0,0,327,0.550692869503,0.5971624403669723,0.4910805474006117,0.44489291248262314,0.03388344364059511,44,0.1345565749235474
C-W3-V0048,val,commercial,3,320,0,0,320,0.5627947177869999,0.5048079281250001,0.4860300906249998,0.43255596169494254,0.031791009031510886,38,0.11875
C-W3-V0049,val,commercial,3,290,0,0,290,0.4894893923610001,0.502716424137931,0.4706114137931039,0.45794704006110604,0.03540608366571391,34,0.11724137931034483
C-W3-V0050,val,commercial,3,270,0,1,270,0.45974994195650004,0.535502492592593,0.5199605518518521,0.4643357316252424,0.034800538578983714,30,0.1111111111111111
C-W3-V0051,val,commercial,3,194,0,0,194,0.40048045490100004,0.44999060309278355,0.5316962371134021,0.42050895805422894,0.04210341082447637,20,0.10309278350515463
C-W3-V0052,val,commercial,3,205,0,1,205,0.34028108866,0.454039619512195,0.5508626926829268,0.4417374314229287,0.03494923667999199,30,0.14634146341463414
C-W3-V0053,val,commercial,3,271,0,4,271,0.478676980518,0.5160766309963098,0.5127272140221406,0.47723089931816515,0.03481845294419107,30,0.11070110701107011
C-W3-V0054,val,commercial,3,350,0,3,350,0.591395572403,0.4887239714285712,0.4633663857142851,0.4634073427524016,0.03360019330848547,38,0.10857142857142857
C-W3-V0055,val,commercial,3,328,0,1,328,0.5647963908955,0.5480627042682928,0.4716237469512196,0.46847173461261477,0.032707952970117804,40,0.12195121951219512
C-W3-V0056,val,commercial,3,355,0,5,355,0.5823072842605,0.5252765690140843,0.49055816901408433,0.4798546962343266,0.03205004262131245,43,0.12112676056338029
C-W3-V0057,val,commercial,3,394,0,2,394,0.6124210090250001,0.6209073553299489,0.5007931522842642,0.44342732519279565,0.028786582713495705,62,0.15736040609137056
C-W3-V0058,val,commercial,3,355,0,3,355,0.5571696539840001,0.6201261718309857,0.486768369014085,0.45005177662362605,0.03116218980138319,56,0.15774647887323945
C-W3-V0059,val,commercial,3,347,0,0,347,0.575666129939,0.4911998501440919,0.47727210086455363,0.45078063103341176,0.03083569646936122,40,0.11527377521613832
C-W3-V0060,val,commercial,3,320,0,5,320,0.48254231670149994,0.567329309375,0.432330790625,0.46777600659031826,0.03262792213715278,44,0.1375
C-W3-V0061,val,commercial,3,71,0,0,71,0.18932180920300007,0.6998680845070425,0.5133606619718311,0.301063101496506,0.039767520929626064,12,0.16901408450704225
C-W3-V0062,val,commercial,3,249,0,4,249,0.5350553597025001,0.6022864377510043,0.48850031726907606,0.40244075319790223,0.03762429482937235,33,0.13253012048192772
C-W3-V0063,val,commercial,3,243,0,4,243,0.520553072224,0.6019324197530861,0.5045439711934157,0.40743846888365254,0.039081855104807946,30,0.12345679012345678
C-W3-V0064,val,commercial,3,175,0,1,175,0.2606629544085,0.5256711085714287,0.29123277142857146,0.4466941443068163,0.036323552397246155,39,0.22285714285714286
C-W3-V0065,val,commercial,3,262,0,2,262,0.46561552347699997,0.5307023549618322,0.5352028511450386,0.4728993892342661,0.033622649744743056,36,0.13740458015267176
C-W4-V0001,val,commercial,4,291,0,3,291,0.928551323631,0.3868129072164951,0.4741870824742265,0.45907576508769665,0.03795170404929207,45,0.15463917525773196
C-W4-V0002,val,commercial,4,225,0,9,225,0.7417988035227618,0.37640717302222215,0.46213339666666686,0.45171808025074545,0.041293258886988794,32,0.14222222222222222
C-W4-V0003,val,commercial,4,249,0,2,249,0.9105899803615,0.5921770361445781,0.508818590361446,0.4087140219107996,0.04089540964484555,29,0.11646586345381527
C-W4-V0004,val,commercial,4,192,0,2,192,0.49337716188399994,0.45521375520833335,0.5378905989583331,0.4740741601375935,0.04270022019353617,25,0.13020833333333334
C-W4-V0005,val,commercial,4,290,0,1,290,0.9356860053645,0.3995234482758621,0.49808753793103433,0.4575800912200369,0.03880682444144868,38,0.1310344827586207
C-W4-V0006,val,commercial,4,282,0,5,282,0.9159245314735,0.3995653581560281,0.4872981382978722,0.46283621581383827,0.036739183308634356,38,0.1347517730496454
C-W4-V0007,val,commercial,4,275,0,4,275,0.950184118731,0.5573571890909088,0.5078518981818181,0.4325768781901792,0.0379624942404522,30,0.10909090909090909
C-W4-V0008,val,commercial,4,197,0,1,197,0.512906916794,0.49333624873096477,0.5269811116751268,0.4790340627509562,0.04389334206746731,23,0.116751269035533
C-W4-V0009,val,commercial,4,278,0,7,278,0.7429503479369999,0.5054444460431655,0.5014421762589928,0.48098082259037733,0.0367398173113138,31,0.11151079136690648
C-W4-V0010,val,commercial,4,290,0,3,290,0.9620858145929999,0.5373386689655175,0.4934403965517242,0.46861574936704814,0.038712265949971764,31,0.10689655172413794
C-W4-V0011,val,commercial,4,280,0,4,280,0.9516847375695,0.5643481750000003,0.4756928214285718,0.46551791327067527,0.038513645991872306,35,0.125
C-W4-V0012,val,commercial,4,271,0,4,271,0.914476592157,0.5787757416974169,0.502185036900369,0.4614970516477946,0.03946779146825329,31,0.11439114391143912
C-W4-V0013,val,commercial,4,264,0,0,264,0.972941210476,0.485755181818182,0.5058887878787877,0.44759088351341103,0.040253101672118284,23,0.08712121212121213
C-W4-V0014,val,commercial,4,264,0,0,264,0.9533355092409999,0.49935978030303085,0.5111303939393937,0.45066139178634346,0.04143220788770352,26,0.09848484848484848
C-W4-V0015,val,commercial,4,278,0,3,278,0.9868635295065,0.4947694856115114,0.4862593669064749,0.4518006946765212,0.03952807307883422,26,0.09352517985611511
C-W4-V0016,val,commercial,4,196,0,4,196,0.6942821406165,0.48875973979591825,0.5682894132653062,0.43451003919160736,0.04136840387909132,24,0.12244897959183673
C-W4-V0017,val,commercial,4,211,0,5,211,0.7480408882599998,0.476329402843602,0.5462568672985783,0.43296339765556996,0.03981804802147666,26,0.12322274881516587
C-W4-V0018,val,commercial,4,205,0,2,205,0.7858398044375,0.4552324829268295,0.5389543365853658,0.4039448910001544,0.04245888882833912,28,0.13658536585365855
C-W4-V0019,val,commercial,4,275,0,3,275,0.909841402846,0.40144920363636366,0.49598330545454516,0.45846475376926865,0.03706045295610278,36,0.13090909090909092
C-W4-V0020,val,commercial,4,85,0,0,85,0.484748790221,0.5681127058823529,0.43242919999999996,0.41221710846159476,0.06160997203524432,11,0.12941176470588237
C-W4-V0021,val,commercial,4,273,0,3,273,0.9227679861794998,0.4153514212454214,0.5053894139194138,0.4540999366519118,0.038938798940314795,33,0.12087912087912088
C-W4-V0022,val,commercial,4,228,0,5,228,0.7970979252404999,0.3787385394736842,0.48680967105263157,0.43545345950642017,0.04092792894238624,32,0.14035087719298245
C-W4-V0023,val,commercial,4,228,0,10,228,0.5845097197225,0.5073795833333333,0.5362918289473686,0.4608160106891416,0.04140828459279599,22,0.09649122807017543
C-W4-V0024,val,commercial,4,300,0,6,300,0.7288879986185,0.41788561666666646,0.4990092966666668,0.45648731503427165,0.03574851300770831,40,0.13333333333333333
C-W4-V0025,val,commercial,4,275,0,6,275,0.6902587074859999,0.40231173818181787,0.49292260363636387,0.4445426269145276,0.03649852042176479,37,0.13454545454545455
C-W4-V0026,val,commercial,4,268,0,2,268,0.6512566029125001,0.3941126156716424,0.5438416119402989,0.4535768169034246,0.03640085672235694,40,0.14925373134328357
C-W4-V0027,val,commercial,4,328,0,2,328,0.5663059600324999,0.44928958231707317,0.5296367378048783,0.46650124417468397,0.0331427493095925,45,0.13719512195121952
C-W4-V0028,val,commercial,4,357,0,5,357,0.6163663217965,0.4468073669467789,0.49691099719887943,0.48014792302830755,0.03137071790410335,44,0.12324929971988796
C-W4-V0029,val,commercial,4,273,0,6,273,0.7383579572050001,0.49417561904761925,0.49261808424908404,0.4537781578709416,0.04030916374536715,27,0.0989010989010989
C-W4-V0030,val,commercial,4,218,0,9,218,0.590015713504,0.4943331743119267,0.5220565825688068,0.4787238622454915,0.04065383185822456,25,0.11467889908256881
C-W4-V0031,val,commercial,4,135,0,1,135,0.2650254133875,0.5016437111111112,0.6064541259259263,0.4439787728841081,0.04415473516841408,17,0.1259259259259259
C-W4-V0032,val,commercial,4,242,0,4,242,0.6773628034815001,0.5171380000000001,0.4569368099173553,0.4715482576498579,0.03915456817107549,32,0.1322314049586777
C-W4-V0033,val,commercial,4,84,0,1,84,0.23865921311699992,0.5589688333333332,0.49183752380952395,0.465831225273047,0.06105841146005764,11,0.13095238095238096
C-W4-V0034,val,commercial,4,218,0,1,218,0.629594458622,0.5012447247706421,0.5378334128440361,0.45888887883085,0.04202289030865864,24,0.11009174311926606
C-W4-V0035,val,commercial,4,132,0,1,132,0.3586251845675,0.5992680530303032,0.43450125,0.4629269999191359,0.04819499511939043,23,0.17424242424242425
C-W4-V0036,val,commercial,4,144,0,1,144,0.3829784317305,0.5774522916666668,0.43052660416666666,0.4760369676083042,0.04498186394130266,25,0.1736111111111111
C-W4-V0037,val,commercial,4,255,0,2,255,0.6785134535865001,0.4025684392156861,0.4726216274509804,0.4461428119938174,0.040145435274928594,39,0.15294117647058825
C-W4-V0038,val,commercial,4,243,0,1,243,0.687586575898,0.42901986419753096,0.4645347448559672,0.4463456021840843,0.04159168304184495,29,0.11934156378600823
C-W4-V0039,val,commercial,4,247,0,0,247,0.68480600891,0.421734809716599,0.4794740850202427,0.4474693305299483,0.04147199191250356,30,0.1214574898785425
C-W4-V0040,val,commercial,4,262,0,2,262,0.908667747655,0.43030771755725217,0.4933736412213741,0.4531140673619645,0.039040313564897414,29,0.11068702290076336
C-W4-V0041,val,commercial,4,271,0,2,271,0.953304050252,0.4129180110701107,0.503375704797048,0.4501843862577212,0.03855347940931944,33,0.12177121771217712
C-W4-V0042,val,commercial,4,263,0,3,263,0.9533104800439999,0.4235761178707224,0.4877640646387829,0.44842900640576944,0.03949404317180465,30,0.11406844106463879
C-W4-V0043,val,commercial,4,127,0,1,127,0.3371178688665,0.5958456850393701,0.4441090944881893,0.46801809179490134,0.04955155303313239,19,0.14960629921259844
C-W4-V0044,val,commercial,4,286,0,5,286,0.9546757616710001,0.5559686363636367,0.48791277622377655,0.4694802900418905,0.037686957854036356,34,0.11888111888111888
C-W4-V0045,val,commercial,4,289,0,2,289,0.920397414294,0.5213037093425604,0.47253458477508625,0.474706911131117,0.03701351960818661,35,0.12110726643598616
C-W4-V0046,val,commercial,4,276,0,7,276,0.941551928617,0.5326530471014492,0.46097023550724614,0.46913829879211333,0.0385761699498862,41,0.14855072463768115
C-W4-V0047,val,commercial,4,248,0,2,248,0.8993758615354999,0.5116693911290323,0.481503875,0.4638464257762867,0.041014393083747894,28,0.11290322580645161
C-W4-V0048,val,commercial,4,248,0,2,248,0.928128338262,0.4833408629032257,0.5123693548387096,0.4450300189324407,0.04230195892813092,24,0.0967741935483871
C-W4-V0049,val,commercial,4,104,0,1,104,0.39862836545050007,0.4174053557692306,0.5010684038461537,0.4622604339461526,0.05879283517256647,13,0.125
C-W4-V0050,val,commercial,4,147,0,5,147,0.3788757097255661,0.5808596467346938,0.42054373761904756,0.47902435248622516,0.044568317850416095,26,0.17687074829931973
C-W4-V0051,val,commercial,4,330,0,8,330,0.7478740495235001,0.6598334999999993,0.48194445151515153,0.4399146034102674,0.03372257551378943,57,0.17272727272727273
C-W4-V0052,val,commercial,4,275,0,1,275,0.6739339000115,0.5302812690909092,0.4335117999999999,0.4710845825397546,0.03754784400739067,36,0.13090909090909092
C-W4-V0053,val,commercial,4,223,0,2,223,0.523005513473,0.5617619641255608,0.49220228251121073,0.49343122252918886,0.038031836299478664,33,0.14798206278026907
C-W4-V0054,val,commercial,4,313,0,1,313,0.755497263629,0.4799886645367409,0.5366036549520763,0.42975969656677276,0.03297823044204598,35,0.11182108626198083
C-W4-V0055,val,commercial,4,277,0,1,277,0.6773779545245001,0.47769159205776185,0.5158544187725635,0.43416363106725436,0.034522066223231784,32,0.11552346570397112
C-W4-V0056,val,commercial,4,301,0,5,301,0.7319643330894999,0.419151637873754,0.49738221594684406,0.4573027661565805,0.03564801694300745,42,0.13953488372093023
C-W4-V0057,val,commercial,4,271,0,5,271,0.6875973088849999,0.4040967011070107,0.49254822140221427,0.44354554414632236,0.03661542910042948,36,0.13284132841328414
C-W4-V0058,val,commercial,4,262,0,2,262,0.6487652129820001,0.3980241908396953,0.548068687022901,0.4517120024018833,0.03681092358882095,39,0.14885496183206107
C-W4-V0059,val,commercial,4,324,0,2,324,0.5602480404615,0.45101032098765403,0.5290780740740739,0.46573111248320986,0.03344311892363271,44,0.13580246913580246
C-W4-V0060,val,commercial,4,351,0,4,351,0.6081213650095001,0.4502463162393161,0.5005842564102564,0.47976957277081056,0.03151755528107286,43,0.1225071225071225
C-W4-V0061,val,commercial,4,267,0,5,267,0.7333833058565001,0.4995815468164795,0.49332954681647895,0.4507981020631925,0.04065596204556685,25,0.09363295880149813
C-W4-V0062,val,commercial,4,214,0,7,214,0.5865110668774999,0.4898108925233645,0.514109546728972,0.4749179292940826,0.040862809900016284,25,0.11682242990654206
C-W4-V0063,val,commercial,4,134,0,0,134,0.263064133044,0.5036866417910449,0.6049820522388061,0.44459805213169157,0.04425167002134921,18,0.13432835820895522
C-W5-V0001,val,commercial,5,117,0,2,117,0.5723220344895,0.5597734358974358,0.37105494017094004,0.4224367015565698,0.05297158702158969,21,0.1794871794871795
C-W5-V0002,val,commercial,5,121,0,1,121,0.6275227191734999,0.6531465123966941,0.4297405867768592,0.3564252050779693,0.05059877793988373,19,0.15702479338842976
C-W5-V0003,val,commercial,5,167,0,1,167,0.8208725560550001,0.5261929041916162,0.49605231736526967,0.41334763221335513,0.04668756574270064,18,0.10778443113772455
C-W6-V0001,val,commercial,6,145,0,1,145,0.8281528812605001,0.4328286275862071,0.5247126137931032,0.41287385455306475,0.05051810890527085,16,0.1103448275862069
C-W6-V0002,val,commercial,6,62,0,0,62,0.438160254726,0.3520622903225806,0.43510304838709674,0.4036284927854476,0.07009350978063501,9,0.14516129032258066
C-W6-V0003,val,commercial,6,64,0,0,64,0.47371895800600006,0.34852703125000006,0.45776912500000005,0.4050423286799969,0.0761190247987753,9,0.140625
C-W6-V0004,val,commercial,6,65,0,2,65,0.46548349261335,0.34911601323076924,0.4635244261538461,0.4084430947187734,0.06999141460785116,9,0.13846153846153847
C-W6-V0005,val,commercial,6,124,0,4,124,0.7095067519865,0.6059099435483869,0.5751493790322582,0.4285877477601797,0.05541444472650336,18,0.14516129032258066
C-W6-V0006,val,commercial,6,167,0,8,167,0.9841414692254999,0.5331557485029939,0.518221898203593,0.46524160737760506,0.05219457521737916,22,0.1317365269461078
C-W6-V0007,val,commercial,6,162,0,4,162,0.9518556075525002,0.5212174938271603,0.5323045123456793,0.46771944357685785,0.051352233314381844,20,0.12345679012345678
C-W6-V0008,val,commercial,6,50,0,1,50,0.26633663784700007,0.38148438000000007,0.5384259199999999,0.48582549375716094,0.07275767756971796,8,0.16
C-W6-V0009,val,commercial,6,98,0,0,98,0.5526942431329999,0.7059284183673468,0.4853458163265309,0.42104039514224306,0.0573573309739725,18,0.1836734693877551
C-W6-V0010,val,commercial,6,134,0,2,134,0.8101771483325,0.6100104552238805,0.4924509253731344,0.417324677500557,0.05304419355122667,17,0.12686567164179105
C-W6-V0011,val,commercial,6,94,0,1,94,0.5635749405865,0.4984375106382978,0.48902674468085083,0.4619119712773797,0.06236080360341827,11,0.11702127659574468
C-W6-V0012,val,commercial,6,155,0,7,155,0.9349787096393001,0.6398512367741939,0.4920834251612901,0.41105027684054257,0.05078752340863258,20,0.12903225806451613
C-W6-V0013,val,commercial,6,96,0,1,96,0.579715555748,0.5715658333333333,0.6393422395833334,0.39395031451423257,0.05914379014438492,13,0.13541666666666666
C-W6-V0014,val,commercial,6,35,0,4,35,0.240307643634,0.7261533714285714,0.634391457142857,0.35481601496392695,0.07588478867268836,8,0.22857142857142856
C-W6-V0015,val,commercial,6,11,0,0,11,0.06166972633099997,0.2978692727272727,0.395665,0.4418813956358736,0.13991548748056873,3,0.2727272727272727
C-W6-V0016,val,commercial,6,48,0,1,48,0.2704348906255,0.7171658958333335,0.6372491875000003,0.3635763142807788,0.0669844812789337,11,0.22916666666666666
C-W6-V0017,val,commercial,6,79,0,5,79,0.46686240896000003,0.5456784303797467,0.5459505569620255,0.4348293849042266,0.0601483200811386,10,0.12658227848101267
C-W6-V0018,val,commercial,6,153,0,1,153,0.995382082128,0.5257251176470586,0.5174534183006536,0.40238988585084123,0.05188407381102103,14,0.0915032679738562
C-W6-V0019,val,commercial,6,92,0,3,92,0.39236617959,0.4327190869565217,0.593337391304348,0.48182131405558676,0.05288563516510194,24,0.2608695652173913
C-W6-V0020,val,commercial,6,84,0,3,84,0.363078213166,0.4605871785714288,0.5558477023809524,0.49409524275757327,0.052575742641144875,19,0.2261904761904762
C-W6-V0021,val,commercial,6,147,0,3,147,0.774714152856,0.43886408163265306,0.5202507006802721,0.463387798790396,0.04880517863783992,18,0.12244897959183673
C-W6-V0022,val,commercial,6,109,0,2,109,0.482946573496,0.6210915596330278,0.3249447981651376,0.4323982315143929,0.04560775281666632,20,0.1834862385321101
C-W6-V0023,val,commercial,6,116,0,4,116,0.682789510184,0.46971095689655207,0.7039312413793101,0.37843438215483804,0.05389869506468364,19,0.16379310344827586
C-W6-V0024,val,commercial,6,41,0,2,41,0.3116707624805,0.6252603658536585,0.48239609756097596,0.44380583195211654,0.09833018739922202,6,0.14634146341463414
C-W6-V0025,val,commercial,6,79,0,4,79,0.41184893174149995,0.45544570886075947,0.5127460759493673,0.49367355480575925,0.06740609167840095,10,0.12658227848101267
C-W6-V0026,val,commercial,6,144,0,1,144,0.694917630112,0.6258155833333334,0.4365644236111109,0.42450850109304644,0.048671370255590846,23,0.1597222222222222
C-W6-V0027,val,commercial,6,139,0,3,139,0.6731313772659999,0.6384892446043162,0.4504629784172664,0.41862930622205763,0.048693767245704164,19,0.1366906474820144
C-W6-V0028,val,commercial,6,120,0,0,120,0.6294529893530001,0.6232595416666664,0.46813269166666654,0.41788843063698816,0.05985594931665225,20,0.16666666666666666
C-W6-V0029,val,commercial,6,117,0,2,117,0.6796460973569999,0.6303307264957265,0.5321145897435897,0.420303472364559,0.055501684041234414,22,0.18803418803418803
C-W6-V0030,val,commercial,6,163,0,4,163,0.893108073854,0.615644190184049,0.4863241226993864,0.43702349244769656,0.050621623549086524,21,0.12883435582822086
C-W6-V0031,val,commercial,6,30,0,0,30,0.22382090393500004,0.7315972666666667,0.7066357666666666,0.2661244636614751,0.09090106998507376,7,0.23333333333333334
C-W6-V0032,val,commercial,6,3,0,0,3,0.009082708390999998,0.06362866666666667,0.127469,0.11874407883717357,0.11964290591542721,2,0.6666666666666666
C-W6-V0033,val,commercial,6,4,0,0,4,0.013883625327999994,0.056445249999999995,0.6740740000000001,0.08788938431453196,0.07510568492672334,4,1.0
C-W6-V0034,val,commercial,6,150,0,1,150,0.831384635937,0.4018021066666666,0.5508765466666669,0.41636605661338805,0.05349174319365371,22,0.14666666666666667
C-W6-V0035,val,commercial,6,122,0,2,122,0.758153924287,0.608136975409836,0.4963228032786883,0.4131091276957093,0.053855116491035304,16,0.13114754098360656
C-W6-V0036,val,commercial,6,120,0,3,120,0.7258287972515001,0.46865664999999995,0.5637037500000002,0.4274922301127024,0.06249779321277559,13,0.10833333333333334
C-W6-V0037,val,commercial,6,122,0,1,122,0.7532762563265001,0.6008452950819674,0.48814508196721307,0.41328969950538386,0.05242633765392699,15,0.12295081967213115
C-W6-V0038,val,commercial,6,122,0,1,122,0.7209023627114999,0.5778690491803282,0.4654333770491804,0.4051934009306428,0.05369160811239164,14,0.11475409836065574
C-W6-V0039,val,commercial,6,168,0,3,168,0.9413334662034999,0.5262881190476189,0.5407021666666664,0.4579910637859558,0.0496093100462463,20,0.11904761904761904
C-W6-V0040,val,commercial,6,169,0,1,169,0.9017121633490001,0.5097879822485205,0.5340538165680473,0.4691511224679868,0.05018051044960242,19,0.11242603550295859
C-W6-V0041,val,commercial,6,109,0,5,109,0.64062492932,0.7034236788990824,0.5345693486238532,0.406246546005636,0.058507741255618334,19,0.1743119266055046
C-W6-V0042,val,commercial,6,139,0,1,139,0.6972308624225,0.43870090647482013,0.541450179856115,0.4614330639553221,0.052209374837994205,18,0.12949640287769784
C-W6-V0043,val,commercial,6,155,0,3,155,0.8033060232645,0.4356451870967741,0.5032108645161288,0.4698494503608969,0.052324596229862005,21,0.13548387096774195
C-W6-V0044,val,commercial,6,148,0,1,148,0.7926441561840001,0.4297790270270268,0.5022084729729729,0.4607300741669651,0.04984612936340758,17,0.11486486486486487
C-W6-V0045,val,commercial,6,141,0,4,141,0.7822225042915,0.41238366666666654,0.5727410000000003,0.4525648108786481,0.052422306070513326,19,0.1347517730496454
C-W6-V0046,val,commercial,6,67,0,1,67,0.42465895244999996,0.667591686567164,0.6487424029850747,0.371424793926029,0.06289267183980095,11,0.16417910447761194
C-W6-V0047,val,commercial,6,192,0,3,192,0.9466843369670002,0.42526040625000033,0.4570432968750003,0.4581076144087239,0.04713167211784366,25,0.13020833333333334
C-W6-V0048,val,commercial,6,185,0,0,185,0.9501451152390001,0.5076449405405404,0.49203451891891903,0.46287641059890033,0.04872259968580861,20,0.10810810810810811
C-W6-V0049,val,commercial,6,189,0,3,189,0.9579203863995001,0.5123304867724867,0.5217029259259259,0.4703269520169748,0.04651654050489192,25,0.13227513227513227
C-W6-V0050,val,commercial,6,167,0,4,167,0.9380118858020001,0.5023094550898204,0.47360274850299433,0.4561829026002701,0.05158207053251691,21,0.12574850299401197
C-W6-V0051,val,commercial,6,173,0,2,173,0.9586536044465,0.5311943063583814,0.4891751965317917,0.46435717850303043,0.05068796517850033,21,0.12138728323699421
C-W6-V0052,val,commercial,6,175,0,4,175,0.9384446749825001,0.5552752914285712,0.47801323428571435,0.4646797216953601,0.05035282512815872,24,0.13714285714285715
C-W6-V0053,val,commercial,6,179,0,3,179,0.937632295719,0.5479093631284916,0.5056641564245808,0.4604681272917849,0.04837309048303357,21,0.11731843575418995
C-W6-V0054,val,commercial,6,162,0,0,162,0.919234694116,0.5512169259259256,0.49561328395061705,0.46213461291540303,0.051758294609684896,19,0.11728395061728394
C-W6-V0055,val,commercial,6,107,0,0,107,0.664527632716,0.5141574018691589,0.44389061682243,0.4339223770016012,0.0558857504429994,13,0.12149532710280374
C-W6-V0056,val,commercial,6,159,0,4,159,0.9496751428624999,0.5249820125786165,0.5110324968553457,0.4304951434738864,0.051957763504969806,17,0.1069182389937107
C-W6-V0057,val,commercial,6,62,0,2,62,0.45989753848350007,0.36457067741935495,0.4558467580645163,0.4040098325726763,0.07439272553693088,8,0.12903225806451613
C-W6-V0058,val,commercial,6,48,0,0,48,0.24347366431400003,0.8099934583333334,0.5202835625,0.31501938526130585,0.06340004148467697,17,0.3541666666666667
C-W6-V0059,val,commercial,6,9,0,0,9,0.09430558946700004,0.5422743333333333,0.5221194444444445,0.3584748090821294,0.14694359526312867,3,0.3333333333333333
C-W6-V0060,val,commercial,6,56,0,1,56,0.323135284471,0.5900623035714283,0.5194940714285714,0.45970886756599927,0.07482927612301193,10,0.17857142857142858
C-W6-V0061,val,commercial,6,96,0,1,96,0.544610347877,0.37370071874999994,0.5061632187499999,0.46526541990976567,0.0581229200030365,18,0.1875
C-W6-V0062,val,commercial,6,164,0,3,164,0.9533340457364999,0.5254591951219513,0.5247149634146339,0.4652308613306653,0.0510092622469131,20,0.12195121951219512
P-W1-V0001,val,prototype,1,87,0,0,87,0.09813541336700002,0.6753684827586205,0.6738292988505744,0.18508425052273542,0.026913283079924178,26,0.2988505747126437
P-W1-V0002,val,prototype,1,83,0,0,83,0.07912086155400004,0.7182138072289155,0.6541556144578312,0.20813556899980945,0.025843617767386296,19,0.2289156626506024
P-W1-V0003,val,prototype,1,97,0,0,97,0.08165241371400002,0.6886384845360823,0.7243557216494847,0.1917711735984233,0.025023519251015317,34,0.35051546391752575
P-W1-V0004,val,prototype,1,95,0,0,95,0.07541154668200008,0.6645725578947366,0.7373684526315791,0.19370575671947085,0.02431122696957155,40,0.42105263157894735
P-W1-V0005,val,prototype,1,94,0,0,94,0.07984140501600005,0.702089085106383,0.737726595744681,0.18487717777227697,0.026725420100320186,32,0.3404255319148936
P-W1-V0006,val,prototype,1,80,0,0,80,0.06788504444500004,0.6664814375000002,0.64473965,0.18372465902580573,0.026520800384984826,27,0.3375
P-W1-V0007,val,prototype,1,77,0,0,77,0.07432144508100005,0.6635653376623376,0.6506313116883119,0.18203296402973604,0.02645096326485411,25,0.3246753246753247
P-W1-V0008,val,prototype,1,90,0,0,90,0.05934586697700002,0.30836802222222237,0.5492900999999999,0.19140438230046575,0.022818569320334048,29,0.32222222222222224
P-W1-V0009,val,prototype,1,89,0,0,89,0.053718860224000006,0.30870497752808995,0.5122294831460672,0.20025394073161543,0.02076594244103799,36,0.4044943820224719
P-W1-V0010,val,prototype,1,83,0,0,83,0.06253981647300001,0.32967513253012043,0.5118139277108433,0.19505173892502473,0.02286942433619089,32,0.3855421686746988
P-W1-V0011,val,prototype,1,74,0,0,74,0.06068267739300002,0.3236838513513513,0.4997685135135136,0.18732211358447445,0.026105658928065822,31,0.4189189189189189
P-W1-V0012,val,prototype,1,90,0,0,90,0.06968556425700001,0.3284492555555556,0.5093982111111113,0.1817993714145138,0.023034059596312502,36,0.4
P-W1-V0013,val,prototype,1,85,0,0,85,0.0869328243830001,0.6606099058823529,0.6855936823529412,0.19606294245008252,0.026063723012783847,26,0.3058823529411765
P-W1-V0014,val,prototype,1,79,0,0,79,0.04219830356800001,0.2863758734177217,0.5553504177215189,0.1728184205644885,0.02288425061463322,30,0.379746835443038
P-W1-V0015,val,prototype,1,70,0,0,70,0.04291919625800003,0.2901639714285714,0.5345436571428571,0.14513662856778947,0.021850533756518686,31,0.44285714285714284
P-W1-V0016,val,prototype,1,48,0,0,48,0.02790133221499999,0.29495462499999997,0.4956212083333334,0.14685652937654597,0.023661966356890562,24,0.5
P-W1-V0017,val,prototype,1,58,0,0,58,0.03437029758800002,0.3101386034482759,0.5680875,0.1682129536595461,0.023150864718548648,26,0.4482758620689655
P-W1-V0018,val,prototype,1,73,0,0,73,0.04181543908200005,0.2976601232876713,0.5761860821917809,0.16175387715017847,0.021174926354192856,25,0.3424657534246575
P-W1-V0019,val,prototype,1,66,0,0,66,0.041541465028000026,0.27681925757575765,0.5468715909090908,0.16806602591309416,0.022191863216822698,21,0.3181818181818182
P-W1-V0020,val,prototype,1,75,0,0,75,0.04477266871100002,0.29648288,0.54061732,0.18240209040652433,0.021683513938709518,26,0.3466666666666667
P-W1-V0021,val,prototype,1,67,0,0,67,0.04180898059400002,0.2967041044776119,0.5225400895522391,0.17317691787516679,0.025836279779852308,21,0.31343283582089554
P-W1-V0022,val,prototype,1,86,0,0,86,0.05153653605200001,0.31817787209302323,0.513011453488372,0.20048046921736593,0.020098183920196418,37,0.43023255813953487
P-W1-V0023,val,prototype,1,85,0,0,85,0.05515737918800003,0.33745125882352944,0.5184423411764705,0.1923201336084435,0.020710148405827588,37,0.43529411764705883
P-W1-V0024,val,prototype,1,94,0,0,94,0.06060635573000001,0.32006057446808495,0.4922478191489364,0.17969523089472214,0.021975100917341304,41,0.43617021276595747
P-W1-V0025,val,prototype,1,96,0,0,96,0.06081102642900003,0.3151043541666666,0.54339315625,0.18719585905138383,0.021974390069905887,33,0.34375
P-W1-V0026,val,prototype,1,85,0,0,85,0.05879236504600002,0.3111122823529411,0.5265632588235294,0.2009690401954411,0.02141321478153657,30,0.35294117647058826
P-W1-V0027,val,prototype,1,83,0,0,83,0.04839755316500004,0.3007091204819277,0.5196564457831323,0.19887328356547057,0.022035624438835118,29,0.3493975903614458
P-W1-V0028,val,prototype,1,89,0,0,89,0.05464612712200001,0.31662296629213477,0.5000312471910111,0.19954236141201093,0.02100720065646415,39,0.43820224719101125
P-W1-V0029,val,prototype,1,92,0,0,92,0.07938522511600009,0.6862941521739132,0.7198016847826088,0.1923989189392629,0.026717922082944264,34,0.3695652173913043
P-W1-V0030,val,prototype,1,92,0,0,92,0.07676086545100005,0.665036206521739,0.7125855652173915,0.2076668280125143,0.028620025265420134,36,0.391304347826087
P-W1-V0031,val,prototype,1,95,0,0,95,0.08066277588451998,0.6972588842105264,0.7244012315789472,0.1902941294841013,0.02661558377324679,31,0.3263157894736842
P-W1-V0032,val,prototype,1,94,0,0,94,0.08135521495000007,0.6803523723404256,0.7207102234042551,0.18781654467597955,0.02590232349182428,35,0.3723404255319149
P-W1-V0033,val,prototype,1,77,0,0,77,0.04656318586000002,0.34141638961038956,0.5167748961038963,0.19956471071079718,0.021235193845409506,30,0.38961038961038963
P-W1-V0034,val,prototype,1,87,0,0,87,0.05365610347100001,0.3260027586206896,0.5378725172413792,0.19069276493329282,0.02203729836503352,29,0.3333333333333333
P-W1-V0035,val,prototype,1,93,0,0,93,0.08328107282200001,0.6512125053763442,0.7109966344086022,0.19848368872352987,0.025277889186482813,36,0.3870967741935484
P-W1-V0036,val,prototype,1,97,0,0,97,0.08622941454500008,0.6654693195876287,0.6731004226804125,0.21040678313716882,0.03094172849388297,29,0.29896907216494845
P-W1-V0037,val,prototype,1,91,0,0,91,0.08458172640800003,0.6701865604395606,0.6947802857142856,0.19649843416871832,0.027257873876507098,28,0.3076923076923077
P-W1-V0038,val,prototype,1,97,0,0,97,0.08341581186300003,0.6679902164948452,0.6833142061855668,0.19876880015291687,0.024386975605106376,32,0.32989690721649484
P-W1-V0039,val,prototype,1,98,0,0,98,0.08085092864700007,0.6769265714285713,0.6758172551020408,0.19518204504112288,0.024461245989318006,28,0.2857142857142857
P-W1-V0040,val,prototype,1,69,0,0,69,0.038461821894000006,0.2997810869565217,0.571732420289855,0.17925448993338927,0.022598384830163312,21,0.30434782608695654
P-W1-V0041,val,prototype,1,79,0,0,79,0.05506389120300002,0.3311049493670888,0.5514592278481011,0.19161973153842202,0.024811658840041547,27,0.34177215189873417
P-W1-V0042,val,prototype,1,73,0,0,73,0.05554662756600001,0.3219605753424657,0.5471461369863013,0.19208556387723097,0.02289272978614537,27,0.3698630136986301
P-W1-V0043,val,prototype,1,79,0,0,79,0.058486798669000015,0.30408099999999993,0.5537623417721517,0.1900675135097244,0.02434140175384553,25,0.31645569620253167
P-W1-V0044,val,prototype,1,78,0,0,78,0.05389336869200001,0.31679688461538474,0.5368471025641024,0.1856530929346984,0.022386538590873646,30,0.38461538461538464
P-W1-V0045,val,prototype,1,83,0,0,83,0.050575934895000015,0.31828272289156617,0.5145248072289156,0.20209382732123185,0.020700546634943272,35,0.42168674698795183
P-W1-V0046,val,prototype,1,81,0,0,81,0.05308708497500003,0.33370014814814813,0.5240055432098764,0.193091511146256,0.02089951990642657,34,0.41975308641975306
P-W1-V0047,val,prototype,1,94,0,0,94,0.06125599907500001,0.32203586170212756,0.4958874893617023,0.1799160642840862,0.022349493409439116,41,0.43617021276595747
P-W1-V0048,val,prototype,1,95,0,0,95,0.06048647100800003,0.3142104947368421,0.5414132526315789,0.1863435849276301,0.022315464385324564,33,0.3473684210526316
P-W1-V0049,val,prototype,1,81,0,0,81,0.05689850908500002,0.3122076172839505,0.5318759382716051,0.1998216829918037,0.02196647073511057,27,0.3333333333333333
P-W2-V0001,val,prototype,2,74,0,1,74,0.12648400126153,0.6699259324324325,0.5219645135135135,0.29648395930831883,0.03821454388899592,16,0.21621621621621623
P-W2-V0002,val,prototype,2,76,0,0,76,0.13394994905699995,0.6628463815789473,0.5413013026315789,0.29174456042545466,0.04306987412243666,18,0.23684210526315788
P-W2-V0003,val,prototype,2,78,0,0,78,0.13929283256099997,0.6897202179487179,0.5011038846153848,0.2757664185315326,0.035977267361555806,16,0.20512820512820512
P-W2-V0004,val,prototype,2,84,0,0,84,0.15035014835753,0.6983411071428571,0.5256449726190476,0.2818723786072423,0.03749331874887011,17,0.20238095238095238
P-W2-V0005,val,prototype,2,90,0,0,90,0.10870010298999999,0.6788659111111106,0.6622788333333332,0.19152350416912248,0.02510736541678646,24,0.26666666666666666
P-W2-V0006,val,prototype,2,87,0,0,87,0.10656995364600003,0.6898738735632185,0.6822318735632182,0.1910993216614394,0.026341245351313977,23,0.26436781609195403
P-W2-V0007,val,prototype,2,81,0,0,81,0.13105294313299998,0.6694542716049381,0.4980624691358025,0.2513628471610141,0.034659559432796874,26,0.32098765432098764
P-W2-V0008,val,prototype,2,82,0,0,82,0.15018608271799994,0.6827015121951218,0.5628049146341463,0.2744582749393237,0.03742806707997925,17,0.2073170731707317
P-W2-V0009,val,prototype,2,77,0,0,77,0.13481512291699996,0.6924920389610391,0.4842954025974025,0.27339246409002027,0.03438535375599005,14,0.18181818181818182
P-W2-V0010,val,prototype,2,76,0,0,76,0.13528495902699997,0.6813596973684211,0.5333820657894734,0.2830421338576065,0.040792832892446736,16,0.21052631578947367
P-W2-V0011,val,prototype,2,90,0,0,90,0.10050541777854,0.687728222222222,0.6679586222222222,0.1867313446769244,0.025796989496273293,27,0.3
P-W2-V0012,val,prototype,2,79,0,0,79,0.14036002251300003,0.679868835443038,0.5340306708860759,0.2925037217457545,0.036757810091187185,17,0.21518987341772153
P-W2-V0013,val,prototype,2,79,0,0,79,0.12750037081599994,0.6761669493670887,0.5357712531645568,0.30079768154074554,0.04205692003220584,16,0.20253164556962025
P-W2-V0014,val,prototype,2,86,1,0,85,0.14882488115399992,0.6889830588235294,0.5176634352941176,0.29207270460413065,0.03725251813672729,15,0.17647058823529413
P-W2-V0015,val,prototype,2,74,0,0,74,0.12367146442899996,0.6575135135135136,0.5503128513513513,0.27675328268323024,0.03669232505674222,17,0.22972972972972974
P-W2-V0016,val,prototype,2,78,0,0,78,0.14057290567,0.6902947307692308,0.5298671025641026,0.2736692501555933,0.039091726516948797,16,0.20512820512820512
P-W2-V0017,val,prototype,2,74,0,0,74,0.12292966111099995,0.6574853513513513,0.5503003513513514,0.27671095259307915,0.036683768465279244,17,0.22972972972972974
P-W2-V0018,val,prototype,2,77,0,0,77,0.13955092663999996,0.6916430129870131,0.5296837922077922,0.27522922829189395,0.039623552488417466,15,0.19480519480519481
P-W3-V0001,val,prototype,3,40,0,3,40,0.137489107845475,0.5992439500000002,0.71993915,0.21360162032970395,0.05400940115254447,13,0.325
P-W3-V0002,val,prototype,3,36,0,0,36,0.11690194718299998,0.6080151666666667,0.7278548888888889,0.20728847449807156,0.0484128867150988,15,0.4166666666666667
P-W3-V0003,val,prototype,3,43,0,0,43,0.17422428697899997,0.6025738604651163,0.6358096976744183,0.2369806599384064,0.05431010523965704,11,0.2558139534883721
P-W3-V0004,val,prototype,3,40,0,0,40,0.15729370796699998,0.6206640250000001,0.6152546749999999,0.2846981545980651,0.055316163456734554,11,0.275
P-W3-V0005,val,prototype,3,44,0,1,44,0.1743711162145,0.6089547045454545,0.637742,0.24765582449078027,0.05579571605207636,12,0.2727272727272727
P-W3-V0006,val,prototype,3,38,0,1,38,0.14326654890049995,0.6199357368421052,0.5781433684210529,0.2967814917639527,0.0591575227682166,11,0.2894736842105263
P-W3-V0007,val,prototype,3,70,0,0,70,0.18369958576500006,0.6999852428571429,0.5149338142857142,0.302985586078222,0.03970133752542307,12,0.17142857142857143
P-W3-V0008,val,prototype,3,82,0,0,82,0.274238890123,0.6879003414634146,0.5100271341463415,0.3098488230055135,0.037965163209715755,17,0.2073170731707317
P-W3-V0009,val,prototype,3,77,0,0,77,0.20480852415199996,0.7076298831168829,0.5211520129870131,0.28696454432286184,0.0404343628120922,13,0.16883116883116883
P-W3-V0010,val,prototype,3,84,0,0,84,0.224896628665,0.7022600357142855,0.4374283333333332,0.30550603105974145,0.035707235622599635,16,0.19047619047619047
P-W3-V0011,val,prototype,3,82,0,0,82,0.227715436226,0.6863471097560976,0.4523486341463415,0.3008449172291232,0.03846358387004514,19,0.23170731707317074
P-W3-V0012,val,prototype,3,75,0,0,75,0.20783268634200003,0.6965868933333331,0.4255864266666667,0.2668823639951628,0.039618376486706686,18,0.24
P-W3-V0013,val,prototype,3,73,0,0,73,0.19699403036200006,0.6862799589041095,0.42033238356164376,0.27111913610329896,0.04208781377730646,16,0.2191780821917808
P-W3-V0014,val,prototype,3,74,0,0,74,0.20620634178100003,0.6895234864864864,0.45859609459459466,0.27348409457923134,0.04350233062493494,17,0.22972972972972974
P-W3-V0015,val,prototype,3,78,0,0,78,0.20980544162999998,0.7018964102564103,0.4979582051282051,0.29314103088903654,0.0396298191470205,14,0.1794871794871795
P-W3-V0016,val,prototype,3,76,0,0,76,0.2133415306340001,0.7064624210526311,0.5164899605263158,0.30157872817726805,0.03931195892677857,15,0.19736842105263158
P-W3-V0017,val,prototype,3,40,0,0,40,0.15228945651999998,0.6055078749999998,0.62062495,0.281537706859946,0.05768097733522839,11,0.275
P-W3-V0018,val,prototype,3,85,0,0,85,0.24075747432399996,0.686976105882353,0.46397052941176437,0.30883615021171157,0.03933021918088894,18,0.21176470588235294
P-W3-V0019,val,prototype,3,49,0,1,49,0.17327682789399998,0.6341679387755103,0.5714190612244897,0.28948660663367176,0.052707911457613846,14,0.2857142857142857
P-W3-V0020,val,prototype,3,37,0,0,37,0.14420170183200004,0.5979940540540541,0.6098098108108109,0.2738620873857599,0.06324191285183366,9,0.24324324324324326
P-W3-V0021,val,prototype,3,42,0,0,42,0.15531768092200002,0.5889139047619047,0.6853836428571428,0.23015488328976488,0.052485244568202014,13,0.30952380952380953
P-W3-V0022,val,prototype,3,38,0,1,38,0.13864776844149998,0.5981772631578948,0.7135478157894733,0.21554236151631168,0.0575763423958915,11,0.2894736842105263
P-W3-V0023,val,prototype,3,34,0,0,34,0.12115043038199995,0.5988972352941176,0.7360158823529412,0.18575007879688352,0.054961940306590115,13,0.38235294117647056
P-W3-V0024,val,prototype,3,37,0,1,37,0.12428933653649997,0.5977831891891889,0.7372122972972971,0.1884741557133917,0.04917755384054012,13,0.35135135135135137
P-W3-V0025,val,prototype,3,37,0,2,37,0.15210942488449997,0.5985291891891893,0.651151081081081,0.24793962652228804,0.05987243175210369,10,0.2702702702702703
P-W3-V0026,val,prototype,3,82,0,0,82,0.27404994639400004,0.6881351585365857,0.5105521951219512,0.30987746817261647,0.03793256425471614,17,0.2073170731707317
P-W4-V0001,val,prototype,4,50,0,0,50,0.21864047642799997,0.25777599999999995,0.5607778199999998,0.2841383800587094,0.04657517188946315,9,0.18
P-W4-V0002,val,prototype,4,48,0,0,48,0.18452087312610005,0.2753905208333332,0.5394023812499998,0.29134186456553113,0.04853697404065804,9,0.1875
P-W4-V0003,val,prototype,4,51,0,0,51,0.19933795994730003,0.28665335294117655,0.5142058921568627,0.30253486045692296,0.046273045593672124,11,0.21568627450980393
P-W4-V0004,val,prototype,4,37,0,2,37,0.1343655135035,0.25499037837837835,0.6096095945945945,0.2667676222577824,0.05640877340088668,7,0.1891891891891892
P-W4-V0005,val,prototype,4,50,0,0,50,0.19882438094,0.26432807999999997,0.5669166199999999,0.2659457622372449,0.0500228799430608,10,0.2
P-W4-V0006,val,prototype,4,50,0,0,50,0.21410514272799996,0.27027084,0.5702129799999999,0.2656709089490869,0.04855983768882356,10,0.2
P-W4-V0007,val,prototype,4,45,0,0,45,0.177133794155,0.24764466666666662,0.6308538888888888,0.2767566607898813,0.04959702093092037,10,0.2222222222222222
P-W4-V0008,val,prototype,4,44,0,1,44,0.17811480697349996,0.2505681590909091,0.6270622954545454,0.25386668134354967,0.05225733719867821,9,0.20454545454545456
P-W4-V0009,val,prototype,4,46,0,2,46,0.18068182011950001,0.2673968695652174,0.5967593043478263,0.28213160203586757,0.0452241632935968,9,0.1956521739130435
P-W4-V0010,val,prototype,4,50,0,2,50,0.20714347815399997,0.2605886200000001,0.56041662,0.28267736545070454,0.05250442593975861,8,0.16
P-W4-V0011,val,prototype,4,56,0,0,56,0.192157193113,0.2787574464285715,0.4876819285714284,0.3045079573255245,0.04149341055759291,13,0.23214285714285715
P-W4-V0012,val,prototype,4,29,0,1,29,0.13339589069250002,0.5977102068965516,0.6803640689655173,0.25313839993736426,0.06026084156059556,13,0.4482758620689655
P-W4-V0013,val,prototype,4,45,0,0,45,0.18251652775899999,0.2692707777777778,0.5369650666666668,0.2742091042344055,0.051192853143395556,9,0.2
P-W4-V0014,val,prototype,4,36,0,3,36,0.14616215776349997,0.25047016666666666,0.6222995,0.26375858296724464,0.053452371713923724,7,0.19444444444444445
P-W4-V0015,val,prototype,4,42,0,0,42,0.15210341475699998,0.2533420476190476,0.690961119047619,0.20960329000395858,0.04842994789467483,11,0.2619047619047619
P-W4-V0016,val,prototype,4,41,0,0,41,0.16908647195200002,0.2656185853658537,0.6212623414634146,0.28134730135819813,0.060104455077110486,9,0.21951219512195122
P-W4-V0017,val,prototype,4,49,0,1,49,0.19779253169349995,0.2540444081632653,0.6443594285714287,0.24969996599526698,0.04511030875256784,11,0.22448979591836735
P-W4-V0018,val,prototype,4,47,0,2,47,0.187379951215,0.24269172340425518,0.6705378510638297,0.25187940539250137,0.04744658296343027,15,0.3191489361702128
P-W4-V0019,val,prototype,4,27,0,1,27,0.10763291513350001,0.5678819629629629,0.7542352592592592,0.21155569868583055,0.06352897767781392,9,0.3333333333333333
P-W4-V0020,val,prototype,4,27,0,0,27,0.10479115134999996,0.5935474814814816,0.7385459629629629,0.22265032769907964,0.06691844288043615,10,0.37037037037037035
P-W4-V0021,val,prototype,4,28,0,0,28,0.10950230723400002,0.64320125,0.5834490714285714,0.30901205931594705,0.05999738727480299,8,0.2857142857142857
P-W4-V0022,val,prototype,4,25,0,1,25,0.08734222453699995,0.6736562,0.5302963599999999,0.3034751121322314,0.058603963969166506,6,0.24
P-W4-V0023,val,prototype,4,25,0,0,25,0.08841770571000003,0.6583333600000002,0.54874072,0.3108078718078292,0.05092026197813268,6,0.24
P-W4-V0024,val,prototype,4,29,0,0,29,0.119989129707,0.5847432068965517,0.7553321034482758,0.22231988937808603,0.05841345246251378,10,0.3448275862068966
P-W4-V0025,val,prototype,4,50,0,0,50,0.20503155713699994,0.59518236,0.5368333200000001,0.28585072471359596,0.05000156799263505,10,0.2
P-W4-V0026,val,prototype,4,52,0,0,52,0.189863908853,0.2849509230769231,0.5796028846153847,0.2553358309451345,0.04790618137514325,11,0.21153846153846154
P-W4-V0027,val,prototype,4,43,0,0,43,0.169424613407,0.2530282790697673,0.5683893023255814,0.2591397331470579,0.049551085666276605,8,0.18604651162790697
P-W4-V0028,val,prototype,4,52,0,1,52,0.1762775667245,0.2595502692307692,0.6048878653846154,0.25794822125724143,0.04730822906260357,10,0.19230769230769232
P-W4-V0029,val,prototype,4,45,0,2,45,0.16191299280549998,0.2513193777777779,0.6347633555555555,0.2585283460554241,0.04701331031967546,9,0.2
P-W4-V0030,val,prototype,4,47,0,0,47,0.18879768582199996,0.2633975957446808,0.5929865531914894,0.27547693302077136,0.051630615082679826,9,0.19148936170212766
P-W4-V0031,val,prototype,4,45,0,0,45,0.212473081866,0.28362266666666663,0.5581378444444444,0.28518956851601984,0.05273338454808269,8,0.17777777777777778
P-W4-V0032,val,prototype,4,52,0,1,52,0.208598370323,0.25998601923076925,0.5755609038461539,0.2881409143919763,0.04818147795725435,9,0.17307692307692307
P-W4-V0033,val,prototype,4,44,0,0,44,0.18773592463400002,0.2820431136363637,0.6050505000000002,0.27426180575357983,0.049334545311734264,9,0.20454545454545456
P-W4-V0034,val,prototype,4,47,0,0,47,0.17165903404700003,0.2368683617021276,0.6642730638297873,0.25085819649735913,0.04699520233784049,15,0.3191489361702128
P-W4-V0035,val,prototype,4,51,0,0,51,0.226989219098,0.27631739215686274,0.5803557450980393,0.2732689368902623,0.049030366989435595,9,0.17647058823529413
P-W4-V0036,val,prototype,4,54,0,1,54,0.23984841155399994,0.6097222592592594,0.5623627777777775,0.26554343725405494,0.053278598347258774,13,0.24074074074074073
P-W4-V0037,val,prototype,4,53,0,0,53,0.21921889456000004,0.5987814150943395,0.588714283018868,0.2774088898237368,0.05158094960812434,10,0.18867924528301888
P-W4-V0038,val,prototype,4,51,0,1,51,0.21998129325799995,0.5937908823529411,0.568572980392157,0.29007874846629167,0.051911055757885155,10,0.19607843137254902
P-W4-V0039,val,prototype,4,52,0,1,52,0.2084712836035,0.6014522884615386,0.5528400961538462,0.31070961431966787,0.05426365518623443,10,0.19230769230769232
P-W4-V0040,val,prototype,4,52,0,0,52,0.24079777393900004,0.6017428653846151,0.5702279230769233,0.27284208203273325,0.053399191050219355,11,0.21153846153846154
P-W4-V0041,val,prototype,4,43,0,0,43,0.152559565663,0.25698279069767443,0.6482558139534884,0.2561698893402501,0.04691325696671092,9,0.20930232558139536
P-W4-V0042,val,prototype,4,49,0,1,49,0.21723810097923504,0.27157308163265315,0.578598530612245,0.2778871600152559,0.04958955583856341,9,0.1836734693877551
P-W4-V0043,val,prototype,4,47,0,1,47,0.190722235049,0.2465591063829788,0.6405240212765957,0.24117370451136028,0.044502077845435625,12,0.2553191489361702
P-W4-V0044,val,prototype,4,49,0,0,49,0.216090831656,0.2675010408163265,0.573261469387755,0.2696486302554025,0.055635300937507064,8,0.16326530612244897
P-W4-V0045,val,prototype,4,28,0,0,28,0.10929263588000003,0.5715122857142856,0.7449073571428573,0.20368659970459368,0.06388906995622406,10,0.35714285714285715
P-W4-V0046,val,prototype,4,34,0,1,34,0.13290886058100002,0.6240120588235293,0.6732570882352942,0.23865092079526934,0.06195377692777586,10,0.29411764705882354
P-W4-V0047,val,prototype,4,30,0,1,30,0.11542496697549996,0.5908332,0.6584721666666666,0.26824865112149004,0.05709847918112854,9,0.3
P-W4-V0048,val,prototype,4,31,0,1,31,0.12109293123100001,0.5772516129032259,0.7715502258064516,0.1857987079658169,0.05456763825889844,13,0.41935483870967744
P-W4-V0049,val,prototype,4,41,0,0,41,0.18364870509300005,0.620179024390244,0.5468608780487804,0.282872446219802,0.0572415292418127,8,0.1951219512195122
P-W4-V0050,val,prototype,4,42,0,1,42,0.18754613078699994,0.6202259523809522,0.5141975714285719,0.2915940575767959,0.05518606577809041,8,0.19047619047619047
P-W4-V0051,val,prototype,4,29,0,0,29,0.11686743589899999,0.6580998965517242,0.4824393103448276,0.31734642549715925,0.06056567393430499,8,0.27586206896551724
P-W4-V0052,val,prototype,4,49,0,1,49,0.23017622424749998,0.6030187142857143,0.5074451836734692,0.2893197225080052,0.04856172225062733,11,0.22448979591836735
P-W4-V0053,val,prototype,4,49,0,0,49,0.220226732949,0.6197971632653062,0.523894612244898,0.29130486690709745,0.055058242499795795,11,0.22448979591836735
P-W4-V0054,val,prototype,4,40,0,1,40,0.17555318568649997,0.6510611249999998,0.486655075,0.29059798651888274,0.04993471730466248,10,0.25
P-W4-V0055,val,prototype,4,44,0,1,44,0.20030798126899999,0.6322738863636364,0.5337226818181819,0.2964264186248794,0.05544215559487402,10,0.22727272727272727
P-W4-V0056,val,prototype,4,35,0,1,35,0.1849918783365,0.628378,0.5756878857142856,0.2870240334967262,0.057885258657583184,8,0.22857142857142856
P-W4-V0057,val,prototype,4,47,0,0,47,0.19543340650000002,0.2715704680851063,0.6109338510638299,0.26690701861771454,0.050269389156705105,9,0.19148936170212766
P-W4-V0058,val,prototype,4,44,0,1,44,0.18570174348850002,0.2821554772727272,0.6263783181818183,0.25787297017279487,0.05257592062716205,10,0.22727272727272727
P-W4-V0059,val,prototype,4,46,0,0,46,0.178160674903,0.2739922826086956,0.6537540217391304,0.22710603657783643,0.0501972327204365,10,0.21739130434782608
P-W4-V0060,val,prototype,4,47,0,2,47,0.19591287259849996,0.26886653191489357,0.6211288936170214,0.2659805593791032,0.04734402334134732,10,0.2127659574468085
P-W4-V0061,val,prototype,4,40,0,1,40,0.13618203081599997,0.22991555,0.6668171,0.2313004180637975,0.04556703470602831,10,0.25
P-W4-V0062,val,prototype,4,57,0,0,57,0.23450754880400002,0.2730858947368421,0.5828541578947367,0.26039443626696124,0.04888455920849076,10,0.17543859649122806
P-W4-V0063,val,prototype,4,51,0,0,51,0.21378422959100002,0.275904,0.582788705882353,0.27935465099489953,0.05063985307058653,9,0.17647058823529413
P-W4-V0064,val,prototype,4,48,0,1,48,0.20760457770050003,0.2599014375,0.5804301458333332,0.2670988842516862,0.05264597762266602,8,0.16666666666666666
P-W5-V0001,val,prototype,5,53,0,0,53,0.23663650347200002,0.31885830188679254,0.4032146226415093,0.2870203525774627,0.05018915319611301,18,0.33962264150943394
P-W5-V0002,val,prototype,5,44,0,1,44,0.18543267641749997,0.24238281818181814,0.6279461136363635,0.2700877293608411,0.04935607124682282,11,0.25
P-W5-V0003,val,prototype,5,44,0,0,44,0.19683125098299997,0.25347415909090915,0.6490739772727272,0.25683010099652115,0.05582782700003727,11,0.25
P-W5-V0004,val,prototype,5,43,0,0,43,0.19887499668199995,0.24496734883720928,0.6484280930232559,0.2569200156588145,0.05134122981241615,12,0.27906976744186046
P-W5-V0005,val,prototype,5,52,0,0,52,0.254308213098,0.26678174999999993,0.5719017115384614,0.2884439661626882,0.047485791435324165,11,0.21153846153846154
P-W5-V0006,val,prototype,5,51,0,0,51,0.256033244193,0.27337115686274516,0.581290843137255,0.2723266359747488,0.050860780814288624,9,0.17647058823529413
P-W5-V0007,val,prototype,5,49,0,1,49,0.233836705528,0.2636267346938776,0.5667516734693878,0.28289298216298664,0.05354579884419558,9,0.1836734693877551
P-W5-V0008,val,prototype,5,53,0,2,53,0.2491509543215,0.27225335849056603,0.5799267169811321,0.28267100284836577,0.051711158628527154,10,0.18867924528301888
P-W5-V0009,val,prototype,5,46,0,0,46,0.24351974936499998,0.2796591739130434,0.5431763695652174,0.2742811615631306,0.05548042781442167,8,0.17391304347826086
P-W5-V0010,val,prototype,5,49,0,0,49,0.264541786554,0.2890093469387755,0.5829365306122452,0.2818117574060237,0.049781875605837085,11,0.22448979591836735
P-W5-V0011,val,prototype,5,52,0,0,52,0.25504802972600005,0.25671575,0.539770326923077,0.28128387250588605,0.05217354750701934,10,0.19230769230769232
P-W5-V0012,val,prototype,5,56,0,2,56,0.2114608693865,0.24214094642857145,0.598272142857143,0.2805932042890719,0.04508241259113843,13,0.23214285714285715
P-W5-V0013,val,prototype,5,48,0,0,48,0.219660347723,0.2504394583333333,0.5470389791666667,0.2849623725057433,0.04711237313546896,8,0.16666666666666666
P-W5-V0014,val,prototype,5,49,0,0,49,0.21270104429099998,0.2819461428571429,0.6111016122448981,0.26771214244665903,0.05096848774362479,10,0.20408163265306123
P-W5-V0015,val,prototype,5,57,0,1,57,0.23490562329199996,0.2507812807017544,0.5391569122807017,0.28683436672328,0.04424088328609441,11,0.19298245614035087
P-W6-V0001,val,prototype,6,50,0,2,50,0.27343482236699995,0.2843385600000001,0.5900463000000001,0.2835006266869553,0.05142069386165843,12,0.24
P-W6-V0002,val,prototype,6,55,0,1,55,0.27606226786250004,0.25662405454545445,0.533998309090909,0.277621483790842,0.04647183107307455,9,0.16363636363636364
P-W6-V0003,val,prototype,6,55,0,0,55,0.31184022089200003,0.3396638727272727,0.4647811454545455,0.28834538574699065,0.0531824267532909,13,0.23636363636363636
P-W6-V0004,val,prototype,6,22,0,0,22,0.165014107079,0.37921422727272724,0.36940245454545456,0.23676032293817137,0.07836924152954733,7,0.3181818181818182
P-W6-V0005,val,prototype,6,48,0,0,48,0.29342342989900005,0.33425020833333335,0.49941162499999997,0.284118694810196,0.05353275273870858,11,0.22916666666666666
P-W6-V0006,val,prototype,6,52,0,0,52,0.253504663117,0.26516426923076925,0.5894943076923078,0.2716284939793443,0.050170651999394376,9,0.17307692307692307
P-W6-V0007,val,prototype,6,51,0,0,51,0.26772885218000003,0.2714818431372549,0.5900145294117647,0.2856064981585352,0.052872620052840685,10,0.19607843137254902
P-W6-V0008,val,prototype,6,47,0,1,47,0.26895194032599995,0.2706449148936171,0.5684298510638296,0.2733991136835863,0.05449026279419067,8,0.1702127659574468
P-W6-V0009,val,prototype,6,49,0,1,49,0.266600851552,0.27906038775510206,0.5916855918367349,0.27168577808224054,0.05325918966025826,9,0.1836734693877551
P-W6-V0010,val,prototype,6,41,0,1,41,0.24217815791950004,0.2779344390243902,0.5682023658536585,0.28362115973762836,0.06016736367673911,8,0.1951219512195122
P-W6-V0011,val,prototype,6,59,0,0,59,0.28040850003699996,0.2647071355932203,0.539485254237288,0.2705101041886813,0.04783258861271314,10,0.1694915254237288
P-W6-V0012,val,prototype,6,54,0,1,54,0.23822708631349998,0.2777731851851852,0.530204148148148,0.3036123891617391,0.04631675474389017,9,0.16666666666666666
