scenario,timestamp_seconds,density,inflow,proximity,convergence,directional_coherence,corner,context,score_social_attraction,score_group_convergence,score_external_context,risk_raw,risk_smoothed,alert_state
social_attraction,0.0,0.050482530298105205,0.06759250939117306,0.051225044342442495,0.07099487909309192,0.14370542328484825,0.17730419577634512,0.0,0.06848331908493388,0.0835340724869965,0.0633799782749324,8.35340724869965,8.35340724869965,normal
social_attraction,1.0,0.0628868554024593,0.07283896594698357,0.06321257098369343,0.08069392479347472,0.1208272713076262,0.21321054875070894,0.0,0.08098628679595007,0.08509725024728505,0.0756272113702352,8.509725024728505,8.381544448384844,normal
social_attraction,2.0,0.03724408380481121,0.05126989571416919,0.07237341117984723,0.06279086119958016,0.11946624570349032,0.20414400871638388,0.011411272594764453,0.06692415171253488,0.06884486815405383,0.07024749631677082,7.024749631677082,8.137321381377447,normal
social_attraction,3.0,0.07674926052130433,0.06903706307089391,0.05278744160345333,0.07010756851536716,0.11724473121120832,0.19440185530971937,0.0,0.08021040603555996,0.08339170637414076,0.07250389886735684,8.339170637414076,8.173654247464041,normal
social_attraction,4.0,0.06765953689113859,0.0733192453764822,0.05280519249759445,0.07172224621595964,0.12498408409028676,0.2143730517025391,0.0,0.08031521481949569,0.08426157822741454,0.07532518339984703,8.426157822741454,8.219104891013977,normal
social_attraction,5.0,0.056495430177367634,0.06906506706814386,0.06604930933532278,0.043610115818819094,0.11150607404117327,0.17924880168160687,0.004552850296452245,0.07493012818451321,0.06762367665144349,0.06878185792125058,7.493012818451321,8.0884083179527,normal
social_attraction,6.0,0.05625660806171789,0.0575503844533808,0.04289262600592923,0.0375281840713405,0.1206878006162339,0.19386412201619874,0.0,0.06706449686071769,0.06600352426246424,0.06509059758447983,6.706449686071769,7.839655764214133,normal
social_attraction,7.0,0.06364602441334574,0.015031033702429274,0.0507289726114677,0.05938492315051076,0.13304042807012612,0.21060845391877306,0.005761148863153169,0.06052850720014402,0.07221099127891112,0.06644324127245425,7.221099127891112,7.72831556967599,normal
social_attraction,8.0,0.05678807637354792,0.06668763013475242,0.04994117840151137,0.037292262423868724,0.1161523266281881,0.20451190380234202,0.0,0.07281860075177954,0.06629053711900092,0.06975431731561756,7.281860075177954,7.647953580666345,normal
social_attraction,9.0,0.05728909366604144,0.06137851733173365,0.05478798875434513,0.05673017587820008,0.09145393975803032,0.1973037486839803,0.0,0.0718921100396189,0.066248097513148,0.06834354438291616,7.18921100396189,7.565379916859543,normal
social_attraction,10.0,0.06864081384010935,0.05556535666641733,0.05829280320071046,0.04226131508785895,0.11214108053775176,0.1981546852617057,0.0,0.07508256117031166,0.0683217373751785,0.07043782380043218,7.508256117031166,7.555097632890435,normal
social_attraction,11.0,0.06617646246928524,0.06933718350760189,0.0821305011284715,0.052511560460818014,0.12921693071713738,0.19719748135731882,0.0,0.08421529033438016,0.07762797198403223,0.07539494146073183,8.421529033438016,7.711055284989,normal
social_attraction,12.0,0.0592304647723898,0.06318843575934244,0.07088833107994005,0.05098575759617195,0.13345075971991882,0.21040689094748358,0.0028326741327785888,0.07844996526287253,0.07549358664563871,0.07488878840970063,7.844996526287253,7.735164708422687,normal
social_attraction,13.0,0.058974281241769656,0.062447468897969365,0.06026877858774692,0.06623996940912365,0.12436289104179887,0.196348337791303,0.01701762008749324,0.07407726753007722,0.0783854026987808,0.07457724695571996,7.838540269878081,7.753772309484658,normal
social_attraction,14.0,0.061930995871987735,0.042196908300532035,0.057303577310397376,0.05223307798368668,0.13712899078410798,0.20813509352522266,0.008088692371605801,0.06947432472547693,0.07437611020339407,0.07136489843256325,7.437611020339407,7.6968632774385135,normal
social_attraction,15.0,0.05263177926577313,0.04248812935424216,0.07049221518703655,0.04622696120009527,0.10752457081645277,0.17495511285364357,0.005579273481900158,0.06628612663141674,0.06259174334372615,0.0641382121496452,6.6286126631416735,7.504578166865082,normal
social_attraction,16.0,0.055154996824124676,0.06444643232775145,0.06514079914577016,0.0605856605806552,0.13534637154917808,0.21475303441002838,0.0,0.07639868181421444,0.07849728814571771,0.07341969096785886,7.849728814571772,7.566705283452286,normal
social_attraction,17.0,0.06657912216247701,0.060912685353209,0.07069450747521584,0.09560620765075004,0.12251723708658453,0.22929866135202656,0.0,0.08217999136683626,0.08987316529300925,0.07891663562716444,8.987316529300925,7.822415307705041,normal
social_attraction,18.0,0.05843420648230963,0.061664890712222246,0.07657170094425934,0.06591330167742003,0.1281116022936354,0.20599574150503253,0.0011084104817987975,0.07869393886904313,0.07895584138791661,0.07395400149048033,7.895584138791661,7.835585697300633,normal
social_attraction,19.0,0.043506885891879316,0.0619951551252169,0.047901781101794084,0.03666088512159052,0.08567503539173076,0.1989617098767575,0.0,0.06569757286284711,0.054426063382241735,0.06497825958777902,6.569757286284711,7.6077365833177675,normal
social_attraction,20.0,0.05427265536440151,0.06493747700867207,0.032965740494134074,0.06109576719474041,0.13070980334552007,0.19357910628847533,0.0014951826735720964,0.06607601823252321,0.07736975474694034,0.06470438975806793,7.7369754746940345,7.630999583765496,normal
social_attraction,21.0,0.06787945926352246,0.06043278796498792,0.05973837006932662,0.09085316706028204,0.12279549977016843,0.20839721759327123,0.0,0.07766196140838802,0.08853226642426962,0.07328100907650592,8.853226642426963,7.85100045432456,normal
social_attraction,22.0,0.057212606735000664,0.06189325031590398,0.06095353643807023,0.06202970154776917,0.1428998528785825,0.19219791265528324,0.020872979400705243,0.0730505628270673,0.08102249799250061,0.07457101571136449,8.10224979925006,7.896225336411151,normal
social_attraction,23.0,0.05821520627716412,0.063073372258334,0.06344134630719621,0.07536799077178316,0.12225836871018557,0.19017519336037864,0.0,0.07417518978734455,0.08095819635571162,0.06865528771233809,8.095819635571162,7.932152310259953,normal
social_attraction,24.0,0.06770203953805486,0.07115291452629273,0.05281411482106523,0.07332137118839965,0.1083203275011036,0.17445314853866295,0.0,0.07569043175533963,0.0803410088546734,0.06702609201744725,8.03410088546734,7.950503053797283,normal
social_attraction,25.0,0.08189532365898522,0.05382373421347495,0.05720855664347189,0.07426049750377306,0.11036104797250446,0.20291129782425035,0.009438059459743154,0.07940375248798032,0.08212882716621422,0.07644758576311209,8.212882716621422,7.997731393105629,normal
social_attraction,26.0,0.05144173593758054,0.06985511402604559,0.06670484037181167,0.0726095369753957,0.12486732987831553,0.19651009033716565,0.0,0.07528836091263635,0.07996887149926935,0.07007435841462784,7.996887149926934,7.997579429333464,normal
social_attraction,27.0,0.07617848176120917,0.06929597536831049,0.0673507015212835,0.06339179561559566,0.12369356745750264,0.19716838990293722,0.012083024019757142,0.08400577559753095,0.082549537075383,0.07879128307219552,8.400577559753094,8.070119092808998,normal
social_attraction,28.0,0.045239846695921675,0.06496677720086007,0.07597174611455995,0.05778820320991139,0.11239034918289707,0.19997228342333884,0.0,0.07431414437480448,0.06937843667330268,0.07018320452116511,7.431414437480448,7.955152254849859,normal
social_attraction,29.0,0.06209973147288449,0.060823658640688255,0.03400464703103927,0.0566574097290251,0.1071838414620894,0.1915025867674274,0.0,0.06763342404221862,0.0712745354350055,0.0649447094988215,7.12745354350055,7.806166486806984,normal
social_attraction,30.0,0.04596564576585136,0.07453710099694136,0.04021609817011881,0.06144325670889446,0.13819225421063996,0.20224821917118713,0.0,0.0687279527767788,0.0787251799917771,0.06685575286246673,7.87251799917771,7.818109759033716,normal
social_attraction,31.0,0.07621749821405024,0.08479580119150393,0.07754329438666985,0.06512440939747291,0.11713590514780423,0.18704093395851953,0.011821505575573264,0.09020478172488818,0.08385126430830472,0.080549002443912,9.020478172488817,8.034536073455634,normal
social_attraction,32.0,0.07000707596061902,0.06656628500668878,0.06729838245087591,0.04469193006219265,0.11917779962829587,0.1986153213375367,0.0,0.08115848983469594,0.07292333716999946,0.07380417957826585,8.115848983469593,8.049172397258147,normal
social_attraction,33.0,0.07365260141586082,0.08594574756571276,0.06952121852136241,0.05663450545985224,0.11359984103760846,0.19662299182009035,0.0,0.08860473857761475,0.07952704965917251,0.07737516356025151,8.860473857761475,8.195206660148745,normal
social_attraction,34.0,0.049373602145334046,0.09238591351375097,0.056581986149655226,0.059513256510202846,0.13678048576089755,0.17950044988019573,0.008544478359716579,0.07709207633042559,0.08122604878219153,0.07068333886253185,8.122604878219153,8.182138339401419,normal
social_attraction,35.0,0.06821466030581683,0.0907374551505757,0.05431013528393827,0.061294309856047904,0.13338551131493126,0.18545635160252957,0.003458877817993113,0.08321953663344611,0.08546366962739015,0.07352900429224431,8.546366962739015,8.247699491602187,normal
social_attraction,36.0,0.053771840042046035,0.09893612387980417,0.062397644849429924,0.05628376942185336,0.10774027512280264,0.19318082847849086,0.012083274736536536,0.08341847523886393,0.07491776667083147,0.07721558143445345,8.341847523886393,8.264646137413346,normal
social_attraction,37.0,0.054511376266176685,0.09606123559277215,0.04872254991020294,0.06967682868794729,0.11908103275240065,0.19440343049677325,0.007068677457642635,0.07951833289822154,0.0821941776343417,0.07362113241532905,8.21941776343417,8.256505030097095,normal
social_attraction,38.0,0.06607844495278477,0.11033551777401052,0.04163805975499313,0.05875211494946005,0.10893466769376875,0.205679986174788,0.009982914450674478,0.0872056246219049,0.08086684606005097,0.08014259719006744,8.72056246219049,8.340035367873906,normal
social_attraction,39.0,0.07052061806962448,0.11459090592287163,0.04667316108190456,0.05549473199053995,0.1422521767880142,0.19966653859906092,0.0,0.09069443223161228,0.08980499079952939,0.07822704138445351,9.069443223161228,8.471328781825624,normal
social_attraction,40.0,0.06245304258486451,0.1356577743515679,0.061398314197445535,0.045157668723885824,0.12531932273531948,0.2063934621971671,0.0,0.09854482197925103,0.08309694153614122,0.08332771423875833,9.854482197925103,8.720296396723532,normal
social_attraction,41.0,0.052707497839379135,0.14688016433909518,0.06764629547557219,0.050671210261158346,0.11663740409917074,0.2050910540414097,0.00812989415144942,0.09993235281854526,0.08210317372690716,0.08617764759379269,9.993235281854526,8.949425396047111,normal
social_attraction,42.0,0.05105735432471972,0.15815418659884112,0.07981511220858652,0.06275534899791545,0.11595002472539406,0.18239737056600708,0.008289423860653322,0.10350984510205158,0.08743934490162503,0.0848731669574555,10.350984510205159,9.20170603659556,normal
social_attraction,43.0,0.07949390343526723,0.18064649133236993,0.0644618566293154,0.061430108632678705,0.12653002437584465,0.2159575884679865,0.010605134287787352,0.11972803660618202,0.10010349367407101,0.09903809086123976,11.972803660618201,9.700503608919636,normal
social_attraction,44.0,0.07094620418413551,0.18593240314981146,0.06567020408241592,0.035535527190645275,0.11704763752805605,0.21175315962661936,0.0,0.11820375939265679,0.08732575541724547,0.09428026384698508,11.820375939265679,10.082080628381924,normal
social_attraction,45.0,0.07456482075706296,0.19187804716296786,0.08025769114481288,0.07109164117277705,0.13851192075415897,0.22480778035159915,0.0,0.12620630223522553,0.10693296686272262,0.10069488096789952,12.620630223522552,10.539019555507236,normal
social_attraction,46.0,0.09468232418485717,0.20482607524979876,0.050680134895662865,0.051568697596388956,0.10899474831614074,0.22282993332563836,0.0,0.1295396630961192,0.09969222357145542,0.10182838302391836,12.95396630961192,10.97370997124608,normal
social_attraction,47.0,0.061676311283038736,0.21317500210192927,0.04848850353790851,0.049176912566314165,0.10561656408722393,0.2456025198880853,0.0,0.122221587452928,0.09101138855606501,0.10070529208020047,12.222158745292798,11.19843075057449,normal
social_attraction,48.0,0.10559085023781867,0.2380432484482876,0.05354482012601432,0.07337652883222023,0.13788929511108128,0.2432938954899495,0.0,0.14608536669822134,0.12225830869574521,0.11351515943169893,14.608536669822133,11.812249816039067,normal
social_attraction,49.0,0.11651410459956275,0.2518313438660734,0.0588453112362396,0.07396021267787256,0.11658778002531991,0.2588378619861971,0.0,0.1569244537773486,0.12193624717338708,0.12167189158249891,15.69244537773486,12.51068501714431,normal
social_attraction,50.0,0.10235584568413227,0.2882157319080621,0.08427882927673243,0.05146308719127809,0.13966234483519924,0.26657670192944616,0.0,0.17001664307399264,0.12174898793298952,0.12966069370043487,17.001664307399263,13.319061289390202,normal
social_attraction,51.0,0.09748834932132575,0.30180669462772125,0.0561764464186843,0.055732585527037685,0.13429908268874585,0.25761369498044095,0.006819419658151294,0.16446841175349552,0.12272426713113928,0.12676370591475958,16.44684117534955,13.882061668862885,normal
social_attraction,52.0,0.08461256219729281,0.31608365210864064,0.07712402557117438,0.045311370486788814,0.10874289565412878,0.2817464192241705,0.011108877652429277,0.17189514071685533,0.11161039194952757,0.1355856112319937,17.189514071685533,14.477403101370964,normal
social_attraction,53.0,0.10990545046873092,0.33852590881580147,0.05753927320796852,0.06977072271799241,0.11920163470225655,0.28257842670465877,0.0,0.18266734128125425,0.13247541056641443,0.13790655273824343,18.266734128125425,15.159482686186767,normal
social_attraction,54.0,0.09842102754409125,0.3144494786895006,0.07155994551632255,0.07085613139978884,0.12875319849283465,0.27531374291265204,0.006055188095751512,0.17420356391762795,0.12876062430258267,0.13446492415094757,17.420356391762795,15.566439953190454,normal
social_attraction,55.0,0.10959441792776911,0.3528414358390351,0.07695251798549399,0.05473424670488193,0.12732554439097105,0.2950823902667072,0.0,0.1929568455494739,0.13131319230224897,0.14540445471257463,19.29568455494739,16.237703981506705,normal
social_attraction,56.0,0.11283977757589067,0.36982052747098226,0.07893072866716429,0.0767002137267654,0.13557225956059624,0.30634163184207175,0.0,0.20080692574385467,0.14442116320913695,0.15114897030431448,20.080692574385466,16.929441928224882,normal
social_attraction,57.0,0.12654220826312074,0.38251459095143203,0.08593406486390107,0.07102299657374452,0.12670580475605975,0.32944867162768293,0.000517770725223771,0.21347253355626541,0.1455472406983205,0.16162080556802785,21.347253355626542,17.724647985157183,normal
social_attraction,58.0,0.14573564978648687,0.4186009133367113,0.07364967044284909,0.05851547736133313,0.135299454384111,0.3192662079203513,0.0,0.2269267898290312,0.15352933011962275,0.16683795910830168,22.692678982903118,18.618893564751453,normal
social_attraction,59.0,0.13107604281191887,0.4399638779143688,0.1049817839008938,0.06865901765085258,0.15073782072789188,0.35176557398749947,0.0,0.2392877817324556,0.16047870374990642,0.17831017263217305,23.92877817324556,19.574672794280392,normal
social_attraction,60.0,0.13369507625105267,0.4378168526629002,0.10544583447215544,0.040143932948983,0.15724865715216954,0.3518311423441201,0.0024569125621894897,0.23968290533918934,0.15245883778238464,0.17933172055794977,23.968290533918935,20.36552398741533,normal
social_attraction,61.0,0.1415645213790063,0.4505627544036241,0.0919761368484277,0.05684645964755414,0.13443270522545114,0.3270944482518709,0.0,0.24041988784103344,0.15647998068830193,0.17511262761398322,24.041988784103342,21.027287650819172,normal
social_attraction,62.0,0.15035462736978975,0.4460011447721132,0.11373424235537764,0.06301987900808859,0.14390880541693374,0.35009148852131655,0.0005649772002120105,0.24986717245203643,0.16252298756532885,0.1842190244074085,24.986717245203643,21.739984977808376,normal
social_attraction,63.0,0.15345922289220854,0.46283381984674965,0.10257801202114046,0.05987492167156434,0.14806362694231467,0.37977410045350224,0.0,0.25618278701693326,0.16576200802069077,0.19145843944932567,25.618278701693324,22.438077848107667,normal
social_attraction,64.0,0.16861097185874574,0.5015311921646697,0.12489286066103464,0.08459938675999536,0.136386480149293,0.3656372636907686,0.005333726631042626,0.27726013933429744,0.18108882719270852,0.2024133730230713,27.726013933429744,23.389906343465643,normal
social_attraction,65.0,0.20428497942927162,0.5090924077353807,0.1184891981989662,0.06372639488639312,0.16694103086732592,0.3993141906126089,0.008283804119407425,0.29378118373186174,0.19147460194469407,0.21734221613435037,29.378118373186172,24.46778450881534,normal
social_attraction,66.0,0.1911022194520747,0.5109047562491541,0.1504236797818219,0.06439753176636137,0.16565644471693014,0.42080744598137054,0.0008231854162415162,0.2998438682265649,0.18836451559785078,0.2218281541162079,29.98438682265649,25.46077292530675,normal
social_attraction,67.0,0.21101065632612342,0.5422335843405537,0.1870924518801363,0.04406408984332009,0.16841967450428036,0.41171587213392713,0.0,0.3244685051997361,0.19161505180384603,0.2339442111251136,32.44685051997361,26.718266892346783,normal
social_attraction,68.0,0.2032639390735973,0.5648501718946936,0.17932527657951564,0.057750149581372576,0.16420456691288748,0.4426299122066973,0.011310234324057627,0.3296917406097158,0.19680720463430562,0.24419815782440757,32.96917406097158,27.843430182699247,normal
social_attraction,69.0,0.23007234728922324,0.5885061229614219,0.1810210282096816,0.050597736562153175,0.1794123936935736,0.45249900726541764,0.0015742176154047288,0.3475823162186169,0.2083563114866661,0.2524156088712151,34.75823162186169,29.08809444174849,normal
social_attraction,70.0,0.21753627859432179,0.5926433939258882,0.17239778282392157,0.08818519257383989,0.1840391101231178,0.4468646345846672,0.0,0.3417166248502262,0.22015517366908707,0.24763635914826923,34.17166248502262,30.003136689537833,normal
social_attraction,71.0,0.24063961338962186,0.6072600181774394,0.19916279490861943,0.055121607633134256,0.1899711853704837,0.45810848643210406,0.0012766365871189696,0.3620034175099647,0.21803426508823925,0.26109603290338973,36.200341750996465,31.118633600600386,normal
social_attraction,72.0,0.2868787625579979,0.6269936344423506,0.2205515263887713,0.06186111165454846,0.17763923927162384,0.47167518817012666,0.0,0.3908110576422099,0.23182993470284996,0.2788425642702932,39.08110576422099,32.5518785900521,normal
social_attraction,73.0,0.26381952405813275,0.6452758007687104,0.2173659128742552,0.07555319585202892,0.18755249477609579,0.48583840992551697,0.0,0.388844892862075,0.23607799337207383,0.2793278438431748,38.884489286207504,33.691748515360075,normal
social_attraction,74.0,0.2954276660901971,0.6453545107382133,0.23240281426388784,0.06957608049675341,0.18241842319839052,0.4728017009078722,0.0,0.40238691000979215,0.24061632710674258,0.285309472149929,40.238691000979216,34.87019816277152,normal
social_attraction,75.0,0.29879398283478775,0.6852340759553647,0.2232624329283409,0.04568818004519764,0.18697023274138597,0.5007202573494184,0.0,0.4160357507458121,0.24021702830316727,0.2961773243693971,41.603575074581215,36.082206006897266,normal
social_attraction,76.0,0.30300615318059176,0.7172296183937602,0.24637348867800135,0.0714028908086785,0.20641627703456458,0.4933091566524448,0.0,0.43214532696608,0.25993106209589056,0.30380352802737154,43.214532696607996,37.3660248110452,normal
social_attraction,77.0,0.30867928568564285,0.7161954047932529,0.24778601271583225,0.07356375095766306,0.19910176598722448,0.5201208012996492,0.0,0.43685495473687386,0.2601218864723868,0.3103572300234212,43.68549547368738,38.5035295303208,normal
social_attraction,78.0,0.34375467177027136,0.7042728002267316,0.3065341096316821,0.06433591593442438,0.2004498076008115,0.5324333285539669,0.0,0.4614728354509316,0.26420961045382896,0.3268586365436097,46.14728354509316,39.87940525297982,normal
social_attraction,79.0,0.3381256258924133,0.737737227185471,0.30307563195841575,0.07373294383841428,0.21338241388474946,0.5239747878066224,0.004319174954692126,0.4678315239882522,0.27434412436555633,0.3298377640977978,46.783152398825216,41.122079739232,watch
social_attraction,80.0,0.37065173708231247,0.7300722276631686,0.3201760393312504,0.07122761797172766,0.21798602576369064,0.54123755620141,0.0,0.4829175417307135,0.2815999411510808,0.3399150987059073,48.29175417307135,42.41262113732308,watch
social_attraction,81.0,0.35587872899672457,0.7436494576159571,0.3233380050600173,0.055313185943194225,0.20480461548366818,0.5621216476361522,0.0022764093585147882,0.48469905846226025,0.27107786984260973,0.344331117535526,48.46990584622603,43.50293238492561,watch
social_attraction,82.0,0.37748806784869454,0.7875137500401644,0.32273079137981303,0.06729375896405707,0.2099335004437767,0.6031886153551399,0.0,0.5093765081395596,0.28853527021656245,0.3626720178537635,50.93765081395596,44.84118170215107,watch
social_attraction,83.0,0.3947762713485021,0.7941786640020839,0.35703936016265303,0.0765671947186182,0.23009068646953162,0.5708407582423732,0.005256533326971217,0.5227692100375014,0.3021420572063374,0.367383069540977,52.27692100375015,46.1796147764389,watch
social_attraction,84.0,0.40614711546798055,0.7982660058180626,0.36212213373476754,0.07168270651931204,0.23167416836466803,0.5990290875104309,0.0,0.532064734343947,0.30428416911263073,0.37509346152860684,53.206473434394695,47.44444933487095,watch
social_attraction,85.0,0.39942178710562704,0.7943256350295459,0.3731005329980136,0.08772219089683331,0.22663946985417047,0.5966848128538735,0.0,0.531038930530724,0.30636692630827295,0.37433524519603406,53.103893053072404,48.463149204147214,watch
social_attraction,86.0,0.41888683516014974,0.816589612446626,0.40051079325191924,0.0959368663724691,0.24726642070526356,0.6125842877709997,0.012487331247418949,0.5529734031301199,0.3226046590637114,0.3926054848152374,55.297340313011986,49.693303603742876,watch
social_attraction,87.0,0.4371926494901409,0.8457619781462755,0.4163828635419145,0.0899735172577613,0.23545058638789618,0.6383730994291841,0.0047593163160426655,0.574679046593829,0.32651583673166706,0.4058626709319063,57.467904659382896,51.092731793758084,watch
social_attraction,88.0,0.4420401563930653,0.8557331153966112,0.42821288752348446,0.08511293518464437,0.2171433944171459,0.6395160376643427,0.010565340532826956,0.5824388150038615,0.32294538232667,0.412072741409344,58.24388150038615,52.37993874095114,watch
social_attraction,89.0,0.4731945679732272,0.8746764010992041,0.43647870745192774,0.10893882291084411,0.2343984345899274,0.6498965431910836,0.002890513827750248,0.6021303503024811,0.3462282988244647,0.42215864266385694,60.21303503024811,53.7898960730246,watch
social_attraction,90.0,0.4849376684659071,0.8952240984094354,0.4493908357355073,0.09733545198614346,0.2298248419915949,0.6593910307211145,0.003329338933481578,0.6165822254918863,0.347041650570941,0.4315567816391902,61.658222549188636,55.206194838734135,watch
social_attraction,91.0,0.46723452007755767,0.8828882967324359,0.47679140162652883,0.10312228855509346,0.2647789028044228,0.6688968692722252,0.0,0.6144861083807307,0.35152940122464316,0.4311782326238013,61.44861083807307,56.329829718615144,watch
social_attraction,92.0,0.4819085740796083,0.902054558997529,0.5069054760882016,0.09300169086596627,0.26053461775967257,0.6442275959536318,0.004222500933747272,0.6304334972445351,0.3534695736125377,0.43783798954963177,63.04334972445351,57.53826331966606,watch
social_attraction,93.0,0.5010496177432743,0.903671418630729,0.4885126262021355,0.1029161531385524,0.25926145894381575,0.6826694139631823,0.0,0.6368638897462167,0.36164913556487516,0.445571413066221,63.686388974621664,58.64492593755807,watch
social_attraction,94.0,0.53068758083406,0.9076739462520167,0.5153982614278951,0.12094563392446603,0.2333089358226453,0.6845655876584648,0.0,0.6553489612903463,0.3694811929755419,0.45651146485049177,65.53489612903462,59.88512057202385,watch
social_attraction,95.0,0.5665166320708642,0.9183906360517416,0.5368304508157992,0.12140287420523024,0.24658788648796226,0.6975694138834578,0.0,0.6777625661326205,0.38352573101929843,0.47110037222099554,67.77625661326205,61.30552505944673,warning
social_attraction,96.0,0.5503450559277183,0.9399200541560389,0.5523252112904107,0.11380601717550817,0.2656063721855637,0.7096979155997382,0.0,0.6836478802040895,0.38480797116315413,0.4758453841224587,68.36478802040895,62.576192392419934,warning
social_attraction,97.0,0.5707232584936395,0.9224589723609639,0.5625080398046498,0.11977916308857119,0.24905243561641915,0.7111430944128142,0.0,0.6882321515735068,0.38523547646265915,0.4791183224061327,68.82321515735069,63.70065649010748,warning
social_attraction,98.0,0.5676982474904301,0.9542264432548347,0.6080770348231793,0.12574769695581847,0.2846090580432595,0.720550420184336,0.004407812094911798,0.7090366203223294,0.40022248680618405,0.4933175988751289,70.90366203223294,64.99719748769007,warning
social_attraction,99.0,0.5805823774594503,0.9632993214131744,0.6049517274415686,0.11578960349045643,0.27485133248995197,0.703919627110046,0.0006284347087451976,0.7138235231061566,0.3988796869209865,0.49232658865473433,71.38235231061566,66.14652535581668,warning
social_attraction,100.0,0.5822858609759135,0.950321372593364,0.6034369493034749,0.12862159546688381,0.2770290099458983,0.7286477562318712,0.005927415460441055,0.7126204760686348,0.4023944820328669,0.49702869636421515,71.26204760686348,67.0673193610051,warning
social_attraction,101.0,0.6179906756356665,0.9565340189837747,0.6076544292711653,0.12849983578244462,0.28051907836218687,0.7268295668901115,0.0,0.7278535061744181,0.4130824838708851,0.5035923157433966,72.78535061744181,68.09656498716372,warning
social_attraction,102.0,0.6421763183668554,0.9393564551911927,0.6430064913550355,0.12182771847427715,0.27227960716133975,0.7315237413798864,0.0,0.7404726449625048,0.4121571511267247,0.5120944539312826,74.04726449625048,69.16769089879934,warning
social_attraction,103.0,0.6389194281548506,0.9866670396054548,0.6774948504005512,0.1441201837522438,0.2734263974596664,0.7521226241276213,0.0,0.7642078867487341,0.42652857665773286,0.5278326939573953,76.4207886748734,70.47324849849267,warning
social_attraction,104.0,0.6722497596830981,0.9713282690138342,0.6765428164563275,0.1444183384981247,0.2652784405952855,0.7341391488233442,0.02218800932842082,0.7692355155896509,0.4306277088960147,0.535114847320339,76.92355155896509,71.6343030493777,warning
social_attraction,105.0,0.6700516148902314,0.962067310360691,0.6607283606564857,0.13243432726721593,0.2903108575285945,0.7349933260603597,0.0,0.7618196810899456,0.43075272920233565,0.5244283388426947,76.18196810899455,72.45288276010875,warning
social_attraction,106.0,0.6793088227439936,0.9606892512406188,0.6860726330244189,0.1443160050354357,0.2967137040422011,0.7297107256743888,0.02324716925238258,0.770454094156127,0.43861962114504405,0.5357923430991469,77.0454094156127,73.27953755809946,warning
social_attraction,107.0,0.6978952877230122,0.965411662422695,0.7179145231436174,0.15666081507045487,0.29063308612762356,0.7438831868132563,0.0,0.7877537988970927,0.4467751281007224,0.5408546227422005,78.77537988970927,74.26878917778923,warning
social_attraction,108.0,0.7093439632960847,0.9521851687784183,0.742845078481062,0.12685045297165454,0.29156963446121464,0.7616957609783459,0.0,0.7958067835052552,0.43745383329616666,0.5484624819438082,79.58067835052553,75.22492922888178,warning
social_attraction,109.0,0.7289316939392854,0.9633991411714876,0.7450543591019835,0.16756943997117746,0.2849782922273905,0.7296957985533318,0.0024587442900673457,0.8033790048610252,0.45663667170730415,0.5487311468265643,80.33790048610253,76.14526405518151,warning
social_attraction,110.0,0.7170432154933857,0.948917076785109,0.7581969746420837,0.1723552007106687,0.30038432178308205,0.7530146161844158,0.006061972948474475,0.8004909537371803,0.4570187660856173,0.5518972659341816,80.04909537371803,76.84795369251809,warning
social_attraction,111.0,0.7105554606284556,0.9659678351135698,0.7820244845315313,0.18070293215194042,0.26888699539420163,0.7196068590015378,0.0,0.805951568787067,0.4530018155258789,0.5482313118727639,80.5951568787067,77.52245026603205,warning
social_attraction,112.0,0.7505618000343268,0.9518614407568209,0.7966485306331231,0.16949666306751254,0.28578314241214614,0.7417168947706756,0.001800922369301155,0.8215888843744089,0.4611892837987708,0.5612725113802824,82.1588884374409,78.35700913688565,warning
social_attraction,113.0,0.7528356027036763,0.9707462199446177,0.7855447804482579,0.1632468217739407,0.2916666011186614,0.7552499032092553,0.01575789061349101,0.826627512362662,0.4638738715681563,0.569788118425565,82.6627512362662,79.13204271477416,warning
social_attraction,114.0,0.7706491893522356,0.9585555701754579,0.8106568505936782,0.19148860588637104,0.2937889956097627,0.7435372820697497,0.030148688721552856,0.8343118281813143,0.4769138938270481,0.5772637640162334,83.43118281813143,79.90588793337847,warning
social_attraction,115.0,0.8015459442877926,0.9632249529742599,0.8052791604255247,0.1710221290384684,0.302614932010636,0.7355755751547295,0.004061416157554624,0.8443859140148595,0.48038170718421,0.5739183457457385,84.43859140148595,80.72177455763781,critical
social_attraction,116.0,0.7787293580084738,0.9955306573221177,0.8148294872841529,0.19752296620922438,0.2976911295064713,0.7455811928716778,0.0074809353594125225,0.8494799636078072,0.4875677586502824,0.5786604124747947,84.94799636078072,81.48249448220355,critical
social_attraction,117.0,0.8113109013731905,0.969650797646893,0.845384891322805,0.18636361682283825,0.30186561752267277,0.7618693032158139,0.0,0.8623872079269672,0.48896901525899317,0.5868913942632557,86.23872079269672,82.33861521809231,critical
social_attraction,118.0,0.8234250461014153,0.963213605009664,0.8313987095964481,0.18569089054077523,0.31494927965161723,0.7679032201377092,0.018951455557553475,0.8618028470512775,0.494067433878979,0.5931429371060077,86.18028470512775,83.03011572575869,critical
social_attraction,119.0,0.827306871795996,0.9605326627377018,0.8602350853166738,0.20465204559315173,0.3164652298907591,0.7681465268833225,0.0,0.8695906279674099,0.5016511407899471,0.5922058419440202,86.959062796741,83.7373261985355,critical
social_attraction,120.0,0.8446563058789535,0.9475300545834309,0.8712281534804988,0.2177818025613674,0.307771294529232,0.7581874625525431,0.00525696151517237,0.873514508058042,0.5064600391860397,0.5949595733504405,87.3514508058042,84.38786862784387,critical
social_attraction,121.0,0.8349334718992215,0.9730106536632298,0.8865813947300334,0.2055319965289445,0.31498321923820016,0.7543269513604717,0.0,0.8812079550822518,0.5053669696189704,0.5967908919109282,88.12079550822519,85.05979546631251,critical
social_attraction,122.0,0.8411894248453932,0.9792280701872647,0.870738908360996,0.20746605524779985,0.3207557014086558,0.7618300596762504,0.0,0.882052452809941,0.5099836114283319,0.5980989436865679,88.2052452809941,85.6259764329552,critical
social_attraction,123.0,0.8704938382863295,0.9607722614499234,0.8969047099466113,0.19304533566685111,0.3044450441882375,0.7361235355565616,0.02620706584972302,0.8907430528775014,0.5054164273195282,0.6078371402329754,89.07430528775015,86.24667562681829,critical
social_attraction,124.0,0.8750436002622943,0.9801210183360637,0.8980961807139315,0.22606126077845645,0.2832203695205417,0.7383695683125822,0.011912842969584204,0.8986625676023632,0.5157055864685782,0.6079890664633499,89.86625676023633,86.89820023083354,critical
social_attraction,125.0,0.891164615451215,0.9586526667599738,0.9241587965760573,0.21962067999896062,0.31206335259402923,0.7654986720272431,0.010129806479227309,0.907092981782656,0.5214721300249433,0.6167933189398644,90.7092981782656,87.58419786137132,critical
social_attraction,126.0,0.884804423427421,0.938723347800475,0.9035789577010532,0.21801978840823572,0.28806100055552847,0.7602752794089447,0.0,0.8932208199058976,0.5103317841086911,0.6053612863925023,89.32208199058977,87.89701700463064,critical
social_attraction,127.0,0.9092040402336815,0.9521611405331785,0.9047616087150574,0.23938194365848978,0.3223422517365622,0.7605009859723855,0.0,0.9061102570177451,0.5344944243530091,0.6124794176284488,90.61102570177451,88.38553857011655,critical
social_attraction,128.0,0.8934787880913573,0.947316092043052,0.9290811474324867,0.2071351140124894,0.320700546210282,0.7526619096483798,0.0,0.9044488812678503,0.5181395372862388,0.6106877254692783,90.44488812678503,88.75622149031689,critical
social_attraction,129.0,0.8909510744214445,0.9567055197163887,0.9171949554152581,0.22200691214528565,0.2937812848839295,0.7401000613938641,0.0006425294912624646,0.9021532769556231,0.5173913370346518,0.6074880572801876,90.21532769556231,89.01886060726108,critical
social_attraction,130.0,0.8857007022245551,0.9675237697302215,0.9156917128835554,0.23008735684659298,0.2868026105917846,0.7370387738162681,0.007819027555904991,0.9028791823001763,0.5187849685599256,0.6093759258670026,90.28791823001762,89.24729097935726,critical
social_attraction,131.0,0.9030498511856573,0.9488523171411397,0.9452579097265988,0.22829202522717898,0.29173612217879746,0.7612565628879369,0.0,0.9131632767777653,0.5209265497417973,0.6169778168448796,91.31632767777653,89.61971758507273,critical
social_attraction,132.0,0.9318504191381615,0.9590370586741892,0.9419534335526395,0.2042455009112166,0.2992190266220779,0.7629939193634616,0.014465035949312404,0.9256465146251193,0.523108845560114,0.6284569523191426,92.56465146251193,90.14980568301179,critical
social_attraction,133.0,0.9098424300876408,0.962392225132282,0.9012242655222091,0.23915203117844744,0.31537517519340297,0.736554322197761,0.0033808007682278934,0.9061240166706872,0.5343664460025598,0.6098360642857223,90.61240166706872,90.23307296014205,critical
social_attraction,134.0,0.9270085580310042,0.9512036610962454,0.9285856493136431,0.23589335865584615,0.28517486254301366,0.7411258307172993,0.002935975989391898,0.9160730890398658,0.5282890798374874,0.6164760671079614,91.60730890398658,90.48043543003408,critical
social_attraction,135.0,0.9623441192530908,0.9490881708691797,0.9267035561592115,0.24950527583526916,0.31058281458899173,0.7487652821763608,0.013065354948727483,0.9280993102567747,0.5479218056332418,0.6275102458247672,92.80993102567747,90.8997446372499,critical
social_attraction,136.0,0.9514583443127005,0.9610461937311775,0.9477321679555162,0.2627823064892547,0.27516411790259426,0.7604956540937553,0.0,0.9343068860270529,0.5427863518847394,0.6287075539342952,93.43068860270529,91.35531455103187,critical
social_attraction,137.0,0.9666144580288301,0.9704684357473744,0.9576707552090297,0.2367817781642252,0.31456437735471954,0.7459135388099756,0.003835819817912187,0.9434646337175578,0.5487385965654723,0.6328772239565954,94.34646337175579,91.89372133876218,critical
social_attraction,138.0,0.9366345870837799,0.9527612631133016,0.9646973835172834,0.24418125211631567,0.2992564408154189,0.7397732820599049,0.0,0.9288021584986247,0.5373503846825054,0.6229003708233247,92.88021584986247,92.07129035076024,critical
social_attraction,139.0,0.9219998338671009,0.9509833003944345,0.9484735125070225,0.24292756453998632,0.3023969239339631,0.7618610272433245,0.0,0.9212994128229037,0.5337713320984263,0.6216906941573037,92.12994128229037,92.08184751843567,critical
social_attraction,140.0,0.9722684857252964,0.9583049599233096,0.9268478587894782,0.24203744525319879,0.29872648700019144,0.7571672836174251,0.017226084026775015,0.9352141510399586,0.546207593008488,0.633827901883495,93.52141510399586,92.3409696838365,critical
social_attraction,141.0,0.93917783629513,0.9634793833276423,0.9264247328363838,0.23834029843783947,0.3112288994629732,0.741668932266587,0.012246036078483806,0.9235291341373428,0.540542695891916,0.6233287819604925,92.35291341373429,92.34311955521811,critical
social_attraction,142.0,0.9589289833460243,0.9534837977534992,0.9285671717689157,0.2446389208440059,0.304455752808027,0.7420877494552374,0.00563992146520597,0.9280208513849109,0.5444923759969398,0.6242029684281764,92.80208513849108,92.42573336020725,critical
social_attraction,143.0,0.9616379662045198,0.9559902267287502,0.9458728712687657,0.25353796482548446,0.32025521875350577,0.7633197134118388,0.014821056357770014,0.9361705453485821,0.5526101179377385,0.6347173175302301,93.61705453485821,92.64017117164443,critical
social_attraction,144.0,0.9483699000001219,0.957224777409607,0.9551850542729817,0.22981122333539783,0.2786849829016229,0.7346295022037903,0.0037455455681552202,0.9313561120115493,0.5307813655042665,0.6245850188636173,93.13561120115493,92.72935037695632,critical
social_attraction,145.0,0.9786315967830217,0.9469705008673392,0.9169869275045747,0.2628111431925474,0.2891391388176329,0.7464854899252357,0.015355620783622698,0.9305074900029267,0.5509721591476561,0.6292237178325253,93.05074900029267,92.78720212915687,critical
social_attraction,146.0,0.9785920503512783,0.9578695546903461,0.9473109389389995,0.24607556858115345,0.2838476965783722,0.7553916912001687,0.0,0.942234987884818,0.5454168189393682,0.6325738223546913,94.22349878848179,93.04573552783535,critical
social_attraction,147.0,0.966617330090642,0.9532794263659375,0.9511342715219501,0.24363574229752968,0.30861338237482566,0.7519726342609849,0.0,0.9372807247480919,0.5470721018753929,0.6293800475535086,93.72807247480918,93.16855617829063,critical
social_attraction,148.0,0.9596461120819785,0.9790006699574,0.9437916336922172,0.21301044968780114,0.2797490622932773,0.7611529770159463,0.00386219242653726,0.9416395463405614,0.5312525514781543,0.6337373210949887,94.16395463405614,93.34772790032842,critical
social_attraction,149.0,0.9622972419952247,0.953792130778026,0.9788347886086937,0.23987248434626957,0.3291722848831987,0.7294678367434295,0.0,0.9405971547582528,0.5498915708575041,0.6282470536557387,94.05971547582527,93.47588566391786,critical
social_attraction,150.0,0.9468491038551264,0.9654853320253872,0.9464229862406093,0.22828923939095008,0.3011018363689178,0.7502113071719928,0.0,0.9326696632342619,0.5367117686466517,0.6261983299453233,93.26696632342619,93.43828018262937,critical
social_attraction,151.0,0.957131234908045,0.9645542260952013,0.9403899019983591,0.24689253335202554,0.31466282496654807,0.75361394376206,0.0,0.9348210699221718,0.5490440355561373,0.627890654948055,93.48210699221718,93.44616900835518,critical
social_attraction,152.0,0.9587408022415157,0.9465836145513526,0.9473262585172533,0.2514668378901102,0.2884040344567489,0.7540031596346829,0.007380763633529674,0.9317662457427179,0.5417871446188076,0.6288495024255895,93.1766245742718,93.39765101022017,critical
social_attraction,153.0,0.9497732057867024,0.9450126037525395,0.9334698788901483,0.25379856619341934,0.3023559002201493,0.7569229664753649,0.0,0.9249841695211813,0.5436136652322906,0.6231116068488167,92.49841695211813,93.23578887976181,critical
social_attraction,154.0,0.9701905784128381,0.9546541724373491,0.9268088205577882,0.2380031621290707,0.3074909805974677,0.7359975939968407,0.002547013269522014,0.9312649187148292,0.5459196223633536,0.6242211874120629,93.12649187148293,93.21611541827163,critical
social_attraction,155.0,0.9428822232645644,0.9679508894054676,0.9450661640714152,0.2391048477231756,0.29152393147074235,0.7673417391509916,0.005574703675935074,0.9333947598971908,0.5374808687977584,0.6306697616074242,93.33947598971908,93.23832032113216,critical
social_attraction,156.0,0.9545589722843636,0.9531211282542206,0.9538435093463344,0.24524546379285436,0.2972668694181142,0.755448515391637,0.0,0.9340377076515407,0.5417605419912516,0.6280461931752834,93.40377076515406,93.2681014010561,critical
social_attraction,157.0,0.932965466225308,0.9521261470736737,0.9371807511970023,0.21482319913370307,0.3186885433381675,0.7567275605922986,0.0,0.9221437011594402,0.530920544148716,0.6213346401041226,92.21437011594402,93.07842976973593,critical
social_attraction,158.0,0.9659618220510208,0.9251973511230897,0.9511086392562388,0.23479485320868015,0.31519673460655473,0.7430776125839518,0.000997279404010689,0.9277307641272391,0.5412474404558953,0.623552969305097,92.77307641272391,93.02346616547378,critical
social_attraction,159.0,0.9689112656897533,0.9552379332935577,0.9354907155324947,0.2334866359058402,0.30694755876502644,0.752169000784675,0.00441133745249939,0.9347799019410722,0.5439707186747726,0.6291487518545433,93.47799019410722,93.1052804906278,critical
social_attraction,160.0,0.9674555083582552,0.9637497466018976,0.9595766939032109,0.2462497882614085,0.32365636136923365,0.7659655312552405,0.015275596919555226,0.9442250785072853,0.5535278553136499,0.639765853074332,94.42250785072854,93.34238141544594,critical
social_attraction,161.0,0.9950170392930423,0.965336246711711,0.9425774756196068,0.2345114954737196,0.276650388021309,0.7498178461589724,0.0,0.948482991286877,0.5447963172511463,0.6351540354401006,94.8482991286877,93.61344660382947,critical
social_attraction,162.0,0.9712774926451389,0.9651503071528947,0.9464117663749241,0.24892672842804195,0.30349480159430264,0.7523442887976479,0.0004415270328294791,0.9413295850451628,0.5505899745826093,0.631591125427579,94.13295850451628,93.7069587459531,critical
social_attraction,163.0,0.9486961117327177,0.9560658661951491,0.9491939874937015,0.23768598369972424,0.2954235651161415,0.7538005934639623,0.0,0.9315419551848175,0.5376298934363907,0.6262883190926637,93.15419551848176,93.60746136500828,critical
social_attraction,164.0,0.9919624824839304,0.9572741060495974,0.9237750633050235,0.2502634013068849,0.31708482583623737,0.7304032783594491,0.01652421442713194,0.9383531943464557,0.5584451334448913,0.6315877919000087,93.83531943464557,93.64847581754299,critical
social_attraction,165.0,0.9489561843195266,0.9699873150488529,0.9378144708402215,0.266620027800769,0.31331847697336734,0.7479292838203989,0.0,0.9323774051185854,0.5543837723108205,0.6255473615113463,93.23774051185853,93.57454346251978,critical
social_attraction,166.0,0.9694648628285895,0.9583714693859201,0.9620863289061666,0.25869619928321447,0.31403328974047856,0.7583161981448302,0.0013504682542352549,0.943177344846807,0.55517392829928,0.6340300224147675,94.3177344846807,93.70831784650875,critical
social_attraction,167.0,0.9689175314973781,0.9323634800208294,0.9404379108416752,0.2513653401764406,0.29283745942232164,0.7441374540390621,0.0,0.9283534031446561,0.5432711387948035,0.6235312057366638,92.83534031446561,93.55118189074099,critical
social_attraction,168.0,0.9494433237748225,0.9722401161710538,0.9568312810319198,0.2537367161350858,0.30673878927322007,0.7494939688528522,0.0,0.9381344153157691,0.5486893963349487,0.629148168105981,93.81344153157691,93.59838862609146,critical
social_attraction,169.0,0.9767441835478149,0.9470678344626436,0.9506090900751843,0.23560873705584584,0.31296292927542624,0.7496070296773929,0.007823594739001018,0.9385937900670637,0.5469500113447529,0.6322688597474162,93.85937900670636,93.64536689460215,critical
social_attraction,170.0,0.964255124624962,0.9765034665172764,0.918067251583609,0.23075246862656928,0.3155678242452744,0.7310406717197749,0.005656579031128083,0.9330612136417994,0.5471946212144498,0.6249417406934186,93.30612136417994,93.58430269912614,critical
social_attraction,171.0,0.9668514550878344,0.9803297636222282,0.9484884480529163,0.22984876255581432,0.2888831784555802,0.7596516934317088,0.0,0.9455842197238105,0.5414301898237229,0.6346233614551803,94.55842197238104,93.75964416831202,critical
social_attraction,172.0,0.9518912040448773,0.9691492761042989,0.9269405434421714,0.2423490336558086,0.2918011399728196,0.7337514707168595,0.004846224873868181,0.9290169871792254,0.5411176391996021,0.6229958753464784,92.90169871792254,93.60521398724192,critical
social_attraction,173.0,0.9756316004689686,0.9708493884126586,0.9431347715326045,0.2576808145972659,0.30294248150743036,0.7550720152978194,0.0027681746157567693,0.9440167711008696,0.5554592138650415,0.634068799529874,94.40167711008695,93.74857734935404,critical
social_attraction,174.0,0.9496687444478241,0.9822935843960885,0.9350127838012906,0.23124743644400286,0.31673836011662015,0.748396840699609,0.0,0.9356650158958484,0.5448824165559253,0.6272090722590935,93.56650158958485,93.71580371259559,critical
social_attraction,175.0,0.938650087995217,0.9467745083315802,0.9402611409565597,0.24562400253243602,0.30744341821457194,0.7459065137587689,0.0,0.9222158199128168,0.5395079536885369,0.6199666677440182,92.22158199128168,93.44684380275909,critical
social_attraction,176.0,0.9771015237578656,0.9630462220550295,0.9391494616959308,0.22503351771206606,0.3165096481155468,0.750801369536767,0.008711480113097735,0.9407669023094212,0.5466214574758307,0.6335233752554998,94.07669023094212,93.56021615983204,critical
social_attraction,177.0,0.9548792545567245,0.9628687936235903,0.9429120162631308,0.22540382479286744,0.2765704125269845,0.759044154583856,0.007569744134712043,0.934700796706099,0.5311840744919694,0.6309227265515379,93.47007967060989,93.54399159177206,critical
social_attraction,178.0,0.9605204410450208,0.9483946840261394,0.934620240842846,0.2502914732531618,0.29674037021752414,0.7597615092332354,0.005467382042264141,0.9303317707076341,0.5441764210581638,0.6281488433986783,93.0331770707634,93.45204497799051,critical
social_attraction,179.0,0.9830730834439527,0.984141749492999,0.9237883123906381,0.2317592978607114,0.30598610152588074,0.7448359038652669,0.0,0.9447487725374693,0.5510018129176573,0.6317713067443895,94.47487725374693,93.63615478762668,critical
social_attraction,180.0,0.9736378961781607,0.9530316793912218,0.9278805465521601,0.23141488975847005,0.3032350110605625,0.7480264358795291,0.013652806487632521,0.9334555477057156,0.5431681901338286,0.630565542249335,93.34555477057155,93.58384678455675,critical
group_convergence,0.0,0.10000232973393494,0.04405241811660902,0.06269132460860993,0.06608029024752891,0.12093244714881762,0.09214528586462738,0.005107204101022611,0.07310390058047515,0.08496965852481461,0.05597324575880209,8.49696585248146,8.49696585248146,normal
group_convergence,1.0,0.06120124420727214,0.033434128523321394,0.051042932396350355,0.049957844862742073,0.1138647983144775,0.10594821947373043,0.010391462995462338,0.0548062290760023,0.06626687561089534,0.04921889077278998,6.6266875610895335,8.160315760030914,normal
group_convergence,2.0,0.06556999800375662,0.05223998681747988,0.051916956001704845,0.04281201487247976,0.12789652717677602,0.10815214185548536,0.009442249511831903,0.06241594853253353,0.07118683452312305,0.053200644248275676,7.118683452312305,7.972821944641565,normal
group_convergence,3.0,0.04961366661530901,0.061773394443181646,0.05246357916364855,0.041825307906373135,0.1410011959909288,0.11689431030278019,0.000803237793675279,0.060702127469502806,0.0715585825852673,0.05067811276274495,7.15585825852673,7.825768481140895,normal
group_convergence,4.0,0.04971551254494539,0.07194795318793176,0.05343358666692735,0.06735747660306346,0.0952771845590634,0.10339337468166844,0.0,0.0626825494820091,0.07061548406526416,0.049429008423551635,7.061548406526416,7.68820886771029,normal
group_convergence,5.0,0.08004267186431027,0.06850064842437617,0.06736257222277976,0.04953998636337401,0.12863005936521804,0.08714322251921297,0.0,0.07412009498743768,0.07978227529821941,0.053816661973778046,7.9782275298219405,7.7404122268903865,normal
group_convergence,6.0,0.08614740934302684,0.06282441529830987,0.055240343455447365,0.05953002842672464,0.10603312342532326,0.10501458457716964,0.0,0.07331046218113116,0.07830430543618763,0.05594211259710288,7.830430543618763,7.756615523901495,normal
group_convergence,7.0,0.05629263570242104,0.029139817954986165,0.0530045530461029,0.042453407290749576,0.13005622659705637,0.08607840957942547,0.0,0.05030334710181149,0.06581688081987963,0.04079586470653267,6.581688081987963,7.54512858435706,normal
group_convergence,8.0,0.051440244521481146,0.0647418442723917,0.06971245038528844,0.04895622091618697,0.13185235747740587,0.08993778916610236,0.00820993313309435,0.06384853037716826,0.07266910446124594,0.050906730876097026,7.266910446124594,7.495049319475217,normal
group_convergence,9.0,0.04827121688103778,0.041288472697397424,0.0681415779437916,0.05905201286985813,0.11507955483015471,0.0806904900065339,0.0020776893762213277,0.054385911204183734,0.06769916833685809,0.04283015578655908,6.769916833685809,7.364525472033124,normal
group_convergence,10.0,0.05194562248104173,0.05063481384999208,0.05796683266621721,0.07221711807181387,0.11476845229857174,0.08915070908481718,0.013339432635019109,0.056778191098398254,0.07454973209753704,0.04851134308110891,7.454973209753704,7.3808060648228295,normal
group_convergence,11.0,0.059791822208676376,0.08038831565992573,0.08936075443127145,0.046418482395041046,0.11973936585086861,0.09248720934871935,0.0,0.07663254201370424,0.07318751320213948,0.05591816682515872,7.663254201370425,7.431646729401397,normal
group_convergence,12.0,0.04434817120645708,0.07099935630323168,0.047291087847772924,0.04178047660952701,0.12141987819015804,0.09308435455843428,0.0,0.05795287423101614,0.06671508260797299,0.04523007177562896,6.671508260797299,7.29482180505266,normal
group_convergence,13.0,0.05071306067961066,0.04610390816341045,0.07909615574222692,0.059013526694888366,0.11756377720545912,0.12123610835114847,0.0068260140455055065,0.06347839345755844,0.06963953003898994,0.05521764760564908,6.963953003898994,7.235265420845001,normal
group_convergence,14.0,0.07035641407046847,0.054886319125004406,0.06292680633101931,0.06098074814408041,0.13365735270203588,0.101154557356094,0.020961898627366672,0.06693779798052951,0.08057965141230489,0.058262732691926056,8.057965141230488,7.383351370514388,normal
group_convergence,15.0,0.057099994719943294,0.06846519228253418,0.07186617292737335,0.05391080721061939,0.10117606214448584,0.10417231644558318,0.0019908063970069854,0.06890833071314206,0.0687075755822042,0.05390140893369352,6.890833071314207,7.2946980766583565,normal
group_convergence,16.0,0.04977918577129107,0.05729729756093699,0.056209966575251666,0.0737307779787807,0.11396389248549053,0.10187306058300218,0.0,0.0588517019903461,0.0753361364909092,0.04735653889128695,7.5336136490909205,7.337702879696218,normal
group_convergence,17.0,0.04508946595891525,0.05648444739168419,0.07380738576716947,0.03846355944629369,0.12780730212858313,0.11900385968296925,0.01024334930541419,0.06307887971321488,0.06515910493683001,0.055435444893829205,6.515910493683001,7.18978025021384,normal
group_convergence,18.0,0.07175261840852339,0.045644297044232535,0.047994240091957824,0.04919138616229708,0.116548411336762,0.08858204616503856,0.016498201919609948,0.059663470195746256,0.0711388871497602,0.051062174061023924,7.11388871497602,7.176119773871033,normal
group_convergence,19.0,0.046554633223376635,0.06551498287429634,0.06937167889214084,0.059070744463595955,0.11701513870496039,0.10900188355379216,0.0,0.06419172456888515,0.07139445097548729,0.05134430262039934,7.1394450975487285,7.169518332133018,normal
group_convergence,20.0,0.05730618997025274,0.06711268611003249,0.06292113955301488,0.048536048626302286,0.11637512523339481,0.08974023017625624,0.0,0.06489528022847754,0.07047484873662256,0.048914357878758905,7.047484873662256,7.147552309608281,normal
group_convergence,21.0,0.07090642792294113,0.04955924208341006,0.0706142425909706,0.06307487464060572,0.13186417962885238,0.09833557204701966,0.0117170153904386,0.06717214025049703,0.08020274432467189,0.05538952731228084,8.02027443246719,7.304642291722885,normal
group_convergence,22.0,0.0654159967975727,0.03484220708447118,0.054010821774922745,0.05909704287130415,0.13011126733917344,0.10594067249827446,0.0025963609053660697,0.05744503369804994,0.07479211210181366,0.04837819645968835,7.479211210181366,7.336064697045412,normal
group_convergence,23.0,0.06246143609255939,0.0807512537987862,0.0648788901304928,0.05604332232963927,0.10805835376574002,0.08379690356978467,0.0,0.07068629166163332,0.07435779834976652,0.051096189521860666,7.435779834976652,7.354013421873036,normal
group_convergence,24.0,0.06257602465695411,0.05074220867979265,0.05042684709772467,0.08796576728092026,0.1133364872209124,0.09536130495219934,0.0,0.05926711350352283,0.08237747781975761,0.04676282428845829,8.237747781975761,7.5130856066915275,normal
group_convergence,25.0,0.04770416632105907,0.06413864388180746,0.05552218715455827,0.04713177536867766,0.12585147595309853,0.10006824432857704,0.0,0.059825422598410186,0.0695058285298477,0.04750360678538208,6.95058285298477,7.4118351110243115,normal
group_convergence,26.0,0.050413885372439626,0.04892820174370248,0.056850328392393124,0.0562583404477013,0.133792587976115,0.10605406708993628,0.0,0.05714130921055652,0.07308126775538948,0.04716037001288952,7.308126775538948,7.393167610636946,normal
group_convergence,27.0,0.05345835381307875,0.05025281046478416,0.05256144718650171,0.06640690504636404,0.15170986848301518,0.09731125144865568,0.0034049649942873923,0.05665775391550381,0.08207239390996851,0.04659754919832598,8.20723939099685,7.5397005311017296,normal
group_convergence,28.0,0.024784812462264334,0.07062611569376753,0.05394125387185485,0.053357434619492196,0.14554422841481734,0.13384002740290588,0.0,0.05673183527817707,0.07185127969015781,0.0504100734078774,7.185127969015781,7.475877469926259,normal
group_convergence,29.0,0.054035876113568734,0.05539315616186036,0.045165327735197394,0.06657633710703591,0.1696420409073516,0.12258367031044623,0.0,0.05908020245315113,0.0875301706669717,0.050407681869361655,8.75301706669717,7.705762597345023,normal
group_convergence,30.0,0.0578094079899224,0.06842606464252644,0.05832542557842462,0.07846185787815256,0.18368633745022622,0.0735729192710445,0.0,0.06269976051094138,0.09809949631376952,0.04528918898533604,9.809949631376952,8.084516263470771,normal
group_convergence,31.0,0.05800894481304994,0.06871364879033805,0.07720098772202466,0.07473423823958777,0.1590759343282164,0.10141481638364586,0.004775857592927381,0.07035895389053964,0.09073525048772302,0.05520470499407178,9.073525048772302,8.262537844825047,normal
group_convergence,32.0,0.05753162490876276,0.05306503470013786,0.09386166999307448,0.08563526350964881,0.18037730686264042,0.10664727506035573,0.0,0.07018572413241252,0.09740933037624856,0.05487478569780555,9.740933037624856,8.528648979529013,normal
group_convergence,33.0,0.061436529750586166,0.06273647347540244,0.04980044021405344,0.07744441729703684,0.20015377096996737,0.10410464793049257,0.0,0.06318430230188851,0.10191359225541163,0.049988772589634134,10.191359225541163,8.8279368238112,normal
group_convergence,34.0,0.06222271809117005,0.06849124520559599,0.050759485275247346,0.08465677111659839,0.20063817134384582,0.1166868758880372,0.0,0.06668388380120387,0.1056187790304028,0.05366952836796795,10.56187790304028,9.140046218072435,normal
group_convergence,35.0,0.07850138750591198,0.07410278156347633,0.06385877378153501,0.11732075478467696,0.2125815363151354,0.06567142652340799,0.0022790727024134608,0.07223815619383665,0.12494841236442022,0.050212517918339736,12.494841236442022,9.743909321378961,normal
group_convergence,36.0,0.060870887619187436,0.056054174241893885,0.06584363433239818,0.10696456834449991,0.21412268662375758,0.08710512024890214,0.0,0.06329248354727353,0.1145941186175953,0.047879872859761724,11.45941186175953,10.052699778647465,normal
group_convergence,37.0,0.06920928941545239,0.059381035135938544,0.04437280886848326,0.12048315641090475,0.22466209260033276,0.11850849042621903,0.0,0.06498161309593262,0.12454410551815373,0.05310663256899756,12.454410551815373,10.48500771781769,normal
group_convergence,38.0,0.051952502748287936,0.04803753588497544,0.03224413273915445,0.10919525780121248,0.24591352187586318,0.11457931835754531,0.004406771891771698,0.05211360174793655,0.11989047676920846,0.04667064608231764,11.989047676920846,10.755734910456258,normal
group_convergence,39.0,0.06294734081896823,0.06864406171427585,0.06297356192961903,0.12309068430137574,0.2680494922032615,0.12742572461490725,0.010215084362565914,0.07111075074481711,0.1361275570181803,0.06088178194212911,13.61275570181803,11.269998652901378,normal
group_convergence,40.0,0.0625389034151915,0.06050733720819801,0.0758776990383763,0.14887922714253826,0.2565806911498099,0.11985826139398037,0.01948694029568852,0.07099606825676853,0.14096372872236845,0.06278327048752708,14.096372872236845,11.778746012381763,normal
group_convergence,41.0,0.0563680040895627,0.0436028918129875,0.07690584020906555,0.14570110637548497,0.28099081644453744,0.08459521364269772,0.0016625334199006846,0.06049565039177935,0.14187552613689292,0.04676771337573025,14.187552613689292,12.212331200617118,normal
group_convergence,42.0,0.03869948215012159,0.05609724267118298,0.059780209905313075,0.13984595122092708,0.31822570365105424,0.11241872897920122,0.0021360822240748274,0.05656091692814584,0.14659196577829586,0.04824608477956142,14.659196577829587,12.652766968515364,normal
group_convergence,43.0,0.04305257475062719,0.06009781985239236,0.07655249078808259,0.15458445571365254,0.30856004981186225,0.09660673893917263,0.0,0.06189654370937513,0.1510223886182596,0.04842940933403121,15.10223886182596,13.09367190931127,normal
group_convergence,44.0,0.06448648081149849,0.05606623031353009,0.057856413098303465,0.17563207394052152,0.3275434906637132,0.10250501604761114,0.0,0.06410474225742048,0.16788865329501496,0.05048669588359696,16.788865329501494,13.758806724945511,normal
group_convergence,45.0,0.05851847880641338,0.05658219251630354,0.043145445394818266,0.20676577579588573,0.35010004989014276,0.1006725081926148,0.013298645664215259,0.058309737505101794,0.18300998258014456,0.05078693678573848,18.300998258014456,14.576401200897923,normal
group_convergence,46.0,0.05620421973490044,0.048148886175982675,0.05828539788604876,0.20622986048233777,0.3626422053211021,0.09439966669511667,0.0,0.05812745890103382,0.18411439035921623,0.046085919895308136,18.411439035921624,15.26670801120219,normal
group_convergence,47.0,0.05105033439832424,0.07179084983121987,0.07229390809469755,0.202948248335192,0.36942653103864237,0.09395860070924393,0.02110014949013538,0.06687420908337822,0.18691973075124185,0.056944545557441856,18.691973075124185,15.883255722708151,normal
group_convergence,48.0,0.060241908555591105,0.06886616725898807,0.06145104519536853,0.22454398034062378,0.3844830060082917,0.10929982065198657,0.0,0.0680372615361941,0.20010154684903725,0.053455927709669025,20.010154684903725,16.626097535903355,normal
group_convergence,49.0,0.06602031234273734,0.08861282281801318,0.053104646397073164,0.23853158220303605,0.42142819463619147,0.09346822845948159,0.0,0.07231394061057848,0.21864010393849678,0.053155328542706735,21.86401039384968,17.568921850333695,normal
group_convergence,50.0,0.08142575812127008,0.08050012950584892,0.060541392600512826,0.23100500330529739,0.4080198026792554,0.10258806989553279,0.0,0.07804320933388069,0.21528816078286278,0.05795899391931483,21.52881607828628,18.28170281136516,normal
group_convergence,51.0,0.05907078854732707,0.09621752903068534,0.06392773748573825,0.2643368742204906,0.4195173375017676,0.10582186936494367,0.0,0.07610415600869902,0.2265975668440482,0.05700032155991769,22.65975668440482,19.069752508512302,normal
group_convergence,52.0,0.05716721400200929,0.07673074593485832,0.06155989467398378,0.2744716732393187,0.46569088600654995,0.09360066439796046,0.0,0.06777778878945273,0.2382892225261301,0.05089717177132026,23.828922252613012,19.92640306245043,normal
group_convergence,53.0,0.06253510488631633,0.10066342409992428,0.06353493488700905,0.2910827823997567,0.48418873910117927,0.09657552435236169,0.0,0.07762760009717642,0.2536594484517774,0.05645187969577561,25.36594484517774,20.905520583341346,normal
group_convergence,54.0,0.07323241380279849,0.11032111065927648,0.06443100322702243,0.29662738453500354,0.47428380432465667,0.11381250736107446,0.0017744590664565214,0.08621667957162547,0.2572468057180065,0.06415413903565638,25.72468057180065,21.77296938126402,normal
group_convergence,55.0,0.0869137237608731,0.11630279730724895,0.07271257584188145,0.32658932050197415,0.5133440260340834,0.07960124301309578,0.0,0.0914489107702602,0.2818161192205174,0.061655299327163335,28.18161192205174,22.92652503860581,normal
group_convergence,56.0,0.06636677131004805,0.11023641604679194,0.06149549884921625,0.3320753255173603,0.5241366220378525,0.09192806894632105,0.01217110786123551,0.08086597637949056,0.28038767467507003,0.0610700876440457,28.038767467507004,23.846728675808027,normal
group_convergence,57.0,0.04344395759422866,0.10933962737410871,0.058087955168360905,0.34290518094961814,0.5354630417244848,0.08393772480107421,0.029584652408515866,0.07092303464241029,0.281144507268161,0.059465869582985775,28.1144507268161,24.61491864498948,normal
group_convergence,58.0,0.06253911129411957,0.14656016889509182,0.06421190943815885,0.3897640271296073,0.5551551759595977,0.10260442963675394,0.00871405687618936,0.09217015994468451,0.3128250066430557,0.0672587369990191,31.28250066430557,25.815083408466375,normal
group_convergence,59.0,0.05084639390325031,0.13124558615913015,0.06700185318145552,0.3785401122794644,0.5930417805796294,0.1324462590973611,0.004593468527990401,0.08716500291897665,0.31314792084240195,0.06777368705960725,31.314792084240196,26.805030970105665,normal
group_convergence,60.0,0.05567737772036595,0.12651720942220385,0.039029527371869724,0.3823040233843104,0.596801846071595,0.08525435991211315,0.0,0.07572506286296798,0.3159037955458295,0.05301835804560686,31.59037955458295,27.666393715311578,normal
group_convergence,61.0,0.09219909912021096,0.1457081229190224,0.07366794294044372,0.4291395116889019,0.6118595362167178,0.11472070706582647,0.0,0.10587117800947413,0.3480697063632012,0.07429037111612741,34.80697063632012,28.95169756109312,normal
group_convergence,62.0,0.070292798701129,0.1598442268726718,0.08026404886688705,0.4473440743670174,0.6278794170826884,0.11704454853116217,0.0,0.10432621467703466,0.3550901140053112,0.07348371080739206,35.50901140053112,30.132014052191963,normal
group_convergence,63.0,0.07034772024699541,0.15530285000660662,0.060231242815790856,0.43482466735947617,0.6311863311015204,0.07434520372276553,0.005693956744018125,0.09370488816465465,0.35086757391393664,0.06297688574051724,35.08675739139366,31.02386785324827,normal
group_convergence,64.0,0.10028326193344513,0.17683874620718476,0.06729016142617857,0.4572929192274763,0.6511024928335349,0.08389424901903053,0.0,0.11336273079730892,0.37442477235243943,0.07345483833549964,37.44247723524394,32.17921754200749,normal
group_convergence,65.0,0.09029843972056784,0.1909513296546043,0.05107077295941913,0.47648837501342806,0.6695905496920481,0.09974614210568851,0.008091190968448578,0.11163216024900366,0.3853858780560444,0.07673958904788936,38.53858780560444,33.32390418945494,normal
group_convergence,66.0,0.08178508383131246,0.18819566493971285,0.06800020463835502,0.4899926067990745,0.6769988156729456,0.08814939565786511,0.0,0.11089846954824846,0.3894227369966975,0.0724162763345457,38.94227369966975,34.335210701293605,normal
group_convergence,67.0,0.10252150043641281,0.2094577782261178,0.04973381487035661,0.4944180076964804,0.7099265710986836,0.10333775084108457,0.004253159331563778,0.12148708742227743,0.4075769873114599,0.08132653701943977,40.75769873114599,35.491258546667034,normal
group_convergence,68.0,0.09202114531132594,0.20478852464114322,0.062099815525093464,0.5143044032520951,0.7331786122475371,0.11639466300138238,0.006202757607116464,0.12080837843271865,0.4170247592241205,0.08357723996961211,41.70247592241205,36.60927767430114,normal
group_convergence,69.0,0.10581232476866086,0.20952897188914657,0.0668396170133481,0.5691475996396641,0.7337695074456051,0.10845413893824815,0.0,0.1274483233829371,0.44052646371082094,0.08430858107675601,44.05264637108209,37.94908403972171,normal
group_convergence,70.0,0.1261419673247675,0.24315504201890156,0.050504769958668407,0.5523496767611414,0.7403431605834222,0.09763865865957322,0.0,0.1394862595249635,0.4464169251462822,0.08880509699350364,44.64169251462822,39.15375356520488,normal
group_convergence,71.0,0.10161037766596688,0.24096803963416108,0.04665568384067034,0.5694254008612126,0.7556512120251504,0.1068081989317642,0.004286666132128119,0.13019878492668074,0.4497594936693279,0.08611327368040937,44.97594936693279,40.201748809515905,watch
group_convergence,72.0,0.14931178827533512,0.24406672834425883,0.05579917408501002,0.6011737532953448,0.7989101010421806,0.10422182093415,0.005735072110243741,0.14985112001431242,0.48407629523438844,0.09740712883936047,48.40762952343884,41.67880733802203,watch
group_convergence,73.0,0.15280894345043375,0.23068180588033416,0.05317433667677938,0.6021282028252277,0.7870017369906006,0.0847922611719489,0.009583371145943896,0.14446048225814181,0.4802998119811384,0.09297367365182674,48.029981198113845,42.822018632838564,watch
group_convergence,74.0,0.16922355501759795,0.24517337974237713,0.056060859086541064,0.6157503332819598,0.793281131889783,0.09277529023777936,0.0,0.1560730019742856,0.49291479533688776,0.0975849048754132,49.29147953368877,43.9865215949916,watch
group_convergence,75.0,0.16422202892004117,0.2513061975696083,0.04675120984865614,0.6270137703735491,0.8035969571097975,0.1056139481371573,0.0,0.15511876666877666,0.49910549577364305,0.09867580652417936,49.91054957736431,45.05284663181869,watch
group_convergence,76.0,0.18404628930343936,0.2803421562340844,0.07320081488111457,0.6616153038666004,0.8288512302037522,0.09917822065048422,0.021415575216843653,0.1767368739117562,0.5268410596652207,0.11610102022311766,52.68410596652207,46.4264733120653,watch
group_convergence,77.0,0.17758141791634982,0.2901645065896742,0.05776987657775691,0.6731745760156745,0.8617457391590891,0.10386966666287392,0.002391216607780294,0.1740322840583513,0.5389675668627969,0.10919773937329348,53.89675668627969,47.77112431942389,watch
group_convergence,78.0,0.18907994456132288,0.3051744050752334,0.06763301534755563,0.699504449297097,0.8743345557884414,0.11068099470858403,0.009867698587216494,0.18570665542678033,0.5564563431027101,0.11883361049356468,55.64563431027101,49.18853611777637,watch
group_convergence,79.0,0.21239297867068932,0.3223247853788746,0.04466132231378926,0.6960828934261766,0.8780939936577341,0.07097065088099566,0.0,0.18929737381495051,0.5645994735880988,0.1117206420642366,56.459947358809885,50.497390141162406,watch
group_convergence,80.0,0.2227878008698934,0.3014776850257626,0.059443285614515486,0.7317680961756887,0.8732774260872317,0.11778047500918093,0.0,0.19505790471673845,0.5753567931546366,0.12225180077185659,57.53567931546366,51.76428219253664,watch
group_convergence,81.0,0.23391917388861513,0.31337534885440377,0.08841702644232721,0.7326809991434101,0.9026692350854022,0.07723415047065288,0.005597276403786482,0.20571198717498348,0.5875917542718584,0.12417870408749919,58.75917542718584,53.023362974773505,watch
group_convergence,82.0,0.2620337693472356,0.32824591683145476,0.062003562853193,0.7389660303466473,0.9004868324545781,0.10064057729618782,0.006545974905444369,0.2157505427638859,0.5985051485964982,0.13303608375301518,59.85051485964982,54.252250314051246,watch
group_convergence,83.0,0.25462625682885764,0.3543561288084369,0.07962748630995281,0.7650360004929535,0.919598881645873,0.10295206840880126,0.011316424109517553,0.22562810695099958,0.6144723041124819,0.1400081345481455,61.447230411248185,55.547346731546696,watch
group_convergence,84.0,0.27556473364548123,0.36202993782346954,0.10539551943898522,0.7776522923870772,0.9472700608248346,0.10020534201583518,0.0,0.24142605218428909,0.6321914916265764,0.1452678337216315,63.21914916265764,56.92827116914667,watch
group_convergence,85.0,0.28678364556917374,0.3557821345932923,0.08482518140533626,0.7904362488718554,0.9266238910998339,0.10528410619463155,0.0,0.2388436222979957,0.633371891461395,0.14450464775255534,63.33718914613951,58.08187640500538,watch
group_convergence,86.0,0.2972265878870471,0.36936555761074175,0.10781912676548197,0.7913994387856946,0.9205210085321179,0.0975627175136719,0.0,0.25155002648642666,0.6368315363213957,0.15053556373657734,63.683153632139565,59.090106305889535,watch
group_convergence,87.0,0.3131178236856693,0.391791689434012,0.08430858937140406,0.8122382093110005,0.9666321333299023,0.0970385311933486,0.006729395581140115,0.2579097455823737,0.6629896159278449,0.155465131470958,66.2989615927845,60.38770025753063,warning
group_convergence,88.0,0.30042136643307615,0.3974715780487377,0.09497526519149171,0.8237333537672555,0.9479495982528577,0.10624197843688112,0.009759834343792368,0.258756965807759,0.6600201516973335,0.15812764576316357,66.00201516973335,61.398276941727126,warning
group_convergence,89.0,0.32768763691399333,0.4181025886322402,0.10599382263050741,0.8471416107378217,0.9531054509942344,0.11145295233604749,0.0,0.2777652004008013,0.6794132240301305,0.1664425795394203,67.94132240301305,62.576025124758594,warning
group_convergence,90.0,0.36082358979467133,0.4054494566370486,0.10655930354533417,0.8656537702600974,0.9402453191778679,0.10318784618829288,0.0,0.28488170392441237,0.6890634653297262,0.16960360122395027,68.90634653297262,63.71548297823712,warning
group_convergence,91.0,0.35748271332636583,0.4225903473051845,0.12380232478852303,0.8717056723610975,0.9727510214188787,0.1175183933690916,0.0,0.2945984743898233,0.7010439711084729,0.17695912215314763,70.10439711084729,64.86548752210695,warning
group_convergence,92.0,0.38285420856522967,0.42133035309580685,0.10533449724705349,0.8817522347711966,0.9794821002142784,0.10570858197008141,0.019083815612347024,0.29730256143534395,0.7123969123291669,0.1824374303421954,71.2396912329167,66.0128441900527,warning
group_convergence,93.0,0.3937180335774723,0.4557167461736789,0.12114117107069967,0.8966603007739318,0.972113413258872,0.11160222170376484,0.010883838473887205,0.3159618505422704,0.723646478906014,0.19085789018507038,72.36464789060139,67.15616885615147,warning
group_convergence,94.0,0.36522689495342947,0.4628665184769937,0.15706135145344863,0.9083654727743912,0.9835389435626841,0.11848225489395864,0.013680493083742659,0.3178029321295564,0.7245493528716144,0.19383515838416673,72.45493528716143,68.10994681373326,warning
group_convergence,95.0,0.39969783728011926,0.4649052075471217,0.15054553508227217,0.8985948705922532,0.9661248812442905,0.1295986533762875,0.0,0.3299620544203751,0.7256996654704593,0.19817690952569045,72.56996654704592,68.91275036572955,warning
group_convergence,96.0,0.42115841175810553,0.47902673984125854,0.1629382977311588,0.8984692562765073,0.9871027128349111,0.12351451259801728,0.0,0.34419949176030595,0.7383835318212205,0.2052293405070872,73.83835318212205,69.7993588726802,warning
group_convergence,97.0,0.43472869585424406,0.4919562874100259,0.1854745283072992,0.9230573444945203,0.9802319352601067,0.13508268964993886,0.013212273855583333,0.35961883081381185,0.7506036714631736,0.21954058161511034,75.06036714631736,70.7463403619349,warning
group_convergence,98.0,0.4512719795463984,0.5007825686067812,0.152762217274279,0.9473950052856466,0.9921283278493694,0.1529890910161867,0.0,0.36166942684346226,0.7675557139899355,0.21888393199467607,76.75557139899355,71.82800194860546,warning
group_convergence,99.0,0.465229338289196,0.5113711389336335,0.14648684825718397,0.9218375652451793,0.9509010647594937,0.13130095507391726,0.006150998188315045,0.36599341765299637,0.7533814194380302,0.21983005620773974,75.33814194380301,72.45982714774102,warning
group_convergence,100.0,0.4743704194802302,0.48999833341970406,0.21231513928541754,0.932421343778209,0.9559536516667024,0.15612370675130582,0.0,0.3817203023404767,0.7574282381220618,0.23144584615207542,75.74282381220618,73.05076654734475,warning
group_convergence,101.0,0.48984153452970086,0.49624562888963075,0.18354935897715743,0.9511068616265711,0.9816501675057977,0.1282159090758549,0.009420168932912804,0.3790271564041594,0.7751971714116191,0.22840678758100322,77.51971714116192,73.85517765423185,warning
group_convergence,102.0,0.48804552157074155,0.5280908877296303,0.2100071466538816,0.9495680823234118,0.9755155773206162,0.15552233825455664,0.006092274120736866,0.39729721935757467,0.7774527366954781,0.2412559593588075,77.74527366954781,74.55539493698873,warning
group_convergence,103.0,0.548277839978236,0.5143524834848945,0.19870970699379786,0.9733605062704486,0.9600052182778042,0.14919749142915387,0.0,0.4108001649292158,0.7948998142814011,0.2464543948532818,79.48998142814011,75.44362050539598,warning
group_convergence,104.0,0.555173064893889,0.5047170403310192,0.19684825602050804,0.9669757292309471,0.9721763676763966,0.18065408415245318,0.0026183543646170794,0.4130031572325392,0.7959864194230557,0.2531857305713826,79.59864194230558,76.19152436403971,warning
group_convergence,105.0,0.5623858863874325,0.5264924992886222,0.235967626389074,0.9800699230343732,0.9822206790332871,0.1531373962534355,0.0,0.4290884562448001,0.8081499893105039,0.25747367537982807,80.81499893105038,77.02374978610163,warning
group_convergence,106.0,0.5641564975547211,0.5499193248253077,0.25194617096214694,0.9768195582469099,0.9847745361090811,0.15320686729780875,0.0,0.44073780106206223,0.8116075025261651,0.26375249733862416,81.16075025261651,77.76840987007432,warning
group_convergence,107.0,0.5673761597543716,0.537640509085225,0.24599680511162939,0.9806649151397239,0.9743203341563144,0.17984598054398812,0.0,0.4393576079719037,0.8093029201393586,0.2669900251892001,80.93029201393585,78.3375486559694,warning
group_convergence,108.0,0.620519756645859,0.5574813560284653,0.23499918847614493,0.9635198827192096,0.9722869862429365,0.1761928956579289,0.0,0.46079540831941934,0.8190558480781921,0.2782146121364491,81.90558480781921,78.97979516330237,warning
group_convergence,109.0,0.5928300760581009,0.5568076309412204,0.27876072743796254,0.9710265132086601,0.9768216574681292,0.17625491247512443,0.011826704907043935,0.46184848900970443,0.8157933576457717,0.2827002629356357,81.57933576457717,79.44771247153184,warning
group_convergence,110.0,0.6339544058377224,0.5415324142448326,0.3074930594557876,0.9555875701937584,0.9706161279359434,0.15047084387378223,0.025005150514817515,0.4762641155679777,0.8168281451479568,0.2917404161518392,81.68281451479568,79.85003083931934,warning
group_convergence,111.0,0.6329727872870298,0.5670979243965837,0.27358227507853683,0.9699141380832628,0.9941263553557692,0.18832216405971752,8.122080923508333e-06,0.4788976380450415,0.8313094226493293,0.29036345681489467,83.13094226493293,80.44059489592979,critical
group_convergence,112.0,0.6305968512792665,0.565527560869767,0.31312266922896614,0.9725891649458858,0.9660596830331754,0.18642709022330436,0.0,0.4872905425382453,0.8243994754396355,0.2952023228153241,82.43994754396356,80.80047837257588,critical
group_convergence,113.0,0.6437803183506248,0.562157642356408,0.3168655066300485,0.9832749235097231,0.971381899422362,0.19287865228351983,0.00889551430312196,0.4924746460155051,0.8322604240251109,0.30185392076573403,83.2260424025111,81.23707989796424,critical
group_convergence,114.0,0.6603396205576016,0.5545170868696345,0.30088219410669687,0.9653534561810877,0.9688942219782768,0.18663943863168495,0.0,0.49135848564589363,0.8283597333277954,0.297705703984307,82.83597333277955,81.524880716231,critical
group_convergence,115.0,0.6694477442364688,0.5932825607597968,0.3446872560107433,1.0,0.9898030707594963,0.21577837253536258,0.005333401028421671,0.5200411299669252,0.8538050878629608,0.3193407161784738,85.38050878629608,82.21889376884272,critical
group_convergence,116.0,0.6712643117298462,0.565285784605361,0.34418767032525843,0.9938072594161805,0.9647748981627301,0.204046541229075,0.0,0.5109798161912766,0.8416352109596115,0.3114831888313772,84.16352109596114,82.56892668772404,critical
group_convergence,117.0,0.7043339759594223,0.5534324069104074,0.34959510516142817,0.9669676599302743,0.9817751990537139,0.20534572229842366,0.0,0.5204799621791194,0.8429808357654411,0.3173900664623445,84.29808357654412,82.88017492771166,critical
group_convergence,118.0,0.698938109040117,0.5889925231732596,0.3758174606038924,0.9571092258033836,0.9704731693071829,0.19363005475835915,0.0,0.5346434657428278,0.840689927093998,0.323235130326268,84.06899270939981,83.09416212841553,critical
group_convergence,119.0,0.7295102898455402,0.5743825312983151,0.36996353052201053,0.959965279246118,0.9656964749418798,0.2139483256417295,0.0,0.5415290760301091,0.8459469186277435,0.3303436323705028,84.59469186277435,83.36425748060013,critical
group_convergence,120.0,0.7282899873802458,0.5941588285838745,0.39386319051112373,0.982873484235616,0.9460695450148164,0.20714503015509872,0.01126706848240362,0.5523294448015392,0.8517194268688123,0.3386704269160397,85.17194268688122,83.68964081773073,critical
group_convergence,121.0,0.7418708564989313,0.5787131923222726,0.41873378091800445,0.9643485632853686,0.9703786897586235,0.24056456539563675,0.0,0.5620086592403725,0.8523913625626085,0.34610413036495513,85.23913625626085,83.96854999666616,critical
group_convergence,122.0,0.7509254861549701,0.5797876281625095,0.39851114855809505,0.9757005087397902,0.9912352261334291,0.23095847303425285,0.01867037501722137,0.5594838430459415,0.8640035003554027,0.34872272085110173,86.40035003554027,84.4062740036635,critical
group_convergence,123.0,0.7538827476669353,0.5869897708700068,0.40964881495684347,0.9859343581652302,0.9627276757248155,0.22446780761232865,0.017905008465791027,0.5648148774448731,0.8622780968362693,0.35053740146961765,86.22780968362693,84.73415042605691,critical
group_convergence,124.0,0.7659756951567875,0.5813630397095332,0.40574286141101795,0.9838912709409929,0.9359439444910305,0.23321210328459402,0.0,0.5672573308989495,0.857046310697732,0.347903444856359,85.7046310697732,84.90883694192586,critical
group_convergence,125.0,0.7774293147775355,0.5813134539326791,0.43904252813799133,0.9880202228316916,0.9745564777922854,0.2563910083227449,0.0,0.5818940292187135,0.8710005442234492,0.35981746193065667,87.10005442234493,85.30325608840128,critical
group_convergence,126.0,0.8108599208908167,0.5929291205667896,0.41366355614684885,0.9637525976537401,0.9565829184445974,0.2441469973355416,0.0,0.589510297252089,0.868113487097681,0.36199028515231746,86.8113487097681,85.57471276024731,critical
group_convergence,127.0,0.7750630754543707,0.5691458914165943,0.42978848488203114,0.9871139187007655,0.9495563151633404,0.24569006570189286,0.0,0.5740319716247051,0.8620166029121847,0.35399078467604655,86.20166029121847,85.68756331582212,critical
group_convergence,128.0,0.7889560776980878,0.5866297508812369,0.44251070885499794,0.9875101901640438,0.9645553735411576,0.27139664988279466,0.0,0.5898908946607307,0.8720008919994122,0.3664416144766117,87.20008919994122,85.95981797496356,critical
group_convergence,129.0,0.7991695672559261,0.5834161921236745,0.44802398295001195,0.9906168995986712,0.9547033647671793,0.25670782731449954,0.0,0.5924109846456295,0.8726965766838625,0.36589150517513813,87.26965766838624,86.19558911977964,critical
group_convergence,130.0,0.7946552691749874,0.5607583677042217,0.4483052511696918,0.9891437061032694,0.9833028496016695,0.26613292095745156,0.0,0.5850464594106801,0.8748035819859418,0.3635171808575748,87.48035819859417,86.42684755396625,critical
group_convergence,131.0,0.7992006304641948,0.5932626927953593,0.47372626989910827,0.9639463253531138,0.9731895323635895,0.2539331750360675,0.0,0.6015239134794597,0.8694681584998396,0.37067510550422256,86.94681584998396,86.52044184724944,critical
group_convergence,132.0,0.8014950936979282,0.589192455428786,0.46547579986724835,0.9499541794290028,0.9780330439411242,0.2563156851448652,0.0,0.5992815379042093,0.8657448655242319,0.36976239406296385,86.5744865524232,86.53016989418072,critical
group_convergence,133.0,0.8237506442711676,0.5984078097872122,0.4490333494965823,0.9836396987403002,0.9629662713151098,0.27359091218842996,0.0,0.6074524970240608,0.8807142949237562,0.3765844851844887,88.07142949237561,86.8075966218558,critical
group_convergence,134.0,0.8218800556097723,0.5747693704879383,0.49407865150063596,0.9984184823734024,0.9692714110835041,0.2653121977374816,0.00142543384653555,0.610139713258709,0.8834497410772006,0.3781932841216976,88.34497410772006,87.08432456931138,critical
group_convergence,135.0,0.8336328416966486,0.5668292023378309,0.5058401107644885,0.9700178638773215,0.9637380542125351,0.27243988440953,0.0,0.6155242714272513,0.8738733566850331,0.3821149421865836,87.38733566850331,87.13886656716593,critical
group_convergence,136.0,0.8172164793204653,0.616779508815553,0.48289737786102094,0.9698898157519035,0.973527753458378,0.26942712424980725,0.022340838720451815,0.6187266772970647,0.87966442003021,0.3889825053316761,87.966442003021,87.28783014561985,critical
group_convergence,137.0,0.8258112811694014,0.5678061925503245,0.5100045200177705,0.9813619000972156,0.9433914830715503,0.27209439251973727,0.006267229307293894,0.6140863754308041,0.8709482849768121,0.3831329104152301,87.0948284976812,87.2530898489909,critical
group_convergence,138.0,0.8490051191686407,0.5704929349172159,0.490997975853903,0.9922591408732113,0.9696876505116876,0.27218824228248684,0.0,0.6182679903759135,0.8875378319632884,0.3834623089058934,88.75378319632884,87.52321465151172,critical
group_convergence,139.0,0.8480223248846136,0.5866410765297588,0.48872149503151163,0.9880921919454576,0.9824399058184641,0.2595028039917891,0.0,0.6209307908255992,0.8914439863361434,0.3828094115094711,89.14439863361434,87.81502776829021,critical
group_convergence,140.0,0.8206043409472991,0.5748088569731086,0.4923769597081701,0.9651030194699055,0.9904690960780017,0.29221840142779876,0.0,0.6119702564933096,0.8767757446167583,0.3826424209772114,87.67757446167583,87.79028617309962,critical
group_convergence,141.0,0.8492123281917959,0.5849367217862376,0.5254066580034895,0.9740807268227725,0.9800038728391387,0.27044780656104245,0.009213926139895226,0.6311017765599765,0.8859728129136397,0.3932477117609953,88.59728129136397,87.93554529438721,critical
group_convergence,142.0,0.8326973995477939,0.5641073172365367,0.5240022872341683,0.9725429727373102,0.9717467437680506,0.26412660570327345,0.0,0.6180895173915583,0.8761171738725002,0.38258124172081925,87.61171738725002,87.87725627110252,critical
group_convergence,143.0,0.8259703393134763,0.5596377407298341,0.517261813762229,0.9861897664952313,0.9495453137429657,0.2800652733158959,0.00034444959160857163,0.6143029217508138,0.8729909926469166,0.38284539057716654,87.29909926469166,87.77318800994857,critical
group_convergence,144.0,0.8479733130517663,0.5734326274306454,0.49758655058085943,0.9883768739409603,0.9718139149457002,0.2715972101135264,0.004703237423548522,0.6203768064538794,0.8868936069932994,0.3859779525618488,88.68936069932994,87.93809909403723,critical
group_convergence,145.0,0.8500137887983493,0.5880757218985907,0.5195948603967526,0.9687358172068768,0.9464166454943325,0.2947323469868805,0.0,0.6332994924468757,0.876376502880366,0.39509981450134746,87.6376502880366,87.88401830895711,critical
group_convergence,146.0,0.809311508440933,0.5796043140467994,0.4969670086882228,0.9696098140113616,0.9591929421373899,0.28728559088376665,0.0028122893818163324,0.6101106334287988,0.8684301946555772,0.38164880508973814,86.84301946555773,87.69663851714523,critical
group_convergence,147.0,0.8495389830870897,0.5943295603213102,0.517504434553078,0.9827866568433323,0.9674315317054365,0.2725564886232918,0.0,0.6322692696774732,0.8873673926414944,0.39119419357323454,88.73673926414945,87.883856651606,critical
group_convergence,148.0,0.8331384009298262,0.5768503652994942,0.5034532152037072,0.9767229957643848,0.966641674942116,0.26898069130442487,0.0,0.6174149228466567,0.8783256222804444,0.3824693555223304,87.83256222804444,87.87462365536491,critical
group_convergence,149.0,0.8327968469532175,0.582256274898763,0.5031654373457002,0.9701136452748838,0.9805454580811989,0.28732024248364263,0.0,0.6206791624880443,0.8802137933396279,0.38683667472404154,88.02137933396278,87.90103967751254,critical
group_convergence,150.0,0.8345696795940141,0.569116718047241,0.5037257643573981,0.9739262926690418,0.9665346777238422,0.27124779187204395,0.0,0.615890623548631,0.8765177994707148,0.3820898666539075,87.65177994707149,87.85617292603315,critical
group_convergence,151.0,0.8518432799704467,0.5624870642356884,0.4851230772035542,0.9865902286600824,0.9547632098031887,0.2631595391906493,0.0,0.6144879904803164,0.881331262109791,0.3801420850481056,88.1331262109791,87.90602451732343,critical
group_convergence,152.0,0.8540390884511612,0.5654541556101083,0.4889325454431565,0.9751304461257441,0.9640575812514526,0.2596645307829969,0.02074756819658527,0.6167495170800277,0.8806379469111801,0.3871229994637969,88.06379469111802,87.93442314860647,critical
group_convergence,153.0,0.8429009597125522,0.5704721523910091,0.5081989090490219,0.9779124402581372,0.9607727241468887,0.2880772490142404,0.0,0.6220144337803755,0.8787585979138596,0.3879963009613632,87.87585979138596,87.92388174430678,critical
group_convergence,154.0,0.8481619388013233,0.6035407591302512,0.4971044365513538,0.9700676319588895,0.9828838977138907,0.26086511015103986,0.0013961726804751669,0.6282815264724809,0.8878162441839526,0.3873210409468559,88.78162441839525,88.07827542564272,critical
group_convergence,155.0,0.8642866967868831,0.564582064738176,0.5198657738064977,0.9865025573148243,0.9522128354621441,0.2654352458762456,0.004632954960948769,0.6283849313361108,0.8840880878331716,0.39000145080261145,88.40880878331716,88.13777143002413,critical
group_convergence,156.0,0.8384741539053945,0.5694303107212133,0.524096678498879,0.9731485933100762,0.9639730390817465,0.28786063383515753,0.016342241286692226,0.6241052800914876,0.8766283525134939,0.3941986783171319,87.66283525134939,88.05228291786268,critical
group_convergence,157.0,0.8265359904637395,0.5964194817010762,0.49128287072611054,0.9825298726093266,0.9808390582434853,0.2892320264884794,0.005059598516891529,0.6199573615030072,0.8851921398452318,0.3878268358095892,88.51921398452318,88.13633050986158,critical
group_convergence,158.0,0.8449625299920503,0.5720165951764293,0.49190855460171734,0.9814145753459383,0.9595493580410472,0.2655370800116007,0.008517151938667637,0.6168727107017359,0.8804255626558173,0.38424384004905254,88.04255626558172,88.11945114589122,critical
group_convergence,159.0,0.8471157953734851,0.587052733669591,0.5079601386534498,0.9747157794256148,0.9744378332259332,0.2722394473450156,0.02105026683620373,0.6268203278794611,0.8845968399992584,0.3944380594430174,88.45968399992584,88.18069305961745,critical
group_convergence,160.0,0.8368005222107322,0.552685140730051,0.5333309085738858,0.9693576913365165,0.9701980508763884,0.29126112347367483,0.0,0.6211445644836106,0.8739276063490686,0.3885147365324719,87.39276063490686,88.03886522316955,critical
group_convergence,161.0,0.8364029266783697,0.5683486227500791,0.5005212704781358,0.9784548523503407,0.9657477105413312,0.282089021422442,0.0,0.6165848309242313,0.8782491510400563,0.3840288736043946,87.82491510400563,88.00035420172006,critical
group_convergence,162.0,0.8644322546818414,0.5861252139022297,0.5159252413524951,0.9756943963472642,0.948748638988971,0.27400793213646957,0.0,0.6347709568610841,0.8827070442245801,0.3929956056518709,88.27070442245801,88.0490172414529,critical
group_convergence,163.0,0.8356376596172677,0.5596249604306495,0.4900953587916263,0.9915414532885967,0.9702082495598491,0.2809696961094098,0.0,0.6109814783040861,0.8824447300098854,0.3807795190286769,88.24447300098855,88.08419927816932,critical
group_convergence,164.0,0.8280329376238317,0.5821314680083189,0.4989888494625317,0.9692176491009542,0.9636088152884629,0.284569810827453,0.0,0.617655162019215,0.8744563356146554,0.38468859731088456,87.44563356146554,87.96925744916264,critical
group_convergence,165.0,0.8065841563897806,0.5803959940295877,0.5156607040815487,0.9884847696391676,0.9732353443591714,0.2663490413189098,0.012323428283748562,0.6119733330975776,0.8779839436653848,0.3826921727435331,87.79839436653847,87.93850209429029,critical
group_convergence,166.0,0.848571761878936,0.5732348631238943,0.5069172024136349,0.993900603906123,0.9523639103955014,0.2673621986824888,0.0,0.6224360960664536,0.8840843589043366,0.3852096019429143,88.40843589043365,88.02309017759609,critical
group_convergence,167.0,0.8540250931374443,0.5766823486690862,0.5158002631246518,0.9873169863794936,0.9761453134359964,0.2929233893176348,0.0,0.6301558919117578,0.889605899176546,0.39326208826007647,88.9605899176546,88.19184013080663,critical
group_convergence,168.0,0.8247646053771901,0.5884216236624609,0.5112769712133988,0.9883705041495467,0.9777736725948164,0.3006167307360402,0.005033982078769475,0.6230750148577084,0.8848274894947121,0.3915412510776558,88.48274894947122,88.24420371816625,critical
group_convergence,169.0,0.8457779230505286,0.5793394945421511,0.5096025572100925,0.9764351009253559,0.9867009279878254,0.2904379657510755,0.0,0.6262685573079609,0.8867729222647855,0.3905844855231574,88.67729222647856,88.32215964966247,critical
group_convergence,170.0,0.8347578605536676,0.5917561236193639,0.5093344785866766,0.9849230472772755,0.9640639268258764,0.2773193827898432,0.0,0.6247576462052463,0.883191931934837,0.38757903899960827,88.3191931934837,88.3216256875503,critical
group_convergence,171.0,0.8396278617383814,0.5893187599233132,0.526200933848136,0.9850390781387219,0.9615136443691411,0.2714269903222425,0.0,0.6293583120796856,0.8834468678639302,0.38953892447784216,88.34468678639303,88.32577668534199,critical
group_convergence,172.0,0.8318060980497263,0.5984027889711969,0.5089463650723455,0.9602503482773963,0.9807271537276159,0.2802920935357767,0.0,0.6259187716304273,0.8789813531871037,0.38852201142363196,87.89813531871037,88.24880123934831,critical
group_convergence,173.0,0.8387419072016956,0.5748764405975508,0.5200476485450544,0.9756994581766018,0.9573140341788988,0.29221122721851417,0.011607581794325436,0.6252556345579737,0.8767402617965918,0.39391151479373043,87.67402617965918,88.14534172860428,critical
group_convergence,174.0,0.8492602946531661,0.5819814211927334,0.5065064444442982,0.9651273594387428,0.9595801371504012,0.29471495158845823,0.008934856274747214,0.6279336357563485,0.8773018969333618,0.3947486859763038,87.73018969333619,88.07061436225604,critical
group_convergence,175.0,0.8328046832930891,0.5673035431076602,0.5107861716755072,0.9572979308883592,0.9661824013224277,0.2794940186009642,0.004780988300208002,0.6173186468638524,0.8698965784309539,0.38560749408634815,86.98965784309539,87.87604218880712,critical
group_convergence,176.0,0.8307977728915853,0.5873703228434465,0.4967942769828986,0.9794019334080281,0.9562722066362757,0.284426055800881,0.0008039365291675634,0.6196314921909016,0.877663720001292,0.3859106366711953,87.7663720001292,87.8563015548451,critical
group_convergence,177.0,0.8268481252871509,0.571417436552304,0.48447658337422894,0.9849551914139403,0.9871791262401309,0.26229999010959204,0.0,0.6081712196707104,0.8839537453595451,0.37621372606832854,88.3953745359545,87.95333469144481,critical
group_convergence,178.0,0.8524239327125186,0.587334298628081,0.5045364640490279,0.9717393393021905,0.9814391455031473,0.27799150371160297,0.0,0.6284819324212231,0.8866746831038952,0.3898637016863907,88.66746831038952,88.08187874285485,critical
group_convergence,179.0,0.8289591259451026,0.576603396643299,0.510776158717883,0.9859395314401328,0.9438348811351218,0.29715158559863547,0.0,0.6205259113131097,0.8747678472705975,0.38832907561292496,87.47678472705975,87.97296182001173,critical
group_convergence,180.0,0.8464080867651534,0.5778917815632532,0.5038526899629799,0.9866043156064628,0.9441937911604746,0.2779403179391981,0.0012627557326054103,0.6233675691214444,0.879645747178157,0.3875101783895869,87.96457471781571,87.97145214161645,critical
external_context,0.0,0.0713545117091687,0.050299368301677055,0.06465748786696338,0.03702190884903811,0.1485603993257909,0.09845508594567717,0.005916576121222522,0.06607377015002072,0.07548130110115481,0.052980420792631995,7.548130110115481,7.548130110115481,normal
external_context,1.0,0.03994345837792192,0.07220945072701698,0.07980083004658048,0.05530158526723823,0.126559320392106,0.10749449533711654,0.0,0.06634270269573454,0.0718126671450929,0.05228913285904731,7.181266714509291,7.4820946989063675,normal
external_context,2.0,0.07517921594566117,0.05939569643320494,0.06221686930956655,0.04407219774867768,0.15930288578739468,0.12866294828441915,0.0,0.07255194666677645,0.0829551491102819,0.059010317707431786,8.29551491102819,7.628510337088296,normal
external_context,3.0,0.033513091463137426,0.07429536310217986,0.06841086700614492,0.050726166531462474,0.17273023117107922,0.11818243622729466,0.002117000643514532,0.06293915131701776,0.08045929340989301,0.052380140247389496,8.045929340989302,7.703645757790477,normal
external_context,4.0,0.05008228789172829,0.05365583455549787,0.0715419570915318,0.06164216541735722,0.15308378316603793,0.1301442253188948,0.0,0.06452546293352669,0.08041465084384126,0.05482497138917907,8.041465084384127,7.764453236577334,normal
external_context,5.0,0.04646091918638204,0.07243794113188155,0.057264464617192735,0.0624766731236545,0.12417817167662071,0.14028242758432635,0.0,0.06633706296752899,0.07539229947881199,0.05680403021650282,7.539229947881198,7.72391304461203,normal
external_context,6.0,0.050754051498579617,0.05296920605776565,0.04943334581045041,0.0752160157398577,0.13021292288086,0.13856333435688417,0.008991451688507814,0.05986934973013358,0.07951273001247494,0.055921295457877516,7.951273001247494,7.764837836806414,normal
external_context,7.0,0.05508457389014523,0.07027648133619419,0.09070991946161243,0.06262476631440012,0.11358943750678818,0.13183526639746793,0.0,0.07622355176755899,0.07462864325970252,0.06153192817719362,7.622355176755899,7.739190957997321,normal
external_context,8.0,0.0743493027478377,0.07924302047735338,0.05274688779439705,0.05373548920589536,0.13058170589947576,0.12125566152229181,0.0,0.07510745020577765,0.08192662645549476,0.05891947909478847,8.192662645549476,7.820815861756709,normal
external_context,9.0,0.04727804124628917,0.05688583014833623,0.046774167773862826,0.06767206848901272,0.16157955812349928,0.134211063053532,0.0,0.05872771172952099,0.084432498335852,0.05184682054829409,8.443249833585199,7.932853976685838,normal
external_context,10.0,0.04825198958035227,0.04342597905631543,0.05680844980975059,0.03967166851527757,0.15272616645512987,0.1129322086426112,0.0,0.055411323386716685,0.070643519847665,0.0472720039745026,7.0643519847665,7.776523618140358,normal
external_context,11.0,0.05041820824914561,0.08167455075572132,0.06197568701038494,0.08024540904642385,0.12874679140619125,0.12244505993695202,0.007475731727557,0.0698871658602088,0.08512832569344075,0.05836290882040257,8.512832569344075,7.909059229357028,normal
external_context,12.0,0.052686563687084076,0.04918363337807542,0.06364854717206703,0.033974343303018635,0.12513292786283456,0.11704255049479662,0.0,0.060811779146398466,0.0637234380502475,0.050870649918897504,6.37234380502475,7.632450452977218,normal
external_context,13.0,0.05160607369102014,0.05283713790149675,0.055956481075198364,0.06789522576289098,0.13251638739792104,0.11452565930149827,0.001749080083392843,0.059354953361255486,0.07771951497447165,0.05007011347002581,7.771951497447165,7.657560640981809,normal
external_context,14.0,0.04331117000862407,0.055896306769674775,0.06623177478459145,0.06645707175618264,0.15331276840715313,0.11131350703980676,0.011243104996367633,0.0596170959340494,0.08080040573405944,0.05261707914173639,8.080040573405945,7.733607028818154,normal
external_context,15.0,0.062297436416112385,0.07059993109139284,0.08135039310548414,0.05282528081035583,0.1462226984706432,0.12518544594286987,0.021199795314584526,0.07584022494371521,0.08120887166902235,0.06664906369570336,8.120887166902236,7.80331745367329,normal
external_context,16.0,0.05765526936832524,0.06789631823777356,0.05589581287527079,0.054467641885906734,0.15824550336124238,0.1018336998461297,0.010245530686834519,0.06470556295367656,0.08322331557812529,0.053540272715898,8.322331557812529,7.896739992418353,normal
external_context,17.0,0.0711374157810305,0.06748854854606395,0.06054002066117401,0.04183248904352792,0.13259429298073994,0.09698665587496545,0.0,0.0699783308399699,0.07569758063758697,0.05282909971228489,7.569758063758697,7.837883245259615,normal
external_context,18.0,0.07403934261425114,0.05634381405364618,0.07737627113688036,0.061160110033326075,0.14179537229385467,0.13202077030572568,0.0,0.07536305894587442,0.08381628934673752,0.061270035362574346,8.381628934673751,7.93575746935416,normal
external_context,19.0,0.04056171782536601,0.057312463403726074,0.047478911174133755,0.06637119597124218,0.13176191456240896,0.12494900962589914,0.0,0.055754969016119274,0.07490769619743742,0.048820851676932,7.490769619743743,7.855659656424285,normal
external_context,20.0,0.0781039240433275,0.06950098418722775,0.04513817100231332,0.053297610086318475,0.13794840044273315,0.12991945347225603,0.0,0.07246315676913688,0.0830923922798108,0.05880054878154787,8.309239227981081,7.937303979304508,normal
external_context,21.0,0.06538257033359285,0.07964062669739211,0.05134586007197754,0.06498797988593864,0.1365900353428597,0.11937912215288074,0.0014314466210389074,0.07155046485925759,0.08518503838380048,0.05702974549901184,8.518503838380049,8.041919953938105,normal
external_context,22.0,0.07444268492960078,0.044679891234596064,0.058607641658346414,0.06809842443201078,0.13676237702437744,0.12852463473936707,0.0,0.06696328098426241,0.08333769772488774,0.056086593867734943,8.333769772488774,8.094452921277226,normal
external_context,23.0,0.05815523331328404,0.07471686883602499,0.07118029888142222,0.050574906291951924,0.14739096094415752,0.12046273021734877,0.023430996380787293,0.07261074005254733,0.0802952960919473,0.06463746677797982,8.02952960919473,8.082766725102376,normal
external_context,24.0,0.06701985707501257,0.07128557079792035,0.03959272307253481,0.07010902017555308,0.1346467649040903,0.12483546316854284,0.0,0.06722434830061849,0.08564764817590734,0.05500280812927936,8.564764817590733,8.16952638175028,normal
external_context,25.0,0.06601404368275207,0.06766316780318124,0.051608788922901404,0.06535997036440237,0.13861176247053758,0.12366940823159986,0.0,0.06867300368380294,0.08418191633634042,0.055827483891782784,8.418191633634041,8.214286127089359,normal
external_context,26.0,0.07538134271671677,0.051395972915606984,0.04608998179042631,0.06072215153139282,0.12965358032346905,0.1655001767247091,0.0,0.06987477494561045,0.080220879733375,0.06279919709419017,8.022087973337499,8.179690459414024,normal
external_context,27.0,0.051969078856650086,0.060983264913117466,0.040172177548105745,0.06910457597871232,0.15481043227427016,0.14103428453139336,0.013903650989899987,0.060630629913928535,0.085028969112247,0.057945084343762165,8.502896911224699,8.237867620739946,normal
external_context,28.0,0.05207620283975845,0.06448987561148749,0.04392282914496198,0.06360441659731164,0.1610344865764685,0.18058168136238145,0.0,0.06661250909984034,0.08521269950483892,0.0627934825538954,8.521269950483893,8.288880040093856,normal
external_context,29.0,0.056283022042433906,0.05215853360908405,0.06932951196512059,0.051117972583937674,0.16384550309249252,0.15790347365982602,0.0,0.06846934315483982,0.08074720172947239,0.06106050597658268,8.07472017294724,8.250331264007466,normal
external_context,30.0,0.07554880421513047,0.0740371612863148,0.061254959194089825,0.05209279171358614,0.15015865451687463,0.1730010438144987,0.9980272803948935,0.08126707404116242,0.08576491597570365,0.3694119717964546,36.94119717964546,13.414687128822305,normal
external_context,31.0,0.07764799362887051,0.05425057890115291,0.061957681684853085,0.06254434350914197,0.1399636297922994,0.2107096887959026,1.0,0.08001236074125408,0.0844310129186651,0.37510277557285554,37.510277557285555,17.75189340594569,normal
external_context,32.0,0.046004289216113325,0.07837939841218504,0.06769545135795277,0.07313815048405015,0.12923211451042174,0.21641205392111346,1.0,0.07818038898089472,0.08116436336287908,0.37439449609296604,37.4394496092966,21.295653522548857,normal
external_context,33.0,0.06583249325438419,0.04196678329283477,0.06546066342549597,0.06200176889234782,0.1277684502770357,0.22859285982311403,0.9970043973065605,0.0748558594655703,0.07639587248910193,0.3741005068152174,37.41005068152174,24.196245011163974,normal
external_context,34.0,0.05907830272066073,0.04346499101923758,0.06535131289866475,0.05511605747102182,0.1394838244438938,0.2276223434493775,1.0,0.07281696582760647,0.0754509005588819,0.37366257482169296,37.366257482169296,26.566847255944932,normal
external_context,35.0,0.05666200716448516,0.037204321455832336,0.08382939199675281,0.060341965097872846,0.12553102484870488,0.2659349597153838,0.9948985190872944,0.0785438429150461,0.07224859400592785,0.3811440061200499,38.11440061200499,28.645406860035745,normal
external_context,36.0,0.06594496411723035,0.0685067997720274,0.06837934873724252,0.045716757976122374,0.14956811948419374,0.26065731105095047,0.9973122919359683,0.08679334566204451,0.08015515615780297,0.3850470648908171,38.504706489081705,30.42008079326402,normal
external_context,37.0,0.08182138094049854,0.04908572593331034,0.025924508169220276,0.07358024637390906,0.14344949429941684,0.29165561401217693,0.9937389387249098,0.07900988955269035,0.08943366393084357,0.38406861572338763,38.40686157233876,31.857701333497474,normal
external_context,38.0,0.06663660319504146,0.05008097755124011,0.06712091748426323,0.07679600447282965,0.1243303491373293,0.2972271927945366,1.0,0.084850053034156,0.08213248628126907,0.39035304345324107,39.03530434532411,33.14966987562627,normal
external_context,39.0,0.05411695411009894,0.07088606466367006,0.0721171979581473,0.0798312611202267,0.13784194250489362,0.34258227620275017,0.9915713074336467,0.0924942804474475,0.086563575245378,0.39826172768593643,39.82617276859364,34.3514403963604,normal
external_context,40.0,0.052088872557764884,0.08078456712773639,0.06621755051005884,0.07045245042751257,0.15064316032268082,0.34776936129761865,0.9757393279717596,0.09379779929081519,0.08745905093890129,0.39474376280827383,39.474376280827386,35.27356885556446,normal
external_context,41.0,0.06571319705125406,0.05088224500241847,0.05248084434372624,0.051677630913109084,0.15432567509822287,0.3783604792383662,0.9864693062533295,0.08922055147843264,0.08072922560732018,0.4002599905358446,40.02599905358446,36.129006291208064,normal
external_context,42.0,0.06282767954903933,0.07631148524271994,0.047095220733610575,0.05820538283038036,0.1431070533512568,0.3802842163202376,0.9925983871590458,0.09468536023040616,0.08330229000211514,0.4049129012180187,40.49129012180187,36.91421738071495,normal
external_context,43.0,0.07332008775082703,0.06640813845669506,0.06056509356487109,0.05499804695902971,0.14816597047237084,0.39379345183649267,1.0,0.10010509082466501,0.08458205175996412,0.41246869272069886,41.24686927206989,37.69409472115884,normal
external_context,44.0,0.07653725610988123,0.0597505218238988,0.06850171703766654,0.06490011200165227,0.14444716949080919,0.4064769451630646,0.9931835667647105,0.10248631996135116,0.08692372387433572,0.4137957461132371,41.37957461132371,38.357481101388515,normal
external_context,45.0,0.0628208186963672,0.04552935158886863,0.07089785783535993,0.07586971386246927,0.13518043594478218,0.44655639231269506,1.0,0.0980261957104986,0.08288411625048188,0.41933952361544674,41.93395236154468,39.001245928216626,normal
external_context,46.0,0.06713156719320555,0.04333467045835349,0.0369073872199335,0.03036715846392705,0.1426520661735149,0.47875381368803965,1.0,0.09359867782891533,0.0695746143728076,0.4212133848279921,42.12133848279921,39.56286258804149,normal
external_context,47.0,0.07992357113036999,0.0621533932202652,0.0642020571986162,0.06462654885343325,0.14306229235534695,0.49212373994398595,0.9954826694771197,0.1118821561557617,0.08768876695317065,0.43200758062083927,43.20075806208393,40.21768377336913,watch
external_context,48.0,0.07545552732529794,0.06485095418771038,0.07603915819777449,0.06270545462141525,0.13573125789828067,0.49863626887704937,1.0,0.11473813725731594,0.08447124855154654,0.43595187609829217,43.59518760982922,40.82563446393195,watch
external_context,49.0,0.04907698227367985,0.05751730519299146,0.0696451317411574,0.06306898537914771,0.14721600924777814,0.5231966664252319,0.9888622537992156,0.10416308493149792,0.07977498854201492,0.43018777141966935,43.018777141966936,41.220400145978246,watch
external_context,50.0,0.042750903597400886,0.05717442065896906,0.0919365420421711,0.06766820496961704,0.14597095974773092,0.5446960458346622,0.9877417898661414,0.10956888255079003,0.07944050067449426,0.43617857125142606,43.617857125142606,41.65194240222783,watch
external_context,51.0,0.043534856489074764,0.05720197632479128,0.05125447100887544,0.04929852441616319,0.15315570982854404,0.5711836705278417,1.0,0.10232977747361657,0.07500742157378051,0.43921217250343325,43.921217250343325,42.06041187488863,watch
external_context,52.0,0.038844010389872605,0.0818740831278453,0.044804052623070426,0.07094951093904904,0.1514878773666033,0.6012663844958195,1.0,0.10948528018015856,0.08469641323696293,0.44702379933977576,44.702379933977575,42.535966125524645,watch
external_context,53.0,0.06456448377808377,0.09094010798629554,0.07107658054151582,0.06355047667569833,0.15434309007086894,0.6159765708982698,0.9653735550518873,0.12924640394342393,0.09061057649667692,0.45002278073000856,45.00227807300086,42.97990227607036,watch
external_context,54.0,0.04486908436374004,0.09731741661658015,0.07887190416969868,0.05727010868666225,0.13633071725714535,0.6440230217096959,0.9945685150643283,0.12901968272567732,0.07994210093804016,0.46257737385192754,46.257737385192755,43.569912595712395,watch
external_context,55.0,0.06807797617762686,0.1024847210588515,0.04733730352119635,0.059949494714401926,0.1898606252733311,0.6618147206422873,1.0,0.13258850592435267,0.1008396816716079,0.46845184305099,46.845184305099,44.15946150340199,watch
external_context,56.0,0.05004016636290047,0.0955933693436411,0.060592975434596304,0.05454836595123368,0.17452711738229582,0.6652031469032171,1.0,0.1278606275790783,0.08957275442077701,0.46647661436995913,46.64766143699591,44.6073374914489,watch
external_context,57.0,0.07133648362162201,0.12890596002668728,0.06298890642515585,0.06078756699868917,0.17560701643247414,0.6989207248320196,1.0,0.14927885636506483,0.10234741746706832,0.4828356716585048,48.28356716585048,45.26905883284119,watch
external_context,58.0,0.06744958086735142,0.10569122031475171,0.06526510330577875,0.06667766101199919,0.19622872384329262,0.7060241218481406,1.0,0.14223340740925725,0.10511044057907348,0.480338189086178,48.033818908617796,45.766715646480975,watch
external_context,59.0,0.06174771181483941,0.13326347120050164,0.07576088741608238,0.04439803910262477,0.1921567827643191,0.7388732152105418,1.0,0.15441828387041906,0.09900495801078354,0.4914778391975638,49.147783919756385,46.37530793567055,watch
external_context,60.0,0.06526121079505766,0.13072550821277015,0.08940808728199787,0.0555835032534817,0.19132477923491983,0.7622752016394707,1.0,0.16063861822654776,0.1032095498781285,0.49852732181112086,49.85273218111209,47.00124429985003,watch
external_context,61.0,0.04433789469829459,0.13174335167781445,0.05284319230948651,0.05412554886384733,0.19908596003132983,0.7666617375349323,1.0,0.1449182404786123,0.09956140853642484,0.48988790804474047,48.98879080447405,47.35900267068236,watch
external_context,62.0,0.030157439396574136,0.14745756296213425,0.05611385448269755,0.059286131502314064,0.2170237804332278,0.778547363900166,0.9863785234915259,0.14667557268813222,0.10466408542758054,0.4881902303235306,48.81902303235306,47.621806335783084,watch
external_context,63.0,0.05304624803371747,0.17229225455073588,0.0412215163988989,0.05631748640149952,0.20636148038926405,0.814578860055475,0.9988732279352729,0.1620171282822941,0.1104068905288806,0.5052140556408655,50.52140556408655,48.14373419687771,watch
external_context,64.0,0.06491376631274164,0.18973421315238,0.06973201766174536,0.038664025208831956,0.1934561504712919,0.827786496406413,0.9819233285984541,0.17985173621125122,0.10658501999195656,0.512036985745486,51.203698574548596,48.694527784858465,watch
external_context,65.0,0.043872146943000956,0.19189263248063443,0.045905221570762086,0.06523493630220803,0.1980849081420152,0.8595555791863335,1.0,0.17035490448556453,0.11210538634912201,0.5163552233335764,51.63552233335764,49.22390680358832,watch
external_context,66.0,0.06735247214173712,0.16451417295322762,0.0615809499449343,0.07407017899273233,0.23937221214719379,0.8536337724762619,0.9918917737929706,0.17368623186943605,0.12728285966267316,0.5156790494962153,51.567904949621536,49.6458264698743,watch
external_context,67.0,0.06668098982137785,0.22064957454301376,0.06578848259843169,0.051953686378281044,0.22741799127090023,0.8959448345872109,0.9877824313460675,0.19557482290871536,0.12480597168691995,0.5318256028567547,53.18256028567547,50.28243855671852,watch
external_context,68.0,0.06091769248360227,0.19873350361465106,0.07663746124911258,0.06298383863617972,0.2433193753087258,0.8984549357736317,1.0,0.18994610234329742,0.1279136360129426,0.5331801703810113,53.31801703810113,50.82884268336739,watch
external_context,69.0,0.06260234374834926,0.260157639278215,0.05935248502324735,0.053818701848338105,0.2431244720366869,0.8859550489104159,0.9869754761505541,0.20339173824224016,0.1342918954849096,0.5337306400221387,53.373064002213866,51.28680252075976,watch
external_context,70.0,0.05834866871570357,0.2526903482315547,0.05391794117070041,0.06571007893183738,0.2569059048591583,0.9083294982816649,0.9950554981404232,0.20054157364080424,0.13971572325459175,0.5378435262519389,53.78435262519389,51.736361539557905,watch
external_context,71.0,0.061538746852615366,0.2652080013316834,0.05201173924937583,0.06234865870476826,0.2489952753136133,0.9281718647894609,0.9997839595850857,0.20692108308921045,0.13923673628797856,0.5454602712910999,54.54602712910999,52.242101345677284,watch
external_context,72.0,0.04566019057076079,0.28912814760477995,0.0722642764217413,0.07976604167571555,0.2723669484347055,0.9368529851727798,0.997587281040263,0.21447087860391356,0.150794121478584,0.5499876830647652,54.99876830647652,52.73830139862115,watch
external_context,73.0,0.07537088684978288,0.2875414130388105,0.05569226771629813,0.06211749931608052,0.24737365899665462,0.9370852908480206,1.0,0.22027383032294373,0.14555847317805912,0.5539762876528269,55.39762876528269,53.21698032462023,watch
external_context,74.0,0.06933576574267987,0.3019535154241561,0.06069930282596132,0.07869401900595376,0.2790818924958488,0.9343155107583073,1.0,0.22345994941950584,0.1599403485253394,0.5551281780377151,55.51281780377151,53.63023107086747,watch
external_context,75.0,0.07485044648439956,0.31477684268087075,0.06949060280018657,0.06498324882988962,0.27410756112577206,0.959448476037303,0.9878758972384674,0.233948207377578,0.15720016539513487,0.5608626704980393,56.08626704980393,54.07231754707604,watch
external_context,76.0,0.06320797086543371,0.335415478845515,0.07618045311724086,0.06986943331914586,0.2983319496880218,0.9664188809513842,1.0,0.2384344348310049,0.16515160362689218,0.5676647601577769,56.76647601577769,54.557266071442335,watch
external_context,77.0,0.05881818010351586,0.3495490385727252,0.07441244387742173,0.0805328436156618,0.30745491573829264,0.9806730160273991,0.9963430898162406,0.24212148718014345,0.17218712501184252,0.5703953885385773,57.03953885385773,55.00407517227711,watch
external_context,78.0,0.09657418435470255,0.36612544666630503,0.04243526381090521,0.06291465535197599,0.3125761627927744,0.9795289791611022,0.9929369918119846,0.25220031239287394,0.17922653316000658,0.5743858368183379,57.43858368183379,55.44228670399732,watch
external_context,79.0,0.06976014184431409,0.3383923132562497,0.046399381938796995,0.07515220911246882,0.32430717296665357,0.9665197808368143,1.0,0.2341855671907655,0.17557894888054343,0.5649747388154827,56.49747388154827,55.632220395956494,watch
external_context,80.0,0.08974414308904093,0.3922987568314052,0.06445839523948016,0.09909927878082439,0.3095904632907591,0.9893071319018053,1.0,0.26414538913063645,0.19336321269294932,0.5843238278088021,58.43238278088021,56.13624962524277,watch
external_context,81.0,0.09923496162629697,0.3894365343599994,0.06757926720026881,0.08473862127661114,0.3258835183889377,0.9729759036173553,1.0,0.2657556040390065,0.1943536176046225,0.5829945432827707,58.299454328277065,56.52562647178894,watch
external_context,82.0,0.11095187719191989,0.4566358149778156,0.06505472665373371,0.08072027637754385,0.34429755792453254,0.9914568082995979,0.9895140824643125,0.29123326400390986,0.21055982775792578,0.5955895430823297,59.55895430823297,57.07162548234887,watch
external_context,83.0,0.11979247502421213,0.4487523162726615,0.07991617241164668,0.08366584345749181,0.3595278363172434,0.9744611634272896,1.0,0.29397822058591333,0.21642597048638523,0.5981510009929465,59.815100099294646,57.56545091339912,watch
external_context,84.0,0.12405819905403889,0.4657350989969816,0.08560328565724384,0.10589894404383748,0.3660746507152874,0.9735022936332278,0.9851953386591727,0.30189195014564185,0.22945810770722191,0.597771457833339,59.77714578333389,57.963555989987384,watch
external_context,85.0,0.11599262835102098,0.4756133129537015,0.06896928855199709,0.1025657261375289,0.35051417110055577,0.9799571869304258,1.0,0.2985194546400096,0.2238667009540845,0.6008773532821441,60.08773532821441,58.34590827086825,watch
external_context,86.0,0.1392452413360307,0.4933458035978898,0.07637421850508676,0.11425146959916348,0.3944236927666065,0.989222689330711,0.9961221451318082,0.31475539910632044,0.24740711842505,0.6099882329883373,60.99882329883373,58.82343297590204,watch
external_context,87.0,0.15129680288494654,0.4898426962537886,0.09260440702572226,0.08482053744660495,0.38537004937914565,0.9831560517317466,0.9984640586627879,0.32137339681547306,0.23733030561040308,0.6137968540141017,61.379685401410164,59.283558412493505,watch
external_context,88.0,0.16908630990203505,0.5254226916092247,0.0954467920493365,0.11327925498813757,0.4137977198232347,0.9645567714978674,1.0,0.33712439111060055,0.2641821504185493,0.6198590388287647,61.98590388287647,59.769980597162444,watch
external_context,89.0,0.1761625946307612,0.5415152676592422,0.07831954202353765,0.11826510262394054,0.41023075417866456,0.9916262572068352,0.997166452041874,0.342853999645107,0.269218413269622,0.6256829274324984,62.56829274324984,60.27367678345818,warning
external_context,90.0,0.19799174911238213,0.5485637370931339,0.08152503221452867,0.14141410249290623,0.4234732106040575,0.972060972419137,1.0,0.3514535886128198,0.28714573636559715,0.6285238597024532,62.852385970245315,60.73784443707987,warning
external_context,91.0,0.20589252775673064,0.5707847365188796,0.08309976291428091,0.14786508871363335,0.4233751993793604,0.9628249747602563,0.9909989642870823,0.36035524387511547,0.2946874233116264,0.6291258647044962,62.91258647044962,61.129298003086426,warning
external_context,92.0,0.19227186231508614,0.5892310922124572,0.11290194193509312,0.15024447455023235,0.4187540620976398,0.9597618383149373,1.0,0.3682661487892843,0.29372671102763137,0.6357266952481373,63.57266952481373,61.56910487699734,warning
external_context,93.0,0.22052884286290703,0.5914816209501457,0.11423883463268683,0.12349569775897255,0.42824219058948765,0.9955737305788995,1.0,0.3827466630031228,0.29413849572126094,0.6490785830257861,64.90785830257862,62.17008049360198,warning
external_context,94.0,0.23747263114678027,0.5925435051128666,0.12218945450816775,0.16271129790276614,0.4487108719810343,0.998205167508572,0.9775850489508441,0.39124635281313214,0.3173763558148518,0.6476210183594788,64.76210183594789,62.63664433522425,warning
external_context,95.0,0.23883245708623044,0.6303824521251964,0.12108568415934073,0.1721593130865741,0.44074675712337663,0.9735398283950656,0.9941037449798038,0.40033149949708136,0.3247079309514821,0.6534258010328808,65.34258010328809,63.123712773475745,warning
external_context,96.0,0.2760858494600451,0.653197278324003,0.14956819403320415,0.1535430909167953,0.4288165750510763,0.9765584397112005,1.0,0.42763712328763775,0.3279452796972592,0.6709436786878302,67.09436786878302,63.83843069063106,warning
external_context,97.0,0.26463964868001594,0.6345882503086951,0.1419510310451045,0.17167701361207782,0.45785015221875136,0.9793838323013627,0.9974306222548518,0.4164264931220265,0.33589764253522336,0.6645147750758011,66.45147750758011,64.3087791176819,warning
external_context,98.0,0.2692716773749139,0.6768338140242078,0.1571017668930143,0.1787479178229589,0.46684879680365726,0.9650013935523135,1.0,0.4330708123669672,0.3481169618863096,0.6719449513230289,67.19449513230289,64.82820800031368,warning
external_context,99.0,0.27723044561805305,0.6795862755301377,0.17851662240600202,0.17406743862558197,0.4752107124525233,0.9816121176728019,1.0,0.4436969059941406,0.3509718343661184,0.680483947348592,68.0483947348592,65.40784161253188,warning
external_context,100.0,0.3069107901341573,0.6972174835714472,0.2004033709420158,0.18591720696590358,0.4837947793878997,0.9866064954239903,1.0,0.4653455138962922,0.3673300373542976,0.6933465852886489,69.33465852886489,66.11466865747182,warning
external_context,101.0,0.32112306611651864,0.7130576316634294,0.20711458954328438,0.18007859900696205,0.5047288716718736,0.9749605107883195,1.0,0.4755850611044634,0.3764491388490492,0.6972425485619747,69.72425485619746,66.76439417324244,warning
external_context,102.0,0.3365034675065931,0.7028884055031389,0.22760643010393314,0.19695121371359733,0.4679062861279348,0.9828741389769627,1.0,0.4838317567019288,0.3754686240338619,0.703449746637772,70.34497466377721,67.4088986615387,warning
external_context,103.0,0.32896183926970085,0.7315920832905616,0.23098134850692192,0.19885518108013422,0.5117835962559806,0.9750601629935408,1.0,0.4898656221576483,0.38952448475305157,0.7051904152222708,70.51904152222707,67.96872437646262,warning
external_context,104.0,0.3702886545571105,0.7524491698785807,0.23956766532639737,0.20890326949139604,0.5036619374781544,0.992195785345367,1.0,0.5144472749246989,0.4044711678125919,0.7212994132612423,72.12994132612423,68.71774342740171,warning
external_context,105.0,0.3986971426323663,0.7690165654028587,0.25401358659183626,0.23364131221257467,0.4990895514384093,0.9690407099098214,1.0,0.530656437181127,0.4215736176025238,0.7270020933076418,72.70020933076418,69.43458729000696,warning
external_context,106.0,0.39199367102946936,0.7737253627169696,0.26043961504616664,0.20360730536835012,0.48682319500080695,0.9744142947107387,1.0,0.5318667269080206,0.40702557779403703,0.728406339812512,72.8406339812512,70.04767569443092,warning
external_context,107.0,0.42189338784629765,0.7629547610528352,0.2855909212555774,0.23560752465346552,0.5073522272485775,0.9971005315616859,0.9923782126917846,0.5476568975321177,0.429217251560357,0.738794100035394,73.8794100035394,70.73738787007045,warning
external_context,108.0,0.42218209638316023,0.7871345803073679,0.3136453490078023,0.22769880355311364,0.5167781691805513,0.9821970723510984,1.0,0.5605351523133769,0.43250483468062284,0.7459928231441273,74.59928231441273,71.43252887005207,warning
external_context,109.0,0.4347466439247215,0.7917642420893535,0.32225523204756756,0.2317999079312361,0.5118224946564551,1.0,1.0,0.5702544060123504,0.4365368887346298,0.7540522499054825,75.40522499054825,72.1476141717414,warning
external_context,110.0,0.4758224759214681,0.8051172800535757,0.336241424927742,0.2112856197260417,0.5090897055743483,0.9888720959771947,1.0,0.5910206164182416,0.4409456042861051,0.7641427201269302,76.41427201269302,72.91561258311269,warning
external_context,111.0,0.48340985131776126,0.8268486499513631,0.3463348523972066,0.25313755795848314,0.5094204656478394,0.993939061263282,0.9666214502131799,0.6032256621722552,0.4608330220195737,0.761433742932448,76.1433742932448,73.49660969093648,warning
external_context,112.0,0.5003708955169686,0.805335192778119,0.3589489424897956,0.23239764398549848,0.5086231724821102,0.9877839600881265,1.0,0.6052460028956362,0.454387971311412,0.7722735914112062,77.22735914112062,74.16814459196964,warning
external_context,113.0,0.5327525702277289,0.8364985989835932,0.3718604976630428,0.23964721367161537,0.5269472483334727,0.9709625662918127,1.0,0.627474360319725,0.4742762692729048,0.7819968918009037,78.19968918009037,74.89382261783138,warning
external_context,114.0,0.519692585015465,0.8431531697739121,0.3720110693535423,0.2522688413245066,0.5267890818698007,0.9912292840535534,1.0,0.6269640514313272,0.4763874866509805,0.7844590096829218,78.44590096829218,75.53319672091433,warning
external_context,115.0,0.5343115766922016,0.8331145810446199,0.38602595612101315,0.2560628005642576,0.5316410750697846,0.9681365863827679,1.0,0.6302635738241866,0.48107733029467975,0.7833607131898388,78.33607131898388,76.03771414856685,warning
external_context,116.0,0.5509726734087378,0.8647896500400203,0.40271657359217833,0.25389911750516725,0.5108413280659336,0.9603752834483461,0.9899807445050006,0.6489940024479435,0.4840366390014794,0.7893897482677468,78.93897482677468,76.55994107064426,warning
external_context,117.0,0.58115265431689,0.8500197726251543,0.44023992293449776,0.2858566480695551,0.536164757441122,0.9846838429767469,0.9999886426444522,0.6669377258297569,0.5068821456576205,0.8067028465860109,80.67028465860109,77.2998029164765,warning
external_context,118.0,0.5897359695464637,0.8628317039993584,0.4356345997813659,0.28052351580288126,0.5499087067682098,0.9919673121760985,0.9954933055557023,0.673362481704021,0.5125191552095805,0.8097585935783318,80.97585935783317,77.9614930759207,warning
external_context,119.0,0.582020906502754,0.8356829713608395,0.46545386973428315,0.3052755743573912,0.521321105844092,0.9948517924931686,0.9898785458609815,0.6702608553671033,0.5080343998159244,0.8075086297217473,80.75086297217473,78.46357965724643,warning
external_context,120.0,0.5970025966141649,0.8843002799239128,0.4581562634752468,0.27119112428213993,0.5338697965313823,0.9849679554773889,1.0,0.6872768542086822,0.5102800337737228,0.8177625919281848,81.77625919281849,79.0598619736494,warning
external_context,121.0,0.6253357890666766,0.8706864436007822,0.4829389951159134,0.27419601576170044,0.5042582626794314,0.9791721039366508,1.0,0.6987254184262149,0.5089700849932395,0.8239453944081698,82.39453944081698,79.66010391773956,warning
external_context,122.0,0.640679910192396,0.8728559247011672,0.4884646628052951,0.3105887348971519,0.548663708061321,0.9783748468629859,1.0,0.7060483963653111,0.5369703504826076,0.8280090395370459,82.80090395370459,80.22544792421327,critical
external_context,123.0,0.6537692344433904,0.8961105673263857,0.5226486713430426,0.2749970824843177,0.5276513779239962,0.9863688649415733,1.0,0.7269514565830203,0.5260207170603157,0.840841505677407,84.0841505677407,80.92001440004822,critical
external_context,124.0,0.6680198395417069,0.8563480507755493,0.5519232274057916,0.29653812692686937,0.5349027951908938,0.99202990404775,0.998160693820646,0.727895156328485,0.5329712107238869,0.8426988485912863,84.26988485912862,81.5229910826827,critical
external_context,125.0,0.6721635940265623,0.8905032877095512,0.5264115263480215,0.29231479608737915,0.5236336985528997,0.9803264731337881,1.0,0.7320437731225464,0.5348349949318809,0.843035235540706,84.30352355407061,82.02348692753253,critical
external_context,126.0,0.6946004937095516,0.8927526319665557,0.5582922685194084,0.2953899415127726,0.5011215362034076,0.987629898180633,1.0,0.7492720193362251,0.5362298818026936,0.8541028134509316,85.41028134509317,82.63310992269345,critical
external_context,127.0,0.7073822462726668,0.8560079078500441,0.5576941965285471,0.2838353082095928,0.5260329598404693,0.993890632028008,1.0,0.7431987708853841,0.5360973455791481,0.8523098913169238,85.23098913169238,83.10072818031327,critical
external_context,128.0,0.7010408133799444,0.883201144494042,0.5891176035226465,0.2947304876871659,0.5200265481924246,0.9944135225237971,0.9972536590200229,0.7570453811642344,0.5409026827577066,0.8591147770892584,85.91147770892584,83.60666309546355,critical
external_context,129.0,0.7084734010297399,0.8754214776817775,0.6132754491156402,0.32821172685634226,0.5311768706961701,0.9939979089293636,1.0,0.7633107868367887,0.5560998939834639,0.8637988010114332,86.37988010114333,84.1058421564859,critical
external_context,130.0,0.7378429180305829,0.8673370226181873,0.5986070845813805,0.3082155606323254,0.5100596856632134,0.9900379902147076,0.996591101691658,0.7671016982629761,0.5499516505374911,0.8644451282364907,86.44451282364906,84.52680287657527,critical
external_context,131.0,0.7411496533019817,0.86443644258182,0.6289107239589754,0.3257378569543822,0.4837575094162113,1.0,1.0,0.7759609924199834,0.549900507000855,0.8722320056415156,87.22320056415155,85.01215446033902,critical
external_context,132.0,0.7394492381540108,0.8887707774658199,0.6266710586866799,0.3010800213750331,0.5192253119239469,0.9694724728873023,1.0,0.77905347855405,0.553362261620624,0.8691006176311376,86.91006176311376,85.35377777483848,critical
external_context,133.0,0.776271341026503,0.8941618256279427,0.6301918080524566,0.3110594003830995,0.5160606720209959,1.0,1.0,0.7974914690607728,0.5660780672401509,0.8839073132573605,88.39073132573606,85.90042941400004,critical
external_context,134.0,0.7818612679001554,0.8664661753700408,0.6448246449351415,0.31766757103708537,0.5288500797922907,0.9809306251974904,0.9883146447897352,0.792890520129601,0.5688314130915976,0.8757463951022271,87.57463951022271,86.20178723132013,critical
external_context,135.0,0.8029083738134749,0.8685873985288531,0.6738108986754927,0.3176469583879478,0.5097659459118961,0.961514185761983,1.0,0.8061982936384435,0.5696331251464525,0.8842442564957436,88.42442564957436,86.60186214660588,critical
external_context,136.0,0.7944335369781863,0.889981073542499,0.6744143014135716,0.3077822962873432,0.5155122352779439,0.9815110539474253,1.0,0.8118007407532504,0.5687074077959775,0.8898482244285331,88.9848224428533,87.03079499993041,critical
external_context,137.0,0.8043978143543745,0.9093129415595652,0.6773940620013776,0.3108746474318128,0.5156300967710902,0.9838689762397891,0.9851047030217864,0.822068530616224,0.5752100456164354,0.89119081955951,89.119081955951,87.40668665201412,critical
external_context,138.0,0.7940752197576001,0.8611977518234889,0.6848424966247558,0.32319103633734314,0.5112478703491564,0.9641897415458172,0.9989611532233117,0.8039152507729772,0.5686272980182825,0.8832473754949137,88.32473754949137,87.57193581356003,critical
external_context,139.0,0.8357120136607367,0.8623437922076214,0.6873644679940003,0.3139257046378775,0.5268102991031133,0.9803572284661161,0.9771985726277995,0.8210791822886558,0.5798561436453628,0.8888296592439536,88.88296592439536,87.8079212335104,critical
external_context,140.0,0.8330229083084725,0.8668245701554662,0.7103208834651134,0.28881574894829165,0.5167126593582323,0.9537766216698027,1.0,0.8245632719878638,0.5685430895718981,0.8939317240387421,89.39317240387422,88.0932664441759,critical
external_context,141.0,0.8426247579846201,0.8670119512286214,0.7355097096564043,0.30276897182838036,0.5141621070854481,1.0,1.0,0.8388996780773045,0.5752176490917433,0.908903200729678,90.8903200729678,88.59673609735844,critical
external_context,142.0,0.8345805930570515,0.8941904649811255,0.7134112210306592,0.29681429131691495,0.5118598838978482,0.9768914259709212,0.9941122240674013,0.8364022949190627,0.574623690946814,0.9016683239275826,90.16683239275825,88.87935343053041,critical
external_context,143.0,0.8419585481913148,0.867533520183148,0.7083505753302296,0.28975452609317814,0.5164181322086595,0.9799434893642841,1.0,0.8300275406908904,0.5711382822600781,0.9007630218381264,90.07630218381264,89.09480420612121,critical
external_context,144.0,0.8510758141011725,0.907361842948403,0.7306170397291462,0.31977735840974947,0.5385140204741359,0.9914860501840798,0.9955042598266236,0.8518879527706258,0.5954238105294998,0.9128604832066699,91.28604832066699,89.48922814673945,critical
external_context,145.0,0.8418724999701608,0.8857178376095238,0.7367141274309038,0.32294227957880833,0.5172238304571688,0.9801337322912345,1.0,0.8425626313592627,0.5856615561008439,0.9077660412083433,90.77660412083432,89.72095582207652,critical
external_context,146.0,0.8448125689061363,0.8925532572769568,0.7468875920915795,0.30083144126918576,0.5121848079729827,0.9649126025809324,0.9947190012148107,0.8466635345812228,0.5784233372555383,0.9062768620671374,90.62768620671375,89.88416729131123,critical
external_context,147.0,0.8806161618573454,0.8877769060196016,0.7216405026876961,0.3062799246248325,0.5213536975895103,0.9568356676058101,1.0,0.8506424208884563,0.5908569743833455,0.9089029771987258,90.89029771987258,90.06527076845228,critical
external_context,148.0,0.8625604322100244,0.8673895010648592,0.7420584280444422,0.33385479394998874,0.5296765601056294,0.9879410236077475,0.992436850906357,0.8464217109648516,0.5950168511211383,0.9092485358018567,90.92485358018567,90.2199956745643,critical
external_context,149.0,0.8512521255522253,0.862931536270646,0.7292720895889819,0.3082019972542906,0.520199647704703,0.9895867749680932,1.0,0.8380944047185275,0.5801733727938306,0.906998323983008,90.6998323983008,90.30636628483687,critical
external_context,150.0,0.8428086979168564,0.8916993545246825,0.7569628508141344,0.3090594027285355,0.5250769662292023,0.9748000890142108,0.9881652397615067,0.8492135722332591,0.5838971101702044,0.907270660115488,90.7270660115488,90.38209223564502,critical
external_context,151.0,0.8457563974817006,0.8950832650801992,0.7493606846913781,0.3138478145051904,0.5276967716489944,0.9559633335767723,1.0,0.8474762231731767,0.5874725171215203,0.9070105386774312,90.70105386774313,90.43950532942269,critical
external_context,152.0,0.8638211849867012,0.8854234432430685,0.7377651969855068,0.32574043265382824,0.529173026884842,0.983912730521634,0.99893334297424,0.850797020016806,0.595071220883186,0.9127050820282254,91.27050820282254,90.58908584663467,critical
external_context,153.0,0.8483646763415564,0.8801777558546031,0.7251814161991269,0.3161433766994194,0.5228142734518672,0.9797937892721643,0.9852670167577485,0.8402556964529239,0.5854715826713431,0.9020156739581282,90.20156739581282,90.51933252548673,critical
external_context,154.0,0.8468516496399754,0.8813764506594097,0.7634590951049287,0.32299015870162756,0.5035059468649905,0.9873957104665709,1.0,0.8504153573947034,0.5828424222707226,0.9135748038859601,91.35748038859602,90.67019914084642,critical
external_context,155.0,0.8573279148140632,0.8828996097323687,0.7382791436737814,0.29853910509699166,0.5186967530725861,0.9704779881943872,0.997936839083469,0.8465522378425168,0.5809297952154646,0.9081190453376534,90.81190453376534,90.69570611157182,critical
external_context,156.0,0.8641564243458449,0.8634880952358321,0.7512057834262187,0.320487330280484,0.5123075035668346,0.9548945207051801,1.0,0.844792075018868,0.5858097618617141,0.9060142708095127,90.60142708095127,90.67873588606012,critical
external_context,157.0,0.8752502292669367,0.8809221266690037,0.716572197286118,0.30912929130549577,0.528853304858818,0.9734128311329979,1.0,0.8470985506789582,0.5913594544887129,0.9093567606732551,90.93567606732552,90.7249851186879,critical
external_context,158.0,0.8499767508988454,0.8801979563470256,0.7417257820234894,0.300517403046402,0.5354869888372206,0.9892679471623245,0.9888920854017285,0.8459094899408084,0.583576719452311,0.9078051259883297,90.78051259883297,90.734980065114,critical
external_context,159.0,0.8514518356247885,0.858213191197595,0.7496207346278464,0.3168023052741629,0.5156113313079613,0.9924806029709287,0.9873354253425678,0.8421253437820089,0.5813785772587837,0.90616220419573,90.616220419573,90.71360332891662,critical
external_context,160.0,0.8642506236217378,0.8468667281323183,0.7135594932161855,0.3406475668522892,0.5289666008408398,0.975827661370488,0.9924240224245844,0.8325203761483988,0.5945609637337934,0.8998067969280961,89.9806796928096,90.58167707441736,critical
external_context,161.0,0.8539881095609119,0.8769694200771012,0.7434537194993384,0.3127989952170979,0.5245804784982179,0.9732480676871202,1.0,0.8451749010129961,0.5856672083523319,0.9085107063860725,90.85107063860724,90.63016791597154,critical
external_context,162.0,0.8698674243046646,0.8548658996200761,0.755684342447789,0.3225893081718016,0.5173492024739862,0.9583164079811499,0.9885941105462949,0.8456660948027177,0.5879402994978047,0.9037975359312311,90.37975359312311,90.58509333785882,critical
external_context,163.0,0.854196361231126,0.851084446371401,0.7220322802861042,0.3070479902068722,0.5368233728147268,0.9942689471346525,1.0,0.8342290251273056,0.5828843970395786,0.9056605706717815,90.56605706717815,90.58166680913631,critical
external_context,164.0,0.8438354890951162,0.8586995608828288,0.7384933502906711,0.29161157472938803,0.5145886888072206,0.9745514521958083,1.0,0.835030772240388,0.5704750297632943,0.9032563249342098,90.32563249342098,90.53558063230756,critical
external_context,165.0,0.8512439247697546,0.8824445448231945,0.7358082549348186,0.31677822734590505,0.5118855951137344,0.9713926566544823,1.0,0.8437600665155252,0.5840214412654181,0.9072652362485494,90.72652362485493,90.56995037096608,critical
external_context,166.0,0.8411370039541717,0.8795021805841362,0.7323623664280091,0.2981310697682672,0.509660027098103,0.9692619752066159,1.0,0.8382653946868647,0.5739704592695827,0.9038594778839792,90.38594778839793,90.53682990610383,critical
external_context,167.0,0.8534117363744373,0.8810305134999522,0.7323971722846354,0.3075371374950834,0.5326906130179558,0.9752012356367021,0.9929262469669962,0.8436226784158678,0.5863181624963703,0.9056146213600149,90.5614621360015,90.54126370748541,critical
external_context,168.0,0.865551017584587,0.901058802300066,0.7290638236879569,0.33377407526201147,0.5111550586627903,0.9849587821568608,1.0,0.8540223309823005,0.5961562657485582,0.914620353846493,91.4620353846493,90.70700260937491,critical
external_context,169.0,0.8603984305697822,0.8865129713346304,0.7306286504739585,0.28862258841250815,0.511002485656553,0.975399669691782,0.9932467230540689,0.8472904716874806,0.5768450807011563,0.9077048802398218,90.77048802398218,90.71842998400423,critical
external_context,170.0,0.8583672317632859,0.8991753399155418,0.7392459053681344,0.3145474257552791,0.5328847278033312,0.9961610508765315,0.9993726929781334,0.8546087145214993,0.5927808898933332,0.9164806512139548,91.64806512139549,90.88576430873465,critical
external_context,171.0,0.8444166310509618,0.8824194695525879,0.7409565871645999,0.3164072747999782,0.5242544368486193,0.9877402160762556,0.9976794248125022,0.8442848301323885,0.5852732335877757,0.9092416053767722,90.92416053767722,90.89267562994432,critical
external_context,172.0,0.8506376171304606,0.893302141427508,0.7236930533112154,0.3140994273213401,0.5181601879361825,0.9843833712209341,1.0,0.8450754088738107,0.586129572043256,0.9095534768810876,90.95534768810876,90.90395660041392,critical
external_context,173.0,0.8551042723632966,0.8995048842989691,0.7326554919629188,0.30321294768594464,0.5098235818191337,0.9955033537748149,1.0,0.8518521689850557,0.5822822278805335,0.9149455816669054,91.49455816669054,91.01026488234372,critical
external_context,174.0,0.8627208887080557,0.9046945579838873,0.7412168487626559,0.31249471473754137,0.5228231161640244,0.9655150571031761,1.0,0.8552163963439672,0.5914633350737426,0.9125339001742279,91.25339001742279,91.05402740665795,critical
external_context,175.0,0.8900858240801144,0.8773372405859908,0.7545806326166912,0.29882244949144476,0.5073070410307535,0.9816562100652662,0.9986005582545677,0.8615419897645367,0.5855366596876213,0.9187162552858488,91.87162552858487,91.2011950686048,critical
external_context,176.0,0.8515090703085546,0.8651247660748246,0.7547198584331909,0.32884604177836496,0.5223440110964545,0.9894655231966235,0.9916574134517263,0.8451921213584015,0.5883280998849036,0.9086688364127558,90.86688364127558,91.14101901168554,critical
external_context,177.0,0.8710424055068878,0.8807579166804571,0.7396603619784403,0.3121970055612364,0.521756814260123,0.9897919792252386,0.989451695282951,0.8529865053486817,0.589582444390254,0.9120651273301452,91.20651273301452,91.15280788152475,critical
external_context,178.0,0.8458737681784203,0.8968642248026619,0.7413946972139503,0.32605605421312817,0.5191518307526943,0.9748876683698419,0.9979206436966005,0.8479525274437174,0.5899056524277728,0.9092673187211244,90.92673187211244,91.11211419983054,critical
external_context,179.0,0.8472784279985001,0.8996178376195261,0.7227582388766524,0.30678337867212097,0.5222760467515878,0.9655915245833063,1.0,0.8436815132628266,0.5847054768656932,0.9059304019907881,90.59304019907881,91.01868087969524,critical
external_context,180.0,0.8360361341619836,0.8816164770470339,0.7409153338821788,0.3206924767087868,0.527327522887635,0.9577145247004795,1.0,0.8380978760113971,0.5853257526675351,0.9021299034118746,90.21299034118746,90.87365658276384,critical
