image_id,split,environment,week,mean_detection_confidence,object_count,bbox_area_ratio,center_x,center_y,center_spread,mean_nearest_neighbor_distance,max_grid_count,max_grid_fraction,reference_object_count,error_object_count,absolute_error_object_count,reference_bbox_area_ratio,error_bbox_area_ratio,absolute_error_bbox_area_ratio,reference_center_spread,error_center_spread,absolute_error_center_spread,reference_mean_nearest_neighbor_distance,error_mean_nearest_neighbor_distance,absolute_error_mean_nearest_neighbor_distance,reference_max_grid_fraction,error_max_grid_fraction,absolute_error_max_grid_fraction,confidence_threshold
C-W1-V0001,val,commercial,1,0.3169612083261813,289,0.23121026355452992,0.6093187499614142,0.3205502096396004,0.32194694042424277,0.025447299670831296,58,0.20069204152249134,395,-106.0,106.0,0.26183374444300017,-0.03062348088847025,0.03062348088847025,0.32367343612902116,-0.0017264957047783969,0.0017264957047783969,0.026450669727163846,-0.0010033700563325497,0.0010033700563325497,0.16962025316455695,0.031071788357934393,0.031071788357934393,0.15
C-W1-V0002,val,commercial,1,0.35932408097912283,340,0.25748309274416664,0.526952381604625,0.4035258951761267,0.37018551681721834,0.023158285669438294,36,0.10588235294117647,378,-38.0,38.0,0.26620446021499994,-0.008721367470833297,0.008721367470833297,0.38571797450970247,-0.015532457692484125,0.015532457692484125,0.02578282256246302,-0.0026245368930247273,0.0026245368930247273,0.10582010582010581,6.224712107065489e-05,6.224712107065489e-05,0.15
C-W1-V0003,val,commercial,1,0.2926568791270256,30,0.027863382589182566,0.410605253217121,0.462536396086216,0.32732705307656657,0.07774073286623542,9,0.3,125,-95.0,95.0,0.07796065978100003,-0.05009727719181746,0.05009727719181746,0.4407149917606292,-0.11338793868406266,0.11338793868406266,0.045857273617738586,0.03188345924849684,0.03188345924849684,0.136,0.16399999999999998,0.16399999999999998,0.15
C-W1-V0004,val,commercial,1,0.32445265816317664,90,0.06910948187208157,0.6471125911507342,0.4131590546419223,0.3805584311742817,0.04325462538300293,17,0.18888888888888888,152,-62.0,62.0,0.08290230448449995,-0.013792822612418376,0.013792822612418376,0.4606910356300325,-0.08013260445575082,0.08013260445575082,0.03977455745317969,0.0034800679298232426,0.0034800679298232426,0.13815789473684212,0.050730994152046766,0.050730994152046766,0.15
C-W1-V0005,val,commercial,1,0.3482063255057885,52,0.036272869333396685,0.29918466694653034,0.7445341652402511,0.24070242244664006,0.03813473839841613,16,0.3076923076923077,128,-76.0,76.0,0.06820425227550003,-0.03193138294210335,0.03193138294210335,0.4448078924750645,-0.20410547002842447,0.20410547002842447,0.035736253679369466,0.002398484719046662,0.002398484719046662,0.1796875,0.1280048076923077,0.1280048076923077,0.15
C-W1-V0006,val,commercial,1,0.3169711399409506,90,0.06019908560545714,0.18640334632299427,0.4732645988257395,0.3293405503588879,0.038173073881969735,20,0.2222222222222222,149,-59.0,59.0,0.08495277064050002,-0.024753685035042883,0.024753685035042883,0.41513854831434294,-0.08579799795545506,0.08579799795545506,0.03280158586582209,0.005371488016147646,0.005371488016147646,0.22818791946308725,-0.005965697240865042,0.005965697240865042,0.15
C-W1-V0007,val,commercial,1,0.40484369297822315,57,0.056715480740698314,0.37733925055516393,0.6507957297328272,0.278592464306369,0.03350885148909575,26,0.45614035087719296,129,-72.0,72.0,0.06594824101050004,-0.009232760269801722,0.009232760269801722,0.4812183278335341,-0.20262586352716505,0.20262586352716505,0.03469038792635559,-0.0011815364372598433,0.0011815364372598433,0.24806201550387597,0.208078335373317,0.208078335373317,0.15
C-W1-V0008,val,commercial,1,0.3608865669140449,13,0.00939027300730311,0.15245459561880964,0.6827268078923225,0.22072522752390566,0.09417096795673888,7,0.5384615384615384,50,-37.0,37.0,0.031565027391999984,-0.022174754384696873,0.022174754384696873,0.4765612239453935,-0.25583599642148785,0.25583599642148785,0.04235320117742223,0.05181776677931665,0.05181776677931665,0.2,0.3384615384615384,0.3384615384615384,0.15
C-W1-V0009,val,commercial,1,0.24201561138033867,4,0.0036494501386435466,0.13111906126141548,0.6433030366897583,0.03797761099691028,0.02316671503533473,4,1.0,33,-29.0,29.0,0.01836374594899999,-0.014714295810356444,0.014714295810356444,0.4622610737753359,-0.4242834627784256,0.4242834627784256,0.06463474814842814,-0.04146803311309341,0.04146803311309341,0.24242424242424243,0.7575757575757576,0.7575757575757576,0.15
C-W1-V0010,val,commercial,1,0.30023323563130005,230,0.15383290559762902,0.5994019919895041,0.49686425918227306,0.41685517946656636,0.03009289602748903,29,0.12608695652173912,384,-154.0,154.0,0.19158236638637047,-0.037749460788741446,0.037749460788741446,0.45906424195082257,-0.04220906248425621,0.04220906248425621,0.0240152293451345,0.0060776666823545294,0.0060776666823545294,0.140625,-0.014538043478260876,0.014538043478260876,0.15
C-W1-V0011,val,commercial,1,0.3263416957961346,337,0.2097060199538958,0.6934104267886401,0.6720105062296907,0.32728197183464863,0.022147193194908044,77,0.228486646884273,444,-107.0,107.0,0.22342424066899996,-0.013718220715104174,0.013718220715104174,0.4020387011053373,-0.07475672927068866,0.07475672927068866,0.02386493682414532,-0.0017177436292372776,0.0017177436292372776,0.2072072072072072,0.021279439677065803,0.021279439677065803,0.15
C-W1-V0012,val,commercial,1,0.38362016696563533,462,0.2981653772344737,0.4479993939978268,0.6480446552285255,0.36653786991946613,0.019766939708914365,56,0.12121212121212122,452,10.0,10.0,0.2933229466830001,0.004842430551473653,0.004842430551473653,0.3836150809429233,-0.01707721102345716,0.01707721102345716,0.024696280653058827,-0.004929340944144461,0.004929340944144461,0.12831858407079647,-0.00710646285867525,0.00710646285867525,0.15
C-W1-V0013,val,commercial,1,0.3544117439458048,511,0.3124533559820291,0.43110659970845405,0.6797841901429829,0.3614858331972899,0.018537520527465472,73,0.14285714285714285,498,13.0,13.0,0.30307906742000007,0.009374288562029043,0.009374288562029043,0.3802925091992714,-0.018806676001981493,0.018806676001981493,0.022920643055545375,-0.0043831225280799024,0.0043831225280799024,0.15060240963855423,-0.007745266781411381,0.007745266781411381,0.15
C-W1-V0014,val,commercial,1,0.3688652996992157,289,0.19112618729339692,0.553772424383147,0.7123592178495182,0.36004082429224016,0.023376867915252474,44,0.1522491349480969,342,-53.0,53.0,0.18030920621299998,0.010816981080396942,0.010816981080396942,0.3906246023702276,-0.030583778077987456,0.030583778077987456,0.02543236310839388,-0.0020554951931414066,0.0020554951931414066,0.1871345029239766,-0.03488536797587971,0.03488536797587971,0.15
C-W2-V0001,val,commercial,2,0.44425903570503306,481,0.563354463128257,0.5015514676774738,0.5848955551623183,0.3865722662249974,0.021461166574542778,60,0.12474012474012475,506,-25.0,25.0,0.5136319231795,0.04972253994875697,0.04972253994875697,0.4080432694556142,-0.021471003230616792,0.021471003230616792,0.025863074238556636,-0.004401907664013858,0.004401907664013858,0.12845849802371542,-0.0037183732835906758,0.0037183732835906758,0.2
C-W2-V0002,val,commercial,2,0.4426407152552064,476,0.5359651573328672,0.5170889774380455,0.5655792413295067,0.3984347846228959,0.02369779765152922,53,0.11134453781512606,496,-20.0,20.0,0.5274830717015,0.008482085631367209,0.008482085631367209,0.41044460062602617,-0.01200981600313028,0.01200981600313028,0.02666566311025529,-0.002967865458726071,0.002967865458726071,0.10887096774193548,0.002473570073190573,0.002473570073190573,0.2
C-W2-V0003,val,commercial,2,0.44500751782927594,570,0.6489235413550708,0.5247120965443748,0.511318618144121,0.4088228701367858,0.019641301945752344,55,0.09649122807017543,566,4.0,4.0,0.575763916835,0.07315962452007085,0.07315962452007085,0.42745373530447855,-0.018630865167692745,0.018630865167692745,0.025783127922948748,-0.006141825977196404,0.006141825977196404,0.0989399293286219,-0.00244870125844647,0.00244870125844647,0.2
C-W2-V0004,val,commercial,2,0.44259485078695865,313,0.3771104980104687,0.4332032449515209,0.5534981649648696,0.3975329067088038,0.028232746276186677,41,0.13099041533546327,326,-13.0,13.0,0.38515614756949995,-0.008045649559031254,0.008045649559031254,0.41303938982988325,-0.01550648312107944,0.01550648312107944,0.03173710829882928,-0.0035043620226426035,0.0035043620226426035,0.12269938650306748,0.008291028832395783,0.008291028832395783,0.2
C-W2-V0005,val,commercial,2,0.4416415064304785,317,0.42007809977327776,0.39540868304517085,0.4944702871496369,0.376540772112108,0.025223576790025938,38,0.11987381703470032,324,-7.0,7.0,0.3993327873575,0.02074531241577776,0.02074531241577776,0.3876243050911194,-0.011083532979011379,0.011083532979011379,0.03134363990136481,-0.006120063111338871,0.006120063111338871,0.11419753086419752,0.005676286170502795,0.005676286170502795,0.2
C-W2-V0006,val,commercial,2,0.4564421066925639,294,0.3608104531999266,0.5294562414174482,0.4513719837897185,0.44008522365616176,0.026687757695879312,41,0.13945578231292516,296,-2.0,2.0,0.3412509466045,0.0195595065954266,0.0195595065954266,0.45325592729387126,-0.013170703637709502,0.013170703637709502,0.03313742620563255,-0.006449668509753238,0.006449668509753238,0.12837837837837837,0.011077403934546787,0.011077403934546787,0.2
C-W2-V0007,val,commercial,2,0.44016686982505926,546,0.5948721063168529,0.5195895816018675,0.5146698546868786,0.40409689790496445,0.020823016406883905,50,0.09157509157509157,571,-25.0,25.0,0.561679625715,0.03319248060185298,0.03319248060185298,0.4228266504645581,-0.018729752559593638,0.018729752559593638,0.025463917047347677,-0.004640900640463772,0.004640900640463772,0.10332749562171628,-0.011752404046624712,0.011752404046624712,0.2
C-W2-V0008,val,commercial,2,0.4708906107814,474,0.5768574853897751,0.4709687351704996,0.573651470263579,0.3919682313335163,0.022197972532332178,54,0.11392405063291139,501,-27.0,27.0,0.542831856364,0.034025629025775106,0.034025629025775106,0.41100081555575757,-0.019032584222241244,0.019032584222241244,0.02665320479350421,-0.004455232261172032,0.004455232261172032,0.10778443113772455,0.006139619495186835,0.006139619495186835,0.2
C-W2-V0009,val,commercial,2,0.4357966842280852,370,0.43357109365483426,0.5290545643861028,0.6073857860690033,0.39127034415046424,0.02305499465304166,41,0.11081081081081082,361,9.0,9.0,0.3906658048615,0.04290528879333427,0.04290528879333427,0.4153860014720943,-0.02411565732163007,0.02411565732163007,0.02989393484902357,-0.0068389401959819095,0.0068389401959819095,0.11080332409972299,7.4867110878285015e-06,7.4867110878285015e-06,0.2
C-W2-V0010,val,commercial,2,0.41299525674047144,203,0.3318419008752598,0.5207189703681345,0.5082549457369473,0.3953398733085073,0.030720766428331603,19,0.09359605911330049,296,-93.0,93.0,0.3868914784924999,-0.05504957761724011,0.05504957761724011,0.4219132206911159,-0.026573347382608636,0.026573347382608636,0.03327879173353103,-0.0025580253051994267,0.0025580253051994267,0.10135135135135136,-0.007755292238050868,0.007755292238050868,0.2
C-W2-V0011,val,commercial,2,0.42776776897379115,316,0.4132380706743348,0.5063324310150752,0.4804215149517772,0.4284308518977052,0.025892962915667523,35,0.11075949367088607,362,-46.0,46.0,0.4547963346044999,-0.041558263930165096,0.041558263930165096,0.43636687895132814,-0.007936027053622952,0.007936027053622952,0.03121169045661349,-0.005318727540945967,0.005318727540945967,0.10773480662983426,0.003024687041051813,0.003024687041051813,0.2
C-W2-V0012,val,commercial,2,0.3419443883001804,40,0.04435490503515809,0.43527290483471004,0.5640139081049711,0.4820396309776054,0.06312897463316827,7,0.175,72,-32.0,32.0,0.06620473908149997,-0.02184983404634188,0.02184983404634188,0.502713661805379,-0.020674030827773637,0.020674030827773637,0.05113085393577042,0.011998120697397849,0.011998120697397849,0.2361111111111111,-0.061111111111111116,0.061111111111111116,0.2
C-W2-V0013,val,commercial,2,0.39579865441355905,213,0.2297691402452853,0.5503362463809061,0.5330603383437779,0.46564037820828197,0.03348669578451876,36,0.16901408450704225,216,-3.0,3.0,0.22511913784800003,0.004650002397285274,0.004650002397285274,0.4698621943018763,-0.004221816093594344,0.004221816093594344,0.037144808700692436,-0.0036581129161736767,0.0036581129161736767,0.12962962962962962,0.03938445487741263,0.03938445487741263,0.2
C-W2-V0014,val,commercial,2,0.4239064612721344,498,0.6495149071877673,0.5300580331425455,0.48226943553750773,0.4035720891947844,0.02061157957392051,66,0.13253012048192772,476,22.0,22.0,0.604599722752,0.04491518443576725,0.04491518443576725,0.404219530920898,-0.00064744172611364,0.00064744172611364,0.027391164341987302,-0.006779584768066792,0.006779584768066792,0.12184873949579832,0.010681380986129405,0.010681380986129405,0.2
C-W2-V0015,val,commercial,2,0.4068888466335037,103,0.11923932074313884,0.6775753657668105,0.3723133142892886,0.35471363930315175,0.032885395947717576,25,0.24271844660194175,212,-109.0,109.0,0.1643779759215895,-0.04513865517845067,0.04513865517845067,0.45918571894753935,-0.1044720796443876,0.1044720796443876,0.02733644910160209,0.005548946846115486,0.005548946846115486,0.15566037735849056,0.08705806924345119,0.08705806924345119,0.2
C-W2-V0016,val,commercial,2,0.42191724980185774,116,0.13161217973080247,0.6822687390918747,0.3855901507114799,0.3631423386994995,0.03337944138734465,24,0.20689655172413793,204,-88.0,88.0,0.16446001579700006,-0.032847836066197594,0.032847836066197594,0.45527350435333847,-0.09213116565383894,0.09213116565383894,0.029965564030642232,0.0034138773567024203,0.0034138773567024203,0.18137254901960784,0.02552400270453009,0.02552400270453009,0.2
C-W2-V0017,val,commercial,2,0.30045324862003325,5,0.0058621269679551904,0.39218663023784756,0.317654924094677,0.27599613665439887,0.12299795765403006,3,0.6,37,-32.0,32.0,0.031754858853,-0.02589273188504481,0.02589273188504481,0.21955067084419122,0.05644546581020765,0.05644546581020765,0.04477081231117049,0.07822714534285957,0.07822714534285957,0.4864864864864865,0.11351351351351346,0.11351351351351346,0.2
C-W2-V0018,val,commercial,2,0.37598667265847324,320,0.37257726962780385,0.39592779868253275,0.5668232279713266,0.4376309172230198,0.026352431026284394,47,0.146875,436,-116.0,116.0,0.5007319169485,-0.1281546473206962,0.1281546473206962,0.44753805105714733,-0.009907133834127557,0.009907133834127557,0.028804527285642596,-0.0024520962593582024,0.0024520962593582024,0.1353211009174312,0.01155389908256882,0.01155389908256882,0.2
C-W2-V0019,val,commercial,2,0.3812352136133474,293,0.3332538767193095,0.4363316745408286,0.5288374256469792,0.43824209313755047,0.03157329001059555,31,0.10580204778156997,405,-112.0,112.0,0.46946892323299994,-0.13621504651369043,0.13621504651369043,0.442822259450457,-0.004580166312906531,0.004580166312906531,0.02989703849113456,0.0016762515194609882,0.0016762515194609882,0.13580246913580246,-0.03000042135423249,0.03000042135423249,0.2
C-W2-V0020,val,commercial,2,0.4118080653282471,231,0.2141261935879069,0.4067262733189865,0.6845505894867309,0.40886474345540796,0.031560835861606976,45,0.19480519480519481,311,-80.0,80.0,0.26728256285314045,-0.05315636926523354,0.05315636926523354,0.4454436151281357,-0.03657887167272772,0.03657887167272772,0.029004074647775005,0.0025567612138319706,0.0025567612138319706,0.2090032154340836,-0.01419802062888878,0.01419802062888878,0.2
C-W2-V0021,val,commercial,2,0.44535924333172877,37,0.041264242254188274,0.4949975968212695,0.8463405821774457,0.266320803242915,0.049825915301672394,10,0.2702702702702703,81,-44.0,44.0,0.065400337518,-0.024136095263811733,0.024136095263811733,0.43263952306047443,-0.1663187198175594,0.1663187198175594,0.03678954093612289,0.013036374365549504,0.013036374365549504,0.32098765432098764,-0.05071738405071735,0.05071738405071735,0.2
C-W2-V0022,val,commercial,2,0.35754626399526995,48,0.04463401760161987,0.4465450364611267,0.8381633907556534,0.3287258235838117,0.0346664469275681,15,0.3125,63,-15.0,15.0,0.051080596932,-0.006446579330380127,0.006446579330380127,0.38352730449448674,-0.05480148091067505,0.05480148091067505,0.034659173886155865,7.273041412236836e-06,7.273041412236836e-06,0.2857142857142857,0.0267857142857143,0.0267857142857143,0.2
C-W2-V0023,val,commercial,2,0.37722683418542147,208,0.20997927391409552,0.45942998128773,0.5278261718608869,0.48999937750317507,0.031204653698387038,33,0.15865384615384615,314,-106.0,106.0,0.25901474428451954,-0.04903547037042402,0.04903547037042402,0.5095328630161273,-0.019533485512952253,0.019533485512952253,0.02626195371443304,0.0049426999839539965,0.0049426999839539965,0.16878980891719744,-0.010135962763351297,0.010135962763351297,0.2
C-W2-V0024,val,commercial,2,0.36655738348922423,62,0.049233784361117576,0.4736528063132878,0.7195210879548423,0.45036425829996113,0.04743651702275798,13,0.20967741935483872,114,-52.0,52.0,0.07911841451500004,-0.029884630153882465,0.029884630153882465,0.4961489300818174,-0.045784671781856245,0.045784671781856245,0.0367891896411576,0.010647327381600381,0.010647327381600381,0.2631578947368421,-0.05348047538200337,0.05348047538200337,0.2
C-W2-V0025,val,commercial,2,0.4318182306556866,58,0.06144988735750376,0.576391378578184,0.47900538022854716,0.48809392750972785,0.049846721463837416,17,0.29310344827586204,89,-31.0,31.0,0.07922873075699997,-0.017778843399496216,0.017778843399496216,0.5128832264924612,-0.024789298982733354,0.024789298982733354,0.03924507841907992,0.010601643044757497,0.010601643044757497,0.3258426966292135,-0.03273924835335146,0.03273924835335146,0.2
C-W2-V0026,val,commercial,2,0.43925780888065036,429,0.4806954632105379,0.4711460627024963,0.540194028057158,0.4117761295843462,0.02243872732462868,62,0.1445221445221445,369,60.0,60.0,0.42601580895200003,0.05467965425853788,0.05467965425853788,0.4130268732469433,-0.0012507436625971424,0.0012507436625971424,0.030865767332248613,-0.008427040007619933,0.008427040007619933,0.13279132791327913,0.01173081660886538,0.01173081660886538,0.2
C-W2-V0027,val,commercial,2,0.45071863708840576,263,0.307991140850269,0.4356741486028715,0.4643471588879937,0.4213608089631458,0.025648254905222143,46,0.17490494296577946,260,3.0,3.0,0.33134809106799995,-0.023356950217730932,0.023356950217730932,0.42906454435952407,-0.007703735396378253,0.007703735396378253,0.03316267498439148,-0.007514420079169339,0.007514420079169339,0.1576923076923077,0.017212635273471777,0.017212635273471777,0.2
C-W2-V0028,val,commercial,2,0.4459162257514146,229,0.2806912786927513,0.48188821554761463,0.47802048875222297,0.4352757872870255,0.030006094508992505,33,0.14410480349344978,254,-25.0,25.0,0.275806506559,0.0048847721337512695,0.0048847721337512695,0.44521632373597814,-0.009940536448952653,0.009940536448952653,0.032900530922146065,-0.00289443641315356,0.00289443641315356,0.12992125984251968,0.014183543650930108,0.014183543650930108,0.2
C-W2-V0029,val,commercial,2,0.35552038006412173,103,0.11503183038427114,0.3798822778846743,0.4992943472653917,0.4145729592516185,0.03982990157085097,16,0.1553398058252427,186,-83.0,83.0,0.14857830379999998,-0.033546473415728834,0.033546473415728834,0.4420086709635721,-0.02743571171195358,0.02743571171195358,0.03407237058729673,0.005757530983554242,0.005757530983554242,0.17204301075268819,-0.01670320492744548,0.01670320492744548,0.2
C-W2-V0030,val,commercial,2,0.35890582809224725,32,0.02552116284382365,0.17800682412780588,0.546435261843726,0.3551218522922945,0.05204972250902015,10,0.3125,77,-45.0,45.0,0.05370325540000002,-0.028182092556176368,0.028182092556176368,0.39436693319872773,-0.03924508090643325,0.03924508090643325,0.03452949216276099,0.017520230346259165,0.017520230346259165,0.3116883116883117,0.0008116883116883189,0.0008116883116883189,0.2
C-W2-V0031,val,commercial,2,0.39593655259712884,92,0.09826789860742739,0.35727060330606514,0.4313795811334706,0.4224431102177242,0.047293323798918915,14,0.15217391304347827,142,-50.0,50.0,0.1523130569645,-0.05404515835707262,0.05404515835707262,0.431723019487764,-0.009279909270039799,0.009279909270039799,0.039075628789032285,0.00821769500988663,0.00821769500988663,0.19718309859154928,-0.04500918554807101,0.04500918554807101,0.2
C-W2-V0032,val,commercial,2,0.4106953978697036,188,0.20433694269877137,0.3534349124046399,0.47009346434014276,0.4261627937481786,0.0377260376800362,29,0.15425531914893617,197,-9.0,9.0,0.224570665161,-0.020233722462228626,0.020233722462228626,0.42423969905311737,0.0019230946950612449,0.0019230946950612449,0.039254224454771565,-0.001528186774735367,0.001528186774735367,0.14720812182741116,0.007047197321525006,0.007047197321525006,0.2
C-W2-V0033,val,commercial,2,0.4329300083982663,254,0.2846226774685143,0.5490021917338329,0.4640953954067228,0.4568061852175982,0.03014132751955199,33,0.12992125984251968,285,-31.0,31.0,0.30080177833700006,-0.016179100868485785,0.016179100868485785,0.4677447206689729,-0.010938535451374687,0.010938535451374687,0.03248734633887233,-0.0023460188193203425,0.0023460188193203425,0.1543859649122807,-0.024464705069761034,0.024464705069761034,0.2
C-W2-V0034,val,commercial,2,0.4472086052436613,354,0.4895230652950877,0.5216141347720756,0.41015295133962804,0.40496599201882194,0.025067806090042014,42,0.11864406779661017,318,36.0,36.0,0.435585456463,0.0539376088320877,0.0539376088320877,0.41167772901858457,-0.00671173699976263,0.00671173699976263,0.033718395828848,-0.008650589738805989,0.008650589738805989,0.11320754716981132,0.005436520626798849,0.005436520626798849,0.2
C-W2-V0035,val,commercial,2,0.3884704800752493,26,0.0240734676941994,0.445183391109682,0.805188252375676,0.3833636395539368,0.05296151261764141,9,0.34615384615384615,46,-20.0,20.0,0.03642315852400002,-0.01234969082980062,0.01234969082980062,0.5299920010309073,-0.14662836147697045,0.14662836147697045,0.049145777890003885,0.003815734727637528,0.003815734727637528,0.2608695652173913,0.08528428093645485,0.08528428093645485,0.2
C-W2-V0036,val,commercial,2,0.4433995530309293,447,0.5236588571205986,0.5214887617788251,0.5284692163160384,0.4052396246856986,0.023020758000724423,50,0.11185682326621924,489,-42.0,42.0,0.515282626490051,0.008376230630547599,0.008376230630547599,0.42709482395863746,-0.021855199272938886,0.021855199272938886,0.025974590072523677,-0.002953832071799254,0.002953832071799254,0.12269938650306748,-0.010842563236848249,0.010842563236848249,0.2
C-W2-V0037,val,commercial,2,0.3835233973667902,272,0.2733126835105161,0.5201725058038446,0.7106047039851546,0.3733937651947969,0.025399394078694647,45,0.16544117647058823,304,-32.0,32.0,0.2864492930685001,-0.013136609557984014,0.013136609557984014,0.4028569050233115,-0.029463139828514617,0.029463139828514617,0.02936607135694966,-0.0039666772782550146,0.0039666772782550146,0.1513157894736842,0.014125386996904021,0.014125386996904021,0.2
C-W2-V0038,val,commercial,2,0.448128110122425,373,0.4559554241428219,0.5362515606013584,0.5631975683136456,0.39657735245905784,0.025734306526691862,49,0.13136729222520108,396,-23.0,23.0,0.44172152231850004,0.014233901824321882,0.014233901824321882,0.41769456873555755,-0.021117216276499706,0.021117216276499706,0.030385368593337257,-0.004651062066645395,0.004651062066645395,0.12121212121212122,0.010155171013079861,0.010155171013079861,0.2
C-W2-V0039,val,commercial,2,0.46202148907083684,378,0.47801273592445753,0.5435555052017133,0.5497639702371859,0.3990169342833853,0.02303608536691569,48,0.12698412698412698,374,4.0,4.0,0.42625724753899996,0.05175548838545757,0.05175548838545757,0.4083418430722943,-0.009324908788909014,0.009324908788909014,0.030122183238753934,-0.0070860978718382435,0.0070860978718382435,0.11764705882352941,0.009337068160597567,0.009337068160597567,0.2
C-W2-V0040,val,commercial,2,0.44443232351914047,320,0.38628974508235436,0.42565274612861687,0.5284797144704498,0.3931603843888721,0.025228864514666004,38,0.11875,330,-10.0,10.0,0.412060707619,-0.025770962536645625,0.025770962536645625,0.4130296557887707,-0.019869271399898636,0.019869271399898636,0.030901509233142443,-0.005672644718476439,0.005672644718476439,0.12424242424242424,-0.005492424242424243,0.005492424242424243,0.2
C-W2-V0041,val,commercial,2,0.4495237825569392,327,0.40126485082829366,0.4318097276279891,0.5269384931043839,0.39683407250351477,0.02570660795560782,36,0.11009174311926606,333,-6.0,6.0,0.3818702907575,0.019394560070793654,0.019394560070793654,0.4113985425363973,-0.014564470032882526,0.014564470032882526,0.030989971205074986,-0.005283363249467165,0.005283363249467165,0.12612612612612611,-0.016034383006860053,0.016034383006860053,0.2
C-W2-V0042,val,commercial,2,0.42450435223406524,593,0.6429386302533826,0.49278497874884414,0.5268644971795016,0.4074177896590117,0.01946357244912123,64,0.10792580101180438,594,-1.0,1.0,0.6537107496369999,-0.010772119383617329,0.010772119383617329,0.4183929914463706,-0.01097520178735889,0.01097520178735889,0.024867826369910685,-0.005404253920789453,0.005404253920789453,0.09764309764309764,0.010282703368706736,0.010282703368706736,0.2
C-W2-V0043,val,commercial,2,0.42703775239713265,330,0.3982853797179567,0.4674599280482102,0.47040252353375156,0.45147548111444014,0.024780713062686685,40,0.12121212121212122,375,-45.0,45.0,0.36668841542200004,0.03159696429595665,0.03159696429595665,0.4613471661912576,-0.00987168507681746,0.00987168507681746,0.027754934577844465,-0.00297422151515778,0.00297422151515778,0.17333333333333334,-0.052121212121212124,0.052121212121212124,0.2
C-W2-V0044,val,commercial,2,0.41654303264286785,180,0.21362378984616603,0.5451621600038682,0.42254756448997394,0.4228285359436945,0.030397324630346487,24,0.13333333333333333,202,-22.0,22.0,0.20626752621599992,0.0073562636301661155,0.0073562636301661155,0.44546768762774136,-0.022639151684046843,0.022639151684046843,0.03529751030198704,-0.00490018567164055,0.00490018567164055,0.17326732673267325,-0.03993399339933992,0.03993399339933992,0.2
C-W2-V0045,val,commercial,2,0.4466796772078026,172,0.20692918518805287,0.5213880322272565,0.4168946656430963,0.42274185411992465,0.0311787012963897,19,0.11046511627906977,202,-30.0,30.0,0.2145953592105,-0.007666174022447125,0.007666174022447125,0.45172177801231983,-0.028979923892395176,0.028979923892395176,0.034492265584319275,-0.003313564287929574,0.003313564287929574,0.15346534653465346,-0.043000230255583693,0.043000230255583693,0.2
C-W2-V0046,val,commercial,2,0.42437966008677735,131,0.15664147690750055,0.5402919263863325,0.4780080412294119,0.4495585202910313,0.03464315313521853,15,0.11450381679389313,170,-39.0,39.0,0.18378662173899998,-0.027145144831499435,0.027145144831499435,0.4534024507023744,-0.003843930411343066,0.003843930411343066,0.03752041401832065,-0.0028772608831021257,0.0028772608831021257,0.20588235294117646,-0.09137853614728333,0.09137853614728333,0.2
C-W2-V0047,val,commercial,2,0.42949281895861907,136,0.13775826965780796,0.6302247058090015,0.28900002345771475,0.3665875171808895,0.03462517504168509,30,0.22058823529411764,190,-54.0,54.0,0.16036234586999998,-0.022604076212192015,0.022604076212192015,0.40213267683785997,-0.03554515965697047,0.03554515965697047,0.03234336222473383,0.0022818128169512578,0.0022818128169512578,0.23684210526315788,-0.01625386996904024,0.01625386996904024,0.2
C-W2-V0048,val,commercial,2,0.3923351167430801,124,0.1464821659388329,0.4464053772108239,0.30582142537159307,0.4152905677929879,0.04030686792610571,30,0.24193548387096775,198,-74.0,74.0,0.17782993987200002,-0.03134777393316712,0.03134777393316712,0.42584891367591576,-0.010558345882927866,0.010558345882927866,0.033147987485581974,0.007158880440523735,0.007158880440523735,0.19696969696969696,0.04496578690127079,0.04496578690127079,0.2
C-W2-V0049,val,commercial,2,0.44456639113538554,191,0.2317443907356657,0.5282579428779635,0.32843986975702005,0.3832750178385515,0.031299858275878854,30,0.15706806282722513,231,-40.0,40.0,0.23919657328399993,-0.007452182548334241,0.007452182548334241,0.4020665312247671,-0.018791513386215597,0.018791513386215597,0.031825290046854304,-0.00052543177097545,0.00052543177097545,0.1774891774891775,-0.020421114661952372,0.020421114661952372,0.2
C-W2-V0050,val,commercial,2,0.4324143378971479,156,0.18813090875346156,0.5697240185601493,0.4138324850668701,0.39744065875792733,0.036077565473376136,19,0.12179487179487179,200,-44.0,44.0,0.199037831511,-0.010906922757538434,0.010906922757538434,0.42314483682758974,-0.02570417806966241,0.02570417806966241,0.036057130851272295,2.0434622103840394e-05,2.0434622103840394e-05,0.18,-0.0582051282051282,0.0582051282051282,0.2
C-W2-V0051,val,commercial,2,0.440226949947445,76,0.10467069419058081,0.46624566248838645,0.380778569777153,0.4216614286757455,0.04893084654940192,13,0.17105263157894737,117,-41.0,41.0,0.12371328092099997,-0.019042586730419156,0.019042586730419156,0.4697013749835933,-0.0480399463078478,0.0480399463078478,0.048173134433491915,0.0007577121159100045,0.0007577121159100045,0.18803418803418803,-0.01698155645524066,0.01698155645524066,0.2
C-W2-V0052,val,commercial,2,0.4535942021527408,324,0.4450541948032318,0.5210916593190812,0.4239460698409397,0.40317638312757054,0.0264217140612417,37,0.11419753086419752,335,-11.0,11.0,0.4103736348655,0.03468055993773178,0.03468055993773178,0.4163761483064804,-0.013199765178909861,0.013199765178909861,0.032644207738806885,-0.006222493677565184,0.006222493677565184,0.12238805970149254,-0.008190528837295014,0.008190528837295014,0.2
C-W2-V0053,val,commercial,2,0.44551143552073175,288,0.4119451644128548,0.5061768371346665,0.4255565178464167,0.3949904789897914,0.027347275308491105,44,0.1527777777777778,329,-41.0,41.0,0.41871501759349994,-0.006769853180645158,0.006769853180645158,0.4024765784690668,-0.007486099479275421,0.007486099479275421,0.03219278337369884,-0.004845508065207733,0.004845508065207733,0.1337386018237082,0.019039175954069593,0.019039175954069593,0.2
C-W2-V0054,val,commercial,2,0.4648701770546175,337,0.4571579354061446,0.5085225370450039,0.4307793018543535,0.38821448289621235,0.02476711893572393,43,0.12759643916913946,325,12.0,12.0,0.40270776149699994,0.05445017390914464,0.05445017390914464,0.3975758585974843,-0.009361375701271935,0.009361375701271935,0.03371955152950221,-0.008952432593778283,0.008952432593778283,0.13846153846153847,-0.01086509929239901,0.01086509929239901,0.2
C-W2-V0055,val,commercial,2,0.42861534643762467,263,0.34019584736546216,0.5479634912886405,0.4936605849066048,0.42487372381537,0.02645987670868969,25,0.09505703422053231,322,-59.0,59.0,0.3312890866505,0.008906760714962159,0.008906760714962159,0.45119388523371823,-0.026320161418348254,0.026320161418348254,0.029356871090654685,-0.0028969943819649943,0.0028969943819649943,0.10869565217391304,-0.013638617953380727,0.013638617953380727,0.2
C-W2-V0056,val,commercial,2,0.44228334585699053,471,0.5214746926503611,0.5196966055499869,0.5578276642010944,0.40895930835127997,0.0225793658292184,51,0.10828025477707007,486,-15.0,15.0,0.5040031877495,0.017471504900861023,0.017471504900861023,0.4185094334546175,-0.009550125103337526,0.009550125103337526,0.026545356671562197,-0.003965990842343798,0.003965990842343798,0.10905349794238683,-0.0007732431653167671,0.0007732431653167671,0.2
C-W2-V0057,val,commercial,2,0.4358339095409131,589,0.6460486037287704,0.5312638840834168,0.5434294191136931,0.4021176672062567,0.01979736543104956,62,0.10526315789473684,536,53.0,53.0,0.5650570424464999,0.08099156128227047,0.08099156128227047,0.41197428720350965,-0.009856619997252958,0.009856619997252958,0.02588273089693749,-0.006085365465887928,0.006085365465887928,0.10261194029850747,0.002651217596229369,0.002651217596229369,0.2
C-W2-V0058,val,commercial,2,0.43791859069803973,424,0.492616928263651,0.4885438362022264,0.5575800371171801,0.4083366769980043,0.02127523143312611,57,0.13443396226415094,405,19.0,19.0,0.4592382260805,0.03337870218315098,0.03337870218315098,0.42147384280844447,-0.013137165810440166,0.013137165810440166,0.027848323708887793,-0.0065730922757616835,0.0065730922757616835,0.12839506172839507,0.00603890053575587,0.00603890053575587,0.2
C-W2-V0059,val,commercial,2,0.4330857211207769,415,0.4710941659751438,0.5379163711612304,0.4602774459588151,0.4412840022862843,0.022627860522753007,56,0.13493975903614458,391,24.0,24.0,0.4292687884665,0.04182537750864379,0.04182537750864379,0.45469325558582924,-0.013409253299544954,0.013409253299544954,0.029119584297166722,-0.006491723774413715,0.006491723774413715,0.11764705882352941,0.01729270021261517,0.01729270021261517,0.2
C-W2-V0060,val,commercial,2,0.4415960523823125,566,0.6267515836524121,0.5256460708802132,0.5436225183005362,0.4003614997015749,0.019978908454703168,57,0.10070671378091872,518,48.0,48.0,0.5835200780069999,0.04323150564541223,0.04323150564541223,0.4134035351033847,-0.01304203540180976,0.01304203540180976,0.02720198667097214,-0.007223078216268972,0.007223078216268972,0.10617760617760617,-0.005470892396687452,0.005470892396687452,0.2
C-W2-V0061,val,commercial,2,0.4522030701520528,531,0.595195942223224,0.5363255598680546,0.5453208270316098,0.40889964705938575,0.0219684575389253,64,0.12052730696798493,549,-18.0,18.0,0.5858012305395,0.009394711683724077,0.009394711683724077,0.4222578983394685,-0.013358251280082722,0.013358251280082722,0.025750566004464896,-0.0037821084655395958,0.0037821084655395958,0.12021857923497267,0.00030872773301225676,0.00030872773301225676,0.2
C-W3-V0001,val,commercial,3,0.4942786811116319,322,0.6893347373174157,0.5919846185795408,0.4972589003523777,0.3915510591980883,0.01881701304063294,40,0.12422360248447205,253,69.0,69.0,0.5277556982935,0.16157903902391568,0.16157903902391568,0.4027892859099262,-0.011238226711837884,0.011238226711837884,0.03720722987472523,-0.018390216834092293,0.018390216834092293,0.12648221343873517,-0.002258610954263121,0.002258610954263121,0.2
C-W3-V0002,val,commercial,3,0.5148594678451718,297,0.6562362216934159,0.5966027971303799,0.5317840514020988,0.38649488422618894,0.022774834960986486,33,0.1111111111111111,255,42.0,42.0,0.519120257078,0.13711596461541586,0.13711596461541586,0.40749172551094653,-0.020996841284757595,0.020996841284757595,0.03894616033115857,-0.016171325370172088,0.016171325370172088,0.13333333333333333,-0.022222222222222227,0.022222222222222227,0.2
C-W3-V0003,val,commercial,3,0.4905380479494731,300,0.67902413267869,0.6245159647489588,0.5310550030631324,0.37238555522534983,0.021419551388598884,42,0.14,259,41.0,41.0,0.537327535904366,0.141696596774324,0.141696596774324,0.3961021108087573,-0.02371655558340746,0.02371655558340746,0.036241409508803724,-0.01482185812020484,0.01482185812020484,0.15057915057915058,-0.01057915057915057,0.01057915057915057,0.2
C-W3-V0004,val,commercial,3,0.4964487072709319,308,0.6859776758148013,0.5930985086174174,0.5028623088486734,0.38776721422600785,0.018532448946873295,40,0.12987012987012986,243,65.0,65.0,0.51806556870769,0.16791210710711124,0.16791210710711124,0.39822443093785437,-0.010457216711846518,0.010457216711846518,0.037975409770772336,-0.01944296082389904,0.01944296082389904,0.12345679012345678,0.006413339746673075,0.006413339746673075,0.2
C-W3-V0005,val,commercial,3,0.45583330919227655,338,0.5704750827241027,0.4235025816535048,0.4966928970079715,0.45135136964829203,0.02240028283018273,37,0.10946745562130178,299,39.0,39.0,0.5029293887755,0.06754569394860277,0.06754569394860277,0.4596158035622283,-0.008264433913936275,0.008264433913936275,0.03473112341516832,-0.01233084058498559,0.01233084058498559,0.13043478260869565,-0.02096732698739387,0.02096732698739387,0.2
C-W3-V0006,val,commercial,3,0.4683929089443539,281,0.5114001418953368,0.44852887217479087,0.5249183570462349,0.4460680923016621,0.02505692273376134,32,0.11387900355871886,295,-14.0,14.0,0.4761931915904999,0.03520695030483689,0.03520695030483689,0.4596014629908312,-0.0135333706891691,0.0135333706891691,0.031815748175278026,-0.006758825441516687,0.006758825441516687,0.13898305084745763,-0.025104047288738773,0.025104047288738773,0.2
C-W3-V0007,val,commercial,3,0.4635399895109189,314,0.5220640546032213,0.4235194439964167,0.4897595902958256,0.4515663447695333,0.02191233689203499,46,0.1464968152866242,300,14.0,14.0,0.4765139143872535,0.04555014021596776,0.04555014021596776,0.46184035956253516,-0.010274014793001884,0.010274014793001884,0.030972131096424285,-0.009059794204389297,0.009059794204389297,0.14666666666666667,-0.00016985138004246836,0.00016985138004246836,0.2
C-W3-V0008,val,commercial,3,0.4860956014250033,313,0.5672882760941479,0.422655057181387,0.4858412113123999,0.4349494473003762,0.022501377765582063,37,0.1182108626198083,297,16.0,16.0,0.49648536634849993,0.07080290974564796,0.07080290974564796,0.44981471895976255,-0.014865271659386337,0.014865271659386337,0.03261430062259173,-0.010112922857009665,0.010112922857009665,0.1447811447811448,-0.026570282161336486,0.026570282161336486,0.2
C-W3-V0009,val,commercial,3,0.47290676682187405,298,0.5580027476462024,0.4587357522018923,0.5220547265673193,0.44433936340229807,0.0238285384141303,37,0.12416107382550336,270,28.0,28.0,0.469083105072,0.08891964257420237,0.08891964257420237,0.46757545203926903,-0.023236088636970964,0.023236088636970964,0.036670691274874184,-0.012842152860743885,0.012842152860743885,0.12962962962962962,-0.0054685558041262655,0.0054685558041262655,0.2
C-W3-V0010,val,commercial,3,0.4620960380947381,285,0.5030012265483297,0.46641271566285897,0.555757409817817,0.44816085274358913,0.02372987385547566,33,0.11578947368421053,274,11.0,11.0,0.44801090989650005,0.05499031665182963,0.05499031665182963,0.47962055422479305,-0.03145970148120392,0.03145970148120392,0.03602419195028648,-0.012294318094810817,0.012294318094810817,0.12043795620437957,-0.004648482520169042,0.004648482520169042,0.2
C-W3-V0011,val,commercial,3,0.46219888072387844,255,0.44862497442325444,0.36072566488976865,0.5296878191551158,0.4403003876991704,0.02434098705191683,42,0.16470588235294117,259,-4.0,4.0,0.3771141146705,0.07151085975275445,0.07151085975275445,0.45680959761511697,-0.016509209915946566,0.016509209915946566,0.03289802207469401,-0.008557035022777177,0.008557035022777177,0.16602316602316602,-0.0013172836702248503,0.0013172836702248503,0.2
C-W3-V0012,val,commercial,3,0.4792196939521809,299,0.5236629983042773,0.3586937053842364,0.5158890366685082,0.44411638721892754,0.021549333234890618,44,0.14715719063545152,278,21.0,21.0,0.40874913044,0.11491386786427732,0.11491386786427732,0.46013634197631037,-0.016019954757382826,0.016019954757382826,0.032082724871088736,-0.010533391636198118,0.010533391636198118,0.17266187050359713,-0.025504679868145613,0.025504679868145613,0.2
C-W3-V0013,val,commercial,3,0.5092648238905014,248,0.5145552248390518,0.4813114636044408,0.6122093711183557,0.4334792009384272,0.02300234810901718,33,0.13306451612903225,222,26.0,26.0,0.38057605126267846,0.13397917357637334,0.13397917357637334,0.46725435057409914,-0.033775149635671964,0.033775149635671964,0.037374485387572424,-0.014372137278555245,0.014372137278555245,0.14864864864864866,-0.015584132519616406,0.015584132519616406,0.2
C-W3-V0014,val,commercial,3,0.4663305585208821,292,0.5098451109231291,0.49862526849467204,0.4875146962083519,0.4463581648381364,0.022178746770647243,31,0.10616438356164383,264,28.0,28.0,0.43942243097800004,0.07042267994512907,0.07042267994512907,0.46520316750008167,-0.018845002661945276,0.018845002661945276,0.034345101937770406,-0.012166355167123163,0.012166355167123163,0.11363636363636363,-0.007471980074719803,0.007471980074719803,0.2
C-W3-V0015,val,commercial,3,0.4873180798425966,294,0.5484821522912745,0.5196296783436571,0.5697242508826106,0.4426028954690208,0.022239246002430244,37,0.12585034013605442,268,26.0,26.0,0.445632464526,0.10284968776527448,0.10284968776527448,0.47216903681345046,-0.02956614134442964,0.02956614134442964,0.0350424180528744,-0.012803172050444154,0.012803172050444154,0.1417910447761194,-0.015940704640064973,0.015940704640064973,0.2
C-W3-V0016,val,commercial,3,0.4808686342504289,387,0.7315339747591866,0.464787215186952,0.5102596183714171,0.45357680832082836,0.023242933128717426,38,0.09819121447028424,398,-11.0,11.0,0.6551075814865001,0.07642639327268652,0.07642639327268652,0.4750512278713988,-0.021474419550570445,0.021474419550570445,0.02898093681777542,-0.005738003689057993,0.005738003689057993,0.10804020100502512,-0.00984898653474088,0.00984898653474088,0.2
C-W3-V0017,val,commercial,3,0.49260919182770807,289,0.5234235589976228,0.5436294987962088,0.5638005686279347,0.44320553792506134,0.026235243279671833,45,0.15570934256055363,259,30.0,30.0,0.46486430799850004,0.05855925099912279,0.05855925099912279,0.46483724638849466,-0.02163170846343332,0.02163170846343332,0.03691839431437521,-0.010683151034703374,0.010683151034703374,0.14671814671814673,0.008991195842406902,0.008991195842406902,0.2
C-W3-V0018,val,commercial,3,0.4710880348282139,274,0.4986532781255138,0.4689894242273358,0.5368352545846771,0.4500227683407087,0.02479401601803363,32,0.11678832116788321,263,11.0,11.0,0.4363371119900001,0.06231616613551372,0.06231616613551372,0.477617333999819,-0.02759456565911028,0.02759456565911028,0.03647518627783643,-0.011681170259802798,0.011681170259802798,0.14068441064638784,-0.023896089478504634,0.023896089478504634,0.2
C-W3-V0019,val,commercial,3,0.4668554374861643,323,0.5567110566790054,0.4839551473157509,0.5422905181151103,0.4540380414754315,0.021322931153770465,40,0.1238390092879257,295,28.0,28.0,0.4848783560475,0.07183270063150543,0.07183270063150543,0.485007708776018,-0.030969667300586534,0.030969667300586534,0.03401001574931815,-0.012687084595547682,0.012687084595547682,0.13220338983050847,-0.008364380542582775,0.008364380542582775,0.2
C-W3-V0020,val,commercial,3,0.4873180798425966,294,0.5484821522912745,0.5196296783436571,0.5697242508826106,0.4426028954690208,0.022239246002430244,37,0.12585034013605442,266,28.0,28.0,0.4436455103790001,0.10483664191227443,0.10483664191227443,0.47235937040314935,-0.02975647493412853,0.02975647493412853,0.03546811065501987,-0.013228864652589625,0.013228864652589625,0.14285714285714285,-0.017006802721088426,0.017006802721088426,0.2
C-W3-V0021,val,commercial,3,0.49697620021318323,268,0.4526530660817709,0.48927056254408974,0.5444208124805409,0.47053873303889326,0.02638641196261318,37,0.13805970149253732,263,5.0,5.0,0.4233058843285,0.02934718175327089,0.02934718175327089,0.48748695179430984,-0.016948218755416578,0.016948218755416578,0.0339124443888637,-0.0075260324262505195,0.0075260324262505195,0.13307984790874525,0.0049798535837920765,0.0049798535837920765,0.2
C-W3-V0022,val,commercial,3,0.4704262517830905,272,0.4599516697309857,0.48842277128749306,0.5472594800076502,0.4580947043121333,0.024597675605202558,29,0.10661764705882353,252,20.0,20.0,0.41310041750650006,0.04685125222448566,0.04685125222448566,0.48181960815314545,-0.023724903841012168,0.023724903841012168,0.03598140482494103,-0.01138372921973847,0.01138372921973847,0.11904761904761904,-0.012429971988795516,0.012429971988795516,0.2
C-W3-V0023,val,commercial,3,0.4808686342504289,387,0.7315339747591866,0.464787215186952,0.5102596183714171,0.45357680832082836,0.023242933128717426,38,0.09819121447028424,394,-7.0,7.0,0.651367207233,0.08016676752618657,0.08016676752618657,0.4738206689238112,-0.020243860602982833,0.020243860602982833,0.029518256803724476,-0.00627532367500705,0.00627532367500705,0.1065989847715736,-0.008407770301289363,0.008407770301289363,0.2
C-W3-V0024,val,commercial,3,0.4616610940388391,284,0.361834153069232,0.44489982570554326,0.4747792019895737,0.4268750924927889,0.02849540422581842,28,0.09859154929577464,336,-52.0,52.0,0.36869066798600003,-0.006856514916768031,0.006856514916768031,0.4656531505978468,-0.03877805810505791,0.03877805810505791,0.030874350715108505,-0.002378946489290084,0.002378946489290084,0.10119047619047619,-0.0025989268947015504,0.0025989268947015504,0.2
C-W3-V0025,val,commercial,3,0.4455759390576245,438,0.5197261037598623,0.4316999938798277,0.5190504851908376,0.3918775726269441,0.022183341314774778,58,0.1324200913242009,450,-12.0,12.0,0.500241596728,0.01948450703186233,0.01948450703186233,0.40690456812314857,-0.015026995496204454,0.015026995496204454,0.028179459309424053,-0.005996117994649275,0.005996117994649275,0.13777777777777778,-0.005357686453576871,0.005357686453576871,0.2
C-W3-V0026,val,commercial,3,0.47593604059929545,282,0.5286957224274226,0.4248344953855539,0.48806505437266634,0.4430801673378374,0.024278117573623012,30,0.10638297872340426,293,-11.0,11.0,0.44941653005550003,0.07927919237192255,0.07927919237192255,0.46056630988577335,-0.017486142547935957,0.017486142547935957,0.03216166651850008,-0.00788354894487707,0.00788354894487707,0.14334470989761092,-0.03696173117420666,0.03696173117420666,0.2
C-W3-V0027,val,commercial,3,0.46960644069373103,353,0.7045895860071744,0.5451922582702516,0.5055026557592005,0.4377749057603385,0.022366014012782626,41,0.11614730878186968,319,34.0,34.0,0.5291038249000001,0.1754857611071743,0.1754857611071743,0.459045782400013,-0.021270876639674474,0.021270876639674474,0.033187633535806095,-0.01082161952302347,0.01082161952302347,0.12539184952978055,-0.009244540747910868,0.009244540747910868,0.2
C-W3-V0028,val,commercial,3,0.49838111868926455,168,0.32764362603154373,0.513838366946272,0.6005421167439116,0.45977432417079855,0.029898618683962506,24,0.14285714285714285,145,23.0,23.0,0.235893013484,0.09175061254754374,0.09175061254754374,0.4914056959628565,-0.03163137179205794,0.03163137179205794,0.046106277998556114,-0.016207659314593607,0.016207659314593607,0.15172413793103448,-0.008866995073891631,0.008866995073891631,0.2
C-W3-V0029,val,commercial,3,0.4702904797380879,252,0.44130122576246406,0.5216965995533096,0.5392277257901336,0.47971893440140984,0.0247034277532043,39,0.15476190476190477,215,37.0,37.0,0.36443449285150015,0.07686673291096391,0.07686673291096391,0.48739830317799315,-0.007679368776583317,0.007679368776583317,0.03681604642180154,-0.012112618668597242,0.012112618668597242,0.12558139534883722,0.029180509413067546,0.029180509413067546,0.2
C-W3-V0030,val,commercial,3,0.4265223708610202,86,0.14744009976935485,0.4516421342485173,0.33979363890018227,0.4289734741800788,0.04434848727794783,13,0.1511627906976744,147,-61.0,61.0,0.178554069173,-0.031113969403645164,0.031113969403645164,0.475573713505847,-0.04660023932576818,0.04660023932576818,0.037054856989837716,0.0072936302881101145,0.0072936302881101145,0.2108843537414966,-0.0597215630438222,0.0597215630438222,0.2
C-W3-V0031,val,commercial,3,0.45356086648645855,105,0.20244395305189683,0.3032794279002008,0.5565933749079705,0.41721116269986297,0.04165214273806822,23,0.21904761904761905,130,-25.0,25.0,0.17973593279250002,0.022708020259396805,0.022708020259396805,0.5006868138990846,-0.08347565119922168,0.08347565119922168,0.045702438536455954,-0.004050295798387733,0.004050295798387733,0.19230769230769232,0.026739926739926728,0.026739926739926728,0.2
C-W3-V0032,val,commercial,3,0.3325225098265542,9,0.012583456570248931,0.21990152670898372,0.24604844695164096,0.3929660822869555,0.220237374802683,5,0.5555555555555556,30,-21.0,21.0,0.03205335872000001,-0.019469902149751077,0.019469902149751077,0.5125977727516716,-0.11963169046471611,0.11963169046471611,0.07565989733893728,0.14457747746374572,0.14457747746374572,0.3333333333333333,0.22222222222222227,0.22222222222222227,0.2
C-W3-V0033,val,commercial,3,0.4850821392016208,282,0.6313422377689442,0.6091587401972753,0.504036617874835,0.38177848553189286,0.02281458801998189,38,0.1347517730496454,251,31.0,31.0,0.5336790090850001,0.09766322868394406,0.09766322868394406,0.40332588050646173,-0.021547394974568868,0.021547394974568868,0.037404613140778885,-0.014590025120796993,0.014590025120796993,0.13545816733067728,-0.0007063942810318913,0.0007063942810318913,0.2
C-W3-V0034,val,commercial,3,0.48134898425094663,315,0.6955783742895378,0.605839633985999,0.5134073221937768,0.39567278413571494,0.01864293396267051,37,0.11746031746031746,245,70.0,70.0,0.5226509041685,0.17292747012103782,0.17292747012103782,0.4082736640330874,-0.012600879897372463,0.012600879897372463,0.0391176288912452,-0.020474694928574688,0.020474694928574688,0.12244897959183673,-0.0049886621315192725,0.0049886621315192725,0.2
C-W3-V0035,val,commercial,3,0.42455753370335225,133,0.2491459276306698,0.4977836384879131,0.31606121154684097,0.4266978672276623,0.033812545436107476,26,0.19548872180451127,183,-50.0,50.0,0.26849355126450003,-0.01934762363383022,0.01934762363383022,0.44296286843705884,-0.016265001209396557,0.016265001209396557,0.03528359789931844,-0.0014710524632109631,0.0014710524632109631,0.2185792349726776,-0.02309051316816632,0.02309051316816632,0.2
C-W3-V0036,val,commercial,3,0.4882839087192882,347,0.6459008518146311,0.5101065244961809,0.4662765403511674,0.43350329210186805,0.022831381021423146,32,0.09221902017291066,287,60.0,60.0,0.5391537979735,0.10674705384113103,0.10674705384113103,0.4365242223472542,-0.003020930245386133,0.003020930245386133,0.035410433039660925,-0.01257905201823778,0.01257905201823778,0.10801393728222997,-0.01579491710931931,0.01579491710931931,0.2
C-W3-V0037,val,commercial,3,0.4455857855560136,274,0.5166562278372251,0.4627472483858901,0.46538691567664925,0.4402276503773618,0.023416586549038807,31,0.11313868613138686,274,0.0,0.0,0.479118565626,0.037537662211225065,0.037537662211225065,0.44629490409216466,-0.006067253714802878,0.006067253714802878,0.03192709376812314,-0.008510507219084331,0.008510507219084331,0.13138686131386862,-0.018248175182481757,0.018248175182481757,0.2
C-W3-V0038,val,commercial,3,0.4601988631131297,352,0.6493805828638007,0.471347771284689,0.5055485758507117,0.44424721526254246,0.021438962018969544,46,0.13068181818181818,339,13.0,13.0,0.577046854851,0.07233372801280069,0.07233372801280069,0.4588726211083081,-0.01462540584576566,0.01462540584576566,0.03074431892982348,-0.009305356910853935,0.009305356910853935,0.12684365781710916,0.00383816036470902,0.00383816036470902,0.2
C-W3-V0039,val,commercial,3,0.4757881412628285,361,0.637626155289344,0.4397125453017446,0.5180861859419834,0.4321398414376969,0.022171058543987692,48,0.1329639889196676,330,31.0,31.0,0.559947439228,0.07767871606134391,0.07767871606134391,0.4362488753234856,-0.004109033885788704,0.004109033885788704,0.0323924059215518,-0.010221347377564107,0.010221347377564107,0.1484848484848485,-0.0155208595651809,0.0155208595651809,0.2
C-W3-V0040,val,commercial,3,0.47300850189267063,312,0.5869975438711,0.48007731815018,0.468322512613108,0.4491476811559112,0.026161059716933617,35,0.11217948717948718,307,5.0,5.0,0.556471981278,0.03052556259310002,0.03052556259310002,0.4615831717348291,-0.012435490578917907,0.012435490578917907,0.03465373412300927,-0.008492674406075651,0.008492674406075651,0.10423452768729642,0.007944959492190762,0.007944959492190762,0.2
C-W3-V0041,val,commercial,3,0.4710373864111493,363,0.7459966860493491,0.4787702283940019,0.4785959620064653,0.4220015312695261,0.02074384848454488,31,0.08539944903581267,322,41.0,41.0,0.581211061092,0.16478562495734905,0.16478562495734905,0.4371774337538165,-0.015175902484290404,0.015175902484290404,0.03297241869175137,-0.01222857020720649,0.01222857020720649,0.09937888198757763,-0.013979432951764958,0.013979432951764958,0.2
C-W3-V0042,val,commercial,3,0.5092648238905014,248,0.5145552248390518,0.4813114636044408,0.6122093711183557,0.4334792009384272,0.02300234810901718,33,0.13306451612903225,209,39.0,39.0,0.37287237416950003,0.14168285066955177,0.14168285066955177,0.45440749381349566,-0.020928292875068477,0.020928292875068477,0.03871675316243798,-0.0157144050534208,0.0157144050534208,0.13875598086124402,-0.005691464732211771,0.005691464732211771,0.2
C-W3-V0043,val,commercial,3,0.4667809032570056,246,0.44961860388512237,0.5093628720066139,0.5137698499228411,0.47201353544054525,0.025847994752463476,27,0.10975609756097561,223,23.0,23.0,0.3753161765800001,0.07430242730512227,0.07430242730512227,0.4919191829541287,-0.019905647513583424,0.019905647513583424,0.037885001019073744,-0.012037006266610268,0.012037006266610268,0.13004484304932734,-0.02028874548835173,0.02028874548835173,0.2
C-W3-V0044,val,commercial,3,0.46824411012358585,236,0.4188639297441584,0.49480793799936645,0.5000163526984595,0.4769138652818187,0.02838917774460759,28,0.11864406779661017,231,5.0,5.0,0.3824761161455001,0.036387813598658336,0.036387813598658336,0.49271530305336353,-0.015801437771544802,0.015801437771544802,0.037443318934431445,-0.009054141189823856,0.009054141189823856,0.12987012987012986,-0.011226062073519685,0.011226062073519685,0.2
C-W3-V0045,val,commercial,3,0.4712325518292592,266,0.47657512846301314,0.48611026453344447,0.5093257386041316,0.4730018367194755,0.022457849168231514,32,0.12030075187969924,222,44.0,44.0,0.3752583446970001,0.10131678376601305,0.10131678376601305,0.490465414031133,-0.017463577311657486,0.017463577311657486,0.03878352804387082,-0.016325678875639307,0.016325678875639307,0.13513513513513514,-0.014834383255435901,0.014834383255435901,0.2
C-W3-V0046,val,commercial,3,0.4624566411392556,360,0.6232114438634545,0.5512577149357336,0.49394737534069766,0.44624470565901914,0.02280962373806271,41,0.11388888888888889,336,24.0,24.0,0.530453191588,0.09275825227545453,0.09275825227545453,0.4526132116000816,-0.0063685059410624745,0.0063685059410624745,0.03235786500166483,-0.009548241263602118,0.009548241263602118,0.15476190476190477,-0.04087301587301588,0.04087301587301588,0.2
C-W3-V0047,val,commercial,3,0.46125920610792576,353,0.6485454578556181,0.5676640899477279,0.4907922799390326,0.4324311784405545,0.02298633025977519,43,0.12181303116147309,327,26.0,26.0,0.550692869503,0.09785258835261812,0.09785258835261812,0.44489291248262314,-0.012461734042068628,0.012461734042068628,0.03388344364059511,-0.01089711338081992,0.01089711338081992,0.1345565749235474,-0.012743543762074303,0.012743543762074303,0.2
C-W3-V0048,val,commercial,3,0.4922736594767383,356,0.6549911568713754,0.5003369875158068,0.5004471698383476,0.4202414251689615,0.021805987227262257,38,0.10674157303370786,320,36.0,36.0,0.5627947177869999,0.09219643908437558,0.09219643908437558,0.43255596169494254,-0.012314536525981024,0.012314536525981024,0.031791009031510886,-0.00998502180424863,0.00998502180424863,0.11875,-0.012008426966292132,0.012008426966292132,0.2
C-W3-V0049,val,commercial,3,0.47867846454527513,303,0.5710335219646899,0.5033713389855038,0.5033964328744477,0.43579914774797324,0.0261320957861995,30,0.09900990099009901,290,13.0,13.0,0.4894893923610001,0.08154412960368984,0.08154412960368984,0.45794704006110604,-0.0221478923131328,0.0221478923131328,0.03540608366571391,-0.009273987879514414,0.009273987879514414,0.11724137931034483,-0.01823147832024581,0.01823147832024581,0.2
C-W3-V0050,val,commercial,3,0.47050414871868246,277,0.5203642740352201,0.5411001820308879,0.5024529608867605,0.44776093618588136,0.026352218258149516,26,0.09386281588447654,270,7.0,7.0,0.45974994195650004,0.06061433207872008,0.06061433207872008,0.4643357316252424,-0.016574795439361023,0.016574795439361023,0.034800538578983714,-0.008448320320834198,0.008448320320834198,0.1111111111111111,-0.01724829522663457,0.01724829522663457,0.2
C-W3-V0051,val,commercial,3,0.47051858852672224,272,0.5478074954859694,0.4897033601112472,0.519513802637127,0.41914556303260664,0.021638346817347404,24,0.08823529411764706,194,78.0,78.0,0.40048045490100004,0.14732704058496937,0.14732704058496937,0.42050895805422894,-0.0013633950216223045,0.0013633950216223045,0.04210341082447637,-0.020465064007128966,0.020465064007128966,0.10309278350515463,-0.01485748938750757,0.01485748938750757,0.2
C-W3-V0052,val,commercial,3,0.4397402180535761,221,0.40404705413210684,0.4774897969454291,0.5472131022905332,0.43173860175513207,0.025148295881074485,32,0.14479638009049775,205,16.0,16.0,0.34028108866,0.06376596547210683,0.06376596547210683,0.4417374314229287,-0.009998829667796638,0.009998829667796638,0.03494923667999199,-0.009800940798917503,0.009800940798917503,0.14634146341463414,-0.001545083324136387,0.001545083324136387,0.2
C-W3-V0053,val,commercial,3,0.47536198476667507,281,0.5222572757723893,0.515284808914366,0.4852278423213874,0.4603019983807883,0.02594141811728179,30,0.10676156583629894,271,10.0,10.0,0.478676980518,0.043580295254389334,0.043580295254389334,0.47723089931816515,-0.016928900937376867,0.016928900937376867,0.03481845294419107,-0.008877034826909283,0.008877034826909283,0.11070110701107011,-0.0039395411747711745,0.0039395411747711745,0.2
C-W3-V0054,val,commercial,3,0.4897044278914109,384,0.6993737963383011,0.4939118822355037,0.4808977400753065,0.4508439546211416,0.021770053810331744,38,0.09895833333333333,350,34.0,34.0,0.591395572403,0.1079782239353011,0.1079782239353011,0.4634073427524016,-0.012563388131260012,0.012563388131260012,0.03360019330848547,-0.011830139498153723,0.011830139498153723,0.10857142857142857,-0.00961309523809524,0.00961309523809524,0.2
C-W3-V0055,val,commercial,3,0.4761797920989163,346,0.6759925154795384,0.544915288953229,0.50319546223968,0.4440761366112444,0.021709508422674186,43,0.12427745664739884,328,18.0,18.0,0.5647963908955,0.11119612458403838,0.11119612458403838,0.46847173461261477,-0.024395598001370367,0.024395598001370367,0.032707952970117804,-0.010998444547443618,0.010998444547443618,0.12195121951219512,0.002326237135203718,0.002326237135203718,0.2
C-W3-V0056,val,commercial,3,0.49313620621563536,389,0.7343101904301255,0.53745364540156,0.5042064852586404,0.456270028590813,0.020818435174177023,44,0.11311053984575835,355,34.0,34.0,0.5823072842605,0.15200290616962542,0.15200290616962542,0.4798546962343266,-0.02358466764351358,0.02358466764351358,0.03205004262131245,-0.011231607447135424,0.011231607447135424,0.12112676056338029,-0.008016220717621939,0.008016220717621939,0.2
C-W3-V0057,val,commercial,3,0.4582945887573916,402,0.7055586190045883,0.5876251151704169,0.5054264524140725,0.4273097090346336,0.02156842598646278,44,0.10945273631840796,394,8.0,8.0,0.6124210090250001,0.0931376099795882,0.0931376099795882,0.44342732519279565,-0.01611761615816204,0.01611761615816204,0.028786582713495705,-0.007218156727032923,0.007218156727032923,0.15736040609137056,-0.0479076697729626,0.0479076697729626,0.2
C-W3-V0058,val,commercial,3,0.4657501224158467,345,0.6288393827244869,0.5522758446890267,0.481539053529285,0.4291220547988773,0.02291022145664237,37,0.1072463768115942,355,-10.0,10.0,0.5571696539840001,0.07166972874048683,0.07166972874048683,0.45005177662362605,-0.02092972182474878,0.02092972182474878,0.03116218980138319,-0.008251968344740818,0.008251968344740818,0.15774647887323945,-0.05050010206164525,0.05050010206164525,0.2
C-W3-V0059,val,commercial,3,0.4630176554420101,335,0.6396398765178143,0.5186547994780452,0.5213364665410412,0.4225831852221544,0.022976132126280285,38,0.11343283582089553,347,-12.0,12.0,0.575666129939,0.06397374657881427,0.06397374657881427,0.45078063103341176,-0.028197445811257382,0.028197445811257382,0.03083569646936122,-0.007859564343080935,0.007859564343080935,0.11527377521613832,-0.0018409393952427966,0.0018409393952427966,0.2
C-W3-V0060,val,commercial,3,0.47862295271858335,315,0.5813645359916975,0.5170586983643709,0.46760421750387027,0.4358761495756838,0.023715453712738064,35,0.1111111111111111,320,-5.0,5.0,0.48254231670149994,0.09882221929019752,0.09882221929019752,0.46777600659031826,-0.031899857014634436,0.031899857014634436,0.03262792213715278,-0.008912468424414715,0.008912468424414715,0.1375,-0.026388888888888906,0.026388888888888906,0.2
C-W3-V0061,val,commercial,3,0.37770945090672065,29,0.08192579872549825,0.7217708168358639,0.588578579754665,0.26326576953703223,0.04706155383618304,9,0.3103448275862069,71,-42.0,42.0,0.18932180920300007,-0.10739601047750182,0.10739601047750182,0.301063101496506,-0.03779733195947377,0.03779733195947377,0.039767520929626064,0.007294032906556974,0.007294032906556974,0.16901408450704225,0.14133074307916466,0.14133074307916466,0.2
C-W3-V0062,val,commercial,3,0.4850821392016208,282,0.6313422377689442,0.6091587401972753,0.504036617874835,0.38177848553189286,0.02281458801998189,38,0.1347517730496454,249,33.0,33.0,0.5350553597025001,0.09628687806644409,0.09628687806644409,0.40244075319790223,-0.02066226766600937,0.02066226766600937,0.03762429482937235,-0.01480970680939046,0.01480970680939046,0.13253012048192772,0.002221652567717669,0.002221652567717669,0.2
C-W3-V0063,val,commercial,3,0.48134898425094663,315,0.6955783742895378,0.605839633985999,0.5134073221937768,0.39567278413571494,0.01864293396267051,37,0.11746031746031746,243,72.0,72.0,0.520553072224,0.1750253020655378,0.1750253020655378,0.40743846888365254,-0.0117656847479376,0.0117656847479376,0.039081855104807946,-0.020438921142137436,0.020438921142137436,0.12345679012345678,-0.005996472663139324,0.005996472663139324,0.2
C-W3-V0064,val,commercial,3,0.42455753370335225,133,0.2491459276306698,0.4977836384879131,0.31606121154684097,0.4266978672276623,0.033812545436107476,26,0.19548872180451127,175,-42.0,42.0,0.2606629544085,-0.011517026777830203,0.011517026777830203,0.4466941443068163,-0.019996277079154023,0.019996277079154023,0.036323552397246155,-0.0025110069611386787,0.0025110069611386787,0.22285714285714286,-0.027368421052631597,0.027368421052631597,0.2
C-W3-V0065,val,commercial,3,0.4622003639936447,250,0.45837726913774224,0.5462508305944502,0.523676248114556,0.4453964353997408,0.02680514502320817,26,0.104,262,-12.0,12.0,0.46561552347699997,-0.0072382543392577325,0.0072382543392577325,0.4728993892342661,-0.027502953834525334,0.027502953834525334,0.033622649744743056,-0.006817504721534886,0.006817504721534886,0.13740458015267176,-0.03340458015267177,0.03340458015267177,0.2
C-W4-V0001,val,commercial,4,0.5263204270621075,301,1.1319000494442628,0.43385172986187215,0.4968855017270163,0.42656971087220535,0.022295257068711723,31,0.10299003322259136,291,10.0,10.0,0.928551323631,0.2033487258132628,0.2033487258132628,0.45907576508769665,-0.0325060542154913,0.0325060542154913,0.03795170404929207,-0.01565644698058035,0.01565644698058035,0.15463917525773196,-0.05164914203514061,0.05164914203514061,0.25
C-W4-V0002,val,commercial,4,0.5433396960971719,236,0.8921833940200121,0.4201769059350304,0.49286182710932475,0.426140306576212,0.0249666607665056,28,0.11864406779661017,225,11.0,11.0,0.7417988035227618,0.15038459049725028,0.15038459049725028,0.45171808025074545,-0.025577773674533455,0.025577773674533455,0.041293258886988794,-0.016326598120483194,0.016326598120483194,0.14222222222222222,-0.02357815442561205,0.02357815442561205,0.25
C-W4-V0003,val,commercial,4,0.558051117441871,253,1.0308535621298525,0.5651330723475091,0.5332497134841537,0.381314241022682,0.028398639456960265,26,0.10276679841897234,249,4.0,4.0,0.9105899803615,0.1202635817683525,0.1202635817683525,0.4087140219107996,-0.027399780888117564,0.027399780888117564,0.04089540964484555,-0.012496770187885288,0.012496770187885288,0.11646586345381527,-0.01369906503484293,0.01369906503484293,0.25
C-W4-V0004,val,commercial,4,0.575157031135739,212,0.6116434427667656,0.47238002333763707,0.5452298938894188,0.4351538356062964,0.024225664501236484,22,0.10377358490566038,192,20.0,20.0,0.49337716188399994,0.1182662808827657,0.1182662808827657,0.4740741601375935,-0.038920324531297124,0.038920324531297124,0.04270022019353617,-0.018474555692299686,0.018474555692299686,0.13020833333333334,-0.02643474842767296,0.02643474842767296,0.25
C-W4-V0005,val,commercial,4,0.5381618379330149,294,1.1685825624969155,0.47769903157026744,0.5145944426102298,0.4246831029594975,0.023093045297345367,26,0.08843537414965986,290,4.0,4.0,0.9356860053645,0.23289655713241553,0.23289655713241553,0.4575800912200369,-0.032896988260539384,0.032896988260539384,0.03880682444144868,-0.015713779144103313,0.015713779144103313,0.1310344827586207,-0.04259910860896084,0.04259910860896084,0.25
C-W4-V0006,val,commercial,4,0.563807359976428,280,1.0839973651290369,0.45182113632493254,0.48390489811343806,0.42587969485385335,0.023300286451912892,27,0.09642857142857143,282,-2.0,2.0,0.9159245314735,0.16807283365553694,0.16807283365553694,0.46283621581383827,-0.03695652095998492,0.03695652095998492,0.036739183308634356,-0.013438896856721463,0.013438896856721463,0.1347517730496454,-0.03832320162107396,0.03832320162107396,0.25
C-W4-V0007,val,commercial,4,0.5432858734838362,246,1.0447309000771035,0.5167891520011141,0.5230190721832639,0.39413782327775004,0.02743251030637413,25,0.1016260162601626,275,-29.0,29.0,0.950184118731,0.0945467813461035,0.0945467813461035,0.4325768781901792,-0.03843905491242916,0.03843905491242916,0.0379624942404522,-0.010529983934078068,0.010529983934078068,0.10909090909090909,-0.007464892830746486,0.007464892830746486,0.25
C-W4-V0008,val,commercial,4,0.5290835416594217,215,0.6217397043387097,0.5282387780805313,0.5448107194761898,0.4408176391025196,0.02735191601519447,23,0.10697674418604651,197,18.0,18.0,0.512906916794,0.10883278754470971,0.10883278754470971,0.4790340627509562,-0.03821642364843664,0.03821642364843664,0.04389334206746731,-0.01654142605227284,0.01654142605227284,0.116751269035533,-0.009774524849486488,0.009774524849486488,0.25
C-W4-V0009,val,commercial,4,0.5722668407292202,290,0.892270243636727,0.5092147634733982,0.5294473258200391,0.4323097273272222,0.02399443825468627,30,0.10344827586206896,278,12.0,12.0,0.7429503479369999,0.14931989569972715,0.14931989569972715,0.48098082259037733,-0.048671095263155106,0.048671095263155106,0.0367398173113138,-0.012745379056627534,0.012745379056627534,0.11151079136690648,-0.008062515504837511,0.008062515504837511,0.25
C-W4-V0010,val,commercial,4,0.5234065261380426,290,1.1009807027046972,0.5137554291154033,0.4866440924655261,0.4207934377788796,0.022998497307151686,29,0.1,290,0.0,0.0,0.9620858145929999,0.13889488811169726,0.13889488811169726,0.46861574936704814,-0.04782231158816852,0.04782231158816852,0.038712265949971764,-0.015713768642820078,0.015713768642820078,0.10689655172413794,-0.006896551724137931,0.006896551724137931,0.25
C-W4-V0011,val,commercial,4,0.5315434144352967,265,1.076791676206052,0.521803944299595,0.4850149394487435,0.42819025975550934,0.024384449766504446,23,0.08679245283018867,280,-15.0,15.0,0.9516847375695,0.1251069386365521,0.1251069386365521,0.46551791327067527,-0.037327653515165926,0.037327653515165926,0.038513645991872306,-0.01412919622536786,0.01412919622536786,0.125,-0.038207547169811326,0.038207547169811326,0.25
C-W4-V0012,val,commercial,4,0.5329065443665693,264,1.0531569438844337,0.5257253651648308,0.49630482242950663,0.4178902760671242,0.025194813873148127,24,0.09090909090909091,271,-7.0,7.0,0.914476592157,0.13868035172743376,0.13868035172743376,0.4614970516477946,-0.04360677558067039,0.04360677558067039,0.03946779146825329,-0.014272977595105166,0.014272977595105166,0.11439114391143912,-0.023482053002348208,0.023482053002348208,0.25
C-W4-V0013,val,commercial,4,0.5072465694883964,281,1.144046560508226,0.4881583504309195,0.4899034988254415,0.4089804020272669,0.023805681453915838,24,0.08540925266903915,264,17.0,17.0,0.972941210476,0.17110535003222593,0.17110535003222593,0.44759088351341103,-0.038610481486144155,0.038610481486144155,0.040253101672118284,-0.016447420218202446,0.016447420218202446,0.08712121212121213,-0.0017119594521729786,0.0017119594521729786,0.25
C-W4-V0014,val,commercial,4,0.5054694940387982,269,1.101057732935882,0.5007359314135182,0.4833461019490953,0.4031799422853831,0.026479459443932808,23,0.08550185873605948,264,5.0,5.0,0.9533355092409999,0.14772222369488208,0.14772222369488208,0.45066139178634346,-0.04748144950096034,0.04748144950096034,0.04143220788770352,-0.014952748443770713,0.014952748443770713,0.09848484848484848,-0.012982989748789003,0.012982989748789003,0.25
C-W4-V0015,val,commercial,4,0.5088585597562614,271,1.0815496320607312,0.47436635128335813,0.4967827127689695,0.41258117985469717,0.025507307510130396,22,0.08118081180811808,278,-7.0,7.0,0.9868635295065,0.09468610255423116,0.09468610255423116,0.4518006946765212,-0.03921951482182401,0.03921951482182401,0.03952807307883422,-0.014020765568703825,0.014020765568703825,0.09352517985611511,-0.012344368047997031,0.012344368047997031,0.25
C-W4-V0016,val,commercial,4,0.5351028932099366,199,0.8208857613821101,0.49278056077968013,0.5363921374831367,0.3963266332871535,0.02523087759727113,23,0.11557788944723618,196,3.0,3.0,0.6942821406165,0.12660362076561016,0.12660362076561016,0.43451003919160736,-0.03818340590445385,0.03818340590445385,0.04136840387909132,-0.016137526281820188,0.016137526281820188,0.12244897959183673,-0.00687109014460055,0.00687109014460055,0.25
C-W4-V0017,val,commercial,4,0.5549675057931193,232,0.910118032621277,0.4694027278435834,0.5392538090718204,0.4009529370234154,0.021672826957980083,24,0.10344827586206896,211,21.0,21.0,0.7480408882599998,0.16207714436127718,0.16207714436127718,0.43296339765556996,-0.03201046063215457,0.03201046063215457,0.03981804802147666,-0.01814522106349658,0.01814522106349658,0.12322274881516587,-0.019774472953096908,0.019774472953096908,0.25
C-W4-V0018,val,commercial,4,0.553547370458336,243,1.0477243656275173,0.46728068954165675,0.5546419947051707,0.37858503738389127,0.02348054314190853,27,0.1111111111111111,205,38.0,38.0,0.7858398044375,0.26188456119001724,0.26188456119001724,0.4039448910001544,-0.02535985361626314,0.02535985361626314,0.04245888882833912,-0.01897834568643059,0.01897834568643059,0.13658536585365855,-0.025474254742547442,0.025474254742547442,0.25
C-W4-V0019,val,commercial,4,0.563807359976428,280,1.0839973651290369,0.45182113632493254,0.48390489811343806,0.42587969485385335,0.023300286451912892,27,0.09642857142857143,275,5.0,5.0,0.909841402846,0.17415596228303687,0.17415596228303687,0.45846475376926865,-0.0325850589154153,0.0325850589154153,0.03706045295610278,-0.013760166504189889,0.013760166504189889,0.13090909090909092,-0.034480519480519486,0.034480519480519486,0.25
C-W4-V0020,val,commercial,4,0.5389454541797924,133,0.7322168345001764,0.519471609457291,0.5153713627977479,0.40119205731542346,0.020966546634984855,16,0.12030075187969924,85,48.0,48.0,0.484748790221,0.2474680442791764,0.2474680442791764,0.41221710846159476,-0.011025051146171305,0.011025051146171305,0.06160997203524432,-0.04064342540025946,0.04064342540025946,0.12941176470588237,-0.009111012826183124,0.009111012826183124,0.25
C-W4-V0021,val,commercial,4,0.5322638711816555,296,1.1558870426175025,0.46053134603897816,0.515386931925408,0.41407655393380666,0.02385347687302687,26,0.08783783783783784,273,23.0,23.0,0.9227679861794998,0.23311905643800268,0.23311905643800268,0.4540999366519118,-0.04002338271810513,0.04002338271810513,0.038938798940314795,-0.015085322067287923,0.015085322067287923,0.12087912087912088,-0.03304128304128304,0.03304128304128304,0.25
C-W4-V0022,val,commercial,4,0.5371570075641979,275,1.0342025598262488,0.41864450099454686,0.47699921657077293,0.42115013945127633,0.020542722415051857,32,0.11636363636363636,228,47.0,47.0,0.7970979252404999,0.23710463458574882,0.23710463458574882,0.43545345950642017,-0.014303320055143842,0.014303320055143842,0.04092792894238624,-0.020385206527334384,0.020385206527334384,0.14035087719298245,-0.023987240829346085,0.023987240829346085,0.25
C-W4-V0023,val,commercial,4,0.5695447873048746,257,0.7339975798331371,0.4958036070171352,0.5339777204479863,0.42728600539031986,0.026530285060671344,24,0.0933852140077821,228,29.0,29.0,0.5845097197225,0.14948786011063708,0.14948786011063708,0.4608160106891416,-0.03353000529882172,0.03353000529882172,0.04140828459279599,-0.014877999532124646,0.014877999532124646,0.09649122807017543,-0.0031060140623933308,0.0031060140623933308,0.25
C-W4-V0024,val,commercial,4,0.516877882550528,324,0.880502940222167,0.4463331147720807,0.5126094632799288,0.43324085522152855,0.023402832784746683,35,0.10802469135802469,300,24.0,24.0,0.7288879986185,0.15161494160366706,0.15161494160366706,0.45648731503427165,-0.023246459812743092,0.023246459812743092,0.03574851300770831,-0.012345680222961626,0.012345680222961626,0.13333333333333333,-0.025308641975308646,0.025308641975308646,0.25
C-W4-V0025,val,commercial,4,0.5431276738837167,308,0.9240500794121645,0.4398556153181118,0.5184531151075158,0.4271182561582526,0.022329285401308775,34,0.11038961038961038,275,33.0,33.0,0.6902587074859999,0.23379137192616462,0.23379137192616462,0.4445426269145276,-0.01742437075627501,0.01742437075627501,0.03649852042176479,-0.014169235020456014,0.014169235020456014,0.13454545454545455,-0.024155844155844167,0.024155844155844167,0.25
C-W4-V0026,val,commercial,4,0.5384041291886362,290,0.8635326660991824,0.4589637567658491,0.5347104907260629,0.42530830437832584,0.020688080356427732,33,0.11379310344827587,268,22.0,22.0,0.6512566029125001,0.21227606318668235,0.21227606318668235,0.4535768169034246,-0.028268512525098766,0.028268512525098766,0.03640085672235694,-0.01571277636592921,0.01571277636592921,0.14925373134328357,-0.0354606278950077,0.0354606278950077,0.25
C-W4-V0027,val,commercial,4,0.5101979210784163,316,0.579356927159963,0.4677135138625067,0.5493480769999891,0.4414447398492468,0.02634525704484557,40,0.12658227848101267,328,-12.0,12.0,0.5663059600324999,0.01305096712746312,0.01305096712746312,0.46650124417468397,-0.025056504325437157,0.025056504325437157,0.0331427493095925,-0.006797492264746928,0.006797492264746928,0.13719512195121952,-0.010612843470206856,0.010612843470206856,0.25
C-W4-V0028,val,commercial,4,0.5144624912086592,329,0.6228718704798495,0.45978869371948405,0.5130373700224655,0.4541484853397796,0.02555753398519152,33,0.10030395136778116,357,-28.0,28.0,0.6163663217965,0.006505548683349516,0.006505548683349516,0.48014792302830755,-0.02599943768852797,0.02599943768852797,0.03137071790410335,-0.005813183918911828,0.005813183918911828,0.12324929971988796,-0.022945348352106806,0.022945348352106806,0.25
C-W4-V0029,val,commercial,4,0.5587516698736184,283,0.8556533084440531,0.5187835473363213,0.5036714476970923,0.4221253913378629,0.0262291460614346,28,0.0989399293286219,273,10.0,10.0,0.7383579572050001,0.11729535123905299,0.11729535123905299,0.4537781578709416,-0.03165276653307869,0.03165276653307869,0.04030916374536715,-0.014080017683932553,0.014080017683932553,0.0989010989010989,3.8830427523006694e-05,3.8830427523006694e-05,0.25
C-W4-V0030,val,commercial,4,0.5678994474817791,211,0.612620868575409,0.5248118689133657,0.5394256375332791,0.4408403181779461,0.031348066562405616,23,0.10900473933649289,218,-7.0,7.0,0.590015713504,0.022605155071409033,0.022605155071409033,0.4787238622454915,-0.037883544067545405,0.037883544067545405,0.04065383185822456,-0.009305765295818946,0.009305765295818946,0.11467889908256881,-0.005674159746075921,0.005674159746075921,0.25
C-W4-V0031,val,commercial,4,0.4976882102075687,121,0.2502863663879047,0.45135404173023075,0.5772588540807613,0.4226540052883783,0.03231779182444867,15,0.12396694214876033,135,-14.0,14.0,0.2650254133875,-0.014739046999595329,0.014739046999595329,0.4439787728841081,-0.021324767595729766,0.021324767595729766,0.04415473516841408,-0.011836943343965414,0.011836943343965414,0.1259259259259259,-0.0019589837771655794,0.0019589837771655794,0.25
C-W4-V0032,val,commercial,4,0.5568562129013975,284,0.9018909654327475,0.5191429708198919,0.49837289151119096,0.43665910275262215,0.02148702211689984,27,0.09507042253521127,242,42.0,42.0,0.6773628034815001,0.22452816195124736,0.22452816195124736,0.4715482576498579,-0.03488915489723576,0.03488915489723576,0.03915456817107549,-0.01766754605417565,0.01766754605417565,0.1322314049586777,-0.037160982423466424,0.037160982423466424,0.25
C-W4-V0033,val,commercial,4,0.5615631674017225,105,0.3302171697670549,0.5586385852923351,0.48743445710057304,0.43556319406311494,0.03580311658205158,13,0.12380952380952381,84,21.0,21.0,0.23865921311699992,0.09155795665005498,0.09155795665005498,0.465831225273047,-0.030268031209932045,0.030268031209932045,0.06105841146005764,-0.025255294878006054,0.025255294878006054,0.13095238095238096,-0.007142857142857145,0.007142857142857145,0.25
C-W4-V0034,val,commercial,4,0.5552517964746604,281,0.8488554090610158,0.4897156045241845,0.540376948660034,0.43190425160397705,0.02150763218930229,31,0.1103202846975089,218,63.0,63.0,0.629594458622,0.21926095043901572,0.21926095043901572,0.45888887883085,-0.026984627226872948,0.026984627226872948,0.04202289030865864,-0.02051525811935635,0.02051525811935635,0.11009174311926606,0.00022854157824284127,0.00022854157824284127,0.25
C-W4-V0035,val,commercial,4,0.5540665686130524,166,0.5469674524529813,0.5831269692203187,0.5211894988160894,0.42474806980453905,0.020451623186730383,19,0.1144578313253012,132,34.0,34.0,0.3586251845675,0.1883422678854813,0.1883422678854813,0.4629269999191359,-0.03817893011459683,0.03817893011459683,0.04819499511939043,-0.02774337193266005,0.02774337193266005,0.17424242424242425,-0.059784592917123056,0.059784592917123056,0.25
C-W4-V0036,val,commercial,4,0.5676589954112258,168,0.5546502830366458,0.5625507695201252,0.49040531893704264,0.4326636538024473,0.022722333625448368,22,0.13095238095238096,144,24.0,24.0,0.3829784317305,0.17167185130614576,0.17167185130614576,0.4760369676083042,-0.043373313805856906,0.043373313805856906,0.04498186394130266,-0.02225953031585429,0.02225953031585429,0.1736111111111111,-0.042658730158730146,0.042658730158730146,0.25
C-W4-V0037,val,commercial,4,0.5333401413732454,304,0.9298785566994878,0.47668365740652296,0.4878692134883941,0.4332159005597613,0.02154677470848568,30,0.09868421052631579,255,49.0,49.0,0.6785134535865001,0.25136510311298776,0.25136510311298776,0.4461428119938174,-0.01292691143405611,0.01292691143405611,0.040145435274928594,-0.018598660566442913,0.018598660566442913,0.15294117647058825,-0.054256965944272456,0.054256965944272456,0.25
C-W4-V0038,val,commercial,4,0.5572908326431557,270,0.8178266850066527,0.46433192432030207,0.5006398020381176,0.4296254739476138,0.02562464924365145,27,0.1,243,27.0,27.0,0.687586575898,0.1302401091086527,0.1302401091086527,0.4463456021840843,-0.01672012823647051,0.01672012823647051,0.04159168304184495,-0.0159670337981935,0.0159670337981935,0.11934156378600823,-0.019341563786008223,0.019341563786008223,0.25
C-W4-V0039,val,commercial,4,0.5328013366680081,299,0.901080841567074,0.45365947653324556,0.49955914515603245,0.42582615991441736,0.02179242774986582,30,0.10033444816053512,247,52.0,52.0,0.68480600891,0.21627483265707403,0.21627483265707403,0.4474693305299483,-0.02164317061553095,0.02164317061553095,0.04147199191250356,-0.01967956416263774,0.01967956416263774,0.1214574898785425,-0.021123041718007385,0.021123041718007385,0.25
C-W4-V0040,val,commercial,4,0.534137545707258,296,1.113282586271995,0.4426572007831891,0.5056863254238222,0.4209724304501577,0.022474905772966045,30,0.10135135135135136,262,34.0,34.0,0.908667747655,0.20461483861699503,0.20461483861699503,0.4531140673619645,-0.032141636911806826,0.032141636911806826,0.039040313564897414,-0.01656540779193137,0.01656540779193137,0.11068702290076336,-0.009335671549412006,0.009335671549412006,0.25
C-W4-V0041,val,commercial,4,0.5377215749065348,298,1.160971489726114,0.4499081334899236,0.5207706770184606,0.42291972219405227,0.02295949250616504,32,0.10738255033557047,271,27.0,27.0,0.953304050252,0.20766743947411404,0.20766743947411404,0.4501843862577212,-0.027264664063668953,0.027264664063668953,0.03855347940931944,-0.015593986903154403,0.015593986903154403,0.12177121771217712,-0.014388667376606656,0.014388667376606656,0.25
C-W4-V0042,val,commercial,4,0.5286689257785065,292,1.1475268846039715,0.46662225329942286,0.49133641961068936,0.42007727961442604,0.023638165485671728,30,0.10273972602739725,263,29.0,29.0,0.9533104800439999,0.19421640455997158,0.19421640455997158,0.44842900640576944,-0.0283517267913434,0.0283517267913434,0.03949404317180465,-0.015855877686132926,0.015855877686132926,0.11406844106463879,-0.011328715037241532,0.011328715037241532,0.25
C-W4-V0043,val,commercial,4,0.5715207642800099,148,0.4738840536151448,0.550596010569181,0.5037611612571856,0.4273317005945223,0.024140583305174993,15,0.10135135135135136,127,21.0,21.0,0.3371178688665,0.13676618474864477,0.13676618474864477,0.46801809179490134,-0.040686391200379035,0.040686391200379035,0.04955155303313239,-0.025410969727957398,0.025410969727957398,0.14960629921259844,-0.04825494786124708,0.04825494786124708,0.25
C-W4-V0044,val,commercial,4,0.5260508517049394,265,0.9731853786808493,0.527479265686476,0.49481550704266103,0.4328531361021354,0.02878321012068225,27,0.1018867924528302,286,-21.0,21.0,0.9546757616710001,0.01850961700984921,0.01850961700984921,0.4694802900418905,-0.03662715393975513,0.03662715393975513,0.037686957854036356,-0.008903747733354107,0.008903747733354107,0.11888111888111888,-0.016994326428288686,0.016994326428288686,0.25
C-W4-V0045,val,commercial,4,0.514065106202956,294,1.0743016100987326,0.5076747829819948,0.49617232142814566,0.42779470159637006,0.02260908975015319,28,0.09523809523809523,289,5.0,5.0,0.920397414294,0.15390419580473258,0.15390419580473258,0.474706911131117,-0.04691220953474695,0.04691220953474695,0.03701351960818661,-0.014404429858033418,0.014404429858033418,0.12110726643598616,-0.025869171197890922,0.025869171197890922,0.25
C-W4-V0046,val,commercial,4,0.5348823713043989,295,1.134681837155273,0.4958434154342671,0.4895017956399311,0.4269968124911527,0.023398324239741936,30,0.1016949152542373,276,19.0,19.0,0.941551928617,0.19312990853827294,0.19312990853827294,0.46913829879211333,-0.04214148630096065,0.04214148630096065,0.0385761699498862,-0.015177845710144262,0.015177845710144262,0.14855072463768115,-0.04685580938344386,0.04685580938344386,0.25
C-W4-V0047,val,commercial,4,0.5373973641012396,280,1.0225742272907012,0.5116656331012823,0.517497649516112,0.4354681973457409,0.024793125265361152,26,0.09285714285714286,248,32.0,32.0,0.8993758615354999,0.12319836575520138,0.12319836575520138,0.4638464257762867,-0.028378228430545827,0.028378228430545827,0.041014393083747894,-0.01622126781838674,0.01622126781838674,0.11290322580645161,-0.02004608294930875,0.02004608294930875,0.25
C-W4-V0048,val,commercial,4,0.5126751482714224,262,1.086723867379895,0.4736213650881448,0.4943851496640394,0.4092159694412333,0.026070623496842263,25,0.09541984732824428,248,14.0,14.0,0.928128338262,0.15859552911789487,0.15859552911789487,0.4450300189324407,-0.03581404949120742,0.03581404949120742,0.04230195892813092,-0.016231335431288657,0.016231335431288657,0.0967741935483871,-0.001354346220142813,0.001354346220142813,0.25
C-W4-V0049,val,commercial,4,0.5450075049827128,162,0.6167882336147702,0.44761046170498486,0.5369469877792361,0.44152402821938436,0.024073482176761793,17,0.10493827160493827,104,58.0,58.0,0.39862836545050007,0.21815986816427013,0.21815986816427013,0.4622604339461526,-0.02073640572676827,0.02073640572676827,0.05879283517256647,-0.03471935299580468,0.03471935299580468,0.125,-0.020061728395061734,0.020061728395061734,0.25
C-W4-V0050,val,commercial,4,0.5656911445620619,162,0.5330842386715292,0.5633445630700867,0.4906145368679714,0.4252679647952765,0.021307088008489725,20,0.12345679012345678,147,15.0,15.0,0.3788757097255661,0.1542085289459631,0.1542085289459631,0.47902435248622516,-0.05375638769094865,0.05375638769094865,0.044568317850416095,-0.02326122984192637,0.02326122984192637,0.17687074829931973,-0.05341395817586295,0.05341395817586295,0.25
C-W4-V0051,val,commercial,4,0.5245702393611523,317,0.87386101003717,0.5887707102168293,0.48788234217192283,0.42281567739384746,0.02329810615898504,38,0.11987381703470032,330,-13.0,13.0,0.7478740495235001,0.12598696051366987,0.12598696051366987,0.4399146034102674,-0.017098926016419935,0.017098926016419935,0.03372257551378943,-0.010424469354804393,0.010424469354804393,0.17272727272727273,-0.05285345569257241,0.05285345569257241,0.25
C-W4-V0052,val,commercial,4,0.5310417873991861,270,0.8223676751257879,0.5107830486381082,0.4876945793076798,0.4297733920757894,0.02454207507182182,25,0.09259259259259259,275,-5.0,5.0,0.6739339000115,0.1484337751142879,0.1484337751142879,0.4710845825397546,-0.0413111904639652,0.0413111904639652,0.03754784400739067,-0.013005768935568849,0.013005768935568849,0.13090909090909092,-0.03831649831649833,0.03831649831649833,0.25
C-W4-V0053,val,commercial,4,0.540193858086516,218,0.6263065749697361,0.523864820042044,0.5523391103269447,0.44337159634910717,0.0242612683382399,25,0.11467889908256881,223,-5.0,5.0,0.523005513473,0.10330106149673612,0.10330106149673612,0.49343122252918886,-0.050059626180081696,0.050059626180081696,0.038031836299478664,-0.013770567961238763,0.013770567961238763,0.14798206278026907,-0.033303163697700255,0.033303163697700255,0.25
C-W4-V0054,val,commercial,4,0.5139907542302552,297,0.8102957391151029,0.5017826680426395,0.5445852011743219,0.40919494860501543,0.02436131427086283,31,0.10437710437710437,313,-16.0,16.0,0.755497263629,0.05479847548610284,0.05479847548610284,0.42975969656677276,-0.020564747961757335,0.020564747961757335,0.03297823044204598,-0.00861691617118315,0.00861691617118315,0.11182108626198083,-0.007443981884876452,0.007443981884876452,0.25
C-W4-V0055,val,commercial,4,0.5383377624828307,244,0.6958958152931741,0.45460269149186733,0.5060680031348936,0.3969521972645837,0.028175196572056613,28,0.11475409836065574,277,-33.0,33.0,0.6773779545245001,0.01851786076867401,0.01851786076867401,0.43416363106725436,-0.03721143380267067,0.03721143380267067,0.034522066223231784,-0.006346869651175171,0.006346869651175171,0.11552346570397112,-0.000769367343315383,0.000769367343315383,0.25
C-W4-V0056,val,commercial,4,0.516877882550528,324,0.880502940222167,0.4463331147720807,0.5126094632799288,0.43324085522152855,0.023402832784746683,35,0.10802469135802469,301,23.0,23.0,0.7319643330894999,0.1485386071326671,0.1485386071326671,0.4573027661565805,-0.024061910935051944,0.024061910935051944,0.03564801694300745,-0.012245184158260765,0.012245184158260765,0.13953488372093023,-0.031510192362905545,0.031510192362905545,0.25
C-W4-V0057,val,commercial,4,0.5431276738837167,308,0.9240500794121645,0.4398556153181118,0.5184531151075158,0.4271182561582526,0.022329285401308775,34,0.11038961038961038,271,37.0,37.0,0.6875973088849999,0.23645277052716462,0.23645277052716462,0.44354554414632236,-0.01642728798806975,0.01642728798806975,0.03661542910042948,-0.014286143699120707,0.014286143699120707,0.13284132841328414,-0.022451718023673753,0.022451718023673753,0.25
C-W4-V0058,val,commercial,4,0.5384041291886362,290,0.8635326660991824,0.4589637567658491,0.5347104907260629,0.42530830437832584,0.020688080356427732,33,0.11379310344827587,262,28.0,28.0,0.6487652129820001,0.21476745311718237,0.21476745311718237,0.4517120024018833,-0.026403698023557465,0.026403698023557465,0.03681092358882095,-0.01612284323239322,0.01612284323239322,0.14885496183206107,-0.0350618583837852,0.0350618583837852,0.25
C-W4-V0059,val,commercial,4,0.5101979210784163,316,0.579356927159963,0.4677135138625067,0.5493480769999891,0.4414447398492468,0.02634525704484557,40,0.12658227848101267,324,-8.0,8.0,0.5602480404615,0.019108886698463,0.019108886698463,0.46573111248320986,-0.02428637263396305,0.02428637263396305,0.03344311892363271,-0.007097861878787144,0.007097861878787144,0.13580246913580246,-0.009220190654789795,0.009220190654789795,0.25
C-W4-V0060,val,commercial,4,0.5144624912086592,329,0.6228718704798495,0.45978869371948405,0.5130373700224655,0.4541484853397796,0.02555753398519152,33,0.10030395136778116,351,-22.0,22.0,0.6081213650095001,0.014750505470349395,0.014750505470349395,0.47976957277081056,-0.025621087431030976,0.025621087431030976,0.03151755528107286,-0.005960021295881343,0.005960021295881343,0.1225071225071225,-0.02220317113934135,0.02220317113934135,0.25
C-W4-V0061,val,commercial,4,0.5587516698736184,283,0.8556533084440531,0.5187835473363213,0.5036714476970923,0.4221253913378629,0.0262291460614346,28,0.0989399293286219,267,16.0,16.0,0.7333833058565001,0.12227000258755294,0.12227000258755294,0.4507981020631925,-0.028672710725329564,0.028672710725329564,0.04065596204556685,-0.014426815984132254,0.014426815984132254,0.09363295880149813,0.005306970527123769,0.005306970527123769,0.25
C-W4-V0062,val,commercial,4,0.5678994474817791,211,0.612620868575409,0.5248118689133657,0.5394256375332791,0.4408403181779461,0.031348066562405616,23,0.10900473933649289,214,-3.0,3.0,0.5865110668774999,0.026109801697909107,0.026109801697909107,0.4749179292940826,-0.0340776111161365,0.0340776111161365,0.040862809900016284,-0.009514743337610668,0.009514743337610668,0.11682242990654206,-0.007817690570049163,0.007817690570049163,0.25
C-W4-V0063,val,commercial,4,0.4976882102075687,121,0.2502863663879047,0.45135404173023075,0.5772588540807613,0.4226540052883783,0.03231779182444867,15,0.12396694214876033,134,-13.0,13.0,0.263064133044,-0.012777766656095313,0.012777766656095313,0.44459805213169157,-0.021944046843313247,0.021944046843313247,0.04425167002134921,-0.01193387819690054,0.01193387819690054,0.13432835820895522,-0.010361416060194889,0.010361416060194889,0.25
C-W5-V0001,val,commercial,5,0.5284847490085188,129,0.6872894842519457,0.499726350845177,0.4619318809244753,0.39909498542123517,0.025085408648129106,18,0.13953488372093023,117,12.0,12.0,0.5723220344895,0.11496744976244566,0.11496744976244566,0.4224367015565698,-0.023341716135334645,0.023341716135334645,0.05297158702158969,-0.027886178373460583,0.027886178373460583,0.1794871794871795,-0.03995229576624926,0.03995229576624926,0.25
C-W5-V0002,val,commercial,5,0.5445876222772476,156,0.8914666813134721,0.60547324995964,0.4534585471623219,0.34058936343672813,0.019110802746264414,23,0.14743589743589744,121,35.0,35.0,0.6275227191734999,0.2639439621399722,0.2639439621399722,0.3564252050779693,-0.01583584164124119,0.01583584164124119,0.05059877793988373,-0.031487975193619316,0.031487975193619316,0.15702479338842976,-0.009588895952532317,0.009588895952532317,0.25
C-W5-V0003,val,commercial,5,0.5493189399748777,226,1.1354400757674556,0.48765322094395824,0.5186475701877369,0.39124499847561767,0.021210287899064335,26,0.11504424778761062,167,59.0,59.0,0.8208725560550001,0.31456751971245556,0.31456751971245556,0.41334763221335513,-0.022102633737737465,0.022102633737737465,0.04668756574270064,-0.025477277843636303,0.025477277843636303,0.10778443113772455,0.007259816649886064,0.007259816649886064,0.25
C-W6-V0001,val,commercial,6,0.5314353342673078,201,1.1960121732585602,0.4548717118980391,0.5047220681140672,0.3954736674172687,0.022526766749961014,21,0.1044776119402985,145,56.0,56.0,0.8281528812605001,0.3678592919980601,0.3678592919980601,0.41287385455306475,-0.017400187135796052,0.017400187135796052,0.05051810890527085,-0.027991342155309837,0.027991342155309837,0.1103448275862069,-0.005867215645908391,0.005867215645908391,0.25
C-W6-V0002,val,commercial,6,0.5183346141787136,85,0.5965391678955757,0.33821879210060135,0.4467769637265626,0.37393727643468005,0.027316291330442593,12,0.1411764705882353,62,23.0,23.0,0.438160254726,0.1583789131695757,0.1583789131695757,0.4036284927854476,-0.029691216350767546,0.029691216350767546,0.07009350978063501,-0.04277721845019242,0.04277721845019242,0.14516129032258066,-0.003984819734345363,0.003984819734345363,0.25
C-W6-V0003,val,commercial,6,0.5201978686676231,93,0.6801311168221739,0.34075969538741535,0.49699667905287076,0.3748788319394634,0.024372123583195,12,0.12903225806451613,64,29.0,29.0,0.47371895800600006,0.2064121588161738,0.2064121588161738,0.4050423286799969,-0.03016349674053348,0.03016349674053348,0.0761190247987753,-0.0517469012155803,0.0517469012155803,0.140625,-0.011592741935483875,0.011592741935483875,0.25
C-W6-V0004,val,commercial,6,0.49622787667645346,90,0.6696327016696603,0.34750130684114994,0.4690823813693391,0.37543633857320163,0.020424946881976234,11,0.12222222222222222,65,25.0,25.0,0.46548349261335,0.2041492090563103,0.2041492090563103,0.4084430947187734,-0.03300675614557175,0.03300675614557175,0.06999141460785116,-0.049566467725874926,0.049566467725874926,0.13846153846153847,-0.01623931623931625,0.01623931623931625,0.25
C-W6-V0005,val,commercial,6,0.5284638423708421,158,0.9419834929248113,0.6269752256147847,0.5839225685082471,0.40459792031334546,0.02372868213283615,20,0.12658227848101267,124,34.0,34.0,0.7095067519865,0.23247674093831128,0.23247674093831128,0.4285877477601797,-0.023989827446834255,0.023989827446834255,0.05541444472650336,-0.031685762593667205,0.031685762593667205,0.14516129032258066,-0.01857901184156799,0.01857901184156799,0.25
C-W6-V0006,val,commercial,6,0.5042170616341572,204,1.168529959739869,0.5202221194825446,0.5537510525489993,0.4272024179896835,0.022127606404353538,25,0.12254901960784313,167,37.0,37.0,0.9841414692254999,0.18438849051436912,0.18438849051436912,0.46524160737760506,-0.03803918938792156,0.03803918938792156,0.05219457521737916,-0.030066968813025625,0.030066968813025625,0.1317365269461078,-0.009187507338264664,0.009187507338264664,0.25
C-W6-V0007,val,commercial,6,0.5141437701689892,195,1.0309026469731326,0.5383280602403177,0.5721473737309376,0.4439093163121409,0.02370743883452458,25,0.1282051282051282,162,33.0,33.0,0.9518556075525002,0.0790470394206324,0.0790470394206324,0.46771944357685785,-0.02381012726471693,0.02381012726471693,0.051352233314381844,-0.027644794479857265,0.027644794479857265,0.12345679012345678,0.0047483380816714105,0.0047483380816714105,0.25
C-W6-V0008,val,commercial,6,0.467628594122681,51,0.3229886500631278,0.4414666007254638,0.5647379373948948,0.44018098504535647,0.04025478161132306,7,0.13725490196078433,50,1.0,1.0,0.26633663784700007,0.056652012216127756,0.056652012216127756,0.48582549375716094,-0.04564450871180448,0.04564450871180448,0.07275767756971796,-0.0325028959583949,0.0325028959583949,0.16,-0.022745098039215678,0.022745098039215678,0.25
C-W6-V0009,val,commercial,6,0.5642651529873118,119,0.7856414428432068,0.6559705989701408,0.52297714139734,0.3840905500557467,0.02277732468929119,15,0.12605042016806722,98,21.0,21.0,0.5526942431329999,0.23294719971020694,0.23294719971020694,0.42104039514224306,-0.03694984508649635,0.03694984508649635,0.0573573309739725,-0.0345800062846813,0.0345800062846813,0.1836734693877551,-0.05762304921968789,0.05762304921968789,0.25
C-W6-V0010,val,commercial,6,0.5243524320815739,190,1.124546074897468,0.597953504363173,0.5198840959193675,0.4066701251904897,0.02020073450291629,21,0.11052631578947368,134,56.0,56.0,0.8101771483325,0.31436892656496807,0.31436892656496807,0.417324677500557,-0.010654552310067344,0.010654552310067344,0.05304419355122667,-0.03284345904831038,0.03284345904831038,0.12686567164179105,-0.01633935585231737,0.01633935585231737,0.25
C-W6-V0011,val,commercial,6,0.551301752960922,149,0.8774395560584851,0.5155560527865669,0.5067776079920915,0.4354633818887761,0.02149292016687141,16,0.10738255033557047,94,55.0,55.0,0.5635749405865,0.3138646154719851,0.3138646154719851,0.4619119712773797,-0.026448589388603616,0.026448589388603616,0.06236080360341827,-0.04086788343654686,0.04086788343654686,0.11702127659574468,-0.009638726260174216,0.009638726260174216,0.25
C-W6-V0012,val,commercial,6,0.5254296516653282,199,1.1710091064675825,0.5999461022303931,0.48598617338692424,0.3934909137478291,0.02524918231084392,24,0.12060301507537688,155,44.0,44.0,0.9349787096393001,0.23603039682828242,0.23603039682828242,0.41105027684054257,-0.017559363092713498,0.017559363092713498,0.05078752340863258,-0.02553834109778866,0.02553834109778866,0.12903225806451613,-0.008429242989139246,0.008429242989139246,0.25
C-W6-V0013,val,commercial,6,0.5278934978303456,168,1.0857485636449462,0.5510425257130659,0.6186619757098102,0.3866703318958082,0.01905852454698174,19,0.1130952380952381,96,72.0,72.0,0.579715555748,0.5060330078969462,0.5060330078969462,0.39395031451423257,-0.007279982618424385,0.007279982618424385,0.05914379014438492,-0.04008526559740318,0.04008526559740318,0.13541666666666666,-0.02232142857142856,0.02232142857142856,0.25
C-W6-V0014,val,commercial,6,0.5511572222778762,69,0.48082394927447025,0.7002622083477352,0.6295945675692697,0.33592841983894606,0.01585112946984315,13,0.18840579710144928,35,34.0,34.0,0.240307643634,0.24051630564047025,0.24051630564047025,0.35481601496392695,-0.018887595124980894,0.018887595124980894,0.07588478867268836,-0.06003365920284521,0.06003365920284521,0.22857142857142856,-0.040165631469979285,0.040165631469979285,0.25
C-W6-V0015,val,commercial,6,0.4750794087137495,14,0.08203194921205058,0.23647614741431816,0.4315507317494069,0.40111747423558786,0.04498519825988555,4,0.2857142857142857,11,3.0,3.0,0.06166972633099997,0.020362222881050607,0.020362222881050607,0.4418813956358736,-0.04076392140028573,0.04076392140028573,0.13991548748056873,-0.09493028922068318,0.09493028922068318,0.2727272727272727,0.012987012987012991,0.012987012987012991,0.25
C-W6-V0016,val,commercial,6,0.4946766228644879,77,0.47664306716830307,0.6787522327300016,0.654301025650718,0.33508956207094714,0.02270517464716969,16,0.2077922077922078,48,29.0,29.0,0.2704348906255,0.20620817654280305,0.20620817654280305,0.3635763142807788,-0.028486752209831656,0.028486752209831656,0.0669844812789337,-0.04427930663176401,0.04427930663176401,0.22916666666666666,-0.02137445887445885,0.02137445887445885,0.25
C-W6-V0017,val,commercial,6,0.48307409441029586,108,0.6206176327815212,0.5255035426665994,0.4792567557758755,0.4166424464362136,0.025334134567221486,16,0.14814814814814814,79,29.0,29.0,0.46686240896000003,0.15375522382152113,0.15375522382152113,0.4348293849042266,-0.018186938468013003,0.018186938468013003,0.0601483200811386,-0.034814185513917115,0.034814185513917115,0.12658227848101267,0.021565869667135473,0.021565869667135473,0.25
C-W6-V0018,val,commercial,6,0.5043592047570321,197,1.0167411940166236,0.5320887036129908,0.48809437213588486,0.39150105687566467,0.028262390866721044,19,0.09644670050761421,153,44.0,44.0,0.995382082128,0.021359111888623605,0.021359111888623605,0.40238988585084123,-0.010888828975176568,0.010888828975176568,0.05188407381102103,-0.023621682944299987,0.023621682944299987,0.0915032679738562,0.004943432533758008,0.004943432533758008,0.25
C-W6-V0019,val,commercial,6,0.5097673173810615,122,0.6420596304641876,0.4409850970574761,0.6114374281777466,0.45068097628294895,0.022921490837482465,28,0.22950819672131148,92,30.0,30.0,0.39236617959,0.2496934508741876,0.2496934508741876,0.48182131405558676,-0.031140337772637805,0.031140337772637805,0.05288563516510194,-0.029964144327619475,0.029964144327619475,0.2608695652173913,-0.03136136849607982,0.03136136849607982,0.25
C-W6-V0020,val,commercial,6,0.5180765387385783,99,0.4910122543747413,0.43107517837838394,0.6511857255051533,0.4443114781989106,0.024130305600260235,25,0.25252525252525254,84,15.0,15.0,0.363078213166,0.1279340412087413,0.1279340412087413,0.49409524275757327,-0.04978376455866268,0.04978376455866268,0.052575742641144875,-0.02844543704088464,0.02844543704088464,0.2261904761904762,0.02633477633477635,0.02633477633477635,0.25
C-W6-V0021,val,commercial,6,0.5138673159776558,191,1.0639101289925537,0.4424440730533792,0.5204157625466429,0.43253947357567807,0.023181793806961507,22,0.11518324607329843,147,44.0,44.0,0.774714152856,0.2891959761365537,0.2891959761365537,0.463387798790396,-0.03084832521471792,0.03084832521471792,0.04880517863783992,-0.02562338483087841,0.02562338483087841,0.12244897959183673,-0.007265733518538306,0.007265733518538306,0.25
C-W6-V0022,val,commercial,6,0.5130533844904792,133,0.6100048475866179,0.630995277707514,0.37857907056752454,0.4363462226632085,0.02387293084073394,24,0.18045112781954886,109,24.0,24.0,0.482946573496,0.12705827409061787,0.12705827409061787,0.4323982315143929,0.0039479911488156105,0.0039479911488156105,0.04560775281666632,-0.021734821975932378,0.021734821975932378,0.1834862385321101,-0.0030351107125612398,0.0030351107125612398,0.25
C-W6-V0023,val,commercial,6,0.500297982267469,171,0.9285583228142748,0.4765712547535349,0.7048435256495114,0.3693531135383152,0.023271241707956115,24,0.14035087719298245,116,55.0,55.0,0.682789510184,0.24576881263027472,0.24576881263027472,0.37843438215483804,-0.009081268616522864,0.009081268616522864,0.05389869506468364,-0.03062745335672752,0.03062745335672752,0.16379310344827586,-0.023442226255293408,0.023442226255293408,0.25
C-W6-V0024,val,commercial,6,0.5003327808209828,70,0.4647079598183285,0.6419784123876265,0.4489177407430751,0.4073006866238179,0.021836636175289737,12,0.17142857142857143,41,29.0,29.0,0.3116707624805,0.1530371973378285,0.1530371973378285,0.44380583195211654,-0.03650514532829863,0.03650514532829863,0.09833018739922202,-0.07649355122393228,0.07649355122393228,0.14634146341463414,0.025087108013937293,0.025087108013937293,0.25
C-W6-V0025,val,commercial,6,0.5420639698704084,120,0.6652017091687106,0.4668868964188732,0.5228434196362893,0.4608528000511859,0.023238422249633624,12,0.1,79,41.0,41.0,0.41184893174149995,0.25335277742721063,0.25335277742721063,0.49367355480575925,-0.032820754754573356,0.032820754754573356,0.06740609167840095,-0.04416766942876732,0.04416766942876732,0.12658227848101267,-0.02658227848101266,0.02658227848101266,0.25
C-W6-V0026,val,commercial,6,0.5167592858173409,196,1.0401480298058214,0.6153445939191294,0.4061817456778063,0.38959819229649634,0.023865586015439665,24,0.12244897959183673,144,52.0,52.0,0.694917630112,0.3452303996938214,0.3452303996938214,0.42450850109304644,-0.034910308796550105,0.034910308796550105,0.048671370255590846,-0.02480578424015118,0.02480578424015118,0.1597222222222222,-0.03727324263038548,0.03727324263038548,0.25
C-W6-V0027,val,commercial,6,0.49871377956464097,207,1.1128667932395686,0.6183590303796033,0.44816516791492844,0.40353107508871716,0.019225670964572197,29,0.14009661835748793,139,68.0,68.0,0.6731313772659999,0.4397354159735687,0.4397354159735687,0.41862930622205763,-0.015098231133340467,0.015098231133340467,0.048693767245704164,-0.029468096281131968,0.029468096281131968,0.1366906474820144,0.003405970875473535,0.003405970875473535,0.25
C-W6-V0028,val,commercial,6,0.5306326292884287,191,1.0535874610252585,0.6051610229215073,0.5050821959172712,0.430539774350899,0.02038355856085681,25,0.13089005235602094,120,71.0,71.0,0.6294529893530001,0.4241344716722584,0.4241344716722584,0.41788843063698816,0.012651343713910856,0.012651343713910856,0.05985594931665225,-0.03947239075579544,0.03947239075579544,0.16666666666666666,-0.035776614310645716,0.035776614310645716,0.25
C-W6-V0029,val,commercial,6,0.5247458915405085,203,1.1226819875879865,0.6112035050015585,0.4827923730034106,0.42139825165477607,0.0191843146043735,30,0.1477832512315271,117,86.0,86.0,0.6796460973569999,0.44303589023098666,0.44303589023098666,0.420303472364559,0.0010947792902170628,0.0010947792902170628,0.055501684041234414,-0.03631736943686091,0.03631736943686091,0.18803418803418803,-0.040250936802660925,0.040250936802660925,0.25
C-W6-V0030,val,commercial,6,0.5362285026816822,229,1.2293949852944661,0.5772557861972845,0.49128527049479526,0.4294643059703611,0.020363061680865928,25,0.1091703056768559,163,66.0,66.0,0.893108073854,0.3362869114404661,0.3362869114404661,0.43702349244769656,-0.0075591864773354445,0.0075591864773354445,0.050621623549086524,-0.030258561868220596,0.030258561868220596,0.12883435582822086,-0.019664050151364965,0.019664050151364965,0.25
C-W6-V0031,val,commercial,6,0.5132117666877233,52,0.3544953023469474,0.7295404321764811,0.6991027598627485,0.2873126264822039,0.027912874405184508,10,0.19230769230769232,30,22.0,22.0,0.22382090393500004,0.1306743984119474,0.1306743984119474,0.2661244636614751,0.02118816282072883,0.02118816282072883,0.09090106998507376,-0.06298819557988924,0.06298819557988924,0.23333333333333334,-0.04102564102564102,0.04102564102564102,0.25
C-W6-V0032,val,commercial,6,,0,0.0,,,,,0,0.0,3,-3.0,3.0,0.009082708390999998,-0.009082708390999998,0.009082708390999998,0.11874407883717357,,,0.11964290591542721,,,0.6666666666666666,-0.6666666666666666,0.6666666666666666,0.25
C-W6-V0033,val,commercial,6,0.29807568589846295,3,0.0042858490566983695,0.42391593381762505,0.7479220231374105,0.43050015679362014,0.4604139396091073,1,0.3333333333333333,4,-1.0,1.0,0.013883625327999994,-0.009597776271301624,0.009597776271301624,0.08788938431453196,0.34261077247908817,0.34261077247908817,0.07510568492672334,0.38530825468238394,0.38530825468238394,1.0,-0.6666666666666667,0.6666666666666667,0.25
C-W6-V0034,val,commercial,6,0.4853146385418977,213,1.257301196846314,0.42172378032389557,0.5264457171791596,0.4235363326075063,0.024534273813264375,28,0.13145539906103287,150,63.0,63.0,0.831384635937,0.42591656090931396,0.42591656090931396,0.41636605661338805,0.007170275994118236,0.007170275994118236,0.05349174319365371,-0.028957469380389338,0.028957469380389338,0.14666666666666667,-0.015211267605633794,0.015211267605633794,0.25
C-W6-V0035,val,commercial,6,0.5392093684138923,174,1.1188734146626096,0.5525378842955861,0.5009726388058786,0.39357544485791757,0.02226261412524296,19,0.10919540229885058,122,52.0,52.0,0.758153924287,0.3607194903756096,0.3607194903756096,0.4131091276957093,-0.01953368283779172,0.01953368283779172,0.053855116491035304,-0.03159250236579235,0.03159250236579235,0.13114754098360656,-0.021952138684755984,0.021952138684755984,0.25
C-W6-V0036,val,commercial,6,0.49896038577837104,170,0.9837701311957271,0.4481331619516234,0.530349641556249,0.39621408634399896,0.026301143064006084,20,0.11764705882352941,120,50.0,50.0,0.7258287972515001,0.257941333944227,0.257941333944227,0.4274922301127024,-0.031278143768703415,0.031278143768703415,0.06249779321277559,-0.03619665014876951,0.03619665014876951,0.10833333333333334,0.009313725490196073,0.009313725490196073,0.25
C-W6-V0037,val,commercial,6,0.484178810919586,152,0.943340965143826,0.5604227868055827,0.5637403771550836,0.38572753941925114,0.0247559724571359,16,0.10526315789473684,122,30.0,30.0,0.7532762563265001,0.19006470881732596,0.19006470881732596,0.41328969950538386,-0.027562160086132714,0.027562160086132714,0.05242633765392699,-0.027670365196791093,0.027670365196791093,0.12295081967213115,-0.01768766177739431,0.01768766177739431,0.25
C-W6-V0038,val,commercial,6,0.4911757489730572,145,0.9151546101264038,0.5326028173468236,0.5214547853916883,0.3962705361912713,0.032235162217480795,14,0.09655172413793103,122,23.0,23.0,0.7209023627114999,0.19425224741490388,0.19425224741490388,0.4051934009306428,-0.008922864739371539,0.008922864739371539,0.05369160811239164,-0.021456445894910844,0.021456445894910844,0.11475409836065574,-0.018202374222724707,0.018202374222724707,0.25
C-W6-V0039,val,commercial,6,0.5262813009697982,198,0.9789336329894345,0.5267547566109723,0.5831094480618232,0.4380299662821288,0.02578060625820567,25,0.12626262626262627,168,30.0,30.0,0.9413334662034999,0.037600166785934586,0.037600166785934586,0.4579910637859558,-0.019961097503826963,0.019961097503826963,0.0496093100462463,-0.023828703788040632,0.023828703788040632,0.11904761904761904,0.00721500721500723,0.00721500721500723,0.25
C-W6-V0040,val,commercial,6,0.5007523370416541,190,0.9972783394530402,0.5040776096553983,0.589899450599363,0.44639547512655925,0.028549766298551917,21,0.11052631578947368,169,21.0,21.0,0.9017121633490001,0.09556617610404017,0.09556617610404017,0.4691511224679868,-0.022755647341427543,0.022755647341427543,0.05018051044960242,-0.021630744151050506,0.021630744151050506,0.11242603550295859,-0.0018997197134849042,0.0018997197134849042,0.25
C-W6-V0041,val,commercial,6,0.5103012305378114,149,0.8315761879886803,0.6938463335969304,0.5618994961924001,0.3986448794235663,0.019729128323891038,23,0.15436241610738255,109,40.0,40.0,0.64062492932,0.19095125866868023,0.19095125866868023,0.406246546005636,-0.007601666582069677,0.007601666582069677,0.058507741255618334,-0.038778612931727297,0.038778612931727297,0.1743119266055046,-0.019949510498122047,0.019949510498122047,0.25
C-W6-V0042,val,commercial,6,0.5133145959036691,175,0.9598306262099205,0.47346783539014203,0.5355254656608616,0.4384822098895301,0.02207197782395475,19,0.10857142857142857,139,36.0,36.0,0.6972308624225,0.26259976378742056,0.26259976378742056,0.4614330639553221,-0.022950854065792003,0.022950854065792003,0.052209374837994205,-0.030137397014039453,0.030137397014039453,0.12949640287769784,-0.020924974306269273,0.020924974306269273,0.25
C-W6-V0043,val,commercial,6,0.5345382818859585,181,1.0803202296001941,0.476131823878653,0.49833246231984696,0.4309102207544797,0.026574954891199255,23,0.1270718232044199,155,26.0,26.0,0.8033060232645,0.2770142063356942,0.2770142063356942,0.4698494503608969,-0.038939229606417214,0.038939229606417214,0.052324596229862005,-0.02574964133866275,0.02574964133866275,0.13548387096774195,-0.00841204776332205,0.00841204776332205,0.25
C-W6-V0044,val,commercial,6,0.5147423460148275,192,1.1144360616583782,0.4695985426272576,0.49975003743505414,0.4407260853701088,0.022676854405897312,20,0.10416666666666667,148,44.0,44.0,0.7926441561840001,0.3217919054743781,0.3217919054743781,0.4607300741669651,-0.020003988796856276,0.020003988796856276,0.04984612936340758,-0.027169274957510266,0.027169274957510266,0.11486486486486487,-0.0106981981981982,0.0106981981981982,0.25
C-W6-V0045,val,commercial,6,0.5213845293772849,171,0.9669979070172189,0.4050873701368072,0.5417200583114958,0.43031520948143137,0.023306942138015745,21,0.12280701754385964,141,30.0,30.0,0.7822225042915,0.1847754027257189,0.1847754027257189,0.4525648108786481,-0.02224960139721671,0.02224960139721671,0.052422306070513326,-0.02911536393249758,0.02911536393249758,0.1347517730496454,-0.011944755505785748,0.011944755505785748,0.25
C-W6-V0046,val,commercial,6,0.5309029401658656,91,0.598433324609013,0.6193898834062965,0.6727398735890676,0.34622638444778436,0.0243649805348976,14,0.15384615384615385,67,24.0,24.0,0.42465895244999996,0.17377437215901304,0.17377437215901304,0.371424793926029,-0.025198409478244643,0.025198409478244643,0.06289267183980095,-0.03852769130490335,0.03852769130490335,0.16417910447761194,-0.010332950631458088,0.010332950631458088,0.25
C-W6-V0047,val,commercial,6,0.5318875344104419,219,1.1011248987703923,0.43624480229857715,0.4603628816091579,0.4453930679528641,0.026023721684148123,24,0.1095890410958904,192,27.0,27.0,0.9466843369670002,0.15444056180339216,0.15444056180339216,0.4581076144087239,-0.012714546455859788,0.012714546455859788,0.04713167211784366,-0.021107950433695535,0.021107950433695535,0.13020833333333334,-0.020619292237442938,0.020619292237442938,0.25
C-W6-V0048,val,commercial,6,0.5053372682483347,222,1.2450028246366747,0.4879051676095539,0.5313645750787612,0.42637547234854967,0.0231991765147539,25,0.11261261261261261,185,37.0,37.0,0.9501451152390001,0.29485770939767453,0.29485770939767453,0.46287641059890033,-0.03650093825035067,0.03650093825035067,0.04872259968580861,-0.02552342317105471,0.02552342317105471,0.10810810810810811,0.0045045045045045,0.0045045045045045,0.25
C-W6-V0049,val,commercial,6,0.5193233046453324,213,1.1632882284062944,0.4924693878132308,0.542517893733413,0.43364860756888457,0.025371206454030154,19,0.0892018779342723,189,24.0,24.0,0.9579203863995001,0.20536784200679437,0.20536784200679437,0.4703269520169748,-0.036678344448090205,0.036678344448090205,0.04651654050489192,-0.021145334050861768,0.021145334050861768,0.13227513227513227,-0.04307325434085997,0.04307325434085997,0.25
C-W6-V0050,val,commercial,6,0.5244062655909931,211,1.1934226468844134,0.4862878908650393,0.499331310779845,0.4249488784063317,0.024474052088251486,22,0.10426540284360189,167,44.0,44.0,0.9380118858020001,0.25541076108241323,0.25541076108241323,0.4561829026002701,-0.031234024193938392,0.031234024193938392,0.05158207053251691,-0.027108018444265428,0.027108018444265428,0.12574850299401197,-0.021483100150410078,0.021483100150410078,0.25
C-W6-V0051,val,commercial,6,0.49501265838210073,224,1.2347893327936887,0.5046749979602672,0.5199424645647274,0.43061056653528706,0.02398724140329916,22,0.09821428571428571,173,51.0,51.0,0.9586536044465,0.2761357283471887,0.2761357283471887,0.46435717850303043,-0.03374661196774337,0.03374661196774337,0.05068796517850033,-0.026700723775201166,0.026700723775201166,0.12138728323699421,-0.023172997522708502,0.023172997522708502,0.25
C-W6-V0052,val,commercial,6,0.5413904373462384,195,1.0621830398010008,0.5309579449061018,0.5265302877873183,0.4452897073706329,0.028133711845543148,21,0.1076923076923077,175,20.0,20.0,0.9384446749825001,0.12373836481850076,0.12373836481850076,0.4646797216953601,-0.0193900143247272,0.0193900143247272,0.05035282512815872,-0.02221911328261557,0.02221911328261557,0.13714285714285715,-0.02945054945054945,0.02945054945054945,0.25
C-W6-V0053,val,commercial,6,0.527764926109408,203,1.0989465652958974,0.5187663313992358,0.5223847929424987,0.43840031703277027,0.025772363016666747,21,0.10344827586206896,179,24.0,24.0,0.937632295719,0.16131426957689743,0.16131426957689743,0.4604681272917849,-0.02206781025901461,0.02206781025901461,0.04837309048303357,-0.022600727466366825,0.022600727466366825,0.11731843575418995,-0.013870159892120981,0.013870159892120981,0.25
C-W6-V0054,val,commercial,6,0.5234649126466951,190,1.0867086390900438,0.5038523093160046,0.4858870386195026,0.4301058959754604,0.025875616315307878,19,0.1,162,28.0,28.0,0.919234694116,0.16747394497404378,0.16747394497404378,0.46213461291540303,-0.032028716939942636,0.032028716939942636,0.051758294609684896,-0.02588267829437702,0.02588267829437702,0.11728395061728394,-0.01728395061728394,0.01728395061728394,0.25
C-W6-V0055,val,commercial,6,0.5341289304769956,130,0.7796835970921467,0.5134004218145631,0.5417506918024558,0.4093819443205259,0.029862879916807396,15,0.11538461538461539,107,23.0,23.0,0.664527632716,0.11515596437614672,0.11515596437614672,0.4339223770016012,-0.024540432681075308,0.024540432681075308,0.0558857504429994,-0.026022870526192003,0.026022870526192003,0.12149532710280374,-0.006110711718188347,0.006110711718188347,0.25
C-W6-V0056,val,commercial,6,0.5267933274570265,190,1.1239617108342315,0.5077440799704116,0.5418363799880209,0.4055390085279669,0.02825050310099555,17,0.08947368421052632,159,31.0,31.0,0.9496751428624999,0.1742865679717316,0.1742865679717316,0.4304951434738864,-0.024956134945919473,0.024956134945919473,0.051957763504969806,-0.023707260403974258,0.023707260403974258,0.1069182389937107,-0.01744455478318438,0.01744455478318438,0.25
C-W6-V0057,val,commercial,6,0.4691466588723032,95,0.692571912327325,0.3591438157680003,0.4400927617361671,0.3820006541297152,0.021527225087079008,12,0.12631578947368421,62,33.0,33.0,0.45989753848350007,0.2326743738438249,0.2326743738438249,0.4040098325726763,-0.02200917844296113,0.02200917844296113,0.07439272553693088,-0.052865500449851874,0.052865500449851874,0.12903225806451613,-0.002716468590831911,0.002716468590831911,0.25
C-W6-V0058,val,commercial,6,0.427127649076283,64,0.33978888840436305,0.7839386962587014,0.5442517607007176,0.33278087282438534,0.027144634031619486,18,0.28125,48,16.0,16.0,0.24347366431400003,0.09631522409036303,0.09631522409036303,0.31501938526130585,0.017761487563079492,0.017761487563079492,0.06340004148467697,-0.036255407453057484,0.036255407453057484,0.3541666666666667,-0.07291666666666669,0.07291666666666669,0.25
C-W6-V0059,val,commercial,6,0.4980361945927143,16,0.10523569005305339,0.49676002873457037,0.4883990800008178,0.4209977250895304,0.0434163427618341,5,0.3125,9,7.0,7.0,0.09430558946700004,0.010930100586053343,0.010930100586053343,0.3584748090821294,0.06252291600740095,0.06252291600740095,0.14694359526312867,-0.10352725250129458,0.10352725250129458,0.3333333333333333,-0.020833333333333315,0.020833333333333315,0.25
C-W6-V0060,val,commercial,6,0.5181174464039988,77,0.47578670232771636,0.6193636327909379,0.5807147802325425,0.417133101171505,0.029842084305580482,12,0.15584415584415584,56,21.0,21.0,0.323135284471,0.15265141785671638,0.15265141785671638,0.45970886756599927,-0.042575766394494285,0.042575766394494285,0.07482927612301193,-0.04498719181743145,0.04498719181743145,0.17857142857142858,-0.022727272727272735,0.022727272727272735,0.25
C-W6-V0061,val,commercial,6,0.4933074933122581,142,0.8073604383802125,0.38453432649675706,0.48820180550847253,0.4308028335102426,0.02377715963365616,21,0.14788732394366197,96,46.0,46.0,0.544610347877,0.2627500905032125,0.2627500905032125,0.46526541990976567,-0.03446258639952304,0.03446258639952304,0.0581229200030365,-0.03434576036938034,0.03434576036938034,0.1875,-0.03961267605633803,0.03961267605633803,0.25
C-W6-V0062,val,commercial,6,0.5391323217651346,182,0.9707835885843684,0.5394446384622255,0.5473527712031052,0.4426298203042629,0.03134408035400686,25,0.13736263736263737,164,18.0,18.0,0.9533340457364999,0.017449542847868482,0.017449542847868482,0.4652308613306653,-0.022601041026402424,0.022601041026402424,0.0510092622469131,-0.01966518189290624,0.01966518189290624,0.12195121951219512,0.015411417850442255,0.015411417850442255,0.25
P-W1-V0001,val,prototype,1,0.3805336531251669,80,0.10529588109468353,0.6849402517080307,0.6811201073229313,0.17823715669004683,0.024367533153042863,24,0.3,87,-7.0,7.0,0.09813541336700002,0.007160467727683514,0.007160467727683514,0.18508425052273542,-0.006847093832688583,0.006847093832688583,0.026913283079924178,-0.0025457499268813147,0.0025457499268813147,0.2988505747126437,0.0011494252873562871,0.0011494252873562871,0.15
P-W1-V0002,val,prototype,1,0.334017367909352,60,0.06597015038891126,0.7158228754997253,0.6846710547804833,0.1940717998032065,0.026534507572294638,14,0.23333333333333334,83,-23.0,23.0,0.07912086155400004,-0.013150711165088785,0.013150711165088785,0.20813556899980945,-0.01406376919660296,0.01406376919660296,0.025843617767386296,0.0006908898049083415,0.0006908898049083415,0.2289156626506024,0.00441767068273094,0.00441767068273094,0.15
P-W1-V0003,val,prototype,1,0.3347783520965293,101,0.0853157541990697,0.6974848809808788,0.7204217798639052,0.17584985261305863,0.019089531806878706,33,0.32673267326732675,97,4.0,4.0,0.08165241371400002,0.00366334048506968,0.00366334048506968,0.1917711735984233,-0.015921320985364668,0.015921320985364668,0.025023519251015317,-0.005933987444136611,0.005933987444136611,0.35051546391752575,-0.023782790650199004,0.023782790650199004,0.15
P-W1-V0004,val,prototype,1,0.29837552924950916,75,0.07759742899062083,0.6644988242785136,0.6931228665510814,0.17876551598978305,0.025533118097604106,28,0.37333333333333335,95,-20.0,20.0,0.07541154668200008,0.002185882308620754,0.002185882308620754,0.19370575671947085,-0.014940240729687804,0.014940240729687804,0.02431122696957155,0.001221891128032556,0.001221891128032556,0.42105263157894735,-0.047719298245613995,0.047719298245613995,0.15
P-W1-V0005,val,prototype,1,0.3337188753250398,76,0.0736235160529528,0.6994582218559164,0.7300385185762456,0.17246481598296823,0.027428745394725115,27,0.35526315789473684,94,-18.0,18.0,0.07984140501600005,-0.006217888963047258,0.006217888963047258,0.18487717777227697,-0.01241236178930874,0.01241236178930874,0.026725420100320186,0.0007033252944049287,0.0007033252944049287,0.3404255319148936,0.014837625979843228,0.014837625979843228,0.15
P-W1-V0006,val,prototype,1,0.3649626488554968,73,0.06734023903319733,0.6527379326624413,0.646204900659927,0.16898350605926823,0.020925166603087558,33,0.4520547945205479,80,-7.0,7.0,0.06788504444500004,-0.0005448054118027124,0.0005448054118027124,0.18372465902580573,-0.014741152966537496,0.014741152966537496,0.026520800384984826,-0.005595633781897268,0.005595633781897268,0.3375,0.1145547945205479,0.1145547945205479,0.15
P-W1-V0007,val,prototype,1,0.3431464864148034,81,0.07998778935677897,0.6612042917145623,0.6616152440324242,0.17544898561156175,0.01980606401444352,26,0.32098765432098764,77,4.0,4.0,0.07432144508100005,0.005666344275778917,0.005666344275778917,0.18203296402973604,-0.006583978418174291,0.006583978418174291,0.02645096326485411,-0.006644899250410587,0.006644899250410587,0.3246753246753247,-0.003687670354337036,0.003687670354337036,0.15
P-W1-V0008,val,prototype,1,0.3246327744288878,55,0.046853371361886935,0.29747835424813357,0.5134262843565507,0.17603079733579355,0.031017364223807884,19,0.34545454545454546,90,-35.0,35.0,0.05934586697700002,-0.012492495615113085,0.012492495615113085,0.19140438230046575,-0.015373584964672199,0.015373584964672199,0.022818569320334048,0.008198794903473836,0.008198794903473836,0.32222222222222224,0.023232323232323215,0.023232323232323215,0.15
P-W1-V0009,val,prototype,1,0.2952552729182773,45,0.03617631459560531,0.30262418025069765,0.5288615398936801,0.17895710763822348,0.031527315707555466,16,0.35555555555555557,89,-44.0,44.0,0.053718860224000006,-0.017542545628394697,0.017542545628394697,0.20025394073161543,-0.021296833093391948,0.021296833093391948,0.02076594244103799,0.010761373266517476,0.010761373266517476,0.4044943820224719,-0.04893882646691633,0.04893882646691633,0.15
P-W1-V0010,val,prototype,1,0.3198265519834334,62,0.047814427465209836,0.2924901194149448,0.5318180625477145,0.17577499424161705,0.025789349669157743,20,0.3225806451612903,83,-21.0,21.0,0.06253981647300001,-0.014725389007790177,0.014725389007790177,0.19505173892502473,-0.019276744683407676,0.019276744683407676,0.02286942433619089,0.0029199253329668523,0.0029199253329668523,0.3855421686746988,-0.0629615235134085,0.0629615235134085,0.15
P-W1-V0011,val,prototype,1,0.3392955918929407,56,0.04469786275792825,0.2917189289416586,0.4807876891323498,0.18097180919975894,0.026841082308439772,22,0.39285714285714285,74,-18.0,18.0,0.06068267739300002,-0.015984814635071766,0.015984814635071766,0.18732211358447445,-0.0063503043847155105,0.0063503043847155105,0.026105658928065822,0.00073542338037395,0.00073542338037395,0.4189189189189189,-0.026061776061776065,0.026061776061776065,0.15
P-W1-V0012,val,prototype,1,0.3441337822140127,69,0.05422605707737149,0.31040760972604586,0.5085432206590971,0.19302033960760484,0.030857706768128188,26,0.37681159420289856,90,-21.0,21.0,0.06968556425700001,-0.015459507179628518,0.015459507179628518,0.1817993714145138,0.011220968193091041,0.011220968193091041,0.023034059596312502,0.007823647171815686,0.007823647171815686,0.4,-0.023188405797101463,0.023188405797101463,0.15
P-W1-V0013,val,prototype,1,0.28725402390778954,67,0.08360282762620067,0.6617654410760794,0.668766159619858,0.18976515892003423,0.024954021861061597,21,0.31343283582089554,85,-18.0,18.0,0.0869328243830001,-0.0033299967567994304,0.0033299967567994304,0.19606294245008252,-0.006297783530048284,0.006297783530048284,0.026063723012783847,-0.0011097011517222505,0.0011097011517222505,0.3058823529411765,0.007550482879719045,0.007550482879719045,0.15
P-W1-V0014,val,prototype,1,0.2843810873918044,39,0.016934459282368627,0.2709071941864796,0.563132032369956,0.15906571347060244,0.025358700840413702,13,0.3333333333333333,79,-40.0,40.0,0.04219830356800001,-0.02526384428563138,0.02526384428563138,0.1728184205644885,-0.013752707093886068,0.013752707093886068,0.02288425061463322,0.0024744502257804807,0.0024744502257804807,0.379746835443038,-0.046413502109704685,0.046413502109704685,0.15
P-W1-V0015,val,prototype,1,0.2159225155909856,15,0.007441197453905028,0.2873104492823283,0.5857873320579529,0.15927541833289313,0.04800398226652632,7,0.4666666666666667,70,-55.0,55.0,0.04291919625800003,-0.035477998804095,0.035477998804095,0.14513662856778947,0.01413878976510366,0.01413878976510366,0.021850533756518686,0.026153448510007636,0.026153448510007636,0.44285714285714284,0.023809523809523836,0.023809523809523836,0.15
P-W1-V0016,val,prototype,1,0.24683485511276457,18,0.008600127335996752,0.2845543266998397,0.5520577712191476,0.13692470616758806,0.04217271664711783,9,0.5,48,-30.0,30.0,0.02790133221499999,-0.01930120487900324,0.01930120487900324,0.14685652937654597,-0.009931823208957913,0.009931823208957913,0.023661966356890562,0.01851075029022727,0.01851075029022727,0.5,0.0,0.0,0.15
P-W1-V0017,val,prototype,1,0.18905248712090886,17,0.007736581634368661,0.2782595403054181,0.5985179403248955,0.14369234360325497,0.04200460367301855,7,0.4117647058823529,58,-41.0,41.0,0.03437029758800002,-0.026633715953631357,0.026633715953631357,0.1682129536595461,-0.024520610056291137,0.024520610056291137,0.023150864718548648,0.018853738954469904,0.018853738954469904,0.4482758620689655,-0.0365111561866126,0.0365111561866126,0.15
P-W1-V0018,val,prototype,1,0.25511251351772213,39,0.018747409002593855,0.2965164921986751,0.5973652990964743,0.14018065048173506,0.032103552147234204,20,0.5128205128205128,73,-34.0,34.0,0.04181543908200005,-0.023068030079406193,0.023068030079406193,0.16175387715017847,-0.021573226668443413,0.021573226668443413,0.021174926354192856,0.010928625793041349,0.010928625793041349,0.3424657534246575,0.17035475939585526,0.17035475939585526,0.15
P-W1-V0019,val,prototype,1,0.20079931074922736,11,0.004729752404494109,0.2851775139570236,0.6523434682325884,0.09380288457903917,0.03976031872165998,8,0.7272727272727273,66,-55.0,55.0,0.041541465028000026,-0.03681171262350592,0.03681171262350592,0.16806602591309416,-0.074263141334055,0.074263141334055,0.022191863216822698,0.01756845550483728,0.01756845550483728,0.3181818181818182,0.4090909090909091,0.4090909090909091,0.15
P-W1-V0020,val,prototype,1,0.2732024982019707,27,0.012364394890093791,0.30058935394993536,0.6589395944718961,0.09977659182728028,0.02631678093543957,21,0.7777777777777778,75,-48.0,48.0,0.04477266871100002,-0.032408273820906226,0.032408273820906226,0.18240209040652433,-0.08262549857924405,0.08262549857924405,0.021683513938709518,0.004633266996730053,0.004633266996730053,0.3466666666666667,0.4311111111111111,0.4311111111111111,0.15
P-W1-V0021,val,prototype,1,0.21470379626209085,22,0.0101419485162085,0.2776204246011647,0.5461159524592486,0.1652840520143496,0.03906081249477484,6,0.2727272727272727,67,-45.0,45.0,0.04180898059400002,-0.03166703207779152,0.03166703207779152,0.17317691787516679,-0.007892865860817194,0.007892865860817194,0.025836279779852308,0.013224532714922532,0.013224532714922532,0.31343283582089554,-0.04070556309362283,0.04070556309362283,0.15
P-W1-V0022,val,prototype,1,0.3593766566585092,34,0.02283518796646064,0.31253695882418575,0.5670303395565819,0.1563394248330689,0.03098679161576572,13,0.38235294117647056,86,-52.0,52.0,0.05153653605200001,-0.02870134808553937,0.02870134808553937,0.20048046921736593,-0.04414104438429703,0.04414104438429703,0.020098183920196418,0.010888607695569302,0.010888607695569302,0.43023255813953487,-0.04787961696306431,0.04787961696306431,0.15
P-W1-V0023,val,prototype,1,0.3520306086136123,59,0.04893108409390631,0.32289144523062946,0.5615085873563411,0.17992877890887543,0.0224144353730888,25,0.423728813559322,85,-26.0,26.0,0.05515737918800003,-0.006226295094093719,0.006226295094093719,0.1923201336084435,-0.012391354699568063,0.012391354699568063,0.020710148405827588,0.0017042869672612114,0.0017042869672612114,0.43529411764705883,-0.011565304087736816,0.011565304087736816,0.15
P-W1-V0024,val,prototype,1,0.34344211526406115,78,0.05978161374173132,0.3300339724773016,0.5210019846757253,0.17252453922927777,0.020634088774831385,34,0.4358974358974359,94,-16.0,16.0,0.06060635573000001,-0.0008247419882686929,0.0008247419882686929,0.17969523089472214,-0.007170691665444373,0.007170691665444373,0.021975100917341304,-0.0013410121425099196,0.0013410121425099196,0.43617021276595747,-0.0002727768685215626,0.0002727768685215626,0.15
P-W1-V0025,val,prototype,1,0.3625952270510909,77,0.05551170788304119,0.3122774525122209,0.5270580641635052,0.18432734495219527,0.025169154228305304,29,0.37662337662337664,96,-19.0,19.0,0.06081102642900003,-0.005299318545958838,0.005299318545958838,0.18719585905138383,-0.0028685140991885627,0.0028685140991885627,0.021974390069905887,0.003194764158399418,0.003194764158399418,0.34375,0.03287337662337664,0.03287337662337664,0.15
P-W1-V0026,val,prototype,1,0.3382999732469519,48,0.041354530963051,0.3090227711945772,0.5087123519430558,0.17636145458042424,0.02959482597433441,16,0.3333333333333333,85,-37.0,37.0,0.05879236504600002,-0.017437834082949022,0.017437834082949022,0.2009690401954411,-0.024607585615016858,0.024607585615016858,0.02141321478153657,0.008181611192797839,0.008181611192797839,0.35294117647058826,-0.019607843137254943,0.019607843137254943,0.15
P-W1-V0027,val,prototype,1,0.32764278256124063,31,0.023595624488160973,0.2943723778570852,0.47817493158002056,0.17190726065134865,0.03911704203610587,13,0.41935483870967744,83,-52.0,52.0,0.04839755316500004,-0.024801928676839065,0.024801928676839065,0.19887328356547057,-0.026966022914121923,0.026966022914121923,0.022035624438835118,0.017081417597270755,0.017081417597270755,0.3493975903614458,0.06995724834823164,0.06995724834823164,0.15
P-W1-V0028,val,prototype,1,0.3055709503417791,43,0.031835323207233125,0.3074190363634464,0.5163517798795256,0.17274485534651282,0.03414521457440969,14,0.32558139534883723,89,-46.0,46.0,0.05464612712200001,-0.022810803914766885,0.022810803914766885,0.19954236141201093,-0.026797506065498106,0.026797506065498106,0.02100720065646415,0.013138013917945536,0.013138013917945536,0.43820224719101125,-0.11262085184217402,0.11262085184217402,0.15
P-W1-V0029,val,prototype,1,0.33144530592715904,73,0.07100991517269725,0.6909599883915627,0.6964642405509949,0.1890416114920558,0.022639957147108942,27,0.3698630136986301,92,-19.0,19.0,0.07938522511600009,-0.008375309943302836,0.008375309943302836,0.1923989189392629,-0.0033573074472070807,0.0033573074472070807,0.026717922082944264,-0.004077964935835322,0.004077964935835322,0.3695652173913043,0.00029779630732579276,0.00029779630732579276,0.15
P-W1-V0030,val,prototype,1,0.33551327257916547,69,0.06768342262023515,0.6754999238511791,0.7064909909082495,0.18138358965375412,0.026914838980828373,27,0.391304347826087,92,-23.0,23.0,0.07676086545100005,-0.009077442830764906,0.009077442830764906,0.2076668280125143,-0.026283238358760175,0.026283238358760175,0.028620025265420134,-0.0017051862845917608,0.0017051862845917608,0.391304347826087,0.0,0.0,0.15
P-W1-V0031,val,prototype,1,0.3439141299989488,90,0.0822156835272468,0.6871140877405802,0.7019836233721839,0.18245936437010557,0.02083396277144687,31,0.34444444444444444,95,-5.0,5.0,0.08066277588451998,0.0015529076427268224,0.0015529076427268224,0.1902941294841013,-0.007834765113995723,0.007834765113995723,0.02661558377324679,-0.005781621001799922,0.005781621001799922,0.3263157894736842,0.018128654970760216,0.018128654970760216,0.15
P-W1-V0032,val,prototype,1,0.3899015263599508,85,0.07984226994423305,0.6810081743142185,0.7087343678754918,0.1833502084361727,0.028146699778944358,35,0.4117647058823529,94,-9.0,9.0,0.08135521495000007,-0.0015129450057670274,0.0015129450057670274,0.18781654467597955,-0.004466336239806856,0.004466336239806856,0.02590232349182428,0.002244376287120077,0.002244376287120077,0.3723404255319149,0.039424280350438046,0.039424280350438046,0.15
P-W1-V0033,val,prototype,1,0.2802901470826732,36,0.025302478862451204,0.33860759023163056,0.5865015693836741,0.16186394433501067,0.02332237392537663,20,0.5555555555555556,77,-41.0,41.0,0.04656318586000002,-0.02126070699754882,0.02126070699754882,0.19956471071079718,-0.03770076637578651,0.03770076637578651,0.021235193845409506,0.002087180079967124,0.002087180079967124,0.38961038961038963,0.16594516594516595,0.16594516594516595,0.15
P-W1-V0034,val,prototype,1,0.31084282237749833,65,0.045960988438056544,0.3116971616561596,0.560948611681278,0.15923810226369278,0.01811476244572906,27,0.4153846153846154,87,-22.0,22.0,0.05365610347100001,-0.00769511503294347,0.00769511503294347,0.19069276493329282,-0.031454662669600036,0.031454662669600036,0.02203729836503352,-0.00392253591930446,0.00392253591930446,0.3333333333333333,0.08205128205128209,0.08205128205128209,0.15
P-W1-V0035,val,prototype,1,0.34753238052538,73,0.08387988102121895,0.6788821922589655,0.6828155971757354,0.19862951375453594,0.02925010903249334,26,0.3561643835616438,93,-20.0,20.0,0.08328107282200001,0.0005988081992189392,0.0005988081992189392,0.19848368872352987,0.0001458250310060749,0.0001458250310060749,0.025277889186482813,0.003972219846010528,0.003972219846010528,0.3870967741935484,-0.03093239063190456,0.03093239063190456,0.15
P-W1-V0036,val,prototype,1,0.3745606645762202,83,0.10851968748852822,0.6898863171956625,0.6937787317367922,0.18138530938078457,0.024698458771605977,29,0.3493975903614458,97,-14.0,14.0,0.08622941454500008,0.022290272943528144,0.022290272943528144,0.21040678313716882,-0.029021473756384253,0.029021473756384253,0.03094172849388297,-0.006243269722276994,0.006243269722276994,0.29896907216494845,0.05042851819649735,0.05042851819649735,0.15
P-W1-V0037,val,prototype,1,0.3496587908473508,87,0.09097812793287156,0.6832293594020536,0.6951766695784426,0.1797314590283842,0.0209911363731251,31,0.3563218390804598,91,-4.0,4.0,0.08458172640800003,0.006396401524871531,0.006396401524871531,0.19649843416871832,-0.016766975140334123,0.016766975140334123,0.027257873876507098,-0.006266737503381997,0.006266737503381997,0.3076923076923077,0.04862953138815207,0.04862953138815207,0.15
P-W1-V0038,val,prototype,1,0.3366334746281306,90,0.08937913143742238,0.6787621325916714,0.6765122244755427,0.20177764338553975,0.025246461868835446,32,0.35555555555555557,97,-7.0,7.0,0.08341581186300003,0.005963319574422352,0.005963319574422352,0.19876880015291687,0.0030088432326228765,0.0030088432326228765,0.024386975605106376,0.0008594862637290694,0.0008594862637290694,0.32989690721649484,0.02565864833906073,0.02565864833906073,0.15
P-W1-V0039,val,prototype,1,0.36318437793315983,78,0.07509805989512382,0.68031067496691,0.6748818434201754,0.1783886752888366,0.02149465408106633,28,0.358974358974359,98,-20.0,20.0,0.08085092864700007,-0.00575286875187625,0.00575286875187625,0.19518204504112288,-0.01679336975228629,0.01679336975228629,0.024461245989318006,-0.0029665919082516763,0.0029665919082516763,0.2857142857142857,0.07326007326007328,0.07326007326007328,0.15
P-W1-V0040,val,prototype,1,0.27253087006864096,42,0.020474994396774505,0.29091853329113554,0.5582548975944519,0.15956888430225832,0.027756967437470893,20,0.47619047619047616,69,-27.0,27.0,0.038461821894000006,-0.0179868274972255,0.0179868274972255,0.17925448993338927,-0.019685605631130948,0.019685605631130948,0.022598384830163312,0.005158582607307581,0.005158582607307581,0.30434782608695654,0.17184265010351962,0.17184265010351962,0.15
P-W1-V0041,val,prototype,1,0.2926941439509392,56,0.05107123457686791,0.3145548052021435,0.5320271386631897,0.16762674712781486,0.023297409403274773,20,0.35714285714285715,79,-23.0,23.0,0.05506389120300002,-0.003992656626132116,0.003992656626132116,0.19161973153842202,-0.023992984410607154,0.023992984410607154,0.024811658840041547,-0.0015142494367667743,0.0015142494367667743,0.34177215189873417,0.015370705244122984,0.015370705244122984,0.15
P-W1-V0042,val,prototype,1,0.3245219429334005,45,0.044043566738774124,0.30452638963858286,0.5409678902890948,0.17082851218867853,0.025238982654678888,15,0.3333333333333333,73,-28.0,28.0,0.05554662756600001,-0.011503060827225887,0.011503060827225887,0.19208556387723097,-0.021257051688552436,0.021257051688552436,0.02289272978614537,0.002346252868533516,0.002346252868533516,0.3698630136986301,-0.0365296803652968,0.0365296803652968,0.15
P-W1-V0043,val,prototype,1,0.31556282531131397,44,0.03487180876967761,0.2916382940655405,0.5528500554236498,0.16986422109277421,0.02754447198386672,13,0.29545454545454547,79,-35.0,35.0,0.058486798669000015,-0.023614989899322404,0.023614989899322404,0.1900675135097244,-0.02020329241695018,0.02020329241695018,0.02434140175384553,0.003203070230021192,0.003203070230021192,0.31645569620253167,-0.021001150747986197,0.021001150747986197,0.15
P-W1-V0044,val,prototype,1,0.3274342851905987,58,0.04847780165933592,0.31830653728082264,0.5438746141976324,0.17630127615758037,0.023614274752395,22,0.3793103448275862,78,-20.0,20.0,0.05389336869200001,-0.00541556703266409,0.00541556703266409,0.1856530929346984,-0.009351816777118022,0.009351816777118022,0.022386538590873646,0.0012277361615213554,0.0012277361615213554,0.38461538461538464,-0.005305039787798449,0.005305039787798449,0.15
P-W1-V0045,val,prototype,1,0.3593766566585092,34,0.02283518796646064,0.31253695882418575,0.5670303395565819,0.1563394248330689,0.03098679161576572,13,0.38235294117647056,83,-49.0,49.0,0.050575934895000015,-0.027740746928539374,0.027740746928539374,0.20209382732123185,-0.045754402488162954,0.045754402488162954,0.020700546634943272,0.010286244980822448,0.010286244980822448,0.42168674698795183,-0.03933380581148127,0.03933380581148127,0.15
P-W1-V0046,val,prototype,1,0.3520306086136123,59,0.04893108409390631,0.32289144523062946,0.5615085873563411,0.17992877890887543,0.0224144353730888,25,0.423728813559322,81,-22.0,22.0,0.05308708497500003,-0.004156000881093719,0.004156000881093719,0.193091511146256,-0.01316273223738057,0.01316273223738057,0.02089951990642657,0.0015149154666622283,0.0015149154666622283,0.41975308641975306,0.003975727139568952,0.003975727139568952,0.15
P-W1-V0047,val,prototype,1,0.34344211526406115,78,0.05978161374173132,0.3300339724773016,0.5210019846757253,0.17252453922927777,0.020634088774831385,34,0.4358974358974359,94,-16.0,16.0,0.06125599907500001,-0.001474385333268692,0.001474385333268692,0.1799160642840862,-0.0073915250548084455,0.0073915250548084455,0.022349493409439116,-0.0017154046346077312,0.0017154046346077312,0.43617021276595747,-0.0002727768685215626,0.0002727768685215626,0.15
P-W1-V0048,val,prototype,1,0.3625952270510909,77,0.05551170788304119,0.3122774525122209,0.5270580641635052,0.18432734495219527,0.025169154228305304,29,0.37662337662337664,95,-18.0,18.0,0.06048647100800003,-0.004974763124958842,0.004974763124958842,0.1863435849276301,-0.0020162399754348193,0.0020162399754348193,0.022315464385324564,0.0028536898429807403,0.0028536898429807403,0.3473684210526316,0.029254955570745034,0.029254955570745034,0.15
P-W1-V0049,val,prototype,1,0.3382999732469519,48,0.041354530963051,0.3090227711945772,0.5087123519430558,0.17636145458042424,0.02959482597433441,16,0.3333333333333333,81,-33.0,33.0,0.05689850908500002,-0.01554397812194902,0.01554397812194902,0.1998216829918037,-0.023460228411379458,0.023460228411379458,0.02196647073511057,0.0076283552392238385,0.0076283552392238385,0.3333333333333333,0.0,0.0,0.15
P-W2-V0001,val,prototype,2,0.44079575273725724,63,0.11469050656998309,0.6844791637526618,0.5462985829938025,0.27012311127414246,0.03439233330089885,14,0.2222222222222222,74,-11.0,11.0,0.12648400126153,-0.011793494691546919,0.011793494691546919,0.29648395930831883,-0.026360848034176376,0.026360848034176376,0.03821454388899592,-0.0038222105880970705,0.0038222105880970705,0.21621621621621623,0.006006006006005982,0.006006006006005982,0.2
P-W2-V0002,val,prototype,2,0.3931169238735418,61,0.10622678663997724,0.6577625079233138,0.5783862194321194,0.26783079699644785,0.03145498693238928,18,0.29508196721311475,76,-15.0,15.0,0.13394994905699995,-0.027723162417022704,0.027723162417022704,0.29174456042545466,-0.023913763429006807,0.023913763429006807,0.04306987412243666,-0.011614887190047378,0.011614887190047378,0.23684210526315788,0.05823986194995687,0.05823986194995687,0.2
P-W2-V0003,val,prototype,2,0.43009514698427015,73,0.13339989208144987,0.6915984415028193,0.545861701748959,0.24464057630626332,0.029330528892789195,21,0.2876712328767123,78,-5.0,5.0,0.13929283256099997,-0.005892940479550107,0.005892940479550107,0.2757664185315326,-0.03112584222526929,0.03112584222526929,0.035977267361555806,-0.006646738468766612,0.006646738468766612,0.20512820512820512,0.08254302774850719,0.08254302774850719,0.2
P-W2-V0004,val,prototype,2,0.4597631168106328,69,0.12796738209301553,0.7004755303479623,0.5585372040885083,0.25716894383958444,0.03335423125350749,15,0.21739130434782608,84,-15.0,15.0,0.15035014835753,-0.022382766264514464,0.022382766264514464,0.2818723786072423,-0.02470343476765785,0.02470343476765785,0.03749331874887011,-0.004139087495362619,0.004139087495362619,0.20238095238095238,0.015010351966873697,0.015010351966873697,0.2
P-W2-V0005,val,prototype,2,0.4101231277805485,73,0.09915345009766156,0.6820799855336751,0.6933000491906519,0.1783981491809961,0.02466472123747814,21,0.2876712328767123,90,-17.0,17.0,0.10870010298999999,-0.009546652892338428,0.009546652892338428,0.19152350416912248,-0.013125354988126364,0.013125354988126364,0.02510736541678646,-0.00044264417930832065,0.00044264417930832065,0.26666666666666666,0.02100456621004565,0.02100456621004565,0.2
P-W2-V0006,val,prototype,2,0.353673072122946,41,0.05755696086467121,0.6816145443334812,0.6558517188560672,0.18257127784219826,0.03676030913081306,12,0.2926829268292683,87,-46.0,46.0,0.10656995364600003,-0.04901299278132882,0.04901299278132882,0.1910993216614394,-0.008528043819241132,0.008528043819241132,0.026341245351313977,0.010419063779499083,0.010419063779499083,0.26436781609195403,0.028315110737314242,0.028315110737314242,0.2
P-W2-V0007,val,prototype,2,0.4106370893077574,69,0.09791250480846259,0.6771325918211453,0.5242946075572483,0.24163043399604486,0.030087454835776017,19,0.2753623188405797,81,-12.0,12.0,0.13105294313299998,-0.03314043832453739,0.03314043832453739,0.2513628471610141,-0.009732413164969228,0.009732413164969228,0.034659559432796874,-0.004572104597020857,0.004572104597020857,0.32098765432098764,-0.045625335480407925,0.045625335480407925,0.2
P-W2-V0008,val,prototype,2,0.4282261100080278,63,0.09931712782945079,0.6730236628698925,0.5895042427712016,0.24155074344050512,0.03891133101646167,15,0.23809523809523808,82,-19.0,19.0,0.15018608271799994,-0.050868954888549145,0.050868954888549145,0.2744582749393237,-0.03290753149881856,0.03290753149881856,0.03742806707997925,0.0014832639364824249,0.0014832639364824249,0.2073170731707317,0.030778164924506385,0.030778164924506385,0.2
P-W2-V0009,val,prototype,2,0.43192044388164175,55,0.1028199299150356,0.6752571680329063,0.4772406139834361,0.2485028522535598,0.035251089611790534,15,0.2727272727272727,77,-22.0,22.0,0.13481512291699996,-0.031995193001964364,0.031995193001964364,0.27339246409002027,-0.024889611836460462,0.024889611836460462,0.03438535375599005,0.0008657358558004855,0.0008657358558004855,0.18181818181818182,0.09090909090909088,0.09090909090909088,0.2
P-W2-V0010,val,prototype,2,0.40255171235869913,51,0.0823505029375499,0.6773438471205094,0.544487162547953,0.25248560978655815,0.041154059644305865,13,0.2549019607843137,76,-25.0,25.0,0.13528495902699997,-0.05293445608945006,0.05293445608945006,0.2830421338576065,-0.030556524071048363,0.030556524071048363,0.040792832892446736,0.0003612267518591297,0.0003612267518591297,0.21052631578947367,0.044375644994840036,0.044375644994840036,0.2
P-W2-V0011,val,prototype,2,0.4272264004793278,86,0.10452032248828905,0.6864071557688158,0.6893344261618548,0.17418120458929862,0.02254500644920338,29,0.3372093023255814,90,-4.0,4.0,0.10050541777854,0.004014904709749051,0.004014904709749051,0.1867313446769244,-0.012550140087625783,0.012550140087625783,0.025796989496273293,-0.003251983047069914,0.003251983047069914,0.3,0.037209302325581395,0.037209302325581395,0.2
P-W2-V0012,val,prototype,2,0.446136068742154,59,0.10785567380730907,0.6762615664530609,0.5694191610535323,0.2704176721684063,0.03910846799198759,15,0.2542372881355932,79,-20.0,20.0,0.14036002251300003,-0.032504348705690966,0.032504348705690966,0.2925037217457545,-0.02208604957734822,0.02208604957734822,0.036757810091187185,0.0023506579008004055,0.0023506579008004055,0.21518987341772153,0.03904741471787168,0.03904741471787168,0.2
P-W2-V0013,val,prototype,2,0.41411418925251875,57,0.09539546018538456,0.6889455192967465,0.5622528133292993,0.27395690288912616,0.04147929462215474,13,0.22807017543859648,79,-22.0,22.0,0.12750037081599994,-0.03210491063061538,0.03210491063061538,0.30079768154074554,-0.02684077865161938,0.02684077865161938,0.04205692003220584,-0.0005776254100511025,0.0005776254100511025,0.20253164556962025,0.02553852986897623,0.02553852986897623,0.2
P-W2-V0014,val,prototype,2,0.4619784649638903,84,0.14552994278352394,0.6962177058060964,0.5212680430461963,0.2808541586819361,0.029730493122836193,17,0.20238095238095238,85,-1.0,1.0,0.14882488115399992,-0.0032949383704759805,0.0032949383704759805,0.29207270460413065,-0.011218545922194567,0.011218545922194567,0.03725251813672729,-0.007522025013891095,0.007522025013891095,0.17647058823529413,0.025910364145658255,0.025910364145658255,0.2
P-W2-V0015,val,prototype,2,0.3579696882136014,49,0.08847418192573499,0.6409367785161856,0.5929807312026316,0.24805815734072453,0.03797264358469294,17,0.3469387755102041,74,-25.0,25.0,0.12367146442899996,-0.03519728250326497,0.03519728250326497,0.27675328268323024,-0.028695125342505706,0.028695125342505706,0.03669232505674222,0.0012803185279507204,0.0012803185279507204,0.22972972972972974,0.11720904578047434,0.11720904578047434,0.2
P-W2-V0016,val,prototype,2,0.42605118675006404,74,0.12875580543363882,0.6900229164071985,0.545155338439587,0.2598106230132556,0.03249801233882473,16,0.21621621621621623,78,-4.0,4.0,0.14057290567,-0.011817100236361178,0.011817100236361178,0.2736692501555933,-0.01385862714233771,0.01385862714233771,0.039091726516948797,-0.006593714178124065,0.006593714178124065,0.20512820512820512,0.011088011088011107,0.011088011088011107,0.2
P-W2-V0017,val,prototype,2,0.3579696882136014,49,0.08847418192573499,0.6409367785161856,0.5929807312026316,0.24805815734072453,0.03797264358469294,17,0.3469387755102041,74,-25.0,25.0,0.12292966111099995,-0.03445547918526497,0.03445547918526497,0.27671095259307915,-0.028652795252354618,0.028652795252354618,0.036683768465279244,0.001288875119413696,0.001288875119413696,0.22972972972972974,0.11720904578047434,0.11720904578047434,0.2
P-W2-V0018,val,prototype,2,0.42605118675006404,74,0.12875580543363882,0.6900229164071985,0.545155338439587,0.2598106230132556,0.03249801233882473,16,0.21621621621621623,77,-3.0,3.0,0.13955092663999996,-0.010795121206361141,0.010795121206361141,0.27522922829189395,-0.015418605278638364,0.015418605278638364,0.039623552488417466,-0.007125540149592734,0.007125540149592734,0.19480519480519481,0.021411021411021414,0.021411021411021414,0.2
P-W3-V0001,val,prototype,3,0.48138104592050823,35,0.12837683736989097,0.6038652726582119,0.6733723052910396,0.20034990877288603,0.03286208809104919,12,0.34285714285714286,40,-5.0,5.0,0.137489107845475,-0.009112270475584022,0.009112270475584022,0.21360162032970395,-0.013251711556817924,0.013251711556817924,0.05400940115254447,-0.021147313061495282,0.021147313061495282,0.325,0.01785714285714285,0.01785714285714285,0.2
P-W3-V0002,val,prototype,3,0.4701579143019283,34,0.12697105675362724,0.5963622831246432,0.7106364185319227,0.1886514597424719,0.03131063364175454,14,0.4117647058823529,36,-2.0,2.0,0.11690194718299998,0.01006910957062726,0.01006910957062726,0.20728847449807156,-0.018637014755599646,0.018637014755599646,0.0484128867150988,-0.01710225307334426,0.01710225307334426,0.4166666666666667,-0.004901960784313764,0.004901960784313764,0.2
P-W3-V0003,val,prototype,3,0.5157084056864614,46,0.16160324858474,0.6158724828906681,0.5844326997580735,0.22253121587153282,0.03504264727078326,13,0.2826086956521739,43,3.0,3.0,0.17422428697899997,-0.012621038394259959,0.012621038394259959,0.2369806599384064,-0.014449444066873568,0.014449444066873568,0.05431010523965704,-0.01926745796887378,0.01926745796887378,0.2558139534883721,0.026794742163801788,0.026794742163801788,0.2
P-W3-V0004,val,prototype,3,0.5358787503093481,40,0.14474354013284035,0.6015411213040351,0.5684639625251293,0.27618488451150286,0.04274922092955117,10,0.25,40,0.0,0.0,0.15729370796699998,-0.012550167834159631,0.012550167834159631,0.2846981545980651,-0.008513270086562219,0.008513270086562219,0.055316163456734554,-0.012566942527183385,0.012566942527183385,0.275,-0.025000000000000022,0.025000000000000022,0.2
P-W3-V0005,val,prototype,3,0.5486828527360592,53,0.18160901844555366,0.6091818264070546,0.6179849061201204,0.2387434942577407,0.03048967676711757,13,0.24528301886792453,44,9.0,9.0,0.1743711162145,0.007237902231053667,0.007237902231053667,0.24765582449078027,-0.008912330233039584,0.008912330233039584,0.05579571605207636,-0.025306039284958788,0.025306039284958788,0.2727272727272727,-0.027444253859348178,0.027444253859348178,0.2
P-W3-V0006,val,prototype,3,0.45004218877578267,49,0.15729492243705206,0.6235258342051992,0.5495172313281468,0.28576084030979826,0.02594989659990502,16,0.32653061224489793,38,11.0,11.0,0.14326654890049995,0.014028373536552119,0.014028373536552119,0.2967814917639527,-0.011020651454154429,0.011020651454154429,0.0591575227682166,-0.03320762616831158,0.03320762616831158,0.2894736842105263,0.037056928034371606,0.037056928034371606,0.2
P-W3-V0007,val,prototype,3,0.37770945090672065,29,0.08192579872549825,0.7217708168358639,0.588578579754665,0.26326576953703223,0.04706155383618304,9,0.3103448275862069,70,-41.0,41.0,0.18369958576500006,-0.10177378703950181,0.10177378703950181,0.302985586078222,-0.03971981654118978,0.03971981654118978,0.03970133752542307,0.007360216310759969,0.007360216310759969,0.17142857142857143,0.13891625615763548,0.13891625615763548,0.2
P-W3-V0008,val,prototype,3,0.5162413996216413,74,0.2467854369845181,0.6827969204735111,0.5165370263763376,0.2868470579353852,0.03208419551410214,19,0.25675675675675674,82,-8.0,8.0,0.274238890123,-0.02745345313848191,0.02745345313848191,0.3098488230055135,-0.0230017650701283,0.0230017650701283,0.037965163209715755,-0.005880967695613616,0.005880967695613616,0.2073170731707317,0.049439683586025046,0.049439683586025046,0.2
P-W3-V0009,val,prototype,3,0.4525240279341999,38,0.11163644175328226,0.7071802914142609,0.5231619553738519,0.22231808778473308,0.051778254882529524,9,0.23684210526315788,77,-39.0,39.0,0.20480852415199996,-0.0931720823987177,0.0931720823987177,0.28696454432286184,-0.06464645653812875,0.06464645653812875,0.0404343628120922,0.011343892070437324,0.011343892070437324,0.16883116883116883,0.06801093643198905,0.06801093643198905,0.2
P-W3-V0010,val,prototype,3,0.47193818868083115,68,0.19946882082031736,0.684291265466634,0.44720824295654893,0.2730877502462789,0.034278739817611266,15,0.22058823529411764,84,-16.0,16.0,0.224896628665,-0.025427807844682626,0.025427807844682626,0.30550603105974145,-0.03241828081346254,0.03241828081346254,0.035707235622599635,-0.0014284958049883695,0.0014284958049883695,0.19047619047619047,0.030112044817927175,0.030112044817927175,0.2
P-W3-V0011,val,prototype,3,0.507893396591818,74,0.2180778677849845,0.6814729023624111,0.4835432987358119,0.2656592755110126,0.032261948492842196,17,0.22972972972972974,82,-8.0,8.0,0.227715436226,-0.009637568441015487,0.009637568441015487,0.3008449172291232,-0.035185641718110616,0.035185641718110616,0.03846358387004514,-0.0062016353772029464,0.0062016353772029464,0.23170731707317074,-0.0019775873434410007,0.0019775873434410007,0.2
P-W3-V0012,val,prototype,3,0.4897755403410305,55,0.1584443978334714,0.7028824795376171,0.4805697122758085,0.25760203000423365,0.040221946930372454,13,0.23636363636363636,75,-20.0,20.0,0.20783268634200003,-0.04938828850852864,0.04938828850852864,0.2668823639951628,-0.009280333990929146,0.009280333990929146,0.039618376486706686,0.0006035704436657685,0.0006035704436657685,0.24,-0.003636363636363632,0.003636363636363632,0.2
P-W3-V0013,val,prototype,3,0.44871769415644497,52,0.13742349479310875,0.6985163562572919,0.48050388443068814,0.27802801883459516,0.03895423270581063,10,0.19230769230769232,73,-21.0,21.0,0.19699403036200006,-0.0595705355688913,0.0595705355688913,0.27111913610329896,0.006908882731296195,0.006908882731296195,0.04208781377730646,-0.0031335810714958265,0.0031335810714958265,0.2191780821917808,-0.02687038988408849,0.02687038988408849,0.2
P-W3-V0014,val,prototype,3,0.47018318648996027,58,0.17301135276000879,0.6936268076814455,0.4908918299037835,0.24044999925301702,0.03472246489152318,18,0.3103448275862069,74,-16.0,16.0,0.20620634178100003,-0.033194989020991245,0.033194989020991245,0.27348409457923134,-0.03303409532621432,0.03303409532621432,0.04350233062493494,-0.00877986573341176,0.00877986573341176,0.22972972972972974,0.08061509785647716,0.08061509785647716,0.2
P-W3-V0015,val,prototype,3,0.43160091882402246,55,0.14884631586560162,0.6946557836099104,0.5728337249972604,0.25938838786393714,0.03599808525728026,17,0.3090909090909091,78,-23.0,23.0,0.20980544162999998,-0.06095912576439835,0.06095912576439835,0.29314103088903654,-0.033752643025099394,0.033752643025099394,0.0396298191470205,-0.003631733889740238,0.003631733889740238,0.1794871794871795,0.1296037296037296,0.1296037296037296,0.2
P-W3-V0016,val,prototype,3,0.4369792739550273,42,0.1368782696709524,0.6957347861358097,0.5474779788582098,0.24660620989889406,0.031486999291207296,12,0.2857142857142857,76,-34.0,34.0,0.2133415306340001,-0.0764632609630477,0.0764632609630477,0.30157872817726805,-0.05497251827837399,0.05497251827837399,0.03931195892677857,-0.007824959635571276,0.007824959635571276,0.19736842105263158,0.08834586466165412,0.08834586466165412,0.2
P-W3-V0017,val,prototype,3,0.4790032481660648,49,0.15292454177239945,0.5979475616192331,0.5956905453788991,0.269858506883727,0.024790834514978797,14,0.2857142857142857,40,9.0,9.0,0.15228945651999998,0.0006350852523994699,0.0006350852523994699,0.281537706859946,-0.011679199976219024,0.011679199976219024,0.05768097733522839,-0.03289014282024959,0.03289014282024959,0.275,0.010714285714285676,0.010714285714285676,0.2
P-W3-V0018,val,prototype,3,0.42442114896412136,79,0.23115048906821603,0.688247950771187,0.5188084774285178,0.28762620753540385,0.026995254551255236,17,0.21518987341772153,85,-6.0,6.0,0.24075747432399996,-0.009606985255783934,0.009606985255783934,0.30883615021171157,-0.021209942676307714,0.021209942676307714,0.03933021918088894,-0.012334964629633707,0.012334964629633707,0.21176470588235294,0.0034251675353685895,0.0034251675353685895,0.2
P-W3-V0019,val,prototype,3,0.49757123390833535,45,0.14366385037332186,0.6182577669620514,0.5192753887838788,0.26964125018957263,0.04386635044546373,14,0.3111111111111111,49,-4.0,4.0,0.17327682789399998,-0.029612977520678124,0.029612977520678124,0.28948660663367176,-0.019845356444099127,0.019845356444099127,0.052707911457613846,-0.008841561012150119,0.008841561012150119,0.2857142857142857,0.025396825396825418,0.025396825396825418,0.2
P-W3-V0020,val,prototype,3,0.48501841506610316,48,0.1616126763161907,0.6141732223331928,0.5740187540650368,0.2593994829676641,0.03520974091288492,14,0.2916666666666667,37,11.0,11.0,0.14420170183200004,0.017410974484190656,0.017410974484190656,0.2738620873857599,-0.014462604418095826,0.014462604418095826,0.06324191285183366,-0.02803217193894874,0.02803217193894874,0.24324324324324326,0.04842342342342343,0.04842342342342343,0.2
P-W3-V0021,val,prototype,3,0.5313004207737902,47,0.1680401268710378,0.5978087421427382,0.6520379134949218,0.2158679983507111,0.0334409272103508,15,0.3191489361702128,42,5.0,5.0,0.15531768092200002,0.012722445949037792,0.012722445949037792,0.23015488328976488,-0.014286884939053779,0.014286884939053779,0.052485244568202014,-0.019044317357851212,0.019044317357851212,0.30952380952380953,0.009625126646403248,0.009625126646403248,0.2
P-W3-V0022,val,prototype,3,0.4622474269320567,24,0.08365312233632494,0.5983097764352957,0.673710019638141,0.2071845465379655,0.048976160614204726,9,0.375,38,-14.0,14.0,0.13864776844149998,-0.054994646105175043,0.054994646105175043,0.21554236151631168,-0.008357814978346173,0.008357814978346173,0.0575763423958915,-0.008600181781686776,0.008600181781686776,0.2894736842105263,0.08552631578947367,0.08552631578947367,0.2
P-W3-V0023,val,prototype,3,0.4275248594380714,37,0.12355759408377104,0.6121741807138598,0.7137156338305086,0.19364258656303165,0.031864745102489975,14,0.3783783783783784,34,3.0,3.0,0.12115043038199995,0.0024071637017710895,0.0024071637017710895,0.18575007879688352,0.007892507766148138,0.007892507766148138,0.054961940306590115,-0.02309719520410014,0.02309719520410014,0.38235294117647056,-0.003974562798092163,0.003974562798092163,0.2
P-W3-V0024,val,prototype,3,0.4810912074411617,34,0.11711612783428288,0.5948929059154847,0.7469445554649129,0.18346694574215858,0.02306064247551067,15,0.4411764705882353,37,-3.0,3.0,0.12428933653649997,-0.00717320870221709,0.00717320870221709,0.1884741557133917,-0.005007209971233134,0.005007209971233134,0.04917755384054012,-0.026116911365029454,0.026116911365029454,0.35135135135135137,0.08982511923688391,0.08982511923688391,0.2
P-W3-V0025,val,prototype,3,0.4888824738562107,40,0.1426141771918767,0.6085193775594234,0.6393959898501634,0.24312231059458536,0.03679729487594879,12,0.3,37,3.0,3.0,0.15210942488449997,-0.009495247692623277,0.009495247692623277,0.24793962652228804,-0.004817315927702681,0.004817315927702681,0.05987243175210369,-0.0230751368761549,0.0230751368761549,0.2702702702702703,0.029729729729729704,0.029729729729729704,0.2
P-W3-V0026,val,prototype,3,0.5162413996216413,74,0.2467854369845181,0.6827969204735111,0.5165370263763376,0.2868470579353852,0.03208419551410214,19,0.25675675675675674,82,-8.0,8.0,0.27404994639400004,-0.02726450940948194,0.02726450940948194,0.30987746817261647,-0.02303041023723129,0.02303041023723129,0.03793256425471614,-0.005848368740614,0.005848368740614,0.2073170731707317,0.049439683586025046,0.049439683586025046,0.2
P-W4-V0001,val,prototype,4,0.561912490456712,51,0.24399273735407973,0.29121297451795314,0.5560995764007756,0.25995524941448855,0.02292043652769228,12,0.23529411764705882,50,1.0,1.0,0.21864047642799997,0.025352260926079756,0.025352260926079756,0.2841383800587094,-0.02418313064422084,0.02418313064422084,0.04657517188946315,-0.023654735361770866,0.023654735361770866,0.18,0.05529411764705883,0.05529411764705883,0.25
P-W4-V0002,val,prototype,4,0.46928696018276794,33,0.14557883096837787,0.34072634532596124,0.5280090283715364,0.25607206133868243,0.057453740541375774,8,0.24242424242424243,48,-15.0,15.0,0.18452087312610005,-0.03894204215772218,0.03894204215772218,0.29134186456553113,-0.035269803226848695,0.035269803226848695,0.04853697404065804,0.00891676650071773,0.00891676650071773,0.1875,0.05492424242424243,0.05492424242424243,0.25
P-W4-V0003,val,prototype,4,0.5270886745141901,23,0.10756630151662173,0.3134145049945168,0.5615701494009598,0.2814400244866785,0.055484292456958344,7,0.30434782608695654,51,-28.0,28.0,0.19933795994730003,-0.09177165843067829,0.09177165843067829,0.30253486045692296,-0.021094835970244474,0.021094835970244474,0.046273045593672124,0.00921124686328622,0.00921124686328622,0.21568627450980393,0.08866155157715261,0.08866155157715261,0.25
P-W4-V0004,val,prototype,4,0.5355754941701889,34,0.13004446450779114,0.27246715698172064,0.5862097805913757,0.25608892835912545,0.04548017625202247,7,0.20588235294117646,37,-3.0,3.0,0.1343655135035,-0.0043210489957088705,0.0043210489957088705,0.2667676222577824,-0.010678693898656944,0.010678693898656944,0.05640877340088668,-0.01092859714886421,0.01092859714886421,0.1891891891891892,0.01669316375198726,0.01669316375198726,0.25
P-W4-V0005,val,prototype,4,0.49280388050890983,47,0.20366521138331314,0.2801306298438539,0.5800513171769203,0.24356385127746763,0.025265246597016074,12,0.2553191489361702,50,-3.0,3.0,0.19882438094,0.004840830443313154,0.004840830443313154,0.2659457622372449,-0.02238191095977729,0.02238191095977729,0.0500228799430608,-0.02475763334604473,0.02475763334604473,0.2,0.05531914893617018,0.05531914893617018,0.25
P-W4-V0006,val,prototype,4,0.5752368854052985,67,0.28666102803674876,0.2815620601733229,0.5472479051173623,0.24474034494674815,0.024443116340398068,16,0.23880597014925373,50,17.0,17.0,0.21410514272799996,0.07255588530874879,0.07255588530874879,0.2656709089490869,-0.020930564002338753,0.020930564002338753,0.04855983768882356,-0.024116721348425494,0.024116721348425494,0.2,0.038805970149253716,0.038805970149253716,0.25
P-W4-V0007,val,prototype,4,0.5026936621376963,33,0.14451916614918084,0.30230015290505957,0.487842294754404,0.25734919575650617,0.05342226956068093,9,0.2727272727272727,45,-12.0,12.0,0.177133794155,-0.03261462800581916,0.03261462800581916,0.2767566607898813,-0.01940746503337515,0.01940746503337515,0.04959702093092037,0.0038252486297605595,0.0038252486297605595,0.2222222222222222,0.0505050505050505,0.0505050505050505,0.25
P-W4-V0008,val,prototype,4,0.5881481047557748,46,0.20174627492859692,0.2767515166298203,0.6293109635943952,0.2361999867172421,0.030605532629540383,11,0.2391304347826087,44,2.0,2.0,0.17811480697349996,0.023631467955096963,0.023631467955096963,0.25386668134354967,-0.017666694626307572,0.017666694626307572,0.05225733719867821,-0.021651804569137824,0.021651804569137824,0.20454545454545456,0.034584980237154145,0.034584980237154145,0.25
P-W4-V0009,val,prototype,4,0.5688015540892427,44,0.17505268116040223,0.281800075518814,0.5283432338725437,0.24832019728175664,0.030833910574871084,10,0.22727272727272727,46,-2.0,2.0,0.18068182011950001,-0.005629138959097779,0.005629138959097779,0.28213160203586757,-0.03381140475411093,0.03381140475411093,0.0452241632935968,-0.014390252718725714,0.014390252718725714,0.1956521739130435,0.03162055335968378,0.03162055335968378,0.25
P-W4-V0010,val,prototype,4,0.536495220536987,48,0.19757462444505391,0.29109285150965053,0.5622240485002598,0.24120622014645726,0.032329603937327506,13,0.2708333333333333,50,-2.0,2.0,0.20714347815399997,-0.009568853708946057,0.009568853708946057,0.28267736545070454,-0.04147114530424728,0.04147114530424728,0.05250442593975861,-0.020174822002431106,0.020174822002431106,0.16,0.11083333333333331,0.11083333333333331,0.25
P-W4-V0011,val,prototype,4,0.515897564349636,31,0.12690812353847034,0.3043997513671075,0.5143538429852454,0.2752944643631697,0.04306454840709102,8,0.25806451612903225,56,-25.0,25.0,0.192157193113,-0.06524906957452967,0.06524906957452967,0.3045079573255245,-0.029213492962354815,0.029213492962354815,0.04149341055759291,0.001571137849498111,0.001571137849498111,0.23214285714285715,0.0259216589861751,0.0259216589861751,0.25
P-W4-V0012,val,prototype,4,0.532227783518679,34,0.1483927358715419,0.5964233989224714,0.6630580157918089,0.22913076764937534,0.020551907184069615,12,0.35294117647058826,29,5.0,5.0,0.13339589069250002,0.014996845179041873,0.014996845179041873,0.25313839993736426,-0.02400763228798891,0.02400763228798891,0.06026084156059556,-0.039708934376525944,0.039708934376525944,0.4482758620689655,-0.09533468559837727,0.09533468559837727,0.25
P-W4-V0013,val,prototype,4,0.5947336528231116,34,0.14853000151392468,0.29999976561349984,0.5141104025875821,0.28403383551154643,0.04536921734501975,9,0.2647058823529412,45,-11.0,11.0,0.18251652775899999,-0.03398652624507531,0.03398652624507531,0.2742091042344055,0.009824731277140952,0.009824731277140952,0.051192853143395556,-0.005823635798375804,0.005823635798375804,0.2,0.06470588235294117,0.06470588235294117,0.25
P-W4-V0014,val,prototype,4,0.5742559481311489,37,0.14329600798543426,0.2611891623284366,0.6263408580341855,0.23507917061417,0.029573775784169427,8,0.21621621621621623,36,1.0,1.0,0.14616215776349997,-0.0028661497780657075,0.0028661497780657075,0.26375858296724464,-0.02867941235307464,0.02867941235307464,0.053452371713923724,-0.023878595929754297,0.023878595929754297,0.19444444444444445,0.02177177177177178,0.02177177177177178,0.25
P-W4-V0015,val,prototype,4,0.5482293824354808,45,0.1628455619810547,0.2568855815463596,0.6904597944683499,0.20771629360599767,0.028830779210920292,12,0.26666666666666666,42,3.0,3.0,0.15210341475699998,0.010742147224054727,0.010742147224054727,0.20960329000395858,-0.0018869963979609161,0.0018869963979609161,0.04842994789467483,-0.019599168683754536,0.019599168683754536,0.2619047619047619,0.004761904761904745,0.004761904761904745,0.25
P-W4-V0016,val,prototype,4,0.5138422731648792,44,0.16823300764638371,0.2648086148229512,0.5706475278870626,0.2547959386737698,0.035622332431225125,8,0.18181818181818182,41,3.0,3.0,0.16908647195200002,-0.0008534643056163083,0.0008534643056163083,0.28134730135819813,-0.026551362684428315,0.026551362684428315,0.060104455077110486,-0.02448212264588536,0.02448212264588536,0.21951219512195122,-0.0376940133037694,0.0376940133037694,0.25
P-W4-V0017,val,prototype,4,0.554789151582453,36,0.16671333182825637,0.2742142871850067,0.5628827218380239,0.23867726444911583,0.042497940504813876,7,0.19444444444444445,49,-13.0,13.0,0.19779253169349995,-0.031079199865243573,0.031079199865243573,0.24969996599526698,-0.011022701546151148,0.011022701546151148,0.04511030875256784,-0.002612368247753967,0.002612368247753967,0.22448979591836735,-0.0300453514739229,0.0300453514739229,0.25
P-W4-V0018,val,prototype,4,0.5110364473528333,36,0.148885372679399,0.28392844688561225,0.6394919384684827,0.2540277675575618,0.044195210024106,9,0.25,47,-11.0,11.0,0.187379951215,-0.03849457853560101,0.03849457853560101,0.25187940539250137,0.0021483621650604245,0.0021483621650604245,0.04744658296343027,-0.0032513729393242666,0.0032513729393242666,0.3191489361702128,-0.06914893617021278,0.06914893617021278,0.25
P-W4-V0019,val,prototype,4,0.46276339888572693,37,0.09542717052387448,0.7036317973523527,0.6667470501081364,0.269648511626159,0.06484629484574861,12,0.32432432432432434,27,10.0,10.0,0.10763291513350001,-0.012205744609625535,0.012205744609625535,0.21155569868583055,0.05809281294032845,0.05809281294032845,0.06352897767781392,0.0013173171679346923,0.0013173171679346923,0.3333333333333333,-0.009009009009008973,0.009009009009008973,0.25
P-W4-V0020,val,prototype,4,0.48331555866059805,21,0.07451643988193468,0.6067385616756621,0.759784935485749,0.19942088690465318,0.05732951953605041,11,0.5238095238095238,27,-6.0,6.0,0.10479115134999996,-0.030274711468065277,0.030274711468065277,0.22265032769907964,-0.02322944079442646,0.02322944079442646,0.06691844288043615,-0.009588923344385741,0.009588923344385741,0.37037037037037035,0.1534391534391535,0.1534391534391535,0.25
P-W4-V0021,val,prototype,4,0.4683332641919454,15,0.046415075006615014,0.63087753256162,0.6516190340121587,0.25500071236702765,0.0735528798545939,6,0.4,28,-13.0,13.0,0.10950230723400002,-0.063087232227385,0.063087232227385,0.30901205931594705,-0.0540113469489194,0.0540113469489194,0.05999738727480299,0.013555492579790905,0.013555492579790905,0.2857142857142857,0.11428571428571432,0.11428571428571432,0.25
P-W4-V0022,val,prototype,4,0.39689338207244873,15,0.029718627473712476,0.523913811147213,0.5273400147755941,0.353095638445586,0.057665119890188056,4,0.26666666666666666,25,-10.0,10.0,0.08734222453699995,-0.05762359706328748,0.05762359706328748,0.3034751121322314,0.04962052631335462,0.04962052631335462,0.058603963969166506,-0.00093884407897845,0.00093884407897845,0.24,0.026666666666666672,0.026666666666666672,0.25
P-W4-V0023,val,prototype,4,0.37660325850759235,7,0.0268705943671958,0.7206137095178876,0.5229251235723495,0.28842063420008196,0.14351706114706736,2,0.2857142857142857,25,-18.0,18.0,0.08841770571000003,-0.06154711134280423,0.06154711134280423,0.3108078718078292,-0.022387237607747246,0.022387237607747246,0.05092026197813268,0.09259679916893468,0.09259679916893468,0.24,0.04571428571428571,0.04571428571428571,0.25
P-W4-V0024,val,prototype,4,0.4998404468808855,28,0.10762063320614247,0.6029197328857013,0.729759048138346,0.21265027855863614,0.04091675948313104,11,0.39285714285714285,29,-1.0,1.0,0.119989129707,-0.012368496500857529,0.012368496500857529,0.22231988937808603,-0.009669610819449892,0.009669610819449892,0.05841345246251378,-0.017496692979382743,0.017496692979382743,0.3448275862068966,0.048029556650246275,0.048029556650246275,0.25
P-W4-V0025,val,prototype,4,0.5681980741024018,50,0.20412563569744985,0.5841390887461603,0.5080590331554413,0.2897329876267821,0.04300105270367,12,0.24,50,0.0,0.0,0.20503155713699994,-0.0009059214395500947,0.0009059214395500947,0.28585072471359596,0.003882262913186163,0.003882262913186163,0.05000156799263505,-0.007000515288965045,0.007000515288965045,0.2,0.03999999999999998,0.03999999999999998,0.25
P-W4-V0026,val,prototype,4,0.4925864561037584,55,0.19702042182852852,0.2882766157388687,0.5787605369632894,0.23644359480106728,0.029615710872596852,13,0.23636363636363636,52,3.0,3.0,0.189863908853,0.007156512975528523,0.007156512975528523,0.2553358309451345,-0.018892236144067237,0.018892236144067237,0.04790618137514325,-0.018290470502546397,0.018290470502546397,0.21153846153846154,0.024825174825174823,0.024825174825174823,0.25
P-W4-V0027,val,prototype,4,0.5288278006371998,42,0.16849648502277081,0.26199131849266233,0.5543381993969282,0.24986610715492055,0.026153880899445016,9,0.21428571428571427,43,-1.0,1.0,0.169424613407,-0.0009281283842291765,0.0009281283842291765,0.2591397331470579,-0.009273625992137352,0.009273625992137352,0.049551085666276605,-0.02339720476683159,0.02339720476683159,0.18604651162790697,0.0282392026578073,0.0282392026578073,0.25
P-W4-V0028,val,prototype,4,0.532953327640574,47,0.17530300551894945,0.28987010615937253,0.5557741386459228,0.24883239858578526,0.02851106198833343,11,0.23404255319148937,52,-5.0,5.0,0.1762775667245,-0.0009745612055505615,0.0009745612055505615,0.25794822125724143,-0.009115822671456164,0.009115822671456164,0.04730822906260357,-0.01879716707427014,0.01879716707427014,0.19230769230769232,0.04173486088379705,0.04173486088379705,0.25
P-W4-V0029,val,prototype,4,0.5306669423977534,42,0.15780882412223146,0.27680566694055286,0.5943988827722413,0.25280205606115985,0.023130205829216124,9,0.21428571428571427,45,-3.0,3.0,0.16191299280549998,-0.0041041686832685165,0.0041041686832685165,0.2585283460554241,-0.005726289994264222,0.005726289994264222,0.04701331031967546,-0.02388310449045934,0.02388310449045934,0.2,0.014285714285714263,0.014285714285714263,0.25
P-W4-V0030,val,prototype,4,0.48947827043858444,44,0.17208343058922285,0.2820838615298271,0.5986311655830253,0.24959640052511764,0.038449247528420424,10,0.22727272727272727,47,-3.0,3.0,0.18879768582199996,-0.016714255232777114,0.016714255232777114,0.27547693302077136,-0.025880532495653724,0.025880532495653724,0.051630615082679826,-0.013181367554259402,0.013181367554259402,0.19148936170212766,0.03578336557059961,0.03578336557059961,0.25
P-W4-V0031,val,prototype,4,0.5290741714564237,55,0.24358407662813017,0.2883744694969871,0.5259821341796355,0.2677158863901287,0.023191714141061134,13,0.23636363636363636,45,10.0,10.0,0.212473081866,0.031110994762130167,0.031110994762130167,0.28518956851601984,-0.01747368212589112,0.01747368212589112,0.05273338454808269,-0.029541670407021558,0.029541670407021558,0.17777777777777778,0.058585858585858575,0.058585858585858575,0.25
P-W4-V0032,val,prototype,4,0.5295558890631032,43,0.1847799890142401,0.2833123054615287,0.5360855200262957,0.255699546630932,0.03191738102124074,9,0.20930232558139536,52,-9.0,9.0,0.208598370323,-0.023818381308759906,0.023818381308759906,0.2881409143919763,-0.03244136776104434,0.03244136776104434,0.04818147795725435,-0.016264096936013613,0.016264096936013613,0.17307692307692307,0.03622540250447229,0.03622540250447229,0.25
P-W4-V0033,val,prototype,4,0.5825272247843121,46,0.19430161333120055,0.29322203605071356,0.5994511939909147,0.27038145301320543,0.030547835632985305,11,0.2391304347826087,44,2.0,2.0,0.18773592463400002,0.0065656886972005335,0.0065656886972005335,0.27426180575357983,-0.0038803527403744043,0.0038803527403744043,0.049334545311734264,-0.01878670967874896,0.01878670967874896,0.20454545454545456,0.034584980237154145,0.034584980237154145,0.25
P-W4-V0034,val,prototype,4,0.5331007883404241,33,0.1430356610807133,0.27754819664088165,0.6205976659601385,0.2674679803777369,0.04118106388908457,9,0.2727272727272727,47,-14.0,14.0,0.17165903404700003,-0.028623372966286725,0.028623372966286725,0.25085819649735913,0.01660978388037776,0.01660978388037776,0.04699520233784049,-0.005814138448755925,0.005814138448755925,0.3191489361702128,-0.046421663442940075,0.046421663442940075,0.25
P-W4-V0035,val,prototype,4,0.5491061753696865,45,0.18676439696640573,0.2846721139219072,0.5328747620185216,0.26526374688984633,0.04278014971765807,9,0.2,51,-6.0,6.0,0.226989219098,-0.04022482213159426,0.04022482213159426,0.2732689368902623,-0.008005190000415996,0.008005190000415996,0.049030366989435595,-0.0062502172717775265,0.0062502172717775265,0.17647058823529413,0.023529411764705882,0.023529411764705882,0.25
P-W4-V0036,val,prototype,4,0.6154151927616637,59,0.2540544640131997,0.6064834362369472,0.5218969924470126,0.23618725975616306,0.03567577351981314,15,0.2542372881355932,54,5.0,5.0,0.23984841155399994,0.014206052459199758,0.014206052459199758,0.26554343725405494,-0.029356177497891878,0.029356177497891878,0.053278598347258774,-0.017602824827445636,0.017602824827445636,0.24074074074074073,0.013496547394852482,0.013496547394852482,0.25
P-W4-V0037,val,prototype,4,0.5769658179155418,56,0.2152052157238171,0.6254111086683614,0.5625665839761496,0.2641743255929669,0.03157992974085124,13,0.23214285714285715,53,3.0,3.0,0.21921889456000004,-0.004013678836182949,0.004013678836182949,0.2774088898237368,-0.013234564230769907,0.013234564230769907,0.05158094960812434,-0.020001019867273095,0.020001019867273095,0.18867924528301888,0.04346361185983827,0.04346361185983827,0.25
P-W4-V0038,val,prototype,4,0.608176703038423,46,0.1916368183686409,0.6118688570416492,0.5232147872447968,0.2772369138679516,0.03892207599114073,12,0.2608695652173913,51,-5.0,5.0,0.21998129325799995,-0.02834447488935904,0.02834447488935904,0.29007874846629167,-0.012841834598340096,0.012841834598340096,0.051911055757885155,-0.012988979766744423,0.012988979766744423,0.19607843137254902,0.06479113384484228,0.06479113384484228,0.25
P-W4-V0039,val,prototype,4,0.5336012191349461,62,0.24949601873683958,0.6087756579922091,0.5478852725317401,0.2848233218566181,0.023079843048861133,14,0.22580645161290322,52,10.0,10.0,0.2084712836035,0.04102473513333957,0.04102473513333957,0.31070961431966787,-0.025886292463049798,0.025886292463049798,0.05426365518623443,-0.0311838121373733,0.0311838121373733,0.19230769230769232,0.0334987593052109,0.0334987593052109,0.25
P-W4-V0040,val,prototype,4,0.5957845194685844,62,0.26347848731865603,0.6049169177009214,0.5406748895202914,0.25914692735776923,0.030792029873914134,13,0.20967741935483872,52,10.0,10.0,0.24079777393900004,0.022680713379655992,0.022680713379655992,0.27284208203273325,-0.013695154674964016,0.013695154674964016,0.053399191050219355,-0.02260716117630522,0.02260716117630522,0.21153846153846154,-0.0018610421836228186,0.0018610421836228186,0.25
P-W4-V0041,val,prototype,4,0.5344330448479879,42,0.1496224934381087,0.25872773073968436,0.6068225013358253,0.2552799093453315,0.034336497262265,8,0.19047619047619047,43,-1.0,1.0,0.152559565663,-0.002937072224891285,0.002937072224891285,0.2561698893402501,-0.0008899799949185772,0.0008899799949185772,0.04691325696671092,-0.012576759704445918,0.012576759704445918,0.20930232558139536,-0.018826135105204894,0.018826135105204894,0.25
P-W4-V0042,val,prototype,4,0.577605226635933,50,0.21881435933250287,0.28778770089149475,0.5553401356935501,0.2535139012924079,0.033499821638954645,14,0.28,49,1.0,1.0,0.21723810097923504,0.0015762583532678287,0.0015762583532678287,0.2778871600152559,-0.024373258722847957,0.024373258722847957,0.04958955583856341,-0.01608973419960876,0.01608973419960876,0.1836734693877551,0.09632653061224491,0.09632653061224491,0.25
P-W4-V0043,val,prototype,4,0.5938494614192418,35,0.15748550397271027,0.26244909507887704,0.5935526468924114,0.2365743584895976,0.04217574513362707,8,0.22857142857142856,47,-12.0,12.0,0.190722235049,-0.033236731076289716,0.033236731076289716,0.24117370451136028,-0.004599346021762679,0.004599346021762679,0.044502077845435625,-0.002326332711808557,0.002326332711808557,0.2553191489361702,-0.02674772036474163,0.02674772036474163,0.25
P-W4-V0044,val,prototype,4,0.5993049523005118,52,0.2579880766392615,0.29798505168694717,0.5651395315161118,0.25136435947065827,0.0254818095940797,12,0.23076923076923078,49,3.0,3.0,0.216090831656,0.0418972449832615,0.0418972449832615,0.2696486302554025,-0.018284270784744205,0.018284270784744205,0.055635300937507064,-0.030153491343427364,0.030153491343427364,0.16326530612244897,0.06750392464678182,0.06750392464678182,0.25
P-W4-V0045,val,prototype,4,0.45814205918993267,49,0.14107072183909897,0.6613059244593795,0.6670895176274436,0.24914734451716425,0.04868408030190527,12,0.24489795918367346,28,21.0,21.0,0.10929263588000003,0.03177808595909894,0.03177808595909894,0.20368659970459368,0.045460744812570564,0.045460744812570564,0.06388906995622406,-0.015204989654318796,0.015204989654318796,0.35714285714285715,-0.11224489795918369,0.11224489795918369,0.25
P-W4-V0046,val,prototype,4,0.5311882424354554,25,0.09711884821895127,0.6295330989360809,0.6543871784210205,0.2316660088931878,0.04941010182373746,9,0.36,34,-9.0,9.0,0.13290886058100002,-0.03579001236204875,0.03579001236204875,0.23865092079526934,-0.006984911902081531,0.006984911902081531,0.06195377692777586,-0.0125436751040384,0.0125436751040384,0.29411764705882354,0.06588235294117645,0.06588235294117645,0.25
P-W4-V0047,val,prototype,4,0.4767139799454633,17,0.05877278078840771,0.6040782875874463,0.5685867824975182,0.2806307600795964,0.08452478393658212,4,0.23529411764705882,30,-13.0,13.0,0.11542496697549996,-0.05665218618709225,0.05665218618709225,0.26824865112149004,0.012382108958106375,0.012382108958106375,0.05709847918112854,0.02742630475545358,0.02742630475545358,0.3,-0.06470588235294117,0.06470588235294117,0.25
P-W4-V0048,val,prototype,4,0.5081556693595999,34,0.11571205063692368,0.6402503751656589,0.6879241957383997,0.2511334941869805,0.05541868524854273,12,0.35294117647058826,31,3.0,3.0,0.12109293123100001,-0.005380880594076334,0.005380880594076334,0.1857987079658169,0.0653347862211636,0.0653347862211636,0.05456763825889844,0.0008510469896442913,0.0008510469896442913,0.41935483870967744,-0.06641366223908918,0.06641366223908918,0.25
P-W4-V0049,val,prototype,4,0.5910655880967776,36,0.1556385651371738,0.5979013782408502,0.5561924903757043,0.2844951723550227,0.036930590199078635,10,0.2777777777777778,41,-5.0,5.0,0.18364870509300005,-0.02801013995582624,0.02801013995582624,0.282872446219802,0.0016227261352206868,0.0016227261352206868,0.0572415292418127,-0.020310939042734066,0.020310939042734066,0.1951219512195122,0.08265582655826559,0.08265582655826559,0.25
P-W4-V0050,val,prototype,4,0.49650096148252487,28,0.1103234994205653,0.6278702148369381,0.5308831690677575,0.287829076050898,0.037426385494387614,8,0.2857142857142857,42,-14.0,14.0,0.18754613078699994,-0.07722263136643465,0.07722263136643465,0.2915940575767959,-0.0037649815258978814,0.0037649815258978814,0.05518606577809041,-0.017759680283702797,0.017759680283702797,0.19047619047619047,0.09523809523809523,0.09523809523809523,0.25
P-W4-V0051,val,prototype,4,0.5580530890396663,7,0.027509684486252683,0.6275008022785187,0.38297896300043377,0.2663171373357008,0.1523686382667088,3,0.42857142857142855,29,-22.0,22.0,0.11686743589899999,-0.08935775141274731,0.08935775141274731,0.31734642549715925,-0.051029288161458464,0.051029288161458464,0.06056567393430499,0.09180296433240381,0.09180296433240381,0.27586206896551724,0.1527093596059113,0.1527093596059113,0.25
P-W4-V0052,val,prototype,4,0.5584779954145825,63,0.26039905188269974,0.5954145657874289,0.5075837648104108,0.2885831658280376,0.0326624428691645,16,0.25396825396825395,49,14.0,14.0,0.23017622424749998,0.03022282763519976,0.03022282763519976,0.2893197225080052,-0.0007365566799675816,0.0007365566799675816,0.04856172225062733,-0.015899279381462836,0.015899279381462836,0.22448979591836735,0.029478458049886608,0.029478458049886608,0.25
P-W4-V0053,val,prototype,4,0.5031015008103614,51,0.23424468571565193,0.6002837098112294,0.48389636564488503,0.2704814551709734,0.03440539865716146,16,0.3137254901960784,49,2.0,2.0,0.220226732949,0.014017952766651937,0.014017952766651937,0.29130486690709745,-0.020823411736124064,0.020823411736124064,0.055058242499795795,-0.020652843842634334,0.020652843842634334,0.22448979591836735,0.08923569427771108,0.08923569427771108,0.25
P-W4-V0054,val,prototype,4,0.5166372878210885,35,0.15927279759846175,0.6385283929961069,0.5497383884021214,0.2629898114794175,0.03583150661813695,10,0.2857142857142857,40,-5.0,5.0,0.17555318568649997,-0.016280388088038222,0.016280388088038222,0.29059798651888274,-0.02760817503946522,0.02760817503946522,0.04993471730466248,-0.014103210686525529,0.014103210686525529,0.25,0.0357142857142857,0.0357142857142857,0.25
P-W4-V0055,val,prototype,4,0.5138974173201455,36,0.16071150926855052,0.6136810299423006,0.5117696912752258,0.26407702609712574,0.048014707775472384,9,0.25,44,-8.0,8.0,0.20030798126899999,-0.03959647200044947,0.03959647200044947,0.2964264186248794,-0.03234939252775365,0.03234939252775365,0.05544215559487402,-0.007427447819401634,0.007427447819401634,0.22727272727272727,0.022727272727272735,0.022727272727272735,0.25
P-W4-V0056,val,prototype,4,0.5186542608799078,39,0.15781970635129433,0.6327223158799685,0.5447747940436388,0.28027884476086373,0.04458967222938071,9,0.23076923076923078,35,4.0,4.0,0.1849918783365,-0.027172171985205662,0.027172171985205662,0.2870240334967262,-0.006745188735862495,0.006745188735862495,0.057885258657583184,-0.013295586428202472,0.013295586428202472,0.22857142857142856,0.0021978021978022177,0.0021978021978022177,0.25
P-W4-V0057,val,prototype,4,0.5012645085270588,52,0.1951919107275609,0.281472648279025,0.5798461637817897,0.2476613717864958,0.025955009761507115,11,0.21153846153846154,47,5.0,5.0,0.19543340650000002,-0.0002414957724391209,0.0002414957724391209,0.26690701861771454,-0.019245646831218738,0.019245646831218738,0.050269389156705105,-0.02431437939519799,0.02431437939519799,0.19148936170212766,0.020049099836333878,0.020049099836333878,0.25
P-W4-V0058,val,prototype,4,0.535221353555337,39,0.1465690074123574,0.28450963818109953,0.6102802474529315,0.24220703018525297,0.0426291223542487,10,0.2564102564102564,44,-5.0,5.0,0.18570174348850002,-0.03913273607614262,0.03913273607614262,0.25787297017279487,-0.0156659399875419,0.0156659399875419,0.05257592062716205,-0.009946798272913351,0.009946798272913351,0.22727272727272727,0.029137529137529122,0.029137529137529122,0.25
P-W4-V0059,val,prototype,4,0.5363614916801452,35,0.1263053743061526,0.2814769732100623,0.6485538065433503,0.21769656130173015,0.04279269039180215,8,0.22857142857142856,46,-11.0,11.0,0.178160674903,-0.0518553005968474,0.0518553005968474,0.22710603657783643,-0.009409475276106277,0.009409475276106277,0.0501972327204365,-0.007404542328634349,0.007404542328634349,0.21739130434782608,0.011180124223602483,0.011180124223602483,0.25
P-W4-V0060,val,prototype,4,0.5794957435649374,46,0.17685606452938965,0.28438593641571375,0.5910963788628578,0.2605435283120099,0.03391413264046774,10,0.21739130434782608,47,-1.0,1.0,0.19591287259849996,-0.01905680806911031,0.01905680806911031,0.2659805593791032,-0.005437031067093312,0.005437031067093312,0.04734402334134732,-0.013429890700879576,0.013429890700879576,0.2127659574468085,0.0046253469010175685,0.0046253469010175685,0.25
P-W4-V0061,val,prototype,4,0.5052561862128121,35,0.11192979446328566,0.2426276900938579,0.6660275442259652,0.22447382911211192,0.033956069891230796,9,0.2571428571428571,40,-5.0,5.0,0.13618203081599997,-0.024252236352714313,0.024252236352714313,0.2313004180637975,-0.006826588951685586,0.006826588951685586,0.04556703470602831,-0.011610964814797516,0.011610964814797516,0.25,0.0071428571428571175,0.0071428571428571175,0.25
P-W4-V0062,val,prototype,4,0.5170830441148657,57,0.2280277884429115,0.2916403901681565,0.5941373258829117,0.24964163776574919,0.03459440347938367,13,0.22807017543859648,57,0.0,0.0,0.23450754880400002,-0.006479760361088521,0.006479760361088521,0.26039443626696124,-0.010752798501212052,0.010752798501212052,0.04888455920849076,-0.014290155729107093,0.014290155729107093,0.17543859649122806,0.05263157894736842,0.05263157894736842,0.25
P-W4-V0063,val,prototype,4,0.5588459080120303,53,0.23744585951203703,0.27994944605062594,0.5604795844487425,0.2596023680923748,0.029010835190954157,11,0.20754716981132076,51,2.0,2.0,0.21378422959100002,0.023661629921037014,0.023661629921037014,0.27935465099489953,-0.01975228290252473,0.01975228290252473,0.05063985307058653,-0.02162901787963237,0.02162901787963237,0.17647058823529413,0.031076581576026635,0.031076581576026635,0.25
P-W4-V0064,val,prototype,4,0.5967530707518259,51,0.21699672488423444,0.2828000257996952,0.5735519113493901,0.26186191424285643,0.03323412594598534,10,0.19607843137254902,48,3.0,3.0,0.20760457770050003,0.009392147183734406,0.009392147183734406,0.2670988842516862,-0.005236970008829778,0.005236970008829778,0.05264597762266602,-0.019411851676680678,0.019411851676680678,0.16666666666666666,0.02941176470588236,0.02941176470588236,0.25
P-W5-V0001,val,prototype,5,0.4435369297862053,32,0.15003579773023396,0.32660904061049223,0.37577644892735407,0.29411992038038526,0.03937741328025757,13,0.40625,53,-21.0,21.0,0.23663650347200002,-0.08660070574176607,0.08660070574176607,0.2870203525774627,0.007099567802922535,0.007099567802922535,0.05018915319611301,-0.01081173991585544,0.01081173991585544,0.33962264150943394,0.06662735849056606,0.06662735849056606,0.25
P-W5-V0002,val,prototype,5,0.5930849145620297,39,0.16790638985848277,0.2659476712728158,0.5820069935841438,0.2676708747022136,0.043214881192001654,7,0.1794871794871795,44,-5.0,5.0,0.18543267641749997,-0.017526286559017196,0.017526286559017196,0.2700877293608411,-0.002416854658627454,0.002416854658627454,0.04935607124682282,-0.006141190054821166,0.006141190054821166,0.25,-0.07051282051282051,0.07051282051282051,0.25
P-W5-V0003,val,prototype,5,0.526410391517714,51,0.21939769160961964,0.3516874657213396,0.5541867231037102,0.3282740535458744,0.04514918937741466,9,0.17647058823529413,44,7.0,7.0,0.19683125098299997,0.022566440626619666,0.022566440626619666,0.25683010099652115,0.07144395254935326,0.07144395254935326,0.05582782700003727,-0.010678637622622611,0.010678637622622611,0.25,-0.07352941176470587,0.07352941176470587,0.25
P-W5-V0004,val,prototype,5,0.5121592642093191,49,0.2248282462670792,0.26561137121550893,0.5963029840162822,0.2648269189308015,0.026120309566544975,11,0.22448979591836735,43,6.0,6.0,0.19887499668199995,0.025953249585079247,0.025953249585079247,0.2569200156588145,0.00790690327198701,0.00790690327198701,0.05134122981241615,-0.025220920245871175,0.025220920245871175,0.27906976744186046,-0.054579971523493115,0.054579971523493115,0.25
P-W5-V0005,val,prototype,5,0.5755460549864853,57,0.2946937676360558,0.2928749621894799,0.5322646396724802,0.2583355088396673,0.027810468422355364,14,0.24561403508771928,52,5.0,5.0,0.254308213098,0.04038555453805581,0.04038555453805581,0.2884439661626882,-0.030108457323020865,0.030108457323020865,0.047485791435324165,-0.0196753230129688,0.0196753230129688,0.21153846153846154,0.03407557354925775,0.03407557354925775,0.25
P-W5-V0006,val,prototype,5,0.5665699735931728,46,0.23431118651760763,0.2987219091180874,0.5236011649603429,0.2684319751954262,0.043270861220509736,10,0.21739130434782608,51,-5.0,5.0,0.256033244193,-0.02172205767539237,0.02172205767539237,0.2723266359747488,-0.0038946607793226007,0.0038946607793226007,0.050860780814288624,-0.007589919593778888,0.007589919593778888,0.17647058823529413,0.04092071611253195,0.04092071611253195,0.25
P-W5-V0007,val,prototype,5,0.5156735898210452,52,0.23385652168942034,0.27944117012576986,0.5376358009301699,0.26944639293248696,0.0345558609256917,11,0.21153846153846154,49,3.0,3.0,0.233836705528,1.9816161420327383e-05,1.9816161420327383e-05,0.28289298216298664,-0.013446589230499684,0.013446589230499684,0.05354579884419558,-0.018989937918503882,0.018989937918503882,0.1836734693877551,0.027864992150706425,0.027864992150706425,0.25
P-W5-V0008,val,prototype,5,0.5383112009229332,58,0.2901703247971436,0.2864233985029418,0.5518144664579424,0.2719622619801524,0.028385503028067832,12,0.20689655172413793,53,5.0,5.0,0.2491509543215,0.04101937047564361,0.04101937047564361,0.28267100284836577,-0.010708740868213384,0.010708740868213384,0.051711158628527154,-0.023325655600459322,0.023325655600459322,0.18867924528301888,0.018217306441119047,0.018217306441119047,0.25
P-W5-V0009,val,prototype,5,0.5389318453768889,48,0.2506570587620772,0.282131632634749,0.5280878745640317,0.2589540307049291,0.034589815551414736,12,0.25,46,2.0,2.0,0.24351974936499998,0.0071373093970772405,0.0071373093970772405,0.2742811615631306,-0.015327130858201476,0.015327130858201476,0.05548042781442167,-0.02089061226300693,0.02089061226300693,0.17391304347826086,0.07608695652173914,0.07608695652173914,0.25
P-W5-V0010,val,prototype,5,0.5279490575194359,40,0.228719979883668,0.2857997689396143,0.494552069157362,0.255027861449028,0.04463474734211702,10,0.25,49,-9.0,9.0,0.264541786554,-0.035821806670332024,0.035821806670332024,0.2818117574060237,-0.026783895956995707,0.026783895956995707,0.049781875605837085,-0.005147128263720067,0.005147128263720067,0.22448979591836735,0.025510204081632654,0.025510204081632654,0.25
P-W5-V0011,val,prototype,5,0.5285337009915599,54,0.2622055048029686,0.2795373215167611,0.4690412931420185,0.26968074148561044,0.032510958162241414,11,0.2037037037037037,52,2.0,2.0,0.25504802972600005,0.007157475076968567,0.007157475076968567,0.28128387250588605,-0.011603131020275603,0.011603131020275603,0.05217354750701934,-0.019662589344777923,0.019662589344777923,0.19230769230769232,0.011396011396011374,0.011396011396011374,0.25
P-W5-V0012,val,prototype,5,0.5169334025294693,27,0.1391107488510871,0.28625908493995667,0.4173192514313592,0.22018764976397762,0.04451394620083256,8,0.2962962962962963,56,-29.0,29.0,0.2114608693865,-0.0723501205354129,0.0723501205354129,0.2805932042890719,-0.0604055545250943,0.0604055545250943,0.04508241259113843,-0.0005684663903058745,0.0005684663903058745,0.23214285714285715,0.06415343915343913,0.06415343915343913,0.25
P-W5-V0013,val,prototype,5,0.4992705439367602,31,0.15382251561675095,0.2791324560680697,0.44518566275796584,0.25107102826799216,0.04592248394878631,7,0.22580645161290322,48,-17.0,17.0,0.219660347723,-0.06583783210624905,0.06583783210624905,0.2849623725057433,-0.03389134423775114,0.03389134423775114,0.04711237313546896,-0.001189889186682648,0.001189889186682648,0.16666666666666666,0.05913978494623656,0.05913978494623656,0.25
P-W5-V0014,val,prototype,5,0.5589344405903006,53,0.2257945813486231,0.2928291713854052,0.5712133558853617,0.2556073970311168,0.028158775318599817,13,0.24528301886792453,49,4.0,4.0,0.21270104429099998,0.013093537057623117,0.013093537057623117,0.26771214244665903,-0.01210474541554224,0.01210474541554224,0.05096848774362479,-0.02280971242502497,0.02280971242502497,0.20408163265306123,0.0412013862148633,0.0412013862148633,0.25
P-W5-V0015,val,prototype,5,0.5892550396648321,44,0.19821530585008373,0.27230251648209314,0.4738103909925981,0.246651012174326,0.0351584060094601,12,0.2727272727272727,57,-13.0,13.0,0.23490562329199996,-0.036690317441916226,0.036690317441916226,0.28683436672328,-0.040183354548954,0.040183354548954,0.04424088328609441,-0.009082477276634304,0.009082477276634304,0.19298245614035087,0.07974481658692184,0.07974481658692184,0.25
P-W6-V0001,val,prototype,6,0.5623250179371592,59,0.3035936183092874,0.2815765299029269,0.5763130008669223,0.25506585958319355,0.026547146342170265,13,0.22033898305084745,50,9.0,9.0,0.27343482236699995,0.03015879594228743,0.03015879594228743,0.2835006266869553,-0.02843476710376175,0.02843476710376175,0.05142069386165843,-0.024873547519488164,0.024873547519488164,0.24,-0.019661016949152538,0.019661016949152538,0.25
P-W6-V0002,val,prototype,6,0.47056359434739137,39,0.1965057142430821,0.27227399421808046,0.5041108456177589,0.28280880512975703,0.04783310209091326,7,0.1794871794871795,55,-16.0,16.0,0.27606226786250004,-0.07955655361941794,0.07955655361941794,0.277621483790842,0.00518732133891503,0.00518732133891503,0.04647183107307455,0.001361271017838707,0.001361271017838707,0.16363636363636364,0.015850815850815853,0.015850815850815853,0.25
P-W6-V0003,val,prototype,6,0.5282344735901932,58,0.3159206366073461,0.32817293122282315,0.4934610130329584,0.26052444703839145,0.03788081110119354,16,0.27586206896551724,55,3.0,3.0,0.31184022089200003,0.004080415715346064,0.004080415715346064,0.28834538574699065,-0.027820938708599197,0.027820938708599197,0.0531824267532909,-0.01530161565209736,0.01530161565209736,0.23636363636363636,0.03949843260188088,0.03949843260188088,0.25
P-W6-V0004,val,prototype,6,0.552837461233139,26,0.18063480631641368,0.3742916618402188,0.3893333514435933,0.23369306529017503,0.03965889296621064,9,0.34615384615384615,22,4.0,4.0,0.165014107079,0.015620699237413688,0.015620699237413688,0.23676032293817137,-0.003067257647996341,0.003067257647996341,0.07836924152954733,-0.03871034856333669,0.03871034856333669,0.3181818181818182,0.02797202797202797,0.02797202797202797,0.25
P-W6-V0005,val,prototype,6,0.5280410213314969,46,0.2766190277513155,0.3216461024206618,0.5513821628916523,0.25937538614280875,0.03370010485382689,13,0.2826086956521739,48,-2.0,2.0,0.29342342989900005,-0.016804402147684527,0.016804402147684527,0.284118694810196,-0.024743308667387276,0.024743308667387276,0.05353275273870858,-0.01983264788488169,0.01983264788488169,0.22916666666666666,0.053442028985507234,0.053442028985507234,0.25
P-W6-V0006,val,prototype,6,0.5298856561248367,37,0.19526680240530464,0.28976878040545695,0.5438311281236442,0.2734759870826391,0.03381444111334586,8,0.21621621621621623,52,-15.0,15.0,0.253504663117,-0.058237860711695344,0.058237860711695344,0.2716284939793443,0.001847493103294795,0.001847493103294795,0.050170651999394376,-0.016356210886048515,0.016356210886048515,0.17307692307692307,0.043139293139293156,0.043139293139293156,0.25
P-W6-V0007,val,prototype,6,0.5787178019159719,38,0.2002347657758713,0.2704107859417012,0.5436874675123315,0.27826459102388995,0.04481529205477932,8,0.21052631578947367,51,-13.0,13.0,0.26772885218000003,-0.06749408640412874,0.06749408640412874,0.2856064981585352,-0.007341907134645276,0.007341907134645276,0.052872620052840685,-0.008057327998061366,0.008057327998061366,0.19607843137254902,0.014447884416924656,0.014447884416924656,0.25
P-W6-V0008,val,prototype,6,0.5341967417269337,49,0.2849458219993066,0.29263725755166037,0.5258818128887488,0.2753408831647839,0.028563779691600018,10,0.20408163265306123,47,2.0,2.0,0.26895194032599995,0.015993881673306676,0.015993881673306676,0.2733991136835863,0.0019417694811975639,0.0019417694811975639,0.05449026279419067,-0.02592648310259065,0.02592648310259065,0.1702127659574468,0.033868866695614425,0.033868866695614425,0.25
P-W6-V0009,val,prototype,6,0.5188669231804934,55,0.3089713596747097,0.29123229926282707,0.5163461303169077,0.26202385429118175,0.02757109358154866,13,0.23636363636363636,49,6.0,6.0,0.266600851552,0.042370508122709705,0.042370508122709705,0.27168577808224054,-0.00966192379105879,0.00966192379105879,0.05325918966025826,-0.025688096078709602,0.025688096078709602,0.1836734693877551,0.05269016697588125,0.05269016697588125,0.25
P-W6-V0010,val,prototype,6,0.5432484646638235,42,0.23026651884482097,0.3168826312536285,0.5105637904433977,0.30354775311880533,0.04392130739849552,9,0.21428571428571427,41,1.0,1.0,0.24217815791950004,-0.01191163907467907,0.01191163907467907,0.28362115973762836,0.01992659338117697,0.01992659338117697,0.06016736367673911,-0.01624605627824359,0.01624605627824359,0.1951219512195122,0.019163763066202072,0.019163763066202072,0.25
P-W6-V0011,val,prototype,6,0.5519028973800165,54,0.26956166870321624,0.2825619700468249,0.515881535631639,0.26316583827500484,0.033890985971958644,13,0.24074074074074073,59,-5.0,5.0,0.28040850003699996,-0.010846831333783724,0.010846831333783724,0.2705101041886813,-0.007344265913676484,0.007344265913676484,0.04783258861271314,-0.013941602640754495,0.013941602640754495,0.1694915254237288,0.07124921531701192,0.07124921531701192,0.25
P-W6-V0012,val,prototype,6,0.45290611883004506,30,0.14974732294273768,0.3002066967387994,0.49079133619864784,0.3005054466644658,0.046848321016429086,6,0.2,54,-24.0,24.0,0.23822708631349998,-0.0884797633707623,0.0884797633707623,0.3036123891617391,-0.0031069424972732795,0.0031069424972732795,0.04631675474389017,0.0005315662725389123,0.0005315662725389123,0.16666666666666666,0.033333333333333354,0.033333333333333354,0.25
