job_id,site,frame_index,timestamp_seconds,bbox_annotation_available,object_count,bbox_area_ratio,center_x,center_y,center_spread,mean_nearest_neighbor_distance,max_grid_fraction,track_match_count,tracked_speed_per_second,tracked_direction_x,tracked_direction_y,tracked_direction_degrees,tracked_coherence,flow_roi_pixels,flow_speed_per_second,flow_p90_speed_per_second,flow_direction_x,flow_direction_y,flow_direction_degrees,flow_divergence_per_second,flow_convergence_per_second,flow_coherence
job_000004,Bulgaria,0,0.0,True,14,0.0669708585382909,0.5411448660714285,0.596039847883598,0.2741946215758526,0.10018693455618376,0.2857142857142857,0,,,,,,0,,,,,,,,
job_000004,Bulgaria,1,0.05317773584905661,True,11,0.057396713064174834,0.5114544871367428,0.5744232317557315,0.24965303592461063,0.10162809710474065,0.2727272727272727,11,0.05717136107191833,-0.015762188986897907,-0.00781637515251143,-153.62346233185698,0.3077382548612279,7936,0.008213129825890064,0.02079809457063675,-0.0021888234186917543,0.00033709616400301456,171.24478317710552,-0.056232839822769165,0.056232839822769165,0.26964495707640396
job_000004,Bulgaria,2,0.10635547169811321,True,12,0.058283439644693666,0.5398764150532479,0.5820526636869442,0.25691492432872576,0.10079503651596794,0.25,11,0.07585776896278239,-0.009550892656578078,0.048145915103237395,101.22031893340441,0.6470543337339223,8089,0.024939101189374924,0.07762587815523148,-0.0044962381944060326,0.007537189405411482,120.81778488437922,-0.09932885318994522,0.09932885318994522,0.35191366670307067
job_000004,Bulgaria,3,0.15953320754716982,True,13,0.05994422155694686,0.5155639718191911,0.5779428520233316,0.26152185956580076,0.10362258498635765,0.23076923076923078,12,0.10235905611000867,-0.02644909559998707,0.0644944641703182,112.29847002868547,0.6810064487287225,8423,0.018125779926776886,0.05152496322989464,-0.003332309192046523,0.0062438370659947395,118.088650170453,0.17348402738571167,0.0,0.3904612001112509
job_000004,Bulgaria,4,0.21271094339622643,True,14,0.06574462595745745,0.5347232363577763,0.6039066234835371,0.2781471338384463,0.10803872532548954,0.21428571428571427,12,0.053477185024316025,-0.015028618039885255,0.01984445727765211,127.13740020889968,0.46548837489062606,9189,0.01907220482826233,0.048705749213695526,-0.004204668570309877,0.005885032936930656,125.54459848103406,0.1977127194404602,0.0,0.37923052750428476
job_000004,Bulgaria,5,0.26588867924528303,True,13,0.06114571323206154,0.5142597425622383,0.5805357282397795,0.26255838324879893,0.10556149887868,0.23076923076923078,13,0.04991374567834939,-0.012360617836200186,0.041029703384495395,106.76546508999357,0.8585040816738835,8611,0.02269342914223671,0.0614684522151947,-0.008192794397473335,0.010527551174163818,127.89091498413912,0.15116456151008606,0.0,0.5878281115526263
job_000004,Bulgaria,6,0.31906641509433964,True,14,0.06241808660268846,0.5399674194352024,0.5890668072726886,0.2739553871016594,0.09585129013178702,0.21428571428571427,13,0.06202487588456056,-0.032727446794415686,0.037456276396703944,131.14535858531863,0.8019348198980409,8767,0.04236645624041557,0.08900918811559677,-0.020897114649415016,0.0237144585698843,131.38641234995225,-0.11269940435886383,0.11269940435886383,0.7460616592923882
job_000004,Bulgaria,7,0.37224415094339625,True,12,0.06150985440297707,0.482074660470563,0.5677620728007137,0.24727481667050158,0.11431907203475451,0.25,12,0.040886276387406724,-0.011750723330596015,0.015942299611823457,126.3931222869769,0.48439136848286285,8577,0.018625760450959206,0.02597586251795292,-0.011411276645958424,0.010120569728314877,138.43043838452465,-0.06689538061618805,0.06689538061618805,0.8189005011694239
job_000004,Bulgaria,8,0.42542188679245285,True,13,0.06586212973218558,0.512095231014274,0.5815340060790108,0.2649049737095023,0.10349596414020391,0.23076923076923078,12,0.03223650274155262,-0.007032812315501513,0.0014309225925614266,168.49936824241814,0.22263291618469278,9093,0.01725182682275772,0.021135780960321426,-0.01003317255526781,0.009179293178021908,137.5447806027924,-0.08530040830373764,0.08530040830373764,0.7882455358667264
job_000004,Bulgaria,9,0.47859962264150946,True,13,0.06570022196490898,0.5118520971492695,0.5808802187950618,0.2652306710929156,0.10275991678225867,0.23076923076923078,13,0.02656136634540351,-0.004572098851567333,-0.012294379847329423,-110.39942670971543,0.49383779773245795,9111,0.01764603704214096,0.019282149150967598,-0.008915622718632221,0.010820801369845867,129.48625939192723,-0.05481291189789772,0.05481291189789772,0.7945483821758937
job_000004,Bulgaria,10,0.5317773584905661,True,13,0.06644689904212056,0.5116037986935239,0.5819912779068949,0.26723308812906504,0.10431562353980531,0.23076923076923078,13,0.06526920926983976,-0.004669218269286077,0.020893313603778538,102.59741262348585,0.328006017351004,9261,0.03127726539969444,0.04959825426340103,-0.011577799916267395,0.020256754010915756,119.75023699867208,-0.19666282832622528,0.19666282832622528,0.745972671025265
job_000004,Bulgaria,11,0.5849550943396227,True,13,0.06535891702606533,0.5113685445870658,0.5836944562727191,0.26721953158843664,0.10422967652384006,0.23076923076923078,13,0.050865530798653975,-0.004423921077156085,0.032028034639507284,97.86430458838157,0.6356391251682788,9133,0.012906943447887897,0.030195854604244232,-0.003486966248601675,0.0027216703165322542,142.02701077859993,-0.05660100281238556,0.05660100281238556,0.3427143671298252
job_000004,Bulgaria,12,0.6381328301886793,True,13,0.06442520944425044,0.5107953581108406,0.5840790109871301,0.26745908352558656,0.10256184467292145,0.23076923076923078,13,0.04102339895834406,-0.010778692756912196,0.007231498450827277,146.14207034043616,0.3163995213860983,8914,0.01030625868588686,0.018197713419795036,-0.004202151205390692,0.0021214967127889395,153.21263077645187,-0.0711522027850151,0.0711522027850151,0.4567434266126503
job_000004,Bulgaria,13,0.6913105660377359,True,13,0.06476709379379288,0.5113698361588299,0.5846160725123667,0.26812614443046295,0.10339256175122309,0.23076923076923078,13,0.0397161300025917,0.01080298058608501,0.010099368028022141,43.07204376113689,0.37235662091814475,9014,0.011289007030427456,0.01825067028403282,-0.004509573336690664,0.0034170381259173155,142.84770588981212,-0.07691549509763718,0.07691549509763718,0.5011911368781898
job_000004,Bulgaria,14,0.7444883018867925,True,13,0.0651860473233016,0.5099249843055399,0.5856411575942922,0.2692868612187398,0.10163145832676436,0.23076923076923078,13,0.05308227961790339,-0.027170240143189715,0.019276583810096413,144.64528327415192,0.6275877876757351,9048,0.019415531307458878,0.03463410958647728,-0.006843362003564835,0.009015712887048721,127.20025585609405,-0.21704086661338806,0.21704086661338806,0.582975324123797
job_000004,Bulgaria,15,0.7976660377358491,True,12,0.06348440809346159,0.5406586463266801,0.5881494004309257,0.25713894881135496,0.1046970312789673,0.25,12,0.019066230940801312,-0.0030752842712965835,-0.0011666648896724696,-159.22485020738378,0.17251159097567792,8908,0.009782965295016766,0.01778596267104149,-0.0021542783360928297,0.003924834541976452,118.76167266149434,-0.09117662906646729,0.09117662906646729,0.45765175459172974
job_000004,Bulgaria,16,0.8508437735849057,True,12,0.0646408131376006,0.5401235979733509,0.5871017888282859,0.2574513002527323,0.10615745017409169,0.25,12,0.03179351654781228,-0.010061510607520266,-0.019700191930196443,-117.05483717542224,0.6957657503758145,9016,0.011601951904594898,0.028129328042268753,-0.0033847398590296507,0.0035323798656463623,133.7772562325427,-0.13835136592388153,0.13835136592388153,0.42167527602123767
job_000004,Bulgaria,17,0.9040215094339623,True,12,0.06541131103236683,0.5388081402032658,0.5870248159808263,0.25895152261189625,0.10809082118576531,0.25,12,0.03233113178356703,-0.02473700222625023,-0.001447463797218512,-176.65120665517284,0.7664227388146808,8925,0.012593275867402554,0.030775057151913643,-0.0025263011921197176,0.00437586847692728,119.99894283635409,-0.1252022087574005,0.1252022087574005,0.40122712428125723
job_000004,Bulgaria,18,0.9571992452830189,True,12,0.06468340236419548,0.5396589154523203,0.5869254454287183,0.2583543758982362,0.10855944049767646,0.25,12,0.032436004756125084,0.01599871140563872,-0.0018686495489427673,-6.661961983185265,0.4965923204644808,8948,0.022626496851444244,0.06526269763708115,-0.0001695022074272856,0.007204211782664061,91.34781846002763,-0.1486489474773407,0.1486489474773407,0.3184852518643122
job_000004,Bulgaria,19,1.0103769811320755,True,12,0.06313786739486972,0.5395515476988318,0.5892084732662672,0.2585349866769774,0.10714164059563071,0.25,12,0.0541170612519328,-0.002019035819670663,0.042932024109285455,92.69256020247347,0.794194532625455,8836,0.009829298593103886,0.02789243683218956,0.0008335010497830808,0.0028326851315796375,73.6037884952507,0.02832764945924282,0.0,0.3004045824183733
job_000004,Bulgaria,20,1.0635547169811321,True,12,0.06185818524350317,0.5401465161092884,0.5872555280678032,0.25762985996167687,0.10862225148860771,0.25,12,0.05930782467449464,0.011188299030732698,-0.03672486553408983,-73.05654457180742,0.6473230899840476,8549,0.00888762716203928,0.028000226244330406,0.0018757293000817299,0.001693117432296276,42.070826203687695,-0.028651786968111992,0.028651786968111992,0.2843117855864119
job_000004,Bulgaria,21,1.1167324528301887,True,12,0.061756950072664824,0.5395801967730995,0.589123318134895,0.2580855736009707,0.10684682816657416,0.25,12,0.04474609580655899,-0.010649557134144191,0.035123535014606765,106.86745489033558,0.8202398511251953,8581,0.007713571190834045,0.022377977147698402,0.00024351052707061172,0.0019424293423071504,82.85445513697547,-0.02924644947052002,0.02924644947052002,0.2537908193580285
job_000004,Bulgaria,22,1.1699101886792453,True,12,0.06026459858820134,0.5396812355415672,0.591171308535522,0.25900090231889555,0.10771351919979077,0.25,12,0.04453621819031539,0.0019000201278694593,0.03851217747291807,87.17557027427658,0.8657901330645595,8379,0.011282314546406269,0.029270699247717857,0.0024070898070931435,0.0013380695600062609,29.06910680770585,-0.01595795899629593,0.01595795899629593,0.24409877683228012
job_000004,Bulgaria,23,1.223087924528302,True,13,0.061260188062422324,0.5070933243291154,0.5956751377827487,0.27258351078771587,0.09480092016649241,0.23076923076923078,12,0.03385784935576561,-0.006051035519318695,-0.01614353679380554,-110.547360994218,0.5091972901997428,8458,0.0076516782864928246,0.02587515115737915,0.0008343133958987892,0.0015761376125738025,62.105920505774534,-0.020928865298628807,0.020928865298628807,0.23306473500456734
job_000004,Bulgaria,24,1.2762656603773586,True,12,0.060579037281457804,0.4781327947306933,0.5896780614372599,0.26225399925673026,0.09350645112612149,0.25,12,0.05705708467450968,0.003352095276841286,-0.04765039723732869,-85.97600362370471,0.837199413055408,8351,0.007597343996167183,0.023765845224261284,0.0007683949661441147,0.001593820983543992,64.26087948373798,-0.005258006043732166,0.005258006043732166,0.23289419767207126
job_000004,Bulgaria,25,1.3294433962264152,True,12,0.05991095175682345,0.4778593253926548,0.5903073869494807,0.2614213194326186,0.09135010373055204,0.25,12,0.039194384389163374,-0.0051425532447387685,0.01183437959839098,113.48704488921297,0.3292161845117414,8353,0.006904913578182459,0.020152054727077484,0.0004475657478906214,0.0015205730451270938,73.59872517620742,0.032860103994607925,0.0,0.22955730281585085
job_000004,Bulgaria,26,1.3826211320754718,True,12,0.05966613095390884,0.4778601337020743,0.5929998567652864,0.2626374519837551,0.09637829331200236,0.25,12,0.07545672457480994,1.5200147328447844e-05,0.050631524129728926,89.98279916951539,0.6710008511058293,8376,0.02109072543680668,0.051111653447151184,0.0015966749051585793,0.008391287177801132,79.22667649825023,0.00988147221505642,0.0,0.40500467402513574
job_000004,Bulgaria,27,1.4357988679245284,True,14,0.06215215985363858,0.5284986792627882,0.6246742123591559,0.28705322843203845,0.10118755105731239,0.21428571428571427,12,0.07617508916219212,0.008690886064388064,0.026266036153937494,71.69169251088157,0.3631963831773201,8653,0.013434812426567078,0.04049014672636986,0.0007525371620431542,0.008320946246385574,84.83229179175046,-0.06833690404891968,0.06833690404891968,0.6218848462375574
job_000004,Bulgaria,28,1.488976603773585,True,15,0.06177743110313844,0.5499838877257436,0.6266381891871171,0.28896711332335345,0.09695487019849429,0.2,14,0.04910217977590007,-0.002059188939023778,0.013335539791012626,98.77792106526195,0.2748062653987875,8594,0.013856702484190464,0.046862684190273285,-0.0007361482130363584,0.007921992801129818,95.30894299080629,-0.10547943413257599,0.10547943413257599,0.5741714119794287
job_000004,Bulgaria,29,1.5421543396226416,True,15,0.061718035097428105,0.5502588611335607,0.627604075787999,0.2895563327176486,0.09837340996451868,0.2,15,0.042808928406085654,0.005170837069811847,0.01816336452577518,74.10914284176481,0.4411476159778121,8708,0.01447993516921997,0.04905997961759567,-0.0011195058468729258,0.007663351949304342,98.3113007908787,0.03920474275946617,0.0,0.5348568246843148
job_000004,Bulgaria,30,1.5953320754716982,True,14,0.059781870726046425,0.5291936708814486,0.624503392682357,0.2877613911932157,0.10758650047636006,0.21428571428571427,14,0.05172544488994786,-0.005959185631034377,0.04123807732952907,98.22271304453292,0.80553051605327,8365,0.024834314361214638,0.0790194645524025,0.0037494676653295755,0.01414099894464016,75.14981172675671,0.04365115612745285,0.0,0.5890897379863628
job_000004,Bulgaria,31,1.6485098113207548,True,13,0.059147989945967934,0.5079398570145573,0.6018419997107477,0.27466815680872797,0.107459872865853,0.23076923076923078,13,0.07145017378213563,0.012860391434240441,0.009029405259623811,35.073064326701946,0.21992504663960866,8301,0.01696593128144741,0.0580286979675293,0.0013395044952630997,0.012121654115617275,83.69410946298554,0.2165137231349945,0.0,0.7188194017521764
job_000004,Bulgaria,32,1.7016875471698114,True,13,0.05980943593134702,0.5075800843431418,0.6034884007046138,0.274065681953716,0.10798429183487758,0.23076923076923078,13,0.05504935052863657,-0.006765475544813656,0.030960343978153053,102.32654784539685,0.5756820386260777,8393,0.02426540106534958,0.102454274892807,0.0032789898104965687,0.0198135394603014,80.60315345280681,0.07031882554292679,0.0,0.8276405816143785
job_000004,Bulgaria,33,1.754865283018868,True,13,0.06283873206839496,0.5224056260267754,0.6171595016051009,0.29238206259141364,0.10873798756960758,0.23076923076923078,12,0.06420664345563475,0.0056620536509541484,0.03789572555498807,81.50221907342168,0.5967665728958096,8778,0.02153743803501129,0.04495546966791153,0.004548900760710239,0.0078013259917497635,59.75382599336035,0.029277486726641655,0.0,0.41930150708778063
job_000004,Bulgaria,34,1.8080430188679246,True,14,0.06559960104681413,0.5279603165862392,0.6293008937632381,0.28506930621879384,0.11376743198455401,0.21428571428571427,12,0.08389209321812674,0.025820465844752487,0.001715112133670628,3.800262204880504,0.3084601290801989,9107,0.07498142123222351,0.28163576126098633,-0.020467817783355713,0.014516782946884632,144.65385938963692,0.5983415246009827,0.0,0.3346588649774016
job_000004,Bulgaria,35,1.8612207547169812,True,12,0.06142133947005668,0.49837182669220814,0.6148062160477133,0.2890620806777714,0.10836526912200996,0.25,12,0.06959532762273744,0.03880387911948039,0.024730041408201193,32.5097077757109,0.6611694133644246,8531,0.019204899668693542,0.046546828001737595,0.0013895633164793253,0.012839746661484241,83.82328551240543,0.010293093509972095,0.0,0.6724700338409081
job_000004,Bulgaria,36,1.9143984905660378,True,13,0.06391433882007624,0.5259577631960238,0.618129849689284,0.29492818222600736,0.11102904157045208,0.23076923076923078,12,0.06594373800764096,0.013245419796652086,0.038436623336522945,70.9858363954097,0.6165078094855959,8885,0.018226170912384987,0.037057455629110336,0.0014936380321159959,0.014163062907755375,83.9798339735367,-0.0014274069108068943,0.0014274069108068943,0.7813821567892781
job_000004,Bulgaria,37,1.9675762264150944,True,12,0.06056607283803268,0.5041399823971519,0.59128641986607,0.27799241992048007,0.10491381900055295,0.25,11,0.04863169223272665,0.01660838020688911,0.023334280182067704,54.55830413979095,0.5889441349011363,8327,0.02052677609026432,0.03187064081430435,0.0024546722415834665,0.017713259905576706,82.11030050813334,0.07812052965164185,0.0,0.8711807973903701
job_000004,Bulgaria,38,2.020753962264151,True,12,0.06047689787702883,0.5578012144148209,0.6059852890084441,0.28147670794795954,0.10886492062469011,0.25,11,0.03132673672154334,0.011471973441457638,-0.0031704961606968283,-15.449141070230915,0.3799318775756478,8440,0.015033584088087082,0.029750250279903412,0.0012620931956917048,0.009080612100660801,82.08728426130565,0.024865927174687386,0.0,0.6098279835398724
job_000004,Bulgaria,39,2.0739316981132077,True,14,0.06464795097813257,0.5198375264048699,0.6405512050215644,0.29201842977447695,0.12449581028562177,0.21428571428571427,11,0.03601207249607576,0.007373128462494788,-0.007791837908895343,-46.581552517490216,0.29788169243081336,9049,0.03177943080663681,0.04214939847588539,0.001266625477001071,0.026388879865407944,87.25200010751081,0.020032022148370743,0.0,0.8313320830532863
job_000004,Bulgaria,40,2.1271094339622643,True,13,0.0665817815106586,0.527876605450543,0.6240123689731484,0.2973352687844308,0.11401973062372174,0.23076923076923078,12,0.04845296040636657,0.012461089330362496,0.02638549276169529,64.72001699033618,0.6022337875290188,9298,0.028406545519828796,0.06361237168312073,0.003482055151835084,0.022268056869506836,81.11263159965915,-0.029572743922472,0.029572743922472,0.7934318203317077
job_000004,Bulgaria,41,2.180287169811321,True,13,0.06652564981557964,0.5277683937004624,0.6238439148010155,0.297429517543849,0.11390798583217093,0.23076923076923078,13,0.017883373016528606,-0.002034907059373494,-0.003167757510606198,-122.71591630482793,0.21053305120083937,9246,0.023918548598885536,0.040422797203063965,0.0026244656182825565,0.018127815797924995,81.76220494114341,-0.03054216504096985,0.03054216504096985,0.7657993894222416
job_000004,Bulgaria,42,2.2334649056603775,True,13,0.06604241279827602,0.5277496582893455,0.6279557897369137,0.2975105941293407,0.11610369863701495,0.23076923076923078,13,0.11097540197873693,-0.0003523168261593956,0.07732324195918563,90.26106157715932,0.6967674207729129,9299,0.05271567031741142,0.0745415985584259,0.009847350418567657,0.03970567509531975,76.07119179324998,0.03327605500817299,0.0,0.7760229143725302
job_000004,Bulgaria,43,2.286642641509434,True,13,0.0665512006548711,0.5288882932849599,0.6294294435160489,0.2982839876172251,0.11741960437939483,0.23076923076923078,13,0.0731684096809844,0.02141187430104929,0.027711856392646783,52.30813242689824,0.4786247718336628,9265,0.02777099609375,0.028842883184552193,0.005415639374405146,0.0188346728682518,73.95817155359947,0.13338027894496918,0.0,0.7056933520607792
job_000004,Bulgaria,44,2.3398203773584907,True,14,0.07017630379666585,0.5138357707344876,0.6494377249399589,0.29791006559333394,0.11313471814096689,0.21428571428571427,12,0.04731107206241388,0.00281978741242162,0.015306773615865611,79.5620953219441,0.3289786973687897,9834,0.05172029882669449,0.3031247556209564,-0.01377070788294077,0.036795031279325485,110.51859067622927,-0.10441296547651291,0.10441296547651291,0.7596144841965811
job_000004,Bulgaria,45,2.3929981132075473,True,13,0.06526027663623171,0.5393933561187106,0.6296189824673518,0.29112625903859124,0.11858706468812122,0.23076923076923078,12,0.14108265569085962,-0.031861841401530235,0.019997999914405606,147.88567239018667,0.2666364199518632,9138,0.025868386030197144,0.021406540647149086,-0.013356463983654976,0.015988515689969063,129.87466028775867,-0.02454722300171852,0.02454722300171852,0.805358826063155
job_000004,Bulgaria,46,2.446175849056604,True,12,0.06005561005447965,0.5567739256473597,0.6036611936655979,0.27696847885573844,0.10644907452789243,0.25,11,0.03815736253436456,-0.01854162742590915,0.0008928912780470044,177.24299223260152,0.4864883942593445,8408,0.008496405556797981,0.016604937613010406,0.0020765967201441526,0.0006692240131087601,17.86255371879168,0.028981352224946022,0.0,0.2567872612248133
job_000004,Bulgaria,47,2.4993535849056605,True,14,0.06943941778641367,0.5578669897292868,0.6327167790541972,0.28892816964201384,0.10761021323869145,0.21428571428571427,12,0.02237272355130224,0.003474730038958617,-0.004691665866662641,-53.475702801810726,0.26095512739830046,9712,0.01718524843454361,0.08759162575006485,-0.013146929442882538,0.004516540560871363,161.04018033185963,-0.014141827821731567,0.014141827821731567,0.8088978897483097
job_000004,Bulgaria,48,2.552531320754717,True,14,0.06877013547012725,0.5589111588211804,0.6317835041933286,0.2901569790276347,0.10645083508471621,0.21428571428571427,13,0.04685559237611436,-0.0014439074346057064,-0.0292028786752885,-92.8306279271378,0.6240141611591473,9536,0.013402913697063923,0.04423922300338745,-0.009423545561730862,0.0015186651144176722,170.84512917012995,-0.04832012206315994,0.04832012206315994,0.7121684678702541
job_000004,Bulgaria,49,2.6057090566037737,True,14,0.06805721275591177,0.5593822196958881,0.6312262845239373,0.29038536173872925,0.10672941002488537,0.21428571428571427,14,0.03730145113966671,0.00885823488320144,-0.010478439153051125,-49.78957928909135,0.36784108457279385,9465,0.013901656493544579,0.048454977571964264,-0.009729367680847645,0.0026495950296521187,164.76608977410808,-0.0679979994893074,0.0679979994893074,0.7253593992991749
job_000004,Bulgaria,50,2.6588867924528303,True,14,0.06728801628799724,0.5585823976007057,0.6298610375548078,0.29087547487485904,0.10763101994916291,0.2857142857142857,14,0.05467435230764459,-0.015040544363391495,-0.025673281258246382,-120.36365976237242,0.5442146825026075,9446,0.023708799853920937,0.08782687783241272,-0.015578029677271843,0.005576223600655794,160.30495068870985,-0.10618756711483002,0.10618756711483002,0.6978832664141223
job_000004,Bulgaria,51,2.712064528301887,True,14,0.06828606310244524,0.5573444709233015,0.6298936336445929,0.290152835462296,0.10724717468234653,0.2857142857142857,13,0.024759638237526513,-0.004185289834290587,0.003168794953345568,142.86966160162152,0.21202099248197934,9546,0.008538817055523396,0.032325200736522675,-0.004964477848261595,0.001656155101954937,161.55124633321705,-0.04743940010666847,0.04743940010666847,0.6128998389509758
job_000004,Bulgaria,52,2.7652422641509435,True,13,0.0643319022046947,0.5349501980657861,0.6240387414922492,0.2888669280165372,0.11961506647856292,0.23076923076923078,13,0.06777127075049515,-0.022576129583868454,-0.02740784700716646,-129.4786396531572,0.5239499706780762,9054,0.007630931679159403,0.02393760159611702,-0.0034582193475216627,0.001275556511245668,159.75361616698962,-0.03029629960656166,0.03029629960656166,0.4830292627020405
job_000004,Bulgaria,53,2.81842,True,13,0.062329423237534556,0.5338523532178295,0.6245644623447357,0.28833627142086526,0.11883169568194729,0.23076923076923078,13,0.047437201073070846,-0.02064482119120005,0.009886108238582332,154.41181232137447,0.48252885291941194,8819,0.0071111624129116535,0.02468765527009964,-0.0033350507728755474,0.0010383127955719829,162.706888542772,0.020527983084321022,0.0,0.4911916929407076
job_000004,Bulgaria,54,2.8715977358490568,True,13,0.06502637099871943,0.5337987830670804,0.6264653679084855,0.28957893880965196,0.11993511769951591,0.23076923076923078,13,0.06120676338651624,-0.0010073793081574803,0.03574626736921226,91.61424714805484,0.5842566612784332,9158,0.009134258143603802,0.027201153337955475,-0.004236782900989056,0.0017419991781935096,157.64945481894136,-0.022308673709630966,0.022308673709630966,0.5015105488874902
job_000004,Bulgaria,55,2.9247754716981134,True,13,0.06474115847789012,0.5339848893221509,0.6276357648559827,0.2910315126571895,0.12230654089943846,0.23076923076923078,13,0.06309202857675687,0.0034997024995318117,0.02200915343254676,80.96496998274553,0.3532246939571908,9083,0.0038963283877819777,0.011679034680128098,-0.0006047196220606565,0.0002257157175336033,159.53156866000663,0.001726357964798808,0.0,0.1656614628844806
job_000004,Bulgaria,56,2.97795320754717,True,13,0.06386541485203527,0.5341742773863716,0.6276979987761954,0.29218229671910534,0.1238551215535903,0.23076923076923078,13,0.0351017294506835,0.003561416468695247,0.0011703002999071893,18.190796876626255,0.106797353433343,9002,0.00386112742125988,0.010528307408094406,-0.001319598755799234,-0.0004957072087563574,-159.41131344413648,-0.004732111468911171,0.004732111468911171,0.36508338468414825
job_000004,Bulgaria,57,3.0311309433962266,True,13,0.06517804096531636,0.5340468260764148,0.6314101128686122,0.2934888526376714,0.12027129009274515,0.23076923076923078,13,0.07799052600883008,-0.002396704333529945,0.06980579434508906,91.96641444639904,0.8955821929989848,9045,0.005175567697733641,0.01369732990860939,-0.0016700259875506163,-0.0005619310541078448,-161.40292111673648,-0.03611648827791214,0.03611648827791214,0.34045173804769274
job_000004,Bulgaria,58,3.084308679245283,True,13,0.06329132814851836,0.5335099388886417,0.6308410176992665,0.29377638465559625,0.1231155802369987,0.23076923076923078,13,0.043004507077758825,-0.010096089636032831,-0.010701756294417438,-133.33192636884488,0.34211606036622505,8881,0.010614026337862015,0.024617718532681465,-0.004104872699826956,0.0016136100748553872,158.540396379828,-0.057763028889894485,0.057763028889894485,0.4155479458966304
job_000004,Bulgaria,59,3.13748641509434,True,13,0.05930268555244096,0.5336485744525326,0.6290252874484885,0.2941351904167443,0.12360551253131732,0.23076923076923078,12,0.04148713346079366,-0.026349200700704914,0.0019258063058331084,175.81980765124814,0.6368114950068833,8341,0.007508442737162113,0.019912688061594963,-0.002044115914031863,-0.0006088116788305342,-163.4145643626117,0.0033967054914683104,0.0,0.28406062127555204
job_000004,Bulgaria,60,3.1906641509433964,True,13,0.05878736925304619,0.5324700636989227,0.6287631042407197,0.2927171501926637,0.12235020257883887,0.23076923076923078,13,0.052077112267080554,-0.022161732439210585,-0.0049303191191315,-167.45766814307933,0.43595991533002776,8238,0.008302854374051094,0.0206582173705101,-0.002105042804032564,0.0008871114114299417,157.14837042907533,-0.008680528029799461,0.008680528029799461,0.2751260851896373
job_000004,Bulgaria,61,3.243841886792453,True,13,0.05903954568926934,0.5335314491836235,0.6286503028450741,0.2938711967417999,0.12285061879104012,0.23076923076923078,13,0.04649247670483439,0.019959207885672067,-0.0021212147122211308,-6.0664804750904935,0.4317173767554459,8314,0.006650376599282026,0.016647009178996086,-0.003021251643076539,0.0004547344578895718,171.4405497728111,-0.012014455161988735,0.012014455161988735,0.45941480662428746
job_000004,Bulgaria,62,3.2970196226415096,True,12,0.05741432600974621,0.5111885910647656,0.6015401953465839,0.2779931584795249,0.11581386196669552,0.25,12,0.04725642050656496,-0.011956639152517672,0.015205428269698342,128.17939252416292,0.409328038293955,8001,0.010320129804313183,0.027683166787028313,-0.005049617029726505,0.0014148097252473235,164.3481060877008,-0.04036524519324303,0.04036524519324303,0.5081403749353715
job_000004,Bulgaria,63,3.350197358490566,True,13,0.057749861553105984,0.5337651682204405,0.6091787731093745,0.2797284556908061,0.10348008951122105,0.3076923076923077,12,0.023837630421789432,-0.009204241561243507,0.0111316657123331,129.5857167809838,0.6059369332153266,8043,0.004191246815025806,0.014561789110302925,-0.002063075779005885,0.0003351692284923047,170.77229421701873,-0.01646718941628933,0.01646718941628933,0.4986879823566135
job_000004,Bulgaria,64,3.403375094339623,True,12,0.0575119173210604,0.5107268719211491,0.602028212427705,0.27819768797945177,0.11644185957297067,0.25,12,0.019722795559906053,0.0005216766448465335,-0.0019545717024204152,-75.05606221852875,0.10257126582481248,8023,0.004074390046298504,0.011660940945148468,-0.002003420377150178,-0.00013982865493744612,-176.00751758822457,-0.0406784825026989,0.0406784825026989,0.4929066913490255
job_000004,Bulgaria,65,3.4565528301886794,True,13,0.05747216821470973,0.5341526955412312,0.6087863277633693,0.2816906936534,0.10524299437869236,0.23076923076923078,12,0.04528025269696273,0.006577543230644929,-0.00658441776053676,-45.029925746884174,0.20554022086245244,8006,0.0056148916482925415,0.01644207164645195,-0.0016154011245816946,0.00028291402850300074,170.06622368105187,-0.06564948707818985,0.06564948707818985,0.29207832588292976
job_000004,Bulgaria,66,3.509730566037736,True,12,0.05533202150986124,0.5074549936496774,0.6081018772862343,0.27738547120728924,0.10757392625570111,0.25,12,0.022708600179411693,-0.0029142050096708397,0.01714051882825331,99.6490745675891,0.7656345259174704,7724,0.010949528776109219,0.03257898613810539,-0.0037567485123872757,0.0014770238194614649,158.536961058467,-0.05336597561836243,0.05336597561836243,0.3686621386735732
job_000004,Bulgaria,67,3.5629083018867926,True,12,0.05513072102795823,0.5073219096261268,0.6078886969065128,0.27751055209576403,0.1069765666529765,0.25,12,0.028129634949575946,-0.0025026267370323054,-0.004008827685454777,-121.97566525573573,0.16800321939210017,7753,0.005589236039668322,0.014989067800343037,-0.0018501447048038244,0.0013407844817265868,144.06946882192003,-0.014945942908525467,0.014945942908525467,0.40880247610718523
job_000004,Bulgaria,68,3.6160860377358492,True,12,0.05536094575887741,0.50742624729792,0.6077956644451862,0.2771734229375533,0.10666091044478998,0.25,12,0.022706025890829068,0.0019620555506424274,-0.0017494626245598882,-41.721723626936694,0.11577285402782471,7797,0.006399831268936396,0.0172919612377882,-0.002201455645263195,0.0021751527674496174,135.3443364363297,0.002123623387888074,0.0,0.4835729639348423
job_000004,Bulgaria,69,3.669263773584906,True,13,0.05770391496304305,0.533539982870371,0.6104265464149466,0.28175508710800945,0.10317222023800639,0.23076923076923078,12,0.019001191657035784,-0.001126530340891301,-0.008193442240554372,-97.82861004214314,0.43526343485718544,8168,0.006327868439257145,0.017079925164580345,-0.0011162018636241555,0.001294381800107658,130.77263095724095,-0.0488092415034771,0.0488092415034771,0.27010519104784236
job_000004,Bulgaria,70,3.7224415094339625,True,12,0.05524969029274019,0.5100338881502611,0.6041178433583496,0.28175461554646086,0.11552240484893112,0.25,12,0.043381590569649166,-0.010273723284283684,0.014885434500171171,124.61290711870194,0.4169190715541151,7744,0.011230041272938251,0.034102119505405426,-0.003210618393495679,0.000819829641841352,165.67565014352084,0.04907139018177986,0.0,0.29506900835745486
job_000004,Bulgaria,71,3.775619245283019,True,10,0.04896639989819051,0.5036631683073465,0.5640450460972832,0.25026972888756904,0.09931165979572701,0.3,10,0.010187458713892171,0.002091497715977447,-0.00033927264748783906,-9.21398555320234,0.20798480565355523,6835,0.0031572941225022078,0.010675191879272461,-0.0007541511440649629,0.000526810297742486,145.06387672768926,0.012871816754341125,0.0,0.29136689854632636
job_000004,Bulgaria,72,3.8287969811320757,True,12,0.055626619797832746,0.5068432348602684,0.6058893098084183,0.2769021578884441,0.10850120196861775,0.25,10,0.01169042001988499,5.3565431972299686e-05,0.0033292422499313955,89.07822616612482,0.2848206594446132,7743,0.006792654283344746,0.019891999661922455,-0.0022775582037866116,-0.0004274596576578915,-169.37019898872808,0.11272472143173218,0.0,0.3411515537809503
job_000004,Bulgaria,73,3.8819747169811323,True,12,0.05549433998983618,0.5066996933438256,0.6063066881549628,0.2783487767875066,0.11058634829958656,0.25,12,0.033331861707709354,-0.002699278450858372,0.007848742333241706,108.97872003125337,0.2490089338550147,7746,0.00790009181946516,0.018046889454126358,-0.002958620898425579,-0.0013822003966197371,-154.95908821387215,0.1099708080291748,0.0,0.4133578691547491
job_000004,Bulgaria,74,3.935152452830189,True,13,0.05758067875197369,0.5324083441789468,0.6081244082476567,0.2806335713441979,0.10362205179606193,0.23076923076923078,12,0.04380987911727771,-0.008672441946851578,-0.026785468623973564,-107.9406118908826,0.642650518845887,8136,0.018748469650745392,0.05108577758073807,-0.003321981057524681,-0.0040300446562469006,-129.49888777888486,0.0897180587053299,0.0,0.27856787386129633
job_000004,Bulgaria,75,3.9883301886792455,True,14,0.06052671936278007,0.5185626561054052,0.6042828442394842,0.2747424595204714,0.10173470876409928,0.21428571428571427,13,0.034433782486197065,0.0068437463838967325,0.0017482675011544966,14.330013475897069,0.2051334100884405,8629,0.017573311924934387,0.05161907523870468,0.0021622171625494957,-0.0024091340601444244,-48.09176896995126,0.007215301040560007,0.0,0.18420803988254836
job_000004,Bulgaria,76,4.041507924528302,True,13,0.05992051641379399,0.49409495380502383,0.6007791637086662,0.2695004847291354,0.1095646548884974,0.23076923076923078,13,0.03546101108473183,0.016706156932196667,0.007075647829608534,22.954374461088687,0.5116261380384797,8435,0.01690526492893696,0.04640385881066322,0.002720983000472188,-0.0027188146486878395,-44.97716139327682,0.03303096070885658,0.0,0.2275337374337356
job_000004,Bulgaria,77,4.094685660377359,True,13,0.059945964678823196,0.4952997466815535,0.6020262373109675,0.2716161131133851,0.11194040286308007,0.23076923076923078,13,0.0569391029719721,0.02265596414163682,0.023451047367660093,45.98792780173488,0.5726719580186383,8427,0.015868913382291794,0.04546138644218445,0.003192679723724723,-0.00113563088234514,-19.580388360560118,0.0805773138999939,0.0,0.21353932730684094
job_000004,Bulgaria,78,4.147863396226415,True,14,0.06066201577428497,0.520935080058975,0.6055116250012416,0.27637925027739896,0.10351132010290384,0.21428571428571427,13,0.05889101394854941,-0.00025164692920903243,-0.0027450724172168404,-95.23779256370003,0.04680820754662739,8472,0.026618923991918564,0.0665430948138237,0.005904487334191799,0.002410229993984103,22.205434599047866,0.03565715625882149,0.0,0.23958422846379956
job_000004,Bulgaria,79,4.201041132075472,True,14,0.06530239949569679,0.46944554317271275,0.6214385937153466,0.2866842609704244,0.10203472478577565,0.21428571428571427,13,0.05431337739477525,0.006410471785055617,0.0026686490668533075,22.601730825511893,0.12784626438138377,9088,0.020061949267983437,0.04525059461593628,0.0017312101554125547,-0.0001160216997959651,-3.834097342054351,0.0005511851632036269,0.0,0.08648678798056808
job_000004,Bulgaria,80,4.2542188679245285,True,14,0.07228672246917384,0.47103426944137256,0.6240846353459266,0.28474818821810527,0.09926232584052253,0.21428571428571427,14,0.0904978751221133,0.029875778712530433,0.04975844849977714,59.01871236986239,0.6413242472176726,10127,0.03803156316280365,0.12485663592815399,0.0023392478469759226,-0.009126583114266396,-75.62391692279246,-0.15351246297359467,0.15351246297359467,0.24773114864476972
job_000004,Bulgaria,81,4.307396603773586,True,14,0.07339366226365858,0.4715122563411403,0.6250094868256714,0.28364361244695413,0.09929432056810471,0.21428571428571427,14,0.04320808099978997,0.00898847783073271,0.017391704723381664,62.668922662840565,0.45308961429900624,10169,0.04216736927628517,0.16072778403759003,0.0009709001169539988,-0.015080270357429981,-86.31625911388234,-0.12586747109889984,0.12586747109889984,0.3583693412912636
job_000004,Bulgaria,82,4.360574339622642,True,13,0.06633711805191998,0.4973553488147819,0.6051979461512773,0.26927961399920436,0.10967497654016706,0.23076923076923078,13,0.04193104237562144,0.013770506144256265,8.971792351211798e-05,0.37328952019872663,0.3284153607237125,9280,0.03646424040198326,0.12114997953176498,-0.0026440955698490143,0.025238800793886185,95.9806685173037,-0.010802584700286388,0.010802584700286388,0.6959400336788242
job_000004,Bulgaria,83,4.413752075471699,True,14,0.06852697434228631,0.5215812569658509,0.6072482013136512,0.2759571151321638,0.10584856986558565,0.21428571428571427,13,0.06159616634276435,-0.02872173218978149,0.01127800035202892,158.5618335323366,0.5009503833963219,9653,0.01953021064400673,0.07180589437484741,-0.004749446175992489,0.012671052478253841,110.54732918469878,-0.11322151124477386,0.11322151124477386,0.6928710824518604
job_000004,Bulgaria,84,4.466929811320755,True,14,0.06799360336807313,0.4694119944737921,0.6191468780324243,0.28063900391779073,0.10927227447714316,0.21428571428571427,13,0.06209874767614424,0.0025732999489122446,0.03647092125758808,85.96403708624148,0.5887653588367133,9531,0.026858223602175713,0.09355301409959793,-0.00588418822735548,0.010835611261427402,118.50380325971453,0.00039698785985819995,0.0,0.459085186429092
job_000004,Bulgaria,85,4.520107547169812,True,14,0.07022049985351009,0.5217969985660751,0.6130033864443217,0.2771589629340565,0.10492201639581165,0.21428571428571427,13,0.056521839709895993,-0.0052579702663118994,0.03796471850703826,97.88508941854623,0.6780935259942628,9790,0.029923712834715843,0.1079215407371521,-0.007396303582936525,0.0211777426302433,109.25169947739582,0.11448848992586136,0.0,0.7496451569531871
job_000004,Bulgaria,86,4.573285283018868,True,14,0.07308626892684167,0.5200862305347614,0.6141118154636364,0.2760296655572526,0.1065998907617662,0.21428571428571427,14,0.09901375497420882,-0.03217075725392982,0.02084385507613013,147.06026923222367,0.3871488924900777,10026,0.07105813175439835,0.2919081449508667,-0.01866971142590046,0.03982331231236458,115.11782357680207,0.15704861283302307,0.0,0.6189640925709994
job_000004,Bulgaria,87,4.626463018867925,True,15,0.07685965175167321,0.4937123216862602,0.626802678616191,0.2863523061413557,0.10158270198331615,0.2,14,0.05674988538752086,-0.01908509587548635,0.011714618544471252,148.45799049118702,0.39460161947504163,10607,0.029775282368063927,0.065818652510643,-0.008989210240542889,0.00021516374545171857,178.62884272619766,-0.047904014587402344,0.047904014587402344,0.3019882336143926
job_000004,Bulgaria,88,4.679640754716981,True,15,0.08229438228779004,0.49261433685915307,0.6244914730082437,0.2863607829241018,0.09970018013470693,0.2,14,0.03993549642814696,0.004231175227215864,0.010428005393248682,67.9150887853417,0.2817973416779583,11136,0.02709798701107502,0.0689687579870224,-0.006949481088668108,-0.007827331312000751,-131.6002094011444,-0.1837807297706604,0.1837807297706604,0.3862724586775857
job_000004,Bulgaria,89,4.732818490566038,True,16,0.08379255410091546,0.4825146589507958,0.6446325041194997,0.2915005124839892,0.08807045486936774,0.1875,15,0.08168462452233803,-0.009907538240686836,-0.01725194961555365,-119.86811081084153,0.24355193619793836,11344,0.02354291081428528,0.08333175629377365,-0.004470181651413441,-0.004810834303498268,-132.89794548964286,-0.11752578616142273,0.11752578616142273,0.27894122780527025
job_000004,Bulgaria,90,4.785996226415095,True,16,0.08307133181841403,0.48268086854866393,0.646341012564859,0.2907080013123861,0.08861756933544795,0.1875,16,0.06893603932729964,0.0031255486006357648,0.03212826605120817,84.44355367801757,0.46825927954530133,11411,0.05076087266206741,0.19554422795772552,-0.011999541893601418,0.0006322134286165237,176.9840765260269,-0.09808299690485,0.09808299690485,0.2367214010850387
job_000004,Bulgaria,91,4.839173962264152,True,15,0.0793731583917003,0.4923692847530059,0.6264624417670217,0.2853951618699887,0.09847994145054323,0.2,15,0.05225817475347917,-2.0444469876052004e-05,0.020374279167796012,90.05749314787913,0.38987755545151676,10922,0.02021758444607258,0.0668897032737732,-0.004631745163351297,0.005440291482955217,130.41034619842495,-0.015779055655002594,0.015779055655002594,0.3534011059038112
job_000004,Bulgaria,92,4.892351698113208,True,14,0.073578871752423,0.5189058539580073,0.6216631781573652,0.27550081073973526,0.10679543830571905,0.21428571428571427,14,0.06991056543242566,-0.025414312909151603,0.0399656149557044,122.45246278717232,0.6774623286344682,10198,0.014831378124654293,0.040156956762075424,-0.002032469492405653,0.005794279742985964,109.32942783215226,-0.025442657992243767,0.025442657992243767,0.41401465955926153
job_000004,Bulgaria,93,4.945529433962265,True,15,0.07501085276352079,0.49058760417415226,0.6256853600536025,0.2869651660665924,0.09814867777615613,0.2,14,0.038385619066815646,-0.0026519473544353617,-0.023035298532205213,-96.56728592969431,0.6040660493397602,10376,0.011800735257565975,0.028804093599319458,-0.0021721094381064177,0.004080933053046465,118.02449954602892,0.022025808691978455,0.0,0.39175474663117466
job_000004,Bulgaria,94,4.998707169811321,True,15,0.07725763898658485,0.49019279627836787,0.6270170559663318,0.287810604793788,0.0995721033983726,0.2,14,0.025938708807475553,-0.004247868928550594,-0.012892939501436333,-108.23562992937764,0.5233372528099806,10772,0.022703107446432114,0.05409752577543259,-0.0050039212219417095,0.007732554338872433,122.90787367590323,-0.07870019227266312,0.07870019227266312,0.40568933096641063
job_000004,Bulgaria,95,5.051884905660378,True,16,0.08275525150623132,0.48221355698485563,0.6485761965592167,0.29231431065245994,0.09365270916400245,0.1875,15,0.02858458201507433,-0.00020313939465391965,0.010237328562779478,91.13677143922365,0.35821212314256856,11584,0.008915516547858715,0.021798189729452133,-0.00218907929956913,0.0012423222651705146,150.4246982522857,0.024288952350616455,0.0,0.28231999235944166
job_000004,Bulgaria,96,5.105062641509434,True,15,0.07643158976675482,0.49014607015353845,0.6278794490525675,0.28853684678571984,0.1004603915386329,0.2,15,0.023841374230462748,-0.0006755389485138311,0.00597985467126152,96.44532828090587,0.25241377295927336,10650,0.009566339664161205,0.025697670876979828,-0.0024064206518232822,0.0008680280297994614,160.16494973133229,0.024654611945152283,0.0,0.2674156983053692
job_000004,Bulgaria,97,5.158240377358491,True,15,0.07612996553543676,0.49026645379409967,0.627171944844028,0.2874716861266172,0.10026391204009878,0.2,15,0.03266564087379028,0.002263797783774861,-0.013304519217357069,-80.34346029800614,0.413147887278837,10539,0.009486846625804901,0.028733791783452034,-0.0016861986368894577,-0.0006534747662954032,-158.8164999508954,-0.02113180048763752,0.02113180048763752,0.190621372990038
job_000004,Bulgaria,98,5.211418113207547,True,15,0.07656675548146244,0.49010306176899754,0.6269446528730552,0.2866765156845803,0.10095118454186615,0.2,15,0.027674045088353298,-0.0030725645327587623,-0.004274194215753428,-125.71099958952135,0.1902132782888755,10682,0.018288854509592056,0.06194817274808884,-0.003213749499991536,-0.003361224662512541,-133.71508425524075,0.12403951585292816,0.0,0.2542738892089185
job_000004,Bulgaria,99,5.2645958490566045,True,16,0.08412334127698194,0.4811181985706846,0.6485973527315662,0.29109017303152385,0.09558847634767717,0.1875,15,0.03212688829299892,-0.01272241166686025,0.008888002509300498,145.06146969377437,0.48307035280693844,11546,0.01028981152921915,0.03335447609424591,-0.0034156704787164927,-0.0030311422888189554,-138.4134341156808,0.09957084059715271,0.0,0.44380665225435667
job_000004,Bulgaria,100,5.317773584905661,True,16,0.08369182393359945,0.4799644823095527,0.6497006390333318,0.2898741927522967,0.09604854302015337,0.1875,16,0.04704907833957236,-0.021695475422395777,0.020747146980782134,136.27999107372176,0.6380349576279181,11642,0.013179691508412361,0.041723236441612244,-0.00376249011605978,-0.0018582771299406886,-153.71543880208745,0.15172551572322845,0.0,0.31839671998462526
job_000004,Bulgaria,101,5.370951320754718,True,15,0.07803035445825851,0.4878055221267151,0.6301737449598034,0.2863202399556035,0.10384158512150922,0.2,15,0.06175181207423351,-0.008727415059643006,0.030402853007719867,106.0166065123766,0.5122230412329577,10788,0.016395730897784233,0.05037730187177658,-0.0033984826877713203,7.341612945310771e-05,178.76245354411574,0.09492772817611694,0.0,0.20732687105165293
job_000004,Bulgaria,102,5.424129056603774,True,16,0.07968582581179338,0.5126870457810218,0.6347571217848584,0.2942852307709053,0.09759537007493953,0.25,15,0.045938515986501144,-0.020427694825300553,0.0035780202972986452,170.0651176030609,0.45144432493777564,11068,0.03098040446639061,0.06658915430307388,-0.002490387763828039,-0.0002941552666015923,-173.2636488968543,0.11979545652866364,0.0,0.08094470981496925
job_000004,Bulgaria,103,5.477306792452831,True,16,0.08032583742175244,0.5123931736559433,0.6347954753275974,0.2939194890521575,0.09778638589085849,0.1875,16,0.02588022566574874,-0.005526224845536929,0.0007212330898740683,172.56429860614895,0.21534165181301093,11191,0.012145116925239563,0.027833502739667892,9.895587572827935e-05,0.00017055371426977217,59.87753945695639,0.02895321696996689,0.0,0.016235515782282516
job_000004,Bulgaria,104,5.530484528301887,True,16,0.081569847532192,0.5130010666023316,0.6340927062165602,0.292464436055647,0.09650383116760054,0.1875,15,0.016863351679303546,-0.002495716842428741,-0.002049364057167903,-140.6087863960812,0.19149918671071478,11160,0.013161290436983109,0.031995583325624466,9.30999667616561e-05,0.0010041000787168741,84.70269191839705,0.024146173149347305,0.0,0.07661915466342585
job_000004,Bulgaria,105,5.583662264150944,True,16,0.0816717240619422,0.5127184593854238,0.6347558691393876,0.29301142574339606,0.09708006413783167,0.25,16,0.03523328879691376,-0.00531438979858081,0.012470687445394667,113.0813031100156,0.38474522116367044,11222,0.013065862469375134,0.029567183926701546,0.0008881035610102117,0.001519134035333991,59.68894326640133,0.051179252564907074,0.0,0.13467816480623337
job_000004,Bulgaria,106,5.63684,True,16,0.08043969621915918,0.5568564668024857,0.6440037036129468,0.2894310381149599,0.10587164781664796,0.25,15,0.05434483546819817,0.009459493477841105,-0.028054455856719736,-71.36675381278118,0.5447863675749892,11331,0.015437102876603603,0.038862504065036774,-0.0013739552814513445,-0.0024221776984632015,-119.56362701056993,0.01960691437125206,0.0,0.18039173845569112
job_000004,Bulgaria,107,5.690017735849057,True,16,0.08331643504555282,0.5135558862939237,0.6364448651011408,0.29288691259820004,0.09643624276419693,0.1875,15,0.06331032656524822,-0.016313422349460878,0.020243035697435293,128.86458567279595,0.41064762721800835,11624,0.012050661258399487,0.023501677438616753,0.0010459276381880045,0.005296016577631235,78.82823480715977,-0.018138602375984192,0.018138602375984192,0.44796798952215633
job_000004,Bulgaria,108,5.7431954716981135,True,17,0.08364858026671115,0.5306107563217692,0.6537343130272325,0.30095534705742355,0.10110791829044041,0.17647058823529413,16,0.03688873462025991,-0.0005902913961402333,-0.012572638069022046,-92.688090365901,0.34120139394160803,11580,0.010465631261467934,0.025482460856437683,0.000674241513479501,0.003928457386791706,80.26120502645198,-0.01833459734916687,0.01833459734916687,0.3808559104296664
job_000004,Bulgaria,109,5.796373207547171,True,16,0.08234912604630247,0.5130291163260731,0.6361635859594225,0.2924856185338609,0.09619371962674568,0.25,16,0.06374649778071471,-0.009315545312398445,0.007283222541503671,141.98044724723118,0.1854964667412767,11422,0.009283374063670635,0.02825128473341465,-0.00019850431999657303,0.0024993414990603924,94.54105028399408,-0.012587700970470905,0.012587700970470905,0.2700755090854154
job_000004,Bulgaria,110,5.849550943396227,True,17,0.0854698521186719,0.5299745456856216,0.6552540741481546,0.30020267971706643,0.09906918823319877,0.23529411764705882,16,0.08122829011614577,-0.006344099830200906,0.02334872503756256,105.20089498107029,0.29786739420709546,11910,0.030201148241758347,0.06644317507743835,-0.0003628390550147742,0.016150489449501038,91.28699814349501,0.02679866924881935,0.0,0.5348990244139386
job_000004,Bulgaria,111,5.902728679245284,True,16,0.08354883349426948,0.5129233128872484,0.6383436178705475,0.2908994255070226,0.09519363722645921,0.25,16,0.05803508936119901,0.004354480732368697,0.017646474857992294,76.13849570840682,0.3131863269490799,11767,0.018638722598552704,0.05302850902080536,-0.0004035131714772433,0.010641851462423801,92.17147658223233,-0.11428119242191315,0.11428119242191315,0.5713642004314646
job_000004,Bulgaria,112,5.95590641509434,True,16,0.08186859670665714,0.5143130301309048,0.639135635564921,0.2892833681718941,0.09558079784131622,0.25,16,0.061836813442216754,0.026133441401136635,0.014893783680854124,29.67937056182847,0.4864349452613912,11406,0.02240131050348282,0.058769531548023224,-0.000892787124030292,0.012374451383948326,94.1266035734124,0.07010488957166672,0.0,0.5538343754446214
job_000004,Bulgaria,113,6.009084150943397,True,17,0.08284516625043202,0.529658238227183,0.6601837404636738,0.2990312613705117,0.10239970795081049,0.23529411764705882,16,0.046017438211519456,0.005301476025878361,0.008618011691093164,58.401736987941106,0.21987515586165376,11612,0.02040133811533451,0.061668965965509415,-0.000991848181001842,0.010805552825331688,95.24451769480945,0.10161493718624115,0.0,0.5318758235853427
job_000004,Bulgaria,114,6.062261886792453,True,16,0.08010460888354967,0.5130612031501659,0.6401912921822119,0.2887021516022094,0.09552015353871104,0.25,16,0.06582785711465772,-0.0288419100205146,0.011233465631808643,158.71987693829035,0.47020103623960186,11191,0.0339692123234272,0.07470812648534775,0.0033234644215554,0.017232423648238182,79.08389819850733,0.14558805525302887,0.0,0.5166437492058843
job_000004,Bulgaria,115,6.11543962264151,True,17,0.08396099785343028,0.5286306156366478,0.6577870490129194,0.29487671832685763,0.09799364323388003,0.23529411764705882,16,0.04793074069570745,-0.00920056120793018,-0.015282494968532003,-121.04931448848136,0.3721682711600882,11755,0.016716962680220604,0.027898384258151054,0.0019793969113379717,0.008712192997336388,77.199779708039,0.014672786928713322,0.0,0.534440493695336
job_000004,Bulgaria,116,6.168617358490566,True,16,0.07822072462450975,0.5128139244230152,0.6404261148120631,0.2875575268034904,0.09310023179661836,0.25,16,0.036463737593360065,0.004550518794455043,0.01969830218750961,76.99224766633337,0.5544434415841857,10903,0.015698695555329323,0.02960391342639923,0.0020494505297392607,0.00922341551631689,77.47236061717652,0.06009306013584137,0.0,0.6018568286827045
job_000004,Bulgaria,117,6.221795094339623,True,14,0.07142026103411651,0.5131707920195857,0.6241051306379547,0.2671237105017075,0.10125634464354849,0.21428571428571427,14,0.017073205973306194,-0.00920431342105712,0.004658674341560675,153.15418812346064,0.6042294910486311,9944,0.009504187852144241,0.024758612737059593,-0.0031509576365351677,0.00232800655066967,143.5420813465858,0.06890358775854111,0.0,0.4122047433496212
job_000004,Bulgaria,118,6.27497283018868,True,15,0.0715731011620332,0.536728215459721,0.6231845758645366,0.2723687794368395,0.10122493655073962,0.2,14,0.03344185452856235,0.00291487066895511,-0.009466472733019893,-72.88560644666343,0.2961880698511659,9952,0.015629185363650322,0.04022904485464096,0.00022251074551604688,0.000505178002640605,66.22842406919098,0.11230841279029846,0.0,0.03531922600733596
job_000004,Bulgaria,119,6.328150566037737,True,15,0.07007242676406666,0.5367649430047303,0.6212819900076745,0.27147557175725795,0.10112701484384122,0.2,15,0.04653390710743074,0.0006906564264666049,-0.035777865049810634,-88.89409879612535,0.7689990562606674,9846,0.009108497761189938,0.01967436634004116,-0.0016277021495625377,0.0001274251553695649,175.52371210685357,0.2078181505203247,0.0,0.17924825060534597
job_000004,Bulgaria,120,6.381328301886793,True,16,0.0715690943018334,0.5533454218112085,0.6395579940696948,0.28088433098818105,0.10603765316319702,0.1875,15,0.0582978442441706,-0.023174102158168827,-0.019583914062233476,-139.79959703049008,0.5204459183164549,10078,0.010332600213587284,0.021525390446186066,-0.0012997619342058897,0.0002877617080230266,167.5163276875347,0.10344573855400085,0.0,0.12883838008809662
job_000004,Bulgaria,121,6.43450603773585,True,17,0.07353746781223466,0.5305033465935052,0.6583454161769305,0.29473466103046186,0.096361900885839,0.17647058823529413,15,0.04342874210805159,0.0006041737169492333,0.012476062564551697,87.22752417606529,0.2876132819249806,10331,0.018498383462429047,0.030914049595594406,0.0014871446182951331,0.00795747060328722,79.41430016321867,-0.04431994631886482,0.04431994631886482,0.43761886953311363
job_000004,Bulgaria,122,6.487683773584906,True,16,0.07058529721230931,0.5525257828443035,0.640955975312412,0.27935761008819826,0.10469329092705298,0.1875,16,0.02798170418428645,-0.005001148613066317,0.014793095742503024,108.67901511471955,0.5580648871382757,9959,0.011402148753404617,0.027506327256560326,0.0002466307778377086,0.00016507605323567986,33.795369679711186,0.023205576464533806,0.0,0.02602820205689659
job_000004,Bulgaria,123,6.540861509433963,True,16,0.06991023934753143,0.5523685650397785,0.6400823212898256,0.2787356802577761,0.10522005593170097,0.1875,16,0.034278275393522344,-0.002956459165002973,-0.01642894359147647,-100.20143786829519,0.48698009871921727,9896,0.007351413369178772,0.016199439764022827,0.0007328207138925791,0.001573026180267334,65.02075011890727,-0.038480520248413086,0.038480520248413086,0.23605656753570528
job_000004,Bulgaria,124,6.594039245283019,True,15,0.06555958155275278,0.5391732121148469,0.6415046267383769,0.2837284989928709,0.10706646870636465,0.2,15,0.06642647092421444,-0.003229796855128229,0.026172234147548136,97.03504446082847,0.3969918628956686,9202,0.008204246871173382,0.01518139336258173,-0.0004793985572177917,0.00027814003988169134,149.87831913198835,-0.02017507143318653,0.02017507143318653,0.06755557306041604
job_000004,Bulgaria,125,6.647216981132076,True,16,0.06767682927875941,0.5528242949008142,0.6413992717527515,0.27944410226009253,0.10578499255089419,0.1875,15,0.051551118489576754,0.012557938210228187,6.631181359504391e-05,0.3025458219823939,0.24360505951605646,9426,0.010466821491718292,0.02560533955693245,-0.0013379128649830818,-0.0019557345658540726,-124.37592829497638,-0.10318943113088608,0.10318943113088608,0.22638962769266083
job_000004,Bulgaria,126,6.700394716981132,True,16,0.06906168042497102,0.5539708163029679,0.6411496789829508,0.28019811148671603,0.10531458025600984,0.1875,16,0.03174566711350926,0.021560177090051216,-0.0046935576668587385,-12.281425782517784,0.6950601193292211,9732,0.018433362245559692,0.045260146260261536,0.00503505440428853,0.0011376832844689488,12.732319090868065,-0.2589252293109894,0.2589252293109894,0.28003495001788514
job_000004,Bulgaria,127,6.7535724528301895,True,16,0.07056956533003143,0.5545305196395501,0.6411820551876602,0.28013190935863713,0.10422271800793545,0.1875,16,0.029016249564219262,0.010525144172573083,0.0006088300713139723,3.3106020555553806,0.3633391152488146,9979,0.008974893018603325,0.024646444246172905,-0.00044210601481609046,0.0011288713430985808,111.38707115816939,0.07008680701255798,0.0,0.13508311226969155
job_000004,Bulgaria,128,6.806750188679246,True,16,0.07038258230290578,0.5547712572597858,0.6429109403494871,0.2812682304339467,0.10439338832331135,0.1875,16,0.05547354895812682,0.004527037798658794,0.03251144739848373,82.07285306482443,0.5917255569159517,9840,0.012375199235975742,0.03228699788451195,3.1151714210864156e-05,-0.0028880860190838575,-89.38201545152953,0.05291563272476196,0.0,0.23339050666834296
job_000004,Bulgaria,129,6.859927924528303,True,15,0.07078684981158663,0.5347761239307964,0.6434187336241417,0.2792444540476484,0.10970988280475533,0.2,15,0.03345907919419498,0.0012348817949572831,-0.010644728554521893,-83.38276667071898,0.3202753327583742,9987,0.009971226565539837,0.02870662696659565,0.001837527146562934,0.0004878595646005124,14.868878453560884,-0.12165110558271408,0.12165110558271408,0.1906673406746222
job_000004,Bulgaria,130,6.913105660377359,True,15,0.07024997522059293,0.5349780781273893,0.6442197439214065,0.2788193481634328,0.10903318025007885,0.2,15,0.04124775590579423,0.003797720857581337,0.015062888339931487,75.84925767466588,0.37660865258132115,9924,0.020067673176527023,0.05900141969323158,-0.0009736211504787207,-0.004886908922344446,-101.26753106287315,0.009196684695780277,0.0,0.24830744406168484
job_000004,Bulgaria,131,6.966283396226416,True,14,0.06380194486223709,0.5576448085151331,0.5987136369033862,0.25298802312659135,0.09001756829294012,0.21428571428571427,13,0.05305372980229031,-0.0007568840651216888,-0.03899024735907326,-91.11209390625149,0.7350584620805045,9019,0.012702341191470623,0.04329343140125275,-0.0020053547341376543,-0.0037686501163989305,-118.0181065217761,0.09139716625213623,0.0,0.33607802832524664
job_000004,Bulgaria,132,7.019461132075472,True,15,0.06969320619217849,0.5367233380672679,0.6180310313254219,0.26614917882189937,0.09659263191908843,0.2,14,0.053957497087808566,-0.003389742720916442,-0.004910802002790644,-124.61586541222744,0.11058897242093284,9794,0.010936814360320568,0.036663968116045,0.00016497017350047827,-0.0040268078446388245,-87.65401968092587,0.0694899633526802,0.0,0.36849721887232456
job_000004,Bulgaria,133,7.072638867924529,True,15,0.0699299124242198,0.5363654843486009,0.6183261541792329,0.26579224508378607,0.0948115206645343,0.2,15,0.04324079280635438,-0.006729389902620097,0.005549744627127791,140.48751281305167,0.201722355362514,9878,0.01107653509825468,0.03663962334394455,0.0008895245264284313,-0.0005912620108574629,-33.611765521381834,-0.08528625965118408,0.08528625965118408,0.09642936942256086
job_000004,Bulgaria,134,7.125816603773585,True,15,0.07158670812939569,0.5362201669051276,0.6198421403400367,0.2669036192896467,0.09443838724971847,0.26666666666666666,15,0.03933268427350429,-0.0027326745141201887,0.02850791100070199,95.47545530661097,0.7281116108766128,10022,0.014755114912986755,0.03918438032269478,-0.0029328572563827038,0.0036431218031793833,128.83544107449188,-0.05280441790819168,0.05280441790819168,0.31697235768457177
job_000004,Bulgaria,135,7.178994339622642,True,15,0.0711083909958028,0.5360785689717763,0.6209480215032094,0.26755776809803017,0.09488791740174411,0.26666666666666666,15,0.027849386629412512,-0.00266272963845708,0.020795942992226597,97.296497531148,0.7528251627186855,9979,0.00881869625300169,0.020991547033190727,-0.003238517325371504,0.0037803964223712683,130.58536796891065,0.015596768818795681,0.0,0.5644700906901996
job_000004,Bulgaria,136,7.2321720754716985,True,15,0.07077761588667819,0.5348961561062022,0.6212249987654552,0.2663819926896417,0.09485749992380484,0.26666666666666666,15,0.044096223662947624,-0.022235111117370913,0.005208519276412679,166.8163140965737,0.5178902868410654,9905,0.011572214774787426,0.029730360954999924,-0.0011352894362062216,0.006448268424719572,99.98522660296484,-0.03289039060473442,0.03289039060473442,0.5657902160443623
job_000004,Bulgaria,137,7.2853498113207555,True,15,0.070115151944017,0.5351521381161352,0.6224987132055049,0.267655324113819,0.09459318936888426,0.26666666666666666,15,0.046762746999509865,0.004813706447743099,0.023952024653046085,78.63648170455008,0.5224446867436598,9891,0.015385272912681103,0.04014356806874275,0.0015612193383276463,0.008415844291448593,79.49055648254217,-0.08033137768507004,0.08033137768507004,0.5563391687772011
job_000004,Bulgaria,138,7.338527547169812,True,15,0.06837988175815363,0.5347429117249632,0.6235706928929655,0.2683596369115503,0.09454504919010098,0.2,15,0.05679942486384651,-0.00769544593499747,0.02015843040974026,110.89426942886163,0.37988683917907423,9539,0.03228567913174629,0.09016101807355881,0.00276697869412601,0.015845252200961113,80.0945979201571,-0.13170991837978363,0.13170991837978363,0.49820943464349077
job_000004,Bulgaria,139,7.391705283018869,True,14,0.06823764848327363,0.5172715988778981,0.6244038761754531,0.2692498441906436,0.10660050296976169,0.21428571428571427,14,0.07615693620447465,0.020197351395456718,0.04823877840498133,67.28116678582663,0.6866924516849369,9467,0.022929586470127106,0.02250664122402668,-0.000657917931675911,0.017573142424225807,92.14408568900728,-0.019355282187461853,0.019355282187461853,0.7669328870815022
job_000004,Bulgaria,140,7.444883018867925,True,15,0.07016215956546905,0.535546891367934,0.6268911949387542,0.2695182982580286,0.09659969851125341,0.2,14,0.03700866362791848,0.0005219235953198488,0.01230404117225179,87.57103360443722,0.33276278298094863,9758,0.021000422537326813,0.04289297014474869,-0.001361204544082284,0.01285644806921482,96.04379940279578,-0.08503182977437973,0.08503182977437973,0.6156213035804956
job_000004,Bulgaria,141,7.498060754716982,True,14,0.06808136845598639,0.5202718646775683,0.6262568861024272,0.27284379480341237,0.1034458293899251,0.21428571428571427,14,0.02519395243714031,-0.0008365854262032498,0.003252134562874774,104.42609829756132,0.13328648878385088,9459,0.019815223291516304,0.03884650021791458,0.001433069701306522,0.013338589109480381,83.86778538339509,-0.08016466349363327,0.08016466349363327,0.6770224597945446
job_000004,Bulgaria,142,7.551238490566038,True,14,0.06810387581069946,0.5170249288678657,0.6255167426691541,0.27022104138848724,0.10772294650278932,0.21428571428571427,13,0.03330779055306013,0.0025876921702558237,0.006158236704374145,67.20784534371396,0.20054835511876684,9411,0.022598877549171448,0.04627102613449097,-0.005008494947105646,0.013790065422654152,109.96081300483715,-0.05912864953279495,0.05912864953279495,0.6492106644249437
job_000004,Bulgaria,143,7.604416226415095,True,14,0.06905824533339386,0.5195252015829076,0.627064305321615,0.27256984741481266,0.10434642824856653,0.21428571428571427,13,0.02198564138635561,-0.0047086419911232195,0.015610431806796296,106.78511349720165,0.7416257844479436,9504,0.009290154092013836,0.023541126400232315,-0.0010341198649257421,0.005931129213422537,99.8903636105914,0.005842224694788456,0.0,0.6480631027483835
job_000004,Bulgaria,144,7.657593962264151,True,14,0.06949125050080038,0.519179592001738,0.6270101862416135,0.2730471319654023,0.10468377536247794,0.21428571428571427,14,0.042922606121043885,-0.006499140583015104,-0.0010177018471607911,-171.10031328931905,0.15326047736875567,9565,0.010388982482254505,0.02336149662733078,-0.0022050768602639437,0.006518341135233641,108.69006343892569,-0.032392438501119614,0.032392438501119614,0.6623570805922271
job_000004,Bulgaria,145,7.710771698113208,True,14,0.06953870824653732,0.5188781507422343,0.6273198515236175,0.2731063789713942,0.10500112620424051,0.21428571428571427,14,0.02324441819108398,-0.005668561376127889,0.005823212986784719,134.22898331956878,0.34961715576667446,9728,0.01111204270273447,0.019130362197756767,-0.002021176740527153,0.006980104837566614,106.14903500500334,-0.018052101135253906,0.018052101135253906,0.6539611126832686
job_000004,Bulgaria,146,7.763949433962265,True,14,0.06652105077594807,0.549653083750887,0.6412316405424162,0.2883366200107146,0.10854751213315948,0.21428571428571427,13,0.047850000625229004,-0.008318676939031345,0.007283188316014142,138.79712573504304,0.23106490701099142,9279,0.016370702534914017,0.04075764864683151,-0.0029203523881733418,0.0032095450442284346,132.29893652165393,-0.05673485994338989,0.05673485994338989,0.2650657788227251
job_000004,Bulgaria,147,7.817127169811322,True,15,0.06815066164948837,0.5368374564202149,0.6495268879344139,0.2840255637871412,0.10559116736116596,0.2,14,0.04028680988504774,-0.006489131604926456,-0.02482494765975619,-104.64908849180951,0.6369094558930432,9664,0.015078396536409855,0.034389834851026535,-0.004696568939834833,0.006442172918468714,126.09335494865316,-0.03327032923698425,0.03327032923698425,0.5287307502638732
job_000004,Bulgaria,148,7.870304905660378,True,15,0.06682784517211637,0.5364059855727459,0.6470883046634162,0.28277229286919464,0.10493126298584698,0.2,15,0.06775429567239143,-0.008113749872568932,-0.04585722261511281,-100.03378561262952,0.6873290302348103,9460,0.012407038360834122,0.03140534833073616,-0.0039640855975449085,0.0028857379220426083,143.94648141026173,-0.02612757682800293,0.02612757682800293,0.3951957594186794
job_000004,Bulgaria,149,7.923482641509435,True,15,0.0679868556180298,0.536176351152898,0.6493756529469656,0.2834056415779934,0.10527580581782199,0.2,15,0.06379192501622497,-0.004318243644292837,0.0430132695013989,95.7329030243717,0.6776639424949515,9442,0.011917450465261936,0.03125900402665138,-0.0036425385624170303,0.0013383252080529928,159.82588434291105,-0.012023024260997772,0.012023024260997772,0.3256249075498159
job_000004,Bulgaria,150,7.976660377358491,True,15,0.06936283349254568,0.5355807355115121,0.6502072879282554,0.2831354994697281,0.10578608691338622,0.2,15,0.04390992414150028,-0.011200470119232253,0.015638781305963554,125.61017766281745,0.438077646324041,9838,0.022591128945350647,0.06665142625570297,-0.007881158031523228,0.003252387046813965,157.575096980696,-0.04776092618703842,0.04776092618703842,0.37739957928736934
job_000004,Bulgaria,151,8.029838113207548,True,15,0.06901211534660334,0.5354232559044371,0.6495580283682171,0.2834228842330048,0.1064672991694939,0.2,15,0.040599271772107474,-0.0029613823259029308,-0.01220923662265898,-103.63394184212254,0.3094451993334708,9574,0.010297417640686035,0.03179837390780449,-0.0046815392561256886,0.002777382265776396,149.3209278944968,-0.022249704226851463,0.022249704226851463,0.5286184908811088
job_000004,Bulgaria,152,8.083015849056604,True,15,0.06874317631112833,0.5352116607388108,0.6513322997704788,0.283928511925645,0.10711063788674996,0.2,15,0.0469039427655464,-0.003979017952684466,0.033364929400113756,96.8008313348925,0.7163865895406648,9652,0.009752260521054268,0.030214974656701088,-0.005218551494181156,0.002509742509573698,154.31584063409065,0.03411440923810005,0.0,0.5937792252424805
job_000004,Bulgaria,153,8.13619358490566,True,16,0.07575456207342107,0.5105986276987223,0.6685390292591953,0.29540496386980536,0.10188804537594819,0.1875,15,0.045297864936527606,-0.010619492032913177,0.03901299647358903,105.22720704035775,0.8925918606673737,10630,0.03340790793299675,0.07081548124551773,-0.008377783931791782,-0.01783915050327778,-115.15611532945164,-0.1417272537946701,0.1417272537946701,0.5899333384258881
job_000004,Bulgaria,154,8.189371320754718,True,16,0.07334886149656294,0.5100492420893811,0.6693414271208107,0.29502772530529386,0.10188600404506948,0.1875,16,0.032768655982331196,-0.010331120732567057,0.015088981296479736,124.3986546843016,0.5580596433431697,10153,0.06532295048236847,0.1197499930858612,-0.018863627687096596,-0.028520658612251282,-123.48073974105682,0.07397054880857468,0.0,0.5234685256854869
job_000004,Bulgaria,155,8.242549056603774,True,16,0.07276237739193092,0.5094911414355725,0.6670588616715724,0.2931899198483733,0.10349008033685332,0.1875,16,0.0830536336473869,-0.010495005943704734,-0.042923328960779106,-103.73958931106527,0.5320387421671849,10065,0.024800172075629234,0.05163147300481796,-0.007689480669796467,-0.001706029288470745,-167.49067903511698,0.17732614278793335,0.0,0.31759705842034736
job_000004,Bulgaria,156,8.29572679245283,True,15,0.07106192527293734,0.5324712478685544,0.6538545327033988,0.28295619355859175,0.10726806414478944,0.2,15,0.05240819907219144,-0.014299187247536212,-0.0026985302892067677,-169.31288051327851,0.2776586866222399,10044,0.017650732770562172,0.048977866768836975,-0.007814599201083183,0.005635492969304323,144.20276724224846,0.19632981717586517,0.0,0.5458506268894578
job_000004,Bulgaria,157,8.348904528301887,True,16,0.07846193289822498,0.506996974594355,0.664579105157352,0.29284644110592667,0.10811128599141961,0.1875,15,0.034403206696096325,-0.015789257269816007,0.018149850427160042,131.02126982840824,0.6992532021806785,10899,0.029795998707413673,0.06753489375114441,-0.008912528865039349,-0.010614168830215931,-130.01958255743241,-0.050484851002693176,0.050484851002693176,0.465156047351827
job_000004,Bulgaria,158,8.402082264150945,True,15,0.07459143987619175,0.5315044707735077,0.6563415282945354,0.2836478167843188,0.10787473942583416,0.2,15,0.050054726938442345,-0.0023908528761057593,0.02861775920172803,94.7756500244937,0.5737211738932809,10327,0.018424345180392265,0.052687905728816986,-0.009836571291089058,0.0069611091166734695,144.7138592660976,0.000734053086489439,0.0,0.6540545023419997
job_000004,Bulgaria,159,8.45526,True,16,0.07890521242797635,0.5054453666321456,0.6649719651903537,0.294270682744268,0.10738240796705316,0.1875,15,0.03552312895490227,-0.005889821700383526,0.021212836378742213,105.51750887744504,0.6197461540050313,10799,0.015662003308534622,0.03718642517924309,-0.0029580185655504465,0.0007723234011791646,165.36704148395572,-0.1924191266298294,0.1924191266298294,0.19519733216805746
job_000004,Bulgaria,160,8.508437735849057,True,16,0.07994575041187452,0.5050184307358362,0.6649788601959501,0.2948162665524399,0.1072531579630779,0.1875,16,0.030401312056860873,-0.008028470740485015,0.00012965963078684188,179.07475482179336,0.2641174715531423,10971,0.013043076731264591,0.03993895277380943,-0.004589442629367113,0.0027877807151526213,148.72410686691936,-0.01646294631063938,0.01646294631063938,0.4116970042601905
job_000004,Bulgaria,161,8.561615471698113,True,16,0.08034012478606074,0.5047192268355883,0.6657099815014669,0.2949652232393737,0.10630824594190878,0.1875,16,0.036004042009439866,-0.005626488143404736,0.013748635473914717,112.25632863735547,0.4126031474148648,10955,0.014324447140097618,0.03725534304976463,-0.005184035282582045,-0.000630854454357177,-173.06169023768646,-0.0801105871796608,0.0801105871796608,0.3645710765516722
job_000004,Bulgaria,162,8.614793207547171,True,15,0.07960023404888147,0.4836955205641676,0.6453914390193259,0.28357937796789523,0.10097150534584035,0.2,15,0.04863035980882177,-0.01993848875127333,-0.0006383381854785439,-178.16628049836132,0.4102109161989605,10802,0.02823752909898758,0.07341888546943665,-0.012774555943906307,0.004863879177719355,159.15579793998015,-0.05907411128282547,0.05907411128282547,0.4840786274555161
job_000004,Bulgaria,163,8.667970943396227,True,15,0.0803844719310141,0.4836444771589648,0.6453635278732622,0.2836067132095304,0.10109054621597974,0.2,15,0.028989161426847612,-0.0009598642060956429,-0.0005248652583274341,-151.32963257350266,0.037738034788196075,10968,0.015233054757118225,0.04636126011610031,-0.0066926972940564156,-0.0009314485359936953,-172.07681911302447,-0.009865077212452888,0.009865077212452888,0.44358818282428375
job_000004,Bulgaria,164,8.721148679245283,True,15,0.08127759112897504,0.48343237269678063,0.6454802640511768,0.2833093334864936,0.10111680640761775,0.2,15,0.027095641995040016,-0.003988595204321758,0.0021952077509665934,151.17288203116206,0.16802637604056517,11137,0.0167732834815979,0.05833283066749573,-0.006691451650112867,0.0012730431044474244,169.22825472224892,-0.03180843964219093,0.03180843964219093,0.4060906125450014
job_000004,Bulgaria,165,8.77432641509434,True,15,0.08140507885406278,0.48269631348809416,0.6453989215011505,0.28292474627233216,0.1015473651551281,0.2,15,0.028902175155846886,-0.01384149206306238,-0.0015296354522756064,-173.69378186470547,0.4818238134473054,11022,0.018739895895123482,0.05426324903964996,-0.00888069998472929,0.0014715149300172925,170.59168233738185,0.014325521886348724,0.0,0.48035421955635854
job_000004,Bulgaria,166,8.827504150943398,True,15,0.08293458094602152,0.4823011902829615,0.6446893746245285,0.28110510085327717,0.0991241642923865,0.2,15,0.0683516371390554,-0.007430237463558888,-0.013342931309371482,-119.11198842657616,0.22343679082211743,11313,0.03195693716406822,0.08987781405448914,-0.018573250621557236,5.750741183874197e-05,179.82259855708418,0.08387450128793716,0.0,0.5811989914623448
job_000004,Bulgaria,167,8.880681886792454,True,15,0.0836952668099472,0.481534267339533,0.6446723274553248,0.2808169166045501,0.09872464184651861,0.2,15,0.03213017889362367,-0.014421880344909922,-0.00032056966945818413,-178.72663865179052,0.44896863989645686,11340,0.014191403053700924,0.04188564419746399,-0.007880584336817265,0.0017973470967262983,167.15215108491248,0.07587262988090515,0.0,0.5695665935655878
job_000004,Bulgaria,168,8.93385962264151,True,15,0.08465041710756568,0.48118185348715736,0.6451074855546947,0.2806543776116592,0.09791413073690865,0.2,15,0.022118027131614367,-0.006627093966090547,0.008183088136827273,129.0023673815341,0.4760831158391783,11569,0.01457758154720068,0.03876795992255211,-0.00786072388291359,0.0036696502938866615,154.9752513161228,0.05779802426695824,0.0,0.5950985269008793
job_000004,Bulgaria,169,8.987037358490566,True,15,0.08449260220131719,0.5276196219716647,0.6621355753699205,0.2854330173877116,0.11359216441378696,0.2,14,0.01860495062205005,-0.006709800687173509,0.004983813674967245,143.3962802206735,0.4492470374863666,11498,0.01243110653012991,0.028741080313920975,-0.006288688629865646,0.00354442629031837,150.59355286051357,0.021887661889195442,0.0,0.5807016927018542
job_000004,Bulgaria,170,9.040215094339624,True,16,0.08829654406364251,0.502051527012818,0.6680052145945634,0.2934232434624967,0.10695498827315625,0.1875,15,0.03356857790687882,-0.003926243207097672,-0.005949625087632066,-123.42139427199669,0.21235196721008054,11909,0.030294468626379967,0.06074020266532898,-0.010405659675598145,0.016787966713309288,121.79181309912114,-0.08143527060747147,0.08143527060747147,0.6519768792446683
job_000004,Bulgaria,171,9.09339283018868,True,15,0.08549378206671912,0.4811787768317888,0.6490444015383583,0.28093389856550016,0.10335234041418663,0.2,15,0.041179309856939184,-0.004713635413055079,0.03300766945941364,98.12713228917168,0.8096914334367651,11777,0.017804749310016632,0.03377074748277664,-0.003808257868513465,0.008444122970104218,114.27514019284666,-0.017054492607712746,0.017054492607712746,0.5202631527164269
job_000004,Bulgaria,172,9.146570566037736,True,16,0.08554226765264297,0.5020751275192245,0.6698383304702171,0.29489852237786024,0.11108253451686412,0.1875,15,0.05224021566873616,0.003791971892500981,0.003773627229773774,44.861072510717214,0.10240582089985671,11822,0.016791656613349915,0.037998050451278687,-0.005285864695906639,0.005925100762397051,131.7365955720269,0.007257452700287104,0.0,0.4728673240447163
job_000004,Bulgaria,173,9.199748301886792,True,15,0.08509176359864619,0.4806201458236856,0.6502625629037517,0.2800921523668772,0.10700603379859028,0.2,15,0.05734983122393109,-0.014296951075687932,0.019133729504087014,126.76752441867615,0.41648234816681917,11833,0.016574878245592117,0.0404178611934185,-0.006371977273374796,0.0028090933337807655,156.20966232203537,0.0023122017737478018,0.0,0.4201357383924508
job_000004,Bulgaria,174,9.25292603773585,True,15,0.08548947751182581,0.480256165922132,0.6512415951947522,0.2802078439296517,0.10924810129618844,0.2,15,0.04987416940115638,-0.006844591928221678,0.01841056741828124,110.39388459944676,0.3938256421451077,11867,0.031151702627539635,0.08285964280366898,-0.013803303241729736,0.0033996128477156162,166.16400449022095,0.101235531270504,0.0,0.4563405517951286
job_000004,Bulgaria,175,9.306103773584907,True,15,0.08673608372173267,0.48008322383882124,0.6511472649433806,0.28022507150609804,0.10951126020837938,0.2,15,0.028535247469289173,-0.0032521520623131207,-0.0017738673876488578,-151.38999842219755,0.12982084981652312,12110,0.014375723898410797,0.03314124792814255,-0.005871140863746405,0.0038808085955679417,146.53540185190963,0.018771886825561523,0.0,0.48956312152436504
job_000004,Bulgaria,176,9.359281509433963,True,15,0.08694930908825318,0.47976146578975754,0.6536995690610868,0.28090415980651284,0.10839615089520557,0.2,15,0.059946202420564684,-0.006050615806155576,0.047995727477958765,97.18513013717109,0.8069837579532271,11987,0.020254267379641533,0.05608663335442543,-0.006006963551044464,0.00546438479796052,137.70799213835508,0.06950220465660095,0.0,0.40092965611678716
job_000004,Bulgaria,177,9.412459245283019,True,15,0.08717654072378057,0.47953180550060065,0.6536226893296544,0.28035938239917385,0.10725308338324684,0.2,15,0.038162348961240024,-0.004318730113081413,-0.0014457127631512486,-161.49181708899977,0.11933975472347194,11858,0.022933663800358772,0.07005023211240768,-0.009897773154079914,-0.00026283159968443215,-178.47888984655128,0.04537191241979599,0.0,0.4317348646015603
job_000004,Bulgaria,178,9.465636981132077,True,15,0.08811823240951974,0.4789618002860871,0.6538767721880396,0.2808304774726132,0.10670026986793409,0.2,15,0.043327598255607766,-0.010718869568488065,0.00477799316440248,155.97482266750674,0.27085647742342306,12201,0.03526225686073303,0.11147700995206833,-0.016236746683716774,0.0036551791708916426,167.31319756416775,0.21727019548416138,0.0,0.4719801414146873
job_000004,Bulgaria,179,9.518814716981133,True,15,0.08919065844153926,0.49067181260266857,0.6570232924120899,0.2854502707031542,0.11041065703710556,0.2,14,0.04709666860347705,-0.007463209293706008,0.006890860220463071,137.28338196735396,0.21568246029457958,12325,0.021465130150318146,0.07572723925113678,-0.006113707087934017,0.001979893771931529,162.05571065001993,-0.0074408045038580894,0.0074408045038580894,0.2993834549384885
job_000004,Bulgaria,180,9.57199245283019,True,18,0.09626801068958124,0.4942888140080559,0.6810762110519207,0.29987773285987496,0.09896925388656408,0.16666666666666666,15,0.04197294003509878,0.007342889895823735,0.005097556072670417,34.769023287946695,0.21296706740926255,12944,0.025947481393814087,0.09461670368909836,-0.005730666685849428,0.0021911561489105225,159.07533350924336,-0.10024115443229675,0.10024115443229675,0.23645006599916227
job_000004,Bulgaria,181,9.625170188679245,True,16,0.09222658605113984,0.49620838726914535,0.6547683333441127,0.2827399263893512,0.09384854646328394,0.25,16,0.08278884551597634,-1.8513535373175317e-05,0.022928188318096863,90.04626389121991,0.2769478865134871,12539,0.039198871701955795,0.11968100070953369,-0.01203566137701273,0.021600712090730667,119.12603497469313,-0.200893372297287,0.200893372297287,0.6308210327564744
job_000004,Bulgaria,182,9.678347924528303,True,17,0.09361136437298617,0.47581430438079386,0.6627604661318314,0.28696972082349037,0.09567474383537439,0.17647058823529413,16,0.10056696793379202,-0.015186435550445295,-0.023775971494926773,-122.56760769977329,0.2805308449514391,12965,0.06551165878772736,0.23270255327224731,-0.018824651837348938,0.015300748869776726,140.89565725006142,-0.17420941591262817,0.17420941591262817,0.3702946328788355
job_000004,Bulgaria,183,9.73152566037736,True,17,0.09342481752545868,0.47522022247262824,0.6612475004742399,0.28499754466978655,0.09635714714728397,0.23529411764705882,17,0.09745358514489916,-0.011171628477224412,-0.02845111085372127,-111.43797711498874,0.3136451755121301,12881,0.02722863480448723,0.08183834701776505,0.0005131388898007572,0.0057027265429496765,84.85829685166038,-0.03866301476955414,0.03866301476955414,0.21028474252161886
job_000004,Bulgaria,184,9.784703396226416,True,15,0.08753402647334367,0.45463075187480584,0.6759717633292189,0.29158366898252047,0.10055442564682311,0.2,15,0.10722624869165426,-0.01690713860712175,-0.060055989710654165,-105.72312861040884,0.5818583668617879,12161,0.022461185231804848,0.05938771739602089,-0.0011884976411238313,-0.0005963773000985384,-153.35291886702046,-0.06323705613613129,0.06323705613613129,0.05920141757418378
job_000004,Bulgaria,185,9.837881132075472,True,17,0.09049113094335239,0.47415003646282894,0.6595303414765133,0.28351588420551477,0.09350706670496006,0.23529411764705882,15,0.06029593210469968,0.01998097072192921,0.004752530000642025,13.379352019505028,0.3406265700220592,12340,0.029301386326551437,0.08438552916049957,-0.003596771042793989,-0.007483113091439009,-115.67134577321694,0.05648239701986313,0.0,0.2833529662487104
job_000004,Bulgaria,186,9.89105886792453,True,17,0.0886186354027133,0.5110085735076726,0.6608298635581039,0.28540369585459235,0.10478357324198141,0.23529411764705882,16,0.0971171933119595,-0.006877234058816202,-0.043955379664666644,-98.89237278063311,0.45810766773861294,12262,0.04902009665966034,0.13022691011428833,0.004966565873473883,-0.0002562616718932986,-2.9536914504721796,0.03268880024552345,0.0,0.10145171124577536
job_000004,Bulgaria,187,9.944236603773586,True,16,0.08445265670661913,0.49692040393194986,0.675477432907214,0.2946296889864494,0.09951319739065542,0.1875,15,0.03555668642138708,-0.011406455841063068,-0.008051240966206194,-144.7836640137705,0.39266097742696915,11644,0.023566478863358498,0.07524272054433823,-0.005974689498543739,-0.0028350981883704662,-154.61481500603168,-0.12749581038951874,0.12749581038951874,0.2806198315409886
job_000004,Bulgaria,188,9.997414339622642,True,18,0.09151259342924965,0.49420519702261384,0.6741643326819954,0.2929703117753056,0.1015159819778627,0.2222222222222222,15,0.06213326125171957,0.011874473506456186,0.0021720128333286826,10.365636487810335,0.19428378938977509,12791,0.034689389169216156,0.10232003778219223,0.00613816175609827,0.0016599426744505763,15.132532246833653,-0.05093599855899811,0.05093599855899811,0.1833024710862777
job_000004,Bulgaria,189,10.050592075471698,True,17,0.08933205386963985,0.4766435675913274,0.6578007613867727,0.2801633379801653,0.09752608095984766,0.23529411764705882,17,0.07524392040602222,0.0268144173744251,0.026970182310660104,45.165933158253274,0.5054443527965763,12303,0.035482361912727356,0.0875939130783081,0.0006526611396111548,-0.01335397269576788,-87.20195646957266,-0.10171514004468918,0.10171514004468918,0.37680446058035433
job_000004,Bulgaria,190,10.103769811320756,True,16,0.08386681937545384,0.49067856774560514,0.6483365440765912,0.2786197314566291,0.09434614172889978,0.25,15,0.09591020831328831,-0.025165149112304393,-0.021321631834425935,-139.72645264257946,0.3438974837853595,11449,0.042796541005373,0.12020105868577957,-0.01792657934129238,-0.0021362195257097483,-173.20439816844376,0.14996375143527985,0.0,0.421842781270093
job_000004,Bulgaria,191,10.156947547169812,True,16,0.08505080747908103,0.4896161421243353,0.6478826810506009,0.2781129146419397,0.09455004356763771,0.25,16,0.05792893801230435,-0.01997876751062743,-0.008534831706237487,-156.86806363722545,0.375035953169042,11679,0.027912480756640434,0.0707627460360527,0.00031397189013659954,-0.004162548575550318,-85.68647330080535,0.3398926556110382,0.0,0.14955219933418673
job_000004,Bulgaria,192,10.210125283018868,True,16,0.08543972406207986,0.48850132347141684,0.649318820238459,0.2777820769776434,0.0960372174470259,0.25,16,0.05826338423761769,-0.020964011256193318,0.027006399669486127,127.82079064790554,0.5867876563472294,11628,0.019264323636889458,0.04903062433004379,-0.007298010401427746,-0.001252522924914956,-170.26147416934685,-0.0068480693735182285,0.0068480693735182285,0.38437439040907034
job_000004,Bulgaria,193,10.263303018867925,True,18,0.08677389340830738,0.4975413142071619,0.67198774431264,0.2865544484072001,0.10072609619198607,0.2222222222222222,16,0.0908993890685191,0.016972450316538736,0.0025844773890237403,8.65819428413636,0.1888692355117705,11795,0.024276934564113617,0.05539589747786522,-0.0031419191509485245,-0.0030968140345066786,-135.4142327781635,0.2613290250301361,0.0,0.18171840531274297
job_000004,Bulgaria,194,10.316480754716983,True,17,0.08606675033142433,0.5081130930676275,0.6709103427134772,0.2899963816288295,0.10515906653594435,0.23529411764705882,17,0.08150530932370163,-0.00841122951667731,0.043603310782492063,100.91844102084274,0.5448378610596472,11755,0.05121377110481262,0.15546075999736786,-0.010551358573138714,0.005703594069927931,151.60632080320462,0.3289487063884735,0.0,0.23419980101586738
job_000004,Bulgaria,195,10.369658490566039,True,17,0.08770554340075631,0.5079028015973266,0.6717943648347398,0.28937300180721787,0.10709275391847438,0.23529411764705882,17,0.04676143277046821,-0.003954502141609653,0.0166239142593833,103.38084422617335,0.3654248879096979,11976,0.024289732798933983,0.08899711817502975,-0.0045042484998703,0.0003228047280572355,175.90080765353744,0.039745230227708817,0.0,0.18591397859871073
job_000004,Bulgaria,196,10.422836226415095,True,17,0.08873408529123801,0.5076141455035961,0.6719590200593065,0.28968350767332096,0.10863573353771773,0.23529411764705882,17,0.07183805887692457,-0.005428138094294392,0.0030963188247448464,150.2986977175427,0.08698940247950333,11955,0.023997971788048744,0.04554153233766556,-0.003464966546744108,0.00423529464751482,129.2871821482834,0.1679362654685974,0.0,0.2280228103671081
job_000004,Bulgaria,197,10.476013962264151,True,18,0.10086185871083168,0.49999163956265097,0.6741964042906814,0.2832633281711999,0.10757826628061919,0.2222222222222222,17,0.044831023778901975,-0.0028039850111795657,0.02481791586926939,96.44607318478795,0.5571100500530543,13678,0.04107418656349182,0.1755630075931549,0.006063879933208227,-0.0006006979383528233,-5.6573569001729584,0.0050385151989758015,0.0,0.14835498568661964
job_000004,Bulgaria,198,10.529191698113209,True,17,0.10129806394570251,0.4810889378081927,0.6559316667464228,0.2705252712717248,0.10322697031768821,0.23529411764705882,17,0.09588247946604216,-0.0032415330135568856,-0.006762978746788359,-115.60865714221143,0.07821756963360561,13988,0.0714891329407692,0.19595448672771454,0.005171547178179026,-0.016822798177599907,-72.91189027199093,-0.23658528923988342,0.23658528923988342,0.2461878618013006
job_000004,Bulgaria,199,10.582369433962265,True,18,0.1002808415016899,0.5001008174012211,0.6728908825956227,0.28244910086506636,0.10580364152992981,0.2222222222222222,17,0.06640975977805313,0.006975810825359384,-0.019115309966402504,-69.95129641368442,0.30640663296003323,13784,0.009734856896102428,0.031768277287483215,-0.0005413962644524872,-0.0007583992555737495,-125.52179216028593,-0.015656204894185066,0.015656204894185066,0.09571944317160021
job_000004,Bulgaria,200,10.635547169811321,True,16,0.09454721628175991,0.4860354322777419,0.6541657090673325,0.27596331684548536,0.10470569877172824,0.25,16,0.03926224075409378,0.0007882765606865581,0.01764335297454878,87.44181823526117,0.44982031893987867,12956,0.0011395660694688559,0.003600550349801779,0.00010939264757325873,0.0002910981420427561,69.40413065940284,-0.003386329161003232,0.003386329161003232,0.2728881547812624
job_000004,Bulgaria,201,10.688724905660377,True,15,0.0929579651941285,0.49196852567085164,0.660790255344902,0.2839947740398987,0.10576025243754072,0.26666666666666666,15,0.0347897702030855,0.022361043123204312,0.00953327550126076,23.090205494400923,0.698723394908665,12700,0.0024034189991652966,0.002970881527289748,6.425271567422897e-05,0.0018216822063550353,87.97995284949174,-0.024451788514852524,0.024451788514852524,0.758425803583754
job_000004,Bulgaria,202,10.741902641509435,True,17,0.09301437563757056,0.4811577036149663,0.6507277871524214,0.26727001387574334,0.09822215443826163,0.23529411764705882,14,0.012954936983356622,-0.009688726095991073,0.001167091652873715,173.13131773871132,0.7532854955520557,12779,0.006344067398458719,0.003231134032830596,0.0007681495626457036,0.005697794258594513,82.32194836248583,0.055508166551589966,0.0,0.9062545960127236
job_000004,Bulgaria,203,10.795080377358492,True,16,0.09250818299078135,0.48488964395785805,0.6531263489647976,0.27606502010971495,0.10539100696804052,0.25,15,0.023740216086935124,-0.012653101229655071,0.004131032298666616,161.91897948726628,0.5606683115029254,12638,0.003148155054077506,0.007606626488268375,-0.000898582860827446,0.0011079562827944756,129.0429981329233,-0.007587459869682789,0.007587459869682789,0.4531354540079988
job_000004,Bulgaria,204,10.848258113207548,True,17,0.09366293041504133,0.46535159698899403,0.6306861568361367,0.26517323922015446,0.10086687297202362,0.23529411764705882,15,0.009711864510545086,-0.004909443642524309,-0.00024114626715906627,-177.18795676884463,0.5061193434041434,12846,0.001420044107362628,0.002188499318435788,0.0002734159352257848,0.0005596132250502706,63.96078167298786,0.009795436635613441,0.0,0.4386024593591138
job_000004,Bulgaria,205,10.901435849056604,True,18,0.09469303215995262,0.4817365359997317,0.6359436460805616,0.26809986049296297,0.0986585478256944,0.2222222222222222,17,0.028331175079870666,-0.011094028229969174,0.0029999763551465898,164.86833864262564,0.4056481847595207,13055,0.0011228981893509626,0.0024775571655482054,-9.610206325305626e-05,0.0003793789364863187,104.214822110301,0.010475932620465755,0.0,0.3485282179150465
job_000004,Bulgaria,206,10.954613584905662,True,18,0.09895363192717961,0.4823793710905229,0.6424931889701205,0.2701551144519321,0.0985998125553324,0.2222222222222222,16,0.05188911786318773,-0.008837477239007614,0.02984181968614165,106.49634180426213,0.5997963759818873,13629,0.0013749595964327455,0.0038086508866399527,-0.0005064196884632111,0.0003578442265279591,144.75436323219677,0.010624374262988567,0.0,0.4509888432220978
job_000004,Bulgaria,207,11.007791320754718,True,17,0.08841082836329726,0.49787166262766064,0.6215440777611485,0.26120945981221033,0.10819073002504184,0.23529411764705882,15,0.053517827255447244,0.015853664726324074,-0.0003350013912805994,-1.2105282995712665,0.2962975998163494,12161,0.00370990764349699,0.009436361491680145,0.00030032455106265843,-0.0006268281722441316,-64.40008833075787,0.037412162870168686,0.0,0.18735237087250223
job_000004,Bulgaria,208,11.060969056603774,True,18,0.09630452210136153,0.4834830061760164,0.6393874176864169,0.27130950906916645,0.09864389527342887,0.2222222222222222,16,0.04055900544369746,0.022407516329525912,-0.017279160956104093,-37.63697926586868,0.6976513649361784,13294,0.002562005305662751,0.006926177069544792,-0.0006629222771152854,-0.0002862581459339708,-156.64470805482406,0.002554351929575205,0.0,0.2818444690023135
job_000004,Bulgaria,209,11.11414679245283,True,18,0.09348318031367624,0.4833970952438743,0.6389622536995103,0.2707780999879365,0.09834380159100603,0.2222222222222222,18,0.026126503237655595,-0.0016155432488891316,-0.007995150228160554,-101.42367449910886,0.31220174814030677,12975,0.0027919691056013107,0.008426044136285782,-0.00029101932886987925,0.0015453456435352564,100.66502960576344,-0.01353429351001978,0.01353429351001978,0.5632258852609322
job_000004,Bulgaria,210,11.167324528301888,True,18,0.09243916559104216,0.4836488541616468,0.6393782406305211,0.2694722783910292,0.09955865796723135,0.2222222222222222,18,0.047980909797886453,0.004734291781189914,0.00782257695572814,58.81730820467346,0.19056837852626654,12806,0.0021269824355840683,0.005691202357411385,-0.000271097756922245,0.001178797334432602,102.95158134382626,-0.011530369520187378,0.011530369520187378,0.5686784117402255
job_000004,Bulgaria,211,11.220502264150944,True,19,0.09227666685984293,0.46650198803257636,0.6497652079458015,0.2747030126268213,0.09742469952979692,0.21052631578947367,18,0.036026479193129485,-0.015456813270264214,0.010662900004553067,145.40010357761554,0.5212256827951195,12731,0.0037218681536614895,0.010989072732627392,0.0007126299315132201,0.002010528463870287,70.48317595618694,-0.03233356028795242,0.03233356028795242,0.5731230425669172
job_000004,Bulgaria,212,11.27368,True,18,0.09008358409768187,0.48509445343008384,0.6397867880779106,0.2661874533964612,0.09946510296793368,0.2222222222222222,17,0.034355094779093015,0.00727405983461889,0.012607606154772624,60.01685733476223,0.42367916176133835,12403,0.0034503377974033356,0.014189892448484898,0.0011183905880898237,0.0023394820746034384,64.44984490276119,0.034384835511446,0.0,0.7515387762112657
job_000004,Bulgaria,213,11.326857735849057,True,18,0.08695458592496047,0.5091728325948488,0.6410694245055033,0.2647741481315077,0.11186655452839234,0.2222222222222222,17,0.01726718703897647,0.0037731522068851922,0.005774389048758272,56.83824206714145,0.39947697294570184,12107,0.002761879237368703,0.005434933118522167,0.0004629385657608509,0.002130873966962099,77.74279818927532,-0.042355649173259735,0.042355649173259735,0.7895282094248254
job_000004,Bulgaria,214,11.380035471698115,True,17,0.0851177158739631,0.4985436474213538,0.6251086408854157,0.2586221181415235,0.10696864496160767,0.23529411764705882,17,0.032484821908010976,-0.000999775436596988,0.01419578476887697,94.02855397242003,0.43807988749863547,11852,0.0017365595558658242,0.003285723039880395,0.00044906773837283254,0.0010861217742785811,67.53687046673795,-0.01101740077137947,0.01101740077137947,0.6767960821929615
job_000004,Bulgaria,215,11.43321320754717,True,18,0.08898097285885068,0.48404418691783885,0.6408500791737091,0.2659463509715833,0.09557457582252472,0.2222222222222222,17,0.05088475198989394,-0.0035315833671097936,-0.0009145165192401125,-165.48195167101008,0.07169281153573746,12335,0.004894683137536049,0.014935556799173355,0.0011539674596861005,0.0034933071583509445,71.7197163066442,-0.005002184771001339,0.005002184771001339,0.7516262051264903
job_000004,Bulgaria,216,11.486390943396227,True,17,0.08456477452173503,0.4982540796501517,0.6259787269011954,0.2587155448742263,0.10550212961879123,0.23529411764705882,17,0.024670578896962978,-0.0019136986964967007,0.017276364234035866,96.32087148013393,0.7045651881465043,11741,0.0025203898549079895,0.0050530582666397095,0.000988167361356318,0.0015653939917683601,57.7375060610398,0.0007698137778788805,0.0,0.734488650376118
job_000004,Bulgaria,217,11.539568679245283,True,17,0.0808680239846302,0.4935961144413328,0.6347259048294228,0.2623068789353883,0.11483283765626112,0.23529411764705882,16,0.046970359281188576,-0.006056074298757815,-0.028850520795681196,-101.8549571540527,0.6276147607029028,11167,0.002330899704247713,0.004353279247879982,0.0009804508881643414,0.0014566110912710428,56.05534161355379,-0.015552854165434837,0.015552854165434837,0.7532916658688645
job_000004,Bulgaria,218,11.592746415094341,True,17,0.08290422213985271,0.5093549667279498,0.653345541191047,0.26877572751879414,0.11727525242170476,0.23529411764705882,16,0.03794833607961724,0.0028814307570799408,0.022831590737463395,82.80708900451027,0.6064217410473457,11591,0.004222786519676447,0.011996526271104813,0.0011442826362326741,0.0028577023185789585,68.17782302850887,-0.01118456106632948,0.01118456106632948,0.728970333301477
job_000004,Bulgaria,219,11.645924150943397,True,18,0.08729197790595758,0.5106952395224413,0.6435028925965719,0.26602210354040345,0.11002868788399554,0.2222222222222222,16,0.028432595772548717,0.007624058303946752,0.0076691538184258225,45.16894914850643,0.38033745134645874,12213,0.006049278192222118,0.015940411016345024,0.0015070636291056871,0.004668555222451687,72.10932035916986,-0.024380968883633614,0.024380968883633614,0.8109689970869156
job_000004,Bulgaria,220,11.699101886792453,True,18,0.08940084003640783,0.48515622156642313,0.6420238447262023,0.26860750308969406,0.0951695208554004,0.2222222222222222,17,0.021670590239997848,0.0005087199742033855,-0.01013732812711352,-87.12714470221263,0.46838062537953223,12474,0.0028484484646469355,0.007473639212548733,0.00037671453901566565,0.001885012723505497,78.69848513647294,-0.02063804864883423,0.02063804864883423,0.6748540105768512
job_000004,Bulgaria,221,11.75227962264151,True,19,0.08812504551535205,0.5034521592471316,0.6542691015529116,0.27641683455935895,0.10098706559033277,0.21052631578947367,16,0.055116197753899226,0.020789873309447093,-0.017588037974675792,-40.23090807633324,0.4940754635532856,12189,0.002219102345407009,0.005580721888691187,0.00044004543451592326,0.0013879999751225114,72.40953034599346,-0.006364461034536362,0.006364461034536362,0.6561595215742907
job_000004,Bulgaria,222,11.805457358490568,True,18,0.08928969995613417,0.48669785381137287,0.6429439662318757,0.2675596297052156,0.09817285034941073,0.2222222222222222,16,0.044683170284301466,0.011373597963720018,0.031567569175393,70.18622525889388,0.7509312440433751,12367,0.0023059563245624304,0.005536469165235758,0.0006788349710404873,0.001606982434168458,67.09942471935987,-0.015786033123731613,0.015786033123731613,0.756510299994518
job_000004,Bulgaria,223,11.858635094339624,True,18,0.08842466763980632,0.4862811006045469,0.6418021623529493,0.2668631838155687,0.09915557548176351,0.2222222222222222,18,0.06863629536994544,-0.00783698666691703,-0.021471464715372743,-110.05185148811682,0.3330161322104694,12178,0.0066341073252260685,0.015420334413647652,0.002003849484026432,0.0029347105883061886,55.67435125362509,-0.07355903834104538,0.07355903834104538,0.5356532501042061
job_000004,Bulgaria,224,11.91181283018868,True,18,0.08131856637021989,0.4845716451023753,0.642216542654557,0.2663916842287963,0.09932827583998186,0.2222222222222222,16,0.062112480501069635,0.002696866150193669,-0.006676889225782904,-68.00569678309807,0.11593431316544224,11290,0.0026706091593950987,0.008284115232527256,0.00010242348071187735,0.0003664625692181289,74.38472929550773,-0.05258595570921898,0.05258595570921898,0.14247938341680683
job_000004,Bulgaria,225,11.964990566037736,True,18,0.07955672204204824,0.4840828080836477,0.641954565355542,0.26643581509762887,0.09804757647388963,0.2222222222222222,18,0.02775893435872683,-0.009192512823694538,-0.004926447033372648,-151.8122739299317,0.3757129039215649,11099,0.0027053968515247107,0.007630352862179279,3.7858182622585446e-05,-1.6804009419502108e-06,-2.5415041138535064,-0.01693415269255638,0.01693415269255638,0.01400735644463449
job_000004,Bulgaria,226,12.018168301886794,True,18,0.08004203003812325,0.4843292363439309,0.6423097019154155,0.2666045632844609,0.09737414543099694,0.2222222222222222,17,0.0812467997405456,-0.006346001158387686,0.010837415075612688,120.3517078446615,0.1545748755138165,11245,0.0020430469885468483,0.00636275066062808,0.00029254143009893596,0.0004809802339877933,58.691228508608575,-0.01803089678287506,0.01803089678287506,0.27554857120570375
job_000004,Bulgaria,227,12.07134603773585,True,17,0.07417242791417637,0.49998265837643613,0.6274965613621114,0.2587115661579751,0.106967722220107,0.23529411764705882,17,0.04856214923986278,0.010394562485807534,0.035547903955487334,73.70055248441415,0.7626613434560583,10430,0.0020593535155057907,0.005280728917568922,0.000994398957118392,0.000767916499171406,37.676822293476306,0.00038546216092072427,0.0,0.6100912996327249
job_000004,Bulgaria,228,12.124523773584906,True,18,0.07630989267106708,0.49509621767703954,0.616096705194571,0.25659346827996055,0.09742235918497083,0.2222222222222222,17,0.021552966534221826,-0.009304336932894907,0.0002499659467339156,178.46108866226535,0.4318521093761529,10709,0.00185194774530828,0.004750771913677454,0.0004981816746294498,0.0008031080360524356,58.18796393298653,-0.0011818341445177794,0.0011818341445177794,0.5103142869031185
job_000004,Bulgaria,229,12.177701509433962,True,18,0.07465954717566471,0.49556082007296076,0.6157287691291585,0.25618618891976885,0.09785244377813387,0.2222222222222222,18,0.040775537548355514,0.008736784078963842,-0.006918987044818699,-38.37702364915279,0.2733176686707079,10520,0.0015804303111508489,0.004682743456214666,0.0006467180792242289,0.0004678234981838614,35.88125831637682,-0.00034641294041648507,0.00034641294041648507,0.5050443401631747
job_000004,Bulgaria,230,12.23087924528302,True,19,0.0788649402772172,0.49417940956628514,0.6381726977831612,0.26265636458349717,0.09418928555299647,0.2631578947368421,17,0.03238072964560498,0.010280151096341119,-0.011799524018522611,-48.93649985683767,0.48330008457091345,11071,0.002149432199075818,0.006750860251486301,0.00048522549332119524,0.00031163435778580606,32.71046164592584,0.0027388078160583973,0.0,0.26829408226392787
job_000004,Bulgaria,231,12.284056981132077,True,19,0.0842404123824524,0.4817882086327126,0.6300591033083761,0.26608598247688936,0.08986327428698049,0.21052631578947367,16,0.0629431457853393,-0.0307692937681478,-0.021023758386883994,-145.65634709985304,0.592056640214253,11761,0.004018140956759453,0.012550090439617634,0.001314807217568159,0.0009123188792727888,34.75602042063503,0.0018971017561852932,0.0,0.39827526161883114
job_000004,Bulgaria,232,12.337234716981133,True,19,0.08082201532136273,0.48132444104466154,0.6294827750734201,0.2641873579736035,0.09230682862361121,0.21052631578947367,18,0.058469983925021486,0.012740847060323936,-0.019493144395131442,-56.83110589230509,0.39828282380045893,11364,0.0019827932119369507,0.007041911128908396,-0.0001224040606757626,-0.00035046940320171416,-109.25213700569185,-0.044815462082624435,0.044815462082624435,0.18722567099616716
job_000004,Bulgaria,233,12.390412452830189,True,20,0.08199994207919023,0.4656097804230893,0.6400559281677205,0.27083504065287384,0.09365739872724696,0.2,19,0.03992447224247869,0.002094186176933557,0.02552783712609925,85.310219775338,0.6415511676270755,11466,0.003987837582826614,0.007071193307638168,-0.0011533003998920321,0.0018453815719112754,122.00397475511153,0.003600187599658966,0.0,0.5456913397626549
job_000004,Bulgaria,234,12.443590188679247,True,21,0.08152485603509585,0.4825990005675589,0.6572493168179856,0.28449122459992526,0.09990015295377368,0.19047619047619047,20,0.043001838690108075,0.007047479169718256,0.015641088669413925,65.74487669629075,0.39894767569393524,11426,0.0025469313841313124,0.007943309843540192,-0.00033857932430692017,0.000656682241242379,117.27521555243557,-0.0024426421150565147,0.0024426421150565147,0.2900857423660414
job_000004,Bulgaria,235,12.496767924528303,True,21,0.07876277757917252,0.48231893901878375,0.6574332489769018,0.2850682851890715,0.10072493840443197,0.19047619047619047,21,0.06425105987372173,-0.00526651885988733,0.003458818920728956,146.70484417779556,0.09806477554744546,11195,0.004497908055782318,0.014446772634983063,0.0017230212688446045,0.000265419454080984,8.757182500084989,-0.017246833071112633,0.017246833071112633,0.38759005342843883
job_000004,Bulgaria,236,12.54994566037736,True,21,0.07803357599359818,0.4834121257876508,0.645120618313018,0.2765990404152545,0.08920159038470406,0.19047619047619047,20,0.048594454369521374,0.011865052487272593,0.008787728085962515,36.52511448643507,0.30384014725072217,11090,0.0015870301285758615,0.005248459987342358,0.00042533918167464435,0.0005376965273171663,51.65461167551465,-0.011941117234528065,0.011941117234528065,0.43199435104110606
job_000004,Bulgaria,237,12.603123396226415,True,21,0.07892864267483007,0.4826908148150101,0.644691940214634,0.277247923821276,0.08813449924063524,0.19047619047619047,21,0.044621733723936685,-0.0135641535150731,-0.008061232610591704,-149.276808812063,0.35361187042527953,11221,0.0020150700584053993,0.006277718115597963,0.0008364863460883498,0.0009568563546054065,48.83996013358161,0.0028206976130604744,0.0,0.6307165502160564
job_000004,Bulgaria,238,12.656301132075473,True,19,0.0716034460586224,0.5484884019936077,0.6307006387454964,0.27802914960966224,0.09397938149949214,0.2631578947368421,17,0.04713697626239115,-0.003382481547191463,0.01903575755016998,100.07577460020107,0.4101650512521375,10004,0.0014969472540542483,0.0036952930968254805,0.0006077607977204025,0.00046196262701414526,37.23868341336636,0.015229579992592335,0.0,0.5099725629627745
job_000004,Bulgaria,239,12.70947886792453,True,21,0.08094008420248076,0.4838491544443479,0.6559960723453537,0.28157675383367425,0.09470742562142072,0.19047619047619047,16,0.05264172635034817,0.00295782056338726,0.00533868612871552,61.01199969567638,0.11594034845538648,11353,0.005022158846259117,0.015959415584802628,-0.0007853481802158058,0.00014076738443691283,169.83809863545403,0.081449493765831,0.0,0.15886876266313968
job_000004,Bulgaria,240,12.762656603773586,True,21,0.08139390128495388,0.4831209172765379,0.6548225826667187,0.28164439757814885,0.0961537834018649,0.19047619047619047,20,0.041240873559832254,-0.0007683119032648154,-0.01575130942605146,-92.79254032087094,0.38238851794178363,11471,0.0029757788870483637,0.010089590214192867,4.463359437067993e-05,0.0013056560419499874,88.04211749725512,-0.02364538423717022,0.02364538423717022,0.43901740152734625
job_000004,Bulgaria,241,12.815834339622642,True,6,0.02988777297936514,0.4791006562633975,0.6250636306098293,0.28912948219861784,0.20980489376766262,0.16666666666666666,5,0.3334959777161709,0.053562276063414536,0.016841633895658535,17.454758082680023,0.16836078646714947,4121,0.18943074345588684,0.45565029978752136,0.018598154187202454,-0.07393977791070938,-75.88122070708616,-0.5142214894294739,0.5142214894294739,0.40248437855340136
job_000004,Bulgaria,242,12.8690120754717,True,16,0.079717544998726,0.4089885700260761,0.6884584452579092,0.30793583788851764,0.09812700235091162,0.1875,6,0.0959290392514578,0.016252744016681985,0.0015922566474870271,5.595325107637142,0.17023576356964032,11036,0.006252156104892492,0.022481480613350868,0.0008172467933036387,0.0017228295328095555,64.62206221715785,-0.05257923901081085,0.05257923901081085,0.30498898176171657
job_000004,Bulgaria,243,12.922189811320756,True,16,0.07837483955206094,0.410084186790557,0.6897878023763626,0.3067612195645844,0.10051444489700825,0.1875,15,0.077333835889151,-0.013351326332349246,0.03335239521292842,111.81676259751028,0.46455061402205566,10883,0.014032598584890366,0.04206129536032677,-0.000566959788557142,0.006964010186493397,94.65434668153705,-0.11819861084222794,0.11819861084222794,0.4979156874836426
job_000004,Bulgaria,244,12.975367547169812,True,18,0.08487033262506065,0.4088251505915811,0.7122594900740351,0.3109776935403669,0.09753844016749441,0.2222222222222222,15,0.0619080862247785,-0.029773021461247804,-0.008448099607104402,-164.15870080814312,0.4999087768153035,11818,0.008958803489804268,0.018873872235417366,-0.001969277858734131,0.005636767018586397,109.25752557232191,-0.06126043200492859,0.06126043200492859,0.6664798931025334
job_000004,Bulgaria,245,13.028545283018868,True,14,0.07579136991477921,0.40505441184898455,0.6901289833096108,0.30679906522195544,0.11428922449234438,0.21428571428571427,14,0.0528547112895714,-0.009029118461066268,0.00928669486254077,134.19429906476668,0.2450588813307234,10521,0.009497798047959805,0.03219442814588547,-0.002201647497713566,0.005421834997832775,112.1006223718232,-0.06046392396092415,0.06046392396092415,0.61612160373079
job_000004,Bulgaria,246,13.081723018867926,True,15,0.0786015544452806,0.4199146365993635,0.6743744545343955,0.3101739387350502,0.10961450635720653,0.2,14,0.07568878565774033,-0.02350639098674381,0.03692378089942994,122.48161670986377,0.5783046656263523,10921,0.010436523705720901,0.04376651346683502,-0.0032977545633912086,0.0049682799726724625,123.5746884997295,-0.0429343581199646,0.0429343581199646,0.5713718644175066
job_000004,Bulgaria,247,13.134900754716982,True,15,0.07793082158565008,0.41953320330681926,0.6726563958082181,0.3098143425647778,0.1087782756241269,0.2,15,0.05565226159239848,-0.007172800542446428,-0.03230785776690227,-102.51744481349816,0.5946660801142644,10917,0.02075582928955555,0.08280075341463089,-0.003693342674523592,0.006634147372096777,119.10543045318425,-0.042078059166669846,0.042078059166669846,0.3658219018902583
job_000004,Bulgaria,248,13.188078490566038,True,15,0.0773614215199222,0.41912873590096916,0.6718824565418601,0.3097951254183162,0.10868111774834686,0.2,15,0.027688342843012186,-0.0076059538713380975,-0.014553821331448497,-117.59196055063259,0.5930819725137892,10655,0.007706386502832174,0.02686247043311596,-0.0017336767632514238,0.002587289083749056,123.8250361218474,-0.026064474135637283,0.026064474135637283,0.40413676687445016
job_000004,Bulgaria,249,13.241256226415095,True,15,0.07848100474029608,0.42001327879378486,0.6714538744795123,0.30997035986107324,0.10958668821927833,0.2,15,0.03615022307022801,0.016633707296723813,-0.008059426666155405,-25.85129149092977,0.5112930953642699,10856,0.007453148253262043,0.026406068354845047,-0.0016377876745536923,0.0033686524257063866,115.92831742163295,-0.010353855788707733,0.010353855788707733,0.5025643405367217
job_000004,Bulgaria,250,13.294433962264153,True,15,0.07835652553678445,0.4213201316646114,0.6712597954940308,0.30876046564344195,0.11066028188980367,0.2,15,0.040532252378916396,0.024575188280598372,-0.003649628597059902,-8.44718087871568,0.612961520942419,10943,0.006973214913159609,0.023115288466215134,-0.0008698757737874985,0.002786500146612525,107.33706031858405,-0.0008321485365740955,0.0008321485365740955,0.4186190951368509
job_000004,Bulgaria,251,13.347611698113209,True,15,0.07834853477262556,0.42106963857599733,0.6724131853142784,0.3077571113143714,0.10965274681531716,0.2,15,0.052664579538183424,-0.004710488038173251,0.021689336746519645,102.25320737243467,0.4214398968587085,10896,0.012541724368929863,0.04582680016756058,-0.001138467574492097,0.0063813491724431515,100.11545629951125,-0.031018458306789398,0.031018458306789398,0.5168434522461097
job_000004,Bulgaria,252,13.400789433962265,True,15,0.07864508679990018,0.4217205207401336,0.6722531464032168,0.30705713137328366,0.11007324408363946,0.2,15,0.02571415972803417,0.012239749469288205,-0.003009509684951864,-13.813856565030079,0.4901699896013916,10911,0.0052841585129499435,0.018410133197903633,-0.00030163474730215967,0.0021273097954690456,98.07026567862829,-0.025950094684958458,0.025950094684958458,0.406609305220752
job_000004,Bulgaria,253,13.453967169811321,True,16,0.08026637666012104,0.4382098231601396,0.6901084302434449,0.31158719215007386,0.11084851273444024,0.1875,15,0.03291239572138969,-0.0019261818873734808,0.022628999410310047,94.86529268826688,0.6900387929585855,11197,0.005068239290267229,0.01811472699046135,-0.0010844366624951363,0.001584031037054956,124.3957635734348,-0.03186067193746567,0.03186067193746567,0.3787659219077849
job_000004,Bulgaria,254,13.507144905660379,True,16,0.0793700944983282,0.4385947113698815,0.6902478983197771,0.3128575685345721,0.11146591240918101,0.1875,16,0.05830101165086994,0.007237769784603066,0.0026226779704974466,19.918488551219887,0.13204394100992076,11142,0.005878461990505457,0.018865415826439857,-0.0017570676282048225,0.0004885980160906911,164.460037073952,-0.06300407648086548,0.06300407648086548,0.3102404101304002
job_000004,Bulgaria,255,13.560322641509435,True,15,0.07725922455215678,0.4583997172725335,0.6844071116970938,0.312406853070542,0.11285517128922543,0.2,15,0.05810030643699491,0.00275496046577279,0.02535333460681798,83.79842104239448,0.43894047326444235,10762,0.011038286611437798,0.026050826534628868,-0.003102110931649804,0.005841503385454416,117.97038798784595,-0.04971201717853546,0.04971201717853546,0.5991958114562741
job_000004,Bulgaria,256,13.613500377358491,True,16,0.08142307052525309,0.4367307609949857,0.6923700995588127,0.3154620219910184,0.10989182618070345,0.1875,15,0.0270942894962637,-0.004097116663628947,0.015686146135192515,104.6382407262392,0.5983692115565851,11300,0.0053863017819821835,0.012884346768260002,-0.0007106758421286941,0.003057002555578947,103.08735914175318,-0.03132382407784462,0.03132382407784462,0.5826860122672023
job_000004,Bulgaria,257,13.666678113207547,True,17,0.08092140615660788,0.45781974839124845,0.700827926797759,0.3166823785177143,0.10505601969939626,0.17647058823529413,16,0.06598502070795612,0.03348614037139608,-0.01706722680276355,-27.00704419158337,0.5695948602722324,11159,0.0049627493135631084,0.011827899143099785,-0.0012307108845561743,0.0019828591030091047,121.82683647104697,-0.011693381704390049,0.011693381704390049,0.4702530401210028
job_000004,Bulgaria,258,13.719855849056605,True,16,0.07686611944621485,0.4422047528637799,0.7000143616755012,0.31547896896775157,0.10146137809637708,0.1875,15,0.03218777272036286,0.00889941425065596,-0.0015895846939124973,-10.127189636862518,0.2808601573570955,10736,0.004574470687657595,0.01563497632741928,-0.0013754678657278419,0.0010558998910710216,142.48777699442434,-0.0192567165941,0.0192567165941,0.37906531928461545
job_000004,Bulgaria,259,13.773033584905662,True,17,0.07725302345587005,0.4248322374941763,0.7063214223618066,0.3143509467004578,0.10198696607464872,0.17647058823529413,16,0.025714119522225,-0.0035155141772835238,0.020320400248008096,99.8152539245558,0.8019818654563919,10788,0.008047757670283318,0.024927712976932526,-0.002094186842441559,0.0028219283558428288,126.57955267762969,-0.06136368215084076,0.06136368215084076,0.4366557808827114
job_000004,Bulgaria,260,13.826211320754718,True,15,0.07551244927768995,0.4579696443814229,0.6852763234197322,0.3131299250804281,0.1124568130273183,0.2,15,0.03148477620130739,-0.014187903941056977,-0.0013286198900490406,-174.65016417609402,0.452598966199437,10585,0.0036275042220950127,0.011955007910728455,-0.0004435860028024763,0.0012621261412277818,109.36450068648179,-0.032202403992414474,0.032202403992414474,0.36879578278710734
job_000004,Bulgaria,261,13.879389056603774,True,16,0.07665542551587083,0.4381826054529044,0.6917264425136993,0.31460879206069586,0.1102589919409655,0.1875,15,0.03702545583191764,-7.266647110694913e-05,-0.018009387916984376,-90.2311827326557,0.48640952862017767,10654,0.004368146415799856,0.013601459562778473,-0.00034829843207262456,0.0012582262279465795,105.47299408102559,-0.034626659005880356,0.034626659005880356,0.2988782514140744
job_000004,Bulgaria,262,13.932566792452832,True,17,0.0771795531404346,0.424354819965961,0.7061066322807967,0.31524698804946455,0.10120120365930385,0.17647058823529413,16,0.03298001100831437,0.013422496837748977,0.0014537967714840269,6.181634670410351,0.40936911679544474,10759,0.006720425095409155,0.01756037399172783,-0.00016792290261946619,0.0019141146913170815,95.01365156288233,-0.023587185889482498,0.023587185889482498,0.2859144145785098
job_000004,Bulgaria,263,13.985744528301888,True,16,0.07873371809579886,0.43650188901461373,0.6936049154856891,0.3161310081983179,0.11049514846447064,0.1875,16,0.08277880728472772,-0.045028138023023884,0.03387062879868143,143.04913849010612,0.6806687097936179,10954,0.014600724913179874,0.039335690438747406,0.0003225447435397655,-0.0011443198891356587,-74.25866626111898,-0.032966651022434235,0.032966651022434235,0.08142803733610783
job_000004,Bulgaria,264,14.038922264150944,True,16,0.07987054077360668,0.43567390844730275,0.6935511113370475,0.31668547226737603,0.10966054991449314,0.1875,16,0.039625759668965074,-0.015570060554313715,-0.001011779606304986,-176.28201127819415,0.3937564851093374,11112,0.0071258461102843285,0.01688438281416893,0.0006066148052923381,-0.0011306385276839137,-61.78537026398522,-0.03801601007580757,0.03801601007580757,0.18006170069858365
job_000004,Bulgaria,265,14.0921,True,15,0.07674913926643197,0.40734175382743465,0.6844903336983565,0.3052696194269023,0.11547481981715216,0.2,15,0.02858628562199301,-0.012171631130686065,0.011305307393311348,137.11331568172508,0.581117858134749,10716,0.00531403673812747,0.01648634858429432,-0.0005396695923991501,-0.000653589959256351,-129.54650635923605,-0.047871798276901245,0.047871798276901245,0.1595018015255653
job_000004,Bulgaria,266,14.145277735849058,True,15,0.07279722158356447,0.4576871334261681,0.684013962443826,0.31388158382264264,0.11129814255589153,0.2,14,0.03274728441736725,0.004365383539599422,-0.016481047537834664,-75.16457538775212,0.5206350540897456,10149,0.005579289514571428,0.017309604212641716,-0.00020329866674728692,0.00011889751476701349,149.67912857653377,-0.027794484049081802,0.027794484049081802,0.04221223149070394
job_000004,Bulgaria,267,14.198455471698114,True,15,0.06289586065247874,0.43477539252812597,0.6763992525987309,0.32000838317503666,0.10408197482923601,0.2,14,0.03981854218972658,0.020363101850659877,0.009816652653803796,25.737805563059624,0.5677206507800753,8821,0.01232775580137968,0.04097684845328331,0.00016075960593298078,0.0002767819387372583,59.85125948642837,0.026411864906549454,0.0,0.02596426121149255
job_000004,Bulgaria,268,14.25163320754717,True,16,0.07656609734427579,0.436373718803933,0.6918194429299138,0.31755268773656337,0.10697123503304594,0.1875,14,0.033831480871329124,-0.008810585366564636,0.010256685881760838,130.66287491659008,0.39966672717528884,10683,0.00665731355547905,0.022312631830573082,0.0013919800985604525,-0.00010239362745778635,-4.207082603617674,-5.942186544416472e-05,5.942186544416472e-05,0.20965529533909474
job_000004,Bulgaria,269,14.304810943396227,True,16,0.0801738268853687,0.43515808209244977,0.693453108134571,0.3180943683390683,0.10947641171402495,0.1875,15,0.04262354125502551,-0.006944874172550527,-0.0108868407449233,-122.53439606801831,0.30296283405408075,11200,0.006719944998621941,0.018996186554431915,0.0006393770454451442,0.0004736010159831494,36.52818355868713,-0.03761820122599602,0.03761820122599602,0.11840519484345954
job_000004,Bulgaria,270,14.357988679245285,True,16,0.06577155892127785,0.4386225120251726,0.6934524922446754,0.31747912137583056,0.10791979769875715,0.1875,13,0.029500995218374463,-0.009223758948426454,0.008753726142239347,136.49769346515032,0.43104802757122035,9331,0.009688861668109894,0.026070652529597282,0.0017280381871387362,0.0011083114659413695,32.67488553055307,-0.059895869344472885,0.059895869344472885,0.21188428271338194
job_000004,Bulgaria,271,14.41116641509434,True,16,0.06898494700751502,0.43749616765527927,0.6916968584662877,0.320751367045471,0.10509458604732222,0.1875,15,0.06890499399015952,0.01317293246487492,-0.016576180927322038,-51.526170071290714,0.30727816160364596,9762,0.01547611691057682,0.048668958246707916,0.00058123713824898,-0.0008530929335393012,-55.7322523846893,-0.1181984469294548,0.1181984469294548,0.06670155407648543
job_000004,Bulgaria,272,14.464344150943397,True,16,0.08108841764529728,0.43545753236290463,0.6907399272251075,0.31821962671293563,0.10609113505586323,0.1875,14,0.029684675156883576,0.005985137633206841,-0.0002928901889011985,-2.8016056038986914,0.20186509671629993,11341,0.006117335986346006,0.01889421045780182,0.0002774916938506067,-0.00010310608195140958,-20.383282390882574,-0.04315700754523277,0.04315700754523277,0.04839163292954052
job_000004,Bulgaria,273,14.517521886792453,True,15,0.07896309913514045,0.41809032871750185,0.6742395932334712,0.314940282648735,0.10438699624381088,0.2,15,0.028071298094994125,-0.012100604783525759,-0.004660878343501377,-158.9344474989187,0.4619382271795149,10913,0.004821929149329662,0.013231594115495682,-0.00032852127333171666,-0.0001947883574757725,-149.33525375668972,-0.05828257277607918,0.05828257277607918,0.07920640059436637
job_000004,Bulgaria,274,14.570699622641511,True,15,0.07692658533506194,0.4193868405876096,0.6732149229964696,0.31593397625851266,0.10558637125578622,0.2,14,0.0239503161898843,0.00871000856369363,-0.008140955809754689,-43.06587119107239,0.4977898120549892,10688,0.006296484265476465,0.015664616599678993,-0.0010727194603532553,0.0008923387504182756,140.24471537863394,-0.051506660878658295,0.051506660878658295,0.22160744667953527
job_000004,Bulgaria,275,14.623877358490567,True,15,0.07600722400311861,0.42034208220928865,0.6755184018700615,0.3128410500155552,0.10810711732954284,0.2,13,0.04425447326343861,-0.01662760558287824,-0.0013947368661555942,-175.2052084954109,0.3770466043590102,10579,0.014155488461256027,0.03171997144818306,-0.0013236161321401596,0.0008795017492957413,146.3971983980936,-0.05038861930370331,0.05038861930370331,0.11226577117847376
job_000004,Bulgaria,276,14.677055094339623,True,15,0.07558985443196277,0.42038283578831176,0.6758905330624265,0.3136246720863423,0.10917706901265702,0.2,15,0.036576784011176505,0.0007663654417123844,0.006997875829486206,83.75021525390864,0.19246401299047813,10524,0.0061689382418990135,0.014611711725592613,-0.0005108286277391016,0.0018186650704592466,105.68904838003613,-0.02525579184293747,0.02525579184293747,0.3062187150791572
job_000004,Bulgaria,277,14.73023283018868,True,15,0.07563181531631065,0.4201318332666016,0.6761311133578322,0.3138627116210071,0.10954837519654373,0.2,15,0.02370629916992688,-0.004720067857397586,0.004524079326892677,136.21456672454326,0.275794549034684,10481,0.0055847205221652985,0.014578355476260185,-0.0008484306745231152,0.0021719506476074457,111.3371443049223,-0.04689237102866173,0.04689237102866173,0.4175287433565493
job_000004,Bulgaria,278,14.783410566037738,True,15,0.07453621821653665,0.4195715378212775,0.6757685470176059,0.31360766931300227,0.10872272375146633,0.2,15,0.019865403090537383,-0.010536278695927619,-0.006818010102113013,-147.09315485488477,0.6317434290515743,10272,0.005635738372802734,0.015071265399456024,-0.0014827270060777664,0.0014487095177173615,135.66485186228988,-0.052582137286663055,0.052582137286663055,0.36782726034562985
job_000004,Bulgaria,279,14.836588301886794,True,15,0.07468417321239904,0.4206675831607095,0.6775616604082498,0.31384337076892777,0.11094580516023597,0.2,15,0.06377645516731506,0.020610981681189047,0.0337192503970788,58.564529609908845,0.6196584696795946,10324,0.011955367401242256,0.0338602140545845,-0.0021037098485976458,0.0002104725717799738,174.28666748972148,-0.08641737699508667,0.08641737699508667,0.17684210546356435
job_000004,Bulgaria,280,14.88976603773585,True,15,0.07403070560098275,0.42138381328223673,0.6781357573334152,0.31412190656320527,0.11053721252446037,0.2,15,0.04799368203617282,0.013468608809525828,0.010795813623862933,38.714048926037094,0.35965808067986355,10149,0.008111818693578243,0.0219463799148798,-0.0007335837581194937,-0.0021827558521181345,-108.57654188785145,-0.016154760494828224,0.016154760494828224,0.2838735297455166
job_000004,Bulgaria,281,14.942943773584906,True,15,0.07354468614985858,0.4214725106834961,0.6780678233805286,0.31345232654060345,0.1113217685567255,0.2,15,0.04068922807517541,0.0016679424169401575,-0.001277488629443277,-37.44875343893986,0.05163416538608277,10055,0.010146331042051315,0.026274172589182854,-0.0007488903938792646,0.00046132379793561995,148.36652497565746,-0.010517857037484646,0.010517857037484646,0.08668921148641158
job_000004,Bulgaria,282,14.996121509433964,True,15,0.07272582555502038,0.42153790094067234,0.6775681168936286,0.313268405370895,0.11206728116199953,0.2,15,0.02416926199638135,0.001229654781877461,-0.009396911675935073,-82.54478808281914,0.39211064231995824,10019,0.008778627030551434,0.02735571376979351,-0.0013151912717148662,0.0008694629650563002,146.53161195155107,-0.048458751291036606,0.048458751291036606,0.17959623492865753
job_000004,Bulgaria,283,15.04929924528302,True,15,0.07158640206407539,0.4215299321433769,0.6766597890348149,0.3135251428277024,0.112740178580356,0.2,15,0.029528583505760677,-0.00014985213583003915,-0.017080980307100795,-90.5026453116389,0.5784780573902529,9887,0.01348813995718956,0.03839152306318283,-0.004694391507655382,0.001580320531502366,161.39470212300645,-0.1121116355061531,0.1121116355061531,0.3672303191742284
job_000004,Bulgaria,284,15.102476981132076,True,16,0.07167072252212635,0.4383356777524629,0.6926790686840345,0.31575971768250644,0.11113967786004078,0.1875,15,0.028409419953912766,-0.0010822721545770675,0.018989688107005007,93.26190814143675,0.6695139816131779,9872,0.006205542478710413,0.015244008041918278,-0.002248630626127124,0.0014640794834122062,146.93191875751066,-0.04944279044866562,0.04944279044866562,0.43239685568507963
job_000004,Bulgaria,285,15.155654716981132,True,15,0.07101986086089845,0.42114021967170373,0.6790243520344378,0.31342214628669507,0.11099465298659379,0.2,15,0.030038777368337693,-0.006246217211332846,0.02547559349758839,103.77626543025937,0.873209846847938,9771,0.006853639613837004,0.015212951228022575,-0.0029272784013301134,0.0019746124744415283,145.99814005962142,-0.05826326459646225,0.05826326459646225,0.5152026169534274
job_000004,Bulgaria,286,15.20883245283019,True,15,0.06925395648248696,0.42124601164497283,0.6778048412183957,0.31396006362741813,0.11297450958885898,0.2,15,0.04444536199556662,0.0019894034896343416,-0.022932732967488063,-85.0420310171386,0.5179136830902514,9532,0.008304580114781857,0.016841895878314972,-0.0034194039180874825,0.002517352346330881,143.63963888215832,0.010627851821482182,0.0,0.5112964639192883
job_000004,Bulgaria,287,15.262010188679247,True,15,0.0676665581155009,0.4216986346054648,0.6768648329043233,0.31481067029393534,0.1143330371010728,0.2,15,0.04428815440120219,0.008511512445297421,-0.01767672690579922,-64.28874166446599,0.4429895028704006,9314,0.013347485102713108,0.02450249344110489,-0.004179813899099827,0.0055183605290949345,127.14165793426757,-0.06647152453660965,0.06647152453660965,0.5186486127669714
job_000004,Bulgaria,288,15.315187924528303,True,14,0.0644931797535461,0.40317160462418256,0.686621099223473,0.3159923501754349,0.12312439884536094,0.21428571428571427,14,0.022857212181547657,0.001291070239024102,-0.0031331531700476006,-67.60503831849002,0.1482566178295558,8985,0.0059960102662444115,0.013868182897567749,-0.001835061702877283,0.002203203970566392,129.79111665927687,-0.033790260553359985,0.033790260553359985,0.4782056754426092
job_000004,Bulgaria,289,15.368365660377359,True,16,0.06696647627675743,0.4387598885817612,0.6893001311077891,0.31955385251620233,0.1086788584756409,0.1875,14,0.0769467144475017,-0.008489138581093559,-0.006643423876051587,-141.9540030487841,0.14009222078630112,9373,0.006697843316942453,0.017104044556617737,-0.0017786535900086164,0.0030928323976695538,119.90272978223015,0.058686647564172745,0.0,0.5326794303257725
job_000004,Bulgaria,290,15.421543396226417,True,16,0.06565944085231097,0.43988580608188577,0.689041416217745,0.31933364019988825,0.10965517981725786,0.1875,16,0.03679295702685144,0.021172723549578568,-0.004865097881915931,-12.940867909057474,0.5904523647967457,9121,0.006197098642587662,0.014547859318554401,-0.00046508159721270204,0.0007214007200673223,122.80957009504691,9.881491860141978e-05,0.0,0.13850415075894443
job_000004,Bulgaria,291,15.474721132075473,True,15,0.06335232263935674,0.4542064095530535,0.6719027234774428,0.31520509010289527,0.10427381038447467,0.2,15,0.1088950732544373,7.80114355657831e-05,0.0214965598497119,89.79207340982434,0.1974074745468945,8822,0.00757520692422986,0.020174024626612663,-0.0009412862709723413,0.002330983988940716,111.98959460894118,-0.04118332266807556,0.04118332266807556,0.3318540113554457
job_000004,Bulgaria,292,15.52789886792453,True,15,0.0629796565429765,0.4533925334268565,0.671137297697878,0.31526987133935475,0.10838072962844864,0.2,15,0.0700209755070377,-0.015304828481362158,-0.01439372638461948,-136.75718776281087,0.3000519382112749,8808,0.00448345672339201,0.0124666141346097,0.000248176627792418,0.0021474116947501898,83.40756656696965,-0.02438306249678135,0.02438306249678135,0.48215142037300324
job_000004,Bulgaria,293,15.581076603773585,True,14,0.061852614805646175,0.43604400086650796,0.654836502476116,0.3135793184565782,0.11364927895695129,0.21428571428571427,14,0.03508006020656657,-0.008805625626429017,-0.0026087583176063597,-163.49752847317615,0.2617992949775713,8554,0.004681860562413931,0.013670828193426132,5.8371719205752015e-05,0.001183433341793716,87.17622886682575,0.008400884456932545,0.0,0.2530771722360814
job_000004,Bulgaria,294,15.634254339622643,True,15,0.06275857014985688,0.4525509271405979,0.6709178593021282,0.3143882808128152,0.10579935713919907,0.2,14,0.06525393068231579,-0.008279626401719177,0.001964029998841455,166.6553813156164,0.13040416975567076,8739,0.004297961015254259,0.01211828738451004,-1.681598587310873e-05,0.0005641232710331678,91.70742786636333,-0.02007560059428215,0.02007560059428215,0.13131199835573534
job_000004,Bulgaria,295,15.6874320754717,True,14,0.057228757443942124,0.425357107857828,0.6603981480714862,0.30439207056790774,0.11471156524469954,0.21428571428571427,14,0.0618529324772137,0.018150614362064103,-0.004662005152682989,-14.405092018649368,0.3029730732900575,7879,0.006717971060425043,0.02009599842131138,8.180573058780283e-05,0.0008463030098937452,84.47880239533978,-0.011699841357767582,0.011699841357767582,0.12656315144340222
job_000004,Bulgaria,296,15.740609811320756,True,15,0.058348195375374425,0.4534654358644527,0.670355824091899,0.31458120767458647,0.10348946921791989,0.2,14,0.04229408164159092,-0.01796221877469024,0.026878179057083746,123.75411694314145,0.7643543025145074,8098,0.0036514336243271828,0.011320937424898148,-0.0011353906011208892,0.0009810712654143572,139.1702747198617,-0.026785634458065033,0.026785634458065033,0.41094474291680194
job_000004,Bulgaria,297,15.793787547169812,True,14,0.06151723118623137,0.4351912968257065,0.654921785942432,0.31140426208388783,0.1069829736716015,0.21428571428571427,13,0.025051645206823073,-0.004190892959768524,-0.009446430770008582,-113.92438628554406,0.41252151580476587,8550,0.004539234098047018,0.015733832493424416,4.221093695377931e-05,0.0018465918255969882,88.69051330648261,-0.027072735130786896,0.027072735130786896,0.4069131860365236
job_000004,Bulgaria,298,15.84696528301887,True,14,0.06037293545578602,0.43445006801772884,0.6548965831274789,0.31143899917885126,0.10496470192948705,0.21428571428571427,13,0.04232617811958133,-0.013870643987600675,0.0213919205703442,122.95960661354137,0.6023523927541615,8413,0.004886212293058634,0.0189665574580431,0.00038056293851695955,0.000676359049975872,60.63510573892791,-0.027402477338910103,0.027402477338910103,0.15882921570905464
job_000004,Bulgaria,299,15.900143018867926,True,13,0.05706442875023586,0.4170501966649752,0.6675899359038991,0.31308371640183513,0.11605070378185758,0.23076923076923078,12,0.020329214003951778,-0.0010443828666000753,0.01241762791657266,94.80753927933777,0.6129833331988663,8005,0.007375847082585096,0.02656889520585537,-0.000256743049249053,-0.0002680925535969436,-133.7611790069169,-0.07328540831804276,0.07328540831804276,0.050326636745761516
job_000004,Bulgaria,300,15.953320754716982,True,14,0.05948348121089549,0.4337787963220583,0.6558340473352434,0.31008917400070546,0.10718307447379584,0.21428571428571427,13,0.023835583098244812,0.0030332307026515347,-0.016046219275943966,-79.29563509707938,0.6851265209250554,8282,0.004413479473441839,0.008831898681819439,0.00018306606216356158,-0.001750954776071012,-84.03128911322429,-0.03907199576497078,0.03907199576497078,0.39889133955673284
job_000004,Bulgaria,301,16.006498490566038,True,14,0.05570164593983119,0.4343431827377704,0.6567081361125775,0.3091534652226819,0.10531316097605002,0.21428571428571427,13,0.019038913270490534,0.007938418162637243,0.00035850251369128224,2.5857461291029296,0.41738249412906187,7803,0.0035530768800526857,0.005708169192075729,-0.00048595419502817094,-0.0012324482668191195,-111.5193113989108,-0.013802983798086643,0.013802983798086643,0.3728583556335819
job_000004,Bulgaria,302,16.059676226415096,True,14,0.05695438639732536,0.4346441431442803,0.6556352739897423,0.3108940207770403,0.10526002905711225,0.21428571428571427,13,0.03823119262924419,0.010044524561968544,-0.007316166026877574,-36.06860466050814,0.3250365374032667,7869,0.00370143074542284,0.01228095218539238,-0.0010123896645382047,-0.0009932465618476272,-135.54685175280574,-0.014299852773547173,0.014299852773547173,0.3831663136766578
job_000004,Bulgaria,303,16.11285396226415,True,14,0.057024274886718435,0.43519922466723165,0.6552059622166517,0.31129559197614404,0.10629653035712529,0.21428571428571427,13,0.03295954929693465,0.0011020915507879779,-0.001035448352233893,-43.21423800106206,0.04588058443998832,7978,0.009373465552926064,0.027333687990903854,-0.001629128004424274,-0.006543344352394342,-103.98094704652766,-0.0877818763256073,0.0877818763256073,0.7193818690045443
job_000004,Bulgaria,304,16.16603169811321,True,13,0.052324780647163595,0.40835434505051804,0.6480030435126737,0.30550988839368187,0.12656484928045414,0.23076923076923078,13,0.013086280010931305,0.007095905013119206,0.0030075342129168435,22.969213582422302,0.5889338564760177,7331,0.002754820045083761,0.007880723103880882,0.0005105359596200287,-0.001775299315340817,-73.95596070588815,0.01807372272014618,0.0,0.6705521696743287
job_000004,Bulgaria,305,16.219209433962266,True,15,0.061975631493941113,0.41830327395099276,0.6761951707433064,0.3146131163371305,0.1017163932421759,0.2,12,0.05644731126054648,0.004863398946178287,0.03321728596747433,81.67041043598522,0.5947391758909626,8674,0.005921250209212303,0.016012664884328842,-0.0004984154948033392,-0.003773890435695648,-97.52347925566956,-0.04231942817568779,0.04231942817568779,0.6428812736605226
job_000004,Bulgaria,306,16.27238716981132,True,14,0.05599647418824979,0.4341569477055862,0.6559338786158352,0.30917875910106607,0.10969606667295624,0.21428571428571427,14,0.0652066630169945,-0.020272617890952412,-0.011166648293040747,-151.15296359156534,0.3549424407047522,7823,0.004885155241936445,0.012813790701329708,-0.0004845261573791504,-0.0029642104636877775,-99.28339757713239,-0.09255357831716537,0.09255357831716537,0.61483193399723
job_000004,Bulgaria,307,16.32556490566038,True,14,0.05568865398913449,0.43478051037019533,0.6556249344193713,0.3101589180729685,0.10870232495435725,0.21428571428571427,14,0.026364006954438447,0.011726010042607553,-0.005809653072496236,-26.356120680869214,0.49637011137844445,7808,0.012657767161726952,0.03153640031814575,-0.0035482633393257856,-0.00848054513335228,-112.70445302095484,-0.12703655660152435,0.12703655660152435,0.7262672853419833
job_000004,Bulgaria,308,16.378742641509437,True,14,0.05620352713791225,0.4348646106119845,0.6546012088259402,0.31029103071901554,0.10979314077332245,0.21428571428571427,14,0.023135721694294332,0.0015814934661336577,-0.019251018816159694,-85.30363145451828,0.8348937887728055,7858,0.009889155626296997,0.018893510103225708,-0.002564464695751667,-0.008084055036306381,-107.60033088035124,-0.005861249286681414,0.005861249286681414,0.8576124240585727
job_000004,Bulgaria,309,16.43192037735849,True,14,0.05605822553703824,0.43483645926564723,0.6536919446083113,0.30920065310931816,0.11194206727993684,0.21428571428571427,14,0.04829499270795563,-0.0005293821913949329,-0.01709858840567906,-91.77334401619055,0.35421439103872115,7905,0.01127139013260603,0.020137466490268707,-0.0019742746371775866,-0.009195366874337196,-102.11762480240468,0.031006503850221634,0.0,0.8344064513884437
job_000004,Bulgaria,310,16.48509811320755,True,15,0.05733670287915145,0.45305127936718836,0.672007171340838,0.31359730272839353,0.11219073238937836,0.2,14,0.039547584758173056,0.0004413114417029623,-0.015206837837453569,-88.33770909260782,0.3846819001086729,8118,0.01440183911472559,0.030198438093066216,-0.0028273507487028837,-0.011526163667440414,-103.7824343227004,-0.016400545835494995,0.016400545835494995,0.8240524606871551
job_000004,Bulgaria,311,16.538275849056603,True,14,0.052682471472526284,0.4302164107645878,0.6694127062805846,0.31213099491713997,0.11534709904232106,0.21428571428571427,14,0.030935778236498308,0.0019973490165912733,-0.007433835277808069,-74.96075184892806,0.2488215164834347,7374,0.0060243308544158936,0.0157709289342165,0.0015740232774987817,-0.0029075094498693943,-61.57044521473784,0.06595839560031891,0.0,0.5488129112344275
job_000004,Bulgaria,312,16.59145358490566,True,14,0.05267014011675279,0.43037561846931965,0.6688999068862913,0.311716707056592,0.11523645566512734,0.21428571428571427,14,0.016262544114098144,0.0029938789643807347,-0.009643121996558954,-72.75211351176075,0.6208858437498478,7393,0.0018457883270457387,0.004212921019643545,0.00039255741285160184,-0.0005212373798713088,-53.01564672625647,0.0033421015832573175,0.0,0.35352138920986126
job_000004,Bulgaria,313,16.64463132075472,True,13,0.050962335098025724,0.4020109949587963,0.639803891368688,0.2916883246052754,0.11423749060386411,0.23076923076923078,12,0.019878285546863248,-0.005783372591718947,0.00997740574386664,120.09859350806732,0.5801501432774127,7164,0.011522134765982628,0.007282924372702837,-0.006933330558240414,-0.004809494595974684,-145.25182968759964,-0.24284110963344574,0.24284110963344574,0.7323422567113135
job_000004,Bulgaria,314,16.697809056603774,True,13,0.04811949499356249,0.409227043778994,0.6474941821189726,0.30528109814389626,0.12449188964899213,0.23076923076923078,12,0.02069235737027347,-0.01273499115964305,0.0008627451131976246,176.12436018795262,0.6168548733229604,6731,0.0012717564823105931,0.0033942395821213722,0.0003131633857265115,-0.00025315600214526057,-38.95149021507499,0.0029106938745826483,0.0,0.31664083862802267
job_000004,Bulgaria,315,16.75098679245283,True,14,0.053983754515516146,0.4285236555988833,0.6704959724556968,0.31386634798326707,0.11365073601254679,0.21428571428571427,12,0.03529746550518776,-0.02140299737651301,-0.00934348500089665,-156.41630993600944,0.6616215892424434,7611,0.004271241836249828,0.008687597699463367,0.00045877209049649537,0.0010902757057920098,67.179352992148,-0.0005636041169054806,0.0005636041169054806,0.276937353605655
job_000004,Bulgaria,316,16.80416452830189,True,14,0.05411131300898567,0.4286547804756101,0.6701985426094409,0.31349954161698335,0.11217314219684281,0.21428571428571427,14,0.025889107542681,0.002465785250786085,-0.0055931273023751915,-66.20924375612714,0.23610477912636596,7607,0.002742327284067869,0.005396593362092972,0.0005266842781566083,-0.0007588340085931122,-55.236626909554936,0.0005085457232780755,0.0,0.33683142181954034
job_000004,Bulgaria,317,16.857342264150944,True,14,0.05449165331153136,0.42916915409447587,0.6703280065478675,0.31342397566217156,0.11086635401143438,0.21428571428571427,14,0.021639383397127038,0.009672725072872755,0.002434551534765452,14.127471293848208,0.4609373392945566,7631,0.002444816054776311,0.004333179909735918,0.0009943707846105099,-0.00031703952117823064,-17.68406585195388,-0.040872540324926376,0.040872540324926376,0.42689889857428687
job_000004,Bulgaria,318,16.91052,True,14,0.053924100794915976,0.42899770292897926,0.6704474407918414,0.31347754079836276,0.11065975051611775,0.21428571428571427,14,0.03231755185502432,-0.0032241155581216366,0.0022459445116843886,145.13862432239097,0.12158325660962803,7624,0.0026647294871509075,0.004993925336748362,0.00036455882946029305,0.00046518785529769957,51.91487946433123,-0.019594214856624603,0.019594214856624603,0.2217930616524811
job_000004,Bulgaria,319,16.963697735849056,True,13,0.052541889151530186,0.4077220561207585,0.6473961685375911,0.30426298645437283,0.12352412413458198,0.23076923076923078,13,0.056145239041998245,0.006568668270263042,-0.04365733828312756,-81.44347908954919,0.786330832992148,7439,0.003801226383075118,0.009512923657894135,-2.7703716114046983e-05,0.0013378644362092018,91.18627803248084,-0.009819316677749157,0.009819316677749157,0.3520314516439933
job_000004,Bulgaria,320,17.016875471698114,True,14,0.05395640893207198,0.42890310938926,0.6672243780177336,0.31273327524475225,0.11335283482956653,0.21428571428571427,13,0.0315367394057349,-0.0064541426408278695,-0.021223601758729116,-106.91462858747263,0.7034102139252676,7681,0.0020448502618819475,0.004547414369881153,-9.603545913705602e-05,-0.0003272507747169584,-106.35492581645205,-0.024328842759132385,0.024328842759132385,0.1667853850718266
job_000004,Bulgaria,321,17.070053207547172,True,13,0.05291964025917511,0.40831453834782094,0.6469268097697097,0.3050595903887365,0.1239729626582813,0.23076923076923078,13,0.03307219545037462,0.01759568933518415,0.01239737476001674,35.16733217429042,0.6508330767216008,7422,0.0034331900533288717,0.006624357774853706,-0.00027429559850133955,0.0002567462797742337,136.89276239875645,0.005325010046362877,0.0,0.10943416918090026
job_000004,Bulgaria,322,17.123230943396226,True,15,0.06003671450761115,0.41090973918950785,0.6678071386080522,0.3062288489218805,0.11489798588539452,0.2,13,0.027527927305253167,0.014163942143835095,0.0169479212862886,50.113372475944324,0.8023601062634783,8485,0.004697392228990793,0.005312921013683081,-0.003204734530299902,0.00046800446580164135,171.691522794618,0.044841691851615906,0.0,0.6894733692977261
job_000004,Bulgaria,323,17.176408679245284,True,14,0.05883156899621171,0.39411235339721856,0.6699909498423453,0.3099242965978974,0.11867755793507336,0.21428571428571427,14,0.02314185600911704,0.004962614435481179,-0.0009592839622034581,-10.940462235430585,0.21841290373801278,8299,0.003612932050600648,0.007922605611383915,-0.00014855818881187588,-0.00047084043035283685,-107.51137451341914,0.03617842495441437,0.0,0.13665377905783554
job_000004,Bulgaria,324,17.229586415094342,True,13,0.057966200255452426,0.3731861544071919,0.6830531202029093,0.3077341112946375,0.12964608866318972,0.23076923076923078,13,0.019882575612138357,0.005749037934768252,0.008324168018207343,55.3693289254751,0.5088114493683986,8189,0.0018242306541651487,0.0038030787836760283,6.591639976250008e-05,-0.0004174053901806474,-81.02599587495489,-0.0008313732105307281,0.0008313732105307281,0.23164728454019393
job_000004,Bulgaria,325,17.282764150943397,True,14,0.05940815203466843,0.3919670119576547,0.6784751690120159,0.3047283076478535,0.12545110369966925,0.21428571428571427,13,0.015218857039961889,0.0004552814217893507,-0.005608996426386538,-85.35948350756482,0.36976782419955473,8375,0.004381453152745962,0.0056778742000460625,-0.0006814836524426937,-0.0019696138333529234,-109.0855490534012,0.014889540150761604,0.0,0.47568194655296103
job_000004,Bulgaria,326,17.335941886792455,True,13,0.05878815655447865,0.37217718387183346,0.6822906339376205,0.30824469812595806,0.12937336551561393,0.23076923076923078,13,0.04012760563830776,-0.019428833402684673,-0.008729452797047559,-155.80542520776578,0.5308025064381576,8262,0.002736306982114911,0.007400896865874529,-2.7535441404324956e-05,-0.0002728983818087727,-95.76164311426345,-0.010049374774098396,0.010049374774098396,0.10023876287904807
job_000004,Bulgaria,327,17.38911962264151,True,14,0.06658316060921539,0.39095491902669943,0.6766607921492181,0.30514561482669134,0.12601927817480546,0.21428571428571427,13,0.03470812201715178,0.009557891375160001,0.005185803433116698,28.482829327107357,0.3133010343078605,9370,0.014713042415678501,0.04193376749753952,-0.006876196712255478,-0.008042612113058567,-130.52946859854694,-0.14444829523563385,0.14444829523563385,0.7191839637974944
job_000004,Bulgaria,328,17.442297358490567,True,16,0.0707984564873988,0.43193810707631297,0.6752850794822131,0.311720272801072,0.09836995557268258,0.1875,14,0.02914989202487284,-0.0025418022264789763,-0.0190649992637526,-97.59405967356606,0.6598203938216656,9970,0.005814435891807079,0.014741725288331509,-0.001848385320045054,-0.002864276058971882,-122.83511317976387,-0.05044299736618996,0.05044299736618996,0.5862823162171993
job_000004,Bulgaria,329,17.495475094339625,True,16,0.0709219783868781,0.4315434220949695,0.67588443699084,0.3121759857596547,0.100871954196329,0.1875,16,0.04903617426138589,-0.00742199672554159,0.011270835417443892,123.36544143714849,0.2752070644555979,10017,0.00446499977260828,0.012392334640026093,-0.001284681260585785,-0.002006594091653824,-122.6285812530522,-0.05004594475030899,0.05004594475030899,0.5336190708547196
job_000004,Bulgaria,330,17.54865283018868,True,16,0.07124478904900287,0.4322054303100756,0.6749166502103561,0.31200967350815445,0.10128700087322656,0.1875,16,0.028688347764579444,0.012448973325699868,-0.018199097141535732,-55.6261758239615,0.7685901727588977,10023,0.0034617942292243242,0.011909633874893188,-0.0009655168978497386,-0.0009607535903342068,-135.1416814837584,-0.026162147521972656,0.026162147521972656,0.39346159789444163
job_000004,Bulgaria,331,17.601830566037737,True,16,0.07168275377068546,0.4318189710408019,0.6745486537600383,0.3120629204709676,0.10078314389111317,0.1875,16,0.025590724663183566,-0.007267313342761126,-0.006920122574650935,-136.40184570752308,0.3921356562147759,10109,0.008700436912477016,0.020852433517575264,-0.0023266663774847984,0.0029937413055449724,127.85352375783378,0.006023575086146593,0.0,0.43578864200845935
job_000004,Bulgaria,332,17.655008301886795,True,15,0.07028033530272251,0.41494541495779635,0.6862581034686859,0.31263692927069686,0.10725676554810101,0.2,15,0.04122854328787694,-0.021133466026177387,-0.0036752906724143194,-170.13444232626168,0.520286822186765,9859,0.005025476682931185,0.012874981388449669,-0.001237364369444549,0.0023858535569161177,117.41240364919821,0.026058830320835114,0.0,0.5348014812479842
job_000004,Bulgaria,333,17.70818603773585,True,15,0.06965772948807797,0.4151113576683177,0.688448666255479,0.31258295426821403,0.10703929943670042,0.2,15,0.05333459183331376,0.003120529820833337,0.04119323156237827,85.66792048481202,0.7745678090702252,9688,0.004056292120367289,0.011059021577239037,-0.0013288856716826558,-0.0001206337838084437,-174.81301200521472,0.024825572967529297,0.0,0.32895803701329096
job_000004,Bulgaria,334,17.761363773584907,True,14,0.06634272036666175,0.38994282306496647,0.6765686371628503,0.3053336647315305,0.12712659545368127,0.21428571428571427,14,0.05255942458400586,0.0014409863436765922,-0.02034794596761736,-85.94923092065282,0.3881112795571308,9268,0.003345899051055312,0.011256305500864983,-0.0012873609084635973,-0.0010213454952463508,-141.57278998947334,0.007337106857448816,0.0,0.49113944224993555
job_000004,Bulgaria,335,17.814541509433962,True,15,0.06720958069802402,0.4084083357136506,0.6623229077483638,0.3081300861852141,0.11526949199763896,0.2,14,0.08856912414181127,-0.008493010224646077,-0.047090702140958854,-100.22363485852483,0.5402610590121021,9366,0.006054689642041922,0.02060447260737419,-0.001985477516427636,-0.0013185176067054272,-146.4126245262298,0.024235952645540237,0.0,0.39364576819448555
job_000004,Bulgaria,336,17.86771924528302,True,14,0.06570770759140629,0.3890457325176117,0.6741751036930693,0.30729660358552474,0.12599971597456824,0.21428571428571427,14,0.04068475623219668,-0.008376653987857165,0.002080634834315747,166.05088151730396,0.21214791216240725,9202,0.002688922919332981,0.008402330800890923,-0.0010416818549856544,-0.0006439598510041833,-148.27595659215186,0.014734850265085697,0.0,0.45544527879973806
job_000004,Bulgaria,337,17.920896981132078,True,14,0.06464143786129715,0.424843338237924,0.6395634899034853,0.3030151387703846,0.12456209729936826,0.21428571428571427,13,0.04965526810242886,-0.007498165027528944,0.023272975594539648,107.85807585038584,0.4924160408344755,9003,0.0029303310438990593,0.009032237343490124,-0.0009023551247082651,-0.0015889615751802921,-119.59180243260418,0.019169623032212257,0.0,0.6235831374497239
job_000004,Bulgaria,338,17.974074716981132,True,15,0.06814391917297183,0.4089491166570479,0.6607368914469589,0.3089839485060909,0.12032164793995026,0.2,14,0.03786581519124053,-0.007178665538213646,-0.001174293784263985,-170.7097769444303,0.19210143910435473,9566,0.0031118933111429214,0.006121664773672819,-0.0008670982206240296,-0.0017835830803960562,-115.92694556301613,0.027500035241246223,0.0,0.6372925125848734
job_000004,Bulgaria,339,18.02725245283019,True,13,0.062242988066096815,0.40477235939404194,0.6525991014568694,0.30121698784916356,0.13234842190256785,0.23076923076923078,13,0.05641458132502065,0.006969073152251158,-0.025309227592687507,-74.60473365709336,0.46532633033239174,8749,0.00825941190123558,0.016642004251480103,-0.002176964655518532,-0.0034749838523566723,-122.06580894984302,0.05605174973607063,0.0,0.49647259424004286
job_000004,Bulgaria,340,18.080430188679248,True,14,0.06307310290249347,0.4245500998359763,0.6377863973223095,0.30190427946065845,0.12194637030245982,0.21428571428571427,13,0.031224181135430826,0.013201948027836632,-0.017628987322707578,-53.17129399967344,0.7053624327599723,8815,0.004390241112560034,0.009950628504157066,0.00011885778803844005,-0.0032871479634195566,-87.92918233609694,-0.003348988713696599,0.003348988713696599,0.7492290347778444
job_000004,Bulgaria,341,18.133607924528302,True,14,0.062437155898188525,0.4264135363524021,0.6394064745742378,0.30267878801402265,0.12257848349697655,0.21428571428571427,13,0.05873930147953214,0.01899638411133794,0.04140581605095239,65.35503363419407,0.7755541143331173,8749,0.00437491899356246,0.010404081083834171,-6.404594023479149e-05,-0.002435613889247179,-91.50628006089934,0.017588580027222633,0.0,0.556914496173707
job_000004,Bulgaria,342,18.18678566037736,True,15,0.06120421412757984,0.4380608093835306,0.6340467786733607,0.2965108737135988,0.11698383486247906,0.2,14,0.03863018576834252,0.00237016490742819,0.01594359549328592,81.54437115445668,0.4172593544142891,8679,0.003154024248942733,0.00838098581880331,-0.00013569602742791176,-0.0005374625907279551,-104.16964702896753,-0.007162016350775957,0.007162016350775957,0.1757525881599537
job_000004,Bulgaria,343,18.239963396226415,True,12,0.05387001835738796,0.4297211670239279,0.656730527950493,0.30409073387501695,0.13144213816618164,0.25,12,0.07457307149147858,0.025843787070878407,0.010966472126960917,22.99330337658805,0.37646663990514184,7520,0.004085898865014315,0.008359772153198719,-0.00014728122914675623,-0.0002615059493109584,-119.3883908971645,-0.038322314620018005,0.038322314620018005,0.07345470826151622
job_000004,Bulgaria,344,18.293141132075473,True,14,0.054721339121394694,0.42019758419466646,0.6442893228595638,0.29831326117417045,0.12022109114643256,0.21428571428571427,12,0.0514091192708598,-0.004032459389981622,0.018925642079013306,102.02806457869244,0.37640149136221085,7792,0.0030932568479329348,0.006512145046144724,-0.00015215555322356522,-0.0015653320588171482,-95.55190106275722,-0.016095753759145737,0.016095753759145737,0.5084316520063106
job_000004,Bulgaria,345,18.34631886792453,True,15,0.058261338832992456,0.40984456548370474,0.6640687793110979,0.30999821337166794,0.1144506434174803,0.2,13,0.029624524035608293,-0.0024543157860508155,0.014333693647558588,99.71636034405057,0.49088715392257565,8205,0.0023927479051053524,0.006361725274473429,0.00016442900232505053,-0.0009780782274901867,-80.45699146901728,-0.02979908138513565,0.02979908138513565,0.4145039113496045
job_000004,Bulgaria,346,18.399496603773585,True,15,0.054375045411234856,0.43893147240948494,0.6340780190933297,0.2961910548960664,0.11775138243161377,0.2,13,0.04546001082956541,0.005539296608369013,-0.03692603843049708,-81.4686412883845,0.8213637185683947,7635,0.0024238170590251684,0.007099452894181013,-0.000515866675414145,0.00017760807531885803,161.00189315125075,-0.021498864516615868,0.021498864516615868,0.22509333190031947
job_000004,Bulgaria,347,18.452674339622643,True,14,0.05632932193373696,0.4257201149946376,0.6414206386374417,0.3025798369220892,0.12423900258015175,0.21428571428571427,12,0.054395407429528385,-0.019535395683042408,0.028120013957251586,124.78828849214406,0.6294620248569921,7944,0.006711591966450214,0.020567864179611206,-0.0035207942128181458,0.0029778238385915756,139.77606481541892,-0.08192133158445358,0.08192133158445358,0.6870543310897842
job_000004,Bulgaria,348,18.5058520754717,True,14,0.05561933188081018,0.4257548803322722,0.6421882910687087,0.30253035472941425,0.1233752355723791,0.21428571428571427,14,0.04091160898735335,0.0006537573869852141,0.014435598263262076,87.4069684170668,0.35321011995023405,7806,0.00526078138500452,0.01572008617222309,-0.0019984266255050898,0.0022074005100876093,132.1554981552396,-0.034508127719163895,0.034508127719163895,0.5660067268651167
job_000004,Bulgaria,349,18.559029811320755,True,13,0.0615409938957092,0.4085559434023075,0.684798955063558,0.3066178169712523,0.12718098737111846,0.23076923076923078,11,0.04807796790021099,0.00533553363380617,0.025065656943138236,77.98324022331995,0.5330348647127219,8594,0.005593273788690567,0.01738731935620308,-0.0016779914731159806,0.0021038667764514685,128.57498590158337,0.0007507966947741807,0.0,0.4811278615522271
job_000004,Bulgaria,350,18.612207547169813,True,13,0.06200205165995773,0.4044155086706823,0.6559322844049293,0.30074659008774607,0.13100460621851628,0.23076923076923078,12,0.02317185434113862,0.000858718071405081,0.016626061693815513,87.04336225578446,0.7184674393421563,8769,0.005625177174806595,0.01975282095372677,-0.0016917658504098654,0.002576314378529787,123.29135524421727,0.027149967849254608,0.0,0.5479152952274345
job_000004,Bulgaria,351,18.665385283018868,True,14,0.05138140876207283,0.42669505644575473,0.6445598567393213,0.30415013522637363,0.12143986647087122,0.21428571428571427,10,0.04677895684467953,-0.02063987654433596,0.00641324973279461,162.73886625367194,0.4620301689769655,7265,0.005979032721370459,0.017272835597395897,-0.0009951575193554163,-0.0006793669890612364,-145.67970884664857,-0.023280614987015724,0.023280614987015724,0.2015274136021488
job_000004,Bulgaria,352,18.718563018867926,True,15,0.050460333727555436,0.43976276779672663,0.6365205256954749,0.29490435204545545,0.12055645462156628,0.2,13,0.030412596939780774,0.005491553842046583,-0.017982550260207116,-73.0182525513151,0.6182429697755144,7176,0.0031171245500445366,0.008009364828467369,-0.0011094685178250074,0.0009346252772957087,139.8889415892179,-0.008885873481631279,0.008885873481631279,0.46538739236676635
job_000004,Bulgaria,353,18.771740754716983,True,13,0.05621650393662078,0.44852689168692506,0.6321393752183144,0.29854887723156087,0.13672324087436843,0.23076923076923078,12,0.042384268666784804,-0.013487170114753463,0.03169363066148144,113.05209495961961,0.8126602951356956,7830,0.005041541066020727,0.01742156594991684,-0.0018032891675829887,0.0024148321244865656,126.75073865876251,-0.024161171168088913,0.024161171168088913,0.5978024731811774
job_000004,Bulgaria,354,18.824918490566038,True,13,0.058899748327601927,0.44757409046739666,0.6329746031879632,0.2996031316124838,0.13717287071001788,0.23076923076923078,12,0.018743740191167885,-0.0038412176215768066,0.011414644464352879,108.59894198170127,0.6425415329846782,8278,0.005876234266906977,0.018029076978564262,-0.0016927889082580805,0.00417738500982523,112.05911661991743,-0.002437400398775935,0.002437400398775935,0.7670450183178551
job_000004,Bulgaria,355,18.878096226415096,True,13,0.057105081145103556,0.447544786730114,0.6316749671964514,0.29922481563191,0.13712501259746313,0.23076923076923078,12,0.041930943185563986,-0.011989468919973259,-0.01796715912820508,-123.7151460678784,0.5151361078884825,7967,0.010497885756194592,0.03152914345264435,-0.0020460800733417273,0.008164838887751102,104.06840564031965,-0.038490477949380875,0.038490477949380875,0.8018096255695789
job_000004,Bulgaria,356,18.931273962264154,True,14,0.058893005319483216,0.4664217843039191,0.6520932615276102,0.3064503236445147,0.12489652404957523,0.21428571428571427,13,0.0390976698953642,0.0024023559200399875,-0.021814344173565443,-83.71549221530543,0.5613180557883343,8285,0.004152774810791016,0.011814923956990242,-0.0006864213501103222,0.0027953048702329397,103.79668704091992,-0.013886045664548874,0.013886045664548874,0.6931150799729001
job_000004,Bulgaria,357,18.984451698113208,True,15,0.05989475599290535,0.4451894340604604,0.6630147120449735,0.31012881140042725,0.11759015054908979,0.2,14,0.05349207893848178,-0.0004770223474965113,0.023274408622834728,91.17414545891997,0.43519147123794527,8417,0.0033958256244659424,0.011632091365754604,-0.0007795208948664367,0.0019243697170168161,112.05181376146982,-0.02363596111536026,0.02363596111536026,0.611415095279613
job_000004,Bulgaria,358,19.037629433962266,True,13,0.05971526362348548,0.44695251373586686,0.6315985154208258,0.30007653149407687,0.13571543532598793,0.23076923076923078,12,0.043870405408595416,0.0011643039426895865,-0.002364652940166086,-63.78536288566,0.060080405196274576,8293,0.0034110359847545624,0.012897588312625885,-0.0008929106406867504,0.0017306283116340637,117.2912876023624,-0.03204292431473732,0.03204292431473732,0.5709113711499295
job_000004,Bulgaria,359,19.09080716981132,True,14,0.06128099259269544,0.42499173190118966,0.6415404557760583,0.3024533419746849,0.12482167636380535,0.21428571428571427,12,0.04089612497031477,0.013236346072233634,-0.01822003553483532,-54.00264407074577,0.5506743595297199,8617,0.006755628623068333,0.02401220239698887,-0.0029959839303046465,0.0023430034052580595,141.97288401732905,-0.08609198033809662,0.08609198033809662,0.5629920065225339
job_000004,Bulgaria,360,19.14398490566038,True,15,0.06332618609814801,0.44331901962760745,0.6627426990462115,0.31072325811114687,0.11542037035025016,0.2,13,0.023899460080619137,-0.0009345651299772183,0.0007345882729736579,141.83189219817737,0.04973795160189215,8900,0.0039533525705337524,0.012755775824189186,-0.0018316225614398718,0.0006931346724741161,159.27202501122895,-0.03480587899684906,0.03480587899684906,0.49537354951166795
job_000004,Bulgaria,361,19.197162641509436,True,14,0.059282922217291964,0.4673870682903691,0.6523572104255833,0.30585669711239205,0.12525227534927624,0.21428571428571427,13,0.012048448246784955,0.0021755230087679165,0.0001361330254707113,3.5806062446145592,0.1809177459767835,8302,0.0032755397260189056,0.012216899544000626,-0.0020703088957816362,-0.0010923253139480948,-152.1832141442459,-0.03651885315775871,0.03651885315775871,0.7146308979920626
job_000004,Bulgaria,362,19.25034037735849,True,14,0.060627960069638304,0.4252699536648525,0.6412131115267147,0.3018088917560026,0.1246630104980475,0.21428571428571427,13,0.00632124206488037,-0.00029013326716172854,-0.0004286153390153047,-124.09439612240801,0.08187938088803973,8541,0.003366777440533042,0.010342455469071865,-0.0020343430805951357,-0.0016015134751796722,-141.78881203190443,-0.041544441133737564,0.041544441133737564,0.7690119131393367
job_000004,Bulgaria,363,19.30351811320755,True,15,0.06149750354566193,0.4433800144326899,0.6606274903291196,0.3093494732512106,0.11513576490329541,0.2,14,0.026535820215572752,-0.016081529559826044,-0.0015057119526631392,-174.65099648699342,0.6086816024964021,8650,0.010137202218174934,0.03838096559047699,-0.0061346725560724735,-0.004926057066768408,-141.23601829677503,-0.011409170925617218,0.011409170925617218,0.7761185723310778
job_000004,Bulgaria,364,19.356695849056607,True,15,0.06252514769655627,0.4428966138552532,0.6601389292984301,0.30900276353200967,0.11520348222515789,0.2,15,0.031237649908891718,-0.00909028129382391,-0.0091873229066452,-134.69580134531577,0.4137443139889031,8788,0.006076138932257891,0.020622165873646736,-0.0032171648927032948,-0.0036823018454015255,-131.14316294127224,0.03822785243391991,0.0,0.8047435837481957
job_000004,Bulgaria,365,19.40987358490566,True,16,0.06387075675155501,0.423779556032986,0.670947969583443,0.31071284031166335,0.10674305297816934,0.1875,15,0.021608364883514912,0.0003508378778536862,0.00223508922719261,81.07917749431004,0.10470282587758918,9117,0.004070853348821402,0.013278189115226269,-0.0014705389039590955,-0.0015220229979604483,-134.01437951194276,-0.00910171028226614,0.00910171028226614,0.5198845950685094
job_000004,Bulgaria,366,19.46305132075472,True,16,0.06409983476383667,0.42381039606214294,0.6708902172270621,0.31077245837144807,0.10683365177825038,0.1875,16,0.013061734190276982,0.0005799425015849145,-0.001086025109169273,-61.89757391701667,0.09425790770254444,9012,0.002724895253777504,0.006725789047777653,-0.0007690989878028631,-0.0012117245933040977,-122.40388231081882,-0.008986441418528557,0.008986441418528557,0.5266979562261425
job_000004,Bulgaria,367,19.516229056603777,True,15,0.06361935045312042,0.4136394777051134,0.6888303573833032,0.31200546963925163,0.11189832166722492,0.2,15,0.04351499675138029,0.001053330300411497,0.03663676112990147,88.35316337399003,0.8422820337371829,8973,0.00420752726495266,0.012061011046171188,-0.000515979656483978,-0.0023398054763674736,-102.43596812049631,-0.002662851009517908,0.002662851009517908,0.569460998597904
job_000004,Bulgaria,368,19.56940679245283,True,17,0.0657521827502931,0.4099391475479451,0.6870685958179279,0.31236291814046696,0.10275458191517278,0.23529411764705882,15,0.03491153486887115,-0.007265604855888433,0.009169057252964087,128.39347360008105,0.3350968276658117,9335,0.0023839545901864767,0.007069001439958811,9.028625208884478e-05,-0.0013734339736402035,-86.23892452512254,-0.007607283536344767,0.007607283536344767,0.5773593091371579
job_000004,Bulgaria,369,19.62258452830189,True,16,0.06406405357606505,0.42378321741855157,0.6710006302119547,0.3121543482995747,0.10682003793150835,0.1875,15,0.03701269991515853,0.0010286954439552446,-0.023849045176213016,-87.53015708065986,0.6449467506034905,9053,0.0024861341807991266,0.007026102393865585,-0.00022771136718802154,-0.001374857034534216,-99.40426958062058,-0.0024940569419413805,0.0024940569419413805,0.560543702448769
job_000004,Bulgaria,370,19.675762264150944,True,17,0.06405228743582426,0.4105688047357511,0.6848521640492954,0.3124190273432418,0.10517716083922858,0.23529411764705882,16,0.020094589618663172,0.004539746008444436,-0.005199211336363995,-48.87382211463918,0.3434881145358246,9026,0.0020244279876351357,0.006333560682833195,-0.00010286771430401132,-0.0010434351861476898,-95.63034682347252,-0.006077844183892012,0.006077844183892012,0.5179208994759587
job_000004,Bulgaria,371,19.72894,True,17,0.06306051209154176,0.41108587314532335,0.6834128960713461,0.31238787072825375,0.10726727749204636,0.23529411764705882,17,0.040599336362769065,0.009723400241033037,-0.0270652361363161,-70.23877283306689,0.7083576660265359,8995,0.003804321400821209,0.01169669721275568,-0.00043056279537267983,-0.002098685596138239,-101.59383077181995,0.01092701405286789,0.0,0.563148305619112
job_000004,Bulgaria,372,19.78211773584906,True,17,0.062337689296039174,0.41112961575953805,0.6826808448587177,0.3121975549526976,0.10735408684867803,0.23529411764705882,17,0.024547831799673375,0.0008225738368937957,-0.01376612224910361,-86.58044321002131,0.5617879530982455,8850,0.002607358153909445,0.00734782824292779,-0.0005036587826907635,-0.0005752007709816098,-131.20612207121107,0.00762142101302743,0.0,0.2932256815457194
job_000004,Bulgaria,373,19.835295471698114,True,16,0.06086397056360468,0.42777371352533705,0.6737435190718422,0.31164291851873915,0.1154724304034686,0.1875,16,0.03656337910147224,-0.010015218931203409,0.002902328506829775,163.83884419887235,0.28518364530575296,8565,0.002163202501833439,0.005700402427464724,-0.0008004878181964159,-0.0006075070705264807,-142.80437135809538,-0.009687514044344425,0.009687514044344425,0.4645476950924883
job_000004,Bulgaria,374,19.88847320754717,True,15,0.0613329131633508,0.4423290898680137,0.6603563772104609,0.3103787957096547,0.11752708343492112,0.2,15,0.08095232242662487,-0.0183162545757277,0.045584532312759815,111.89068301673788,0.6068599399374784,8677,0.002309165196493268,0.005433572921901941,-0.0006115476135164499,-0.00041111232712864876,-146.08906847014484,0.009015116840600967,0.0,0.31911442991066613
job_000004,Bulgaria,375,19.94165094339623,True,16,0.061212824807036194,0.4267692289945524,0.6759874045901444,0.31266188912820747,0.11463086655611286,0.1875,15,0.04007985326490218,-0.0022696015579956,-0.0007317291911505001,-162.13045794105145,0.05949728089417855,8613,0.0043711550533771515,0.010472056455910206,-0.0010095688048750162,0.0003548632957972586,160.63343213023717,0.03646920248866081,0.0,0.24481404448418959
job_000004,Bulgaria,376,19.994828679245284,True,16,0.06081178019682313,0.426533540722888,0.6751573893156646,0.3122469605960694,0.1151582731330669,0.1875,16,0.028356157139875666,-0.0044320854940753576,-0.015608322942440486,-105.85224257556855,0.5721997230451296,8539,0.002170417457818985,0.004881096538156271,-0.0002008558512898162,-0.0007886639796197414,-104.2882608637295,-0.008957629092037678,0.008957629092037678,0.3749688863603845
job_000004,Bulgaria,377,20.048006415094342,True,16,0.061288819141401225,0.42704682114620757,0.6749914657244732,0.31178367380233535,0.11441871613859703,0.1875,16,0.018913133545436677,0.009652167681161113,-0.0031201702844628936,-17.914001883087778,0.5363444410110617,8598,0.0019042568746954203,0.004901675973087549,-0.00015764740237500519,-0.0010266514727845788,-98.72986185340348,-0.010177278891205788,0.010177278891205788,0.5454541007563846
job_000004,Bulgaria,378,20.101184150943396,True,16,0.061005335682242805,0.4269796466997736,0.6740023034808035,0.31147422248996837,0.11329641001284067,0.1875,16,0.024208441745278978,-0.001263206215184293,-0.01860105978331881,-93.8850167680462,0.7701405603489115,8569,0.0017107495805248618,0.003636542707681656,-7.493513112422079e-05,-0.00046258853399194777,-99.20146488862913,0.0031991710420697927,0.0,0.2739259100000911
job_000004,Bulgaria,379,20.154361886792454,True,15,0.05900768451750791,0.408352930994851,0.6565379619677458,0.3048859405190254,0.1197402528874085,0.2,15,0.02392698496511486,0.0020664128682359954,-0.0019962302298442737,-44.01030709875347,0.12007994777684475,8304,0.0033213691785931587,0.009324317798018456,0.00018476122932042927,-0.0011178000131621957,-80.61443700624581,-0.0046724677085876465,0.0046724677085876465,0.3411143585187536
job_000004,Bulgaria,380,20.207539622641512,True,14,0.05891995193124851,0.3879360437074147,0.6650249960308182,0.30363948083809206,0.12558981494807434,0.21428571428571427,14,0.009377656496265705,0.002258251434740308,-0.00011318441852964378,-2.8692852122003885,0.24111419303524018,8271,0.0010907304240390658,0.002912011928856373,-1.1331242149026366e-06,9.617443720344454e-05,90.67502585109119,0.00022387172793969512,0.0,0.08818046152292273
job_000004,Bulgaria,381,20.260717358490567,True,14,0.06105575265935884,0.42515852114544833,0.640900977741473,0.3043241522684984,0.12657548120808806,0.21428571428571427,12,0.011093422130144028,-0.0006410723514227012,0.009648391427851654,93.80134149655959,0.8716575811993438,8584,0.0010430621914565563,0.0021757257636636496,-1.1541587809915654e-05,0.00025398051366209984,92.6018911028192,-0.0013808069052174687,0.0013808069052174687,0.24374636678474093
job_000004,Bulgaria,382,20.313895094339625,True,15,0.062005638900638656,0.4097246342644684,0.6566238743989901,0.30620737182472496,0.1203113769613685,0.2,13,0.01050642311530655,-0.0023225437909771673,-0.004990668611859239,-114.95619863845656,0.5239302466044855,8809,0.0009394703083671629,0.0025524385273456573,6.808791658841074e-05,0.00011340333003317937,59.01918780244454,-0.001103881630115211,0.001103881630115211,0.1407958314581939
job_000004,Bulgaria,383,20.367072830188683,True,15,0.06104224170186758,0.4089817843525029,0.6571103265096657,0.30685769363922244,0.12130413972946696,0.2,15,0.03205136486375633,-0.013969190303140942,0.009147664956187112,146.78138602569368,0.5209714405792556,8698,0.002588364528492093,0.006002022884786129,-0.0003969776735175401,-0.00032558859675191343,-140.6424739209021,0.004764195531606674,0.0,0.19835657952565802
job_000004,Bulgaria,384,20.420250566037737,True,15,0.062611273388741,0.41001634073688037,0.6583821555010054,0.30668554197660236,0.12361361752239249,0.2,13,0.013953772874595864,-0.001800017164393847,-0.003303451782420846,-118.58551555332917,0.26960651716807577,8817,0.0026310724206268787,0.005141320638358593,-4.7951452870620415e-05,-0.0004321612068451941,-96.33148794085119,-0.00853945966809988,0.00853945966809988,0.16526088296413788
job_000004,Bulgaria,385,20.473428301886795,True,15,0.06136937664180423,0.4099339594777088,0.6588944367326323,0.306981319473804,0.12376088045699077,0.2,15,0.028025152285994292,-0.0015491682347173843,0.00963337801896624,99.13566563890014,0.3481567452777863,8632,0.002714620204642415,0.00614925054833293,0.0002981979923788458,0.00011766953684855253,21.534293368062926,-0.02159682847559452,0.02159682847559452,0.11809192951653434
job_000004,Bulgaria,386,20.52660603773585,True,15,0.06081898764440407,0.4097287560920334,0.6579711529704465,0.30640586699090305,0.12242956916182958,0.2,14,0.018192605963931994,0.00814040790918835,-0.004779228981775699,-30.41717155605516,0.5188736989353687,8567,0.004073516931384802,0.01198913250118494,0.0005253204144537449,0.0015161318005993962,70.88944855974266,0.003716956125572324,0.0,0.39390074773427963
job_000004,Bulgaria,387,20.579783773584907,True,14,0.05832277215723724,0.3878277132758055,0.6683477803888019,0.3034700836033679,0.12749251937897868,0.21428571428571427,14,0.02434412855421293,0.000812961443995182,0.017340676127183742,87.31583827949028,0.7130968833503104,8133,0.005305520258843899,0.014024163596332073,3.131975245196372e-05,0.0007011708221398294,87.44242410157621,0.014183726161718369,0.0,0.13229050713793655
job_000004,Bulgaria,388,20.632961509433965,True,14,0.04864040231282604,0.401384492146443,0.6400226321010666,0.30590731000671173,0.10783764122974752,0.21428571428571427,12,0.012490481822247221,-0.0022393711943859205,-0.0009771306579023557,-156.42635770696026,0.1956105382533697,6827,0.002043725224211812,0.005439759697765112,-3.647678386187181e-05,0.0005718133761547506,93.65003307726191,-0.007379274349659681,0.007379274349659681,0.28035845570549695
job_000004,Bulgaria,389,20.68613924528302,True,14,0.05803112274095633,0.38840625783980315,0.667400302849881,0.30322664403927324,0.1271973541731153,0.21428571428571427,12,0.016930697914730536,0.004637477755405629,-0.010968691751872374,-67.0817357694297,0.7033822874801295,8090,0.0024853164795786142,0.00727697741240263,0.00010575749911367893,0.00011427995195845142,47.218061610998994,-0.034330978989601135,0.034330978989601135,0.06265062651578654
job_000004,Bulgaria,390,20.739316981132077,True,13,0.049642946428234205,0.37943003748111015,0.6487480436533869,0.30497204684947316,0.1155567649323066,0.23076923076923078,13,0.033988779558185085,-0.008670135024358067,0.014180919589854533,121.4413825288524,0.48902501444557867,6986,0.0023083959240466356,0.005850469693541527,-8.534397056791931e-05,-0.0002502495772205293,-108.83119445315482,-0.005595874041318893,0.005595874041318893,0.1145392987233273
job_000004,Bulgaria,391,20.792494716981135,True,13,0.05774638800342388,0.4029125379850679,0.6486870688537878,0.30170484761145344,0.133610735311897,0.23076923076923078,12,0.033088691819366294,0.0022292694621879835,-0.014593543212122168,-81.31479500649729,0.44615936925629995,8094,0.0033337497152388096,0.007727942895144224,-0.000377294491045177,0.0007862345082685351,115.63519691676481,-0.023762812837958336,0.023762812837958336,0.2615900006472546
job_000004,Bulgaria,392,20.84567245283019,True,16,0.06004458420076671,0.42731119165654646,0.6765037544752148,0.31019705606547343,0.11401480356042132,0.1875,13,0.033896502135146986,0.00815556965309357,0.017644771447074777,65.19320196738377,0.5734632106687226,8438,0.003041360527276993,0.008593267761170864,-4.378977610031143e-05,-1.5676530892960727e-05,-160.30287494799197,0.02883073501288891,0.0,0.01529291520564721
job_000004,Bulgaria,393,20.898850188679248,True,15,0.05882192938852911,0.40815338014513775,0.6874746923050373,0.31003728565026123,0.11815490060764565,0.2,15,0.04970351304625807,-0.023165889668971873,0.029465579480446254,128.17449072089175,0.7541059136664149,8328,0.005048188380897045,0.011766825802624226,-0.0010546938283368945,0.00038053185562603176,160.1606368872862,0.022789472714066505,0.0,0.22210779186244944
job_000004,Bulgaria,394,20.952027924528302,True,17,0.05525076605599473,0.4092973039015388,0.6830216356261155,0.3087358776461295,0.1067739540069539,0.23529411764705882,14,0.05540068722009487,0.005123493053161795,-0.012889648339951041,-68.32272484973181,0.2503685213592629,7844,0.015826184302568436,0.06645528227090836,-0.00703166238963604,-0.004604807123541832,-146.78051428288433,0.030333250761032104,0.0,0.531098811277233
job_000004,Bulgaria,395,21.00520566037736,True,14,0.048544190351565916,0.393070840334632,0.6913640721270893,0.31337236322438244,0.1157762028270739,0.21428571428571427,14,0.06370627727984288,-0.0035997426183638254,-0.01652658665685228,-102.28796589625914,0.2655010465116221,6891,0.008903698064386845,0.025318145751953125,0.0009595303563401103,-0.0037865908816456795,-75.78044024936119,-0.068191297352314,0.068191297352314,0.43872478659155295
job_000004,Bulgaria,396,21.058383396226418,True,12,0.04366654227473511,0.37164201866918506,0.663708048187417,0.29631521116957393,0.11689928084672206,0.25,12,0.03716315604902439,-0.008927226990926717,-0.01677031376029436,-118.02740832216631,0.5112157191813221,6188,0.009539570659399033,0.02330256998538971,0.00315985013730824,-0.003772831056267023,-50.052896639592156,-0.0733916312456131,0.0733916312456131,0.5158797031025383
job_000004,Bulgaria,397,21.111561132075472,True,14,0.04481422409155563,0.37169555838532364,0.6869366890019617,0.31582236691890286,0.10640838669032959,0.2857142857142857,10,0.03144254205758752,0.007325826207591127,0.025284053440857168,73.84153184997614,0.8372085212259968,6365,0.005984264425933361,0.014740043319761753,0.0015384743455797434,0.0035912939347326756,66.8101929740856,-0.006147618871182203,0.006147618871182203,0.6528713429697603
job_000004,Bulgaria,398,21.16473886792453,True,16,0.047782159457424166,0.3959850118942216,0.7134801615278158,0.31263062773416317,0.1111480829920877,0.25,11,0.10276789581039368,-0.0057257510393305365,0.06702427680010735,94.88280967824556,0.6545663064714465,6819,0.004003904759883881,0.011510869488120079,-0.0013206900330260396,0.0010195390786975622,142.33277349939084,0.01736774481832981,0.0,0.4167024747192225
job_000004,Bulgaria,399,21.21791660377359,True,13,0.045232650069712534,0.417952864409435,0.6879788686906638,0.31597617238726056,0.11826868145154891,0.23076923076923078,12,0.05301529824197742,-0.023372060314683557,-0.012849646263476499,-151.19859307778276,0.5030898206926446,6447,0.0023691935930401087,0.006223076023161411,0.0002658251323737204,0.0009508319781161845,74.38054423073986,0.05722205340862274,0.0,0.4167204720497498
job_000007,Bulgaria,0,0.0,True,10,0.039689325105131165,0.2974390885416667,0.6927134259259259,0.2531043564188417,0.11244265344520392,0.2,0,,,,,,0,,,,,,,,
job_000007,Bulgaria,1,0.05174679487179487,True,9,0.036115037899273304,0.31416793190185666,0.6726370904451694,0.2537989429738848,0.12969877502764138,0.2222222222222222,9,0.07758450470838488,-0.03765401032026756,-0.04018753676724106,-133.13583936226007,0.709825138980488,5075,0.006165874656289816,0.012705275788903236,0.0004980574594810605,-0.002449836814776063,-78.50825296252212,-0.05507555231451988,0.05507555231451988,0.40544974870526757
job_000007,Bulgaria,2,0.10349358974358974,True,9,0.03471242101126262,0.31402698734477164,0.6719617246844671,0.25406129495440466,0.12800088951617097,0.2222222222222222,9,0.03230163862374221,-0.0027237350145885527,-0.013051354434138325,-101.7880742974469,0.41275115283163205,4943,0.00765959033742547,0.008798561058938503,0.0003460323787294328,-0.004267561715096235,-85.36435168857162,-0.15302252769470215,0.15302252769470215,0.5589812829112885
job_000007,Bulgaria,3,0.1552403846153846,True,10,0.03849838149908099,0.294370275411118,0.6890218488500138,0.2524250390763688,0.1150557190673652,0.2,9,0.021279275517151454,0.0007455794730131268,0.012686989460062213,86.63675283822604,0.5972420628064882,5485,0.0019139827927574515,0.002370049012824893,-9.180513006867841e-05,-0.000775773951318115,-96.74899720503534,-0.00781538337469101,0.00781538337469101,0.4081474399448796
job_000007,Bulgaria,4,0.20698717948717948,True,10,0.03879935515485467,0.2944315381537413,0.6890839987422139,0.25226303799626726,0.11513982388072712,0.2,10,0.010863330746037994,0.0011838944378119308,0.0012010384866187917,45.411862619403564,0.15524205735931745,5507,0.0015544212656095624,0.0037782310973852873,0.00012058425636496395,0.00014196544361766428,49.65570655551988,0.0024545169435441494,0.0,0.11982933592399725
job_000007,Bulgaria,5,0.2587339743589744,True,9,0.03481658200486535,0.3142162368819248,0.672964825162478,0.2532768283425945,0.12732417390843664,0.2222222222222222,9,0.0032142885589594985,5.283097723990743e-05,0.00176616212438029,88.28662972916632,0.5497179479558462,4942,0.001513845520094037,0.003578107338398695,0.00046950465184636414,0.00036347247078083456,37.74566072590934,-0.004261074587702751,0.004261074587702751,0.3922174054681141
job_000007,Bulgaria,6,0.3104807692307692,True,9,0.03473177581965683,0.31437087131787855,0.6732093127284366,0.2534119570626019,0.12778294556241385,0.2222222222222222,9,0.009638034221619539,0.0029882901218703756,0.004724690032772416,57.68730802308843,0.5800353074494781,4965,0.0036951242946088314,0.008470112457871437,0.0007298951386474073,0.0005256840377114713,35.762134231452265,-0.0554196834564209,0.0554196834564209,0.24342744000172128
job_000007,Bulgaria,7,0.3622275641025641,True,9,0.03391065703781609,0.31528350075019057,0.673811003886149,0.25388021769011687,0.12790603285440075,0.2222222222222222,9,0.031701125028446415,0.01763644365942074,0.011627602428382412,33.3966272266794,0.6663649480094984,4837,0.0022358917631208897,0.0030066845938563347,0.0002966002793982625,-0.0006156615563668311,-64.27715575677732,-0.026885289698839188,0.026885289698839188,0.305641781322046
job_000007,Bulgaria,8,0.41397435897435897,True,9,0.0345609165826688,0.3146741784774123,0.674286155595331,0.25294572724746406,0.12772802967169355,0.2222222222222222,9,0.02264770466346305,-0.01177507272262759,0.009182244240618469,142.0527656900769,0.659318218772651,4906,0.0018389845499768853,0.004258957225829363,-3.1758365366840735e-05,0.0001417875027982518,102.62505373096751,0.022646857425570488,0.0,0.07901136921991775
job_000007,Bulgaria,9,0.46572115384615387,True,9,0.03454009320355314,0.3144439785132718,0.6736322330258492,0.253296701460233,0.12787994409507222,0.2222222222222222,9,0.019273021218096088,-0.004448584008164422,-0.012636967586147558,-109.39356684710057,0.6951230316865608,4938,0.002619628794491291,0.007069426588714123,-0.00033449087641201913,9.911134839057922e-05,163.49517557408558,0.03466879203915596,0.0,0.1331736768143508
job_000007,Bulgaria,10,0.5174679487179488,True,9,0.034253719049573965,0.314394096582944,0.6728860094610098,0.25393681050903877,0.1281832574212295,0.2222222222222222,9,0.02025118562961261,-0.0009639617381421702,-0.014420672172799734,-93.82429434695578,0.7136794326799984,4894,0.0030990128871053457,0.008245889097452164,0.0013408033410087228,0.0003059929877053946,12.855655255794224,-0.040578633546829224,0.040578633546829224,0.4437788734245834
job_000007,Bulgaria,11,0.5692147435897436,True,8,0.030148884358122362,0.3369873416174294,0.6410738160516534,0.24318161608847963,0.12503906896435038,0.25,8,0.009300093796975193,-0.001139168056679176,-0.006155517554503502,-100.48479388896408,0.6731157868531095,4238,0.0008808915154077113,0.0016962717054411769,0.00012830669584218413,0.00020677807333413512,58.18021812560287,0.004587913863360882,0.0,0.2762555216157276
job_000007,Bulgaria,12,0.6209615384615385,True,9,0.03141902021221645,0.3136097311861182,0.6653961967048843,0.24759099331943119,0.12358429307362385,0.2222222222222222,8,0.011412772424731437,-0.0009814698294361164,0.00982952776332266,95.70203457772296,0.8655570555008132,4428,0.0016496116295456886,0.002776307752355933,0.00010724797903094441,0.00027663898072205484,68.80957997912824,0.008591515943408012,0.0,0.17986088920183463
job_000007,Bulgaria,13,0.6727083333333334,True,9,0.031006627448762,0.313432796298978,0.6648540051867463,0.24801611454372383,0.12393896862698298,0.2222222222222222,9,0.014113340758280678,-0.0034192434058681826,-0.010477779724932563,-108.07320402255804,0.7809330326925148,4418,0.0011023598490282893,0.002804636023938656,-0.0001724504109006375,0.00014173043018672615,140.58451605104852,-0.00980809610337019,0.00980809610337019,0.20249182633334495
job_000007,Bulgaria,14,0.7244551282051283,True,9,0.03293485144267071,0.31231806366485143,0.6625227794978712,0.24817310514490173,0.12072505228960734,0.2222222222222222,9,0.06090934375596254,-0.02154206143372484,-0.0450506296022944,-115.55593674701322,0.8198439277691537,4722,0.004002545494586229,0.005075043998658657,0.0008880634559318423,-6.91231107339263e-05,-4.450688067677615,-0.09703901410102844,0.09703901410102844,0.22254575757897996
job_000007,Bulgaria,15,0.776201923076923,True,10,0.03656102542703861,0.2950336190369419,0.6902498899542174,0.25543648158428583,0.11912721544917437,0.2,9,0.021132277246581385,-0.012104114411256554,-0.012569742728103843,-133.91888118982973,0.8257585258127677,5175,0.0025702102575451136,0.004389326088130474,-0.00019199926464352757,-0.0015647560358047485,-96.99536036373239,0.013363360427320004,0.0,0.613370601277734
job_000007,Bulgaria,16,0.8279487179487179,True,10,0.035432200704516935,0.29597967143808124,0.6911637179131823,0.2562358468356428,0.11892012624976792,0.2,10,0.039075053104834924,0.018282338132887002,0.01765960502923561,44.007387864671685,0.6505072701476388,5040,0.0032045019324868917,0.003046685364097357,-0.0004933930467814207,-0.0021260788198560476,-103.06520179096026,0.04354908689856529,0.0,0.6810975005590307
job_000007,Bulgaria,17,0.8796955128205128,True,10,0.036176641168290155,0.2956318451324806,0.6919956966481611,0.255011429094073,0.11703116982266334,0.2,10,0.050727250483998024,-0.006721697574940282,0.016077879548677204,112.68839766756933,0.34353134027990473,5231,0.0039587728679180145,0.007439543958753347,-0.0004738561692647636,-0.0016427598893642426,-106.09027297344537,0.001820630393922329,0.0,0.4318855357367157
job_000007,Bulgaria,18,0.9314423076923077,True,10,0.03614058776514009,0.2958966137048634,0.6908782912415559,0.2539304148759408,0.11574623239788166,0.2,10,0.043401407023348104,0.005116617812540145,-0.021593712410083697,-76.66964632690896,0.5113111744873527,5114,0.004212062805891037,0.006686002016067505,0.00021246247342787683,-0.0016737459227442741,-82.76566163147479,-0.008549073711037636,0.008549073711037636,0.400558331102578
job_000007,Bulgaria,19,0.9831891025641025,True,10,0.03667157116912496,0.2951196799279895,0.6921763571060879,0.25244567933139256,0.1149112402472032,0.2,10,0.050775817511259445,-0.015014142978301542,0.025084951981043786,120.90186485038824,0.5757642158958084,5176,0.0016041903290897608,0.0034990329295396805,-0.0003912114480044693,-0.0003851143119391054,-135.44998246766758,-0.023121390491724014,0.023121390491724014,0.34220511698472017
job_000007,Bulgaria,20,1.0349358974358975,True,10,0.03726576242598043,0.2952879400212814,0.6924402953696271,0.2514197747178071,0.1134853912340927,0.2,10,0.02427398890788542,0.0032516041565227305,0.005100572203423803,57.48257423402227,0.24919121894754256,5253,0.0012381291016936302,0.0024930189829319715,-0.0004836237640120089,-0.00035206470056436956,-143.9464194260989,-0.0072441804222762585,0.0072441804222762585,0.48314714803458386
job_000007,Bulgaria,21,1.0866826923076922,True,10,0.037829785717922434,0.29445565781374267,0.6915521419265444,0.25101709434458014,0.1150115593059883,0.2,10,0.033687464863148435,-0.01608374411595252,-0.017163448389088433,-133.13997033320823,0.6982332718301958,5366,0.0016575412591919303,0.003053023712709546,-0.0004042832588311285,0.00037210367736406624,137.3734292718881,0.0023561681155115366,0.0,0.33149088909358915
job_000007,Bulgaria,22,1.138429487179487,True,10,0.03812068054022519,0.2949571261678531,0.6921629787258868,0.2508247956061387,0.11355932466552235,0.2,10,0.019775170166257548,0.00969080994006965,0.011804340749138475,50.615610345633435,0.7723151616350359,5369,0.006666929926723242,0.01343916542828083,-0.0013823574408888817,0.0027637844905257225,116.5727658021638,0.0041788057424128056,0.0,0.46351365647648723
job_000007,Bulgaria,23,1.190176282051282,True,10,0.038339625125550364,0.2948039535427873,0.6926996470735731,0.2513501487377719,0.1133156580508938,0.2,10,0.014521330510848963,-0.0029600408188600836,0.01037104518291478,105.9294846062023,0.7427139314565776,5387,0.00638191495090723,0.006754329893738031,0.0004951268201693892,0.0035934189800173044,82.15477910417458,0.017837682738900185,0.0,0.5683826362266049
job_000007,Bulgaria,24,1.241923076923077,True,10,0.038819037578801535,0.29494898227643007,0.6926242339115608,0.25105638266219277,0.11301729347660558,0.2,10,0.013406855083504018,0.0028026611890070207,-0.00145734943003263,-27.473878245820693,0.23561977983028026,5466,0.0075883204117417336,0.015587618574500084,-0.00014595525863114744,0.004629916977137327,91.80561590834814,0.013192183338105679,0.0,0.6104403516153677
job_000007,Bulgaria,25,1.2936698717948718,True,10,0.039016108714839216,0.2947216654508738,0.6926576581236294,0.2515057086280961,0.11314627919913864,0.2,10,0.014633008956448987,-0.00439286773450252,0.0006459184989406085,171.6352815577679,0.30343049045221365,5468,0.005059537477791309,0.011764188297092915,-0.0005287945969030261,0.0035535909701138735,98.46383140229425,-0.00936521589756012,0.00936521589756012,0.7100884993779758
job_000007,Bulgaria,26,1.3454166666666667,True,10,0.03898827064687214,0.2946281761012938,0.6927849472757629,0.251800308968804,0.11313108961833751,0.2,10,0.007172880063387112,-0.0018066693755939196,0.0024598461112179926,126.29595687482332,0.4254959809340264,5474,0.0041246432811021805,0.007223612628877163,-0.0004821267502848059,0.0017398374620825052,105.48859674673874,0.003783333580940962,0.0,0.43771134729015604
job_000007,Bulgaria,27,1.3971634615384616,True,10,0.037925371065944916,0.296566670475889,0.6927712683708778,0.2527944406270578,0.1136220084790758,0.2,10,0.045571796114133895,0.03746114864501159,-0.00026434303648987113,-0.40429857339854236,0.8220453107092102,5278,0.0017767678946256638,0.0042983246967196465,7.310679939109832e-05,-0.0002527840551920235,-73.86978558081505,-0.013521348126232624,0.013521348126232624,0.14810222249267035
job_000007,Bulgaria,28,1.4489102564102565,True,10,0.038005927117696695,0.29591522175229595,0.6909547753295711,0.2522546118769895,0.1124795792821535,0.2,10,0.04652767590103975,-0.012589160839952637,-0.035103488936989634,-109.72935172917894,0.8015154733659018,5228,0.003225053194910288,0.0074674407951533794,0.0008928703027777374,0.0012081754393875599,53.534720078069086,-0.01933991350233555,0.01933991350233555,0.465821771773684
job_000007,Bulgaria,29,1.5006570512820514,True,10,0.03765532476950407,0.2962074865738268,0.691361644600424,0.25288094858714866,0.11358774683427338,0.2,10,0.02569670896778526,0.0056479792082763085,0.007862695107222543,54.309325896421385,0.37674061463813324,5227,0.004079324658960104,0.00989507045596838,0.0006932789692655206,0.0021186904050409794,71.88084182608158,-0.025367936119437218,0.025367936119437218,0.5464713663016729
job_000007,Bulgaria,30,1.552403846153846,True,9,0.03462004158375299,0.3131968172089815,0.6637869940619676,0.2476435814853383,0.11856765377131809,0.2222222222222222,9,0.03551379042671768,-0.010707954333738163,-0.02313549813541224,-114.83642468949547,0.7178440473768832,4891,0.013970805332064629,0.036543045192956924,0.0008382812957279384,0.008178260177373886,84.14755426307683,-0.05684024095535278,0.05684024095535278,0.5884492793859287
job_000007,Bulgaria,31,1.604150641025641,True,9,0.034190144856368204,0.3140658922484051,0.6645147676103984,0.24796462988225115,0.12004794663257254,0.2222222222222222,9,0.026887426374574204,0.01679476074946803,0.01406412803408752,39.9431980318843,0.8147224969298108,4787,0.00499108899384737,0.014759523794054985,0.0014608828350901604,0.002057185862213373,54.62004754635904,-0.020121566951274872,0.020121566951274872,0.5055272418897513
job_000007,Bulgaria,32,1.6558974358974359,True,9,0.03385720236357009,0.314072795661317,0.6648062395982958,0.2482903503328701,0.12076819285984541,0.2222222222222222,9,0.015710762257593144,0.00013340754589823324,0.005632657802663824,88.64322300259018,0.3586227927396284,4790,0.0028867260552942753,0.007351792883127928,0.0005148707423359156,0.0016359741566702724,72.53026551900027,0.015402175486087799,0.0,0.594126740413096
job_000007,Bulgaria,33,1.7076442307692308,True,9,0.03413021917262681,0.317025064516717,0.6740023309405542,0.2540583434906461,0.1265006754322382,0.2222222222222222,8,0.009476701771329994,-0.0006288204600568327,0.0027894397430738562,102.70377386696212,0.30173352440405726,4765,0.0031270436011254787,0.007607604842633009,0.0010390500538051128,-0.0009307250729762018,-41.852270780557404,-0.017008710652589798,0.017008710652589798,0.4460909785811321
job_000007,Bulgaria,34,1.7593910256410257,True,9,0.03449263089703794,0.31731720077936787,0.6738834664140314,0.2538101032807931,0.12630219683700472,0.2222222222222222,8,0.007680569656037223,0.0036424957902939196,0.0014900622306265917,22.248354180483744,0.5123952481254469,4848,0.003321613883599639,0.009466707706451416,0.0004930146969854832,-0.0010627530282363296,-65.11325635022719,-0.05971783772110939,0.05971783772110939,0.3527022373131394
job_000007,Bulgaria,35,1.8111378205128206,True,9,0.034007681866126814,0.31743297631864553,0.6739175981170658,0.25383169022224056,0.12640612849716254,0.2222222222222222,9,0.005313975687891655,0.002237347058199347,0.0006595906687335853,16.426005927134895,0.43894599193257966,4814,0.0020585295278578997,0.006061886437237263,0.0005802784580737352,8.642525062896311e-05,8.471221854190839,-0.02622262015938759,0.02622262015938759,0.28499913732988524
job_000007,Bulgaria,36,1.8628846153846155,True,9,0.0331349682276471,0.3174324751133903,0.672708139411275,0.2543772842237838,0.12606332334157017,0.2222222222222222,9,0.030162102948936412,-9.685725589880574e-06,-0.023372630300814948,-90.0237436334256,0.7749006210637469,4660,0.004008703399449587,0.010441980324685574,0.00102526368573308,0.00011534209625096992,6.4187829558813405,-0.005000481382012367,0.005000481382012367,0.2573728142248115
job_000007,Bulgaria,37,1.9146314102564104,True,9,0.032359110812963755,0.31798940170374546,0.6721321467883778,0.25387059756871055,0.12576914391645,0.2222222222222222,9,0.027221461436721738,0.01076253305610459,-0.01113098162551851,-45.96414649129613,0.5687881542391718,4571,0.005268763285130262,0.012012048624455929,0.0010050240671262145,0.002170922001823783,65.15831541105916,0.02823720872402191,0.0,0.45404852000931734
job_000007,Bulgaria,38,1.966378205128205,True,9,0.03234692171068376,0.31844371593526744,0.6723987633942419,0.25364911153893155,0.12636354606421876,0.2222222222222222,9,0.021453140951408493,0.008779562727461667,0.005152330816328336,30.406757372892503,0.47451076338597475,4559,0.011955048888921738,0.027910878881812096,0.0031275188084691763,0.004941165447235107,57.668167527207615,0.008428932167589664,0.0,0.4891470159679975
job_000007,Bulgaria,39,2.018125,True,9,0.03223691124844177,0.3186204856177335,0.6736635592094612,0.2543706022697426,0.12843012024728753,0.2222222222222222,9,0.028674724476977727,0.0034160508472833783,0.024442012657070057,82.04379586120115,0.8606734578820527,4549,0.0069062476977705956,0.020272785797715187,0.0014031982282176614,-0.000301814783597365,-12.138843080805428,-0.03951035812497139,0.03951035812497139,0.20782486803882388
job_000007,Bulgaria,40,2.069871794871795,True,9,0.032148699622096696,0.31865547092940605,0.674100362166381,0.2546591827317685,0.12917973126745133,0.2222222222222222,9,0.009992089546109069,0.0006760865433174349,0.008441159650603653,85.42072518819317,0.8474895644051715,4596,0.005641484167426825,0.013147610239684582,0.0006896418053656816,0.0005099988193251193,36.48339301756864,-0.001094214734621346,0.001094214734621346,0.15204017704142717
job_000007,Bulgaria,41,2.1216185897435897,True,9,0.03219189056958858,0.318548641126376,0.674158956349983,0.2546722580940934,0.12983536648671568,0.2222222222222222,9,0.01055710308060378,-0.002064471882650687,0.001132324885960625,151.2560411502795,0.22303592983335166,4641,0.004515006206929684,0.010503323748707771,0.0006849509663879871,4.740527856483823e-06,0.396536271298782,-0.009913203306496143,0.009913203306496143,0.1517090651338121
job_000007,Bulgaria,42,2.1733653846153844,True,9,0.03303994942009444,0.31885527642757344,0.674509310911979,0.25463876887962045,0.12949569058568988,0.2222222222222222,9,0.01628040023896778,0.005925686836395689,0.006770555797011139,48.80712338017848,0.552655618028404,4748,0.007138150278478861,0.020438196137547493,-0.0005818644422106445,-8.949486800702289e-05,-171.25602502321888,-0.012237842194736004,0.012237842194736004,0.08247328252369342
job_000007,Bulgaria,43,2.2251121794871795,True,9,0.03336572937969806,0.31810898163677215,0.6750893058295787,0.2544754619759053,0.13043691249996556,0.2222222222222222,9,0.02692214795942117,-0.01442204860514045,0.011208325443858472,142.14686404172315,0.6784497136141734,4789,0.0037925681099295616,0.010871431790292263,-7.210252806544304e-05,-0.0005569151253439486,-97.37691918452408,0.02028621733188629,0.0,0.14806937861172093
job_000007,Bulgaria,44,2.276858974358974,True,9,0.0332181703327225,0.3175754891285141,0.6747558461187447,0.2539887889699178,0.1304626730641755,0.2222222222222222,9,0.01633452915287313,-0.010309672503965202,-0.006444065021997452,-147.9925398876762,0.7443087170363721,4786,0.0033626421354711056,0.011119992472231388,-0.00028172830934636295,0.0003661474329419434,127.57610593426386,0.01902664825320244,0.0,0.13738899535062288
job_000007,Bulgaria,45,2.3286057692307693,True,9,0.033163550508093276,0.31722700971735657,0.674686120240374,0.25364302592568233,0.13032765638939425,0.2222222222222222,9,0.01022366611865166,-0.006734318753865088,-0.0013474434222167935,-168.68532542999137,0.6717549432936504,4644,0.0024513204116374254,0.005588950123637915,-0.00011930747859878466,0.0003268144209869206,110.05520944251074,-0.019299758598208427,0.019299758598208427,0.14192792609393412
job_000007,Bulgaria,46,2.380352564102564,True,9,0.0327252068498371,0.3169141548365667,0.6738140232407855,0.2528359728805429,0.12968717270845442,0.2222222222222222,9,0.02248520348404562,-0.006045879393398589,-0.016853159731903194,-109.73487108918766,0.7962922852753662,4702,0.00648186169564724,0.014975560829043388,0.0003766994923353195,-0.004127705004066229,-84.78556024344292,-0.05527729168534279,0.05527729168534279,0.6394549265068942
job_000007,Bulgaria,47,2.432099358974359,True,9,0.03314524923693023,0.3168496814616726,0.6745835756811689,0.25377854353797785,0.13049201378554226,0.2222222222222222,9,0.028468823108634855,-0.001245939483863455,0.01487149962215014,94.78907643577193,0.5242085674919764,4775,0.004204859491437674,0.012476530857384205,0.00033391325268894434,-0.0024866322055459023,-82.3518832667485,-0.032431863248348236,0.032431863248348236,0.5966790415524287
job_000007,Bulgaria,48,2.483846153846154,True,9,0.03337564392596374,0.31693496745643807,0.674813296264209,0.25424439196538046,0.13093178940152334,0.2222222222222222,9,0.013871905790343919,0.001648140623525849,0.004439320031494358,69.63206785728302,0.34136558276728085,4810,0.0029835884924978018,0.007365926168859005,0.0005000104429200292,-0.0013153237523511052,-69.18607552098058,-0.011073334142565727,0.011073334142565727,0.4716319462695557
job_000007,Bulgaria,49,2.535592948717949,True,9,0.033617618174230084,0.31692631051202036,0.6747732497969865,0.25403712332884004,0.13106795903056911,0.2222222222222222,9,0.012456573641521725,-0.00016729431144844046,-0.0007738927081696713,-102.19807510941605,0.0635622999537963,4744,0.0032564913854002953,0.012987162917852402,0.000987070961855352,-0.0021979110315442085,-65.81538769042422,-0.011604870669543743,0.011604870669543743,0.7398705509931579
job_000007,Bulgaria,50,2.5873397435897436,True,8,0.032610278530300234,0.3192566385373199,0.6362897089087485,0.24133468384475248,0.12779985769388336,0.25,8,0.03174659026753576,-0.0033014731676934577,0.008656053946373353,110.87716426837274,0.2918198747347601,4612,0.012918755412101746,0.04233577102422714,0.0024611270055174828,-0.009166202507913113,-74.97054964025313,-0.1172209307551384,0.1172209307551384,0.7346574204581566
job_000007,Bulgaria,51,2.6390865384615383,True,8,0.03210014245498969,0.3180874575343584,0.6364976494734622,0.23984630499346912,0.12656563262257375,0.25,8,0.03082816984918439,-0.022594268994982084,0.004018424044014261,169.9153089464538,0.744410987575585,4553,0.007374750915914774,0.021504435688257217,0.0008547364850528538,-0.005467124283313751,-81.11424300291715,-0.09534791857004166,0.09534791857004166,0.7503353291440386
job_000007,Bulgaria,52,2.6908333333333334,True,8,0.0306354803045031,0.3184760340846122,0.6383152725201153,0.24059328591076576,0.1263789199165779,0.25,8,0.054342145118748485,0.00750919068932757,0.03512532614158239,77.93279540217273,0.660979183897322,4357,0.006667378358542919,0.026069073006510735,0.00039536203257739544,-0.005077560897916555,-85.54767296767713,-0.10350477695465088,0.10350477695465088,0.7638579526825774
job_000007,Bulgaria,53,2.742580128205128,True,9,0.03101211899513644,0.29761888216545473,0.6619564102446035,0.24483584417546753,0.11436742313228075,0.2222222222222222,8,0.02638960294574102,0.020105892964323187,0.006763681207476534,18.59308998656723,0.803841933156623,4397,0.008141542784869671,0.027722716331481934,-0.0013287541223689914,-0.00571191543713212,-103.09571563711565,-0.005685483105480671,0.005685483105480671,0.7203096996908147
job_000007,Bulgaria,54,2.794326923076923,True,9,0.030804982884945292,0.2994856927791467,0.6601885387084699,0.24602318426754707,0.11467109220572563,0.2222222222222222,9,0.058818180446414625,0.03607586940055157,-0.0341638847490633,-43.44074617267876,0.8447286818160672,4409,0.006688772235065699,0.025680767372250557,-0.0005161765147931874,-0.003868086263537407,-97.60092581433955,-0.003734271042048931,0.003734271042048931,0.5834216985421043
job_000007,Bulgaria,55,2.846073717948718,True,10,0.03234370819677594,0.2993966686513361,0.6895096659909854,0.250983220675226,0.11504663875729434,0.2,9,0.0300461393595378,0.010111290843159957,-0.023786866664563464,-66.97068779741687,0.8602345002769984,4604,0.0026644745375961065,0.007894851267337799,0.00016846389917191118,-0.0016161252278834581,-84.04901527030397,-0.005039575509727001,0.005039575509727001,0.6098319833554303
job_000007,Bulgaria,56,2.897820512820513,True,9,0.030272531913120286,0.2703914868551853,0.7011632425414016,0.2449760465296014,0.1130087976182465,0.2222222222222222,9,0.016737772656584344,0.0025493942595782018,-0.006214272374531261,-67.6941959832604,0.40130121974729505,4344,0.0030761132948100567,0.009406660683453083,-0.00012507916835602373,-0.0020960865076631308,-93.41494509283847,-0.019244611263275146,0.019244611263275146,0.6826195581237204
job_000007,Bulgaria,57,2.9495673076923077,True,9,0.02871256224550696,0.31239131933793135,0.6620637857929714,0.24452909628335154,0.11731634130589248,0.2222222222222222,8,0.01867858794993032,-0.007662421605290244,0.0003677461829050129,177.2522852397461,0.41069706432324815,4112,0.0038063013926148415,0.010453658178448677,-0.0009810018818825483,-0.002192859072238207,-114.1019292944084,-0.03697896748781204,0.03697896748781204,0.6311349025281131
job_000007,Bulgaria,58,3.001314102564103,True,10,0.032219470833203395,0.29912750873519584,0.6888590725714332,0.2517309702255006,0.11404407051885537,0.2,8,0.022797646882672516,-0.005185809274452014,-0.006405870311906676,-128.99155996079995,0.3615211646561739,4577,0.005955336149781942,0.011658367700874805,-0.0004138734075240791,-0.003740801475942135,-96.31339268944144,-0.017348328605294228,0.017348328605294228,0.6319755477454317
job_000007,Bulgaria,59,3.0530608974358975,True,10,0.032743347691104284,0.2982877002146691,0.6882322204398124,0.25137304256403276,0.11326206541628277,0.2,10,0.025310002972929506,-0.016229189123837313,-0.012113834937483924,-143.26150535379927,0.8001463114277294,4714,0.001900241244584322,0.0035969915334135294,-0.0003856654220726341,-0.0009250273578800261,-112.63239073491057,0.0038395461160689592,0.0,0.5274089743724221
job_000007,Bulgaria,60,3.104807692307692,True,10,0.03079153475335795,0.2978863022653005,0.6892793890030581,0.25055212132642585,0.11383535443181358,0.2,9,0.009340852312876026,-0.0033423566179269755,0.002875414108612028,139.29474019567036,0.47201348842072843,4448,0.0031691219191998243,0.00541982427239418,0.0004984444822184741,0.0009192963480018079,61.533354351829736,0.003481149673461914,0.0,0.32997490070799246
job_000007,Bulgaria,61,3.1565544871794873,True,10,0.032570151815283825,0.29737553170595027,0.688011708698067,0.2506232680470177,0.11284786050247939,0.2,9,0.00644468913223735,0.001378014481497262,-0.003239020230405234,-66.95307256066796,0.5461812205929875,4709,0.002770261373370886,0.00514247827231884,0.0006440780707634985,0.001116009778343141,60.009645456794814,-0.002903794636949897,0.002903794636949897,0.46513007218137203
job_000007,Bulgaria,62,3.208301282051282,True,10,0.03320571783015466,0.2977052480188951,0.6878394028152035,0.2512027542276663,0.11374584940534896,0.2,10,0.022409391014844595,0.006371724350497038,-0.0033297885074898364,-27.591041132065214,0.3208174118482888,4712,0.007142861373722553,0.02007364295423031,-0.00027074702666141093,-0.003116212086752057,-94.96558121568215,-0.0378572940826416,0.0378572940826416,0.4379129760308527
job_000007,Bulgaria,63,3.260048076923077,True,10,0.0338380763873679,0.2977942531118199,0.6889518684653829,0.24986269091198662,0.1121825925902884,0.2,10,0.04064501046454315,0.0017200117059481893,0.021498252267326812,85.4256774747635,0.5306173818569488,4810,0.003009134205058217,0.00701984204351902,-0.00029972396441735327,0.0006437833653762937,114.96510914429413,-0.003232738934457302,0.003232738934457302,0.23599307353130833
job_000007,Bulgaria,64,3.3117948717948718,True,10,0.033552189846008156,0.2970159243648052,0.6883444468290649,0.2499728573215383,0.11340152541662349,0.2,10,0.039117655472362824,-0.015041100592664839,-0.01173834317319206,-142.03088764039964,0.48774389034857624,4810,0.004616165068000555,0.005890084430575371,-0.0015401439741253853,0.002474794862791896,121.89532483788705,0.04551992937922478,0.0,0.6314552999912991
job_000007,Bulgaria,65,3.363541666666667,True,9,0.033817265818506796,0.31710853835347375,0.6702412424039086,0.24975950478343575,0.12488582898493863,0.2222222222222222,9,0.05159088289441784,0.014261823668659154,-0.005102789489776306,-19.6868852342043,0.29360252409104864,4728,0.005517958197742701,0.006132223643362522,-0.0006006872863508761,0.003492456628009677,99.75913821276026,0.04051845520734787,0.0,0.6422190605152301
job_000007,Bulgaria,66,3.4152884615384616,True,10,0.034870902572219566,0.29755761396809055,0.6882546096508277,0.2502616838032306,0.11361749329987839,0.2,9,0.04840404706695617,-0.0024954708791230158,0.003210441198271418,127.85786684823302,0.0840061984275211,4900,0.007008046377450228,0.008859828114509583,0.00039052145439200103,0.004072131123393774,84.5220299872933,0.01276666484773159,0.0,0.5837310063615183
job_000007,Bulgaria,67,3.4670352564102567,True,10,0.03543894026559139,0.2972349281200694,0.6883287892076728,0.25022838664570135,0.11312978462399595,0.2,10,0.016937596376267905,-0.006235861541195384,0.0014335101725405576,167.05367563686676,0.3777696140713271,5035,0.0027918254490941763,0.008021898567676544,-0.0007119879592210054,0.001713701174594462,112.56131990931132,0.011753566563129425,0.0,0.6646978948702514
job_000007,Bulgaria,68,3.5187820512820513,True,10,0.03526536105447422,0.2975207248467841,0.6902588466879795,0.2492415170629844,0.11275371020406633,0.2,10,0.05169745999987481,0.0055229841272827025,0.03729810677334616,81.57703142800278,0.7293356845869466,4973,0.003982445225119591,0.009729412384331226,-0.0008429792360402644,0.0017351421993225813,115.91174127045639,-0.002910603303462267,0.002910603303462267,0.484394745517161
job_000007,Bulgaria,69,3.570528846153846,True,10,0.0347456261342453,0.2967234480310789,0.6893732850957051,0.24913693994919833,0.11286011106474456,0.2,10,0.03635047639563033,-0.015407269526170586,-0.017113361213355223,-131.99691181386416,0.633476744993296,4970,0.004947449546307325,0.01322181150317192,-0.000625008309725672,0.0011646761558949947,118.21965252362283,-0.005656832363456488,0.005656832363456488,0.26716418973462097
job_000007,Bulgaria,70,3.622275641025641,True,9,0.032801798654396246,0.31220991984307805,0.6634125088338731,0.24440439430079944,0.11651506874321821,0.2222222222222222,9,0.04343327717427182,0.025227776789121945,0.028290167830045763,48.27499405201592,0.8727134690675187,4611,0.007185106165707111,0.02308814972639084,-0.0011076448718085885,0.004170140717178583,104.87505626251337,0.007198616862297058,0.0,0.6005111637286569
job_000007,Bulgaria,71,3.674022435897436,True,9,0.03296239902786045,0.3130735489301323,0.6640041475006676,0.2446588740521832,0.11741412363132146,0.2222222222222222,9,0.023724454241918942,0.016689518436724653,0.011433339364502904,34.41352489513603,0.8527153787880631,4687,0.002153616165742278,0.006989946123212576,-0.00016122355009429157,0.0009969838429242373,99.18585396990873,0.012576250359416008,0.0,0.46894872287911493
job_000007,Bulgaria,72,3.725769230769231,True,9,0.033671421999934927,0.31275308818142517,0.6633763825075749,0.24431557285881314,0.11685770442091137,0.2222222222222222,9,0.03155234705331476,-0.0061928617898189715,-0.012131475865278933,-117.0433500931989,0.43168669634395,4778,0.0023069139569997787,0.005486096255481243,0.0002435630449326709,0.000616768782492727,68.45085192251842,-0.01462394930422306,0.01462394930422306,0.2874484795241313
job_000007,Bulgaria,73,3.7775160256410256,True,9,0.03413619023320512,0.3126347092411183,0.6629507463901363,0.24432332185769326,0.11668842226232225,0.2222222222222222,9,0.015558162319574832,-0.00228765744043035,-0.008225361947403588,-105.54244056386699,0.5487512784223155,4806,0.0015733659965917468,0.004228675272315741,5.0092257879441604e-05,0.0006031462689861655,85.25238994081856,-0.005818454548716545,0.005818454548716545,0.3846675322554621
job_000007,Bulgaria,74,3.8292628205128207,True,9,0.033016644875555855,0.3116413746448077,0.6635901034223849,0.2443151389972501,0.11689896621785241,0.2222222222222222,9,0.05567843903556161,-0.019196060331303666,0.012355490496224291,147.23275517372443,0.4100086497208688,4728,0.003306912025436759,0.009130732156336308,0.0003851190849673003,0.0013486586976796389,74.06293009726751,0.0091081028804183,0.0,0.42413223830279717
job_000007,Bulgaria,75,3.8810096153846154,True,9,0.03226887946329636,0.311398860446084,0.6638855894379421,0.24446228252720212,0.11712833122409834,0.2222222222222222,9,0.02380436563291262,-0.004686554970689035,0.005710228358865452,129.37674869669456,0.3103290097757137,4570,0.00253825425170362,0.005683685187250376,9.43846971495077e-05,-0.0006403399165719748,-81.61510382388735,0.0048964121378958225,0.0,0.2550014789184048
job_000007,Bulgaria,76,3.93275641025641,True,9,0.032508745544939696,0.3107400764318342,0.6643227010211471,0.24333058317113682,0.11556711187423027,0.2222222222222222,9,0.04043793352840559,-0.012730914366426122,0.008447123812945235,146.43521946950935,0.37782392610895477,4595,0.003189238952472806,0.008533092215657234,-0.00044141392572782934,-0.0001666151511017233,-159.32059217014893,0.01619322970509529,0.0,0.1479388418231255
job_000007,Bulgaria,77,3.984503205128205,True,9,0.032527105492651746,0.31047951776975347,0.6641100927462649,0.24226239460501214,0.11399661241155817,0.2222222222222222,9,0.023513612610096758,-0.005035261850057429,-0.004108626928666624,-140.78655721778003,0.2763854844065549,4595,0.0024908960331231356,0.006812517996877432,-0.000461768067907542,0.0012773018097504973,109.8758540878735,-0.024157121777534485,0.024157121777534485,0.54526894584199
job_000007,Bulgaria,78,4.03625,True,9,0.03242499838501967,0.3115484068006664,0.66498969832489,0.242287828716178,0.11498700898406433,0.2222222222222222,9,0.042408102430041124,0.020656139835541102,0.016998262033510833,39.45150111564977,0.630799720049148,4602,0.005792472045868635,0.01600494422018528,0.0016326516633853316,0.0016266178572550416,44.89392984270437,-0.039374612271785736,0.039374612271785736,0.39787080727913715
job_000007,Bulgaria,79,4.087996794871795,True,9,0.034106229184685616,0.3125603772626575,0.6645929410533092,0.24245585537693448,0.11356132128067133,0.2222222222222222,9,0.06519813951143544,0.019556195982733407,-0.007667282052227133,-21.408362009136333,0.3221797984852043,4882,0.0075052659958601,0.021837962791323662,0.002221454866230488,0.002940561855211854,52.93068496201095,-0.018731364980340004,0.018731364980340004,0.49103452531904407
job_000007,Bulgaria,80,4.13974358974359,True,8,0.035016638502619574,0.33714982131229393,0.6411314229239636,0.2367001010228816,0.12140309728027049,0.25,8,0.031293278130663016,0.017403448736959502,-0.00738989509502597,-23.00716715197848,0.6042007215754157,4942,0.0058328150771558285,0.014797503128647804,0.0021898599807173014,-0.0007119072834029794,-18.008960403596678,-0.049813512712717056,0.049813512712717056,0.39477885911436605
job_000007,Bulgaria,81,4.191490384615385,True,8,0.03590742354438751,0.337492557297903,0.6409825819682555,0.23651251484505953,0.12121895934343593,0.25,8,0.011507026244637536,0.006623327811089298,-0.00287633187865599,-23.47400063796785,0.6275231101040254,5004,0.0030752415768802166,0.0116347661241889,0.0009299119119532406,-0.001369438599795103,-55.8216883760638,-0.012868160381913185,0.012868160381913185,0.5382745287935933
job_000007,Bulgaria,82,4.2432371794871795,True,8,0.03630241562571224,0.33797337800674004,0.6410118060470802,0.23689240384049354,0.12106919724714552,0.25,8,0.011972214476959035,0.009291796912800162,0.000564751476818452,3.4781344727321883,0.777545690246187,5064,0.007112773600965738,0.022956298664212227,0.0019049320835620165,-0.0037705928552895784,-63.19674858979263,-0.07145030796527863,0.07145030796527863,0.5939270735446579
job_000007,Bulgaria,83,4.294983974358974,True,8,0.035845727824238754,0.3375824406086576,0.639480941749279,0.23787675240614575,0.1239268467771425,0.25,8,0.043944016129377525,-0.007554813762880961,-0.029583751063110057,-104.3254756527219,0.6948193957332762,5054,0.005814263131469488,0.016357993707060814,-0.0005711418925784528,-0.002974415896460414,-100.86952930084693,-0.004957735538482666,0.004957735538482666,0.5209180069288162
job_000007,Bulgaria,84,4.346730769230769,True,9,0.03739698513922477,0.3131883757765124,0.6626159985186955,0.24273711884062432,0.11262956644472781,0.2222222222222222,8,0.04600064422055243,0.00932319285835599,0.03812135911906457,76.25715350712103,0.8531374343887194,5313,0.005740113090723753,0.014905078336596489,-0.0006050292286090553,0.0011143757728859782,118.49891002604609,0.11797833442687988,0.0,0.22090636124759566
job_000007,Bulgaria,85,4.398477564102564,True,9,0.038630593797719735,0.31417811474176216,0.6624802999929247,0.24240744694483482,0.11076812604459292,0.2222222222222222,9,0.04679573480562188,0.01912657523431067,-0.002622356149920652,-7.806884174244087,0.4125484490106257,5383,0.00431477976962924,0.010694545693695545,0.0003240927471779287,0.0006823721923865378,64.59461424954317,0.0704381987452507,0.0,0.17507861204219463
job_000007,Bulgaria,86,4.450224358974359,True,9,0.03922034885592644,0.3139029999208958,0.6616395964997044,0.24336120040009934,0.11300227539881504,0.2222222222222222,9,0.042108309284627325,-0.005316557702712884,-0.01624648435334601,-108.12035178698348,0.4059595242677324,5562,0.004408608190715313,0.013524755835533142,0.0001209400943480432,-0.00013249192852526903,-47.60982618213568,0.01209428533911705,0.0,0.04069074897576444
job_000007,Bulgaria,87,4.501971153846154,True,9,0.0389720287960211,0.3128844190667606,0.661788244310436,0.24276187012651834,0.11388465603280114,0.2222222222222222,9,0.035206708772679784,-0.01968394094085947,0.0028725993774095077,171.69708449386314,0.5650185843500872,5514,0.002080789301544428,0.004883055109530687,-0.0002950873167719692,0.0003561996854841709,129.63944732220241,-0.013219987973570824,0.013219987973570824,0.2222966154255198
job_000007,Bulgaria,88,4.553717948717948,True,9,0.03898218993376614,0.31246209715120554,0.6618587068925774,0.24240441144523975,0.11431009577312452,0.2222222222222222,9,0.01879826328790088,-0.008161315432218964,0.0013616801256171695,170.52769924665992,0.44015400706250934,5524,0.0020336052402853966,0.004856922198086977,-0.0003538746095728129,-0.00035257809213362634,-135.10515197089688,-0.012832032516598701,0.012832032516598701,0.24564174369961364
job_000007,Bulgaria,89,4.605464743589744,True,9,0.038812928647301854,0.31231649414437845,0.6616688465494226,0.24200320643545292,0.11412499558044839,0.2222222222222222,9,0.011452352874706605,-0.002813758942712129,-0.0036690261421079146,-127.4844293833253,0.4037373177051228,5444,0.0019965616520494223,0.0049991123378276825,-0.00020813083392567933,-0.0008349844138137996,-103.99650089626188,-0.02185276336967945,0.02185276336967945,0.4310075848787671
job_000007,Bulgaria,90,4.657211538461539,True,9,0.03882240716121115,0.31225214369496695,0.6618184309128163,0.24212432278504625,0.11449338434099171,0.2222222222222222,9,0.006610578699733909,-0.0012435639650899815,0.0028906981343358824,113.27713471580925,0.4760305819045418,5529,0.00298320222645998,0.006630524527281523,-0.00036321213701739907,-0.0007182740955613554,-116.82451218945141,-0.0007242198335006833,0.0007242198335006833,0.26980589283087314
job_000007,Bulgaria,91,4.708958333333333,True,9,0.03880235125507768,0.3122322514210835,0.6616584228955028,0.24215201524074484,0.11477907916138472,0.2222222222222222,9,0.005833119526027132,-0.0003844155745822789,-0.003092133874374715,-97.0866786285835,0.5341803134285364,5501,0.0017342487117275596,0.0036617708392441273,-6.316368671832606e-05,-0.0007316310075111687,-94.93426520545103,-0.005369769409298897,0.005369769409298897,0.4234412786414485
job_000007,Bulgaria,92,4.760705128205128,True,9,0.038627680356450526,0.3122391123229478,0.6606499801560138,0.24157267210949065,0.11373504584696353,0.2222222222222222,9,0.020651628737710558,0.0001325860254979114,-0.01948802320970106,-89.61019635514229,0.9436773473895073,5471,0.0028530850540846586,0.003633702639490366,0.0001537953212391585,-0.0014597589615732431,-83.9856958135694,0.003092251718044281,0.0,0.5144740713122328
job_000007,Bulgaria,93,4.812451923076923,True,9,0.03866865449484959,0.312460994068604,0.6603882567095606,0.2412572883160604,0.11443539760504026,0.2222222222222222,9,0.03224925808545542,0.004287835530798235,-0.005057771154746246,-49.70966340908068,0.20560876634286285,5455,0.003323143580928445,0.004276238847523928,-2.8284386644372717e-05,-0.0018322832183912396,-90.88438690038856,-0.026501616463065147,0.026501616463065147,0.5514361535709057
job_000007,Bulgaria,94,4.864198717948718,True,10,0.04359062464367997,0.298092089480112,0.6852698188917019,0.2446115213579606,0.11167580096055914,0.2,9,0.028918974793985457,-0.017380469908293616,-0.0060596060031447106,-160.77916956284992,0.6364855164956157,6139,0.01697651669383049,0.06200060620903969,0.004895663820207119,-0.011256291531026363,-66.4944824501576,-0.010539702139794827,0.010539702139794827,0.7230480325919247
job_000007,Bulgaria,95,4.915945512820513,True,10,0.047586407931236266,0.2969826508670118,0.6857593944581117,0.24461500307338557,0.11054268131651142,0.2,10,0.07081714770495041,-0.021439755174188453,0.009460983383082459,156.1889834541197,0.3309148674963063,6572,0.0076548936776816845,0.029294345527887344,0.0013436194276437163,-0.004456037655472755,-73.22047854752614,-0.04224836826324463,0.04224836826324463,0.6080033192040023
job_000007,Bulgaria,96,4.967692307692308,True,10,0.04519375650262343,0.2979321716568838,0.685264370518104,0.24586629866290616,0.11049559143846217,0.2,10,0.06413747214639591,0.018349364288638564,-0.009566272485747845,-27.534869855000714,0.3226398094565361,6338,0.007284532766789198,0.02930094115436077,0.0010357331484556198,-0.004733219742774963,-77.65696965818304,-0.01905311457812786,0.01905311457812786,0.665137429777374
job_000007,Bulgaria,97,5.019439102564102,True,10,0.04509965863156703,0.29832894587616576,0.6861226070048501,0.24503766412453196,0.10930921147403165,0.2,10,0.03471068963101596,0.007667609564321607,0.016585307145539088,65.18826720917296,0.5264073885522461,6398,0.006406416185200214,0.028824441134929657,0.0004759349103551358,-0.004030756652355194,-83.26593338023044,-0.027123576030135155,0.027123576030135155,0.6335457265723705
job_000007,Bulgaria,98,5.071185897435898,True,10,0.04599680137014459,0.298629712810473,0.6881371065469205,0.24557075790898916,0.1084906064329539,0.2,10,0.0436826237317458,0.005812281418634033,0.038929938502692066,81.50840301606036,0.9010776755926893,6441,0.009531954303383827,0.03942156955599785,0.001491664326749742,-0.005501633044332266,-74.83003334622862,-0.007807866204530001,0.007807866204530001,0.5980164697230536
job_000007,Bulgaria,99,5.1229326923076925,True,10,0.04673476495678388,0.29860586249603915,0.6889123394866414,0.24615250862901372,0.10801869093313983,0.2,10,0.024714208954542023,-0.0004609041872619908,0.014981274524181461,91.76216900863976,0.6064674299186408,6536,0.004488936625421047,0.019528552889823914,0.0007622936391271651,-0.0022658975794911385,-71.40602263471703,0.011598736047744751,0.0,0.5325730816617299
job_000007,Bulgaria,100,5.174679487179487,True,10,0.045508355395763436,0.29675717769386717,0.6888517523688426,0.24584711515378554,0.10596258104045571,0.2,10,0.05701865745383976,-0.03572559047864135,-0.0011708380770045132,-178.12291197759092,0.6268960532922215,6413,0.004173699766397476,0.012662457302212715,0.0006823070580139756,-0.0003954879939556122,-30.098015467348198,0.01314478274434805,0.0,0.188954750103096
job_000007,Bulgaria,101,5.226426282051282,True,10,0.046797956233776195,0.2980149432509821,0.6897671900373694,0.2463849264982882,0.10755602300202285,0.2,10,0.043027515404600376,0.024306153844524336,0.0176907124546561,36.04819668634128,0.698679479048286,6612,0.00419834116473794,0.013505212962627411,0.0007671299390494823,-0.0008915062062442303,-49.28841672217246,-0.0014459652593359351,0.0014459652593359351,0.2801405728016852
job_000007,Bulgaria,102,5.278173076923077,True,10,0.046906556492438425,0.2973544131418998,0.689983953479646,0.24603240062560644,0.10653276308194484,0.2,10,0.04073174070852593,-0.012764657419243364,0.00418892499165639,161.8319290887875,0.329826744298455,6583,0.006481135729700327,0.01670757308602333,0.0006840460700914264,-0.0031366576440632343,-77.69748720886005,0.003871043212711811,0.0,0.4953422062382619
job_000007,Bulgaria,103,5.329919871794872,True,10,0.04774625567117237,0.29946043538128825,0.6895698334366233,0.24586710127946382,0.10591622104393779,0.2,10,0.04591112264697702,0.04069860258217499,-0.008002815325058945,-11.124489991902932,0.9034403710978312,6707,0.003511135932058096,0.01260831393301487,0.0001734519755700603,-0.002343630651012063,-85.76725949288408,0.002396020106971264,0.0,0.6693105925421394
job_000007,Bulgaria,104,5.381666666666667,True,10,0.04756655640576956,0.29806268593507207,0.6895886888050292,0.24604681486073837,0.10515001900180052,0.2,10,0.035501634688379954,-0.027011324076769393,0.00036437751270645204,179.22713794682437,0.7609165575896867,6678,0.00297731370665133,0.006148775108158588,0.0005060491967014968,-0.0020054508931934834,-75.83780936972688,0.007125319913029671,0.0,0.694691021015724
job_000007,Bulgaria,105,5.4334134615384615,True,10,0.048035694693573924,0.2996391701558117,0.6895952730863926,0.24523500192853973,0.10545919560725696,0.2,10,0.043886789316937444,0.03046535006941794,0.0001272403707280033,0.23929788498042137,0.6941864797122456,6775,0.0038785815704613924,0.007320818491280079,0.0003423466987442225,-0.0028423613402992487,-83.13212329002086,0.01384136825799942,0.0,0.7381316950846271
job_000007,Bulgaria,106,5.485160256410256,True,10,0.04865817935017052,0.29938816036365357,0.6897085710509105,0.24570865182913432,0.1072391023824788,0.2,10,0.0360959023748479,-0.004850731195622284,0.002189468252064467,155.70707316958305,0.14743972638467998,6781,0.012698998674750328,0.056598395109176636,0.0015888703055679798,-0.01085619069635868,-81.67352567189057,0.018315445631742477,0.0,0.8639929335035498
job_000007,Bulgaria,107,5.536907051282052,True,10,0.04969651544013988,0.3005752642225709,0.688911814516859,0.24598779340377241,0.10674090473938476,0.2,10,0.040280329528132604,0.022940625827327265,-0.01539721515169407,-33.86859449202275,0.6859111427674959,6886,0.011564546264708042,0.07929818332195282,0.001002972829155624,-0.010220099240541458,-84.39509504534121,0.004239653702825308,0.0,0.8879895150523658
job_000007,Bulgaria,108,5.588653846153846,True,10,0.04967006943133638,0.30047034870361455,0.6884587183390632,0.2447294117057321,0.10652104999360254,0.2,10,0.028598881730479447,-0.0020274785948822434,-0.008756023999520086,-103.03721432973947,0.314267288482011,6857,0.012810755521059036,0.08353594690561295,0.0021570611279457808,-0.011081271804869175,-78.98465500305963,-0.0056548588909208775,0.0056548588909208775,0.8812333264763959
job_000007,Bulgaria,109,5.640400641025641,True,10,0.0476828518966012,0.3011024790561563,0.6901240884928377,0.24764509642375312,0.11317226144226608,0.2,10,0.09310477835621368,0.012215835862062657,0.03218305902617751,69.21456602010552,0.3697283856859768,6617,0.009158498607575893,0.004440749064087868,0.0009964171331375837,-0.008426794782280922,-83.25643553843597,0.002144420286640525,0.0,0.9265165378345557
job_000007,Bulgaria,110,5.692147435897436,True,10,0.04691403524854196,0.30169074604580043,0.6902331542547576,0.24983086891646022,0.11580587535773638,0.2,10,0.05291637738136542,0.011368182147351516,0.002107681493898942,10.503476449823443,0.21849408301387796,6600,0.012818179093301296,0.00346256117336452,0.0013879388570785522,-0.01172594167292118,-83.24960389066977,0.004359744489192963,0.0,0.9211758892505868
job_000007,Bulgaria,111,5.7438942307692304,True,10,0.04636766762721197,0.3019682771633296,0.6904041756057245,0.25074995873314304,0.1169858285861203,0.2,10,0.023939741663186433,0.0053632523176892054,0.0033049650976589295,31.642374559179604,0.2631516829217687,6487,0.0058504496701061726,0.008257526904344559,0.00014050770550966263,-0.004655522294342518,-88.27128837925446,0.0077844238840043545,0.0,0.7961169476938964
job_000007,Bulgaria,112,5.795641025641026,True,10,0.047722958070395234,0.3017613658879429,0.6878377661591758,0.24634159714606388,0.10868445958762041,0.2,10,0.11096980101321144,-0.0039985331632492105,-0.04959552476452328,-94.60937993335224,0.44837829591727363,6700,0.006145196035504341,0.01448127068579197,0.0008360403007827699,-0.0038931157905608416,-77.87990045283985,-0.014305755496025085,0.014305755496025085,0.6479651986942824
job_000007,Bulgaria,113,5.847387820512821,True,10,0.048557247484781046,0.30098738501921324,0.6860658096630268,0.24502534181178615,0.10469551966877555,0.2,10,0.06079788257369363,-0.01495707841707274,-0.03424282606370746,-113.59544128498499,0.6146086009952721,6832,0.005601554177701473,0.01895890012383461,0.0010424965294077992,-0.003555639646947384,-73.65911536840593,-0.0001890877028927207,0.0001890877028927207,0.6614801259196008
job_000007,Bulgaria,114,5.899134615384615,True,10,0.049685491360797404,0.30090962082984024,0.6852909782656889,0.24448660575769043,0.10412546985759577,0.2,10,0.03131177448129806,-0.0015027827243338854,-0.01497351477047525,-95.73116916183031,0.4806095392043238,6964,0.00849503930658102,0.022324945777654648,0.0015646977117285132,-0.005912924185395241,-75.17794008753916,0.033073216676712036,0.0,0.720002465322038
job_000007,Bulgaria,115,5.95088141025641,True,10,0.05021513703745597,0.3008675340313193,0.6845524528436024,0.24399446017148155,0.10358061712930858,0.2,10,0.021724999073544384,-0.0008133218419665083,-0.014271906577331545,-93.26162177309325,0.6580006000400165,6963,0.002746512182056904,0.005695001687854528,0.0006386445602402091,-0.002040512626990676,-72.6207978304914,0.007872475311160088,0.0,0.7784856625124831
job_000007,Bulgaria,116,6.002628205128206,True,10,0.05079165433476949,0.30094962657411306,0.6844366298416164,0.24402320177222897,0.10399463338692201,0.2,10,0.016752314549508145,0.0015864275844954148,-0.0022382642687928975,-54.67190801376676,0.1637660994946795,7150,0.0030873604118824005,0.012189324013888836,0.0011575025273486972,-0.0022296595852822065,-62.56442823503543,-0.012852704152464867,0.012852704152464867,0.8137077135202334
job_000007,Bulgaria,117,6.054375,True,10,0.05046997480776827,0.30032299033601384,0.6843532960774914,0.24325257378351225,0.10372801479146557,0.2,10,0.018237629535315908,-0.012109662823596996,-0.0016104140233498064,-172.42491806773845,0.6698389533102813,7133,0.003467117203399539,0.01374808419495821,0.00148458790499717,-0.0006318814703263342,-23.055938767821242,-0.008178366348147392,0.008178366348147392,0.46536266477775584
job_000007,Bulgaria,118,6.106121794871795,True,10,0.05018870551461186,0.30008093505168987,0.6842007893383415,0.2429318433960499,0.1037425993239054,0.2,10,0.021835356730647047,-0.004677686510317157,-0.0029471726611807474,-147.78705416178522,0.25319965962871516,7048,0.006221060175448656,0.01965741068124771,0.0014064076822251081,0.0012218786869198084,40.98391866666906,0.038987476378679276,0.0,0.29947531726092613
job_000007,Bulgaria,119,6.15786858974359,True,10,0.049982604991323204,0.29997787951504284,0.6841811683340241,0.24284803604407904,0.10379227938453044,0.2,10,0.008282506066927,-0.001991534681565209,-0.0003791733259239457,-169.22032779351903,0.24477002909068718,6881,0.0019174464978277683,0.0061388174071908,0.0004324028850533068,-0.0007435386069118977,-59.81997274623423,-0.005591938737779856,0.005591938737779856,0.44858044885724113
job_000007,Bulgaria,120,6.209615384615384,True,10,0.05016862680140471,0.30013806783625957,0.6841773202152538,0.24275831253816382,0.10426707874280838,0.2,10,0.01035513986144308,0.0030956182235744685,-7.436438874794796e-05,-1.3761213424718917,0.2990313355729131,6933,0.003219110192731023,0.010477676056325436,0.0005474865902215242,-0.0006955962744541466,-51.79459314417845,-0.008209746330976486,0.008209746330976486,0.27498575128802544
job_000007,Bulgaria,121,6.26136217948718,True,10,0.05016505870644567,0.3002168886798605,0.683858410354103,0.2424898673938064,0.1043553586823133,0.2,10,0.009025358987444566,0.0015232024282109296,-0.006162891091915956,-76.11716220249193,0.7033887724959437,6997,0.002876681974157691,0.009745924733579159,0.0006173301953822374,-0.0006650646682828665,-47.13173166316798,-0.023859459906816483,0.023859459906816483,0.31543913937409185
job_000007,Bulgaria,122,6.313108974358975,True,10,0.050041330216336936,0.3002584238065975,0.6837260973078003,0.24233287727287622,0.1044068004159445,0.2,10,0.0074677884207514315,0.0008026608573535824,-0.0025569322047970166,-72.57211429009455,0.35886882865545916,6998,0.008573201484978199,0.030624596402049065,0.002011341042816639,-0.004402979742735624,-65.448434556878,-0.03516251966357231,0.03516251966357231,0.5646236765059867
job_000007,Bulgaria,123,6.364855769230769,True,10,0.04978024330743521,0.3002746832339825,0.6839135172607079,0.24251916602877546,0.10416332447049315,0.2,10,0.007114739805392492,0.0003142112941531822,0.0036218659217790196,85.04177700607501,0.5109772125255019,6874,0.005238824989646673,0.022471940144896507,0.0016691137570887804,-0.003934151493012905,-67.01029840812046,-0.00793011300265789,0.00793011300265789,0.8157516853299295
job_000007,Bulgaria,124,6.416602564102564,True,10,0.04965102670211067,0.30077656015391685,0.6840226630202431,0.24212648261388117,0.10381648392039941,0.2,10,0.013925122611181345,0.00969870542084284,0.0021092274372869965,12.269360981877611,0.7127698937498111,6936,0.006304651033133268,0.025637192651629448,0.0018101852620020509,-0.005234901327639818,-70.92504093803198,-0.016114354133605957,0.016114354133605957,0.8785640684784268
job_000007,Bulgaria,125,6.4683493589743595,True,10,0.04950214384559492,0.3009235459599894,0.6841744521015387,0.24202684845251535,0.10364977930833161,0.2,10,0.007691678403695191,0.0028404813561262103,0.0029333040176022836,45.92104023378284,0.53086077441,6904,0.007452965248376131,0.03775482997298241,0.0017773667350411415,-0.006653589196503162,-75.04385371993463,-0.025862399488687515,0.025862399488687515,0.9240472471458955
job_000007,Bulgaria,126,6.520096153846154,True,10,0.04925516434432459,0.301077822635493,0.6839095163877176,0.2415984918061505,0.10360109101641228,0.2,10,0.013233747887336389,0.0029813764482575257,-0.0051198477988349984,-59.78701244629177,0.447692329255973,6925,0.018469370901584625,0.10283710807561874,0.0033571915701031685,-0.015982935205101967,-78.13755941467724,0.02350952848792076,0.0,0.88425947237388
job_000007,Bulgaria,127,6.571842948717949,True,10,0.049752340985591476,0.3015588011222664,0.6836402405420742,0.24142488408016854,0.10395907971697597,0.2,10,0.017147175893284898,0.009294845950653576,-0.0052037202750538,-29.24228692423802,0.6212314145675275,6974,0.010676383972167969,0.04840680956840515,0.001551879569888115,-0.009143846109509468,-80.36763282718357,-0.02962517738342285,0.02962517738342285,0.8687026002953493
job_000007,Bulgaria,128,6.6235897435897435,True,10,0.049706476974406374,0.3014863958995045,0.6839044297775776,0.24185463251369635,0.10407462375411661,0.2,10,0.018364551826498314,-0.0013992213999200272,0.005105422203597049,105.32647463669824,0.28825589071536684,6909,0.009336256422102451,0.041377514600753784,0.0018009146442636847,-0.005815986543893814,-72.79491120277456,-0.025690503418445587,0.025690503418445587,0.6521276629814504
job_000007,Bulgaria,129,6.675336538461538,True,10,0.04945246839203885,0.30131687777518074,0.6838171811708788,0.24168133762795901,0.10440498353762304,0.2,10,0.017445058485344115,-0.003275915440632997,-0.0016860678408201126,-152.76575353269453,0.21119743488219508,6905,0.010289826430380344,0.03835982456803322,0.002665047300979495,-0.0018384731374680996,-34.599710870249,-0.055056989192962646,0.055056989192962646,0.314646981735506
job_000007,Bulgaria,130,6.727083333333334,True,10,0.04843976685803563,0.30126392961893844,0.6839185834377979,0.24236990577679615,0.10460792730740973,0.2,10,0.026922252779327478,-0.0010232161503629198,0.0019595854616763736,117.57173989263178,0.08211214427339734,6766,0.01638076640665531,0.06254060566425323,0.0027765915729105473,-0.007876002229750156,-70.58049957876592,0.008562914095818996,0.0,0.5098113136555089
job_000007,Bulgaria,131,6.778830128205128,True,10,0.04715261102438517,0.3018072403510253,0.6847050902950033,0.24286206283335324,0.10690213526240726,0.2,10,0.036241532960377625,0.01049940838718516,0.01519914149569967,55.363688165751654,0.5097188699246267,6752,0.007239826954901218,0.025711258873343468,0.0013108927523717284,-0.003750124014914036,-70.7324239314734,0.02987954579293728,0.0,0.5487203211698878
job_000007,Bulgaria,132,6.830576923076923,True,10,0.04660184490299524,0.30249969986419495,0.6830703521896698,0.24296321030737644,0.10748990988050003,0.2,10,0.05938449230628987,0.013381688950693365,-0.03159109872183621,-67.04294631818107,0.5777335198046786,6580,0.0066057778894901276,0.021837159991264343,0.0009552897536195815,-0.004190774168819189,-77.15880425315267,0.011408567428588867,0.0,0.6506841309837763
job_000007,Bulgaria,133,6.882323717948718,True,9,0.04364601676232026,0.2735586730571194,0.6934228107838769,0.23690355792813164,0.10731158859030915,0.2222222222222222,9,0.023375748048468304,-0.0025532304226118505,-0.010095259391072989,-104.19326341028821,0.44546718263572954,6188,0.006977482233196497,0.021624039858579636,0.0007261038408614695,-0.004410876892507076,-80.65199762576636,0.0023093614727258682,0.0,0.6406668838968191
job_000007,Bulgaria,134,6.934070512820513,True,10,0.045844847132469745,0.3025891942683878,0.6840110343495382,0.2429147157935966,0.10762778427056556,0.2,9,0.03952442791615864,0.010100356312098428,0.02265487283410526,65.97096986344697,0.627572508520174,6495,0.010484649799764156,0.02966517023742199,0.0004801692848559469,-0.003405350260436535,-81.97395719076637,-0.02530527487397194,0.02530527487397194,0.32800681902414797
job_000007,Bulgaria,135,6.985817307692308,True,9,0.04364941323854589,0.27424040923715887,0.6950312144352233,0.23747303624919686,0.10686796831320727,0.2222222222222222,9,0.015603445111793386,0.003074105637256485,0.008427316030566907,69.9591060574882,0.5749047699526639,6097,0.006715395487844944,0.014659097418189049,-0.0016749037895351648,-0.0024749217554926872,-124.0881847681596,0.023426128551363945,0.0,0.445007443347476
job_000007,Bulgaria,136,7.037564102564103,True,10,0.04402459841209172,0.30144821389611154,0.6842041608185685,0.24261036231502794,0.10794892796458763,0.2,9,0.020297567045728392,-0.011299752130913662,-0.00768319290193618,-145.78651194025443,0.6732038794822508,6247,0.005233415402472019,0.015117795206606388,0.0003693837206810713,-0.0005017214571125805,-53.63828623144203,0.030718067660927773,0.0,0.11904881540454194
job_000007,Bulgaria,137,7.089310897435897,True,10,0.04405006078729852,0.30159837880781903,0.6843143025631133,0.24256139988418118,0.1078293883347109,0.2,10,0.011484978542872327,0.0029019171540858443,0.0021284747165044005,36.25900058384188,0.3133504427614879,6172,0.005475855898112059,0.013495102524757385,0.0012903597671538591,0.00020826104446314275,9.168340884310462,0.01735934242606163,0.0,0.2386947662870737
job_000007,Bulgaria,138,7.141057692307692,True,10,0.04493339504487256,0.302531686652406,0.6837971966298928,0.24320323716557707,0.10737372056988097,0.2,9,0.014158673522885837,0.007954193433346163,-0.0013356057329673367,-9.531740502555756,0.5696540857680571,6280,0.007474435027688742,0.019964562729001045,0.0014820403885096312,-0.001534285256639123,-45.9923037176324,-0.019680527970194817,0.019680527970194817,0.2853973875955069
job_000007,Bulgaria,139,7.192804487179488,True,10,0.04613664982339315,0.3006992299851177,0.6833524963184091,0.24163621410151584,0.10711503684122767,0.2,9,0.017631365841279015,-0.006459766013884859,-0.007893499795827572,-129.29570216035506,0.5785031002611939,6417,0.005107893142849207,0.009374701417982578,0.0012613474391400814,-0.0026823056396096945,-64.81486305807029,0.006715255789458752,0.0,0.5802937417820109
job_000007,Bulgaria,140,7.244551282051282,True,10,0.04482506359199639,0.2985959296753927,0.6819670010350383,0.24074662770187927,0.10721699718737751,0.2,10,0.07113729099547661,-0.040646001649685896,-0.026774513992672756,-146.62612781958958,0.6841993318152053,6271,0.005171115044504404,0.00975600816309452,0.0006472429959103465,-0.0034302189014852047,-79.314573367649,0.05005081743001938,0.0,0.675047545220565
job_000007,Bulgaria,141,7.296298076923077,True,10,0.044387055487303644,0.29955965752998814,0.6814858724632842,0.24038113574697345,0.10774538560376898,0.2,10,0.03713677418480606,0.01862391394448807,-0.009297746323152547,-26.530065676107224,0.5605176522599684,6243,0.0036552639212459326,0.010796023532748222,-0.0007483841036446393,-0.0007963608368299901,-133.22107785372648,0.025005459785461426,0.0,0.29897329876113987
job_000007,Bulgaria,142,7.348044871794872,True,10,0.04393819823338089,0.3000758365454007,0.6811920746709332,0.24048842521506533,0.10810777258674704,0.2,10,0.017709303975990187,0.009975091533520906,-0.0056776036676050926,-29.647584340600144,0.6481170370615191,6159,0.006065514404326677,0.012468271888792515,-0.0023392019793391228,-0.00293689570389688,-128.53689860593903,0.005682417191565037,0.0,0.619012095627238
job_000007,Bulgaria,143,7.399791666666666,True,10,0.044176939738184054,0.3004195751320292,0.6812944049423735,0.24055685835844953,0.10807662192232212,0.2,10,0.014162256710356114,0.006642702943829513,0.0019775190269072586,16.57816041339988,0.48938576768465414,6224,0.0025427183136343956,0.007659265771508217,8.016484935069457e-05,-0.0012820784468203783,-86.4221099571219,-0.0047768400982022285,0.0047768400982022285,0.5052003751906764
job_000007,Bulgaria,144,7.451538461538462,True,10,0.04436436757151389,0.3005561289401843,0.6813402312374043,0.2405826256964981,0.1078029888983107,0.2,10,0.008117231660988624,0.0026388843694260477,0.0008855871198247451,18.551314048740572,0.3429147547134638,6204,0.0032133751083165407,0.00684416014701128,-3.4226453863084316e-05,-0.0001663699804339558,-101.62498125910362,-0.010143674910068512,0.010143674910068512,0.0528584773702573
job_000007,Bulgaria,145,7.503285256410257,True,10,0.04217168894599636,0.3019946067030586,0.6814717446764299,0.24189584579923232,0.10779959757408894,0.2,9,0.0047558085162033355,0.0014356333353311261,0.0026850547302727213,61.86766992376842,0.6402191649776526,5903,0.0020274317357689142,0.006414584815502167,0.00013121351366862655,-0.0010013605933636427,-82.53476716507362,-0.020744437351822853,0.020744437351822853,0.49812814068783434
job_000007,Bulgaria,146,7.555032051282051,True,10,0.04407344274084915,0.3001904491358925,0.6806132047377802,0.24083794851411358,0.1080746362997623,0.2,9,0.020206688062429683,0.0006317573599045543,-0.016536133041210297,-87.81209822753661,0.8189465105621281,6172,0.005584102589637041,0.014223524369299412,0.0002063937281491235,-0.003907917067408562,-86.97677494771936,0.009728006087243557,0.0,0.7008043771937053
job_000007,Bulgaria,147,7.606778846153846,True,10,0.043969846796872374,0.30020037656847814,0.6803218605723548,0.2412222488809558,0.1082227168178127,0.2,10,0.009725723750622205,0.00019184632807279876,-0.005630187650218124,-88.04842495933818,0.579232496091061,6211,0.0022769130300730467,0.0070286765694618225,0.00026787022943608463,-0.0017199895810335875,-81.14789834489677,-0.019477125257253647,0.019477125257253647,0.7645103557116684
job_000007,Bulgaria,148,7.6585256410256415,True,10,0.04360325613778168,0.30098754979958486,0.6796062573719259,0.24196629815144238,0.10741019304088724,0.2,10,0.02927690876865322,0.01521201908363599,-0.013828937660812338,-42.27333720046836,0.7022029823703559,6210,0.002186850644648075,0.0058085862547159195,0.0004477822221815586,-0.001038014772348106,-66.66544011395692,-0.027962172403931618,0.027962172403931618,0.5169440190044704
job_000007,Bulgaria,149,7.710272435897436,True,10,0.04243677708306362,0.30267594081843285,0.6818330517057473,0.24169660634002588,0.10756313472982822,0.2,9,0.03779976867811871,0.007233200869543769,0.028934298638443007,75.96445317432428,0.7890181014369064,6020,0.002433744026347995,0.007710139732807875,0.0003774233045987785,-0.000844075926579535,-65.9084907426792,-0.00915859267115593,0.00915859267115593,0.37991456202030127
job_000007,Bulgaria,150,7.762019230769231,True,10,0.04583890001572269,0.3021920463622038,0.6813801574770888,0.24099344738805042,0.10588147627874003,0.2,9,0.011616064427031534,0.0030346115474799967,0.00396089726033158,52.54274170784059,0.4295557203461119,6473,0.0052808127366006374,0.0115314070135355,0.0014649946242570877,-0.0010335065890103579,-35.201738252072275,-0.0022912262938916683,0.0022912262938916683,0.3395044608529767
job_000007,Bulgaria,151,7.8137660256410255,True,9,0.04408173748302028,0.30069044103056486,0.6486397536683159,0.23172774608622201,0.10121704909198445,0.2222222222222222,9,0.008467495294913566,0.004851451323851285,0.0037052170145519484,37.37019304745477,0.7209362121265117,6253,0.0015749727608636022,0.004223850555717945,-1.9261919078417122e-05,-0.0004942784435115755,-92.23167431184595,-0.017449799925088882,0.017449799925088882,0.31407122061533455
job_000007,Bulgaria,152,7.86551282051282,True,10,0.04736074545526429,0.30252577686976495,0.681285972223976,0.24078158916666745,0.1055826148050338,0.2,9,0.004936223730085998,0.0025307642796472043,0.00077113558421048,16.946221283628663,0.5359646264522044,6725,0.0021503169555217028,0.005093741230666637,0.0003917155845556408,-6.924328044988215e-05,-10.024575672936686,-0.017433559522032738,0.017433559522032738,0.18499065902009768
job_000007,Bulgaria,153,7.917259615384616,True,10,0.04786822659696952,0.30251506160681657,0.6812968825608694,0.24067021348786885,0.10559415029938732,0.2,10,0.0040257520320551516,-0.0002070710461377817,0.00021084082444939434,134.48317685129928,0.0734074870311086,6837,0.0011947894236072898,0.002488811267539859,0.0002376250340603292,-0.00045356585178524256,-62.34977022248785,-0.003977341577410698,0.003977341577410698,0.428563062280916
job_000007,Bulgaria,154,7.96900641025641,True,10,0.047341472752420996,0.3011778253362484,0.6811016287881936,0.24025102936410775,0.10560928048185661,0.2,10,0.029401592187771525,-0.02584191492209839,-0.0037732534577181198,-171.69278000190016,0.8882489706501234,6709,0.001978123327717185,0.004885015077888966,0.0003573526628315449,-0.0005564931780099869,-57.29341007612898,-0.011464870534837246,0.011464870534837246,0.33433270897405676
job_000007,Bulgaria,155,8.020753205128205,True,10,0.046772634927468304,0.3005406289904577,0.6807602964802445,0.24005025663941867,0.10605802298352214,0.2,10,0.017172431231498753,-0.01231373551481607,-0.006596201925059037,-151.82300828990967,0.8134654214042455,6689,0.0009161321213468909,0.0020199990831315517,0.00042187413782812655,-3.935027416446246e-05,-5.328840620626287,-0.012042934074997902,0.012042934074997902,0.46249372804089844
job_000007,Bulgaria,156,8.0725,True,10,0.04682733165730218,0.30099694529711396,0.6812536387342116,0.24002741935194885,0.10554142556736264,0.2,10,0.017560819288054367,0.008818252565918719,0.009533774124356052,47.23275673899138,0.7395271103542919,6597,0.0013769518118351698,0.0027582242619246244,0.0005001416429877281,-0.00014372011355590075,-16.032471696686784,-0.014377539977431297,0.014377539977431297,0.37792297095981275
job_000007,Bulgaria,157,8.124246794871794,True,10,0.043724330711471526,0.3022567424888808,0.6815147576637125,0.24140842308850197,0.10686953290349736,0.2,9,0.014497062903931247,-0.0016537563900642868,-0.0049291062612805015,-108.5470337423876,0.3586336388231719,6180,0.0014426702400669456,0.003116374835371971,0.0006825931486673653,-0.0002723840589169413,-21.754127850561936,-0.023052237927913666,0.023052237927913666,0.5094254789446317
job_000007,Bulgaria,158,8.17599358974359,True,10,0.04636796220423212,0.30172071731181993,0.6802679001752134,0.24127323669260917,0.10460260508637642,0.2,9,0.02057012680644659,0.005984629267212733,0.0008766165126298762,8.333309004514819,0.29404247754225316,6466,0.002829659730195999,0.004153483547270298,0.0014765375526621938,-0.0009540279279462993,-32.867515744900565,-0.05013899877667427,0.05013899877667427,0.6212528378314353
job_000007,Bulgaria,159,8.227740384615386,True,10,0.04303721724918264,0.3022754758333776,0.6804934602098316,0.24276036004662535,0.10820767048916617,0.2,9,0.034409937949943264,-0.005453628948290065,-0.023803584415131553,-102.90430037229386,0.7096883978756506,6040,0.0008464153506793082,0.0015863439766690135,9.17357683647424e-05,-0.00014071757323108613,-56.89910380425201,-0.019191721454262733,0.019191721454262733,0.1984590989966961
job_000007,Bulgaria,160,8.27948717948718,True,10,0.04207605224590371,0.302873350214821,0.682670428100334,0.24261317349742692,0.10840167975980956,0.2,10,0.05289042503177997,0.011553843729350952,0.04206961795210868,74.64312453366091,0.8248625633025111,5924,0.0019705200102180243,0.004313931334763765,0.00017687185027170926,-8.259593596449122e-05,-25.031718792768718,-0.010335296392440796,0.010335296392440796,0.09906365578288504
job_000007,Bulgaria,161,8.331233974358975,True,10,0.04121038789997367,0.3026594399799213,0.6819119479641464,0.24173326673214826,0.10853589122353273,0.2,10,0.03260466905174974,-0.004133787134638234,-0.014657528800898675,-105.74976998791917,0.4670893105315287,5807,0.001058779307641089,0.002184803131967783,0.0003958283341489732,-9.782687266124412e-05,-13.882166712870408,-0.004762837663292885,0.004762837663292885,0.3851018458356723
job_000007,Bulgaria,162,8.38298076923077,True,10,0.040369156167136586,0.3025220002227319,0.6813341123344455,0.24134462062969797,0.10891892897554507,0.2,10,0.019485513162286805,-0.002656005217905141,-0.011166597489423096,-103.37934543851811,0.5890592139152662,5707,0.0051992470398545265,0.009560470469295979,0.00024674838641658425,-0.001613670727238059,-81.30617334812281,0.027175238355994225,0.0,0.31397373686673746
job_000007,Bulgaria,163,8.434727564102564,True,10,0.03957888554366167,0.30268673443106836,0.6803729491019495,0.24193771999399805,0.10957373669004951,0.2,10,0.022962160109385,0.003183466893835092,-0.01857435295997311,-80.27454275880518,0.8207061653133173,5608,0.001476589124649763,0.003782256506383419,0.00017479527741670609,2.4957393179647624e-05,8.125810409867645,0.006395997013896704,0.0,0.11957829182976878
job_000007,Bulgaria,164,8.486474358974359,True,10,0.039616784947113015,0.301994814234,0.6789542258372624,0.24232297242344902,0.10948511040473444,0.2,10,0.03657690195644519,-0.013371266738019116,-0.02741664035815285,-115.99878069882313,0.833955010750533,5660,0.0011099041439592838,0.003212333656847477,-9.934511763276532e-05,0.00024660510825924575,111.9420907285598,0.003311394713819027,0.0,0.23953757462875092
job_000007,Bulgaria,165,8.538221153846154,True,10,0.04132796577246291,0.30188720302607325,0.6771402866343907,0.24265365898133054,0.10792857950620656,0.2,9,0.025890111058566537,0.004700883839319238,-0.0018802851344658983,-21.800690780111513,0.1955565747918279,5849,0.0011810357682406902,0.0029350966215133667,-6.327485607471317e-05,0.0003868841740768403,99.28848200723762,0.0006480400334112346,0.0,0.33193264400592565
job_000007,Bulgaria,166,8.589967948717948,True,10,0.037922855207003815,0.30043601132116243,0.6789681948604103,0.2422995877911283,0.10896069355234321,0.2,9,0.0538720321619449,-0.038406748460263734,0.005530060405344475,171.80648404320257,0.7202778889645898,5391,0.0017523432616144419,0.004146179184317589,4.621823609340936e-05,0.0007826050277799368,86.62021380347224,-0.007367430720478296,0.007367430720478296,0.4473830043467325
job_000007,Bulgaria,167,8.641714743589743,True,10,0.037096774832469454,0.30005491146689733,0.6787203850786945,0.2422181348884469,0.10864867172015562,0.2,10,0.025238249486964754,-0.007364704523425694,-0.004788891415010685,-146.966106147197,0.3480740479285467,5256,0.0012292586034163833,0.003382057184353471,0.000173525171703659,-5.449415766634047e-05,-17.434468716638307,-0.0022503600921481848,0.0022503600921481848,0.14795969321775262
job_000007,Bulgaria,168,8.693461538461538,True,10,0.03688515797239442,0.2989363960644163,0.678268310081734,0.24192262557675695,0.10897404162792963,0.2,10,0.03538225968380223,-0.021615162934288872,-0.008736289814285888,-157.99271496686893,0.6589150113567424,5211,0.0016315000830218196,0.0036419969983398914,-0.00016988649440463632,0.00023580480774398893,125.77101133681307,-0.000245446601184085,0.000245446601184085,0.17813618087184982
job_000007,Bulgaria,169,8.745208333333334,True,10,0.036302479634451025,0.2994507221637116,0.6785118471269124,0.24203172196817235,0.10859060888038286,0.2,10,0.021535303750812786,0.00993928417343649,0.004706321343799877,25.337886007847878,0.510660046528434,5166,0.00106469274032861,0.002358557190746069,-0.0003126707160845399,0.00032616278622299433,133.79010138592014,-0.001840322627685964,0.001840322627685964,0.4243705422392404
job_000007,Bulgaria,170,8.796955128205129,True,10,0.036480195231534056,0.29897025212383543,0.6781717573175736,0.24258162704157735,0.10874362186754612,0.2,10,0.02695276181726492,-0.009285020281286246,-0.006572190802953208,-144.7080980092083,0.4220585938965958,5092,0.002886555390432477,0.0034585176035761833,0.00018517706484999508,-0.0006878473213873804,-74.93249034668429,-0.044155046343803406,0.044155046343803406,0.24677764376348138
job_000007,Bulgaria,171,8.848701923076923,True,10,0.03654160731915422,0.29880937774100325,0.6781011843692616,0.24276267419075692,0.10888210751188887,0.2,10,0.010588303312448286,-0.0031088762739937873,-0.0013638129373421382,-156.31372816891772,0.32062392685832136,5143,0.0014349711127579212,0.0021791947074234486,0.0002291781856911257,-0.0006504810298793018,-70.59156419200843,-0.015987593680620193,0.015987593680620193,0.4806177161706966
job_000007,Bulgaria,172,8.900448717948718,True,10,0.036114712474043284,0.299723090694601,0.6787999277374076,0.24272643455947437,0.10860753723497255,0.2,10,0.023304027676318548,0.017657382565656042,0.013503123621034155,37.40621516026324,0.9538588933331489,5094,0.0016171656316146255,0.004405998159199953,9.984459029510617e-05,-0.00017376059258822352,-60.11789010520213,-0.008175322785973549,0.008175322785973549,0.12392287023795083
job_000007,Bulgaria,173,8.952195512820513,True,10,0.037967094713922726,0.2992208799618759,0.6776099342065538,0.24252136354418427,0.10690747111203222,0.2,9,0.011350860328625138,0.006921552871331687,0.00723144866887024,46.254354735450015,0.8818787147224944,5350,0.0015957884024828672,0.004703911021351814,-0.0001777397992555052,-0.0003508740628603846,-116.86508411180905,-0.015123185701668262,0.015123185701668262,0.24647650609078536
job_000007,Bulgaria,174,9.003942307692308,True,10,0.0368020925512471,0.2996532816372773,0.679738884992463,0.24335863818482972,0.10813660700042835,0.2,9,0.051239436579640404,-0.008619603173077313,0.01301829426739695,123.5091257331623,0.3047115668570651,5179,0.0025817272253334522,0.0055133807472884655,-0.0004253862425684929,0.00033952845842577517,141.40435358314744,-0.01447412371635437,0.01447412371635437,0.21081736722497585
job_000007,Bulgaria,175,9.055689102564102,True,10,0.038463374643922146,0.3013631727491898,0.6808085371943431,0.24285226206692628,0.10794380253075811,0.2,10,0.0707731090395645,0.03304342068236153,0.020670888014034192,32.028756513448656,0.5507221203873278,5381,0.0009827781468629837,0.0019644254352897406,-0.00017103725986089557,-0.00021181251213420182,-128.9206546898183,-0.015692800283432007,0.015692800283432007,0.27701748922035274
job_000007,Bulgaria,176,9.107435897435897,True,10,0.0412079609027797,0.3019529570538827,0.6797417402211362,0.2427768923687778,0.10650571615197794,0.2,9,0.05070976904120869,0.03414560148377857,0.008447492938247685,13.895748011731268,0.6936537789074823,5798,0.0010393493575975299,0.002375084673985839,-6.427958578569815e-05,-0.0002918499812949449,-102.42101071871103,-0.007854903116822243,0.007854903116822243,0.2875307536929739
job_000007,Bulgaria,177,9.159182692307692,True,10,0.04148040425565136,0.29971030010755667,0.6791064998418285,0.24306182614436697,0.10638378925675178,0.2,10,0.05355672761276292,-0.043339050309921676,-0.01227593671997541,-164.1850415254229,0.8410541990958966,5865,0.0005384061369113624,0.0011416433844715357,-0.00019878207240253687,-7.175501377787441e-05,-160.15177281811927,-0.0005831036833114922,0.0005831036833114922,0.39252236118399736
job_000007,Bulgaria,178,9.210929487179488,True,10,0.041196395670226045,0.2997861708418299,0.6796207695657082,0.24306056215350533,0.10614772186923174,0.2,10,0.0323350931654227,0.0014661919537463032,0.009938194725951754,81.60763381232381,0.31067691318565566,5805,0.0014927297597751021,0.003105524927377701,-0.0003810901544056833,0.0004648246103897691,129.3468858728342,-0.002042224630713463,0.002042224630713463,0.4026685914526724
job_000007,Bulgaria,179,9.262676282051283,True,10,0.040946922706887615,0.2998024068002869,0.6797517274290993,0.2431185580670187,0.10603269954431897,0.2,10,0.01328388303981455,0.0003137577602099082,0.0025307434733959438,82.9326185261414,0.19197089460622824,5744,0.0009743348928168416,0.0027700150385499,-0.00030699983472004533,0.00011058647942263633,160.19013091514685,-0.003945411182940006,0.003945411182940006,0.3349054640796272
job_000007,Bulgaria,180,9.314423076923077,True,10,0.041726739119442566,0.300767779520415,0.6791174817805791,0.24322891885232326,0.10671035266527566,0.2,10,0.056071401675239885,0.018655700754410164,-0.01225671367843063,-33.30473863527674,0.39809576565920174,5891,0.0014635517727583647,0.0032207064796239138,-0.00015502050518989563,-0.00015920217265374959,-134.23755422088087,-0.0012679756619036198,0.0012679756619036198,0.15182835663835378
job_000007,Bulgaria,181,9.366169871794872,True,10,0.041862665719308564,0.30205695914768393,0.6795771234714736,0.24315763321713282,0.10673974179983925,0.2,10,0.029810624238015875,0.024913226615541136,0.00888251517863445,19.623089249039076,0.8872456478134573,5916,0.001193209900520742,0.0030716550536453724,-0.00016864013741724193,0.0002462106349412352,124.40890249986825,-0.0028674679342657328,0.0028674679342657328,0.25010506104215113
job_000007,Bulgaria,182,9.417916666666667,True,10,0.04193360533420917,0.2997424061625342,0.6790452787223864,0.24317128241444083,0.10649400196616839,0.2,10,0.05053614434518607,-0.044728431797256586,-0.010277829774864572,-167.05904878059803,0.9081436385699516,5940,0.0019188784062862396,0.00502657750621438,-7.740295586700086e-06,6.156497693154961e-05,97.16594866886834,-0.004029157571494579,0.004029157571494579,0.032336413672304935
job_000007,Bulgaria,183,9.469663461538461,True,10,0.042172892605733495,0.3012289650907013,0.6792590567544512,0.24287139515007833,0.1067420929461174,0.2,10,0.03835813808944131,0.028727555626393047,0.00413123233225476,8.183446675519779,0.7566343845239293,5953,0.0006982203922234476,0.001629185862839222,6.285423296503723e-05,0.00017239185399375856,69.96809661454729,-0.008966426365077496,0.008966426365077496,0.2628006820457985
job_000007,Bulgaria,184,9.521410256410256,True,10,0.042852291456105474,0.30186697956240943,0.6789321895223944,0.24293420340448704,0.10684759693199972,0.2,10,0.018397685902247267,0.012329545690488775,-0.006316666237332243,-27.126946799239366,0.7529993820725063,6014,0.0007419507601298392,0.0014439377700909972,0.00016278147813864052,0.0002297175524290651,54.678012540248226,-0.012610724195837975,0.012610724195837975,0.3794667837139156
job_000007,Bulgaria,185,9.57315705128205,True,10,0.04334284412851997,0.3021158835654731,0.6787717572090725,0.2430013618393434,0.10689823883735594,0.2,10,0.007924113531324379,0.004810037098535986,-0.0031003333388929253,-32.804005618956495,0.7221795298943305,6117,0.0008144167950376868,0.0017789755947887897,0.0001423774374416098,7.0458474510815e-05,26.3294762723015,-0.008184043690562248,0.008184043690562248,0.19505685891357813
job_000007,Bulgaria,186,9.624903846153845,True,10,0.04368583368287756,0.30212071119635653,0.6787121395998407,0.24306690011194096,0.10694479296671995,0.2,10,0.00458065892298776,9.329333141112612e-05,-0.0011521024515542772,-85.37048424384999,0.2523378376685906,6161,0.002260314766317606,0.0057088760659098625,0.0008303016074933112,-2.0205790860927664e-05,-1.394045334170418,-0.025536268949508667,0.025536268949508667,0.3674476857483525
job_000007,Bulgaria,187,9.676650641025642,True,10,0.04394019988913629,0.3020104797685899,0.6786987832201508,0.24312002399076124,0.10704212904890191,0.2,10,0.003988265646559774,-0.002130207832962746,-0.00025811027954757875,-173.09133696399854,0.5380253558193392,6206,0.0029715588316321373,0.006144202314317226,-0.00025083200307562947,-0.0021013696677982807,-96.8069584848937,0.025883475318551064,0.0,0.7121807912826562
job_000007,Bulgaria,188,9.728397435897437,True,10,0.043945167806977735,0.3018747163686425,0.6784042756760498,0.24328146678294582,0.10716358409175838,0.2,10,0.008135544146816614,-0.0026236098348470563,-0.005691319526754745,-114.74896710138333,0.770315134557773,6174,0.0028452053666114807,0.007049479056149721,-0.0011340571800246835,-0.00034745634184218943,-162.9658028733662,-0.0019131553126499057,0.0019131553126499057,0.41687355962202766
job_000007,Bulgaria,189,9.780144230769231,True,10,0.043981450104822295,0.3018965903418954,0.6783599383852825,0.24337583952359737,0.10729316266840798,0.2,10,0.003051628840602499,0.00042271165406866304,-0.0008568123084170068,-63.74039486905016,0.31308270146111805,6239,0.002196158980950713,0.0073381890542805195,-8.570354839321226e-05,0.0009993334533646703,94.90173306776022,-0.029346588999032974,0.029346588999032974,0.4567072457643503
job_000007,Bulgaria,190,9.831891025641026,True,10,0.044284575971692636,0.30134845814314937,0.6795710648216933,0.24244242728492887,0.1067233275239818,0.2,10,0.04134182170831461,-0.010592582595774454,0.023404858975542075,114.35057978732954,0.6214112959011925,6206,0.006581472232937813,0.01801232621073723,0.00048479432007297873,0.0008011445170268416,58.82072785492145,-0.09719838947057724,0.09719838947057724,0.14227926017335676
job_000007,Bulgaria,191,9.88363782051282,True,10,0.044387943767521164,0.3015693118170391,0.680007386202193,0.24198075949337586,0.10586523842474574,0.2,10,0.023790261021272397,0.004267968179225963,0.008431853249673786,63.1527433319816,0.3972418308612264,6268,0.0032429825514554977,0.009290802292525768,0.00023738898744340986,-0.0007503533270210028,-72.44421158772334,-0.02770271524786949,0.02770271524786949,0.24268070915511059
job_000007,Bulgaria,192,9.935384615384615,True,10,0.043407943082719315,0.30229783445598657,0.6796419672742043,0.2429888786784542,0.1066718565581261,0.2,10,0.04766163800507182,0.014078604109731696,-0.007061672687053914,-26.637838391600877,0.33046231158555267,6135,0.0022828211076557636,0.005987150594592094,-0.00040262032416649163,-0.00022749636264052242,-150.5318388044761,-0.025689497590065002,0.025689497590065002,0.20257721075516427
job_000007,Bulgaria,193,9.98713141025641,True,10,0.04261301006406933,0.2996053912100862,0.679156014484574,0.24403629725604228,0.10726923812123743,0.2,10,0.06968428683474964,-0.05203111134846217,-0.009390973698651824,-169.76896441942847,0.7587334184479634,6042,0.005660292226821184,0.01326397992670536,-0.0007040514028631151,-0.002940300153568387,-103.46586922744136,-0.03449152782559395,0.03449152782559395,0.534145124926821
job_000007,Bulgaria,194,10.038878205128205,True,10,0.042042974539909406,0.29851701678744214,0.678935302193457,0.24434290104027204,0.10708399948864042,0.2,10,0.027905604871491685,-0.021032692466085846,-0.004265235975748881,-168.5364008002741,0.7690501843042418,5912,0.00526551716029644,0.015917103737592697,0.00017676576680969447,0.0002646243665367365,56.25757215966632,-0.04436467960476875,0.04436467960476875,0.060437163301861656
job_000007,Bulgaria,195,10.090625,True,10,0.041174825913344024,0.2990610699948931,0.6795443924632074,0.24432245478259104,0.10684394372654157,0.2,10,0.02946333083224001,0.010513756625872844,0.011770589294649147,48.22805070180353,0.5356642797111811,5844,0.0014438622165471315,0.004927492700517178,0.00014334157458506525,-0.00015337626973632723,-46.93694666230472,-0.014400847256183624,0.014400847256183624,0.14539555514594327
job_000007,Bulgaria,196,10.142371794871796,True,10,0.041101079269701545,0.2988949444162946,0.6792589205808042,0.2442011465949343,0.10674488896610419,0.2,10,0.009135236377197051,-0.0032103549410181223,-0.0055167065537171005,-120.19654801646853,0.6987036550868614,5788,0.001390816061757505,0.004773897118866444,-0.00041860947385430336,-0.00025851561804302037,-148.30226523072974,7.881126657593995e-05,0.0,0.35374930835155305
job_000007,Bulgaria,197,10.19411858974359,True,10,0.04094000348781211,0.2986930960926303,0.6791804530813461,0.24401824779737805,0.10668265148350671,0.2,10,0.005615867446931067,-0.0039006922875980663,-0.0015163740991613862,-158.7566627340046,0.7452219322021012,5869,0.0013463892973959446,0.0036665296647697687,-0.00029982582782395184,-0.0002058637619484216,-145.52607261843502,-0.0009347230079583824,0.0009347230079583824,0.2701275729231994
job_000007,Bulgaria,198,10.245865384615385,True,10,0.04058327393549587,0.29828602338190796,0.6789538410605681,0.24398336191477493,0.10671576518316161,0.2,10,0.011446130438565263,-0.00786662655592312,-0.004379247474925534,-150.89588911004267,0.7865909646708522,5795,0.00235091638751328,0.0062950775027275085,-0.0003868454659823328,0.000335448858095333,139.07016008866827,-0.0028175492770969868,0.0028175492770969868,0.21780043644469113
job_000007,Bulgaria,199,10.29761217948718,True,10,0.040059221763652876,0.29885667122535164,0.6794433456191035,0.24381461296770454,0.10646961970348398,0.2,10,0.02205690629234603,0.01102769446605378,0.009459611165253509,40.62315677032037,0.6587090700711319,5681,0.0014109754702076316,0.0030289252754300833,0.00016565083933528513,0.00042837182991206646,68.85857743566122,0.005321591626852751,0.0,0.3255087817502428
job_000007,Bulgaria,200,10.349358974358974,True,10,0.03968659374990028,0.2990316266347127,0.679689584773668,0.2437373323702881,0.10621508939057293,0.2,10,0.01031393838266571,0.0033809902583253073,0.004758539252037329,54.605821093844675,0.5659682485460781,5601,0.003942506853491068,0.00588034326210618,-0.0016812122194096446,0.001199027756229043,144.5038235025325,0.06924979388713837,0.0,0.5237733251529377
job_000007,Bulgaria,201,10.40110576923077,True,10,0.04058868616084013,0.2982582120073046,0.6806876646852761,0.242792747940074,0.1057290084203325,0.2,10,0.05679579783525428,-0.014946135878064305,0.019287762924850675,127.77219435511701,0.42962540294424734,5760,0.0046852813102304935,0.01405244693160057,-0.001852304209023714,-0.00044399852049537003,-166.52048526189697,0.023513203486800194,0.0,0.40654430077338155
job_000007,Bulgaria,202,10.452852564102564,True,10,0.04165634356363628,0.29818437847362556,0.6811280888723354,0.2424364162110729,0.10413015132147893,0.2,10,0.021575722507347465,-0.0014268233203993032,0.008511139446422317,99.51667841475714,0.39998236093321926,5881,0.004827847704291344,0.012181391939520836,0.0008363400120288134,0.0012887866469100118,57.01901055184086,-0.004945886787027121,0.004945886787027121,0.3182310265138454
job_000007,Bulgaria,203,10.504599358974358,True,10,0.04118147458178618,0.2991230870694128,0.6828050777128721,0.24263644535537138,0.10551454969619241,0.2,10,0.04123597416714613,0.018140420061047723,0.03240758861861022,60.76171256039263,0.9006525919712851,5781,0.0014076404040679336,0.0036839996464550495,0.00033085639006458223,7.286995241884142e-05,12.420887656231042,0.006743866950273514,0.0,0.24067655268551078
job_000007,Bulgaria,204,10.556346153846153,True,10,0.04117365946819677,0.2983200193580332,0.6829208747453454,0.24255721619414622,0.10713890559878432,0.2,10,0.033466167459871916,-0.015519177822882202,0.002237762411372083,171.79488325070204,0.4685234148865663,5851,0.0018823286518454552,0.004048982169479132,0.00010761606972664595,-0.00025032172561623156,-66.73659769363343,0.009959065355360508,0.0,0.1447537818464993
job_000007,Bulgaria,205,10.60809294871795,True,10,0.04069946139007518,0.29833721834420784,0.6810350296877724,0.2435479630678799,0.1062814917472851,0.2,10,0.06806224747247278,0.0003323681441002115,-0.03644370752324029,-89.47747456980285,0.5354689927362023,5813,0.0014062628615647554,0.0032719180453568697,0.00016501962090842426,-0.0004840729816351086,-71.17584765915993,0.009953581728041172,0.0,0.36367847874143683
job_000007,Bulgaria,206,10.659839743589744,True,10,0.04155477420246876,0.29751795725996655,0.6809767291961552,0.24288265139535253,0.10555888537002267,0.2,10,0.04605988649305834,-0.01583211262206926,-0.0011266493270106438,-175.92956308906193,0.34459810212403463,5899,0.0051573398523032665,0.011073804460465908,-6.407603359548375e-05,-0.0018031438812613487,-92.035190951047,0.00806956272572279,0.0,0.3498474151492013
job_000007,Bulgaria,207,10.711586538461539,True,10,0.042262535985763384,0.2971222337425151,0.6809878480224557,0.2425488730098263,0.10477618232871577,0.2,10,0.016434633455778773,-0.0076473048897394685,0.00021486985480066362,178.39055748537555,0.4655000650617433,5945,0.0030707125551998615,0.007205239962786436,-0.00033722762600518763,-0.0008743793005123734,-111.09045933248946,0.009950286708772182,0.0,0.30519175087509154
job_000007,Bulgaria,208,10.763333333333334,True,9,0.03979412609328079,0.2697039524689739,0.6932084787086099,0.2373291671043866,0.1067714631823995,0.2222222222222222,9,0.00880003606637303,0.0006556871772711236,0.001220594904803561,61.75590559102603,0.15744939909053443,5664,0.002217798260971904,0.004291535820811987,-0.0003039109578821808,-0.001169912749901414,-104.5619968247393,0.005840953439474106,0.0,0.5450190055689474
job_000007,Bulgaria,209,10.815080128205128,True,9,0.04009390545427539,0.26976422503401,0.6932206766829301,0.2373840422646369,0.1067529429793086,0.2222222222222222,9,0.0038928818687150642,0.0011647593862656948,0.00023572424824407388,11.44100296228976,0.3052681853902748,5653,0.002932852366939187,0.005044417921453714,0.0011321777710691094,0.0007678689435124397,34.14602089933683,0.024064311757683754,0.0,0.4664432595113334
job_000007,Bulgaria,210,10.866826923076923,True,10,0.043178191782209725,0.2974018239217951,0.6811896648668743,0.24291546662108005,0.10463232857589119,0.2,9,0.005170296471144967,-0.0024484143244474497,0.0009806494151333636,158.172698860583,0.5101254760634337,6034,0.0056732576340436935,0.008659254759550095,0.0012310125166550279,0.002331929747015238,62.17068031385954,-0.001733995508402586,0.001733995508402586,0.4647962417636956
job_000007,Bulgaria,211,10.918573717948718,True,10,0.04427284762896682,0.29830665740951645,0.6794770078251222,0.24546910782326148,0.10697964745918782,0.2,9,0.03987785173254315,-0.000562482365615498,-0.037521979710980216,-90.85884199251676,0.9410285122731148,6228,0.001776177086867392,0.0037993798032402992,0.000167815072927624,0.000771130493376404,77.72259746958642,-0.009375453926622868,0.009375453926622868,0.4443134712681904
job_000007,Bulgaria,212,10.970320512820512,True,10,0.04156745836725511,0.2982321784746886,0.6795306988100573,0.24519987321267786,0.10681558332802218,0.2,9,0.03892223208709634,0.017068046258014908,0.001389085167348566,4.652769956697626,0.43996650468035886,5908,0.0015407318715006113,0.0037954228464514017,0.00022871565306559205,-0.00035789189860224724,-57.41883845395403,0.005208148155361414,0.0,0.27566913530291715
job_000007,Bulgaria,213,11.022067307692307,True,10,0.04153686398792403,0.300643658962533,0.6795740089653677,0.2454092619213472,0.1071403472959721,0.2,10,0.053024005022545104,0.046601543029264406,0.0008369630509028059,1.02892076583695,0.8790180659818471,5922,0.002033952856436372,0.004186970181763172,0.000726626138202846,0.000164535638759844,12.758770749699465,0.009012737311422825,0.0,0.36629257339583043
job_000007,Bulgaria,214,11.073814102564103,True,10,0.04152210109886866,0.2988762985704695,0.6791223778212487,0.24540470505595557,0.1077095180272896,0.2,10,0.04740050079189215,-0.03415400695718948,-0.008727712416541982,-165.66540518259353,0.7436949445500579,5926,0.0047490522265434265,0.007374813314527273,0.0014014476910233498,0.0013748826459050179,44.45178767107747,-0.004566672258079052,0.004566672258079052,0.4133986699507851
job_000007,Bulgaria,215,11.125560897435898,True,10,0.0424147244855358,0.2981943341324761,0.6804693043963915,0.24402051615242443,0.10614283400377993,0.2,10,0.051985391693344186,-0.013178873004270364,0.026029178782565932,116.85361885530068,0.5612220187555242,6048,0.0011109322076663375,0.0028086190577596426,0.00017900753300637007,0.00026626442559063435,56.087361905768354,-0.011373698711395264,0.011373698711395264,0.28880549678907047
job_000007,Bulgaria,216,11.177307692307693,True,10,0.042318391062088394,0.2986542560557225,0.6813679491095999,0.24304293303908717,0.10432412186656274,0.2,10,0.0415684595131907,0.00888793063195292,0.017366190803408853,62.89685780329211,0.4693091159390176,6034,0.0014657212886959314,0.003103567287325859,0.0001266640902031213,-8.420385711360723e-05,-33.61519762668178,0.0012155866716057062,0.0,0.10377069680940992
job_000007,Bulgaria,217,11.229054487179488,True,10,0.042835718251136495,0.30021127230841255,0.6819732332718127,0.24324239443240928,0.10425663793829007,0.2,10,0.04300681020685799,0.030089134149228723,0.011697036767442867,21.243404023416375,0.7506430010818258,6066,0.0007741564186289907,0.0018544262275099754,-1.086411066353321e-05,0.00012612786667887121,94.92306011161385,-0.0014913344057276845,0.0014913344057276845,0.16352624973010976
job_000007,Bulgaria,218,11.280801282051282,True,10,0.04318506843546511,0.3001560050344539,0.6818074246653779,0.2432934980567534,0.10309290803721045,0.2,10,0.02755618283670047,-0.0010680327949899196,-0.0032042294956720584,-108.43424549121883,0.12256924882256952,6058,0.002766149118542671,0.004336945712566376,0.0011377903865650296,-0.0008133584051392972,-35.55937875271475,-0.05065355449914932,0.05065355449914932,0.5056174238610106
job_000007,Bulgaria,219,11.332548076923077,True,10,0.043685679860150546,0.2995133347168054,0.6810915449731983,0.24317648804913194,0.10385273708966762,0.2,10,0.03474408276347064,-0.012419519300484435,-0.013834280827503764,-131.91543558589524,0.5350889550630241,6205,0.0023278139997273684,0.003235568990930915,0.0009954975685104728,-0.0013830666430294514,-54.25458270846727,-0.05806896463036537,0.05806896463036537,0.7320516286962291
job_000007,Bulgaria,220,11.384294871794872,True,10,0.044003852682393756,0.29927485112733265,0.6813674603432933,0.24390857956627823,0.10434113494525676,0.2,10,0.02543589976719001,-0.0046086639774218455,0.005332028211187032,130.83803680755358,0.27707754039448984,6201,0.0033463086001574993,0.0028090861160308123,0.0012488504871726036,-0.002167742233723402,-60.05347392369514,-0.05139600485563278,0.05139600485563278,0.7476137067249912
job_000007,Bulgaria,221,11.436041666666666,True,10,0.043911043207570395,0.3005264485516334,0.6818877569679868,0.24392204077729207,0.1035177301129379,0.2,10,0.02984101261678799,0.024186955489738794,0.010054663790918444,22.57295171029677,0.8777720766346647,6161,0.002594673540443182,0.0022786546032875776,0.001508452114649117,-0.00014908373123034835,-5.644341361268524,-0.06355490535497665,0.06355490535497665,0.584197329320587
job_000007,Bulgaria,222,11.487788461538461,True,10,0.044370730049166446,0.3025018447176759,0.682630459801341,0.24452404502592104,0.10391689951343305,0.2,10,0.050022316143510694,0.038174270907725946,0.014352634500246228,20.605088472067177,0.8153010134198391,6200,0.007387699093669653,0.02249276079237461,0.0011855909833684564,0.0052902838215231895,77.36831162944695,-0.10928460955619812,0.10928460955619812,0.7338558429833285
job_000007,Bulgaria,223,11.539535256410257,True,10,0.045078997201687614,0.30236512988845343,0.6825886032070512,0.2448022097885379,0.10560427524587832,0.2,10,0.03967991231801737,-0.002641996080359117,-0.0008088731754977948,-162.977514069563,0.06963335091935387,6273,0.0038335719145834446,0.010923673398792744,0.00024317119095940143,0.0029667529743164778,85.31420149561752,-0.051650892943143845,0.051650892943143845,0.776482657466514
job_000007,Bulgaria,224,11.591282051282052,True,10,0.04440070488825461,0.30057077375958774,0.6812504674720123,0.2461572006871856,0.10819347974162444,0.2,10,0.07142269540087257,-0.03467569601772042,-0.025859296954605655,-143.28637479959642,0.6056379647631421,6211,0.0034922254271805286,0.0067507498897612095,-0.0008024915005080402,0.002027032198384404,111.5983549532048,-0.02941107377409935,0.02941107377409935,0.6242734740960497
job_000007,Bulgaria,225,11.643028846153847,True,10,0.04446736709705784,0.30060510784908845,0.682599846799518,0.24509035267207172,0.10598131785970366,0.2,10,0.054867854601101974,0.0006635017605588266,0.0260765778991476,88.5424602147823,0.4754153030197075,6258,0.002657369477674365,0.006592306774109602,-4.506032928475179e-05,0.0009464746108278632,92.72571363035553,-0.026709455996751785,0.026709455996751785,0.3565731604989257
job_000007,Bulgaria,226,11.694775641025641,True,10,0.044997581960000664,0.29972358565967305,0.6824966641529093,0.244863583967468,0.10590394414812457,0.2,10,0.028218066102264037,-0.01703530028476915,-0.0019939910648414287,-173.32387704702774,0.6078234448591348,6267,0.0020220750011503696,0.004132638219743967,-2.6431212972966023e-05,0.0003897008136846125,93.8801078603609,-0.04403412714600563,0.04403412714600563,0.19316599295963763
job_000007,Bulgaria,227,11.746522435897436,True,10,0.04539148843564326,0.2993804029527675,0.6824680407464957,0.24475685851691267,0.10576194474947209,0.2,10,0.010915768722425178,-0.006631960641345828,-0.0005531435615390396,-175.23223854936214,0.6096673999704442,6364,0.0009733569459058344,0.0018127431394532323,-0.00010355682024965063,0.0003316552611067891,107.34057509601817,-0.009448996745049953,0.009448996745049953,0.3569571545357036
job_000007,Bulgaria,228,11.79826923076923,True,10,0.04553461441842207,0.29932472263856325,0.6826684219246107,0.24479287184248832,0.10626236650824314,0.2,10,0.011679986369045142,-0.0010760147433722795,0.0038723398929620114,105.52912149603861,0.34409779864723283,6355,0.001615165383554995,0.003531356807798147,-0.00013308480265550315,0.0006494181579910219,101.58123823200125,-0.012376904487609863,0.012376904487609863,0.4104312858318048
job_000007,Bulgaria,229,11.850016025641025,True,10,0.045723516162009814,0.30182110912986443,0.6832361918968919,0.2444919370110043,0.10557557157963568,0.2,10,0.06230138561108267,0.04824234037076305,0.0109720799846248,12.813200709778773,0.7941129354817531,6373,0.0016413554549217224,0.004433339927345514,-6.674321775790304e-05,0.000685863895341754,95.55810232654119,-0.008815990760922432,0.008815990760922432,0.4198382015341885
job_000007,Bulgaria,230,11.90176282051282,True,10,0.04557643447900408,0.3014699074148851,0.6830159643801639,0.24395990356884245,0.1054654592307042,0.2,10,0.05142104026361192,-0.006786926916912149,-0.004255867774493847,-147.9094726525725,0.15579063995075146,6274,0.0034036440774798393,0.008338212966918945,-0.0002674068382475525,0.0018017166294157505,98.44208715178095,-0.009182827547192574,0.009182827547192574,0.5351477604749544
job_000007,Bulgaria,231,11.953509615384615,True,10,0.045000980033848,0.30222716532641763,0.6834648045580517,0.24353592860899428,0.10469111835762468,0.2,10,0.0329532648272058,0.014633909470309101,0.008673777361479314,30.655973381597246,0.5162262681780867,6206,0.0030238544568419456,0.007186327129602432,-0.0001408794487360865,0.001672973856329918,94.81346382911046,0.032895736396312714,0.0,0.5552168797473039
job_000007,Bulgaria,232,12.005256410256411,True,10,0.04548775011847235,0.3024639553013246,0.682988898951173,0.24419848005729972,0.10618644797600704,0.2,10,0.03825492459393255,0.004575935098852941,-0.009196813214383247,-63.54705552922532,0.2685228103351077,6277,0.0038861031644046307,0.005921320058405399,0.0005772362346760929,0.002370611298829317,76.31497818278852,0.009451455436646938,0.0,0.6278466785481489
job_000007,Bulgaria,233,12.057003205128206,True,10,0.04539522988936444,0.30395448995736285,0.6842795862553539,0.24411008802567724,0.10659402748337317,0.2,10,0.04442159109378816,0.028804386044218706,0.0249423622734241,40.890021154710226,0.8577513170822337,6331,0.004936873912811279,0.00871072057634592,0.0010093183955177665,0.002524648094549775,68.20917248356378,0.025018898770213127,0.0,0.5507388773615696
job_000007,Bulgaria,234,12.10875,True,10,0.04691460537845105,0.3034574672938991,0.6833182970214444,0.24307675856093675,0.1069585271849954,0.2,10,0.0565111394422247,-0.00960489755346346,-0.018576787920703712,-117.34066299894727,0.3700675889849766,6543,0.015795987099409103,0.03112006187438965,0.0026950063183903694,0.007498475257307291,70.23119525707098,0.16483022272586823,0.0,0.5044365465917244
job_000007,Bulgaria,235,12.160496794871795,True,10,0.04853954175904617,0.3032921753161638,0.6826332648958537,0.2421419918793673,0.1063064632599797,0.2,10,0.03889905000642123,-0.003194245714053546,-0.013238155663317366,-103.56564444693636,0.35008760258117333,6647,0.009387623518705368,0.02383536659181118,0.00307365320622921,0.0032133664935827255,46.27304585550264,-0.010149318724870682,0.010149318724870682,0.4736759866599385
job_000007,Bulgaria,236,12.21224358974359,True,10,0.048943478657115125,0.3037613806171874,0.6829496655243812,0.24157142281050198,0.10465711348257747,0.2,10,0.04753921552080687,0.009067330685620153,0.006114400501737701,33.993088520655235,0.23004770168096636,6817,0.006647655740380287,0.01810617744922638,0.003210999770089984,0.002967800246551633,42.745983510354,0.021131621673703194,0.0,0.6577438138238023
job_000007,Bulgaria,237,12.263990384615385,True,10,0.04982741628590178,0.30228838131899777,0.682600627447613,0.2417701427662592,0.10503554285766199,0.2,10,0.03907272575449946,-0.028465517561793514,-0.006745114893259493,-166.66921413158255,0.7487001702668808,6909,0.005277667660266161,0.00929355714470148,0.0027079822029918432,0.0029431881848722696,47.38331807713621,0.07191608101129532,0.0,0.7578045371996076
job_000007,Bulgaria,238,12.31573717948718,True,10,0.05007347301726132,0.3036737493471259,0.6831513565073845,0.24147812985280312,0.10447484222418497,0.2,10,0.03521520349148151,0.026772054801856314,0.010642766593291771,21.679437586869504,0.8181102353096923,6947,0.0065856026485562325,0.012456005439162254,0.00363672967068851,0.0017231269739568233,25.35216615540328,0.015668131411075592,0.0,0.6110750340982808
job_000007,Bulgaria,239,12.367483974358974,True,10,0.05069348442876578,0.30333378306887704,0.6827527886400026,0.2416425027522003,0.1049157414057706,0.2,10,0.0267671781917779,-0.0065698035808991655,-0.0077022715777742,-130.46317051297027,0.37820951423694626,6931,0.00248902034945786,0.0060468572191894054,0.00127830496057868,0.0007294132956303656,29.70950285307499,-0.013691306114196777,0.013691306114196777,0.5913049825304552
job_000007,Bulgaria,240,12.419230769230769,True,10,0.04983838905722897,0.30309801258023733,0.6837939233665494,0.24087307684838616,0.10435549985582701,0.2,10,0.04111648981672079,-0.004556233660923677,0.020119791556683076,102.75972404081809,0.5017265252073438,6903,0.0038889001589268446,0.006663646548986435,0.0016855839639902115,0.000641461054328829,20.834680983636762,-0.026423724368214607,0.026423724368214607,0.4637596010315705
job_000007,Bulgaria,241,12.470977564102565,True,10,0.050011219118249524,0.3024950088109633,0.6831771041534814,0.24060313426022004,0.10493375458471259,0.2,10,0.02477611279986266,-0.011652968474046703,-0.011919950106979516,-134.35110848873185,0.672810934755421,6919,0.0029942018445581198,0.01214910950511694,0.0007715090177953243,0.00012522446922957897,9.219340615672474,-0.007381511386483908,0.007381511386483908,0.2610397201897688
job_000007,Bulgaria,242,12.52272435897436,True,10,0.04891951983048249,0.30302912849039304,0.683289544024716,0.24011365412718752,0.10537539679016247,0.2,10,0.042122199565875616,0.010321792504307913,0.00217288571230488,11.888002993483912,0.25041486854977074,6759,0.009340800344944,0.03329038247466087,0.00462149316444993,-9.434214734937996e-05,-1.1694610415386,-0.027610545977950096,0.027610545977950096,0.49486723122181864
job_000007,Bulgaria,243,12.574471153846154,True,10,0.04863628464050853,0.30382229946646505,0.6835031604481571,0.24034016171630437,0.10594042021904822,0.2,10,0.025826213710844474,0.015327924715669466,0.004128109266868336,15.073229209842065,0.6146500910982867,6868,0.006427941843867302,0.02301984466612339,0.002502000192180276,0.00013365826453082263,3.057866336258611,0.007234328892081976,0.0,0.3897931499187363
job_000007,Bulgaria,244,12.62621794871795,True,10,0.04891405238153695,0.30418752608118094,0.6845471782629968,0.24065423150181361,0.10900487164647743,0.2,10,0.06360926269634057,0.0070579562583681765,0.020175506858470565,70.71873606560065,0.3360268447550177,6916,0.005949360318481922,0.02358347550034523,0.002482346724718809,0.0001602950505912304,3.694687835737777,-0.034539252519607544,0.034539252519607544,0.4181149995477121
job_000007,Bulgaria,245,12.677964743589744,True,10,0.049317449465706986,0.30429482625894966,0.684471054258443,0.24083298668412315,0.10770822241621247,0.2,10,0.03014725487831631,0.002073561812563959,-0.0014710863685850977,-35.3537573666267,0.08433243239217302,6906,0.005390445236116648,0.01885208487510681,0.0024752879980951548,-0.0006853495142422616,-15.476168940087458,-0.03421643748879433,0.03421643748879433,0.4764754480047818
job_000007,Bulgaria,246,12.729711538461538,True,9,0.04652163444235426,0.27830776122753087,0.6974126516270507,0.23629914593082882,0.10941631561447147,0.2222222222222222,9,0.03384281631180522,0.023887625309300012,0.019254440197879422,38.87028890919459,0.9065871384331836,6597,0.008515799418091774,0.021372031420469284,0.004530549049377441,-0.002649519359692931,-30.31960741733276,0.00017061099060811102,0.0,0.6163146461631784
job_000007,Bulgaria,247,12.781458333333333,True,10,0.04755026327999932,0.30507394076051136,0.6857604296006178,0.24084197173721666,0.11024495916804407,0.2,9,0.03201771771959953,-0.01509861015881876,-0.021519461526599785,-125.054491567469,0.8210432120530328,6680,0.0031043270137161016,0.009574441239237785,0.001347333425655961,-0.0007171137840487063,-28.02399361370373,0.008099461905658245,0.0,0.4916651695971672
job_000007,Bulgaria,248,12.833205128205128,True,10,0.04804792369211518,0.30492430194454645,0.6846944573172193,0.24097056580170909,0.11023811723520278,0.2,10,0.027849774415916483,-0.002891750423107298,-0.020599774073723796,-97.99083804702768,0.7469271498352815,6810,0.0035127520095556974,0.010306546464562416,0.0010558960493654013,-0.0004988417495042086,-25.287667591349475,-0.008343257941305637,0.008343257941305637,0.33244623036243065
job_000007,Bulgaria,249,12.884951923076922,True,10,0.050390602297207376,0.3036851454623379,0.683181939382324,0.24060274489939548,0.10691063478562088,0.2,9,0.01428578146333443,-0.000676893815483137,0.004227043409137963,99.09776865421814,0.29966139799528524,7037,0.004033525008708239,0.009788320399820805,0.0005360474460758269,-0.0002496890665497631,-24.975942680073814,-0.014206185936927795,0.014206185936927795,0.14660803756781832
job_000007,Bulgaria,250,12.936698717948719,True,10,0.04903288529240511,0.30180568618807097,0.6813596163731261,0.23999451347375975,0.10610003545071187,0.2,10,0.06580610797278846,-0.03632030310135023,-0.035216152299143925,-135.8842786168734,0.7687726761914054,6888,0.005490059964358807,0.013831060379743576,-6.566382944583893e-05,-0.0006152709247544408,-96.0917443970239,0.0014965395675972104,0.0,0.11270640807237983
job_000007,Bulgaria,251,12.988445512820514,True,10,0.04889552017987503,0.3037856192240943,0.6823535863821935,0.24029997889358823,0.10622995641878974,0.2,10,0.04855193694820397,0.03826194532296649,0.019208339599194095,26.65765938505823,0.8817940850169025,6822,0.0015195298474282026,0.004052124451845884,3.241599188186228e-05,-0.0006159698241390288,-86.98753461013214,-0.0008893277263268828,0.0008893277263268828,0.4059296344047396
job_000007,Bulgaria,252,13.040192307692308,True,10,0.048965942273008926,0.3044791445131245,0.6832160191957042,0.24052893916992632,0.10608145222896655,0.2,10,0.03168105116955359,0.013402284928921083,0.016666400607950122,51.195501036188155,0.675062247823131,6760,0.0019623273983597755,0.004589950665831566,-4.015832018922083e-05,-0.00039386822027154267,-95.82168965653908,-0.00893784686923027,0.00893784686923027,0.20175541247963555
job_000007,Bulgaria,253,13.091939102564103,True,10,0.04963588622503998,0.30396461137927927,0.6828401308097704,0.24064911768424652,0.10661372424888346,0.2,10,0.026774060800873644,-0.009943285088864592,-0.007263993583858093,-143.85027922155476,0.45992264872132316,6959,0.0023587094619870186,0.00613932590931654,-0.0002405758568784222,3.066298086196184e-05,172.73643840244807,-0.0171939879655838,0.0171939879655838,0.10281982078517839
job_000007,Bulgaria,254,13.143685897435898,True,10,0.0495097079247226,0.30450596564539084,0.6833911066176714,0.2406356212918666,0.10629259053147214,0.2,10,0.017880281997807466,0.010461599939721622,0.0106475349684206,45.504663831700014,0.8348297564346446,6967,0.0036090994253754616,0.009456894360482693,4.8004316340666264e-05,-0.0009782797424122691,-87.19074185928693,-0.0060949563048779964,0.0060949563048779964,0.2713853812008485
job_000007,Bulgaria,255,13.195432692307692,True,10,0.05001477580435529,0.30441913474133003,0.6833574857347605,0.24123700413699517,0.10709812758856599,0.2,10,0.032486822015582104,-0.0016779957923177956,-0.0006497191370834837,-158.83362146022446,0.055388308775708994,7042,0.0014030728489160538,0.004064120817929506,5.862073157913983e-05,-0.00022295421513263136,-75.26879864527444,-0.0002482716226950288,0.0002482716226950288,0.1643050347381044
job_000007,Bulgaria,256,13.247179487179487,True,10,0.04981731041458765,0.3051940864718977,0.6840715537252393,0.24146185522593847,0.10678377208714626,0.2,10,0.021638787743468176,0.014975840194309701,0.013799269930591588,42.65856743875722,0.9410914067752136,7043,0.0017566101159900427,0.004684456158429384,-5.261687692836858e-05,-0.000306969799567014,-99.72639682726208,0.0022341615986078978,0.0,0.17729979550104125
job_000007,Bulgaria,257,13.298926282051282,True,10,0.04958802458314512,0.3054060392957602,0.6843352227472665,0.24126059569475247,0.10640820151215533,0.2,10,0.013862644398036477,0.004095960423976409,0.005095369146638718,51.205611354058206,0.4715953809257629,6876,0.0015376948285847902,0.003696767846122384,0.00012591516133397818,-0.0003290468011982739,-69.05982977097143,-0.006528044585138559,0.006528044585138559,0.22911945642201245
job_000007,Bulgaria,258,13.350673076923076,True,9,0.04577777974947504,0.30268084042633814,0.6518372906444315,0.23341740495167962,0.10334130305225288,0.2222222222222222,9,0.02507090966829235,-0.017907221605022696,-0.012067513838151252,-146.02432811563725,0.8613101743710745,6394,0.003853545291349292,0.007320059463381767,0.0011785151436924934,-0.000645805208478123,-28.72195273744599,-0.019999636337161064,0.019999636337161064,0.3487336647369278
job_000007,Bulgaria,259,13.402419871794873,True,10,0.04946999248416269,0.30440744401379655,0.6798898412072762,0.23835371874906627,0.10849320565580019,0.2,9,0.06216612381579689,-0.006943510211930986,-0.05408464429994226,-97.31574550104803,0.8771422638246944,6881,0.010680518113076687,0.008104130625724792,0.004076220095157623,-0.008283584378659725,-63.798934962552096,-0.23331718146800995,0.23331718146800995,0.8643953736876249
job_000007,Bulgaria,260,13.454166666666667,True,10,0.049228613423760316,0.30441086669866224,0.6784295380671402,0.2370995298358251,0.10956606972545553,0.2,10,0.03944501459625925,6.614293453705296e-05,-0.028220165978471795,-89.86570936340608,0.7154324514952438,6823,0.009868793189525604,0.018258117139339447,0.004615922924131155,-0.006060175132006407,-52.7041483760056,-0.1842147707939148,0.1842147707939148,0.7719185344206042
job_000007,Bulgaria,261,13.505913461538462,True,10,0.04855324258735448,0.3052296907288375,0.6786625309899438,0.2366644790879182,0.10942248116536697,0.2,10,0.032858048939507535,0.01582366660976572,0.004502557566719705,15.88347926119101,0.5006928961131352,6741,0.005432143807411194,0.01186639629304409,0.0015054764226078987,-0.002943087834864855,-62.90891359183224,-0.04193993657827377,0.04193993657827377,0.6085602204538625
job_000007,Bulgaria,262,13.557660256410257,True,10,0.04791667683026289,0.3053581152447314,0.6787785024748221,0.23646143962376182,0.10930393472200231,0.2,10,0.015689040743397116,0.0024817868664539938,0.0022411336811434075,42.08305547059427,0.21313869820131912,6688,0.006207309663295746,0.01949056051671505,0.001656810869462788,-0.0015400679549202323,-42.90861470751678,0.011833119206130505,0.0,0.36441575849388774
job_000007,Bulgaria,263,13.609407051282052,True,10,0.046982339343027354,0.30580049197402204,0.6791479905952331,0.23655288669712926,0.10932971691412012,0.2,10,0.024619131684404914,0.00854887206805209,0.0071403092950305,39.869782696563846,0.4524346023392442,6560,0.0016429800307378173,0.004882554057985544,9.103023330681026e-05,0.00028814791585318744,72.46789472459771,-0.02234799973666668,0.02234799973666668,0.18392488803558726
job_000007,Bulgaria,264,13.661153846153846,True,3,0.014232606640921155,0.4708613029211041,0.664951168853395,0.2280842133160095,0.2163159610230083,0.3333333333333333,3,0.17424627298570897,0.0871677005379523,-0.01896937842023877,-12.277249622508394,0.5119643339304395,1980,0.6214168667793274,1.5636297464370728,0.215825155377388,0.41316673159599304,62.41886544080948,-1.0260109901428223,1.0260109901428223,0.7501257614864851
job_000007,Bulgaria,265,13.71290064102564,True,11,0.052043392617147965,0.4517116680097393,0.6633576640158709,0.2718437464817412,0.11232852216400548,0.2727272727272727,3,0.07069606750005747,0.024576352245107836,-0.008013174649884493,-18.058673879760104,0.36564580695024546,7237,0.0029477402567863464,0.009660900570452213,0.0008018140215426683,-0.0011528837494552135,-55.1819437216595,-0.043713461607694626,0.043713461607694626,0.47639739846226375
job_000007,Bulgaria,266,13.764647435897436,True,11,0.05268190605472906,0.4520513516388949,0.6639160264480665,0.2728833431971875,0.11194268433221044,0.2727272727272727,11,0.043908155535990645,0.006564341424378187,0.010790280510686513,58.68547187803258,0.287649333949013,7351,0.008445062674582005,0.021289706230163574,0.0017119472613558173,-0.000476447690743953,-15.55228163706581,-0.10767806321382523,0.10767806321382523,0.21042003248080743
job_000007,Bulgaria,267,13.81639423076923,True,11,0.05284869039149838,0.45227746546943093,0.6647701757509125,0.27254816248208763,0.11045760402018243,0.2727272727272727,11,0.023531101673748334,0.00436962001407345,0.01650632285462651,75.17254928525968,0.7256312130446348,7388,0.003989370074123144,0.008601066656410694,0.001141232205554843,0.0010558749781921506,42.775187910246494,-0.04521149396896362,0.04521149396896362,0.3897260321218911
job_000007,Bulgaria,268,13.868141025641027,True,11,0.053242954975880864,0.45245932494834534,0.6648984042298843,0.2725098340400016,0.11024183635591243,0.2727272727272727,11,0.012987001143698483,0.0035144104937326103,0.0024779984787378483,35.18752915415271,0.33111424742728696,7403,0.003873700276017189,0.009630311280488968,0.0005108393379487097,0.001778873847797513,73.9775182956864,-0.028434447944164276,0.028434447944164276,0.47777827574479953
job_000007,Bulgaria,269,13.919887820512821,True,11,0.0530416636005584,0.452528880574871,0.664453469501667,0.27274130902967203,0.11079943833068179,0.2727272727272727,11,0.011452640101745654,0.001344153327718789,-0.008598305060627516,-81.11499463781635,0.7598889875896165,7440,0.0033259158954024315,0.008880999870598316,0.00011877712677232921,0.0012800124241039157,84.69849266634326,-0.02147734723985195,0.02147734723985195,0.3865135314637511
job_000007,Bulgaria,270,13.971634615384616,True,11,0.05239390759292,0.45291775413078794,0.6646601712083282,0.27217020457027635,0.10966240849140306,0.2727272727272727,11,0.015556518546531227,0.007514930284673607,0.003994483275211726,27.992414908415935,0.547075231531531,7227,0.005481744185090065,0.014133361168205738,0.0010365325724706054,-4.456123133422807e-05,-2.46166823279721,-0.005372615996748209,0.005372615996748209,0.18926275176287427
job_000007,Bulgaria,271,14.02338141025641,True,11,0.05203197142408613,0.452896793500029,0.6647011663151724,0.2720519305944402,0.10919616844884611,0.2727272727272727,11,0.010561710831423519,-0.0004050614305875146,0.000792225044001488,117.08047504605486,0.08424512051028904,7252,0.0029305864591151476,0.005890409462153912,0.0006929525989107788,0.0008166164043359458,49.6832094781277,-0.0003179144114255905,0.0003179144114255905,0.3654566035458179
job_000007,Bulgaria,272,14.075128205128205,True,11,0.051582602736442135,0.4527430311176232,0.6650780395369528,0.27182697229094466,0.10928193755718256,0.2727272727272727,11,0.01226206463053914,-0.002971437801831443,0.007283025406967281,112.19521292676723,0.6414800161487574,7167,0.005185889545828104,0.009066200815141201,-0.00017954286886379123,9.083900658879429e-05,153.16305037534806,-0.052730586379766464,0.052730586379766464,0.03880042690931747
job_000007,Bulgaria,273,14.126875,True,11,0.05119240054150263,0.4526491788565826,0.6648448609494735,0.27153995437128314,0.10916738441255251,0.2727272727272727,11,0.009650396870167223,-0.0018136825918023737,-0.004506145512142603,-111.9243368379568,0.5033416887679771,7109,0.005843687802553177,0.016507534310221672,0.000384858954930678,-0.0005957529065199196,-57.137365059177654,-0.05265059322118759,0.05265059322118759,0.12137056266601935
job_000007,Bulgaria,274,14.178621794871795,True,11,0.051096345548771155,0.4521526623350859,0.6644562139799357,0.27188728043219673,0.11026379702031344,0.2727272727272727,11,0.02818581156730946,-0.009595116426571956,-0.00751055153272111,-141.94803259098853,0.4323103184847195,7032,0.010323739610612392,0.033997032791376114,0.0022080284543335438,5.397197310230695e-05,1.4002313259158288,-0.05130588263273239,0.05130588263273239,0.2139426284915333
job_000007,Bulgaria,275,14.23036858974359,True,11,0.050815792102210613,0.4520037857630653,0.6642556317933304,0.27196651323240656,0.1106639003108859,0.2727272727272727,11,0.015326197078843333,-0.00287702015920733,-0.0038762243555812955,-126.58362851123901,0.31496735996197317,7048,0.006444217637181282,0.020784467458724976,0.003145621158182621,-0.0012864116579294205,-22.24226151582021,-0.03228221461176872,0.03228221461176872,0.5273716702556119
job_000007,Bulgaria,276,14.282115384615384,True,11,0.05060329702735896,0.45192271388925626,0.6640262644259076,0.2722678939338939,0.11114975320171566,0.2727272727272727,11,0.012764108533280633,-0.0015667032907035092,-0.004432494186181911,-109.46639400766944,0.3683163638220404,7022,0.008314271457493305,0.024684851989150047,0.004297248553484678,-0.0015269280411303043,-19.561494740747243,-0.011967144906520844,0.011967144906520844,0.5485106527671334
job_000007,Bulgaria,277,14.33386217948718,True,11,0.0510563346435261,0.4517905192317698,0.6641323071791472,0.27281975758337174,0.1118987622353378,0.2727272727272727,11,0.01874023508567128,-0.002554644356506036,0.0020492622490402433,141.26441638378202,0.1747581566875934,7093,0.00767019297927618,0.022782115265727043,0.0030529401265084743,-0.001274241367354989,-22.654764500677178,-0.007547616492956877,0.007547616492956877,0.4313049273402256
job_000007,Bulgaria,278,14.385608974358975,True,11,0.05142414036239153,0.45167276384559263,0.6641337941842611,0.2729051209592357,0.11207896884407977,0.2727272727272727,11,0.011307907692864598,-0.002275607338947354,2.873617810638271e-05,179.27651216984597,0.20125639796042716,7152,0.012604301795363426,0.03814631327986717,0.004024128429591656,-0.0002997458213940263,-4.259931916754595,-0.02528577670454979,0.02528577670454979,0.3201507435859248
job_000007,Bulgaria,279,14.43735576923077,True,11,0.05062009023609206,0.45216452433196236,0.664227880327929,0.2728728058203717,0.11158433769647756,0.2727272727272727,11,0.029777166945958056,0.009503206673731425,0.0018182023427944067,10.83122875729281,0.3249327700167499,7108,0.00597700010985136,0.019449058920145035,0.0019873660057783127,-0.00018990867829415947,-5.45849470409661,0.0021209840197116137,0.0,0.33401689714347815
job_000007,Bulgaria,280,14.489102564102565,True,11,0.05050418795560559,0.45206868105919684,0.6638939142850604,0.27322025654218357,0.11235208512891671,0.2727272727272727,11,0.019112423752336825,-0.0018521586313305473,-0.006453849821930798,-106.01268944480108,0.3513088127665215,7104,0.005905601661652327,0.018550848588347435,0.0016903032083064318,-0.0008027480798773468,-25.403681642138846,-0.003968093078583479,0.003968093078583479,0.3168580458869166
job_000007,Bulgaria,281,14.54084935897436,True,11,0.05063405161942173,0.4518937359434409,0.6641792870076181,0.2737202509672148,0.11289260260541156,0.2727272727272727,11,0.01310441196177734,-0.0033807913357615403,0.005514790302757488,121.5099953964422,0.49361928241877906,7082,0.005178111605346203,0.017685312777757645,0.0017905464628711343,-0.0004961162339895964,-15.486739445708073,-0.006277177482843399,0.006277177482843399,0.35881931244364046
job_000007,Bulgaria,282,14.592596153846154,True,11,0.05010203781032689,0.452342751822011,0.6639051759367333,0.2732765658686407,0.11191213173552245,0.2727272727272727,11,0.029531063100070074,0.008677172754034098,-0.005297160366430186,-31.40284539089252,0.34425713942983815,6996,0.010605436749756336,0.03437850624322891,0.004122704733163118,-0.0021213977597653866,-27.228745148808628,-0.043459806591272354,0.043459806591272354,0.4371803164057282
job_000007,Bulgaria,283,14.644342948717949,True,11,0.04978385784859557,0.45220285590814324,0.663296866473383,0.27373955871346856,0.11338677659008295,0.2727272727272727,11,0.026824225568949336,-0.0027034701224378736,-0.01175550031373968,-102.95139916096605,0.4496815896978716,7081,0.005964034702628851,0.018058598041534424,0.0025151632726192474,-0.0027305339463055134,-47.351051459634974,-0.003229917725548148,0.003229917725548148,0.6224633495730502
job_000007,Bulgaria,284,14.696089743589743,True,11,0.049000324390021145,0.4514574531527929,0.6637982074718157,0.27357506774393325,0.11252984428061698,0.2727272727272727,11,0.03805787723740422,-0.014404810137460582,0.00968834880836507,146.076117241678,0.45614210010590167,6936,0.006921227555721998,0.017453894019126892,0.0024912662338465452,-0.003758711041882634,-56.46366155329333,0.014599655754864216,0.0,0.651525859020628
job_000007,Bulgaria,285,14.747836538461538,True,11,0.04795353274881904,0.45149678734526516,0.6641150422980471,0.27277693643906203,0.1116684671501189,0.2727272727272727,11,0.034235925443602294,0.0007601280923721491,0.00612279131521726,82.92309241064801,0.18021405138008748,6787,0.007103509269654751,0.021646616980433464,0.0027438392862677574,-0.0031222172547131777,-48.690634175144766,-0.0051445625722408295,0.0051445625722408295,0.5851401390175284
job_000007,Bulgaria,286,14.799583333333333,True,11,0.04617253957398034,0.4526771552620677,0.6640361115935556,0.27184730100362137,0.10913226103329988,0.2727272727272727,11,0.033016588917997164,0.0228104546325407,-0.0015253254754644646,-3.825649199451463,0.6924215200096464,6515,0.012675845064222813,0.037597499787807465,0.005157736595720053,-0.002823351416736841,-28.696351316548082,-0.044235844165086746,0.044235844165086746,0.4638687631734144
job_000007,Bulgaria,287,14.851330128205129,True,11,0.0446569613168245,0.45302800548050487,0.6645469048325526,0.2712718649637535,0.10781550688577499,0.2727272727272727,11,0.025899624937747057,0.0067801342924998015,0.009871012113167595,55.51586826584354,0.4623723482166789,6226,0.007394402287900448,0.022632433101534843,0.0023749100510030985,-0.0027437207754701376,-49.12118863154056,-0.020432662218809128,0.020432662218809128,0.49074982841301845
job_000007,Bulgaria,288,14.903076923076924,True,11,0.04416231681942848,0.45379943413568746,0.6636395791737376,0.27141029053486276,0.10962652538142531,0.2727272727272727,11,0.039681893928839564,0.014907757226199053,-0.01753394893467526,-49.62806446250827,0.5799821635732043,6244,0.00803915224969387,0.023665480315685272,0.00236205430701375,-0.002920890226960182,-51.03835758386564,-0.02038579434156418,0.02038579434156418,0.467269148416327
job_000007,Bulgaria,289,14.954823717948718,True,11,0.04385235495354913,0.4539074820478344,0.6633363030875489,0.27172491749753946,0.11083184582408001,0.2727272727272727,11,0.023906966279643626,0.0020880116810056484,-0.005860770448490396,-70.39058530613849,0.2602425287819188,6176,0.0073950020596385,0.021584922447800636,0.0020405808463692665,-0.0026177270337939262,-52.0627322614831,-0.012000175192952156,0.012000175192952156,0.4488309847234214
job_000007,Bulgaria,290,15.006570512820513,True,11,0.043430714270817274,0.4542482727123797,0.6630978641935742,0.2714666412345147,0.10987509198051354,0.2727272727272727,11,0.020571369013160888,0.006585734737575388,-0.00460780024280288,-34.97909037032493,0.3907199489839073,6106,0.011407761834561825,0.029705876484513283,0.004629204515367746,-0.004981537815183401,-47.0995438127875,-0.03714436665177345,0.03714436665177345,0.596119236242788
job_000007,Bulgaria,291,15.058317307692308,True,11,0.04282048108342263,0.4542625409640981,0.6633354035152451,0.27195611177846907,0.11055488855109465,0.2727272727272727,11,0.020410189138246878,0.00027573208647419716,0.004590416126435391,86.56255006545159,0.22531343661089276,6128,0.004945702850818634,0.012412864714860916,0.0016883967909961939,-0.0015087032224982977,-41.783065243245574,-0.03799767792224884,0.03799767792224884,0.45782351641331986
job_000007,Bulgaria,292,15.110064102564102,True,11,0.04186225703374634,0.4538476447533186,0.6638536230585261,0.2713464131490364,0.10821331615351014,0.2727272727272727,11,0.03018439599040644,-0.008017814664799509,0.010014524466007195,128.68141379572256,0.42501164596394186,5921,0.005739439278841019,0.01542631909251213,0.002218373818323016,-0.0018797843949869275,-40.27695548823158,-0.03199290111660957,0.03199290111660957,0.5066190063072862
job_000007,Bulgaria,293,15.161810897435897,True,11,0.041149675504379556,0.4537903177941081,0.6639976906883209,0.27097626856264073,0.1072898175327985,0.2727272727272727,11,0.018031417117494744,-0.0011078359413886163,0.002784087983646461,111.69845026222494,0.16617693196899086,5841,0.006096813827753067,0.014715934172272682,0.0025055415462702513,-0.0019471884006634355,-37.85266214320714,-0.02002997323870659,0.02002997323870659,0.5204707158635521
job_000007,Bulgaria,294,15.213557692307692,True,11,0.041522739766787116,0.4531611549370345,0.6643762657601683,0.27170603255720893,0.10825554860587797,0.2727272727272727,11,0.02576808476202044,-0.012158489402719077,0.007315913435511503,148.96415723456875,0.5506748530818413,5842,0.013032577931880951,0.035429470241069794,0.004964407533407211,-0.004272709134966135,-40.71754126807082,0.002151066204532981,0.0,0.502580146314332
job_000007,Bulgaria,295,15.265304487179487,True,11,0.04097207804040417,0.4535063030459947,0.6645948291758264,0.2711203419315132,0.10776208962437762,0.2727272727272727,11,0.02148743181317446,0.006669941777363783,0.004223709240345066,32.34384314600008,0.36741470781368357,5795,0.006595910526812077,0.018106842413544655,0.0019215542124584317,-0.00033001386327669024,-9.745089699090062,-0.0099150650203228,0.0099150650203228,0.295590287366798
job_000007,Bulgaria,296,15.317051282051283,True,11,0.04048335374036965,0.45364683790139976,0.6645671696516833,0.2710090239764927,0.10763193892172138,0.2727272727272727,11,0.016520545487515716,0.0027158175835468286,-0.0005345166635264832,-11.134418613995011,0.16754401797380067,5717,0.008446119725704193,0.02342250756919384,0.0029036449268460274,-0.0015275797341018915,-27.748427270596924,-0.053600013256073,0.053600013256073,0.38845686265188695
job_000007,Bulgaria,297,15.368798076923078,True,11,0.03968501111033059,0.45400736637141637,0.6645193388054375,0.27046184648392013,0.10686603129290435,0.2727272727272727,11,0.025762062013526432,0.006967165230424851,-0.000924324808222826,-7.557225035510937,0.2728124893644783,5476,0.010272594168782234,0.029068991541862488,0.002713312627747655,-0.00385312014259398,-54.847335914270765,-0.008559869602322578,0.008559869602322578,0.4587546320401544
job_000007,Bulgaria,298,15.420544871794872,True,11,0.039656880580144105,0.45362037614490897,0.6649444630146503,0.2713456305841192,0.10779032450465266,0.2727272727272727,11,0.026467161034737993,-0.007478535191718749,0.00821546938832029,132.31157033306897,0.41974900889970407,5474,0.01926884427666664,0.06474266201257706,0.004832478705793619,-0.0026472334284335375,-28.71394239903999,-0.09493225812911987,0.09493225812911987,0.285956642627353
job_000007,Bulgaria,299,15.472291666666667,True,11,0.038823853715341916,0.4530054526956718,0.6647519048135938,0.27132477866548443,0.1093806873991361,0.2727272727272727,11,0.045768554839434754,-0.011883314720472339,-0.0037211618909621606,-162.61248356946615,0.2720714622072335,5451,0.009934907779097557,0.038647349923849106,0.004149446729570627,-0.002465246943756938,-30.715165744779505,-0.10605726391077042,0.10605726391077042,0.4858148500947815
job_000007,Bulgaria,300,15.524038461538462,True,11,0.0395490327002271,0.4539573985439036,0.6631770151759847,0.2722583121103523,0.11082583400934182,0.2727272727272727,11,0.04518669048420973,0.01839622822225629,-0.030434534960302503,-58.84903487506002,0.7870098299239557,5650,0.010455500334501266,0.04202907532453537,0.004014057107269764,-0.005450001917779446,-53.627463295804624,-0.10447434335947037,0.10447434335947037,0.6473808617062728
job_000007,Bulgaria,301,15.575785256410256,True,11,0.03923926521759065,0.45538763511050323,0.6624895263795051,0.27238662319189433,0.11042090056761192,0.2727272727272727,11,0.04803043386155645,0.02763913340223558,-0.013285630504899613,-25.672750170812883,0.6384790509620891,5589,0.0129155945032835,0.052731599658727646,0.004191465210169554,-0.005183613393455744,-51.04102676949646,-0.1042887270450592,0.1042887270450592,0.5161357804243788
job_000007,Bulgaria,302,15.627532051282051,True,11,0.03937485750940866,0.4553914936409219,0.6630994540396465,0.2738506520393213,0.11102025821143337,0.2727272727272727,11,0.04618172099783538,7.456559248157682e-05,0.011786771753737102,89.63753970612225,0.2552310168502709,5682,0.02391137182712555,0.08182437717914581,0.005547778215259314,-0.013112002983689308,-67.06644545270161,-0.3104037642478943,0.3104037642478943,0.5954221992935887
job_000007,Bulgaria,303,15.679278846153846,True,11,0.03932173455961994,0.4554041472599612,0.6630622856354548,0.27450818405270133,0.11176614124592682,0.2727272727272727,11,0.019383751437121618,0.000244529522469881,-0.0007182745189089029,-71.19936159201862,0.039143997536112835,5597,0.00912276841700077,0.029438575729727745,0.0015235510654747486,-0.006555288564413786,-76.9158572130881,-0.05714301019906998,0.05714301019906998,0.7377156046689105
job_000007,Bulgaria,304,15.73102564102564,True,11,0.03951880536879726,0.45483421179064476,0.6630939878169074,0.27450127033428245,0.11215754676749774,0.2727272727272727,11,0.03383212222136311,-0.011013927929806669,0.0006126404839400572,176.8162512728042,0.32604970815200296,5634,0.007678420748561621,0.02383323572576046,0.001277339062653482,-0.0054277218878269196,-76.75719926280834,-0.061403755098581314,0.061403755098581314,0.726190807382495
job_000007,Bulgaria,305,15.782772435897437,True,11,0.03817885575383421,0.4554494942609704,0.6611716791419364,0.2732572821857641,0.11173488875653402,0.2727272727272727,11,0.0573027373079011,0.011890252755753096,-0.03714836213013107,-72.25144337940029,0.6806805306840266,5378,0.005622378550469875,0.01646619290113449,0.0013020988553762436,-0.002960560843348503,-66.25939001140802,-0.06736146658658981,0.06736146658658981,0.5752461067538519
job_000007,Bulgaria,306,15.834519230769232,True,11,0.03738459799110628,0.4564757641242003,0.661665348227458,0.2727059821041034,0.11005273008615783,0.2727272727272727,11,0.030447257723875572,0.019832530029588454,0.009540090101131497,25.689063380599187,0.722816630154282,5306,0.010154834017157555,0.03214797377586365,0.002028290182352066,-0.0025764135643839836,-51.7882919822795,-0.0945756733417511,0.0945756733417511,0.322900807551246
job_000007,Bulgaria,307,15.886266025641026,True,11,0.03645905099424311,0.4568002105020785,0.6607746164395798,0.27255300246318714,0.1100419362900333,0.2727272727272727,11,0.03835296028980603,0.006269883548961078,-0.017213274562900057,-69.98599892127194,0.47765841189082375,5207,0.00682345824316144,0.023219769820570946,0.0006749528693035245,0.000868199102114886,52.137892989019946,-0.07111074775457382,0.07111074775457382,0.16116401004229955
job_000007,Bulgaria,308,15.93801282051282,True,11,0.03566940909457277,0.45651446900574993,0.6618282430425543,0.2717888443166252,0.10913862399769748,0.2727272727272727,11,0.026044653283044263,-0.0055219168073402805,0.020361195424468,105.17353576155794,0.810019556994798,5084,0.006099275313317776,0.021772578358650208,0.00048090360360220075,0.0015395903028547764,72.65337914780017,-0.04850059002637863,0.04850059002637863,0.2644493924482864
job_000007,Bulgaria,309,15.989759615384616,True,11,0.03508124686658879,0.4564788253528573,0.6619524031066509,0.27142482148285935,0.10903917378003855,0.2727272727272727,11,0.011018774408186638,-0.0006888089007435761,0.002399376896758307,106.01762073139658,0.22654885149777543,5107,0.005547676235437393,0.014275120571255684,-0.0006614065496250987,0.0010865608928725123,121.32952617853924,-0.005921635311096907,0.005921635311096907,0.2292915100961185
job_000007,Bulgaria,310,16.04150641025641,True,10,0.03131393017899702,0.444831749925894,0.6710867874167963,0.28163099336964637,0.11787234124771476,0.3,10,0.06459784436827765,-0.028571715168976875,0.020570183290733124,144.24802994283098,0.5450055450932128,4428,0.009632221423089504,0.028250161558389664,-0.00011291149712633342,1.4060611647437327e-05,172.90162837224193,-0.08131150156259537,0.08131150156259537,0.011812809544600471
job_000007,Bulgaria,311,16.093253205128207,True,11,0.036163724956710996,0.4555336249286908,0.6623094377190676,0.27279655201240327,0.11030870340192137,0.2727272727272727,10,0.05177756422466469,0.010865567111545526,-0.015848559934986406,-55.565970366652024,0.37111732270632947,5077,0.005236421711742878,0.01710178144276142,-0.00011897167132701725,8.977772085927427e-05,142.96127474116963,-0.05226081609725952,0.05226081609725952,0.028463065966936988
job_000007,Bulgaria,312,16.145,True,11,0.03574491258664216,0.45524513078831313,0.6634357317731602,0.27194027541652027,0.10884255937602562,0.2727272727272727,11,0.044548825394242646,-0.005575111291289574,0.02176548435285823,104.36711169468394,0.5043490807802876,5145,0.007422666996717453,0.02137218788266182,-0.0003734099736902863,-0.0011499818647280335,-107.98910318629035,-0.05438454821705818,0.05438454821705818,0.16289128910290132
job_000007,Bulgaria,313,16.196746794871796,True,11,0.03485164705877122,0.45567043120146367,0.6624021301387504,0.27178149332706325,0.10929137879878423,0.2727272727272727,11,0.03247079216336794,0.008218874506222993,-0.01997421554263801,-67.63409781042334,0.6651841159861016,4973,0.010134919546544552,0.03589349240064621,0.0002855175989679992,-0.0004960548249073327,-60.07627206702493,-0.07568200677633286,0.07568200677633286,0.05647359942302436
job_000007,Bulgaria,314,16.24849358974359,True,11,0.03366080373760701,0.45569572851632834,0.6622571404572573,0.2722556191025033,0.10970139336670691,0.2727272727272727,11,0.029628698313491294,0.0004888672801335863,-0.002801906511355994,-80.10285143144785,0.09599594016612915,4784,0.02394898235797882,0.08559401333332062,-0.0015813615173101425,-0.0028670188039541245,-118.87981013315914,-0.175359308719635,0.175359308719635,0.13671635722628248
job_000007,Bulgaria,315,16.300240384615385,True,10,0.03223773943139856,0.4383785109534256,0.6823808188461519,0.2710914872373772,0.11127917741300257,0.3,10,0.03558491594108469,0.02239892035635225,-0.0075830028305534074,-18.703182166056205,0.6645427198057369,4551,0.010666392743587494,0.037068888545036316,-0.0010118115460500121,-0.0023653164971619844,-113.15978827809421,-0.10062911361455917,0.10062911361455917,0.24119134266833062
job_000007,Bulgaria,316,16.35198717948718,True,11,0.03376346532451278,0.45671461934089647,0.6619814136030354,0.27323701265098543,0.110772428504487,0.2727272727272727,10,0.023802125577391604,-0.0023807202767501608,0.003977565474496342,120.90208346268705,0.19475602729673036,4836,0.009553095325827599,0.033025361597537994,-0.0006202294607646763,-0.0028006744105368853,-102.48703009194863,-0.0745294839143753,0.0745294839143753,0.3002722620207482
job_000007,Bulgaria,317,16.403733974358975,True,11,0.03218283497812881,0.45689859934550653,0.6607844291726148,0.27439326088863275,0.11142927592638209,0.2727272727272727,10,0.020303686349302942,-0.009368193068204248,-0.008981131554826828,-136.2084206465001,0.6391853174822835,4598,0.009225541725754738,0.032073188573122025,-0.001066576223820448,-0.0018843015423044562,-119.5112785221706,-0.07800561189651489,0.07800561189651489,0.23469840013554144
job_000007,Bulgaria,318,16.45548076923077,True,10,0.03067234963460185,0.43373348463312267,0.6630020634889163,0.27850841539872045,0.11650801040737735,0.3,10,0.025196281476735832,-0.0035530358642183444,-0.0016829979436439307,-154.65407488969842,0.1560341907993631,4368,0.006711080204695463,0.026368794962763786,-0.002100772690027952,0.004202765878289938,116.55839523085503,0.011883516795933247,0.0,0.7001201111262162
job_000007,Bulgaria,319,16.507227564102564,True,10,0.03152926486773184,0.433260597590276,0.6634252512988417,0.2784713227785394,0.11644384418719074,0.3,10,0.019144790726432378,-0.009138479861763789,0.008178048726956415,138.17455824273608,0.640563473092042,4544,0.0027169121894985437,0.009419336915016174,-8.251363033195958e-05,0.0017340263584628701,92.72436416000797,-0.03211326152086258,0.03211326152086258,0.6389564080541731
job_000007,Bulgaria,320,16.55897435897436,True,10,0.03299308601627847,0.43218882284337273,0.664627897019893,0.2773886617073936,0.11580903650032866,0.3,9,0.011803795052283867,-0.006359984573034348,0.005431727073248245,139.5011090770273,0.708568280096615,4723,0.002580071333795786,0.007676015142351389,-0.0004405715735629201,0.0006955300341360271,122.3515129661931,0.0056231385096907616,0.0,0.319109696347007
job_000007,Bulgaria,321,16.610721153846153,True,10,0.03167538840795518,0.4339613074753208,0.6639500542066673,0.2778927340544398,0.11452561449118956,0.3,9,0.03524796922899533,0.0213630150113304,0.005510156697160103,14.463053392320735,0.6259137958944472,4467,0.0038401465862989426,0.011627355590462685,-0.00034369935747236013,0.0016664896393194795,101.65337458128629,0.024315273389220238,0.0,0.4430984746980297
job_000007,Bulgaria,322,16.66246794871795,True,11,0.032553186947656056,0.45732454164799813,0.6573583008058445,0.27608245634253076,0.11033829529330895,0.2727272727272727,10,0.020162108535732193,0.004119351120462479,0.008177309134447133,63.263142599969534,0.45413298975584504,4607,0.009622360579669476,0.01944335736334324,-0.0008638472063466907,-0.0022483901120722294,-111.01712452178148,-0.027185197919607162,0.027185197919607162,0.2503157348404094
job_000007,Bulgaria,323,16.714214743589743,True,11,0.03254970050361955,0.45739500292161545,0.6567248219740573,0.2757101136285199,0.11018049099121452,0.2727272727272727,11,0.019897575092068624,0.0013616548385648436,-0.012241895045992844,-83.65313111709041,0.6190397581741263,4627,0.002996352966874838,0.009793614037334919,-0.000759942049626261,-0.0014704385539516807,-117.33051752013915,-0.004376562312245369,0.004376562312245369,0.5524063333601353
job_000007,Bulgaria,324,16.76596153846154,True,11,0.03324048553108164,0.4565095258586783,0.6564332979444011,0.27649963114950493,0.11194809156392123,0.2727272727272727,11,0.024660742305033467,-0.01711172769503623,-0.005633663502805546,-161.77699677592642,0.7305236040239295,4690,0.0031244063284248114,0.007575464900583029,-0.0006769704632461071,-5.267373126116581e-05,-175.55089282822993,-0.009486365132033825,0.009486365132033825,0.2173265955351908
job_000007,Bulgaria,325,16.817708333333332,True,11,0.03369690788219036,0.45634849284971024,0.6556274340883961,0.27703361338465543,0.11319501133445704,0.2727272727272727,11,0.02434388465454368,-0.0031119417031931565,-0.015573212949739285,-101.30037744683858,0.6523648178069615,4775,0.003361321520060301,0.012076723389327526,-0.0014286570949479938,0.0007820975151844323,151.30214136589407,-0.034020792692899704,0.034020792692899704,0.48454831993465075
job_000007,Bulgaria,326,16.86945512820513,True,11,0.0341662284717346,0.4561766886844674,0.655875004005477,0.2773083723675296,0.11423129017933657,0.2727272727272727,11,0.03791887621375046,-0.003320092880505475,0.004784256062512109,124.75918637309852,0.15357553265883664,4823,0.006781084928661585,0.016126273199915886,-0.0015335958451032639,-0.002336776815354824,-123.27636288243465,-0.06868176907300949,0.06868176907300949,0.4121869352698051
job_000007,Bulgaria,327,16.921201923076925,True,10,0.032247034495598195,0.47006439257628163,0.6275874830202142,0.27156960407184744,0.12505055523522365,0.3,10,0.021129342126299844,-0.0010475717250202298,0.0070665611333258025,98.4323146337498,0.3380979380289418,4604,0.0027678871992975473,0.004484447184950113,-0.00020018575014546514,-0.002061127917841077,-95.54741694883612,-0.019884439185261726,0.019884439185261726,0.7481614703465952
job_000007,Bulgaria,328,16.972948717948718,True,10,0.03572416048044612,0.43139999764952003,0.6606067308084966,0.27761968373911944,0.11836480474600308,0.3,9,0.015704666950897422,-0.005414226081530085,0.01001135124542216,118.40490936317846,0.7247277456201023,4954,0.007230663206428289,0.014024308882653713,-0.0010164602426812053,-0.0067863850854337215,-98.51840022791718,0.10539144277572632,0.0,0.9490257051441678
job_000007,Bulgaria,329,17.024695512820514,True,10,0.035677215186374615,0.43023626913397733,0.6613303809063368,0.27757513866982547,0.11630185063553941,0.3,9,0.10889032948925483,-0.01288176148207152,-0.0013813846247222143,-173.87923772820332,0.11897857867253567,5122,0.018595434725284576,0.061441171914339066,0.006774646695703268,0.006154089700430632,42.25201064760248,-0.16409729421138763,0.16409729421138763,0.4921918781072725
job_000007,Bulgaria,330,17.076442307692307,True,10,0.03544544822265185,0.43190591457459604,0.6605765277045299,0.2774735513650864,0.11390201584338541,0.3,9,0.09313063987558284,0.022168971891946002,0.0016763139135486113,4.324209778622353,0.23872121026509044,4783,0.03930733725428581,0.0975736677646637,0.012283183634281158,0.024796852841973305,63.64836920756642,0.315888911485672,0.0,0.7040003230283945
job_000007,Bulgaria,331,17.128189102564104,True,7,0.025930896030084357,0.4683707472525099,0.6467168868986254,0.2555662998664136,0.16999161904521798,0.2857142857142857,7,0.11314715856073525,0.04900408238285595,-0.001104902706092235,-1.2916380486472399,0.433210498881975,3495,0.03432542085647583,0.1435621678829193,0.015498481690883636,0.004888686817139387,17.506840272136735,0.14736618101596832,0.0,0.4734456530364074
job_000007,Bulgaria,332,17.179935897435897,True,6,0.019958802583601925,0.5872500380909366,0.5658052418674808,0.16456246319443754,0.10820685260151286,0.5,5,0.06623952338077241,-0.022055938523032163,-0.05280275205757884,-112.67050540393817,0.8638962753330199,2749,0.0029091036412864923,0.008284414187073708,0.0002594657998997718,-0.0013393599074333906,-79.0362539078646,0.044377442449331284,0.0,0.46896258899632276
job_000007,Bulgaria,333,17.231682692307693,True,9,0.02342870775600076,0.5371163067335497,0.5618423858018262,0.19060930211918717,0.11937221603299114,0.3333333333333333,6,0.06776922831017188,-0.010325505258750872,-0.0016404464519968835,-170.9726813913441,0.1542736278259723,3336,0.009119844995439053,0.02092476189136505,0.005605723243206739,0.0025850723031908274,24.756730482601853,0.024323273450136185,0.0,0.6768826701899194
job_000007,Bulgaria,334,17.283429487179486,True,6,0.022176905019823168,0.5662586223726704,0.5660969033073329,0.17955164674606816,0.1189353245474822,0.3333333333333333,6,0.10021002976477843,-0.03785123287316578,0.014610070299388205,158.89407778857137,0.4048798358076929,3001,0.010517667979001999,0.035230766981840134,0.00824117660522461,0.0031320196576416492,20.80905425411057,0.07941422611474991,0.0,0.838233875492994
job_000007,Bulgaria,335,17.335176282051282,True,7,0.026609229280576453,0.5635247904351925,0.5737878676588168,0.16755352849667915,0.1092659796828492,0.42857142857142855,6,0.12833643795826077,0.0199385861390408,0.06380263587746729,72.64576066662114,0.520861582248952,3653,0.021707555279135704,0.0817507803440094,0.014014845713973045,0.01034611277282238,36.435679387929646,0.12269436568021774,0.0,0.8024876252531905
job_000007,Bulgaria,336,17.386923076923075,True,6,0.023221121480446687,0.5706016099977722,0.5916840644135896,0.17398353955309764,0.1402362342651847,0.5,6,0.058849662975220964,0.005163077401153103,0.009086687902938675,60.39466005753468,0.17758961841865498,3235,0.008367623202502728,0.029795724898576736,0.00550115155056119,0.0038577630184590816,35.040620898936105,-0.005560774821788073,0.005560774821788073,0.8029763086843955
job_000007,Bulgaria,337,17.438669871794872,True,8,0.027878619650244543,0.5758987679188393,0.5582463765042741,0.16460127981920927,0.1118520510427615,0.375,6,0.03596720913160761,-0.0008843866809235037,0.019540571750461783,92.5913811114409,0.543844663283255,3926,0.008303485810756683,0.02898731455206871,0.005545252002775669,0.0016867252998054028,16.91843353919154,-0.0605071522295475,0.0605071522295475,0.6980330453978187
job_000007,Bulgaria,338,17.49041666666667,True,10,0.03311698855205397,0.5467569456104217,0.5423463449910068,0.1631931061564565,0.08525951714840625,0.4,8,0.19658567961823292,-0.030194074549488525,-0.07988642745705815,-110.70471258677597,0.4344270037786798,4410,0.008843790739774704,0.02469313144683838,0.006106316111981869,-0.002513224259018898,-22.37097887047322,-0.01542025525122881,0.01542025525122881,0.7466579317524266
job_000007,Bulgaria,339,17.54216346153846,True,9,0.03223250010293252,0.5510815050328317,0.5491328971380018,0.17191976143986157,0.0937854020946806,0.3333333333333333,9,0.10173734998381147,0.015333519516239945,-0.01964949865822895,-52.03324300850541,0.24498650389545926,4421,0.014814993366599083,0.05046219751238823,0.010642814449965954,-0.0018250852590426803,-9.730730965451123,0.01256263256072998,0.0,0.728867566332769
job_000007,Bulgaria,340,17.593910256410258,True,10,0.03107142489085656,0.5380740142604343,0.5327491453977596,0.1754762416675597,0.10155463729010697,0.3,8,0.052955626860479194,0.007733010739638436,0.018381770681724818,67.18403990744362,0.3765820782459049,4467,0.010465580970048904,0.035220056772232056,0.007658093236386776,0.0009742342517711222,7.250012824517839,-0.08478829264640808,0.08478829264640808,0.7376383380882563
job_000007,Bulgaria,341,17.64565705128205,True,10,0.02955178555512457,0.5564229697475517,0.5306559672680455,0.16384434699264055,0.09284999771902044,0.4,9,0.04491397224654394,0.011936163080162982,0.021796548993043195,61.29413303881618,0.5532974305979622,4207,0.008650952950119972,0.03694623336195946,0.005737435072660446,-0.0007119834190234542,-7.073920457219754,0.025046339258551598,0.0,0.6683012725182239
job_000007,Bulgaria,342,17.697403846153847,True,10,0.029468022230265775,0.5548391882326367,0.5323529647296746,0.16365671402580798,0.09221277713145397,0.4,10,0.07666503397809477,-0.030606369318888205,0.032794252587691905,133.02357219232917,0.5851128366279505,4156,0.008889731951057911,0.03776492178440094,0.004990238230675459,-0.0011066002771258354,-12.5031856302427,-0.019001109525561333,0.019001109525561333,0.5749849187795737
job_000007,Bulgaria,343,17.74915064102564,True,9,0.02869804829169809,0.5593831335925242,0.5378161648878481,0.17041656066002928,0.10728967802297287,0.3333333333333333,9,0.0532891725809651,0.01778652200812079,-0.02871854483888644,-58.22844156496257,0.6339073172193729,4046,0.01877412386238575,0.07037179917097092,0.00633099814876914,-0.003316023387014866,-27.644457469312368,0.016076596453785896,0.0,0.380675865938695
job_000007,Bulgaria,344,17.800897435897436,True,9,0.03343317498712678,0.5275286582262101,0.5217766008495511,0.17107943293602995,0.09632835447019102,0.4444444444444444,5,0.10858756222383381,0.021185942321140676,-0.07148617898605139,-73.49206350226429,0.6866301359171008,4756,0.01829884573817253,0.04259459674358368,0.010045872069895267,0.0006032541277818382,3.4364820819257624,-0.5141382813453674,0.5141382813453674,0.5499783213196943
job_000007,Bulgaria,345,17.85264423076923,True,7,0.02300448704277692,0.5379828998807716,0.4756983445899666,0.10703557999046308,0.09024407636677788,0.42857142857142855,3,0.17770403530790793,0.06363006746783943,0.019420543343561126,16.972721937097518,0.3743739467152819,3315,0.12701520323753357,0.3294920027256012,0.0030317059718072414,-0.10068044811487198,-88.27522138478805,-0.7406753897666931,0.7406753897666931,0.7930238334917146
job_000007,Bulgaria,346,17.904391025641026,True,10,0.03610006111394156,0.5792467613066528,0.5107720736717197,0.167217446419443,0.0766222448081795,0.4,7,0.06370457110241762,0.007557881776004008,0.01827120967051356,67.527577501966,0.3103807895796419,5148,0.009231629781425,0.028994498774409294,0.001583461882546544,-0.004911516793072224,-72.13079621959672,-0.10982007533311844,0.10982007533311844,0.5589977339967763
job_000007,Bulgaria,347,17.956137820512822,True,10,0.03712246017293691,0.582029511083839,0.5134182143985478,0.1653878637986283,0.07363206474706935,0.4,9,0.03377870813885275,0.004734331985894989,0.013470942800919674,70.6360917355285,0.42271191423527393,5202,0.015863176435232162,0.04212157055735588,0.00283807422965765,-0.0073220208287239075,-68.81326801841723,-0.20064698159694672,0.20064698159694672,0.4950340120966081
job_000007,Bulgaria,348,18.007884615384615,True,10,0.03705852631445173,0.5810856306292893,0.5131483250666412,0.16575099312349204,0.0714287654333613,0.4,10,0.04648577495137456,-0.018240365550917178,-0.005215575816344443,-164.04286414701832,0.4081114616229378,5267,0.006756921764463186,0.02013627626001835,0.0012577548623085022,-0.0017926860600709915,-54.94636495206634,-0.16702483594417572,0.16702483594417572,0.32409757555916935
job_000007,Bulgaria,349,18.05963141025641,True,10,0.03619286635158617,0.5820416015519313,0.5171044265848883,0.17150937797844817,0.07388942365034164,0.3,10,0.1687162369750792,0.018474012255453403,0.07645114113924503,76.41519851924706,0.4661765227438194,5154,0.012068802490830421,0.026197969913482666,0.004930863156914711,-0.001223744242452085,-13.938085940443834,-0.3546624779701233,0.3546624779701233,0.42095716993984245
job_000007,Bulgaria,350,18.111378205128204,True,9,0.03142942956769036,0.5946179151590905,0.520774953400234,0.16964529523840155,0.07662835704816849,0.4444444444444444,9,0.12868433608113355,-0.02638940030059085,-0.013763535667496076,-152.4554611415489,0.23128678558896945,4501,0.008042105473577976,0.015708627179265022,0.0009335055947303772,-0.00028174641192890704,-16.79462554275329,-0.05487390235066414,0.05487390235066414,0.12124894234558549
job_000007,Bulgaria,351,18.163125,True,8,0.029712409762667372,0.6107615427925334,0.5388013923851335,0.16233243606585343,0.09099745949224049,0.5,8,0.06201965213573335,0.001961576868353165,-0.03887593287364951,-87.11145602868682,0.6276299216151018,4256,0.008160094730556011,0.01983209326863289,-0.000213016799534671,-0.0007235560333356261,-106.4045674955626,-0.11748889833688736,0.11748889833688736,0.09243285953856922
job_000007,Bulgaria,352,18.214871794871794,True,7,0.028985204450377815,0.6256602182216209,0.5421135892323822,0.16793824602941482,0.10000940927147528,0.42857142857142855,7,0.05081399886057555,-0.0109668440774968,-0.042216565720462396,-104.56218568468314,0.858381029245332,4030,0.0032033929601311684,0.008037636056542397,-0.0009878459386527538,-0.0007678069523535669,-142.1437290083684,-0.10468552261590958,0.10468552261590958,0.39056910463049715
job_000007,Bulgaria,353,18.26661858974359,True,8,0.03040667916900314,0.6408794814647828,0.5404802972746993,0.16262490884722736,0.09812086769187076,0.375,7,0.1062240625242069,-0.016692109278296258,-0.0366776336654702,-114.47043475141858,0.37936165755393086,4330,0.013334130868315697,0.034656304866075516,0.0016068464610725641,-0.006050740368664265,-75.12769202215404,0.11837828904390335,0.0,0.46950674672399256
job_000007,Bulgaria,354,18.318365384615383,True,9,0.03148883259734245,0.5911355688564716,0.5394380095571403,0.20414181112720914,0.11810591894466047,0.3333333333333333,7,0.06449411518662611,0.011605775194654635,0.05070124862109834,77.10683014857003,0.8064704900679764,4464,0.0113495122641325,0.032421041280031204,-0.00232159486040473,0.0018458013655617833,141.51328255288146,-0.01078998763114214,0.01078998763114214,0.26132731096462175
job_000007,Bulgaria,355,18.37011217948718,True,9,0.03260404087144941,0.5636955685401988,0.5364225951911421,0.1989952601883974,0.11308323897301749,0.3333333333333333,8,0.11864417013040542,0.0011049499501382997,0.10785000645443267,89.41301112665897,0.9090684053832284,4638,0.008076493628323078,0.023634659126400948,-0.002231215825304389,-0.0017421497032046318,-142.01702048301527,-0.10875336080789566,0.10875336080789566,0.35049822059507674
job_000007,Bulgaria,356,18.421858974358976,True,12,0.04077848455391947,0.5313269290576269,0.5366819020335875,0.22009368718223202,0.0893674658046955,0.25,8,0.046216282740329316,0.0034646472025903294,0.006718054667625611,62.71885571757244,0.16355357905516496,5719,0.013815836980938911,0.021893467754125595,0.000978183699771762,0.007038815412670374,82.08828179218295,0.4068911075592041,0.0,0.5143705335569695
job_000007,Bulgaria,357,18.47360576923077,True,11,0.040108240144753955,0.5107639074577199,0.5362950192103519,0.21904336191163432,0.09069016893541182,0.2727272727272727,11,0.042306450852950546,-0.00289005068266264,0.0039866727305217205,125.93940771333828,0.11638929321267391,5753,0.010140919126570225,0.027695031836628914,-0.0007995942723937333,-0.0018190881237387657,-113.72826165573522,0.06736958771944046,0.0,0.1959453877741708
job_000007,Bulgaria,358,18.525352564102565,True,12,0.04578182485790366,0.49940069100313234,0.5239327914810995,0.21722432661994193,0.0802999222333345,0.25,10,0.056281274171711596,0.005425749024197036,0.002469827959938346,24.475264330271653,0.10592231761469542,6474,0.008896405808627605,0.022495197132229805,0.0013151491293683648,-0.0034135247115045786,-68.92952369375742,-0.026032062247395515,0.026032062247395515,0.41118964207867603
job_000007,Bulgaria,359,18.57709935897436,True,12,0.0490726005275764,0.5012922967280309,0.5253993113532306,0.21617210586984012,0.08056327373013117,0.25,12,0.09405085086100973,0.036555031661092946,0.02834030350603212,37.78562606611401,0.4917990049870017,6891,0.010965942405164242,0.029986707493662834,0.004266059026122093,0.0010180301032960415,13.421749807105925,-0.03638404235243797,0.03638404235243797,0.3999515784158904
job_000007,Bulgaria,360,18.628846153846155,True,12,0.048467724735292386,0.5028567742686447,0.5260738568006859,0.21424682390496683,0.07935287369572046,0.25,11,0.05743561550023017,0.007427044242712069,-0.01699047980669652,-66.38843019124569,0.3228458970295721,6888,0.009480683133006096,0.019480545073747635,0.005456566344946623,-5.937716559856199e-05,-0.6234555762313226,-0.05646950751543045,0.05646950751543045,0.5755797681996747
job_000007,Bulgaria,361,18.680592948717948,True,11,0.05276809895958236,0.5384216473413234,0.5200810021637964,0.20001309260320013,0.08227708087136784,0.2727272727272727,10,0.06996411866236737,0.026608086400459495,-0.01366278989586137,-27.17971032306638,0.4275177489985205,6942,0.010090155526995659,0.024650540202856064,0.00040727140731178224,-0.0004458641051314771,-47.59008357551985,-0.13341930508613586,0.13341930508613586,0.059847920024765494
job_000007,Bulgaria,362,18.732339743589744,True,11,0.05031149768450297,0.5388150697879373,0.519811800238861,0.19886053705766563,0.08102691603478059,0.2727272727272727,11,0.07156250883142641,0.007602836998669518,-0.00520229176709945,-34.382144666131964,0.1287311920889332,6667,0.006506429519504309,0.0160941481590271,-0.00014516674855258316,-0.001781697035767138,-94.65798047795803,-0.03208254277706146,0.03208254277706146,0.2747437899810823
job_000007,Bulgaria,363,18.784086538461537,True,12,0.047232386811359946,0.5246036861659037,0.5330709185995511,0.22573023872304035,0.08043105574561575,0.25,9,0.07208241701287614,0.029469907685765424,0.01959943760196798,33.626533433542946,0.4909973953959158,6678,0.010147299617528915,0.022709978744387627,-0.0017307826783508062,3.999287946498953e-05,178.6763124295636,0.03948802873492241,0.0,0.1706113681500486
job_000007,Bulgaria,364,18.835833333333333,True,11,0.04926436465086399,0.5020353218667083,0.5284981807303697,0.2261612522810329,0.08960388812378443,0.18181818181818182,10,0.08017313323473173,-0.021289768010102274,0.040815456254468696,117.54701542819751,0.5741859692224928,6892,0.008277017623186111,0.02086077816784382,-0.0003080864844378084,-0.000993490219116211,-107.22893515470541,0.00399047089740634,0.0,0.1256688752947935
job_000007,Bulgaria,365,18.88758012820513,True,13,0.05228990717001292,0.5488124880729215,0.5153236396531112,0.19654745653318795,0.0802396002189514,0.23076923076923078,10,0.1663554479737193,0.0009213287924942331,-0.04375513756316406,-88.79373132608414,0.2630802717186201,7070,0.01701563037931919,0.04947855696082115,-0.0016106617404147983,-0.003569219494238496,-114.28796257093546,0.08100540935993195,0.0,0.2301301082736154
job_000007,Bulgaria,366,18.939326923076923,True,14,0.052037383294215554,0.5327309143449296,0.5144899474176422,0.2007829008713031,0.07812486172948925,0.2857142857142857,12,0.08595468921795886,-0.003978730276388431,0.041663745555302265,95.45498828243923,0.48692272206466264,7184,0.008016851730644703,0.022416334599256516,-6.020035925757838e-06,0.0013818698935210705,90.24960415640936,-0.030061498284339905,0.030061498284339905,0.1723722794005254
job_000007,Bulgaria,367,18.99107371794872,True,13,0.05140925048858783,0.5159254461189418,0.5094851921502195,0.19946926221361658,0.0833332840555001,0.3076923076923077,13,0.0757288884884095,-0.023928344728520217,-0.010816971881510833,-155.67432749505826,0.3467595285775201,7150,0.0073426091112196445,0.019331278279423714,0.0012899551074951887,0.00042596139246597886,18.27395268061359,-0.05073845759034157,0.05073845759034157,0.18501121708089194
job_000007,Bulgaria,368,19.042820512820512,True,15,0.05616348280305443,0.5081932581890171,0.513547240935446,0.21275288367170514,0.07846127140824549,0.26666666666666666,13,0.06727723513642205,-0.010259580936747243,0.022131022997125063,114.871669064352,0.36258127844914184,7702,0.007506101857870817,0.01854523830115795,0.0018805189756676555,-0.00044974801130592823,-13.450306517843607,-0.013442501425743103,0.013442501425743103,0.2575974105699761
job_000007,Bulgaria,369,19.09456730769231,True,13,0.053042661803913795,0.4929157769483802,0.514511750501765,0.21718134981561144,0.08441030343922241,0.23076923076923078,13,0.06167278322454716,0.033694701819644166,0.023631442909143104,35.043516352544735,0.6673208570348018,7357,0.011769719421863556,0.025220630690455437,0.0013583990512415767,-0.0008013223414309323,-30.536440320376958,-0.002664688043296337,0.002664688043296337,0.13399965843590836
job_000007,Bulgaria,370,19.1463141025641,True,15,0.054033791418251244,0.5004449060143173,0.5171581267239795,0.21036646000947015,0.07400178760056327,0.26666666666666666,12,0.0847453803695307,-0.022957037450150226,-0.028750186817110435,-128.60738137647954,0.4341391471058845,7504,0.006424925290048122,0.01664983481168747,-0.0005652662366628647,0.00020946304721292108,159.66748848311266,-0.03824470564723015,0.03824470564723015,0.0938263430431039
job_000007,Bulgaria,371,19.198060897435898,True,14,0.05209363400092427,0.5068077365311333,0.5251496085469826,0.2147584110963815,0.07495408238540581,0.2857142857142857,13,0.06079779900083849,-0.01973738506844671,-0.03391632234650422,-120.19698917382271,0.6454398327217784,7304,0.006261999253183603,0.019722891971468925,-0.0009127245284616947,0.0018617123132571578,116.11690140910311,-0.07516368478536606,0.07516368478536606,0.3311102849385975
job_000007,Bulgaria,372,19.24980769230769,True,14,0.05270267604048174,0.5082540126518958,0.5269935609070334,0.21267473950492502,0.07756857571540175,0.2857142857142857,13,0.08443508573127986,-0.0007871179895682028,0.05465707330798038,90.82506103572727,0.6473936775743145,7455,0.0066798473708331585,0.01656338945031166,-0.0003813798539340496,0.0031874272972345352,96.82307778218646,-0.011823597364127636,0.011823597364127636,0.48057423112768444
job_000007,Bulgaria,373,19.301554487179487,True,15,0.055016159743062204,0.4853364254895579,0.5058710865469889,0.20480292297252234,0.07351784588222264,0.26666666666666666,13,0.06338633624516751,-0.020266903118305937,0.01412168769138204,145.13176887511815,0.3896992508119335,7588,0.011898193508386612,0.026334673166275024,0.0013110656291246414,0.005270872265100479,76.03183672354879,-0.04475080594420433,0.04475080594420433,0.4564962865574673
job_000007,Bulgaria,374,19.353301282051284,True,16,0.05371391085972588,0.4641640657859182,0.5113073413018122,0.21644458841202774,0.07537044483925817,0.25,15,0.055874788669073916,0.011745244861969753,-0.005325360208939193,-24.389807393278737,0.23080414247515693,7453,0.006778785493224859,0.01648515835404396,0.0003342466661706567,0.0015856476966291666,78.09659955966718,0.010696659795939922,0.0,0.23905367478442618
job_000007,Bulgaria,375,19.405048076923077,True,15,0.05198287905389612,0.4693097489790225,0.5162837017677216,0.2200222040576762,0.07776306410897377,0.26666666666666666,15,0.09155183452374469,-0.017956842299112066,-0.049378380869904336,-109.98420045297968,0.5739055277003348,7295,0.0071679516695439816,0.015389538370072842,0.000653179653454572,0.0017350836424157023,69.3709387453422,-0.01080848928540945,0.01080848928540945,0.258645386955079
job_000007,Bulgaria,376,19.456794871794873,True,14,0.05058328341254548,0.4655564649493832,0.5282964876104937,0.22341908413595665,0.07758598058685966,0.21428571428571427,14,0.09884020134842923,0.011915861884769063,0.024056873909672,63.64984431133296,0.271612623732532,7004,0.008630869910120964,0.02030053548514843,0.000717716699000448,0.0033577783033251762,77.93473004974946,-0.013354964554309845,0.013354964554309845,0.3978308962262044
job_000007,Bulgaria,377,19.508541666666666,True,15,0.05076878324677443,0.48107226019867716,0.5150910879001176,0.21036350045776553,0.07046434562912318,0.26666666666666666,13,0.07480426948443106,-0.017713177829314433,0.027291710278520558,122.98483812302152,0.43494901565018174,7274,0.01498897559940815,0.03913438692688942,0.0013584874104708433,0.006711723282933235,78.55762383527097,-0.02615794911980629,0.02615794911980629,0.4568574885121522
job_000007,Bulgaria,378,19.560288461538462,True,14,0.05303076828827343,0.5161153637286379,0.5261753895176678,0.20047844005616453,0.07503292721040146,0.2857142857142857,12,0.06794865905922565,0.002544312549656928,-0.0036917562623210976,-55.42587118991681,0.06598498526993661,7428,0.007528134621679783,0.017236556857824326,0.0003881544398609549,0.004025453235954046,84.49228061926563,-0.02588460221886635,0.02588460221886635,0.5372013177359644
job_000007,Bulgaria,379,19.612035256410255,True,15,0.054075459614253245,0.5174823987776593,0.5161153611488624,0.1969206436219891,0.07569758850587589,0.26666666666666666,14,0.057196549498479014,0.0035934790617511017,0.0025164403400737725,35.00277317964239,0.07670002204150281,7617,0.007556811906397343,0.018333138898015022,0.00010868769459193572,0.004697998054325581,88.67470453102567,-0.010325763374567032,0.010325763374567032,0.6218568337529965
job_000007,Bulgaria,380,19.663782051282052,True,16,0.054502229847441845,0.4940661575627281,0.5209273294129679,0.2120898276609776,0.07076898996023645,0.25,15,0.07078538448130932,-0.00045504469993148483,-0.003500648265881199,-97.40627516662832,0.049870460343717164,7706,0.006471678148955107,0.017413727939128876,-7.772473327349871e-05,0.0024967892095446587,91.78303457938449,0.002991845365613699,0.0,0.38598932760167154
job_000007,Bulgaria,381,19.715528846153845,True,17,0.05891897075211599,0.4782888372448205,0.5204214984674179,0.2166609375614216,0.06906258257908512,0.23529411764705882,16,0.0474263419185474,0.013630980829548282,-0.00017984021993942487,-0.7558874822951621,0.2874387225875572,8158,0.011290104128420353,0.03175684064626694,0.0012197988107800484,0.003910230007022619,72.6746547313005,0.048706263303756714,0.0,0.36280199010311776
job_000007,Bulgaria,382,19.76727564102564,True,17,0.0601077542400506,0.4787659092182684,0.5195364369075369,0.21722943675131212,0.06953811033214961,0.23529411764705882,17,0.03839932796765256,0.009219353094815617,-0.01710369815316577,-61.67413906444741,0.5060038414730937,8298,0.005011096131056547,0.014480814337730408,0.0011027809232473373,0.001183381536975503,47.019175414844575,0.03362461179494858,0.0,0.32279670893198226
job_000007,Bulgaria,383,19.819022435897438,True,17,0.06088716769821169,0.4788498639299532,0.5189766010463868,0.21675965877127015,0.0696171440113804,0.23529411764705882,17,0.047342766475876395,0.001622413753214517,-0.010818754331299365,-81.47130304778905,0.23107498491179354,8443,0.004808606114238501,0.013309232890605927,0.0013420620234683156,0.0010501487413421273,38.04278838772648,0.02321873977780342,0.0,0.35438458975752185
job_000007,Bulgaria,384,19.87076923076923,True,17,0.06120679942863929,0.4780549863911008,0.5190532288909525,0.21640451958988854,0.06984437185113906,0.23529411764705882,17,0.05353323918629083,-0.015360903816785754,0.0014808230104981143,174.49358356916989,0.2882716642938369,8517,0.005070701241493225,0.012410984374582767,0.001528724329546094,0.0008438688819296658,28.899072537263354,0.013174361549317837,0.0,0.34436477393563664
job_000007,Bulgaria,385,19.922516025641027,True,17,0.06175267846556272,0.4793217082742415,0.5194203532670362,0.21596172919953033,0.06904651405206505,0.23529411764705882,17,0.06137302452758449,0.024479233666146266,0.007094630247018104,16.16277222139873,0.41527361304751703,8563,0.011262028478085995,0.02574453130364418,0.003117803018540144,-0.0004064441891387105,-7.4273283744046745,0.045929186046123505,0.0,0.27918451183661536
job_000007,Bulgaria,386,19.97426282051282,True,16,0.059961139283645076,0.4950699593644724,0.5210554557206095,0.21197747030413408,0.07123016553476626,0.25,16,0.06734473345664288,-0.009291942638797106,0.00958757394134707,134.1028879563642,0.19825560364163017,8377,0.0060454607009887695,0.01355063822120428,0.0009760509710758924,-0.0005568485939875245,-29.705268174885337,0.036080483347177505,0.0,0.18587898530816152
job_000007,Bulgaria,387,20.026009615384616,True,17,0.05817264882210613,0.48518934721525325,0.5162317524417395,0.21288877590361382,0.06717777566041545,0.29411764705882354,15,0.10710508739382545,0.004363249436024523,0.01984831983050145,77.6018909037436,0.18974119764693856,8281,0.00648074084892869,0.014027561992406845,0.0004398921155370772,-0.00011293842544546351,-14.39918458418132,0.0399639718234539,0.0,0.07007821339193657
job_000007,Bulgaria,388,20.07775641025641,True,18,0.057811487374771375,0.4706863277208497,0.5142230865526113,0.21505738812124212,0.0642656511236736,0.2777777777777778,17,0.08750962001422553,0.005219057194789682,-0.01884213962039891,-74.51787700757883,0.22342221186349834,8276,0.006075017154216766,0.016007082536816597,0.0010213570203632116,0.00029462980455718935,16.09120927404842,0.02227642945945263,0.0,0.17497954026260695
job_000007,Bulgaria,389,20.129503205128206,True,14,0.051758715350587826,0.5178521035517598,0.5335045174281602,0.21595410973937704,0.0766446592001756,0.2857142857142857,14,0.06936138789697735,0.003736892769477058,0.03298995214185083,83.53744334280256,0.4786657870546606,7266,0.010846302844583988,0.026438657194375992,0.0006533801206387579,0.0027411358896642923,76.59308844880188,0.04010849818587303,0.0,0.25980561361624194
job_000007,Bulgaria,390,20.18125,True,15,0.05254433618960201,0.4975861069402804,0.5309672662120997,0.2229471533704697,0.07802395428065266,0.26666666666666666,14,0.06703722932423475,-0.005459195197648292,-0.016117852482883,-108.71149099396371,0.25384827116620867,7455,0.005991130601614714,0.012868642807006836,8.308387623401359e-05,0.001201615552417934,86.04466586977668,0.039262495934963226,0.0,0.20104460437378413
job_000007,Bulgaria,391,20.232996794871795,True,15,0.0523299514990226,0.4981089623711897,0.5325846978705843,0.22303978718913894,0.0776039376681119,0.26666666666666666,15,0.047372736231386645,0.01010411238424797,0.03125665391435189,72.08591141062567,0.6934204431388219,7490,0.0061449166387319565,0.01573079824447632,1.5233355952659622e-05,0.0015000810381025076,89.41818009760259,0.035320743918418884,0.0,0.24412998122469795
job_000007,Bulgaria,392,20.28474358974359,True,16,0.0535867004412098,0.4931665944703469,0.5252066255227306,0.21891661251639463,0.06967927260895873,0.25,15,0.05496009915304105,0.0020860028171928806,-0.001672036743340669,-38.713938644147255,0.048642721602331775,7748,0.005217891186475754,0.011993889696896076,0.0007109299185685813,0.001741435844451189,67.79257943040253,0.040095362812280655,0.0,0.3604832856933619
job_000007,Bulgaria,393,20.336490384615384,True,16,0.055189992502435045,0.49312437830512557,0.5279318190954773,0.2173856049167342,0.06817808998965239,0.25,15,0.049455081333871324,0.0034817097707718447,0.02092116633561875,80.55140462786426,0.4288518176490971,7900,0.013581827282905579,0.035356950014829636,-0.0007371821557171643,0.0024367691949009895,106.83184715721009,0.08308788388967514,0.0,0.1874443022026926
job_000007,Bulgaria,394,20.38823717948718,True,17,0.056777559906028535,0.48246750728661364,0.5218100189723859,0.21680566015305186,0.06953531721516518,0.23529411764705882,16,0.047391276942452855,0.0041513840860653625,-0.015562605320196906,-75.06392206669528,0.3398682359109376,8039,0.0063425470143556595,0.01983681693673134,0.0018748545553535223,0.0012634730665013194,33.976210453739085,0.03942834585905075,0.0,0.35645778135211725
job_000007,Bulgaria,395,20.439983974358974,True,15,0.05387291232784682,0.4984104997365308,0.5365625453474324,0.22100862220821285,0.07392195125948953,0.26666666666666666,14,0.03488011880482133,-0.004213805818872514,0.002466282056332793,149.66015377092853,0.13997916201771582,7572,0.005076813977211714,0.014103221707046032,-0.0003966811636928469,0.0007035379530861974,119.41593927714315,0.03979290649294853,0.0,0.15908880815795254
job_000007,Bulgaria,396,20.49173076923077,True,15,0.05321333161500811,0.4992088678060397,0.537514142776086,0.22117589883373368,0.07447449310426023,0.26666666666666666,15,0.05145204446778285,0.015428357862294764,0.01838949505976915,50.00413354128368,0.46653788172580263,7571,0.006484121549874544,0.01501099020242691,-0.0013410750543698668,0.002211770974099636,121.22991664047419,0.04203202947974205,0.0,0.3989103651690423
job_000007,Bulgaria,397,20.543477564102563,True,15,0.05141690175286416,0.49757640891563865,0.535993457992393,0.2229344064753558,0.0776279833409383,0.26666666666666666,14,0.05094337826943564,-0.026544120996809955,0.013095413118254353,153.7407963375152,0.5810107824271287,7285,0.009911640547215939,0.025137796998023987,-0.0005968240438960493,0.003851993940770626,98.8073192524024,0.1190105453133583,0.0,0.3932704556966008
job_000007,Bulgaria,398,20.59522435897436,True,15,0.05222612135887555,0.5100333962810599,0.5309932752380944,0.21365319243717573,0.06931597412949014,0.26666666666666666,14,0.04453266759600661,-0.008460775893085797,0.010619703020516139,128.5445252945647,0.3049003769784653,7446,0.00451224809512496,0.013299470767378807,0.0005356071051210165,0.00032354245195165277,31.13477899038365,0.03912126272916794,0.0,0.13867661888665958
job_000007,Bulgaria,399,20.646971153846152,True,16,0.05464326175429578,0.49231000876681613,0.5295410839842003,0.21790238423945124,0.07293042832215622,0.25,15,0.049775716289418806,0.005167918380014128,0.0059748411617013,49.14194565288243,0.1587069802507254,7721,0.004990571644157171,0.011316576041281223,0.0007258974364958704,-0.0009665731922723353,-53.09341392325307,0.022440584376454353,0.0,0.2422161927984111
job_000008,Bulgaria,0,0.0,True,3,0.015770345951003125,0.75186953125,0.624770524691358,0.13987590166153854,0.13846244872324473,0.6666666666666666,0,,,,,,0,,,,,,,,
job_000008,Bulgaria,1,0.05058602419274218,True,3,0.016007765684023685,0.7515923019980191,0.6247807088592453,0.14031723493281578,0.1387437380217722,0.6666666666666666,3,0.009596301954352295,-0.005480352654810593,0.00020132374603337925,177.8961543065084,0.5714752727683481,2223,0.0060226223431527615,0.013783208094537258,0.00048475436051376164,0.0040836576372385025,83.23033019688138,0.039765290915966034,0.0,0.6828136254457595
job_000008,Bulgaria,2,0.10117204838548435,True,3,0.016023840495446428,0.7516035116388914,0.6248844285906111,0.14029746612941146,0.13878348474335547,0.6666666666666666,3,0.0022082729519742636,0.00022159560968052102,0.0020503633764637104,83.83162847391688,0.9338986933901782,2206,0.0023463324178010225,0.007643755525350571,-8.307486859848723e-05,0.0008611774537712336,95.51007984842738,0.02848955988883972,0.0,0.3687351134581533
job_000008,Bulgaria,3,0.15175807257822654,True,3,0.012589940918614779,0.7472269551529939,0.6324542774373948,0.14198484499452046,0.13847151581107212,0.6666666666666666,3,0.17304757317196864,-0.08651710735799424,0.14964308754412461,120.034628420064,0.9988773456572896,1760,0.0037550772540271282,0.012854202650487423,8.59448773553595e-05,-0.0015723247779533267,-86.87126776386819,-0.014829302206635475,0.014829302206635475,0.41934475294866697
job_000008,Bulgaria,4,0.2023440967709687,True,2,0.009497764057890172,0.7355978262002854,0.6035745682512499,0.1654696371883875,0.330939274376775,0.5,2,0.0051844565062687895,-0.004233832046317675,0.0012707425126707982,163.29339494391462,0.8526295526684092,1328,0.0029711611568927765,0.009145446121692657,-0.0005098421243019402,-0.0011903358390554786,-113.18631640448473,-0.05239935219287872,0.05239935219287872,0.4358322836916863
job_000008,Bulgaria,5,0.25293012096371087,True,3,0.01607706191403984,0.7513647921406275,0.6248007590902955,0.14025997755835126,0.13904057346539297,0.6666666666666666,2,0.0016730899132856643,-0.0010060264034666892,-0.0006924047032590846,-145.46203569071244,0.7299519926225244,2206,0.0032622923608869314,0.009109800681471825,0.000766649201977998,-0.002597671700641513,-73.5571222908112,-0.045985814183950424,0.045985814183950424,0.8302261339770267
job_000008,Bulgaria,6,0.3035161451564531,True,3,0.016111703756063248,0.7513576595015476,0.6248517493064283,0.14030089176580382,0.13901323310439787,0.6666666666666666,3,0.0015229723188520524,-0.000141000191131914,0.0010079901899091995,97.96300763846429,0.668301145099046,2206,0.00042517652036622167,0.0012408813927322626,2.4964923795778304e-05,5.5588225222891197e-05,65.81493560212833,-0.0007081247749738395,0.0007081247749738395,0.14332126752435914
job_000008,Bulgaria,7,0.35410216934919525,True,3,0.016068576564967737,0.7513978569261556,0.6249229868438924,0.14031180021482012,0.13893185088394824,0.6666666666666666,3,0.002501761756658753,0.0007946349856365136,0.0014082454314391648,60.56513274382047,0.6463335134224774,2206,0.0014579326380044222,0.004602905362844467,-8.987129695015028e-05,0.00133953255135566,93.83830967947111,0.005409767385572195,0.0,0.9208545944147067
job_000008,Bulgaria,8,0.4046881935419374,True,3,0.016030248221632407,0.7514120704627851,0.6250167184276297,0.1402982611238939,0.13888622415963767,0.6666666666666666,3,0.0018846415922570577,0.00028097753987364434,0.0018529146188729702,81.37731181796846,0.9944051858467358,2206,0.0012788542080670595,0.002950497204437852,1.0062708497571293e-05,0.0008127675391733646,89.29066892608449,0.005440244451165199,0.0,0.635592254242844
job_000008,Bulgaria,9,0.4552742177346796,True,3,0.015997808929874607,0.7514721235469201,0.6251268096313675,0.14013190678600274,0.13877330052694029,0.6666666666666666,3,0.0029030770173244895,0.0011871477368156041,0.002176316591284322,61.38820201469368,0.8539377046622089,2206,0.0012925508199259639,0.004164588637650013,0.00010568559082457796,0.0008564101881347597,82.96496284923528,-0.008973219431936741,0.008973219431936741,0.6675997709797449
job_000008,Bulgaria,10,0.5058602419274217,True,3,0.01583815119527921,0.7514401497375228,0.6246128290626279,0.13997164865511608,0.1392116603946679,0.6666666666666666,3,0.0121129615782872,-0.00063206804463602,-0.010160525104350776,-93.55968059403368,0.8404357567500217,2206,0.001181076280772686,0.0029403152875602245,6.826630851719528e-05,-0.00025062181521207094,-74.76299012996533,-0.013505470007658005,0.013505470007658005,0.21992900148110167
job_000008,Bulgaria,11,0.5564462661201639,True,3,0.01577315968259041,0.7514037518787898,0.624365153250748,0.1399893179030655,0.13941229613492653,0.6666666666666666,3,0.005712421433466915,-0.0007195240051702796,-0.004896131210791684,-98.36021271792673,0.8663083846333393,2180,0.0012191615533083677,0.002791314385831356,0.00019337028788868338,-0.0008227654616348445,-76.77410225608229,-0.009675402194261551,0.009675402194261551,0.693249760868285
job_000008,Bulgaria,12,0.6070322903129062,True,3,0.014889361163415457,0.7536890610323761,0.6243607595743765,0.13802584531916728,0.13803413027035497,0.6666666666666666,3,0.04667819651746186,0.0451766904012598,-8.685553849120675e-05,-0.11015525057762997,0.9678346051221214,2050,0.0016109603457152843,0.004015183076262474,3.3617267035879195e-05,-0.0008593778475187719,-87.75983759144398,-0.010819081217050552,0.010819081217050552,0.5338648595649662
job_000008,Bulgaria,13,0.6576183145056483,True,3,0.014985695430589297,0.7518962524127858,0.6250717427776804,0.13934019545718954,0.13850616967458804,0.6666666666666666,3,0.04493319855120279,-0.03544078919424884,0.014054933445547627,158.36795732965902,0.8485036835403227,2062,0.0032199088018387556,0.00846630334854126,-0.0003312867775093764,-0.0008732702117413282,-110.77491331983806,-0.04451984539628029,0.04451984539628029,0.2900696276270765
job_000008,Bulgaria,14,0.7082043386983905,True,3,0.015065170222834478,0.751192364132408,0.6253120720373916,0.13986895468838928,0.13872171254385593,0.6666666666666666,3,0.017137436233245425,-0.013914678838881882,0.004750902320282457,161.14850597861937,0.8579684268338061,2126,0.0005521412240341306,0.001530537847429514,0.00010096932237502187,3.563072459655814e-05,19.437256031507786,-0.002273611491546035,0.002273611491546035,0.19392088909228342
job_000008,Bulgaria,15,0.7587903628911327,True,3,0.015124230428002556,0.7509549199297539,0.6253961440322304,0.14007328798767238,0.13881792048317101,0.6666666666666666,3,0.006073069694204331,-0.004693869629866142,0.0016619609107544379,160.50244591914992,0.8199165288629409,2126,0.0008448216249234974,0.0023981472477316856,8.855123451212421e-05,0.0006158076575957239,81.81713715197924,-0.0033306314144283533,0.0033306314144283533,0.7364179134748844
job_000008,Bulgaria,16,0.8093763870838748,True,3,0.015136378764722385,0.7510109719879923,0.6254979780950113,0.14003945530166673,0.1387565035831196,0.6666666666666666,3,0.002443895001108507,0.0011080542330184965,0.002013086903072467,61.170495152261076,0.9402576633478208,2126,0.0013268222101032734,0.0023267739452421665,0.00025747567997314036,0.0007342496537603438,70.67601547264992,-0.004405273124575615,0.004405273124575615,0.5864274822744495
job_000008,Bulgaria,17,0.859962411276617,True,3,0.015176287547205267,0.7511118752174907,0.6253261923299436,0.14016626961364714,0.13882635782019767,0.6666666666666666,3,0.004547119516499506,0.001994685906010106,-0.003395913551403472,-59.57094851496177,0.8661309135965369,2094,0.001878773677162826,0.007628896739333868,0.0004063697415404022,0.0013752541271969676,73.53827401749476,-0.012701718136668205,0.012701718136668205,0.7632831869136064
job_000008,Bulgaria,18,0.9105484354693592,True,3,0.01520483317546661,0.7511672032139408,0.6253203297784606,0.14016690744100388,0.138834718712438,0.6666666666666666,3,0.0011668286391980918,0.0010937407581063949,-0.0001158927110100129,-6.048488558174968,0.9426093735540992,2094,0.0007272974471561611,0.00209716591052711,-0.0001533465983811766,-8.44019086798653e-05,-151.17163053510112,-0.02805297076702118,0.02805297076702118,0.24067126905546182
job_000008,Bulgaria,19,0.9611344596621013,True,3,0.015113564604214242,0.7514195559587217,0.6253692397134484,0.14022837030315644,0.13865734622634193,0.6666666666666666,3,0.007006268839963636,0.0049885862510025344,0.0009668665558960192,10.96882720791491,0.7252675532862484,2128,0.0005530210328288376,0.0014821488875895739,2.9797696697642095e-05,-0.00016835790302138776,-79.96315108407512,-0.014977510087192059,0.014977510087192059,0.30916458708891215
job_000008,Bulgaria,20,1.0117204838548435,True,3,0.015193985973897975,0.7519038949449773,0.6252553865277531,0.14030374336501963,0.13842894712345152,0.6666666666666666,3,0.010096674942600628,0.009574561234745172,-0.002250684601370569,-13.2283093611497,0.9741363236862706,2128,0.0008445266867056489,0.0025628472212702036,0.00020263093756511807,-0.0006022033048793674,-71.40280884872696,-0.016464175656437874,0.016464175656437874,0.752350758622258
job_000008,Bulgaria,21,1.0623065080475858,True,3,0.015266506152411397,0.7520950934794151,0.6251986956168857,0.14039216820831346,0.13840338952217332,0.6666666666666666,3,0.004910329109018083,0.0037796711144827046,-0.0011206832672090803,-16.51524043039005,0.8028615907931698,2140,0.0008199604926630855,0.0026936812791973352,0.00011226606147829443,9.665728612162638e-06,4.920838207237099,-0.023725664243102074,0.023725664243102074,0.13742294602532082
job_000008,Bulgaria,22,1.1128925322403278,True,3,0.01526525265179528,0.7515040433033667,0.6252947478566666,0.14026828232864083,0.13872586054190084,0.6666666666666666,3,0.012661853222232363,-0.01168406067645242,0.0018987900574042203,170.76949172623702,0.9348823033184428,2178,0.0002791156875900924,0.0006598055479116738,8.308301767101511e-05,-1.8954222468892112e-05,-12.8512866205945,-0.006967009045183659,0.006967009045183659,0.30531306005360376
job_000008,Bulgaria,23,1.16347855643307,True,3,0.015406207897725612,0.7516601697394618,0.6252218758700553,0.14025273408080668,0.13871173195436842,0.6666666666666666,3,0.004243912534327949,0.003086355146242723,-0.0014405557221410061,-25.02080587320932,0.8025596792691115,2178,0.0010792631655931473,0.0023323192726820707,0.0001158121376647614,0.000524451956152916,77.54749888148098,0.0016972757875919342,0.0,0.4976421754818224
job_000008,Bulgaria,24,1.2140645806258124,True,3,0.015440318241274878,0.7519230019358519,0.6253255068594566,0.13998868592710234,0.13850159464482265,0.6666666666666666,3,0.00602233546737009,0.005195747255972742,0.002048609098167025,21.518611036201147,0.9273864928662048,2164,0.0016273941146209836,0.0036571037489920855,6.53161114314571e-05,0.0011672087712213397,86.79711236117276,-0.0038357689045369625,0.0038357689045369625,0.7183477266633188
job_000008,Bulgaria,25,1.2646506048185544,True,3,0.015003868313656176,0.7510653706589817,0.6262773195511834,0.14009469871533486,0.13841700283297542,0.6666666666666666,3,0.02727517877058867,-0.016953917421982302,0.01881572444001737,132.02044801405017,0.9285803450048136,2119,0.002284449525177479,0.00842380803078413,0.00011530964548001066,0.0001409400865668431,50.71180361317441,-0.05594807490706444,0.05594807490706444,0.07971287256800233
job_000008,Bulgaria,26,1.3152366290112967,True,3,0.014561149534466066,0.7510416923966385,0.6266586905405727,0.14021673490380668,0.13818103534638107,0.6666666666666666,3,0.008269660681671938,-0.00046807913294425466,0.007539058375810262,93.55277491877276,0.9134081257672999,2037,0.0026442965026944876,0.007257245946675539,0.00045158457942306995,-0.0017842926317825913,-75.79731010073074,-0.05642256513237953,0.05642256513237953,0.6960457072677425
job_000008,Bulgaria,27,1.3658226532040387,True,3,0.014431732743486872,0.7517974803348549,0.6258571895484102,0.13963357957276898,0.13826084182966528,0.6666666666666666,3,0.026260628478009584,0.01494064715061824,-0.01584431678418858,-46.681392007702115,0.8292883510566006,2070,0.0015590520342811942,0.005209470633417368,0.00041765725472941995,-0.001198756624944508,-70.7912180485248,-0.032690610736608505,0.032690610736608505,0.8142325965462232
job_000008,Bulgaria,28,1.416408677396781,True,3,0.01433774328333966,0.7521389063409742,0.6255716532203107,0.13933554248151972,0.13823070788232256,0.6666666666666666,3,0.011115681430078067,0.006749413727760281,-0.005644569476570132,-39.90591313705796,0.7915503984562466,1998,0.0014078638050705194,0.0034863187465816736,0.0004397645534481853,-0.0008736330200918019,-63.28048364438334,-0.027180759236216545,0.027180759236216545,0.6947215817670152
job_000008,Bulgaria,29,1.466994701589523,True,3,0.014281094411453631,0.7523059203723115,0.6253996718352115,0.13923449616152522,0.13823516419061685,0.6666666666666666,3,0.005414152632308365,0.0033015844593944736,-0.0033997806280244938,-45.83950409011129,0.8753150702255734,1966,0.0010804672492668033,0.0024767653085291386,0.0003159338375553489,-0.0006490307860076427,-64.04420504980946,-0.004680273588746786,0.004680273588746786,0.6680827210029797
job_000008,Bulgaria,30,1.5175807257822653,True,3,0.014232752903479912,0.7523803822174226,0.625357386219345,0.13919213584219828,0.13825128796420563,0.6666666666666666,3,0.002272731410794047,0.001471984531288344,-0.0008359149891976092,-29.5915062985434,0.7448203104405307,1996,0.0003767950984183699,0.0009483611211180687,0.00012548110680654645,-7.557389835710637e-06,-3.446607515837442,-0.003207708476111293,0.003207708476111293,0.3336255751997712
job_000008,Bulgaria,31,1.5681667499750074,True,3,0.01420775270329855,0.7524127689047088,0.6253506899632969,0.1392032140578026,0.13827897753676335,0.6666666666666666,3,0.001052949545773291,0.000640229941036177,-0.00013237363787213497,-11.681840142101096,0.6208953598664879,1996,0.0002570355427451432,0.0007177655934356153,5.1131693908246234e-05,0.00011901437392225489,66.7503724393628,-0.0011300022015348077,0.0011300022015348077,0.5039508594697157
job_000008,Bulgaria,32,1.6187527741677497,True,3,0.01419425032720588,0.7524183271018514,0.625358388620834,0.13921874844689489,0.138267295319246,0.6666666666666666,3,0.0008512191155442516,0.00010987614131173025,0.00015218941713416096,54.1718584810383,0.22051695179594893,2021,0.0003193492884747684,0.0006316588260233402,0.00017596266116015613,7.3111048550345e-05,22.562485548743762,0.0054725767113268375,0.0,0.5966720713852836
job_000008,Bulgaria,33,1.669338798360492,True,3,0.014174018877255728,0.752475174609723,0.6252759633980033,0.13915418065695426,0.13829037446380643,0.6666666666666666,3,0.002873533845166728,0.0011237789246852058,-0.0016294070179666074,-55.40652111641677,0.6888225886004287,2021,0.0012215563328936696,0.0028490074910223484,0.0006355454679578543,-0.0005279905162751675,-39.718700524930476,-0.011467598378658295,0.011467598378658295,0.6763927063936037
job_000008,Bulgaria,34,1.719924822553234,True,3,0.014161983732299745,0.7524807752968489,0.6252362470884196,0.13913056476238697,0.1383165688023886,0.6666666666666666,3,0.0011844288575013982,0.00011071609630090742,-0.0007851241566720997,-81.97323053521707,0.6694299672935461,2021,0.0012521394528448582,0.005222334060817957,0.00036165883648209274,-0.0009829276241362095,-69.79938968993773,-0.0002552647783886641,0.0002552647783886641,0.8364490550141769
job_000008,Bulgaria,35,1.7705108467459763,True,3,0.01406866768545268,0.7528029449734582,0.6251638322651268,0.13913682160192278,0.13808961177447784,0.6666666666666666,3,0.007719279417941116,0.0063687487156925855,-0.001431518377819782,-12.6679659714068,0.8456293550882266,1988,0.001350764068774879,0.0036830210592597723,-0.00010732710506999865,-0.0008016074425540864,-97.62597051507933,-0.006527278572320938,0.006527278572320938,0.5987430014699207
job_000008,Bulgaria,36,1.8210968709387183,True,3,0.014095246237391881,0.7527434627530346,0.6251256026938061,0.139231134166113,0.13804427405754496,0.6666666666666666,3,0.0065966266280148705,-0.0011758627283521654,-0.0007557338599112775,-147.27090758378444,0.21189303649851435,1988,0.002430510940030217,0.0066498820669949055,-0.00016748416237533092,-0.0008252754923887551,-101.47199491398294,0.013419441878795624,0.0,0.3464699135200529
job_000008,Bulgaria,37,1.8716828951314606,True,3,0.014255139078274932,0.752427568135702,0.6250094824853469,0.13971015226063507,0.13833296403227915,0.6666666666666666,3,0.009339110650348035,-0.00624470142442916,-0.0022954998008298606,-159.81699614206448,0.712406267030124,2034,0.0022767591290175915,0.007000550627708435,6.86949206283316e-05,-0.0004470580897759646,-81.2642604358412,0.039614804089069366,0.0,0.19866182639288466
job_000008,Bulgaria,38,1.9222689193242026,True,3,0.01435675462267605,0.7522643159432706,0.6251289989345168,0.13983401020772485,0.1383643633849623,0.6666666666666666,3,0.005140843786330249,-0.0032272192771926247,0.002362637726073249,143.79225172203832,0.7780094688033595,2034,0.0009517089347355068,0.0022506441455334425,-0.000256537547102198,0.0002842430549208075,132.06716182577094,-0.016212156042456627,0.016212156042456627,0.4023195842424834
job_000008,Bulgaria,39,1.972854943516945,True,3,0.014433924962305405,0.7521629496389838,0.6251803117271592,0.1398365771110391,0.1383477968961078,0.6666666666666666,3,0.002865197303587201,-0.0020038401100777458,0.0010143669810238143,153.15094094430938,0.7838745956381961,2034,0.0006769033498130739,0.0012772832997143269,-0.00010131101589649916,6.057624705135822e-05,149.12380090355833,0.0022273375652730465,0.0,0.1743821171469228
job_000008,Bulgaria,40,2.023440967709687,True,3,0.01449236317748642,0.7521103138996228,0.6252194188770585,0.13985727581739546,0.1383426822611029,0.6666666666666666,3,0.0014405979702732535,-0.0010405193964344592,0.000773082101693602,143.3884958319853,0.8998193715607361,2034,0.00046709601883776486,0.0012644270900636911,-2.9499542506528087e-05,5.9318375861039385e-05,116.44155686535308,0.0027927192859351635,0.0,0.14183104967526852
job_000008,Bulgaria,41,2.0740269919024295,True,3,0.014546988440146673,0.7520751899720725,0.6252139156670115,0.13988197876767505,0.13835622068712505,0.6666666666666666,3,0.0013713396286919998,-0.0006943405438712635,-0.00010878913958306843,-171.09530342228908,0.5124998855045833,2057,0.002551834098994732,0.008120127953588963,-0.00040377629920840263,-0.000810766767244786,-116.4741227912989,0.006861477624624968,0.0,0.3549397014794598
job_000008,Bulgaria,42,2.1246130160951715,True,3,0.01457851236705379,0.7520912308045126,0.6252625482411829,0.13989873505873535,0.13836234374498976,0.6666666666666666,3,0.00191730038639726,0.0003171000824036852,0.0009613836024350684,71.74552181401035,0.5279973061568949,2057,0.0021297703497111797,0.006072166841477156,-2.4751314413151704e-05,-0.0001637609675526619,-98.59479959025387,-0.0003766684385482222,0.0003766684385482222,0.07776467478770431
job_000008,Bulgaria,43,2.1751990402879136,True,3,0.014567343346344592,0.7521183877470069,0.6252465093832041,0.13987020988629803,0.13844553072277535,0.6666666666666666,3,0.003947951323989469,0.0005368467462659065,-0.00031706105064815206,-30.566048375499477,0.1579259268846611,2057,0.0033817514777183533,0.009846745058894157,0.0011918424861505628,-0.0011267391964793205,-43.39161850211815,-0.015710648149251938,0.015710648149251938,0.4849945421519201
job_000008,Bulgaria,44,2.2257850644806556,True,3,0.014595259760363478,0.7520949341896473,0.6252915136105774,0.1397908463317946,0.1383477004971241,0.6666666666666666,3,0.0018660736668817378,-0.0004636370960944631,0.0008896573330563111,117.52587666778466,0.537609848165478,2011,0.0021736451890319586,0.006894997321069241,0.00026615511160343885,-0.00048216088907793164,-61.10109284186974,0.0055693816393613815,0.0,0.2533729213143511
job_000008,Bulgaria,45,2.276371088673398,True,3,0.014661046692186392,0.7520034430347354,0.625314311783136,0.13988375832128344,0.13835506071213963,0.6666666666666666,3,0.003146466636227949,-0.001808625136522586,0.0004506812488718175,166.0077441855159,0.5923885853440237,2060,0.004062028136104345,0.0174463652074337,-0.0008389470749534667,0.003346143290400505,104.07509589256235,0.06874481588602066,0.0,0.8492583134165868
job_000008,Bulgaria,46,2.32695711286614,True,3,0.014735593713290853,0.7518220534428721,0.6252129947629278,0.14006879333921937,0.13848882010691163,0.6666666666666666,3,0.00503979187728107,-0.0035857649372129223,-0.002002865847337574,-150.81400925057565,0.8149564604966006,2060,0.0017596670659258962,0.005677180830389261,0.00018306296260561794,-0.00037275286740623415,-63.84384627312538,-0.011538335122168064,0.011538335122168064,0.23599868927515896
job_000008,Bulgaria,47,2.377543137058882,True,3,0.01482462270033241,0.7516741858855918,0.6253136701511836,0.1402541209500325,0.1385745000776195,0.6666666666666666,3,0.005295346848228015,-0.0029230911035224576,0.001990181870632313,145.7510716828632,0.6678091931862291,2060,0.002704357961192727,0.0065526501275599,0.0004693246737588197,-0.0016570736188441515,-74.18655206179493,-0.021932274103164673,0.021932274103164673,0.6368439248504658
job_000008,Bulgaria,48,2.4281291612516247,True,3,0.014891817019412583,0.7516864612788831,0.6253035324513488,0.14040996993534458,0.13860150593711287,0.6666666666666666,3,0.003576762204553817,0.00024266372950420057,-0.00020040515135364432,-39.55178127456864,0.08798985275436223,2117,0.0022131360601633787,0.004957839846611023,0.0004623105050995946,-0.0006648621056228876,-55.18725867314218,-0.009121973998844624,0.009121973998844624,0.3659051535773516
job_000008,Bulgaria,49,2.4787151854443668,True,3,0.014940293301112219,0.75168478805844,0.6252832181279494,0.1404416111752966,0.13857393439256327,0.6666666666666666,3,0.0014004000423959476,-3.307673354072058e-05,-0.00040157975890656086,-94.70862590426994,0.28773182812058634,2117,0.0009010679204948246,0.0023513867054134607,3.9129659853642806e-05,7.16230642865412e-05,61.35100036286405,0.009922663681209087,0.0,0.09057575867116327
job_000008,Bulgaria,50,2.529301209637109,True,3,0.014958429131679671,0.7516612600216609,0.6253453546448983,0.14045678135707734,0.13854341161098163,0.6666666666666666,3,0.0015703360257645026,-0.0004651094280438113,0.0012283336739829281,110.73920733631827,0.8364083683879906,2117,0.0008093792712315917,0.0025018490850925446,-6.0225680499570444e-05,0.0004428437096066773,97.74457538354707,0.011376502923667431,0.0,0.5521765093962563
job_000008,Bulgaria,51,2.579887233829851,True,3,0.014975239343848408,0.7516908199756211,0.6254111411272419,0.14042591665358972,0.13847359907428466,0.6666666666666666,3,0.0016447924888117877,0.00058435021198253,0.001300487306391896,65.8041038221128,0.8668201357094574,2117,0.0016503700753673911,0.0041813477873802185,0.0002944419684354216,0.0012565539218485355,76.81210620024906,0.011731363832950592,0.0,0.7820006654236837
job_000008,Bulgaria,52,2.6304732580225934,True,3,0.014986346349633344,0.7517935007424983,0.6254264427358621,0.14031358321043155,0.13838010325221586,0.6666666666666666,3,0.0030260602838939206,0.002029824808644311,0.0003024868798141383,8.475909347813602,0.6781885792238772,2117,0.0017659144941717386,0.00660948920994997,0.0003906825149897486,-0.0002838493383023888,-36.000180092399226,0.02281666360795498,0.0,0.2734624187950033
job_000008,Bulgaria,53,2.6810592822153354,True,3,0.014892998761950903,0.7517645155734689,0.6262874768582356,0.1406626944734552,0.1377783974941468,0.6666666666666666,3,0.018818671386747015,-0.0005729876876424639,0.017021185912790043,91.92803155914164,0.9049962738258647,2094,0.0019477495225146413,0.007416232954710722,-3.3832595363492146e-05,0.0013767306227236986,91.40773715190167,0.03401374816894531,0.0,0.7070448510956564
job_000008,Bulgaria,54,2.7316453064080775,True,3,0.014827854436626955,0.751770892512076,0.6266009500721902,0.1408153338311762,0.13757434287666145,0.6666666666666666,3,0.00745799040101365,0.0001260612730215498,0.00619683438176749,88.83460128693868,0.8310705885445637,2094,0.001004716265015304,0.002556193619966507,-9.674466855358332e-05,-0.0004839972825720906,-101.30369597355589,0.000648835557512939,0.0,0.49125468849198584
job_000008,Bulgaria,55,2.78223133060082,True,3,0.014779054412058124,0.7517857062545287,0.626712525996281,0.14087735570549334,0.13748619839805024,0.6666666666666666,3,0.003102513474156719,0.0002928425921839099,0.002205666997386119,82.43716919305228,0.717167611136027,2071,0.0008090811315923929,0.002204087795689702,-2.3551370759378187e-05,-0.0003192820295225829,-94.21869883960412,0.006061508785933256,0.0,0.3956951346943277
job_000008,Bulgaria,56,2.832817354793562,True,3,0.01476030340377125,0.7518138001328921,0.6266834995229474,0.14093929532079114,0.13748314342519508,0.6666666666666666,3,0.0019468941370376063,0.0005553683811231595,-0.0005738042037664661,-45.93537604534949,0.41016714199179144,2071,0.0006924698245711625,0.0012607560493052006,0.00017762137576937675,-0.00043705161078833044,-67.88276997481744,0.019343355670571327,0.0,0.6812806946561736
job_000008,Bulgaria,57,2.883403378986304,True,3,0.014720350470639357,0.7523523316904902,0.6266890413999419,0.14052388035765612,0.13717843754814713,0.6666666666666666,3,0.010932499771538796,0.010645856562003638,0.00010955351962915843,0.5895939616403584,0.9738321940830593,2071,0.003101375885307789,0.010231698863208294,0.0009317616932094097,0.0001931295555550605,11.710081456756939,0.028264937922358513,0.0,0.30682077058661855
job_000008,Bulgaria,58,2.933989403179046,True,3,0.014622151081893976,0.7523063076827933,0.6265751399784684,0.14066912488444278,0.1373198809845785,0.6666666666666666,3,0.0029703890988796735,-0.0009098166624347202,-0.00225163814098975,-112.00209568331432,0.8175716284915695,2071,0.0017619088757783175,0.007446131203323603,-0.00031615691841579974,0.0013315194519236684,103.35700249046948,0.017979541793465614,0.0,0.7767365902922254
job_000008,Bulgaria,59,2.9845754273717886,True,3,0.014596557571551268,0.7520624721166221,0.626616432932828,0.14082388589659808,0.13742018490389338,0.6666666666666666,3,0.00523863495962057,-0.004820216058926027,0.0008162917528810854,170.38829152874987,0.9332289850826475,2071,0.002207416808232665,0.008926579728722572,-0.0005186725757084787,0.0004584304697345942,138.5280362352143,-0.017457464709877968,0.017457464709877968,0.313591929282992
job_000008,Bulgaria,60,3.0351614515645307,True,3,0.014620617223633692,0.751877138159324,0.6266938365976981,0.14086011658614264,0.13748246264196715,0.6666666666666666,3,0.0043408882764909605,-0.003663738359667662,0.0015301393241569465,157.33242507021004,0.914658148354888,2071,0.0029562313575297594,0.008472097106277943,-0.001079933950677514,-0.0006371886120177805,-149.45830969902178,-0.02202962338924408,0.02202962338924408,0.4241550909201288
job_000008,Bulgaria,61,3.0857474757572727,True,3,0.014630643112680598,0.7518572791939219,0.6268053396379235,0.14067517682750616,0.1373488158984826,0.6666666666666666,3,0.00372235647826942,-0.00039257810273280467,0.0022042262068387134,100.09862978858013,0.6014772793358296,2105,0.003002187702804804,0.009143427014350891,-0.0004015536396764219,0.0008635917329229414,114.93752668246998,0.06461498886346817,0.0,0.3172301248244445
job_000008,Bulgaria,62,3.1363334999500148,True,3,0.014671559343842337,0.751818670007888,0.6268324756098651,0.14065052144554602,0.1372999234183536,0.6666666666666666,3,0.0022206042688015268,-0.0007632381996766752,0.0005364321939626417,144.89902503031527,0.420108372990576,2105,0.0021911137737333775,0.006590909790247679,0.00017464891425333917,0.00011211945093236864,32.69926604396472,0.03526119887828827,0.0,0.09471913097698875
job_000008,Bulgaria,63,3.1869195241427573,True,3,0.014766124901125445,0.7517496476672451,0.6259800137775597,0.14159465890255118,0.13797989891443432,0.6666666666666666,3,0.017125613468509437,-0.0013644547430736887,-0.01685172626054215,-94.62904070545477,0.987227395241984,2071,0.002575173508375883,0.009251302108168602,0.00027712437440641224,0.0008687759982421994,72.30822513040359,0.05753249675035477,0.0,0.3541137743150759
job_000008,Bulgaria,64,3.2375055483354993,True,3,0.014822493742496038,0.7520938633558885,0.6264446710570094,0.1407823810471723,0.1373746967318833,0.6666666666666666,3,0.012309920357055394,0.006804561025233316,0.009185487234165313,53.46914531912407,0.9286271729557217,2105,0.0015492192469537258,0.005040849093347788,9.950240928446874e-05,-0.0010106392437592149,-84.37707007666769,0.006104954518377781,0.0,0.6555080462874068
job_000008,Bulgaria,65,3.2880915725282414,True,3,0.015044305634697226,0.7526086393509518,0.6258736290308616,0.1403371270720498,0.13746595806040943,0.6666666666666666,3,0.020760354733030947,0.01017624933523095,-0.011288533448921839,-47.966358224537366,0.7320808301798891,2136,0.005009713117033243,0.018803957849740982,0.00027412595227360725,-0.0010020849294960499,-74.70071617114925,0.10943641513586044,0.0,0.20737772394992374
job_000008,Bulgaria,66,3.338677596720984,True,3,0.015198421021830933,0.752637789547585,0.6246859934233465,0.14136256205647948,0.13838118760958934,0.6666666666666666,3,0.024460795506613116,0.0005762500037975914,-0.023477543975190158,-88.59397280404824,0.9600920319514415,2136,0.0034320997074246407,0.011152548715472221,0.0005681635811924934,-0.0031685440335422754,-79.83411489607288,0.013351703062653542,0.0,0.9379333547207722
job_000008,Bulgaria,67,3.389263620913726,True,3,0.015161322994864095,0.7532425866352433,0.6258313147616373,0.1395168217334244,0.13709351427675986,0.6666666666666666,3,0.029559284014413694,0.011955813830195833,0.022641062557654922,62.16330861705996,0.8661877696178244,2179,0.0033590984530746937,0.013388494029641151,0.001420776010490954,-0.0004240134439896792,-16.617098584670767,-0.03337059170007706,0.03337059170007706,0.44139745214950793
job_000008,Bulgaria,68,3.439849645106468,True,3,0.015182602352644568,0.753483022267407,0.6256047476943042,0.13952967903949778,0.1371124858904138,0.6666666666666666,3,0.006970015427172105,0.004753005123464781,-0.0044788470916387125,-43.29898892337943,0.9369826007588316,2145,0.003901934716850519,0.014354163780808449,0.001126583432778716,0.0013190503232181072,49.499798354351086,-0.034910790622234344,0.034910790622234344,0.44456693212229126
job_000008,Bulgaria,69,3.49043566929921,True,3,0.015118718858864708,0.7540344577742489,0.6255173911732688,0.13922515131274796,0.136860404160231,0.6666666666666666,3,0.012266548100679444,0.010900945777844095,-0.0017268904293137107,-9.001795781795503,0.8997545309049777,2145,0.0036458394024521112,0.01057108398526907,0.0019486438250169158,-0.0009006928303278983,-24.807098305064137,-0.02366567775607109,0.02366567775607109,0.588817070874982
job_000008,Bulgaria,70,3.5410216934919525,True,3,0.014868835999156895,0.7538937042992849,0.6262585059702834,0.13915855059747936,0.1364019647630568,0.6666666666666666,3,0.020168950448231294,-0.0027824577481633233,0.014650584006976506,100.75361415641481,0.7393774605039991,2126,0.001727125607430935,0.0048477076925337315,-0.00013185788702685386,-0.00019730377243831754,-123.75476201501375,-0.034401360899209976,0.034401360899209976,0.1374007819667057
job_000008,Bulgaria,71,3.5916077176846946,True,3,0.014681871466443092,0.7538206483567705,0.6265137161381437,0.13920680589087475,0.13627441544894112,0.6666666666666666,3,0.00867754942696853,-0.001444192218707387,0.005045072664493846,105.97419114551111,0.604745499477399,2109,0.0035056339111179113,0.014346582815051079,0.0011462096590548754,-0.002758432412520051,-67.435680784398,0.041595347225666046,0.0,0.8520845736236078
job_000008,Bulgaria,72,3.6421937418774366,True,3,0.014659621309789983,0.7540597823424103,0.62654278381202,0.1390735540669497,0.13611939214551347,0.6666666666666666,3,0.008223236880566325,0.004727273776818936,0.000574618668698474,6.930526516425256,0.5790991266204041,2052,0.0048493738286197186,0.022223137319087982,0.0010179401142522693,-0.0036107811611145735,-74.25596045236759,0.08347389101982117,0.0,0.7736102663214997
job_000008,Bulgaria,73,3.692779766070179,True,3,0.01460819432069034,0.7542044810002307,0.6267086611937888,0.13878640009228943,0.13589313568955017,0.6666666666666666,3,0.005148548465474538,0.002860447329663503,0.003279114823030975,48.90106021531318,0.8451718355442008,2085,0.0017146395985037088,0.006632067728787661,0.00018251364235766232,1.593515116837807e-05,4.989805123998962,0.011789800599217415,0.0,0.10684925615978057
job_000008,Bulgaria,74,3.743365790262921,True,3,0.01479276233271274,0.7546243351856305,0.6259510300880603,0.13852217307382686,0.13615436890531055,0.6666666666666666,3,0.01886566466387367,0.00829980596617099,-0.014977083449800073,-61.006224697255604,0.9076318552976851,2102,0.001288899569772184,0.00348419276997447,0.0005948705365881324,0.0002117735566571355,19.595699205630275,-0.03812170773744583,0.03812170773744583,0.48990783381143066
job_000008,Bulgaria,75,3.793951814455663,True,3,0.014722600003737193,0.7543814392659492,0.6263484426070862,0.13873725429506004,0.13602207125648288,0.6666666666666666,3,0.012820877861003216,-0.004801640839688732,0.007856172240610698,121.43299944374772,0.7181524410855905,2109,0.0016435461584478617,0.0046472749672830105,-3.611001739045605e-05,0.0011075353249907494,91.8674067588831,-0.03532348573207855,0.03532348573207855,0.674227387769135
job_000008,Bulgaria,76,3.8445378386484053,True,3,0.014679791292689325,0.7543021686963985,0.6264385659345397,0.1388489523264127,0.13599761963358392,0.6666666666666666,3,0.006123145735964192,-0.001567044866950199,0.0017815855049234176,131.33417421379073,0.38749591156864066,2085,0.0008217817521654069,0.0021658549085259438,-0.0003299955278635025,0.00010783589823404327,161.90364975479497,-0.02254648506641388,0.02254648506641388,0.42245768081368545
job_000008,Bulgaria,77,3.8951238628411478,True,3,0.014867784683706173,0.7546137677608892,0.6254178010326599,0.13886076522976892,0.13654623736820798,0.6666666666666666,3,0.021386642159365293,0.006159785621883903,-0.020178792822115727,-73.02464701726508,0.9865047707458542,2085,0.0018422355642542243,0.005329079460352659,-0.00012091501412214711,-0.00018150769756175578,-123.67036890593589,-0.03222939372062683,0.03222939372062683,0.11838612409968816
job_000008,Bulgaria,78,3.94570988703389,True,3,0.015047845588688024,0.754009994032342,0.6250491349696652,0.1394440010990117,0.13720522433239457,0.6666666666666666,3,0.021767497353454335,-0.011935583754256773,-0.0072879035045323864,-148.59163488307843,0.6424576455963419,2128,0.0035611686762422323,0.006809515878558159,-0.00015669455751776695,-0.002494337735697627,-93.59460328974181,0.06995824724435806,0.0,0.7018074404583232
job_000008,Bulgaria,79,3.996295911226632,True,3,0.015277184527180998,0.7541011182824163,0.6248857061435081,0.13940678584053523,0.13725067837267366,0.6666666666666666,3,0.004457706945915519,0.001801372049464816,-0.0032307110267120152,-60.856942181657836,0.8297937944642553,2161,0.005424979608505964,0.014912072569131851,0.00019298742699902505,-0.0016309649217873812,-83.2517319774421,0.12614578008651733,0.0,0.302737185650219
job_000008,Bulgaria,80,4.046881935419374,True,3,0.01530785179916152,0.7537240043308148,0.6249103162615949,0.13945232626109674,0.13768996180098478,0.6666666666666666,3,0.01163284160845865,-0.007454903950639013,0.00048650034232696794,176.2662232438125,0.6422129368491847,2142,0.005430201068520546,0.013720919378101826,8.258743764599785e-05,-0.0022948032710701227,-87.9388776638814,0.09977691620588303,0.0,0.4228736425371022
job_000008,Bulgaria,81,4.097467959612116,True,3,0.01532223071929671,0.7535777999219314,0.6251897652497407,0.1391095016797633,0.1375512922379425,0.6666666666666666,3,0.008948922217465046,-0.0028902134772686304,0.0055242330783107476,117.61803292267807,0.6966894703587813,2145,0.004186831880360842,0.012294188141822815,-0.00028414546977728605,-0.0015223311493173242,-100.57268650001477,-0.037487391382455826,0.037487391382455826,0.36987924591384885
job_000008,Bulgaria,82,4.148053983804859,True,3,0.015318579779569562,0.7536184107533909,0.6257458542901869,0.1384352899545312,0.13711594598542418,0.6666666666666666,3,0.012153965715265218,0.0008028073387364612,0.010992938253603713,85.82314033876008,0.9068820652327806,2120,0.004835843574255705,0.01755985990166664,0.00032071705209091306,-0.0013541978551074862,-76.67603036957426,0.16469509899616241,0.0,0.28777972573093263
job_000008,Bulgaria,83,4.198640007997601,True,3,0.015317082768792895,0.7536980235319862,0.6259470740490997,0.13813073561389633,0.1369230612956995,0.6666666666666666,3,0.005237592887243111,0.0015738097600250514,0.00397777374529739,68.41372689003386,0.8167489767426412,2120,0.0029378284234553576,0.008737284690141678,0.0011434325715526938,-0.0018591650296002626,-58.407453968190296,0.12187381833791733,0.0,0.7429445108818388
job_000008,Bulgaria,84,4.249226032190343,True,3,0.015425484718493658,0.753867785261361,0.6253948050317052,0.13858835508113268,0.13725273944574745,0.6666666666666666,3,0.01176051970705131,0.003355901794692919,-0.010917422869414084,-72.91311841902565,0.971178787776715,2101,0.0030786783900111914,0.008221848867833614,0.0002721068449318409,-0.0017327222740277648,-81.07515676329301,0.0601440891623497,0.0,0.569711338126791
job_000008,Bulgaria,85,4.299812056383085,True,3,0.01566642295498444,0.7543090561361776,0.6252153161260876,0.13857276176136354,0.13716876839757608,0.6666666666666666,3,0.010378837473094675,0.008723177633711264,-0.0035481915901040633,-22.134253984280463,0.9073454809972396,2177,0.005225480534136295,0.01830671727657318,0.0015484066680073738,0.0008967588073574007,30.077252127380945,0.0827648788690567,0.0,0.342426027293588
job_000008,Bulgaria,86,4.350398080575827,True,3,0.015831245433804982,0.7543895700473614,0.625120330749613,0.1387776635989632,0.13720210107246109,0.6666666666666666,3,0.005579865842811109,0.0015916236246799876,-0.0018776999772240777,-49.71387809966512,0.4411411206147479,2198,0.00343509903177619,0.009875399060547352,0.00033013580832630396,-0.0009697795030660927,-71.20021516478452,-0.019689353182911873,0.019689353182911873,0.2982250250646098
job_000008,Bulgaria,87,4.400984104768569,True,3,0.01600525670202936,0.7543458047060801,0.6252409251235255,0.13875061368031041,0.13708619337001962,0.6666666666666666,3,0.003410352291993603,-0.000865166653826573,0.0023839464721115565,109.94652430530166,0.7436423626021467,2198,0.003015407593920827,0.008125179447233677,0.00031507431413047016,0.0005190754309296608,58.74260998510502,-0.006951471325010061,0.006951471325010061,0.20137107913886929
job_000008,Bulgaria,88,4.451570128961311,True,3,0.016136436984645702,0.7543956025119435,0.6253110104944501,0.1385854624257036,0.13691727254003627,0.6666666666666666,3,0.003103213668536387,0.0009844182589537258,0.0013854690508519315,54.60503820798791,0.547686844897716,2252,0.006391708739101887,0.022822536528110504,2.4122015020111576e-05,0.0043456824496388435,89.68196584182469,-0.10755165666341782,0.10755165666341782,0.6799041656545689
job_000008,Bulgaria,89,4.502156153154054,True,3,0.016173890731919327,0.7541733817905784,0.6252404808780698,0.13850645024698782,0.13702418088823215,0.6666666666666666,3,0.011691916871602504,-0.0043929271950347215,-0.0013942510309095282,-162.39132080383425,0.3941934279885554,2290,0.004447671119123697,0.01148362085223198,0.00019412004621699452,-0.00011291709233773872,-30.186004023937116,0.00300126732327044,0.0,0.05049218230084793
job_000008,Bulgaria,90,4.552742177346796,True,3,0.016211355011739714,0.7541558207835424,0.6251035564008046,0.13854422173782213,0.13716856310772838,0.6666666666666666,3,0.00413079103615602,-0.00034715135882556195,-0.0027067649504054826,-97.30847121043672,0.6606327381802618,2266,0.0016229621833190322,0.0046051666140556335,0.0003439289575908333,-0.0007445450173690915,-65.20628719244557,-0.02525586262345314,0.02525586262345314,0.5053370493556897
job_000008,Bulgaria,91,4.603328201539538,True,3,0.016424768118305563,0.7545774798982688,0.6245641631243984,0.13844576159781427,0.1373173085421601,0.6666666666666666,3,0.01378190439440939,0.008335486361211961,-0.010662891282994408,-51.9842454594754,0.9820349169871692,2310,0.0016192964976653457,0.004307185299694538,0.00029793285648338497,-0.000656110467389226,-65.57770114912088,0.023180250078439713,0.0,0.4449997395477035
job_000008,Bulgaria,92,4.65391422573228,True,3,0.016371228214915722,0.7543450318988735,0.6248503537675764,0.13844535970582897,0.13720801602088048,0.6666666666666666,3,0.008500910641584047,-0.004595103155560888,0.005657504177191334,129.08398124273094,0.8573794943492874,2290,0.002310184296220541,0.006783125456422567,-4.873703437624499e-05,0.0005771613796241581,94.8267564981471,-0.008996015414595604,0.008996015414595604,0.25072262306603
job_000008,Bulgaria,93,4.704500249925022,True,3,0.01657619098421175,0.7546816326147067,0.6242547926056493,0.13834354517079475,0.13741610559873682,0.6666666666666666,3,0.014193224194497374,0.006654025913375303,-0.011773235225164658,-60.52562834397824,0.9528140072117672,2310,0.007317872252315283,0.016051458194851875,0.001009928178973496,-0.0005110874772071838,-26.842292836594744,0.0004376630240585655,0.0,0.15467415996654063
job_000008,Bulgaria,94,4.755086274117764,True,3,0.016739332269895334,0.754849653616627,0.6239928812002561,0.13831604398289374,0.1374884375594837,0.6666666666666666,3,0.006313457733701593,0.0033214905619015508,-0.005177544777888261,-57.31907880726666,0.974325556726411,2335,0.0026084340643137693,0.007474913727492094,0.0005897789378650486,0.0009164423099718988,57.23658311812242,-0.03029724955558777,0.03029724955558777,0.4178058896497073
job_000008,Bulgaria,95,4.8056722983105065,True,3,0.016926830951383576,0.7551186684988296,0.6239720009814778,0.13807193429195622,0.13736941759206314,0.6666666666666666,3,0.006868508833856994,0.0053179684803386475,-0.00041276655185879755,-4.438247434219739,0.7765824396166651,2369,0.0032507956493645906,0.00680308323353529,0.0005807155393995345,0.0009342863340862095,58.13654574035064,-0.009538693353533745,0.009538693353533745,0.3383956854858957
job_000008,Bulgaria,96,4.856258322503249,True,3,0.016649027770821976,0.754237938934916,0.6250171916072658,0.13816969866396953,0.13732375372031233,0.6666666666666666,3,0.028845652234431318,-0.017410531425789414,0.02066164800391553,130.11915377530045,0.9366774834783576,2323,0.005127869546413422,0.013340277597308159,0.0016892871353775263,0.002022696426138282,50.132517593785906,0.023895079270005226,0.0,0.5139240033323049
job_000008,Bulgaria,97,4.9068443466959915,True,3,0.016769492474970223,0.7546883845360535,0.6248511461472087,0.13847915467785465,0.13762421522281973,0.6666666666666666,3,0.021609644586742152,0.008904546430079518,-0.0032824374460483623,-20.23514197395,0.4391685472147477,2299,0.0056063043884932995,0.016300946474075317,0.0016932007856667042,0.002892269752919674,59.654319176784796,-0.09611119329929352,0.09611119329929352,0.5977985207012382
job_000008,Bulgaria,98,4.9574303708887335,True,3,0.016958162048148703,0.7551203797651517,0.6246368474815512,0.13821789252945058,0.13730908317295568,0.6666666666666666,3,0.011532998915787697,0.008539813831825718,-0.004236321574533659,-26.384501681146173,0.8265698887304017,2320,0.0027942899614572525,0.008421055041253567,-0.0007152799516916275,-0.0016221742844209075,-113.79455455817744,0.010939369909465313,0.0,0.6344623990385745
job_000008,Bulgaria,99,5.008016395081476,True,3,0.017077428440357947,0.7552178675281557,0.6244508060397779,0.13813254220187315,0.1372000663614192,0.6666666666666666,3,0.004460860980382012,0.0019271679195918747,-0.0036777241291893075,-62.34496679018285,0.9307762506916367,2345,0.0027516663540154696,0.007968609221279621,-0.0005126342293806374,-0.00014420259685721248,-164.28885364443673,-0.009137243963778019,0.009137243963778019,0.1935300178674794
job_000008,Bulgaria,100,5.058602419274218,True,3,0.01709650182565854,0.7550271774209633,0.6242851817679543,0.13815879025047065,0.13721348705373712,0.6666666666666666,3,0.008394389718181768,-0.003769620369172231,-0.003274111268211127,-139.02398719370197,0.594799559114817,2369,0.005329279229044914,0.015941135585308075,9.62928679655306e-05,0.0005245651700533926,79.59818854900793,-0.08162080496549606,0.08162080496549606,0.10007545474923064
job_000008,Bulgaria,101,5.10918844346696,True,3,0.01707095700156994,0.7551100637792839,0.6242282748541227,0.1380758137614183,0.13723802785793512,0.6666666666666666,3,0.0038476759848796592,0.0016385228853895964,-0.0011249532798792844,-34.47214897676455,0.5165534772422378,2399,0.005773284938186407,0.013108648359775543,-0.0008468680316582322,0.0007026885286904871,140.31581795712566,0.03240213170647621,0.0,0.19060807812616123
job_000008,Bulgaria,102,5.159774467659702,True,3,0.017031277505171336,0.7550843188695188,0.6242687558135008,0.13811589348968872,0.137209302613132,0.6666666666666666,3,0.002475518501740565,-0.0005089332513468294,0.0008002399877072764,122.45537234744098,0.38309771624227423,2399,0.005195558071136475,0.015436932444572449,-0.0014161186991259456,-0.0034340054262429476,-112.41032202578128,0.07164250314235687,0.0,0.7149447646023928
job_000008,Bulgaria,103,5.210360491852445,True,3,0.0170553814526698,0.7549143491732254,0.6242135657364508,0.13823176122528316,0.1371581710608177,0.6666666666666666,3,0.005759005453552304,-0.0033600129483546,-0.0010910143252178524,-162.01110685624798,0.6134226251105558,2369,0.006477174814790487,0.016299400478601456,-0.001429064548574388,-0.001407740404829383,-135.43068185758827,0.035076119005680084,0.0,0.30969994604738205
job_000008,Bulgaria,104,5.260946516045187,True,3,0.016987953256744966,0.7548364593217828,0.6235712035263188,0.13772641297004168,0.1360981859453715,0.6666666666666666,3,0.014226426670938661,-0.0015397504090460714,-0.012698412662051647,-96.91366779099391,0.8991311597533833,2310,0.008294184692203999,0.02060540020465851,0.0006466919439844787,0.003300613723695278,78.91442175614183,-0.042298756539821625,0.042298756539821625,0.40550948283484284
job_000008,Bulgaria,105,5.311532540237929,True,3,0.01704924432541229,0.7546925672351911,0.6241268300814099,0.13812321392706547,0.13688490615093274,0.6666666666666666,3,0.012182772016048588,-0.002844502782890354,0.010983795701636385,104.51906727102788,0.9313268870644851,2302,0.008308198302984238,0.019237341359257698,-0.0003515243879519403,-0.001701459172181785,-101.67316892615919,-0.021952509880065918,0.021952509880065918,0.20911784237314957
job_000008,Bulgaria,106,5.362118564430671,True,3,0.01708330093456338,0.7546377136199182,0.6243503697342073,0.13814847331096694,0.13695864627966212,0.6666666666666666,3,0.004630252499892851,-0.0010843630458826801,0.0044190002350380205,103.78719021102957,0.9826893007675911,2351,0.0030644491780549288,0.009439199231564999,-0.0017781159840524197,0.000899719016160816,153.1607864596615,0.025984061881899834,0.0,0.650291311481972
job_000008,Bulgaria,107,5.412704588623413,True,3,0.016893637777790346,0.7541651992102082,0.6249366427855213,0.1382041076251502,0.13684162855828189,0.6666666666666666,3,0.015090685653754855,-0.009340809388574426,0.011589625013426997,128.8675305139175,0.9863853914241137,2305,0.003985545132309198,0.01187239121645689,0.0013527419650927186,-0.001292952336370945,-43.705402062068565,-0.009548256173729897,0.009548256173729897,0.4695131961653746
job_000008,Bulgaria,108,5.463290612816155,True,3,0.016779570706349296,0.7540374960403535,0.6248371278764878,0.1377736833374924,0.13612024120158336,0.6666666666666666,3,0.01472335816534189,-0.00252447532480485,-0.001967241162385602,-142.071877956535,0.21737369844612947,2304,0.0064394413493573666,0.021855134516954422,0.0004379957390483469,0.0033356572967022657,82.51944926274264,-0.035722266882658005,0.035722266882658005,0.5224506620148676
job_000008,Bulgaria,109,5.513876637008897,True,3,0.016800612345248423,0.7542233032258617,0.623590292735293,0.13712535308802826,0.1349625260674731,0.6666666666666666,3,0.02900598651291711,0.0036730932796818516,-0.024647818465516138,-81.52398515987815,0.8591331098765115,2304,0.0056899236515164375,0.01466385181993246,0.000582482956815511,0.0014725095825269818,68.41765604185805,0.028130194172263145,0.0,0.2783044615663735
job_000008,Bulgaria,110,5.56446266120164,True,3,0.016846712066615314,0.7541694494092713,0.6231060830391926,0.1369919456224857,0.13460277835751946,0.6666666666666666,3,0.014636417853604991,-0.0010645987197013401,-0.009572005387406735,-96.34635612075132,0.6580179574057925,2324,0.002731146290898323,0.007368419319391251,-0.0007669646292924881,-0.001464696484617889,-117.6380756024422,-0.010044488124549389,0.010044488124549389,0.6053690018620145
job_000008,Bulgaria,111,5.615048685394382,True,3,0.01672301627392669,0.7537511078107593,0.6233430530802556,0.1371106394774141,0.13447538306718704,0.6666666666666666,3,0.015621658259534169,-0.008269904685888159,0.004684496258496133,150.47056942301293,0.6084191619805458,2337,0.002741964301094413,0.008097209967672825,-0.0006265959818847477,-0.0010724582243710756,-120.29609675406344,0.022238053381443024,0.0,0.4529930033561899
job_000008,Bulgaria,112,5.665634709587124,True,3,0.016691437731944335,0.7535418891204201,0.6241281651756496,0.1376476439267216,0.13545551176329532,0.6666666666666666,3,0.017757653450508414,-0.004135899068529648,0.015520336059669912,104.92156914128324,0.9045090317635757,2338,0.001962826121598482,0.005283081438392401,-0.00036567350616678596,-0.0006749774911440909,-118.44691208835597,0.039184924215078354,0.0,0.39110260853944073
job_000008,Bulgaria,113,5.716220733779866,True,3,0.016756021686931785,0.7531014718511656,0.6244189894217308,0.1379538468600849,0.13583817140158877,0.6666666666666666,3,0.013483376480724929,-0.00870630329785114,0.005749102656757921,146.56170224918503,0.7737832831472979,2318,0.006172295194119215,0.014606167562305927,-0.0008324934169650078,-0.0015631549758836627,-118.03853920197821,0.03702254220843315,0.0,0.28692994317889564
job_000008,Bulgaria,114,5.766806757972608,True,3,0.016584879345298183,0.7534502908165676,0.6239441340197918,0.13788856470885832,0.1355804118112208,0.6666666666666666,3,0.013935335165716822,0.006895560008292954,-0.009387086839041764,-53.699765292446465,0.8358307161760646,2374,0.008675689809024334,0.02660600282251835,0.002383338985964656,0.004913631826639175,64.12446673069125,-0.060545530170202255,0.060545530170202255,0.6294765121928312
job_000008,Bulgaria,115,5.81739278216535,True,3,0.016462491912753813,0.7535549182205378,0.6238355373607695,0.137897209598244,0.1355183984330507,0.6666666666666666,3,0.005589968641163041,0.002068306526156713,-0.002146771974182465,-46.06646170612922,0.5332815193183035,2344,0.011704754084348679,0.03564108908176422,0.0033681942149996758,0.006797153968364,63.64020120630955,-0.02732645347714424,0.02732645347714424,0.6481050517213579
job_000008,Bulgaria,116,5.867978806358092,True,3,0.016294918942861877,0.7535880790893862,0.6240509870302878,0.13800493744238757,0.13566276173775174,0.6666666666666666,3,0.004378103885080904,0.0006555341989736065,0.004259074970933532,81.250001802339,0.9842680682527548,2292,0.006533966865390539,0.009981844574213028,0.001379578374326229,0.002770709805190563,63.53059120957545,-0.0015760791720822453,0.0015760791720822453,0.4737043773349408
job_000008,Bulgaria,117,5.918564830550834,True,3,0.016093049019093086,0.7537012340609855,0.6227603404451038,0.13706007213663973,0.13402305714052087,0.6666666666666666,3,0.026512802018092762,0.0022368820915470615,-0.025513896491774463,-84.98951369209888,0.9660150573436151,2292,0.013491353020071983,0.03225630894303322,-0.000993024674244225,0.00025227098376490176,165.74594334245174,0.07254543155431747,0.0,0.07594253465994864
job_000008,Bulgaria,118,5.969150854743577,True,3,0.015904152413871952,0.7537035519609522,0.6214337450377184,0.13618712431864272,0.13235151545131185,0.6666666666666666,3,0.02628755532144055,4.5820955563312307e-05,-0.026224543805435614,-89.89988978588619,0.997604513435079,2243,0.006387360859662294,0.01686013489961624,0.00011587414337554947,0.0037514043506234884,88.23079877708608,0.04450981691479683,0.0,0.5875969087291333
job_000008,Bulgaria,119,6.019736878936319,True,3,0.015317398298316718,0.7537287268528375,0.617743013726621,0.1334179805271835,0.12718797468836854,0.6666666666666666,3,0.07479573036409887,0.0004976649635359693,-0.07295950551549696,-89.60918512807345,0.9754728305323064,2165,0.007050368469208479,0.019672604277729988,0.0027072858065366745,0.003912110812962055,55.31572463807208,-0.04902440682053566,0.04902440682053566,0.6747904264030159
job_000008,Bulgaria,120,6.070322903129061,True,3,0.014761611344073408,0.7539757462326985,0.6164221775502181,0.13234543206682953,0.12492614866361507,0.6666666666666666,3,0.036382341905543784,0.0048831546618451314,-0.026110693565683473,-79.40705755688128,0.7301175625885464,2080,0.008745607919991016,0.01758142001926899,0.0027798376977443695,0.0035029868595302105,51.565815626100466,-0.0366046316921711,0.0366046316921711,0.5113376606002709
job_000008,Bulgaria,121,6.120908927321803,True,3,0.014289233270252326,0.7542445338032221,0.6159966147111131,0.13201106726016507,0.12395258853887631,0.6666666666666666,3,0.018781070981715855,0.0053134749135356025,-0.008412656378833048,-57.72329310727813,0.5297975812166372,2027,0.013073230162262917,0.029649343341588974,0.0012104448396712542,-0.0034573040902614594,-70.70421959523308,-0.08512817323207855,0.08512817323207855,0.2801967299486314
job_000008,Bulgaria,122,6.171494951514545,True,3,0.013892761953816836,0.7554257741604934,0.615010672829222,0.13132929868495713,0.12326702523000098,0.6666666666666666,3,0.033657744657047295,0.023351120712129077,-0.019490400710967505,-39.85062475081794,0.9036935785606728,1915,0.0046449992805719376,0.010438967496156693,0.002148811472579837,-0.001873695757240057,-41.087400518167826,-0.06577163934707642,0.06577163934707642,0.6137755397530745
job_000008,Bulgaria,123,6.2220809757072875,True,3,0.013512644489515611,0.7562749686223397,0.6146298034342287,0.130769432355052,0.12288685849773258,0.6666666666666666,3,0.02035464091748739,0.016787135881854074,-0.007529142704359789,-24.156553377009125,0.9038851981924867,1888,0.004386368673294783,0.013006850145757198,0.0018989640520885587,-8.559657726436853e-05,-2.580883579281719,-0.11733624339103699,0.11733624339103699,0.43336353257781907
job_000008,Bulgaria,124,6.2726669999000295,True,3,0.013240425774302848,0.7566113664611304,0.6145077563095781,0.13061027929588326,0.12282311145205249,0.6666666666666666,3,0.008463966485891148,0.0066500153779404485,-0.0024126648930831523,-19.941070885811147,0.8357965647311134,1845,0.004005147609859705,0.012205285020172596,0.0009510532836429775,0.0010623079724609852,48.162844189277294,-0.10515429824590683,0.10515429824590683,0.356000185493129
job_000008,Bulgaria,125,6.3232530240927725,True,3,0.012707842680371848,0.756849045487277,0.6113010645183526,0.12890445110780654,0.11955912873080114,0.6666666666666666,3,0.07221653294427782,0.004698511692501162,-0.06339086422382846,-85.7610054339989,0.8801966706181735,1759,0.0061081284657120705,0.01512686163187027,0.0004742270102724433,0.0021979676093906164,77.82466690086467,-0.020227940753102303,0.020227940753102303,0.36812333335255876
job_000008,Bulgaria,126,6.3738390482855145,True,3,0.012976686600561158,0.7563197614739222,0.6147833310044603,0.13075921002956845,0.12280631132945313,0.6666666666666666,3,0.08090380618990267,-0.01046304827867505,0.06883850908779542,98.6424730181947,0.8606409642568554,1782,0.0033507728949189186,0.008990311995148659,0.0018420533742755651,0.001995220547541976,47.285783214534824,-0.030408326536417007,0.030408326536417007,0.8104169330075205
job_000008,Bulgaria,127,6.424425072478257,True,3,0.012968798288772709,0.7565621583599839,0.6153388567228298,0.13127973686739777,0.1236159543025972,0.6666666666666666,3,0.0153299340506885,0.004791775790443918,0.010981802330481438,66.42653593068415,0.7815883882092852,1809,0.0035602201241999865,0.009231963194906712,0.002805694006383419,0.0010205416474491358,19.988323913047356,-0.052655771374702454,0.052655771374702454,0.8385818045944149
job_000008,Bulgaria,128,6.475011096670999,True,3,0.013017064148364203,0.7566676982135356,0.6149223098558066,0.13220052345495034,0.12447150200246537,0.6666666666666666,3,0.01852089143823761,0.002086344108595163,-0.008234425884827319,-75.78225332537669,0.4586508126905869,1806,0.003396570449694991,0.007520741783082485,0.002400527009740472,0.000433594745118171,10.238645663689347,-0.02780255675315857,0.02780255675315857,0.7181866955672778
job_000008,Bulgaria,129,6.525597120863741,True,3,0.012837993043428047,0.7573238213686273,0.6144929664721797,0.13197526898000667,0.12460689732824788,0.6666666666666666,3,0.01944486609762664,0.012970443231349807,-0.00848739133937639,-33.19929207746174,0.7971557793162508,1738,0.008710229769349098,0.02250790037214756,0.006494001019746065,-0.001242810976691544,-10.834167903885394,-0.17910675704479218,0.17910675704479218,0.7590907832815843
job_000008,Bulgaria,130,6.576183145056483,True,3,0.012559761680598445,0.7577531754242729,0.6139086745552277,0.13157530038694162,0.12378873872267769,0.6666666666666666,3,0.02410907814152241,0.008487602307104939,-0.011550461343348075,-53.69051276032804,0.5945319022234924,1743,0.00888547021895647,0.02712571807205677,0.004109360743314028,-0.005060598254203796,-50.92234417339416,-0.15290038287639618,0.15290038287639618,0.7336622410148861
job_000008,Bulgaria,131,6.626769169249225,True,3,0.012776938921637468,0.7574882933998658,0.6175867338764416,0.1338094679620293,0.1280955627080451,0.6666666666666666,3,0.07523846192646609,-0.005236268883235325,0.07270900174324296,94.11914671699707,0.9688835426942791,1798,0.013480219058692455,0.0464729443192482,0.005662770010530949,-0.009829528629779816,-60.053849248101876,-0.20529311895370483,0.20529311895370483,0.8415302056026612
job_000008,Bulgaria,132,6.677355193441968,True,3,0.01288003406978856,0.7575219810688866,0.6197160534193619,0.13370496659651854,0.1291454435188921,0.6666666666666666,3,0.042738615037171225,0.0006659481459204676,0.04209304006196102,89.0936070410139,0.9850180599523765,1780,0.01336604729294777,0.03527276962995529,0.004923111293464899,-0.008113451302051544,-58.75129972347749,-0.16176140308380127,0.16176140308380127,0.7100277374970412
job_000008,Bulgaria,133,6.72794121763471,True,3,0.012427969648401684,0.7576992867462397,0.6159271635483518,0.1296972681504727,0.12216103425863811,0.6666666666666666,3,0.09611107690238618,0.003505032865948495,-0.07489993395357236,-87.32072942568217,0.7801587771519986,1726,0.017020108178257942,0.04587222635746002,0.004821288399398327,-0.007817653007805347,-58.33711239843458,-0.20859970152378082,0.20859970152378082,0.5396439455481657
job_000008,Bulgaria,134,6.778527241827452,True,3,0.012155767765348708,0.7576637220859469,0.6144607002073178,0.12824290436807664,0.1196950279790276,0.6666666666666666,3,0.03667142642350533,-0.0007030530835424706,-0.028989495902000683,-91.3892645797538,0.7907524385212427,1733,0.006754330825060606,0.020696701481938362,-0.00047903283848427236,-0.0006710010929964483,-125.52333322536157,-0.07213521003723145,0.07213521003723145,0.1220621668603403
job_000008,Bulgaria,135,6.829113266020194,True,3,0.012023593311379359,0.7580725579082181,0.6154425930923544,0.1289175019278694,0.12124611958149767,0.6666666666666666,3,0.02149945250401881,0.0080819915934396,0.019410358902596955,67.39436714728875,0.977965058483274,1732,0.004012210760265589,0.010286102071404457,-5.866057108505629e-05,0.002004197333008051,91.67650352194178,-0.03583477437496185,0.03583477437496185,0.4997383569950066
job_000008,Bulgaria,136,6.879699290212936,True,3,0.01189424648305219,0.7583370252821823,0.6158943133071099,0.12909777233684147,0.12182665194792969,0.6666666666666666,3,0.011026776139648036,0.005228071946443637,0.008929743381972824,59.65242605950008,0.9384076412073272,1695,0.0038835350424051285,0.01070929504930973,0.0001429043768439442,0.0034184542018920183,87.60621245238123,-0.020025884732604027,0.020025884732604027,0.8810117157980001
job_000008,Bulgaria,137,6.930285314405678,True,3,0.011957766250370124,0.7587065324845949,0.6188064694044726,0.1303191258261985,0.12491042888205058,0.6666666666666666,3,0.06381199208619796,0.0073045314058429655,0.05756839253203627,82.768700853484,0.9093895342264326,1713,0.00899603683501482,0.03203105553984642,-0.001281804172322154,0.006832350045442581,100.6256381717993,0.0029042502865195274,0.0,0.7727345729672193
job_000008,Bulgaria,138,6.98087133859842,True,3,0.011544350550930678,0.7589256768766778,0.6179868110493293,0.12848522337280707,0.12237050929546955,0.6666666666666666,3,0.04303113443006179,0.004332113376768656,-0.01620325708975192,-75.03146664942825,0.38977314198213875,1628,0.005794207099825144,0.021754026412963867,-0.00018433071090839803,0.004832306876778603,92.18451641529957,0.05514329671859741,0.0,0.8345958658510351
job_000008,Bulgaria,139,7.031457362791163,True,3,0.011303155304194663,0.7589285078969409,0.6186106541284528,0.12650017353850326,0.12026696797286453,0.6666666666666666,3,0.03606322326092828,5.596447453848063e-05,0.012332320815461493,89.73999166657225,0.3419674306393848,1605,0.006469227373600006,0.023591049015522003,2.303717701579444e-05,0.0048699392937123775,89.72896516982459,0.048130907118320465,0.0,0.7527937264651955
job_000008,Bulgaria,140,7.082043386983905,True,3,0.011081308369343304,0.7588830966765202,0.6191846157909144,0.12547443854311116,0.11929211590098672,0.6666666666666666,3,0.019138521717037314,-0.000897702896109198,0.011346249712660642,94.52375598675764,0.5947014673060578,1563,0.006148224230855703,0.023961933329701424,0.000584821158554405,0.005071309860795736,83.42173450275884,0.05685367062687874,0.0,0.8303078994453358
job_000008,Bulgaria,141,7.132629411176647,True,3,0.010792455184771177,0.7581496019677273,0.6208325763450228,0.12442189164589683,0.11835376842719893,0.6666666666666666,3,0.039954906546139306,-0.014499947772101859,0.032577388328231996,113.99348263487342,0.8924707507506945,1506,0.01590447686612606,0.056717388331890106,0.004633057862520218,0.00886303000152111,62.402143799772595,-0.07031825929880142,0.07031825929880142,0.6288120218948587
job_000008,Bulgaria,142,7.183215435369389,True,3,0.010559850104612262,0.7579369242213166,0.6213890773032817,0.12397281183346086,0.11797861457383578,0.6666666666666666,3,0.013958308187938452,-0.004204278747036992,0.011001081170931163,110.91533615221448,0.8437330301329581,1515,0.007293021772056818,0.02317003346979618,0.0005446391296572983,0.0017100520199164748,72.33370117836668,0.007919741794466972,0.0,0.24608308579841437
job_000008,Bulgaria,143,7.233801459562131,True,3,0.010415059632551208,0.7581528011162261,0.6215349908417097,0.12411813170110635,0.1183569237659174,0.6666666666666666,3,0.006641252467627198,0.004267520493148402,0.0028844634611335063,34.05518792049288,0.7755929687669582,1515,0.006259094923734665,0.019090043380856514,-0.0009265117696486413,0.0012897361302748322,125.6924507374425,0.0658777505159378,0.0,0.2537158006012248
job_000008,Bulgaria,144,7.284387483754873,True,3,0.010314503773473288,0.7583390289413533,0.6214815953901384,0.12421585193298121,0.11856104542050139,0.6666666666666666,3,0.004527571102062185,0.0036814086123423857,-0.0010555376197956916,-15.998715574857405,0.8458713511635385,1482,0.005345282610505819,0.01840476132929325,0.0005457765073515475,0.00212679011747241,75.60733933166621,0.07820533215999603,0.0,0.41077383013717034
job_000008,Bulgaria,145,7.334973507947615,True,3,0.010518570008090183,0.7584730476012332,0.624604451481224,0.12526453635471757,0.12149727203503076,0.6666666666666666,3,0.06364931287461129,0.0026493218634725153,0.061733574458964456,87.5426358033099,0.9707944027814067,1500,0.010454020462930202,0.0323379822075367,-0.0007747000199742615,0.004083144012838602,100.743104657744,0.08562241494655609,0.0,0.39754912271682
job_000008,Bulgaria,146,7.385559532140358,True,3,0.010466679597329717,0.7581748411981665,0.6238601620096923,0.12439843239769446,0.11986979680194661,0.6666666666666666,3,0.019706810854108806,-0.005895035394176683,-0.014713341943928078,-111.8339604878959,0.8043086675683192,1500,0.009243433363735676,0.024247178807854652,-0.005608901847153902,0.003562999190762639,147.57465139904681,0.03715702146291733,0.0,0.7188782876103231
job_000008,Bulgaria,147,7.4361455563331,True,3,0.010832554177488258,0.7568933862817149,0.6233970008169597,0.12292943965025444,0.1172096145284033,0.6666666666666666,3,0.04846590691677222,-0.025332192772630796,-0.009155912134306245,-160.12842855604538,0.5557731275143889,1478,0.006725729908794165,0.018122978508472443,-0.0038450961001217365,0.002699717180803418,144.92655635452033,0.023138603195548058,0.0,0.6985437140870139
job_000008,Bulgaria,148,7.486731580525842,True,3,0.010736009209948433,0.7576484604343975,0.6220837770571844,0.1228302696019592,0.11689452320885713,0.6666666666666666,3,0.031276977389611445,0.014926536819846433,-0.0259602089852259,-60.10206574766384,0.9574299977614878,1462,0.002792599843814969,0.007902880199253559,-0.0009498376748524606,0.0010206885635852814,132.94079934525584,0.03287952393293381,0.0,0.4992741237534686
job_000008,Bulgaria,149,7.537317604718584,True,3,0.011005171715003296,0.7562119514413951,0.6231141088321488,0.12242580991277835,0.11623883987604162,0.6666666666666666,3,0.04060358967068808,-0.028397349187376325,0.020367913695660964,144.35013073698235,0.8606763631736363,1522,0.0028119159396737814,0.010412273928523064,0.0005696808802895248,0.0007723229937255383,53.586772681956006,0.004724303726106882,0.0,0.34129662019392903
job_000008,Bulgaria,150,7.587903628911326,True,3,0.011140490154917655,0.755761861083576,0.6231931959726705,0.12258085210106778,0.11626733017504783,0.6666666666666666,3,0.012830838689331922,-0.008897523871501159,0.0015634187857971541,170.0340702615607,0.7040722068323293,1497,0.001677406602539122,0.004997136536985636,0.00048103509470820427,0.0007191309705376625,56.22097393100008,-0.015143889002501965,0.015143889002501965,0.5157869526910845
job_000008,Bulgaria,151,7.6384896531040685,True,3,0.011405598359036349,0.755803979995298,0.6239533591245598,0.12278124765971438,0.1170233496958764,0.6666666666666666,3,0.01901450112178133,0.0008326195306762214,0.015027137712836862,86.82861389072794,0.7915110008504087,1533,0.0011783817317336798,0.005760568659752607,0.00040842354064807296,0.0006737927324138582,58.777597953188206,0.012823742814362049,0.0,0.6686396151510291
job_000008,Bulgaria,152,7.6890756772968105,True,3,0.011607435137405852,0.755812850239713,0.624378490312496,0.12271922121815255,0.11720253738341345,0.6666666666666666,3,0.009201795209838215,0.00017534970491483426,0.008404123366493819,88.8047128701062,0.9135122318258563,1547,0.0013316605472937226,0.0049198647029697895,0.0004472435393836349,0.0006830117199569941,56.78278249754782,0.018035292625427246,0.0,0.6130796512416267
job_000008,Bulgaria,153,7.7396617014895535,True,3,0.011752917270377512,0.7557613081832745,0.6249299524171336,0.12229519954216286,0.1170145682883158,0.6666666666666666,3,0.011679991530337221,-0.0010188991378762683,0.010901471571205282,95.3396016221694,0.9374136435630025,1541,0.0031891665421426296,0.007407335564494133,0.000527297321241349,0.001601432217285037,71.77503885666864,0.054685916751623154,0.0,0.5286677106422009
job_000008,Bulgaria,154,7.7902477256822955,True,3,0.011593253331320013,0.7557636948172181,0.6237440333019939,0.12081524678704783,0.11436875149389376,0.6666666666666666,3,0.0364373860465502,4.7179709845076365e-05,-0.02344361182885246,-89.88469376548521,0.6433957494336935,1538,0.004363874904811382,0.01169278658926487,-0.00022389496734831482,-0.00042518365080468357,-117.7705794305853,0.017004510387778282,0.0,0.11011568019636601
job_000008,Bulgaria,155,7.840833749875038,True,3,0.01175434011816742,0.756819700297965,0.6262506543631295,0.1220805313838213,0.11797485619528997,0.6666666666666666,3,0.054210961399391945,0.020875439364895592,0.04955165188679115,67.15496751425485,0.9918550662542013,1618,0.010222213342785835,0.031249767169356346,-0.002195511246100068,-0.002837941749021411,-127.72654031420244,0.008977114222943783,0.0,0.35100628950523627
job_000008,Bulgaria,156,7.89141977406778,True,3,0.011808022985582244,0.75733306307338,0.6267069534481248,0.12121411646975244,0.11740896130057037,0.6666666666666666,3,0.022875671374204588,0.010148312376934645,0.009020259889504393,41.63208150448933,0.5935422619584443,1616,0.009980914182960987,0.027163315564393997,-0.0013839101884514093,-0.0012315987842157483,-138.3327952593479,-0.021004904061555862,0.021004904061555862,0.1856119943607144
job_000008,Bulgaria,157,7.942005798260522,True,3,0.012072055339423918,0.7574471623636376,0.6297713369282752,0.11948560201029519,0.11702757880130694,0.6666666666666666,3,0.06072433426389919,0.0022555496716429504,0.060577669999811797,87.86763333054024,0.9982760251246229,1663,0.014761061407625675,0.06906899064779282,0.004033663775771856,0.0078121088445186615,62.691118249670524,0.006716759875416756,0.0,0.5956219880913342
job_000008,Bulgaria,158,7.992591822453264,True,3,0.01236654177420617,0.7576230075406803,0.632325474831068,0.11855739874178195,0.11743963931175079,0.6666666666666666,3,0.050859036362086905,0.0034761612490585517,0.050490979347596394,86.06156228706746,0.9951132275572665,1700,0.006117281038314104,0.03309932351112366,0.0014220428420230746,0.004719041287899017,73.23026750573084,0.00505653815343976,0.0,0.805692347526239
job_000008,Bulgaria,159,8.043177846646007,True,3,0.0124694663638417,0.7574587408428046,0.6333941659318653,0.11808071545185625,0.11769626980609744,0.6666666666666666,3,0.026177040218502656,-0.003247274331145212,0.021126212582461872,98.73844657267304,0.8165293708433653,1746,0.006417171098291874,0.03129022195935249,0.0019100736826658249,0.005326658487319946,70.2727958860842,-0.0025355874095112085,0.0025355874095112085,0.8818168318906899
job_000008,Bulgaria,160,8.093763870838748,True,3,0.012527874757377752,0.7581520487769798,0.6331758865893814,0.11701240357596288,0.1164920216824658,0.6666666666666666,3,0.02600839614424541,0.013705523318727852,-0.004315012811687353,-17.475957244948255,0.5524654604123655,1672,0.006022166460752487,0.027225444093346596,0.0017741682240739465,0.004574240185320377,68.80068174223442,-0.0018886430189013481,0.0018886430189013481,0.814699469178896
job_000008,Bulgaria,161,8.14434989503149,True,3,0.012559917847038632,0.7580093145023309,0.6332852029135095,0.11646178896378331,0.11614291321505994,0.6666666666666666,3,0.01469516940073512,-0.0028216148022475896,0.0021609985341336014,142.55247204582665,0.24185305236013704,1688,0.008386434987187386,0.040855854749679565,0.00424596993252635,0.006486931815743446,56.793564491077085,0.01739511825144291,0.0,0.9244655316725952
job_000008,Bulgaria,162,8.194935919224232,True,3,0.0125515130990981,0.7580667925189372,0.6338309029244674,0.11555520551445125,0.11556827128468573,0.6666666666666666,3,0.01690164304600758,0.00113624301422343,0.010787564740781165,83.98726499658902,0.6417860859444728,1705,0.0037295890506356955,0.01326531358063221,0.0026529135648161173,-0.00030930357752367854,-6.650099521168624,-0.055179666727781296,0.055179666727781296,0.7161334778190441
job_000008,Bulgaria,163,8.245521943416975,True,3,0.012521449137875095,0.7581550173572298,0.6337722156817346,0.1154949391719645,0.11551132776955354,0.6666666666666666,3,0.0023321690069730656,0.0017440555904628299,-0.0011601473661817545,-33.63188703715642,0.8981669050255845,1705,0.0031004343181848526,0.01381426677107811,-0.0013713305816054344,-7.121648377506062e-05,-177.02716348363268,0.10062975436449051,0.0,0.44289877380988124
job_000008,Bulgaria,164,8.296107967609718,True,3,0.012498039214167393,0.7587790135966191,0.6339188702075403,0.11502517662255712,0.11494168713636428,0.6666666666666666,3,0.01404831049825865,0.012335348534445262,0.002899111526277047,13.225892051282823,0.9019910990518998,1705,0.006203851662576199,0.031173067167401314,0.0031515646260231733,0.0042216842994093895,53.257987017643856,-0.128447026014328,0.128447026014328,0.8491981473195892
job_000008,Bulgaria,165,8.346693991802459,True,3,0.012315925732689735,0.7588426809401255,0.6350274015011442,0.11365379328110972,0.11405580280046605,0.6666666666666666,3,0.02589838431236888,0.0012585955216326665,0.021913785700574617,86.71288759362248,0.8475393191429061,1705,0.011204332113265991,0.03618604689836502,0.003777732839807868,0.008013058453798294,64.75860410105767,-0.15861815214157104,0.15861815214157104,0.7906687071445664
job_000008,Bulgaria,166,8.397280015995202,True,3,0.012350669689960441,0.7592541344720564,0.6366131971798852,0.11263857775219582,0.11395644446928316,0.6666666666666666,3,0.034701519195884815,0.008133739278722189,0.031348494056357375,75.45466718994425,0.9332878534206371,1666,0.003860572585836053,0.016398679465055466,0.0005323237855918705,0.00240353518165648,77.51197781743632,-0.03913719207048416,0.03913719207048416,0.6376716806963878
job_000008,Bulgaria,167,8.447866040187943,True,3,0.012471673677214407,0.7597888423223033,0.6367128375602489,0.11281273528443551,0.11418158462199653,0.6666666666666666,3,0.016118491308759517,0.010570268345453276,0.0019697215180233094,10.555738284250072,0.6670740047987601,1701,0.003856068477034569,0.020230451598763466,3.111688329227036e-06,0.003426528535783291,89.94796875101042,-0.028060218319296837,0.028060218319296837,0.8886071316104889
job_000008,Bulgaria,168,8.498452064380686,True,3,0.01242143418839926,0.760146374348215,0.6360870533065791,0.1123180754664059,0.11323085446669413,0.6666666666666666,3,0.017634086654487027,0.0070678024536895865,-0.012370694547674171,-60.25918945868712,0.8079456013423769,1726,0.0038931709714233875,0.018382851034402847,7.634065696038306e-05,0.0035488721914589405,88.76768653951025,-0.011483228765428066,0.011483228765428066,0.9117742872875209
job_000008,Bulgaria,169,8.549038088573427,True,3,0.012377279965711674,0.7602232802294608,0.6360334581341389,0.11194383964216945,0.11279018849899998,0.6666666666666666,3,0.0071337089520960685,0.0015202989852048483,-0.001059485763025497,-34.87237163866896,0.259760623789995,1675,0.007135776337236166,0.02933918870985508,-0.0011726712109521031,0.00631845835596323,100.5141505773785,-0.005217322614043951,0.005217322614043951,0.9005828424798384
job_000008,Bulgaria,170,8.59962411276617,True,3,0.012301710795052719,0.7599233184100642,0.6370340940640363,0.11074070672914565,0.11203213520448174,0.6666666666666666,3,0.028247829047410966,-0.005929737001145846,0.019780877146716478,106.68721588024508,0.7310488138928968,1662,0.005494483280926943,0.019214022904634476,-0.0004630216571968049,0.005013415589928627,95.2766703825707,-0.005582644138485193,0.005582644138485193,0.9163285185479441
job_000008,Bulgaria,171,8.650210136958913,True,3,0.012401552792388502,0.7600834189188787,0.6387636389366208,0.1089168223646569,0.11051869493567057,0.6666666666666666,3,0.04055815086482555,0.0031649158313860636,0.034190172091693505,84.71131590312056,0.8465954156920762,1669,0.006754486821591854,0.02968372218310833,-0.0005578576819971204,0.006316355429589748,95.04724136159138,0.012033579871058464,0.0,0.938774863835672
job_000008,Bulgaria,172,8.700796161151654,True,3,0.01240825921291942,0.7598665864679642,0.6409227668192715,0.1067716273516779,0.10900351151577549,0.6666666666666666,3,0.04657914893532805,-0.004286410216551201,0.04268230043982224,95.73475514978614,0.9209484255073265,1676,0.007240557111799717,0.03293976932764053,-0.0014639728469774127,0.006713962182402611,102.30075236383986,0.04867738112807274,0.0,0.9490592550846235
job_000008,Bulgaria,173,8.751382185344397,True,3,0.012395814468457006,0.7597672132978927,0.6427861581412394,0.1049624977612727,0.1077623107882737,0.6666666666666666,3,0.03845267859526714,-0.0019644392232329947,0.036836089645393935,93.05264641247446,0.9593202551776715,1701,0.02219616249203682,0.12979033589363098,-0.003941165748983622,0.020663581788539886,100.7983324160773,0.10479916632175446,0.0,0.9477347167905148
job_000008,Bulgaria,174,8.801968209537138,True,3,0.012718870859072895,0.7581826058376661,0.64399122940246,0.1029654265460781,0.10535990877986474,0.6666666666666666,3,0.05235108752513747,-0.03132500498929945,0.023822217311031926,142.7475315383655,0.7517362774695907,1744,0.012676647864282131,0.06076974421739578,-0.0016558757051825523,0.012167146429419518,97.74999884185543,0.04213528335094452,0.0,0.9686556711324461
job_000008,Bulgaria,175,8.852554233729881,True,3,0.01301416787588347,0.7577317549826419,0.6446143447859257,0.10227431441863072,0.10443245897368407,0.6666666666666666,3,0.02902614846900256,-0.008912557612876569,0.012317935505099189,125.88736034590075,0.5238076447400538,1772,0.013960331678390503,0.05838946998119354,-0.001374906743876636,0.013422549702227116,95.84855771255091,0.03477121889591217,0.0,0.9665088124647507
job_000008,Bulgaria,176,8.903140257922622,True,3,0.01273340876182388,0.7584203813888442,0.6463349923785148,0.10168541927509786,0.10502240609434056,0.6666666666666666,3,0.06298382839776138,0.013612977441719895,0.03401428793915752,68.18804559005835,0.5816922845171458,1680,0.015121329575777054,0.06009817495942116,-0.0009709393489174545,0.014388227835297585,93.86055284756512,0.017738234251737595,0.0,0.953682728702845
job_000008,Bulgaria,177,8.953726282115365,True,3,0.012510464039550332,0.7591494886908533,0.6492527090468735,0.09955957870099715,0.10389109694983993,0.6666666666666666,3,0.06857732458811118,0.014413216172736032,0.057678315600405594,75.96970541895082,0.8669323915961767,1686,0.028674550354480743,0.1574992537498474,-0.0013417302398011088,0.027666067704558372,92.77651654676242,0.22943778336048126,0.0,0.9659640139726667
job_000008,Bulgaria,178,9.004312306308108,True,3,0.012420008650200832,0.7596730227003045,0.6509010267506343,0.09804575221247862,0.10296875070485856,0.6666666666666666,3,0.03750971542216402,0.010349380442634398,0.032584448571811385,72.379258172112,0.91145814312595,1672,0.012401941232383251,0.0434735082089901,-0.0007366169593296945,0.011748452670872211,93.5876952524898,0.015906453132629395,0.0,0.9491677468601731
job_000008,Bulgaria,179,9.05489833050085,True,3,0.012326815829229816,0.7600040867136908,0.6519808095067984,0.09711614184301634,0.1023908462046288,0.6666666666666666,3,0.024293620563848494,0.0065445746857898624,0.021345475818574603,72.95433337314071,0.919016395023886,1728,0.015029247850179672,0.07201312482357025,-0.0012878251727670431,0.014117755927145481,95.21211017110163,-0.056201450526714325,0.056201450526714325,0.9432522670156334
job_000008,Bulgaria,180,9.105484354693592,True,3,0.012425799657040904,0.7601331630233497,0.6566734096772685,0.0932257048111476,0.09969359455526938,0.6666666666666666,3,0.09459397695150784,0.0025516199724850033,0.09276475558922244,88.42439943620406,0.9810333048942398,1725,0.024415327236056328,0.11658524721860886,-0.00040052662370726466,0.017394810914993286,91.3190388164263,-0.023174526169896126,0.023174526169896126,0.7126433869313415
job_000008,Bulgaria,181,9.156070378886334,True,3,0.012701433979105255,0.7585874988734508,0.6551349363086724,0.09366187671463723,0.09907961208277738,0.6666666666666666,3,0.0628755534182754,-0.030555161718376436,-0.030413012153994914,-135.1335869983189,0.685658002433775,1694,0.06130819395184517,0.3616624176502228,0.0010642020497471094,0.05243827775120735,88.83737758575604,0.47549957036972046,0.0,0.8554986196175474
job_000008,Bulgaria,182,9.206656403079077,True,3,0.013042261425001412,0.7594019385224442,0.6625655673054324,0.08933770269616557,0.09708641451622363,0.6666666666666666,3,0.17171771681999945,0.016100092110228812,0.1468909864995097,83.74502305499472,0.860544189408404,1757,0.04520278424024582,0.22860759496688843,-0.0025209742598235607,0.04364820197224617,93.30554041270307,0.24599255621433258,0.0,0.9672179185070402
job_000008,Bulgaria,183,9.257242427271818,True,3,0.013808841875549102,0.7571848880206643,0.6676248534039076,0.08533975168973795,0.09372623135973142,0.6666666666666666,3,0.13137802680145197,-0.04382733249271307,0.10001351517957886,113.66371039989474,0.8311508255331584,1865,0.05815505608916283,0.2866443991661072,-0.006258829962462187,0.05710304528474808,96.25498652047717,0.34168800711631775,0.0,0.9877907001727504
job_000008,Bulgaria,184,9.30782845146456,True,3,0.013752969206665655,0.7575314091489412,0.6719713612881028,0.08502181799234781,0.0949848469967189,0.6666666666666666,3,0.12271489026710403,0.0068501356611174735,0.08592309740797476,85.44179040440707,0.7024064065867204,1888,0.06931731104850769,0.29043668508529663,-0.0123994629830122,0.06778676062822342,100.36586933627065,0.5040737986564636,0.0,0.9941452646715269
job_000008,Bulgaria,185,9.358414475657304,True,3,0.014687889796860762,0.7528487962040608,0.6801940821146853,0.08412610466796815,0.09503319372091723,0.6666666666666666,3,0.20119221609489077,-0.09256732505877108,0.16254926054778213,119.66032075339176,0.9297513714104281,1996,0.1451703906059265,0.4921593964099884,-0.04187939688563347,0.13768009841442108,106.91866050635926,0.3955654799938202,0.0,0.9913084065574547
job_000008,Bulgaria,186,9.409000499850045,True,3,0.015648650810103682,0.7498886762609841,0.6839384238767817,0.08605107790239988,0.09764323691697963,0.6666666666666666,3,0.09441396581361823,-0.058516556505768196,0.07401929330974656,128.3284213452612,0.9993853968928168,2111,0.09652308374643326,0.4379756450653076,-0.027091506868600845,0.09220541268587112,106.37367849985807,0.9316108822822571,0.0,0.995647909764812
job_000008,Bulgaria,187,9.459586524042788,True,2,0.011108687713459147,0.805251373867631,0.6961402024499215,0.035700987642441895,0.07140197528488378,1.0,2,0.012903747615547119,-0.006539507876631317,-0.010158322244000095,-122.77175991324792,0.9362592450851976,1456,0.00021556428691837937,0.0004220950650051236,-6.531115650432184e-05,5.291571869747713e-05,140.98528056012773,0.0014793288428336382,0.0,0.38994049651866175
job_000008,Bulgaria,188,9.510172548235529,True,2,0.010730824056778068,0.8081270618705938,0.695919312445805,0.03709835738196934,0.07419671476393867,1.0,2,0.0583117762916708,0.05684748008670997,-0.0043666211694128095,-4.392431131781193,0.9777603004619523,1428,0.0003601983771659434,0.0008014425402507186,0.00018582449411042035,0.00013550407311413437,36.099702355164524,0.005531709175556898,0.0,0.6384893222443028
job_000008,Bulgaria,189,9.560758572428272,True,2,0.010466015469748216,0.8091416231244726,0.695871973373765,0.037717286494070024,0.07543457298814005,1.0,2,0.02435283091433245,0.02005615721079531,-0.0009358132566328991,-2.671463386735724,0.824461754383852,1413,0.0033696754835546017,0.011158463545143604,-0.0020585840102285147,-2.0450088413781486e-05,-179.4308392517075,0.1035647839307785,0.0,0.6109447612773072
job_000008,Bulgaria,190,9.611344596621013,True,2,0.01028131644158416,0.8095087104786194,0.6958579824647944,0.03799080923726453,0.07598161847452906,1.0,2,0.00934065592047504,0.007256695105117176,-0.000276576568213222,-2.182674542783439,0.7774575871947063,1403,0.0012736747739836574,0.00376564497128129,-0.0006672639865428209,-0.00017031531024258584,-165.68130769585352,0.02384650520980358,0.0,0.5406851608885221
job_000008,Bulgaria,191,9.661930620813756,True,2,0.010155101209157302,0.8096187197372984,0.6959181911648034,0.03801508620319982,0.07603017240639964,1.0,2,0.005256284472592706,0.0021746966762954873,0.0011902239990160743,28.692141410922698,0.4716450212368852,1403,0.000868704286403954,0.0019530364079400897,0.0002432663313811645,0.00034501924528740346,54.81308368672928,-0.008550715632736683,0.008550715632736683,0.4859620339995195
job_000008,Bulgaria,192,9.712516645006499,True,2,0.009972861886681601,0.8101743316629159,0.6958888129272627,0.03843089197413186,0.0768617839482637,1.0,2,0.012273869977341914,0.010983506501727042,-0.0005807579862131396,-3.0267222232969653,0.8961191318540037,1366,0.004611858632415533,0.014188701286911964,0.0033259429037570953,0.001480689039453864,23.998330133356827,0.023005586117506027,0.0,0.7894106938598615
job_000008,Bulgaria,193,9.76310266919924,True,2,0.009708189479505894,0.8104633134903694,0.6944747068869537,0.0373941478655573,0.0747882957311146,1.0,2,0.03322185968269894,0.005712681161745182,-0.027954480765694897,-78.45025853607861,0.8588388120071089,1356,0.006210984196513891,0.01995844393968582,0.004687218461185694,0.0035048536956310272,36.78719353103165,-0.0037381332367658615,0.0037381332367658615,0.9423133111288976
job_000008,Bulgaria,194,9.813688693391983,True,2,0.009519835186934694,0.8106228764616287,0.6939206165034244,0.03704897548542115,0.0740979509708423,1.0,2,0.013493625178407395,0.0031542896245693075,-0.01095342819230001,-73.9350374054962,0.8447365469204694,1329,0.002071983180940151,0.006318867672234774,0.0010584263363853097,0.0013964036479592323,52.83911382892905,0.006650643423199654,0.0,0.8456638711028512
job_000008,Bulgaria,195,9.864274717584724,True,2,0.009335969257006688,0.8106324156485413,0.694205275486641,0.03657309716737864,0.07314619433475728,1.0,2,0.015530670329535794,0.00018857356482906962,0.005627225854555516,88.08068345130884,0.3625332639339716,1286,0.0008981500286608934,0.0021544620394706726,-6.905932241352275e-05,0.0006036211852915585,96.52673931370181,-0.004712554160505533,0.004712554160505533,0.6764558316635371
job_000008,Bulgaria,196,9.914860741777467,True,2,0.009252694775898285,0.8106277073059012,0.6938507569563345,0.036735189003591566,0.07347037800718312,1.0,2,0.00713704262043779,-9.307595754306792e-05,-0.007008230750766236,-90.76089761041851,0.9820382425602966,1286,0.0004905581008642912,0.001089873956516385,0.00023890957527328283,-0.00012650857388507575,-27.902334821531323,-0.007764637004584074,0.007764637004584074,0.5510809108119783
job_000008,Bulgaria,197,9.965446765970208,True,2,0.009195877936125653,0.8106280573048059,0.6936695431267568,0.03677487858480432,0.07354975716960864,1.0,2,0.0035866203663524883,6.918885409324218e-06,-0.0035822904145863194,-89.88933827409902,0.9987946117193444,1286,0.0007154197082854807,0.0015480879228562117,-0.00017413949535693973,-1.3564459777626325e-06,-179.55370803332377,-0.011273574084043503,0.011273574084043503,0.24341624395429182
job_000008,Bulgaria,198,10.016032790162951,True,2,0.00961451012151518,0.8070404741316437,0.6935732507415194,0.03445555088766193,0.06891110177532386,1.0,2,0.0721552155668268,-0.07092044157281233,-0.0019035373262470809,-178.46252401421137,0.9832412296973094,1295,0.00043548180838115513,0.0007643261924386024,-3.163010478601791e-05,0.00018927431665360928,99.48717455002648,-0.0030599136371165514,0.0030599136371165514,0.4406590756234475
job_000008,Bulgaria,199,10.066618814355694,True,2,0.009469534478064399,0.8092786241212546,0.6935239533124475,0.035919701060874984,0.07183940212174997,1.0,2,0.04490728267014405,0.04424443362228137,-0.0009745266574840976,-1.2617912135194622,0.9854785713582198,1315,0.0004476331523619592,0.0009115341235883534,3.189479684806429e-05,-0.00033688213443383574,-84.5915615998688,0.00015285296831279993,0.0,0.7559507311200395
job_000008,Bulgaria,200,10.117204838548435,True,2,0.00935771439810893,0.8101457005262429,0.6935206473570854,0.036477965745368476,0.07295593149073695,1.0,2,0.017142269153325337,0.017140631603792564,-6.535313685518778e-05,-0.21845407228094627,0.9999117408543483,1329,0.0005062533309683204,0.000862269604112953,-0.00022010089014656842,0.0001490459544584155,145.89527930569528,-0.00309193623252213,0.00309193623252213,0.5250687263441076
job_000008,Bulgaria,201,10.167790862741178,True,2,0.009362152875180666,0.8100328209495753,0.6935814169797985,0.03696219667407842,0.07392439334815684,1.0,2,0.015218167906791109,-0.0022314380002972783,0.0012013124906088296,151.70384350527732,0.16652850286737386,1364,0.0025880676694214344,0.006258856505155563,-0.0011892502661794424,-0.0005025250720791519,-157.0932100107059,0.10600939393043518,0.0,0.498852697779769
job_000008,Bulgaria,202,10.21837688693392,True,2,0.009203308132082314,0.8098885187607789,0.691396440269172,0.03563427892998757,0.07126855785997514,1.0,2,0.04997734113796196,-0.00285260980871861,-0.04319328797814237,-93.7784920555742,0.8661401708764052,1290,0.0020508072338998318,0.0064720334485173225,-0.0014381790533661842,-0.00038210421917028725,-165.12104668288382,0.0487762950360775,0.0,0.7256037700197664
job_000008,Bulgaria,203,10.268962911126662,True,2,0.009101159802597989,0.8097670246141135,0.6905299490312362,0.035264606261058165,0.07052921252211632,1.0,2,0.020039373212357558,-0.002401733455123037,-0.017129063842502668,-97.98163201928114,0.8631319137985245,1299,0.0007188243325799704,0.0020191676449030638,-0.00013708046753890812,0.00014803653175476938,132.79940325258565,0.001641360460780561,0.0,0.28067630282648237
job_000008,Bulgaria,204,10.319548935319403,True,2,0.009024644624837104,0.8097500215340085,0.6901771351687216,0.03509760317224303,0.07019520634448607,1.0,2,0.007379735197361493,-0.00033612208858762113,-0.0069745323564142795,-92.7591080464094,0.9461893687159147,1280,0.0009695119224488735,0.0019226567819714546,0.0002842783578671515,-0.0001297254639212042,-24.52875692902197,-0.008094338700175285,0.008094338700175285,0.3223050704363737
job_000008,Bulgaria,205,10.370134959512146,True,2,0.008589182158509505,0.8097255376996457,0.6855341557605594,0.03225948962215539,0.0645189792443108,1.0,2,0.09209128832714111,-0.0004840039270452781,-0.09178383718142305,-90.30213516992221,0.9966753097863957,1221,0.0013828211231157184,0.0030881185084581375,-4.1826791857602075e-05,0.0012273774482309818,91.95178067738365,0.014391407370567322,0.0,0.8881046951157884
job_000008,Bulgaria,206,10.42072098370489,True,2,0.008277531093243388,0.8097330860726857,0.683733464003359,0.03127292468298877,0.06254584936597755,1.0,2,0.03563656487026969,0.00014921854722610824,-0.03559662546990104,-89.75982153391784,0.9988880341002025,1169,0.0007905718521215022,0.0017267566872760653,-0.00013486696116160601,0.0006438535056076944,101.83060383832127,0.010728852823376656,0.0,0.8320901546589143
job_000008,Bulgaria,207,10.47130700789763,True,2,0.007984183073124223,0.8096634878928717,0.6836643414915002,0.030660582710693957,0.061321165421387915,1.0,2,0.024167382193248356,-0.0013758381079489275,-0.0013664349583047582,-135.19646427040482,0.08023588426378814,1120,0.0007827737717889249,0.001279745134525001,-3.3956985134864226e-05,0.000646617787424475,93.00611335791679,-0.0022249321918934584,0.0022249321918934584,0.8271978680556535
job_000008,Bulgaria,208,10.521893032090373,True,2,0.007768707076915157,0.809679555518801,0.6836793097457339,0.030433050047727582,0.060866100095455164,1.0,2,0.009010751459378323,0.00031762974429532187,0.00029589702832917477,42.97128252091363,0.04817589673693181,1094,0.0005121605936437845,0.0009779332904145122,-0.00012720223458018154,0.00018310578889213502,124.78742216675323,-0.006280697416514158,0.006280697416514158,0.43531896633677636
job_000008,Bulgaria,209,10.572479056283115,True,2,0.00832325032757925,0.8093941770835127,0.6920084531280319,0.03499226267120987,0.06998452534241974,1.0,2,0.16478294793863352,-0.005641448203180482,0.16465305418276033,91.96233698536169,0.9997980576816948,1160,0.0055528967641294,0.015121448785066605,-0.0029105290304869413,-0.001485489192418754,-152.9609337048382,0.013065791688859463,0.0,0.5884674673788423
job_000008,Bulgaria,210,10.623065080475858,True,2,0.008543297877131574,0.8092982142239261,0.6927682366044678,0.035484138145197276,0.07096827629039455,1.0,2,0.017225320118809784,-0.0018970231623866751,0.015019632172337281,97.1985069562939,0.8788781766794889,1214,0.0021124500781297684,0.005428244359791279,-0.0008181043085642159,-0.0012162913335487247,-123.92564474951637,-0.003011510241776705,0.003011510241776705,0.693900692773748
job_000008,Bulgaria,211,10.673651104668599,True,2,0.008783294887961179,0.8092482521170217,0.6939078000714632,0.03621334385560975,0.0724266877112195,1.0,2,0.022548884482046068,-0.0009876662121929784,0.022527239196607842,92.51042250571031,0.9999998023247919,1241,0.0006688016001135111,0.0012704930268228054,-0.00013393082190304995,0.0002706140512600541,116.33147586423533,-9.154879808193073e-05,9.154879808193073e-05,0.45146835636356863
job_000008,Bulgaria,212,10.724237128861342,True,2,0.008947189323623076,0.8092233433296973,0.6944270181777841,0.03641463972362212,0.07282927944724424,1.0,2,0.010287284483515562,-0.0004924045271788415,0.010264062349366332,92.74658186278035,0.9988901151598617,1268,0.0005346094258129597,0.001332591287791729,2.2091051505412906e-05,0.0003399073029868305,86.28149669537304,0.007612071931362152,0.0,0.6371462871329527
job_000008,Bulgaria,213,10.774823153054085,True,2,0.008877918812570091,0.8092824080153416,0.6923211136589904,0.03496987964838049,0.06993975929676098,1.0,2,0.04252352305014028,0.0011676087731118578,-0.041630164702600864,-88.39343606606514,0.9793764148383954,1245,0.0008343993686139584,0.001784502062946558,0.00010561475937720388,0.0006183782825246453,80.30779416427532,0.0028482188936322927,0.0,0.7518373251176572
job_000008,Bulgaria,214,10.825409177246826,True,2,0.00844021191230133,0.8093670561541548,0.6867952166526008,0.03159643154084515,0.0631928630816903,1.0,2,0.1095939749668951,0.0016733503010770243,-0.10923762233882905,-89.1223865033174,0.9968653676511882,1187,0.0002898348611779511,0.0005962946452200413,8.276646985905245e-05,-2.4004490114748478e-05,-16.173572676021987,0.006558164954185486,0.0,0.29733195811958396
job_000008,Bulgaria,215,10.875995201439569,True,2,0.008517544000044732,0.8093526754934495,0.6894124143974381,0.03313587965178162,0.06627175930356324,1.0,2,0.05185482621141243,-0.0002842812997229672,0.051737565594504514,90.31481873110087,0.9977537364578836,1214,0.00021830112382303923,0.0005057473899796605,0.00011937309318454936,-0.00010677074897103012,-41.810370506656284,0.0019806718919426203,0.0,0.7336469316222056
job_000008,Bulgaria,216,10.92658122563231,True,2,0.008173343608272451,0.8093064243668211,0.6858827125906275,0.03099340843626983,0.06198681687253966,1.0,2,0.07203811896248381,-0.0009143064189437496,-0.06977622501743976,-90.75072707179329,0.9686845802036841,1137,0.0009392655920237303,0.001542450045235455,-0.0002402508835075423,0.0005346113466657698,114.19884244240755,-0.00018118973821401596,0.00018118973821401596,0.6240132075264353
job_000008,Bulgaria,217,10.977167249825053,True,2,0.00792069833052765,0.8092911700617256,0.6845029128581168,0.03023384020801479,0.06046768041602958,1.0,2,0.02821914046564397,-0.0003015517692697331,-0.0272763031791849,-90.63340474381053,0.9666477990892685,1110,0.0005281541962176561,0.0011152570368722081,0.00014641227608080953,-0.00015227677067741752,-46.12480730641254,0.0002618110447656363,0.0,0.3999698527897571
job_000008,Bulgaria,218,11.027753274017794,True,2,0.007748070346710838,0.8091459447629956,0.6841201598942193,0.030050871274390108,0.060101742548780215,1.0,2,0.013721365170718753,-0.002870858128256461,-0.007566377670621436,-110.77790000776179,0.5897887225182732,1083,0.0037122692447155714,0.011774102225899696,-0.002417718293145299,-0.0010319888824597,-156.88507131022533,0.05621631070971489,0.0,0.7081266791162448
job_000008,Bulgaria,219,11.078339298210537,True,2,0.007633316283176483,0.8091342828523891,0.6838162887695225,0.030018490955698356,0.06003698191139672,1.0,2,0.006028816347519863,-0.00023053621613207476,-0.006007017344136803,-92.19780838150913,0.9971176941481603,1104,0.005749275907874107,0.012157309800386429,0.000715092581231147,-0.0033957664854824543,-78.10820157248905,-0.018467092886567116,0.018467092886567116,0.603596555759038
job_000008,Bulgaria,220,11.12892532240328,True,2,0.007728889004487257,0.8097297581576244,0.6828959486413105,0.029994840240181144,0.05998968048036229,1.0,2,0.021674719010691387,0.011771537983820416,-0.018193565177318297,-57.09646392390603,0.9997673985804776,1067,0.0036009151954203844,0.0082450145855546,0.0016106551047414541,-0.0024515544064342976,-56.69534954760011,-0.014724173583090305,0.014724173583090305,0.8146022537585855
job_000008,Bulgaria,221,11.179511346596021,True,2,0.007805608413812252,0.809910349676155,0.6825173131330049,0.029998966208316304,0.0599979324166326,1.0,2,0.008725938562519518,0.00356998837944921,-0.007484982548993924,-64.50102994622888,0.9503567618647513,1042,0.0036674835719168186,0.007566128391772509,0.0015140528557822108,-0.0030295932665467262,-63.44620300581616,-0.004376539494842291,0.004376539494842291,0.9234821685230791
job_000008,Bulgaria,222,11.230097370788764,True,2,0.007865289216314499,0.8100023832474068,0.6823695837345596,0.030104286625640776,0.06020857325128156,1.0,2,0.004684958922879713,0.0018193477886539974,-0.002920359937408506,-58.0776090006219,0.7344175988815309,1090,0.0016713278600946069,0.003934881184250116,-0.0005789935239590704,-0.001294986461289227,-114.08960574707291,-0.008708271197974682,0.008708271197974682,0.848743475368885
job_000008,Bulgaria,223,11.280683394981505,True,2,0.007911576000245208,0.8100579524976046,0.6823735947668823,0.030163371094793872,0.060326742189587744,1.0,2,0.0018984926636171778,0.001098509935985403,7.92913138905661e-05,4.128494595178305,0.5801275370802879,1090,0.0012965267524123192,0.0024531972594559193,-0.000712289591319859,-0.0008138176635839045,-131.1938646716372,-0.014259097166359425,0.014259097166359425,0.8341564828848573
job_000008,Bulgaria,224,11.331269419174248,True,2,0.007985739593201816,0.810095182666597,0.6821414623940198,0.029961575868557366,0.05992315173711473,1.0,2,0.006015779962466121,0.0007359773689759957,-0.004588863753710296,-80.88830794130271,0.7725529044773017,1124,0.0007671398343518376,0.0018148644594475627,-0.00011925957369385287,-0.00045576109550893307,-104.6638717814571,-0.010039717890322208,0.010039717890322208,0.6141072950571883
job_000008,Bulgaria,225,11.38185544336699,True,2,0.008036324299736384,0.810061359127609,0.6820867274328977,0.029925845551403336,0.05985169110280667,1.0,2,0.0013618383003752893,-0.0006686340649938876,-0.001082017454340513,-121.71404498563517,0.9339880914669936,1124,0.0008778449846431613,0.0015802562702447176,-5.9592559409793466e-05,0.00013163044059183449,114.35751225462158,0.0032213523518294096,0.0,0.1645981739874531
job_000008,Bulgaria,226,11.432441467559732,True,2,0.008070714302104312,0.810057833304934,0.6819946551485345,0.0298623065240466,0.059724613048093206,1.0,2,0.0027344588833257684,-6.969954115569149e-05,-0.0018201130812809294,-92.19301714464332,0.6661088024074205,1124,0.0006452014786191285,0.0013284814776852727,-5.7078665122389793e-05,0.00022361644369084388,104.3191370408181,-0.016781847923994064,0.016781847923994064,0.35769638816934035
job_000008,Bulgaria,227,11.483027491752475,True,2,0.007935814468201102,0.8094745074192582,0.6826334843317112,0.02995411721336988,0.05990823442673976,1.0,2,0.018062827847904566,-0.011531364541580765,0.012628570704484903,132.399739851565,0.946765493634753,1100,0.0006141095655038953,0.00137991551309824,0.0001871588610811159,-0.0003398335538804531,-61.15680297544624,-0.004480439238250256,0.004480439238250256,0.631748818759833
job_000008,Bulgaria,228,11.533613515945216,True,2,0.00793852146188972,0.8097622906617538,0.6827471792067701,0.029665416368885335,0.05933083273777067,1.0,2,0.006125061660443298,0.005688987167663034,0.002247555068283703,21.55754940964135,0.9986623350340208,1124,0.0011124383891001344,0.002063007326796651,-0.00031385483453050256,-0.000118164301966317,-159.36897078282723,0.008173051290214062,0.0,0.30146566852732387
job_000008,Bulgaria,229,11.58419954013796,True,2,0.008119334096603962,0.809367674751198,0.6822881270276957,0.030285480228161105,0.06057096045632221,1.0,2,0.01283827454279921,-0.007800888028918567,-0.009074683895402936,-130.68340600536231,0.9321172051082793,1098,0.005793269257992506,0.018463844433426857,-0.003999790176749229,0.0023708452936261892,149.34297923658755,0.04222423583269119,0.0,0.8025948811653993
job_000008,Bulgaria,230,11.6347855643307,True,2,0.0082379459381516,0.8093202380587979,0.6820865033231995,0.03045228518558099,0.06090457037116198,1.0,2,0.00441366128129841,-0.0009377430457741052,-0.003985759065151152,-103.23939458752648,0.927707425897982,1131,0.0012179595651105046,0.00369567540474236,-0.00043908535735681653,0.0005952451028861105,126.4145157986664,0.015871478244662285,0.0,0.6073031322489937
job_000008,Bulgaria,231,11.685371588523443,True,2,0.008224243581151482,0.8099217239785386,0.6821811975502432,0.029931662493826443,0.059863324987652886,1.0,2,0.012040645838342395,0.011890357649948207,0.001871944446214209,8.946858663349301,0.9996813778320026,1124,0.001122103538364172,0.0035194605588912964,0.0007165776914916933,9.01772509678267e-05,7.172644583904797,-0.025475436821579933,0.025475436821579933,0.6436389570520115
job_000008,Bulgaria,232,11.735957612716184,True,2,0.008224903127006016,0.8102006569605791,0.6821719848848691,0.029687566178464058,0.059375132356928116,1.0,2,0.0057722129749455345,0.0055140325117805766,-0.00018211878717805193,-1.8916910764430963,0.955792734510138,1150,0.002423156052827835,0.006388671696186066,0.0006328076124191284,0.0012051252415403724,62.29617189024096,-0.0019296911777928472,0.0019296911777928472,0.5617326187689177
job_000008,Bulgaria,233,11.786543636908927,True,2,0.008254059753091174,0.8095989076754623,0.6826849055973305,0.029976296924571683,0.059952593849143365,1.0,2,0.015900530679984325,-0.011895563937264661,0.010139573541243091,139.55629867397846,0.983023264415674,1158,0.004665075801312923,0.01168000791221857,0.000826998264528811,0.002602502703666687,72.37128498121616,0.03558776527643204,0.0,0.5853583358952162
job_000008,Bulgaria,234,11.837129661101669,True,2,0.008282970619514609,0.809300083030035,0.6829478029307843,0.030145090023092354,0.06029018004618471,1.0,2,0.00819755692044257,-0.005907256998272334,0.005197034905374365,138.65960983325033,0.9597937589831808,1158,0.0029882555827498436,0.007862841710448265,-0.00044812948908656836,-0.0014045711141079664,-107.69532283158807,0.01925358735024929,0.0,0.49337379030533135
job_000008,Bulgaria,235,11.887715685294411,True,2,0.0083229795994685,0.8091403258387326,0.6831388696243297,0.030216332062119444,0.06043266412423889,1.0,2,0.005060899533278776,-0.003158129025788348,0.0037770648433918426,129.90011266543098,0.9728336221004862,1158,0.003503498388454318,0.011800254695117474,-0.00017501051479484886,-0.0018478878773748875,-95.41025435538137,0.03344222158193588,0.0,0.5298009742976239
job_000008,Bulgaria,236,11.938301709487154,True,2,0.008373540692175132,0.8090985378564731,0.6834438556337654,0.030170078089241173,0.06034015617848234,1.0,2,0.006711329377166063,-0.0008260776158300067,0.006029056726692241,97.80186167955307,0.9067334040368136,1158,0.0025751558132469654,0.009219098836183548,-8.765983511693776e-05,-0.0016607569996267557,-93.02144264188206,0.03364318609237671,0.0,0.6458129092932985
job_000008,Bulgaria,237,11.988887733679896,True,2,0.008354468182599824,0.8090937454379213,0.6835377778533893,0.030101178389511894,0.06020235677902378,1.0,2,0.0021517780852423987,-9.473799588556782e-05,0.0018566831673885367,92.9210066232064,0.8639825039947614,1158,0.005647694226354361,0.014032430946826935,-0.0005971092032268643,-0.0009764027199707925,-121.4474489740355,0.08348292112350464,0.0,0.20265073016100613
job_000008,Bulgaria,238,12.039473757872639,True,2,0.008361903977630734,0.8091509783568782,0.6838276781278139,0.03002225230061366,0.06004450460122732,1.0,2,0.006859182455108694,0.001131397848915695,0.005730837302414108,78.83212192780807,0.8516250558531874,1131,0.004007069859653711,0.007913229987025261,-0.0005686895456165075,0.001387862954288721,112.28181441140109,0.04704666882753372,0.0,0.37430271298494117
job_000008,Bulgaria,239,12.09005978206538,True,2,0.008368420817663744,0.8090203679887775,0.6836429589615247,0.0300730572406488,0.0601461144812976,1.0,2,0.004473207091168835,-0.0025819457090175144,-0.003651584982945384,-125.26318886393472,0.9997734541482689,1131,0.0035273495595902205,0.006396530196070671,-0.0004358348960522562,0.0009581500780768692,114.45942186261881,0.0785316675901413,0.0,0.2984159906032665
job_000008,Bulgaria,240,12.140645806258123,True,2,0.009514429675631096,0.808563769358766,0.6951499776197584,0.03655280560847104,0.07310561121694206,1.0,2,0.22862289392387938,-0.00902618138701232,0.22747426471765672,92.27230509300988,0.9957588667745173,1301,0.00347053911536932,0.006987931672483683,-0.001476304023526609,0.0006024864269420505,157.7994039905078,0.04999823868274689,0.0,0.45944170698094833
job_000008,Bulgaria,241,12.191231830450864,True,2,0.010241757739646657,0.8090222451209412,0.6995195857590899,0.040016853463615484,0.08003370692723097,1.0,2,0.08776139949570007,0.009063289109820708,0.08637975031764628,84.01022707806202,0.9896597658292913,1365,0.006266136188060045,0.016504740342497826,-0.0013075481401756406,0.00133881950750947,134.32298372031795,0.07338643074035645,0.0,0.2986521670138873
job_000008,Bulgaria,242,12.241817854643607,True,2,0.010776406235238128,0.809187024393299,0.7010698722633542,0.04141156218477871,0.08282312436955742,1.0,2,0.03414110779930565,0.0032574070602975607,0.030646537833401637,83.93283617411369,0.9026996429824667,1470,0.0022972540464252234,0.00495638232678175,-0.0009595787269063294,0.0002495083608664572,165.4247831403539,0.00796838104724884,0.0,0.4315964272743979
job_000008,Bulgaria,243,12.29240387883635,True,2,0.01117125438535587,0.809293416449741,0.7019264767379211,0.041733948373254164,0.08346789674650833,1.0,2,0.017166429787786743,0.00210319071600743,0.01693361927996528,82.92000223421529,0.9940173911888631,1499,0.002826257376000285,0.007154033053666353,-0.0010311732767149806,-0.00044124797568656504,-156.8334985034607,-0.005049083847552538,0.005049083847552538,0.39685489046131656
job_000008,Bulgaria,244,12.34298990302909,True,2,0.011426366229881666,0.8094364290557675,0.7020081996666641,0.042046427436609496,0.08409285487321899,1.0,2,0.00826518378848543,0.002827116942056812,0.0016155238536179031,29.745316073848954,0.39395968316867325,1554,0.002562625566497445,0.006498246919363737,-0.0002596069243736565,0.0007543763495050371,108.99010738519253,-0.03068492002785206,0.03068492002785206,0.31132000750481403
job_000008,Bulgaria,245,12.393575927221834,True,2,0.011472070814248388,0.8101717956264884,0.702054188020403,0.04175786426050514,0.08351572852101027,1.0,2,0.01603268198567558,0.014536951311275996,0.0009091118440858457,3.5785030709214163,0.9084787312380991,1562,0.0041794911958277225,0.012393515557050705,-0.002065150998532772,0.0023492532782256603,131.31763603979718,0.027910081669688225,0.0,0.7483956380549561
job_000008,Bulgaria,246,12.444161951414575,True,2,0.011499825126705438,0.8104688720348865,0.702009383282147,0.04162593794533756,0.08325187589067512,1.0,2,0.005944824455238056,0.005872697313910601,-0.0008857137711644356,-8.57664735562712,0.9990392473449612,1557,0.001464183209463954,0.004443084355443716,-0.0008280014735646546,0.0007673886138945818,137.1757635152321,0.01994568668305874,0.0,0.7710271661439486
job_000008,Bulgaria,247,12.494747975607318,True,2,0.011656382453897324,0.8098900140473051,0.7018988467594398,0.04195102256225311,0.08390204512450623,1.0,2,0.012083316749301925,-0.011443041765366596,-0.0021851197928912493,-169.18916474382166,0.9641231050227477,1596,0.001571609522216022,0.004161653108894825,-0.0008479952812194824,0.00036698640906251967,156.5985156865176,0.0191279835999012,0.0,0.5879319623588002
job_000008,Bulgaria,248,12.545333999800059,True,2,0.01178445621366105,0.8096858486798322,0.7017929389330706,0.0421360982182341,0.0842721964364682,1.0,2,0.004837515370098628,-0.004036003436346081,-0.002093618307808695,-152.58262704534582,0.9398851478673198,1596,0.0010860430775210261,0.002992683555930853,-0.0006539913592860103,0.0006383894942700863,135.69165184030376,0.01254066452383995,0.0,0.84151160595751
job_000008,Bulgaria,249,12.595920023992802,True,2,0.011746379692325887,0.8102612344427369,0.7018053911870443,0.04178634313206709,0.08357268626413418,1.0,2,0.01146535625410336,0.01137440176584061,0.0002461599655709113,1.2397773638220149,0.9922993098971246,1589,0.0023221306037157774,0.005054364446550608,-0.0008175637922249734,-0.00023370576673187315,-164.04708126825355,-0.002448022598400712,0.002448022598400712,0.36617711456443164
job_000008,Bulgaria,250,12.646506048185545,True,2,0.011842644482849067,0.8098504226177314,0.7017668737852828,0.04197902794480624,0.08395805588961248,1.0,2,0.008594022952435559,-0.008121053819927903,-0.0007614237801078253,-174.64365053509252,0.9491097493602583,1631,0.001426185597665608,0.003326282138004899,0.0006334611098282039,-7.944619574118406e-05,-7.148486809145936,-0.02197282202541828,0.02197282202541828,0.44764411269707644
job_000008,Bulgaria,251,12.697092072378286,True,2,0.01189809292455639,0.8097135537170492,0.701726100529087,0.042058381950914304,0.08411676390182861,1.0,2,0.0030563448846271544,-0.0027056662955119008,-0.000806018200608216,-163.41120172419681,0.923708309865155,1631,0.0010621725814417005,0.003145866561681032,2.788401070574764e-05,0.0004873567377217114,86.72540437468764,-0.0011015640338882804,0.0011015640338882804,0.45958047056894
job_000008,Bulgaria,252,12.747678096571029,True,2,0.011822816038962162,0.8101651935316292,0.7017046197509829,0.0416703699271312,0.0833407398542624,1.0,2,0.011458466834231287,0.008928154006710052,-0.00042463859231865275,-2.7230352668761917,0.7800560675357006,1599,0.0012095568235963583,0.0021170834079384804,-0.00034359024721197784,0.0005541046266444027,121.80230208763777,0.004569812212139368,0.0,0.5390291164391154
job_000008,Bulgaria,253,12.79826412076377,True,2,0.01176495136969328,0.8102784422647562,0.7017451603604216,0.041434853966241844,0.08286970793248369,1.0,2,0.005547247267850469,0.0022387355981082725,0.0008014191683508168,19.696274493644726,0.4286555322149211,1616,0.0024191185366362333,0.006785971112549305,0.0001166261499747634,-0.0009858880657702684,-83.2535185977666,-0.0010158992372453213,0.0010158992372453213,0.41038182345572943
job_000008,Bulgaria,254,12.848850144956513,True,2,0.011719252333158754,0.8102096978561244,0.7017755344022953,0.0412591501201387,0.0825183002402774,1.0,2,0.0037815472170640557,-0.0013589604980621438,0.0006004433508763548,156.16223223078612,0.3928816363762736,1616,0.0032989003229886293,0.011905819177627563,0.0016223705606535077,-0.0017258315347135067,-46.76990257699255,-0.0030774385668337345,0.0030774385668337345,0.7180169789786168
job_000008,Bulgaria,255,12.899436169149254,True,2,0.011683665254168077,0.8102389835675073,0.7018837298787677,0.04110500116388037,0.08221000232776074,1.0,2,0.0047191966788614845,0.0005789289008246696,0.002138841274817346,74.85443311939471,0.4695305478879131,1640,0.0018248229753226042,0.006263086572289467,0.001286108628846705,-0.0003697591309901327,-16.04006264482802,-0.0022109532728791237,0.0022109532728791237,0.7333350884514904
job_000008,Bulgaria,256,12.950022193341997,True,2,0.011659003088294023,0.8102849565990385,0.7017194655868764,0.04119214082066004,0.08238428164132008,1.0,2,0.003515570408302379,0.0009088089499986796,-0.0032472267689085343,-74.36453646005032,0.9591628850548356,1599,0.0006373953656293452,0.0015413081273436546,0.00011919009557459503,-0.0002454963978379965,-64.10312574404743,-0.0042198714800179005,0.0042198714800179005,0.4281497111608191
job_000008,Bulgaria,257,13.00060821753474,True,2,0.011611418536978911,0.8103049712621733,0.7019041278323465,0.041511019491124665,0.08302203898224933,1.0,2,0.008102958264217294,0.00039565598313200985,0.0036504597547835304,83.814129905071,0.45314793281013965,1567,0.0005241914768703282,0.0010004722280427814,-3.051498242712114e-05,4.433591675478965e-05,124.53838334983254,-0.0034586810506880283,0.0034586810506880283,0.10267675250898849
job_000008,Bulgaria,258,13.051194241727481,True,2,0.011580041410325988,0.810348395440871,0.7019529490760974,0.0416335417296745,0.08326708345934901,1.0,2,0.0031324244338347407,0.0008584224475185636,0.0009651132803986098,48.34842552031601,0.412345000876602,1567,0.00026657857233658433,0.0006070185336284339,-8.892693585949019e-06,0.00012575941218528897,94.04476389108594,0.0005698734894394875,0.0,0.4729315972273873
job_000008,Bulgaria,259,13.101780265920224,True,2,0.011554761735627282,0.8103239616187787,0.7020560965728848,0.04169645648808209,0.08339291297616418,1.0,2,0.002167080002406246,-0.00048301526918314273,0.0020390512682771466,103.32671496634124,0.9669598611884511,1537,0.0004569697193801403,0.0009728819131851196,0.00024894429952837527,-0.00012511869135778397,-26.683971298779912,-0.0034455712884664536,0.0034455712884664536,0.6097076429386163
job_000008,Bulgaria,260,13.152366290112965,True,2,0.011543161014886632,0.8103767219264065,0.7020754505636758,0.04165453014476595,0.0833090602895319,1.0,2,0.0017385956390954566,0.0010429819000369975,0.00038259561014836326,20.144482502888117,0.6389877598460686,1537,0.00048439158126711845,0.0012177012395113707,0.0003085793287027627,-4.568241274682805e-05,-8.420965335557637,0.0018918447894975543,0.0,0.6439881504205721
job_000008,Bulgaria,261,13.202952314305708,True,2,0.011633457424415766,0.8097607470268074,0.7022502480516404,0.04190688329542996,0.08381376659085991,1.0,2,0.012830962660143889,-0.012176780235824842,0.003455450210884747,164.15745158264664,0.9864864943196072,1569,0.002088956767693162,0.007096311077475548,0.0013992442982271314,0.0002644388878252357,10.701934605608693,-0.02321380004286766,0.02321380004286766,0.6816861167461112
job_000008,Bulgaria,262,13.25353833849845,True,2,0.011591186824482727,0.8100418191661698,0.7023286707915226,0.04164056540251737,0.08328113080503474,1.0,2,0.006680245435665408,0.005556320028066995,0.0015502847107214258,15.589785622793464,0.8635224399632812,1594,0.0006544890347868204,0.0019012187840417027,0.0004780674644280225,6.664292595814914e-05,7.935928785424493,-0.00845719687640667,0.00845719687640667,0.7375068542547134
job_000008,Bulgaria,263,13.304124362691192,True,2,0.011553988222741137,0.810127450120194,0.7024282112267257,0.04147682881394372,0.08295365762788744,1.0,2,0.003528164571887302,0.0016927788928006635,0.0019677457715166326,49.295807667760656,0.7357009579310876,1610,0.000478607602417469,0.0010474813170731068,0.0002309422561665997,0.00016455045260954648,35.470546038446344,-0.004657811019569635,0.004657811019569635,0.5924867152546639
job_000008,Bulgaria,264,13.354710386883935,True,2,0.011499565203451724,0.8101024861577696,0.7025678705164904,0.04136845412384484,0.08273690824768969,1.0,2,0.0034877600345616846,-0.0004934952454316879,0.0027608275604443996,100.13453264778872,0.8041226001082371,1610,0.0006982805789448321,0.0014554860536009073,8.227575017372146e-05,8.887361036613584e-05,47.20767662779431,-0.0008093208889476955,0.0008093208889476955,0.17344140713323494
job_000008,Bulgaria,265,13.405296411076677,True,2,0.011458309702143024,0.8101375638003101,0.702617483470338,0.0413611763772543,0.0827223527545086,1.0,2,0.0013022545014911343,0.0006934255676409737,0.0009807640477668387,54.738700488829195,0.9223542174057024,1577,0.0006684196996502578,0.0016031026607379317,0.00013733012019656599,0.00028318617842160165,64.12910065641948,-0.002248535631224513,0.002248535631224513,0.4708544834172935
job_000008,Bulgaria,266,13.45588243526942,True,2,0.011425757910315526,0.8101071222797536,0.7026413183192519,0.041355450722591225,0.08271090144518245,1.0,2,0.0007725996907194816,-0.0006017772901185321,0.0004711745841707973,141.940061402382,0.9892463625203644,1577,0.000336807977873832,0.0007572911563329399,0.00013974045577924699,0.00020890585437882692,56.220804734014514,-0.001966648269444704,0.001966648269444704,0.7462250197964059
job_000008,Bulgaria,267,13.50646845946216,True,2,0.01141242845499446,0.8101161799316141,0.7025770068210235,0.0413026215597407,0.0826052431194814,1.0,2,0.0015838358060856004,0.0001790544326230101,-0.0012713293692213534,-81.98317392468229,0.8106121166419114,1577,0.0003825377789326012,0.0008878432563506067,0.0001243516890099272,0.00019521864305716008,57.50340360652171,-0.0038589255418628454,0.0038589255418628454,0.6050640239354821
job_000008,Bulgaria,268,13.557054483654904,True,2,0.011406232395344829,0.8101173419694986,0.7025324820277539,0.04128091989938348,0.08256183979876695,1.0,2,0.0009376056535641878,2.2971520357017262e-05,-0.0008801797330415245,-88.50499573484828,0.9390722439981025,1577,0.0002452978224027902,0.0006496435380540788,7.878673932282254e-05,6.098340963944793e-05,37.74099592584367,-0.004763888195157051,0.004763888195157051,0.40616321320285265
job_000008,Bulgaria,269,13.607640507847645,True,2,0.011401134379803954,0.8101650797827058,0.7025016198996392,0.04124507174552665,0.0824901434910533,1.0,2,0.0016752827090072944,0.0009436956940011135,-0.0006100919889881098,-32.88235662779912,0.6707716127751792,1577,0.0005404228577390313,0.001257042633369565,2.7585313091549324e-06,0.00023351017443928868,89.3231778856773,-0.004614887293428183,0.004614887293428183,0.432118042822427
job_000008,Bulgaria,270,13.658226532040388,True,2,0.011404714072612766,0.8102032488375843,0.7024789582649142,0.04124056343876262,0.08248112687752525,1.0,2,0.0011626744824237763,0.0007545375523688626,-0.00044798212721074496,-30.69834454041803,0.7547296723541363,1554,0.00032853291486389935,0.0006238844362087548,0.00010519901115912944,7.365135388681665e-05,34.9964231806728,-0.00201337574981153,0.00201337574981153,0.39088523731768393
job_000008,Bulgaria,271,13.70881255623313,True,2,0.011399856041139479,0.8102063086172819,0.7024833467928473,0.04127558598951903,0.08255117197903807,1.0,2,0.0008620764060530948,6.0486661016580045e-05,8.675376259028889e-05,55.11493026158605,0.12267875268914046,1554,0.0003807460598181933,0.0009408588521182537,0.00015819357940927148,-3.627242040238343e-05,-12.914196211186374,-0.006571991369128227,0.006571991369128227,0.4262651844656714
job_000008,Bulgaria,272,13.759398580425872,True,2,0.01138929686975985,0.8102241497504988,0.702514591641809,0.04128426197378787,0.08256852394757574,1.0,2,0.0008088129817628259,0.0003526889788565744,0.0006176577317589765,60.273184374678245,0.8793872955965397,1537,0.00039860469405539334,0.0010301931761205196,-8.6116066086106e-05,0.00030154234264045954,105.93856409384557,-0.0006679064827039838,0.0006679064827039838,0.7867395778021135
job_000008,Bulgaria,273,13.809984604618615,True,2,0.011411095440705246,0.810275583637355,0.7024103168339173,0.041305816773408235,0.08261163354681647,1.0,2,0.002298548345606114,0.001016760808481299,-0.0020613362990212383,-63.74503131748191,0.999960760890469,1537,0.0006888373172841966,0.0017079173121601343,-4.232231367495842e-05,0.00020128274627495557,101.8742105713367,-0.006829480640590191,0.006829480640590191,0.2985959524349096
job_000008,Bulgaria,274,13.860570628811356,True,2,0.011423522206690115,0.8102832553167472,0.7023877081444849,0.041325091739026244,0.08265018347805249,1.0,2,0.0005693682935888432,0.00015165610491594923,-0.00044693548847078056,-71.25667319279647,0.8289273318574981,1537,0.00017780650523491204,0.0003793883079197258,-2.004918314923998e-05,-3.545197250787169e-05,-119.4894973670872,0.0012243749806657434,0.0,0.22906089391102205
job_000008,Bulgaria,275,13.911156653004099,True,2,0.011437049422272475,0.8102698394701813,0.7023674128402038,0.04134170522686307,0.08268341045372614,1.0,2,0.0009122277458885549,-0.0002652085586860647,-0.0004012037831616515,-123.46598140773094,0.5272111551490916,1537,0.0002987943298649043,0.0006230121362023056,-0.00015041489677969366,-4.023842848255299e-05,-165.02314683670184,-0.0009341694531030953,0.0009341694531030953,0.5211080072060579
job_000008,Bulgaria,276,13.96174267719684,True,2,0.011452356237539256,0.8103390186264192,0.702347541974217,0.041369330262031635,0.08273866052406327,1.0,2,0.002451539744520864,0.0013675547217219823,-0.00039281335712405114,-16.026064293193606,0.5803912241608551,1554,0.0010810942621901631,0.002236654981970787,0.0003247775894124061,2.95702902803896e-05,5.202312034554908,-0.0015915203839540482,0.0015915203839540482,0.30165821583962876
job_000008,Bulgaria,277,14.012328701389583,True,2,0.011585061437561951,0.8096814640282797,0.7024230258445283,0.04170516718947968,0.08341033437895938,1.0,2,0.014592805315822875,-0.012998740435384916,0.0014921882380748608,173.4514056366851,0.8966136107929137,1594,0.0019948300905525684,0.006616031285375357,0.0005498080863617361,0.0005212390096858144,43.47205648162982,0.018967000767588615,0.0,0.37978875787945804
job_000008,Bulgaria,278,14.062914725582326,True,2,0.011697748301581134,0.8094694566251968,0.7023535999238019,0.04180536801128132,0.08361073602256264,1.0,2,0.007447173790176386,-0.004191027195085449,-0.0013724328376143555,-161.86796599508529,0.5921737061637247,1657,0.000323829852277413,0.0007423270144499838,0.00014883761468809098,9.619588672649115e-05,32.875166150060615,-0.002390130888670683,0.002390130888670683,0.5472570893088418
job_000008,Bulgaria,279,14.113500749775067,True,2,0.011770996121300026,0.8093930622512308,0.7023263431721034,0.04185740651241896,0.08371481302483792,1.0,2,0.0026603697321789478,-0.0015101873528318068,-0.0005388198051440021,-160.3641061507973,0.602710027683278,1657,0.0006390401977114379,0.0017397182527929544,2.0043518816237338e-05,0.0002563785819802433,85.52974405735398,-0.0013495486928150058,0.0013495486928150058,0.4024173820499045
job_000008,Bulgaria,280,14.16408677396781,True,2,0.01181624192744919,0.8093857113449054,0.7023403476739489,0.04192112764329995,0.0838422552865999,1.0,2,0.001956514941918169,-0.00014531496480832623,0.0002768452763202458,117.69479919356439,0.15980739174504915,1657,0.00029474918846972287,0.0005970316124148667,-2.6651729058357887e-05,-7.35431385692209e-05,-109.9203067821834,0.004901316948235035,0.0,0.2653898688851093
job_000008,Bulgaria,281,14.214672798160551,True,2,0.011843171769965499,0.8094234928946447,0.702382874414367,0.04204320878640708,0.08408641757281417,1.0,2,0.0024480216322077743,0.0007468772322430949,0.0008406816130880797,48.38151460756653,0.459363398115206,1657,0.000678693933878094,0.001518171513453126,-3.507602741592564e-05,0.0003927482175640762,95.10349999394751,0.0037652328610420227,0.0,0.5809856150286914
job_000008,Bulgaria,282,14.265258822353294,True,2,0.011858962054368188,0.8094348392739579,0.7024385384123588,0.04206734066538897,0.08413468133077794,1.0,2,0.0012273775014549795,0.00022429869700707288,0.0011003829393604868,78.47883898672538,0.9149674570356644,1657,0.0002977127442136407,0.0006103875348344445,5.704942304873839e-05,-0.00015231504221446812,-69.46662055062016,0.0020360308699309826,0.0,0.5463266986634174
job_000008,Bulgaria,283,14.315844846546035,True,2,0.011880546703365634,0.8094532663685636,0.7024255532129295,0.0420633327461221,0.0841266654922442,1.0,2,0.000497882026734555,0.00036427244283131937,-0.00025669539435889096,-35.17157575542918,0.895053285502963,1657,0.00025867551448754966,0.0005688064848072827,-3.3470091693743598e-06,7.929123967187479e-05,92.41711092351554,-0.003576566930860281,0.003576566930860281,0.3068007796418575
job_000008,Bulgaria,284,14.366430870738778,True,2,0.011901206843583215,0.8094572034609869,0.7024654520611197,0.04205860108686464,0.08411720217372928,1.0,2,0.0007925641966699834,7.782964733931601e-05,0.0007887326356791015,84.36447729562478,0.9999989005523944,1657,0.0003220823418814689,0.0008572296355850995,-9.250352741219103e-05,1.047726436809171e-05,173.53802379454325,-0.0005192491807974875,0.0005192491807974875,0.289040936991711
job_000008,Bulgaria,285,14.417016894931521,True,2,0.011918767389061767,0.8094753843772926,0.7024791081104496,0.042042299533121254,0.08408459906624251,1.0,2,0.0004609030419401668,0.0003594059148929178,0.0002699569604033644,36.91094412738586,0.9752572289628131,1657,0.0008197613642551005,0.0015019546262919903,-0.00012675125617533922,0.00010798602306749672,139.57058660891266,0.00424581253901124,0.0,0.2031247834976777
job_000008,Bulgaria,286,14.467602919124262,True,2,0.011940280587101016,0.8095104890491645,0.7024223648616608,0.042022919243551976,0.08404583848710395,1.0,2,0.0016580797605724761,0.000693959891730242,-0.0011217178992474189,-58.25665638405765,0.7955146122600933,1657,0.0002920784754678607,0.0006097740260884166,-0.00010567898425506428,9.372515341965482e-05,138.4306477999338,0.003035243134945631,0.0,0.48361368893607415
job_000008,Bulgaria,287,14.518188943317005,True,2,0.011963998214624436,0.8095424157134021,0.702366108335579,0.04203030829582563,0.08406061659165126,1.0,2,0.0012934384747384222,0.0006311360646947732,-0.001112096215894625,-60.42425312901927,0.9886103484933106,1657,0.00033641501795500517,0.0006703967228531837,6.463212048402056e-05,6.655978359049186e-05,45.84181271484821,-0.00244144513271749,0.00244144513271749,0.2757804901000234
job_000008,Bulgaria,288,14.568774967509746,True,2,0.011777951091431567,0.8095671803348683,0.699887937488084,0.04019704923537333,0.08039409847074666,1.0,2,0.04903259796352377,0.0004895546123936,-0.048989239360909896,-89.42745631772159,0.9991656045150065,1630,0.001077072462067008,0.0019213330233469605,8.518670802004635e-05,0.00022600508236791939,69.34737678450834,-0.005520213861018419,0.005520213861018419,0.22424354407310032
job_000008,Bulgaria,289,14.61936099170249,True,2,0.011641844467177958,0.8095368782228678,0.6990283740119134,0.039386484826988914,0.07877296965397783,1.0,2,0.020271856500818586,-0.0005990214191389097,-0.016992113728790482,-92.01900672597426,0.8387327067504221,1604,0.0008762475335970521,0.00158353999722749,0.00015858595725148916,0.0004907358670607209,72.0912684796918,-0.00942436046898365,0.00942436046898365,0.5885596644143921
job_000008,Bulgaria,290,14.66994701589523,True,2,0.011516581279746077,0.8094576510359219,0.6988180111730269,0.039174365396181535,0.07834873079236307,1.0,2,0.004621825435542221,-0.0015661872663480644,-0.004158516946995133,-110.63745735588107,0.9614535130853836,1604,0.0001908679842017591,0.0004361460742074996,-5.664483614964411e-05,3.066150384256616e-05,151.57358728862135,-0.0021076463162899017,0.0021076463162899017,0.33746314190251714
job_000008,Bulgaria,291,14.720533040087973,True,2,0.011418064063683347,0.8094129303411486,0.6987819491581557,0.03912333505928078,0.07824667011856155,1.0,2,0.0013231869830521385,-0.0008840523738910468,-0.0007128849409810821,-141.11788035979478,0.8582862286708778,1553,0.0003354924265295267,0.0007041182834655046,-1.442962729925057e-05,0.00010584917617961764,97.76285367633541,-0.00022945589444134384,0.00022945589444134384,0.31842206216392
job_000008,Bulgaria,292,14.771119064280716,True,2,0.01132527145746678,0.8093683521840618,0.6988379758803516,0.03909551361227187,0.07819102722454374,1.0,2,0.0015323007334782704,-0.0008812346453026206,0.0011075533823789127,128.50782221961532,0.9236840774654349,1553,0.0005964482552371919,0.0013144288677722216,0.00015958203584887087,0.0004660930426325649,71.09970080221036,-0.00583928357809782,0.00583928357809782,0.8259814664724342
job_000008,Bulgaria,293,14.821705088473458,True,2,0.011244190359747016,0.8092742419712099,0.6988592840389428,0.039023734991685134,0.07804746998337027,1.0,2,0.0026507723418927338,-0.0018603994750280776,0.00042122619698475405,167.24236019669056,0.7195977825391766,1527,0.002838779939338565,0.008866099640727043,-0.0011504943249747157,0.00186240510083735,121.70555576232816,0.05446767807006836,0.0,0.7711436460748509
job_000008,Bulgaria,294,14.8722911126662,True,2,0.010383032386266236,0.809280229905818,0.6896713099708582,0.03273467605043214,0.06546935210086428,1.0,2,0.1838160658781207,0.00011837132298258844,-0.18163068188709,-89.96265952320601,0.9881112382182171,1423,0.0007306374027393758,0.0018467109184712172,2.235566898889374e-05,3.469030707492493e-05,57.200826620062024,-0.006727563217282295,0.006727563217282295,0.056484602183520076
job_000008,Bulgaria,295,14.922877136858942,True,2,0.010046345149518342,0.809332020521393,0.6891636442966389,0.032508322869851815,0.06501664573970363,1.0,2,0.010123183158704082,0.0010238127309154773,-0.010035690337809293,-84.17499882608955,0.9965026062146134,1372,0.0009380076662637293,0.002548309974372387,0.00023467573919333518,8.942749263951555e-05,20.86025940295723,-0.009566175751388073,0.009566175751388073,0.2677348808748805
job_000008,Bulgaria,296,14.973463161051685,True,2,0.00954033020591189,0.8092891446832038,0.6858821760888982,0.03073438138110862,0.06146876276221724,1.0,2,0.06487460612411304,-0.0008475826846141689,-0.06486906729886044,-90.74858710538335,0.9999999725417981,1307,0.0008498499519191682,0.0024432288482785225,-0.00042343069799244404,-0.0003494414559099823,-140.4684223951275,0.016696853563189507,0.0,0.6459984111756756
job_000008,Bulgaria,297,15.024049185244426,True,2,0.009964982933875887,0.8091713731127603,0.6940350143847555,0.03567573695904186,0.07135147391808372,1.0,2,0.16228162471054428,-0.002328144429668324,0.16116780130404132,90.82760682696878,0.993240092851834,1356,0.0015700552612543106,0.003911543637514114,3.4630484151421115e-05,-0.00028026269865222275,-82.95598790804651,0.02848104201257229,0.0,0.1798625485645917
job_000008,Bulgaria,298,15.074635209437169,True,2,0.010271297160363003,0.8091060154406462,0.6971485213691395,0.037874820755107313,0.07574964151021463,1.0,2,0.06265150160132243,-0.0012920104546087774,0.06154875845789104,91.20255676274898,0.9826151985395911,1407,0.0010293414816260338,0.0021584411151707172,2.4802548068691976e-05,0.00031112864962778986,85.4421347884165,0.0044092172756791115,0.0,0.3032187996643179
job_000008,Bulgaria,299,15.125221233629912,True,2,0.010545896584234256,0.8091677999310141,0.6983069409207299,0.038717521519315616,0.07743504303863125,1.0,2,0.02309650735340149,0.0012213747048501972,0.022899992044767406,86.94701320874596,0.9929007737067237,1434,0.0017341556958854198,0.005163137800991535,-0.0007106580305844545,-0.0006569036049768329,-137.25095303521044,0.03864722698926926,0.0,0.558057645920145
job_000008,Bulgaria,300,15.175807257822653,True,2,0.010960789223263613,0.809097959476268,0.7009796161309292,0.040975535880073403,0.08195107176014681,1.0,2,0.05791362217112465,-0.001380627472919402,0.05283426109978475,91.4968720624701,0.9126056155605761,1523,0.0024033086374402046,0.006497605703771114,-0.0002023254201048985,-0.0010418500751256943,-100.98994603184062,0.021246306598186493,0.0,0.44160532058829793
job_000008,Bulgaria,301,15.226393282015396,True,2,0.011266030628458662,0.8089715878825714,0.7021776875567016,0.04170435922542426,0.08340871845084852,1.0,2,0.02431359884398914,-0.0024981523199957808,0.023683842422713257,96.02124729734754,0.9795024450798946,1550,0.001514575444161892,0.0037159149069339037,3.634968015830964e-05,-0.0004687890177592635,-85.56618390427823,0.01158620323985815,0.0,0.3104475093738436
job_000008,Bulgaria,302,15.276979306208137,True,2,0.011267541912786566,0.808915778159375,0.7002975240502611,0.04021524628130961,0.08043049256261922,1.0,2,0.039979639711065815,-0.0011032636797813796,-0.0371676473184894,-91.7002366655039,0.93007386542995,1573,0.0002467165468260646,0.0006310297758318484,-1.3216705156082753e-05,4.181617623544298e-05,107.54001615807205,-0.0005129758501425385,0.0005129758501425385,0.17775519008368762
job_000008,Bulgaria,303,15.32756533040088,True,1,0.005239202737658788,0.7848612285539134,0.6673753269259989,0.0,,1.0,1,0.07215246438721473,0.04874718037991738,-0.05319483548387087,-47.498188372602804,1.0,720,0.4379219114780426,0.8380472660064697,0.13086508214473724,0.3967386782169342,71.74475276572431,8.145634651184082,0.0,0.9539705004375953
job_000008,Bulgaria,304,15.378151354593621,True,1,0.004263929178654956,0.7858628717728293,0.6660604477042303,0.0,,1.0,1,0.03267573899752313,0.019800789544152174,-0.025992934664297678,-52.70072578226382,1.0,589,0.0007174705970101058,0.0013109485153108835,1.5028557754703797e-05,5.184605470276438e-05,73.83477110709886,0.0005233024712651968,0.0,0.07523692688407975
job_000008,Bulgaria,305,15.428737378786364,True,1,0.003552454399643347,0.7862598334039351,0.6655241524414864,0.0,,1.0,1,0.013189936707135887,0.007847258950284715,-0.010601648801267995,-53.4914396475632,1.0,510,0.0007149137672968209,0.0013275305973365903,-0.0005922219716012478,0.0001379860332235694,166.88424622993736,0.019307073205709457,0.0,0.8505707027538849
job_000008,Bulgaria,306,15.479323402979107,True,1,0.0032479640584593267,0.7839140683584589,0.6724083898721508,0.0,,1.0,1,0.1437732710196388,-0.04637180096499487,0.13608971134861522,108.81625367920094,1.0,480,0.0009614088921807706,0.0019160924712195992,-0.0004729233623947948,0.0002496469533070922,152.17130692239533,0.050412893295288086,0.0,0.556236877295335
job_000008,Bulgaria,307,15.529909427171848,True,1,0.0025091298102844113,0.7942700370132364,0.670403954036325,0.0,,1.0,1,0.2085194131419471,0.20471995615467622,-0.03962430073943856,-10.954354915102806,1.0,375,0.0004260069108568132,0.0007340953452512622,3.919232767657377e-05,-0.0002966405882034451,-82.47363916104308,-0.009139897301793098,0.009139897301793098,0.7023793187111959
job_000008,Bulgaria,308,15.580495451364591,True,1,0.0024825520747875376,0.78708325150475,0.6742195754604988,0.0,,1.0,1,0.16085237736612387,-0.1420705742974274,0.0754283714734256,152.0351910647868,1.0,375,0.0002887308946810663,0.0005366668337956071,-9.997703455155715e-05,-0.0002203902549808845,-114.40077209806003,-0.0020995778031647205,0.0020995778031647205,0.8381741079535795
job_000008,Bulgaria,309,15.631081475557332,True,1,0.0024212145846368278,0.7855514360990606,0.6758505906726093,0.0,,1.0,1,0.04423274537303513,-0.03028139550664915,0.032242407624208984,133.20354982714832,1.0,350,0.010602490976452827,0.040567878633737564,-0.00853973813354969,-0.004137654323130846,-154.14899020437554,0.22043003141880035,0.0,0.8950091224916197
job_000008,Bulgaria,310,15.681667499750075,True,1,0.0023789434425202393,0.7850046566730448,0.6764511469125297,0.0,,1.0,1,0.016055412766813396,-0.010808902947830006,0.011871979454882255,132.31645133342434,1.0,350,0.015009929426014423,0.05113711953163147,0.012059461325407028,-0.007388516794890165,-31.49471292635143,-0.860840380191803,0.860840380191803,0.9422343147682202
job_000008,Bulgaria,311,15.732253523942816,True,1,0.002354335949470733,0.7848240853814247,0.6767334559649021,0.0,,1.0,1,0.006624724526791315,-0.0035695885276937323,0.005580771702804882,122.60390630951152,1.0,350,0.043843742460012436,0.13650962710380554,0.011829735711216927,-0.04002770036458969,-73.53554914415002,-2.142310380935669,2.142310380935669,0.9519986481244221
job_000008,Bulgaria,312,15.78283954813556,True,1,0.0018343396746587511,0.7944279024347864,0.6702291229350366,0.0,,1.0,1,0.2292950079308549,0.18985119322225086,-0.1285796449446738,-34.10842631964601,1.0,286,0.0010981482919305563,0.0028172368183732033,-0.0001635403896216303,-0.0009375112713314593,-99.89516510646317,-0.08042556047439575,0.08042556047439575,0.8666119677936263
job_000008,Bulgaria,313,15.833425572328302,True,1,0.0014555254305251338,0.7980694409619489,0.6677088613907504,0.0,,1.0,1,0.08754597110230691,0.07198704751509002,-0.049821301130200606,-34.686605546429554,1.0,228,0.0027961053419858217,0.00841650739312172,0.001318165916018188,-0.0009233499295078218,-35.01050489811906,-0.19927139580249786,0.19927139580249786,0.5755827828709794
job_000008,Bulgaria,314,15.884011596521043,True,1,0.0011778256789820966,0.7994348939715773,0.6667638308921483,0.0,,1.0,1,0.03282696427505105,0.02699269277272775,-0.018681651971723726,-34.68712177440347,1.0,187,0.0014891474274918437,0.0023096157237887383,-0.0014158347621560097,-0.0002687076339498162,-169.25378864587694,-0.05496753752231598,0.05496753752231598,0.9677402211023969
job_000008,Bulgaria,315,15.934597620713786,True,1,0.0009723774352773508,0.7999221729788919,0.6665600339222468,0.0,,1.0,1,0.01044122237357541,0.009632680470360139,-0.00402872084046464,-22.6963718557722,1.0,135,0.0007835539290681481,0.0013128077844157815,-0.0005398531793616712,-0.0004393857379909605,-140.85790583355822,-0.01573440432548523,0.01573440432548523,0.8883386800806414
job_000008,Bulgaria,316,15.985183644906527,True,1,0.0008208552144539797,0.8001285082554185,0.6663962784049922,0.0,,1.0,1,0.005207367864370325,0.004078898862270403,-0.0032371691562607563,-38.436851929760394,1.0,126,0.00048363261157646775,0.0005990993231534958,-0.00040736334631219506,9.684477845439687e-06,178.6381317520751,0.01793540269136429,0.0,0.8425371605755487
job_000008,Bulgaria,317,16.03576966909927,True,1,0.000703877281294925,0.8002747458676451,0.6659953553955726,0.0,,1.0,1,0.008436336143896783,0.002890869851117594,-0.00792556868853703,-69.9604397206658,1.0,117,0.00020385015523061156,0.00029548499151133,-2.747150392679032e-05,0.00019013874407391995,98.22128099579422,0.013483468443155289,0.0,0.9424228978661828
job_000008,Bulgaria,318,16.086355693292013,True,1,0.0006199606382859873,0.8002158476582315,0.6658965280057897,0.0,,1.0,1,0.0022742877100586684,-0.001164317820060613,-0.0019536500715361498,-120.79369511571183,1.0,96,0.00021489638311322778,0.00025952333817258477,-0.00012080078158760443,-0.000130578555399552,-132.77251819138144,0.017916997894644737,0.0,0.8277777608138577
job_000008,Bulgaria,319,16.136941717484753,True,1,0.0005613901345766375,0.8001441369077312,0.6658846384061201,0.0,,1.0,1,0.001436952473696754,-0.0014176000514892597,-0.00023503724317832715,-170.58603210365382,1.0,88,0.00165972497779876,0.0023449810687452555,-0.0013249670155346394,-0.0009370511979795992,-144.73105457501504,-0.06729812175035477,0.06729812175035477,0.9777751291701088
job_000008,Bulgaria,320,16.187527741677496,True,1,0.0005177270765865626,0.8001140344207514,0.6656908971333023,0.0,,1.0,1,0.0038758908558160846,-0.0005950751706677576,-0.0038299367445760093,-98.83169534895214,1.0,88,0.0006911390228196979,0.0008372619631700218,-0.0002145821345038712,0.0006523698684759438,108.2074369982448,-0.014483639970421791,0.014483639970421791,0.9936562962207537
job_000008,Bulgaria,321,16.23811376587024,True,1,0.0004822158223015622,0.8000347072456564,0.6653328410267908,0.0,,1.0,1,0.007249794772852947,-0.0015681638626644295,-0.007078162639295546,-102.49207579771814,1.0,88,0.0009681800729595125,0.0013367595383897424,-0.0007341981399804354,-0.0005996789550408721,-140.75870963413644,-0.05512869358062744,0.05512869358062744,0.9791336824727375
job_000008,Bulgaria,322,16.28869979006298,True,0,0.0,,,,,0.0,0,,,,,,0,,,,,,,,
job_000008,Bulgaria,323,16.339285814255724,True,1,0.0024172663049618344,0.7847390498068985,0.6764190088560394,0.0,,1.0,0,,,,,,364,0.0002790681319311261,0.0006387337925843894,-7.63141579227522e-05,-2.9198963602539152e-05,-159.06238518606042,-0.0032990090548992157,0.0032990090548992157,0.2927938230926667
job_000008,Bulgaria,324,16.389871838448464,True,1,0.0024121842005863335,0.7847771677859388,0.6764237883954737,0.0,,1.0,1,0.0007594283130365875,0.0007535278695769894,9.448339754877908e-05,7.146907424888974,1.0,364,0.0021439185366034508,0.006662700325250626,-0.001111492165364325,0.001406099065206945,128.3256396123291,0.08601342886686325,0.0,0.8360173243342942
job_000008,Bulgaria,325,16.440457862641207,True,1,0.002405801002867748,0.7847203962279791,0.676504621021736,0.0,,1.0,1,0.0019526567059557688,-0.0011222775235979537,0.0015979240818452165,125.08169908008198,1.0,364,0.0160980187356472,0.037914931774139404,-0.003854659153148532,0.014722003601491451,104.67237337916742,0.2589735984802246,0.0,0.9453505889593867
job_000008,Bulgaria,326,16.49104388683395,True,1,0.002398192925666535,0.7846801730305255,0.6765418710579545,0.0,,1.0,1,0.001083741514123059,-0.000795144471134836,0.0007363701103775482,137.19774014862418,1.0,364,0.008803365752100945,0.02824569307267666,-0.0003497863363008946,0.008051496930420399,92.4875730476015,0.42767760157585144,0.0,0.9154556986048532
job_000008,Bulgaria,327,16.541629911026693,True,1,0.0024051230856463215,0.7846993594606722,0.6763858891207536,0.0,,1.0,1,0.003106737786266552,0.00037928322007412576,-0.003083498647897644,-82.98760401859977,1.0,364,0.0015653152950108051,0.00342002441175282,-0.00029765264480374753,0.0013094082241877913,102.80675695959053,0.012038080021739006,0.0,0.857854704560557
job_000008,Bulgaria,328,16.592215935219436,True,1,0.0024081180542046172,0.7847039652849087,0.6764024616447847,0.0,,1.0,1,0.0003400276010858428,9.104934238479615e-05,0.0003276107244146461,74.46836163175,1.0,364,9.194458834826946e-05,0.00019899873586837202,4.09762748176945e-07,-4.140033706789836e-05,-89.43292950877346,-0.0020431040320545435,0.0020431040320545435,0.45029691893583557
job_000008,Bulgaria,329,16.642801959412175,True,1,0.002406782988993914,0.7846598914694224,0.6764041171881638,0.0,,1.0,1,0.0008718791166614238,-0.0008712646662724135,3.27272879341481e-05,177.8488117700265,1.0,364,0.00025496678426861763,0.0007094197790138423,-0.00012271769810467958,0.00018337818619329482,123.7906572841716,0.0021791483741253614,0.0,0.8654136878913212
job_000008,Bulgaria,330,16.693387983604918,True,1,0.0024085054563136835,0.784665424161442,0.6764349081844016,0.0,,1.0,1,0.0006184340429553014,0.00010937194823867518,0.0006086858322850271,79.81348761943318,1.0,364,0.00012376537779346108,0.00020762930216733366,-0.00010673137148842216,2.352901537960861e-05,167.56794771027617,0.0009814060758799314,0.0,0.8830749085651984
job_000008,Bulgaria,331,16.74397400779766,True,1,0.0024046026311086853,0.7846830892904872,0.6764079723844489,0.0,,1.0,1,0.0006367708880831299,0.0003492096745522789,-0.0005324751328552999,-56.742198304329534,1.0,364,0.000456058798590675,0.0008788237464614213,0.0001543117978144437,-7.119659858290106e-05,-24.76772308152185,0.01425930391997099,0.0,0.3726369576854308
job_000008,Bulgaria,332,16.794560031990404,True,1,0.002404368821550642,0.7847298434279448,0.6763083205064608,0.0,,1.0,1,0.0021759909308278424,0.000924250090883622,-0.0019699488065801703,-64.86521957169232,1.0,364,0.0003462719905655831,0.0006638753111474216,5.224194683250971e-05,0.00017258791194763035,73.15906205774786,0.018192199990153313,0.0,0.5207507619902113
job_000008,Bulgaria,333,16.845146056183143,True,1,0.002415810950478722,0.7847793434787889,0.6761727778186626,0.0,,1.0,1,0.0028525381304899187,0.0009785321466543187,-0.0026794493135461643,-69.9378582647562,1.0,364,9.461229637963697e-05,0.0001601709664100781,-1.969778531929478e-05,5.003834667149931e-05,111.4872678765778,0.0052099633030593395,0.0,0.568380883719111
job_000008,Bulgaria,334,16.895732080375886,True,1,0.0024252178742164773,0.7847855562301287,0.676089254564373,0.0,,1.0,1,0.0016556746644062264,0.00012281556890499627,-0.001651113239723797,-85.74597399073038,1.0,364,0.0003996466111857444,0.0006852122605778277,9.823367145145312e-05,0.00033039963454939425,73.44185265674065,0.006356192287057638,0.0,0.862496335308038
job_000008,Bulgaria,335,16.94631810456863,True,1,0.002428512176626524,0.7847932806989343,0.6760768067184088,0.0,,1.0,1,0.00028960148975273474,0.00015269966218493683,-0.0002460728266908183,-58.17846968313971,1.0,364,0.0007184669375419617,0.0014074594946578145,-0.00022846607316751033,0.0005744226509705186,111.68928188789292,0.015642866492271423,0.0,0.8604284526658799
job_000008,Bulgaria,336,16.996904128761372,True,1,0.0024286337733848396,0.7847513402655345,0.6761182300613826,0.0,,1.0,1,0.0011653065545779932,-0.0008290913166048181,0.0008188693148927504,135.3553907987537,1.0,364,0.000672384281642735,0.001161243417300284,-7.764811743982136e-05,-0.0004813731648027897,-99.16319209182967,0.0030260570347309113,0.0,0.7251738257068526
job_000008,Bulgaria,337,17.047490152954115,True,1,0.002437326040291417,0.7847404786222214,0.6760450519301482,0.0,,1.0,1,0.0014624557674527711,-0.00021471628748160666,-0.001446607682699767,-98.44262744177294,1.0,364,0.0046476381830871105,0.013423081487417221,0.0026895152404904366,-0.00333524402230978,-51.11756131401279,-0.2592373490333557,0.2592373490333557,0.9218762424069558
job_000008,Bulgaria,338,17.098076177146854,True,1,0.002445988421511431,0.7847241470799597,0.6760023803731279,0.0,,1.0,1,0.0009032149672044222,-0.00032284692308245315,-0.0008435443919784412,-110.94318054791191,1.0,364,0.0006594505975954235,0.0017155962996184826,0.0004574744962155819,0.0002310718991793692,26.798493540712688,0.0037152301520109177,0.0,0.777192983516829
job_000008,Bulgaria,339,17.148662201339597,True,1,0.002449811632552934,0.7847116334693741,0.6760199867451608,0.0,,1.0,1,0.0004270021732622142,-0.0002473728818455312,0.00034804814795957596,125.4030556770645,1.0,364,0.0006822652067057788,0.0016445613000541925,0.00030789594165980816,0.0003439792199060321,48.16826296276553,0.014330046251416206,0.0,0.6766444509978574
job_000008,Bulgaria,340,17.19924822553234,True,1,0.002454735062554437,0.784694466399435,0.6759420889299553,0.0,,1.0,1,0.0015768589038805399,-0.0003393638897909043,-0.0015399078391427601,-102.42814865461868,1.0,364,0.0003538100281730294,0.0007334119873121381,0.00010643486166372895,0.0003114245773758739,71.13122892018215,0.012997831217944622,0.0,0.930189540459645
job_000008,Bulgaria,341,17.249834249725083,True,1,0.002460627345502713,0.7847134932440747,0.6758408280696201,0.0,,1.0,1,0.00203678628400315,0.0003761284849584494,-0.0020017556617894757,-79.35824518781024,1.0,364,0.0003650708240456879,0.000693941896315664,-5.765357127529569e-05,2.5473080313531682e-05,156.16271780211613,0.0008997658733278513,0.0,0.17265210846967
job_000008,Bulgaria,342,17.300420273917826,True,1,0.0024715248332387455,0.7835808057799488,0.6791345241625051,0.0,,1.0,1,0.06885336653649876,-0.02239131226858367,0.06511079187277806,108.9778661340638,1.0,350,0.05607964098453522,0.07921579480171204,-0.001690263394266367,0.05371037498116493,91.80250105063656,0.9724016189575195,0.0,0.9582259036866737
job_000008,Bulgaria,343,17.351006298110565,True,1,0.002474665109857028,0.7843262587724155,0.6769574887775021,0.0,,1.0,1,0.045489372812127,0.014736342781680461,-0.04303630142404773,-71.09794631368516,1.0,364,0.0009734748746268451,0.0033380750101059675,0.000755155982915312,8.494982466800138e-05,6.418395368500017,-0.025066522881388664,0.025066522881388664,0.7806252785800584
job_000008,Bulgaria,344,17.40159232230331,True,1,0.002466590387292399,0.7845894855163766,0.676241502437717,0.0,,1.0,1,0.015080053064392886,0.005203546793048116,-0.01415383697791747,-69.81444569908098,1.0,364,0.001633799634873867,0.006213777232915163,-0.00010872683196794242,0.000556154758669436,101.06166362997052,0.009585912339389324,0.0,0.34684976234800047
job_000008,Bulgaria,345,17.45217834649605,True,1,0.002477408362932834,0.7835456166738346,0.679189945650122,0.0,,1.0,1,0.06183082270900822,-0.02063551858838925,0.05828572732205586,109.49603432495707,1.0,350,0.0010864879004657269,0.0030183051712810993,0.0006492503453046083,-0.00028153040329925716,-23.44270290025118,-0.03513741493225098,0.03513741493225098,0.6513297660224561
job_000008,Bulgaria,346,17.502764370688794,True,1,0.002477759618457779,0.7831450389089787,0.6804554561771741,0.0,,1.0,1,0.026240364945002793,-0.007918743788396328,0.025016999205753395,107.56437702345798,1.0,350,0.0006668473943136632,0.0016921964706853032,-0.0005125846946612,0.00028364796889945865,151.0412616269149,0.032955802977085114,0.0,0.8785099807264501
job_000008,Bulgaria,347,17.553350394881534,True,1,0.002379349310160716,0.7830764115174491,0.6788786513667019,0.0,,1.0,1,0.031200268583841936,-0.0013566472681879715,-0.031170759822205043,-92.49211564234741,1.0,350,0.0006350441253744066,0.0012104171328246593,-0.0004328102804720402,1.9927695120713906e-06,179.73619740351756,0.020222313702106476,0.0,0.6815508572785532
job_000008,Bulgaria,348,17.603936419074277,True,1,0.0023970113823358844,0.7830743682741907,0.68047877022505,0.0,,1.0,1,0.03163166484071524,-4.03914577392896e-05,0.031631639052149704,90.07316278474173,1.0,350,0.0010640665423125029,0.002013137796893716,-0.00046251757885329425,9.385411976836622e-05,168.52928304565262,0.020746255293488503,0.0,0.4435286203499385
job_000008,Bulgaria,349,17.65452244326702,True,1,0.0023884919988813565,0.7841747260991425,0.6775556875040734,0.0,,1.0,1,0.06174297336666127,0.021752210072079316,-0.05778439336997815,-69.37178272607426,1.0,336,0.00047139660455286503,0.0010036677122116089,0.00017859046056400985,0.00036204681964591146,63.74379745375838,0.016190066933631897,0.0,0.856388151832147
job_000008,Bulgaria,350,17.705108467459763,True,1,0.002381762082292606,0.7846352894018015,0.6763601479030393,0.0,,1.0,1,0.025326845325832664,0.009104556248660297,-0.023633792536823888,-68.93158547266704,1.0,350,0.00014087428280618042,0.0002873532648663968,-6.328879680950195e-05,-3.5752080293605104e-05,-150.53773104124238,0.0010266061872243881,0.0,0.5159845059362171
job_000008,Bulgaria,351,17.755694491652505,True,1,0.0023725111880081983,0.7847985497909936,0.6758383156076297,0.0,,1.0,1,0.010808815427444595,0.0032273813132674446,-0.010315740438928094,-72.62719218117671,1.0,350,0.0007299061981029809,0.0014495298964902759,-0.00019355026597622782,0.000525286013726145,110.22714896764444,0.03654175624251366,0.0,0.7669614005094905
job_000008,Bulgaria,352,17.806280515845245,True,1,0.002386572167430939,0.7838059160484948,0.6798447552568604,0.0,,1.0,1,0.08159517722671042,-0.019622687458431216,0.07920052451573165,103.91536345225248,1.0,350,0.0009333132184110582,0.0023711174726486206,0.0004758632567245513,0.00037925661308690906,38.55437398013695,-0.018458442762494087,0.018458442762494087,0.6519864081613139
job_000008,Bulgaria,353,17.856866540037988,True,1,0.002363442329175285,0.7843965138734661,0.6773682592257758,0.0,,1.0,1,0.05032902901117729,0.011675118461989289,-0.04895613107779701,-76.58657470723911,1.0,336,0.0008995254756882787,0.0032431462313979864,-4.8107289330800995e-05,0.0007730984361842275,93.56073055674612,0.03505253046751022,0.0,0.8611137622835288
job_000008,Bulgaria,354,17.90745256423073,False,,,,,,,,0,,,,,,0,,,,,,,,
job_000008,Bulgaria,355,17.958038588423474,False,,,,,,,,0,,,,,,0,,,,,,,,
job_000008,Bulgaria,356,18.008624612616217,False,,,,,,,,0,,,,,,0,,,,,,,,
job_000008,Bulgaria,357,18.059210636808956,False,,,,,,,,0,,,,,,0,,,,,,,,
job_000008,Bulgaria,358,18.1097966610017,False,,,,,,,,0,,,,,,0,,,,,,,,
job_000008,Bulgaria,359,18.160382685194442,False,,,,,,,,0,,,,,,0,,,,,,,,
job_000008,Bulgaria,360,18.210968709387185,False,,,,,,,,0,,,,,,0,,,,,,,,
job_000008,Bulgaria,361,18.261554733579924,False,,,,,,,,0,,,,,,0,,,,,,,,
job_000008,Bulgaria,362,18.312140757772667,False,,,,,,,,0,,,,,,0,,,,,,,,
job_000008,Bulgaria,363,18.36272678196541,False,,,,,,,,0,,,,,,0,,,,,,,,
job_000008,Bulgaria,364,18.413312806158153,False,,,,,,,,0,,,,,,0,,,,,,,,
job_000008,Bulgaria,365,18.463898830350896,False,,,,,,,,0,,,,,,0,,,,,,,,
job_000008,Bulgaria,366,18.514484854543635,False,,,,,,,,0,,,,,,0,,,,,,,,
job_000008,Bulgaria,367,18.56507087873638,False,,,,,,,,0,,,,,,0,,,,,,,,
job_000008,Bulgaria,368,18.61565690292912,False,,,,,,,,0,,,,,,0,,,,,,,,
job_000008,Bulgaria,369,18.666242927121864,False,,,,,,,,0,,,,,,0,,,,,,,,
job_000008,Bulgaria,370,18.716828951314607,False,,,,,,,,0,,,,,,0,,,,,,,,
job_000008,Bulgaria,371,18.767414975507346,False,,,,,,,,0,,,,,,0,,,,,,,,
job_000008,Bulgaria,372,18.81800099970009,False,,,,,,,,0,,,,,,0,,,,,,,,
job_000008,Bulgaria,373,18.868587023892832,False,,,,,,,,0,,,,,,0,,,,,,,,
job_000008,Bulgaria,374,18.919173048085575,False,,,,,,,,0,,,,,,0,,,,,,,,
job_000008,Bulgaria,375,18.969759072278315,False,,,,,,,,0,,,,,,0,,,,,,,,
job_000008,Bulgaria,376,19.020345096471058,False,,,,,,,,0,,,,,,0,,,,,,,,
job_000008,Bulgaria,377,19.0709311206638,False,,,,,,,,0,,,,,,0,,,,,,,,
job_000008,Bulgaria,378,19.121517144856544,False,,,,,,,,0,,,,,,0,,,,,,,,
job_000008,Bulgaria,379,19.172103169049286,False,,,,,,,,0,,,,,,0,,,,,,,,
job_000008,Bulgaria,380,19.222689193242026,False,,,,,,,,0,,,,,,0,,,,,,,,
job_000008,Bulgaria,381,19.27327521743477,False,,,,,,,,0,,,,,,0,,,,,,,,
job_000008,Bulgaria,382,19.32386124162751,False,,,,,,,,0,,,,,,0,,,,,,,,
job_000008,Bulgaria,383,19.374447265820255,False,,,,,,,,0,,,,,,0,,,,,,,,
job_000008,Bulgaria,384,19.425033290012998,False,,,,,,,,0,,,,,,0,,,,,,,,
job_000008,Bulgaria,385,19.475619314205737,False,,,,,,,,0,,,,,,0,,,,,,,,
job_000008,Bulgaria,386,19.52620533839848,False,,,,,,,,0,,,,,,0,,,,,,,,
job_000008,Bulgaria,387,19.576791362591223,False,,,,,,,,0,,,,,,0,,,,,,,,
job_000008,Bulgaria,388,19.627377386783966,False,,,,,,,,0,,,,,,0,,,,,,,,
job_000008,Bulgaria,389,19.677963410976705,False,,,,,,,,0,,,,,,0,,,,,,,,
job_000008,Bulgaria,390,19.728549435169448,False,,,,,,,,0,,,,,,0,,,,,,,,
job_000008,Bulgaria,391,19.77913545936219,False,,,,,,,,0,,,,,,0,,,,,,,,
job_000008,Bulgaria,392,19.829721483554934,False,,,,,,,,0,,,,,,0,,,,,,,,
job_000008,Bulgaria,393,19.880307507747677,False,,,,,,,,0,,,,,,0,,,,,,,,
job_000008,Bulgaria,394,19.930893531940416,False,,,,,,,,0,,,,,,0,,,,,,,,
job_000008,Bulgaria,395,19.98147955613316,False,,,,,,,,0,,,,,,0,,,,,,,,
job_000008,Bulgaria,396,20.032065580325902,False,,,,,,,,0,,,,,,0,,,,,,,,
job_000008,Bulgaria,397,20.082651604518645,False,,,,,,,,0,,,,,,0,,,,,,,,
job_000008,Bulgaria,398,20.133237628711388,False,,,,,,,,0,,,,,,0,,,,,,,,
job_000008,Bulgaria,399,20.183823652904127,False,,,,,,,,0,,,,,,0,,,,,,,,
job_000009,Rwanda,0,0.0,True,6,0.006503782873263876,0.8125726996527778,0.23056365740740745,0.20765238425912075,0.1486871326837725,0.5,0,,,,,,0,,,,,,,,
job_000009,Rwanda,1,0.04318781179138322,True,6,0.004639532445543353,0.8126857525960167,0.22492710624565337,0.19711803469468428,0.1430625431057788,0.5,6,0.13429959259964253,0.002617704823412011,-0.13051254342269455,-88.8509661436,0.9719969365269738,741,0.007075228728353977,0.02491617761552334,-0.0002789870195556432,-0.006059465929865837,-92.63612310544012,-0.047957345843315125,0.047957345843315125,0.8573411907792344
job_000009,Rwanda,2,0.08637562358276644,True,5,0.004197376482237326,0.8305975276614944,0.15192427719482937,0.11824390485626005,0.10395296998982873,0.6,5,0.050059172185140666,-0.02122013939931664,-0.029333235492200453,-125.88258862444269,0.7232250442593435,638,0.0013712713262066245,0.005390146281570196,0.0002709684194996953,-0.000400794466258958,-55.938229728049194,-0.08036650717258453,0.08036650717258453,0.3528095137408771
job_000009,Rwanda,3,0.12956343537414966,True,5,0.0045101828721275114,0.8304428902258799,0.1520919032223035,0.11876060503597641,0.10451435914588995,0.6,5,0.016959279829581345,-0.003580580473986436,0.00388132717359889,132.69198494519904,0.3113722614012337,698,0.00048241455806419253,0.0014938702806830406,-0.0001869164261734113,-0.0002732307475525886,-124.37592707767102,0.0013721504947170615,0.0,0.6862314057941196
job_000009,Rwanda,4,0.1727512471655329,True,5,0.004886421261248948,0.8309693404248615,0.15217585061278746,0.11903112032137718,0.10488988393994236,0.6,5,0.014129881960503504,0.012189786357421888,0.0019437750374902206,9.0600689248167,0.8735947041894687,765,0.0004895946476608515,0.0013529115822166204,-0.00019617578072939068,-1.7203003153554164e-05,-174.98845096154108,-0.014488957822322845,0.014488957822322845,0.40222787997262177
job_000009,Rwanda,5,0.2159390589569161,True,4,0.004692316692190571,0.8232105985213626,0.1234067411512858,0.11474710883058957,0.11010557977136967,0.75,4,0.012903723827976436,-0.0004367081531876299,0.010253012978818848,92.43893374522305,0.7952982635061835,737,0.0002757937181740999,0.0007133467588573694,-0.00011841102968901396,-0.00020268294611014426,-120.29424228065591,0.0005639551091007888,0.0,0.8511332021526319
job_000009,Rwanda,6,0.2591268707482993,True,5,0.005037288148309521,0.830695479141425,0.15190683043405104,0.11876831157067028,0.10430527578741666,0.6,4,0.024511040864842654,-0.004764023648072931,-0.02324684364368685,-101.58139070859396,0.9681340755214382,797,0.001057404326274991,0.004465106409043074,7.670593913644552e-05,-0.0008316938765347004,-84.73059899622427,0.030628526583313942,0.0,0.7898810371844437
job_000009,Rwanda,7,0.3023146825396825,True,4,0.005060522266455752,0.8230881034644011,0.12204175514066279,0.11367780901816663,0.1084886230186459,0.75,4,0.01233832700209038,0.0019276896945689573,-0.008358971840008287,-77.01386845745783,0.6952618464699993,776,0.002047495683655143,0.01040087454020977,0.00018306337005924433,-0.0019901322666555643,-84.74440720716437,-0.007500763982534409,0.007500763982534409,0.9760870988957827
job_000009,Rwanda,8,0.3455024943310658,True,4,0.004688411477041363,0.8238804245812428,0.12192088597913514,0.11238156363528377,0.10745643653399861,0.75,4,0.023655496575319672,0.018345942616147335,-0.002798686863587702,-8.67364175733054,0.7845189678896691,747,0.004611935932189226,0.019964497536420822,0.001469800597988069,-0.004254303872585297,-70.94070745125585,-0.0991569459438324,0.0991569459438324,0.9759558853764035
job_000009,Rwanda,9,0.388690306122449,True,4,0.004424378135786004,0.824186678630656,0.12222137535534269,0.11203307705213175,0.10702580218731327,0.75,4,0.014552704541430555,0.007091214782830136,0.006957735614368383,44.45564880776401,0.6826604929432732,698,0.0005376122426241636,0.001953385304659605,0.00046151006245054305,-5.709680976906384e-07,-0.07088479364869249,0.004511253908276558,0.0,0.8584447656754556
job_000009,Rwanda,10,0.4318781179138322,True,6,0.005841765773665773,0.7997920430642852,0.22747211249965546,0.1971653266105306,0.1471508507750238,0.5,4,0.01839603927469124,-0.015241250477599416,0.002634431794165927,170.19339041402986,0.8407926179990303,948,0.0035344017669558525,0.00993274711072445,0.0025810280349105597,0.0006368603790178895,13.860678776748488,0.048440612852573395,0.0,0.752160896360223
job_000009,Rwanda,11,0.47506592970521544,True,6,0.006144581976291831,0.7999883217792648,0.22596396239083863,0.1968599856119796,0.14759543236231068,0.5,6,0.04342762119829399,0.004544771009183029,-0.03492073449105947,-82.58489881356599,0.8108948201377272,964,0.00621799984946847,0.017695393413305283,0.0012802684213966131,-0.0008358728955499828,-33.1400691954539,0.3600735664367676,0.0,0.24589531315991406
job_000009,Rwanda,12,0.5182537414965986,True,5,0.006534380214077927,0.8028260304034462,0.21293770165599168,0.2109584899770982,0.1698809043140368,0.6,5,0.050391635537867,-2.180176486414262e-05,0.0056185228448435,90.2223258457279,0.11149797151483638,1010,0.006961665581911802,0.026543868705630302,0.0021147900260984898,0.0007804885972291231,20.257186430670668,0.20317882299423218,0.0,0.3238044240052235
job_000009,Rwanda,13,0.5614415532879818,True,4,0.004976930137032513,0.7749571608554155,0.21584826640385324,0.2259543534684081,0.20271290497357805,0.5,4,0.036990741187601185,0.013712088899409633,0.0073708224214982946,28.25989249300822,0.4208514633823154,789,0.0011639307485893369,0.0038442155346274376,0.00019576205522753298,-0.00015428874758072197,-38.24321010083962,0.04523312300443649,0.0,0.2141488989102911
job_000009,Rwanda,14,0.604629365079365,True,5,0.006227628289057695,0.8036334373461488,0.21331516522958097,0.20965299694700623,0.16838404327448347,0.6,4,0.014184476648959091,0.009573023149445567,0.0025294037883886638,14.80057048237029,0.6980552327677115,972,0.003298924770206213,0.011170371435582638,-0.0002895859070122242,0.0012567101512104273,102.97625634975283,0.05252615734934807,0.0,0.39092844096963675
job_000009,Rwanda,15,0.6478171768707482,True,5,0.007510945868107979,0.8037670664368722,0.21857203719275825,0.2185576914492314,0.17293120885844648,0.6,5,0.1244070795101438,0.0030941389521892183,0.12172119274230342,88.54386134923159,0.9787265580223458,1135,0.0011061043478548527,0.002778095193207264,0.0006296190549619496,0.0005829737056046724,42.79706372819692,0.007284219842404127,0.0,0.7757556703965195
job_000009,Rwanda,16,0.6910049886621316,True,5,0.00697010288444637,0.8042659627120766,0.21513585435580604,0.21234911789092767,0.1696018744972748,0.6,5,0.08319741923591883,0.011551784045327597,-0.07956371704013439,-81.73900183087838,0.9663513713549835,1070,0.001532872673124075,0.00366817694157362,0.0008801749208942056,0.0008625404443591833,44.42024577497264,0.019303657114505768,0.0,0.8039473606957143
job_000009,Rwanda,17,0.7341928004535148,True,5,0.006626013543076251,0.8044243759633789,0.21392895125168837,0.21018381776384004,0.16845296282516248,0.6,5,0.02914319952667411,0.003668008281304781,-0.027945456230743425,-82.5223327922375,0.9671262157740059,1025,0.0010359121952205896,0.0025485565420240164,0.0003450415388215333,0.0006169675034470856,60.78372294924845,0.029027309268712997,0.0,0.6823902971912225
job_000009,Rwanda,18,0.777380612244898,True,5,0.00646642742767883,0.8042844466907189,0.2135138566917108,0.20956389917885523,0.16822143028060543,0.6,5,0.011523351039848981,-0.0032400176544251868,-0.009611382071928933,-108.62907265513115,0.8801952980627398,988,0.0020570966880768538,0.005701987538486719,0.0001676909887464717,0.0012230161810293794,82.19270637532037,-0.01362037006765604,0.01362037006765604,0.6000976696444923
job_000009,Rwanda,19,0.8205684240362812,True,5,0.006299118350814192,0.804107366049459,0.21334309109976482,0.20934802838607128,0.16804036040744466,0.6,5,0.00763921863314346,-0.004100245738663284,-0.003954022787050877,-136.04007430468542,0.7456477741806918,972,0.0007664342992939055,0.002189389895647764,0.00015078634896781296,0.0005089950864203274,73.49843369531358,0.007382760755717754,0.0,0.6926362395014405
job_000009,Rwanda,20,0.8637562358276644,True,5,0.006187747867180594,0.8040414475874389,0.2131949004052482,0.20930255200020526,0.16793968789917452,0.6,5,0.004785318648463218,-0.0015263209522731456,-0.0034313082411417334,-113.9805443982756,0.7847893129471256,951,0.004968033172190189,0.016287757083773613,0.0013322529848665,-0.0019024923676624894,-54.99770667739717,0.0796140506863594,0.0,0.4675048158805393
job_000009,Rwanda,21,0.9069440476190476,True,6,0.006717291048827516,0.8107010690581542,0.28542753827615136,0.2509161232501858,0.11742906843659269,0.5,5,0.007269490665540629,0.0007113003984163015,-0.005149795139511354,-82.1359454300003,0.7151376130785917,1004,0.003875879105180502,0.009788459166884422,0.0005392020102590322,-0.0024667931720614433,-77.66997890206775,0.14349360764026642,0.0,0.6514744248792521
job_000009,Rwanda,22,0.9501318594104309,True,6,0.007078239343938746,0.8103055299910533,0.28478347727173053,0.2515197576007807,0.11731590522093553,0.5,6,0.02986113790931474,-0.00915858087489272,-0.014913027025585194,-121.55545548794623,0.5860727553833374,1045,0.005691599566489458,0.013215236365795135,0.002338433638215065,-0.0008695082506164908,-20.396826671627878,0.11729928106069565,0.0,0.43834039596128527
job_000009,Rwanda,23,0.9933196712018141,True,5,0.006650437308023851,0.803640712774279,0.21167802084494808,0.20993337652759936,0.16863966375882342,0.6,5,0.021479709009070515,0.0009123464174061798,-0.011806780416306149,-85.58135881725178,0.5513099763701143,983,0.002649538917466998,0.00890131015330553,0.0011837807251140475,-0.0012848968617618084,-47.34550321220614,0.05695858597755432,0.0,0.6593910895800728
job_000009,Rwanda,24,1.0365074829931973,True,6,0.008421330348820658,0.8102370255150984,0.2884024935436961,0.25649023773405305,0.11316812487268857,0.5,5,0.11695248334981403,-0.0027509437484811144,0.11163042205220153,91.41167227112126,0.9547836001170612,1245,0.003300689859315753,0.008270339109003544,0.000597983249463141,0.0007447482203133404,51.237854358775905,0.02058817259967327,0.0,0.2893665854151908
job_000009,Rwanda,25,1.0796952947845804,True,6,0.009228214459013683,0.8112615806245379,0.28747543976948986,0.26007891876597894,0.11290484206514262,0.5,6,0.10091192011749746,0.023723246604587123,-0.02146563430174087,-42.13991148540481,0.31704100173365374,1366,0.0009972580010071397,0.002318190410733223,1.4884896700095851e-05,0.0006394534138962626,88.66653652110107,-0.010554305277764797,0.010554305277764797,0.6413853101321416
job_000009,Rwanda,26,1.1228831065759637,True,6,0.009812897057561023,0.8118928956115287,0.2871027584804218,0.26157979852275026,0.11352321073125526,0.5,6,0.04198962842643362,0.014617897059482765,-0.008629316318877334,-30.554433883161067,0.4042646659573043,1463,0.0021526492200791836,0.005291002336889505,-0.0004946414264850318,0.0017429128056392074,105.8440263270297,0.006019160151481628,0.0,0.8416344244602819
job_000009,Rwanda,27,1.166070918367347,True,6,0.010422510729969749,0.8112002130196031,0.2889075699737139,0.26099127418433216,0.11358627923956947,0.5,6,0.047968855512944365,-0.016038844368213526,0.04178983417845104,110.99668986788289,0.9331466965581497,1529,0.0009286845452152193,0.0015986256767064333,-0.0002427531871944666,0.0005915522924624383,112.31159912624469,-0.0067116678692400455,0.0067116678692400455,0.6885267321860042
job_000009,Rwanda,28,1.20925873015873,True,6,0.010884608859568847,0.8108860917273217,0.2895535510750156,0.2606960040144132,0.11374884437105588,0.5,6,0.019368610521061227,-0.007273378280856876,0.0149574862561246,115.93226911758362,0.8587167559393392,1592,0.0021188182290643454,0.0034447512589395046,0.00014690028910990804,0.0013541904045268893,83.80885965710827,0.020990196615457535,0.0,0.6428748017358399
job_000009,Rwanda,29,1.2524465419501134,True,7,0.0129344985447856,0.7121634602003005,0.38640384334583816,0.41538548062125824,0.1974567284873993,0.42857142857142855,6,0.015353135305701397,-0.00236812903326176,0.004892350528644492,115.82917751875468,0.3540227462579189,1899,0.010332212783396244,0.06219873204827309,0.002069375477731228,-0.00905467290431261,-77.12658629547734,0.06451525539159775,0.0,0.8989490715431744
job_000009,Rwanda,30,1.2956343537414965,True,7,0.012960201923931266,0.7121177526371972,0.3860491559427365,0.4142672650003568,0.1961090493042467,0.42857142857142855,7,0.024750295443935855,-0.00105834403752923,-0.008212673631509359,-97.34307541567482,0.33456512726107546,1881,0.014397875405848026,0.0759703740477562,0.005177395883947611,-0.010345309972763062,-63.41394733511825,0.15175043046474457,0.0,0.8034886272176412
job_000009,Rwanda,31,1.3388221655328798,True,6,0.011217350951136445,0.8105169354792606,0.2897081965755231,0.2601931361808475,0.11249786773911245,0.5,6,0.005399554596662234,0.0029279360942742,-0.0009253713444402654,-17.539089978390628,0.5686927455701026,1660,0.0010389013914391398,0.00324779050424695,0.0004785121709574014,-0.00030020723352208734,-32.103188970255104,0.009818147867918015,0.0,0.5437357699688031
job_000009,Rwanda,32,1.3820099773242631,True,6,0.011210038863948002,0.8115451090155248,0.28778429015550566,0.2614897752106737,0.11301071368751098,0.5,6,0.05921992145454053,0.02380703012300334,-0.044547439201383536,-61.879073859043615,0.852920589972719,1631,0.00255520804785192,0.005880915559828281,-0.00031073231366463006,0.0012385217705741525,104.08420905958671,0.002727834740653634,0.0,0.49972710105749474
job_000009,Rwanda,33,1.4251977891156462,True,7,0.012778705214057377,0.7127328082301717,0.38341704487735695,0.4120349043816822,0.19595661572379375,0.42857142857142855,6,0.03691696767567109,-0.011795714619702503,0.03064078202557965,111.05509909332874,0.8893703264999,1922,0.004179560579359531,0.01429060846567154,0.0002858893421944231,-0.0003445723850745708,-50.31773880766816,0.030678706243634224,0.0,0.1071238863222786
job_000009,Rwanda,34,1.4683856009070295,True,6,0.011108651566484004,0.8117089983002646,0.2878347886565722,0.2622581883829962,0.11378670840808437,0.5,6,0.047443381073513764,0.01559051870774801,-0.02947150534839033,-62.121019343346134,0.7027571287331912,1593,0.0023171035572886467,0.005232458468526602,0.00030674555455334485,0.00039365398697555065,52.073339520476075,0.04321634769439697,0.0,0.21537898160373165
job_000009,Rwanda,35,1.5115734126984126,True,6,0.011314978979233916,0.8112371471000329,0.28897641678035396,0.26111367624322834,0.11388232657730528,0.5,6,0.04199961122003135,-0.010925563964916125,0.026434034891519295,112.45600636292302,0.681027840910814,1665,0.000991347129456699,0.002513678278774023,-0.0004914074670523405,0.0002978240663651377,148.7814813439409,0.00595066137611866,0.0,0.5796287777013601
job_000009,Rwanda,36,1.554761224489796,True,6,0.011126700761703091,0.8117571084547164,0.2878187459215186,0.26224273228162687,0.11373202455853772,0.5,6,0.04285871578035466,0.012039539238411168,-0.026805499302150804,-65.81303586995125,0.6856276445461059,1626,0.002457738621160388,0.005010015796869993,-4.86370045109652e-05,0.0014784696977585554,91.88417150948833,-0.027139553800225258,0.027139553800225258,0.6018823445915832
job_000009,Rwanda,37,1.597949036281179,True,6,0.011159651709761806,0.8107725050306748,0.28898627983358965,0.2608725077567095,0.11295686965732332,0.5,6,0.04688471882862216,-0.022798178078522528,0.02703387515233989,130.14156841688745,0.7542680229332155,1622,0.0006219055503606796,0.0012933466350659728,-4.790924140252173e-05,0.0001252818910870701,110.92743111635666,-0.008531514555215836,0.008531514555215836,0.21567578135660628
job_000009,Rwanda,38,1.6411368480725623,True,6,0.011116393727027267,0.8115510164808376,0.28752293700564063,0.26170957800472244,0.11315282247279272,0.5,6,0.039488733976343844,0.01802618419111747,-0.03388323620139902,-61.98662385269096,0.9719203399749193,1642,0.002034564735367894,0.0040308027528226376,0.0003758111270144582,0.0015428478363901377,76.31032835467998,0.006873295642435551,0.0,0.78049071947632
job_000009,Rwanda,39,1.6843246598639456,True,6,0.01080048328230024,0.8112487288336796,0.28893785977598546,0.2603970002523794,0.11221678584919742,0.5,6,0.053248397778108164,-0.006999374004365055,0.032762085219310864,102.05951728662288,0.629153668635309,1604,0.0007511570584028959,0.001866307109594345,-3.547773667378351e-05,0.00047586410073563457,94.26376120214198,0.006579171866178513,0.0,0.6352663167662826
job_000009,Rwanda,40,1.7275124716553287,True,6,0.010665111731735842,0.8123025223525957,0.2878291628760744,0.2612933726382775,0.11341040312729371,0.5,6,0.04091214224799894,0.024400252645501556,-0.025671522911754775,-46.45436776679222,0.8656965787739549,1584,0.0023497305810451508,0.0049301981925964355,0.0005534683587029576,0.0013617071090266109,67.88062605654967,-0.024104880169034004,0.024104880169034004,0.6255563700316508
job_000009,Rwanda,41,1.770700283446712,True,6,0.010346979448839064,0.813087361323151,0.2870769212831336,0.2616196234001577,0.11305151950550853,0.5,6,0.038481363592715034,0.01817269590657578,-0.017417914030339248,-43.78509150292709,0.6541353513459629,1522,0.0016382811591029167,0.005385400261729956,0.0005761598004028201,0.0005510157789103687,43.72210909216377,-0.05908951908349991,0.05908951908349991,0.48662695733542205
job_000009,Rwanda,42,1.8138880952380951,True,6,0.010109437072857903,0.8133786159391052,0.28685568679614276,0.2617355943939245,0.11296127707153482,0.5,6,0.01453345750353373,0.006743907687687549,-0.005122613946257511,-37.21998958668201,0.5827142377291272,1481,0.0025241051334887743,0.0059931110590696335,8.120021811919287e-05,0.0020863222889602184,87.77115798250516,-0.014980996027588844,0.014980996027588844,0.827184981459479
job_000009,Rwanda,43,1.8570759070294784,True,7,0.011894603534342104,0.8174399888575168,0.2956394824198711,0.24416487766476072,0.12576226544469776,0.42857142857142855,6,0.020787398871010204,-0.0008618964012930045,-0.016061091671477897,-93.07175282730465,0.7737476626209132,1769,0.006423783488571644,0.030740492045879364,0.004108455963432789,0.0037405332550406456,42.31621508920523,-0.013174097053706646,0.013174097053706646,0.8649369492505907
job_000009,Rwanda,44,1.9002637188208618,True,7,0.01310729034559238,0.7155541487880822,0.3810366195810024,0.41223020842504315,0.19513341603966738,0.42857142857142855,6,0.024530881214165492,-0.017719897460253885,-0.005157950103089607,-163.7706521581123,0.7523305056178159,1990,0.00335138151422143,0.010914640501141548,0.0003057522408198565,-0.001671963487751782,-79.63681886548522,-0.025889040902256966,0.025889040902256966,0.5071610211176862
job_000009,Rwanda,45,1.9434515306122448,True,7,0.012898578622122524,0.7155899954027111,0.3820659852539036,0.4135540342300354,0.19602973309930075,0.42857142857142855,7,0.03646199526292927,0.0008300169224144478,0.023834633666404113,88.005538614369,0.6540805395827574,1916,0.0006053337128832936,0.0013089276617392898,6.4921582634269726e-06,4.000965054729022e-05,80.78324307191734,9.736150786920916e-06,0.0,0.06695968166450689
job_000009,Rwanda,46,1.9866393424036282,True,6,0.00993652515599859,0.8115989628841973,0.28594615993600864,0.2620050871461727,0.11095816265992124,0.5,6,0.04888685731820055,-0.02370367832424697,-0.0025049743703420106,-173.96744607294505,0.4875680984741454,1496,0.0016365733463317156,0.004775506444275379,-6.121548267401522e-06,0.001074686530046165,90.3263603634522,-0.007619472220540047,0.007619472220540047,0.6566793763714585
job_000009,Rwanda,47,2.0298271541950115,True,6,0.009633813924488923,0.8110390915344,0.28591967370106547,0.26175224704760336,0.1099761769002953,0.5,6,0.021803667105152424,-0.012963642439255817,-0.0006132803178605437,-177.29148688583368,0.5952274319237791,1477,0.0006687942077405751,0.002102829050272703,-9.804092405829579e-05,0.0003746139700524509,104.66605039270686,0.014238852076232433,0.0,0.5789983523195271
job_000009,Rwanda,48,2.0730149659863946,True,6,0.009321653359166921,0.8109612321834723,0.2858832148739328,0.2616015904106727,0.10934121074398544,0.5,6,0.00977931099772072,-0.001802808424369482,-0.0008441925075715525,-154.9079409198258,0.20355964276872796,1423,0.0017914650961756706,0.004622310865670443,0.00014195145922712982,0.0014152094954624772,84.27215045637568,-0.0032369208056479692,0.0032369208056479692,0.7939372335985015
job_000009,Rwanda,49,2.1162027777777777,True,8,0.012640185033255962,0.7325519257065553,0.3754784502045477,0.38667975592875453,0.19144288296811307,0.375,6,0.027079791431461303,0.026209160993179437,-0.0009144515175711879,-1.9982695124470877,0.9684383669094762,1901,0.012570755556225777,0.051449522376060486,0.0021972539834678173,-0.005129208788275719,-66.8106429898566,-0.07499995827674866,0.07499995827674866,0.44388959447487125
job_000009,Rwanda,50,2.1593905895691607,True,6,0.009393523513035762,0.8130427618422195,0.2863061340922749,0.2640096339185325,0.11428934449996021,0.5,6,0.05704582799691202,0.021987994000499986,0.010707011056938406,25.96367671732733,0.4287136954051321,1424,0.0064389933831989765,0.013689362443983555,0.00012666723341681063,0.004533080849796534,88.39940867823651,0.03693990409374237,0.0,0.7042793736294314
job_000009,Rwanda,51,2.2025784013605443,True,9,0.01369310418650753,0.6810342380761184,0.4085905554114855,0.3538585557053818,0.14981455823056505,0.3333333333333333,6,0.04388118505891081,0.013367231218080351,-0.01093979322261541,-39.29702563610955,0.3936346930250972,2037,0.0029896958731114864,0.005162944085896015,0.00034023489570245147,0.0003871909575536847,48.69337531426635,-0.058361589908599854,0.058361589908599854,0.17240492117280162
job_000009,Rwanda,52,2.2457662131519274,True,7,0.010429268372760675,0.686442791746846,0.39570392626003986,0.34368932313300427,0.19696081635767143,0.2857142857142857,7,0.011775361329955453,0.0005151070513365805,-0.005224201212441935,-84.36882889675171,0.4458066686170146,1541,0.0018665603129193187,0.004292135592550039,-9.979631431633607e-05,-0.0006583117065019906,-98.62008225613255,0.0005506225279532373,0.0,0.35671658341184326
job_000009,Rwanda,53,2.2889540249433105,True,7,0.010437740327508578,0.6864453885701584,0.3956240158059082,0.3438049384346925,0.19684028901399755,0.2857142857142857,7,0.004226291292615429,6.012861510537674e-05,-0.0018503010645164381,-88.13873321030451,0.4380383812411029,1537,0.0012800866970792413,0.003466970520094037,-5.349639104679227e-05,0.0011382936500012875,92.69075009920027,-0.003204569686204195,0.003204569686204195,0.8902131740592862
job_000009,Rwanda,54,2.332141836734694,True,7,0.013264981454933296,0.6199991860111422,0.40648267112121006,0.3594894962697129,0.19064864726733766,0.2857142857142857,6,0.001696129479412365,4.014400183947502e-05,-0.0011028022941690834,-87.91525030613658,0.6506182003685123,1937,0.0011196599807590246,0.0032075135968625546,0.00019860193424392492,0.0008850761805661023,77.35290626958754,-0.012050149030983448,0.012050149030983448,0.8101429647265656
job_000009,Rwanda,55,2.375329648526077,True,7,0.01244581670716323,0.6208590891660878,0.40646483260808136,0.35893116113732465,0.18940183796366192,0.2857142857142857,7,0.020753759290750632,0.019910783141764855,-0.0004130450788951933,-1.1884186400323422,0.9595884133234368,1808,0.0005142324371263385,0.0015696980990469456,0.00011110531340818852,0.00043972962885163724,75.82000984238972,-0.013305122032761574,0.013305122032761574,0.8819918636099002
job_000009,Rwanda,56,2.41851746031746,True,6,0.009580767341103873,0.6589741194896758,0.35277788784929937,0.3463093664872051,0.23464131182282522,0.3333333333333333,6,0.0035546339832997595,-0.003338162839848875,3.5915136176236456e-05,179.38358120077888,0.9391560578580833,1385,0.00106194824911654,0.0030124520417302847,0.0002816389605868608,0.0008175445254892111,70.99149163578879,-0.00487202825024724,0.00487202825024724,0.8142545760629598
job_000009,Rwanda,57,2.4617052721088437,True,6,0.009587070818178051,0.6590617017619893,0.35277445060309803,0.34626867165100167,0.23455026928614375,0.3333333333333333,6,0.002553624944023491,0.0020279395663007458,-7.958833890477065e-05,-2.2474717434311793,0.7947528585342195,1385,0.0005604866310022771,0.001377058564685285,0.0002673377748578787,0.0002626800269354135,44.496502895675874,0.0008232759428210557,0.0,0.6686932968351763
job_000009,Rwanda,58,2.504893083900227,True,6,0.009589784621958716,0.6590957949670928,0.35278967949026985,0.3462458718136184,0.23451535749086236,0.3333333333333333,6,0.0012017777123378536,0.0007894172843956611,0.0003526200226437203,24.069548358242464,0.7194281327705492,1392,0.0010283085284754634,0.0030324605759233236,0.0004540510126389563,0.0005291076377034187,49.36562544358927,-0.005593609064817429,0.005593609064817429,0.6780271157150072
job_000009,Rwanda,59,2.54808089569161,True,6,0.009589058216042324,0.6591041541415866,0.35279696570167157,0.3462337180540473,0.2345037564694484,0.3333333333333333,6,0.0006335394942662244,0.0001935540178382312,0.0001687098998420875,41.0767890890191,0.4052801088880502,1392,0.00037232539034448564,0.001101698144339025,6.054088589735329e-05,0.0003458278952166438,80.07037801230601,-0.0034527950920164585,0.0034527950920164585,0.9429576410598337
job_000009,Rwanda,60,2.591268707482993,True,5,0.00830861957666427,0.7243170497953317,0.3426160191557408,0.3430715123634977,0.19274774528691868,0.4,5,0.0009862331965896907,6.490216097576958e-05,0.0005575322359758807,83.36010071652335,0.5691322768730386,1205,0.0023153573274612427,0.004293607547879219,0.000446244259364903,0.0016578154172748327,74.93443343566973,0.02258450537919998,0.0,0.7414943445756692
job_000009,Rwanda,61,2.6344565192743765,True,5,0.008303902661389037,0.7243120591184107,0.34265282135053543,0.34303393436037277,0.192768209372906,0.4,5,0.00115446805130963,-0.00011555753149457398,0.0008521430762094334,97.72266479756127,0.744882157132463,1205,0.0008034939528442919,0.0015087020583450794,0.00045014481293037534,2.209295598731842e-05,2.8098029342846194,0.01044495776295662,0.0,0.5609085702044655
job_000009,Rwanda,62,2.6776443310657596,True,5,0.008325591706508775,0.724211711811226,0.3430316146609229,0.34272940588910167,0.1929938660201345,0.4,5,0.010331905662401253,-0.0023235098751757085,0.00877083822207089,104.83757424799033,0.8781907732662007,1205,0.00209994800388813,0.005497917998582125,0.000421401287894696,0.0011166607728227973,69.32468306081999,-0.004946605302393436,0.004946605302393436,0.5683609867239864
job_000009,Rwanda,63,2.7208321428571427,True,6,0.009563770003150769,0.7493591402833348,0.32597768386708875,0.3200548653797938,0.17669843454184678,0.5,5,0.004229922888328722,0.001306928899187473,0.003608998730737867,70.09312808899527,0.9074280209628721,1388,0.0037296838127076626,0.012025246396660805,-0.0013161158422008157,0.002556582447141409,117.2391828855691,-0.04604210704565048,0.04604210704565048,0.77096636824667
job_000009,Rwanda,64,2.7640199546485262,True,6,0.009312574204331415,0.7501141956697301,0.32316314644077704,0.32026164703279353,0.17359061083534602,0.5,6,0.06838623255556901,0.017483066519844548,-0.06516971593530262,-74.98286254904019,0.9866615368725757,1383,0.0033539056312292814,0.009488511830568314,-0.0008383645326830447,0.0020013686735183,112.72859549512819,0.004947381094098091,0.0,0.6469678279662996
job_000009,Rwanda,65,2.8072077664399093,True,6,0.009199327132110682,0.7497295939191978,0.32451927953702325,0.31935415444506127,0.17690344777149014,0.5,6,0.044806413004037836,-0.00890533080004417,0.031400829076430645,105.83343045009214,0.7284491613327178,1346,0.0011443025432527065,0.0031519951298832893,0.0001260763528989628,0.0008110835333354771,81.1645445498781,-0.017495974898338318,0.017495974898338318,0.7173136384686035
job_000009,Rwanda,66,2.8503955782312924,True,5,0.007858669557359003,0.724513171785891,0.3420713285381987,0.34147546456278655,0.19452522390087296,0.4,5,0.003846435777812915,0.0005523923573025546,-0.0017688097886687279,-72.65662043298505,0.4817598664952818,1146,0.0015203470829874277,0.004023146815598011,0.0008806691039353609,0.00011138738773297518,7.20851727533543,-0.017991356551647186,0.017991356551647186,0.5838701742725814
job_000009,Rwanda,67,2.8935833900226755,True,5,0.007964657736612804,0.7243895151213458,0.3426105515616338,0.3418470318392025,0.19351341320978496,0.4,5,0.014486279450427086,-0.0028632306064181523,0.012485537031598836,102.91596139825903,0.8842597640738614,1201,0.000879301514942199,0.002074125688523054,-4.384970452520065e-06,0.00013357357238419354,91.88023799414557,-0.001713527599349618,0.001713527599349618,0.15199055832331498
job_000009,Rwanda,68,2.936771201814059,True,6,0.009329347707377695,0.7552957454801295,0.3214480438522305,0.32333786981552143,0.17328675793499881,0.5,5,0.005576543483830456,-0.0015179803173644485,0.004757111782685701,107.69772949405791,0.895435206072496,1388,0.001566573977470398,0.004162985365837812,0.0005297343013808131,0.0012439897982403636,66.93400126944404,-0.02916741743683815,0.02916741743683815,0.8630829087949985
job_000009,Rwanda,69,2.979959013605442,True,5,0.008124713577456873,0.724211707458127,0.3428840016074681,0.34205850105831204,0.1930362170379724,0.4,5,0.003926034361209628,-0.002599099382751601,0.0015745367656417031,148.792480890873,0.7740200515452659,1222,0.0005674601416103542,0.0013190465979278088,3.42422463290859e-05,0.0004263184673618525,85.40781480942756,-0.000800238864030689,0.000800238864030689,0.7536942380637792
job_000009,Rwanda,70,3.023146825396825,True,5,0.008397407054238243,0.7959291557606836,0.22187493115105866,0.22113902584221115,0.17201990139851528,0.6,4,0.018190513471670007,0.00237702146342572,-0.01615260941254703,-81.62842766645768,0.8975323388379458,1250,0.001933746738359332,0.005141676869243383,0.000780304369982332,0.0013469685800373554,59.91611296255351,0.013158949092030525,0.0,0.8049983128387093
job_000009,Rwanda,71,3.0663346371882088,True,4,0.0032050808649069927,0.8140917472313207,0.1244085215312929,0.11005955059638649,0.11103833522103032,0.75,4,0.005924872663785661,-0.0011539655599520416,-0.0034968201225059675,-108.26311039285417,0.6214998308810596,515,0.0008651212556287646,0.002282247180119157,-9.063875768333673e-05,0.0007416194421239197,96.96798129321549,-0.009190557524561882,0.009190557524561882,0.8636219731629945
job_000009,Rwanda,72,3.109522448979592,True,5,0.008414544576245086,0.795892659047124,0.22142692948293666,0.2207136722190632,0.17169663654427259,0.6,4,0.0023891589180867426,-0.0004813270359889057,-0.0015412706033412038,-107.3431856060938,0.6758360721206822,1229,0.0022486860398203135,0.0052115521393716335,0.0011698756134137511,0.0015800601104274392,53.483773674671944,0.00239414325915277,0.0,0.874293199007806
job_000009,Rwanda,73,3.152710260770975,True,5,0.00355208830159088,0.7922683195579878,0.22670027336131726,0.23131895053408444,0.17796550558423926,0.6,4,0.0007461222670905073,-0.0003560560262090314,-0.00017301200005058917,-154.08431333126458,0.5305630879126604,589,0.00036346903652884066,0.000950069457758218,-6.36231925454922e-05,0.00027007024618797004,103.2560483404476,0.00034962850622832775,0.0,0.7633751715568632
job_000009,Rwanda,74,3.195898072562358,True,5,0.008407420981552071,0.795879382638695,0.22134610751632602,0.2205932668568485,0.17164384246513092,0.6,4,0.0009259963495491458,0.0001719870516782438,0.00015303483616139913,41.662828579633604,0.2486139027827532,1227,0.0011788852280005813,0.0029867191333323717,0.0005575533723458648,0.00035425930400379,32.43113693476652,-0.02492825873196125,0.02492825873196125,0.560342594460931
job_000009,Rwanda,75,3.2390858843537416,True,6,0.008615049279317177,0.8046725628568252,0.29328613466066983,0.25843867250607117,0.11811779416599892,0.5,5,0.003162302263949876,0.0017410626185628039,-0.0006146774529833667,-19.44544144757927,0.5838727913544121,1284,0.0013928094413131475,0.0037070666439831257,0.0006804639706388116,0.00012605988013092428,10.495387351059525,0.015106153674423695,0.0,0.4968677758533672
job_000009,Rwanda,76,3.2822736961451247,True,4,0.007121067291134771,0.7752855630102525,0.22026788561982036,0.2420905434999639,0.21460433306264573,0.5,4,0.0012984240387315794,0.0006363417238378284,-0.00017519812856526843,-15.393339384708531,0.5083232064863191,1047,0.001198860234580934,0.0027684944216161966,0.0001805631909519434,0.0007016141316853464,75.56788110771235,-0.004015944432467222,0.004015944432467222,0.6043039597780601
job_000009,Rwanda,77,3.3254615079365077,True,6,0.003689550072132395,0.8014420271537618,0.2977251350139743,0.2649458116169681,0.12184412993938709,0.5,3,0.00047650558542258276,0.0003979707997267745,-4.25697070966302e-05,-6.10553681864691,0.8399504881583214,634,0.0011646014172583818,0.0021703981328755617,0.00042256247252225876,-0.0007802352192811668,-61.56075840685937,0.04126092419028282,0.0,0.761903543889806
job_000009,Rwanda,78,3.3686493197278913,True,6,0.0036889699820423097,0.8013851331017893,0.2983847014136038,0.2643028275342601,0.12110215844874317,0.5,6,0.017089660986511702,-0.001317363617482605,0.015272049503584137,94.93011753287699,0.8969611487774808,628,0.0013777883723378181,0.0015838959952816367,0.0004258246044628322,-0.0006013017264194787,-54.69497041686638,0.06893524527549744,0.0,0.5347780209805536
job_000009,Rwanda,79,3.4118371315192744,True,6,0.008477913923769308,0.8043915762930967,0.294134212793902,0.25737538419173256,0.11690031048046134,0.5,5,0.007942371805674009,-0.00048359696160184436,0.007340790785088152,93.7690878517199,0.9262601816365954,1272,0.0004122373939026147,0.0011861042585223913,6.26067048870027e-05,-0.000220025671296753,-74.11668250203479,0.008452651090919971,0.0,0.5549216890157364
job_000009,Rwanda,80,3.4550249433106575,True,7,0.0087530492742018,0.7644342036355309,0.2623431977085771,0.2688249113167295,0.11267154619387496,0.42857142857142855,6,0.016032887007272588,-0.0024707614975214517,-0.009056791553702124,-105.25940198893117,0.585531801292955,1335,0.00048382801469415426,0.0011275808792561293,0.00013283849693834782,0.00011394000466680154,40.6207914659684,0.005209383554756641,0.0,0.36171879840502696
job_000009,Rwanda,81,3.4982127551020405,True,7,0.008780131747883583,0.7644550561140758,0.26221052895742947,0.26880543693317566,0.1123810514473788,0.42857142857142855,7,0.005502259607470223,0.00048283248629819034,-0.0030719025957712115,-81.06749986446249,0.5651525734432955,1342,0.00019743473967537284,0.0006395381642505527,8.578159031458199e-05,-7.499442290281877e-05,-41.16152795285806,0.004168772138655186,0.0,0.5771092223618631
job_000009,Rwanda,82,3.541400566893424,True,6,0.008567641675716612,0.8041246199681296,0.2935828455359241,0.2575853222681001,0.11554234333217472,0.5,6,0.007138490117869917,-0.004269220725356266,-0.00015807777751155423,-177.87945991359496,0.5984663773667317,1322,0.0006956311990506947,0.001883715856820345,0.0002100728015648201,4.187086597084999e-05,11.272243336120084,0.011168607510626316,0.0,0.3079288691297736
job_000009,Rwanda,83,3.584588378684807,True,6,0.008550568434868122,0.8040667332334075,0.29361634274283993,0.2575691349693689,0.11559651954991013,0.5,6,0.0033424580575623433,-0.0013403488697627632,0.0007756171365574459,149.94340261908076,0.46330738285700224,1322,0.000879898841958493,0.0011719813337549567,1.9475333829177544e-05,0.000479100679513067,87.67222115262696,-0.005455076694488525,0.005455076694488525,0.5449448586728733
job_000009,Rwanda,84,3.6277761904761903,True,5,0.00824275571952531,0.7952438824274258,0.22182220533343727,0.21951600067129456,0.1691922436604099,0.6,5,0.0026399495407550995,0.0004912326598619214,0.0009383747460883487,62.36825500848143,0.4012112157823379,1231,0.0015954232076182961,0.002878706669434905,-0.00033155811252072453,0.0008267973898909986,111.85152318567928,-0.018059907481074333,0.018059907481074333,0.5583471725499222
job_000009,Rwanda,85,3.670964002267574,True,6,0.00958743918262029,0.7184857191767916,0.2528220431403961,0.27277009532350543,0.2139466975136137,0.5,5,0.0030675438938552067,-0.0018675374974512944,-0.0006434835914816852,-160.9879637765516,0.6439318463583618,1463,0.0007372259278781712,0.0015901605365797877,-8.617446292191744e-05,0.0004884200170636177,100.00601110002623,-0.015558932907879353,0.015558932907879353,0.6727433775089364
job_000009,Rwanda,86,3.714151814058957,True,6,0.00963234902373742,0.7185429757684685,0.2528318744421006,0.2727783831856637,0.21390827707234236,0.5,6,0.001965250936643075,0.0013257581086457849,0.00022764065361681313,9.743020862825889,0.6844722744893705,1459,0.00141368608456105,0.0037043429911136627,-0.00038097359356470406,0.0007026633247733116,118.46588998677774,-0.029684800654649734,0.029684800654649734,0.565399625999373
job_000009,Rwanda,87,3.75733962585034,True,6,0.009669603384354136,0.7185454077056738,0.25282426078292153,0.27277726225022514,0.21390893114699353,0.5,6,0.001735248424232932,5.6310729908584265e-05,-0.00017629184863204864,-72.285599797473,0.10665146297694189,1459,0.0005246479995548725,0.0014952403726056218,-0.00012495667033363134,0.0002352401497773826,117.97668974914681,-0.014429240487515926,0.014429240487515926,0.5077086914699194
job_000009,Rwanda,88,3.8005274376417235,True,7,0.010175196542891517,0.7370941644930916,0.3110990787466064,0.2924966859190479,0.16123892900978729,0.42857142857142855,6,0.01773857165259227,7.056031467077749e-05,0.017440922628951864,89.76820112897121,0.9832282836532568,1535,0.0018940832233056426,0.004682336468249559,-0.00030589362722821534,0.0014844662509858608,101.64356522752477,-0.005399590823799372,0.005399590823799372,0.8002052246010034
job_000009,Rwanda,89,3.8437152494331066,True,6,0.009813635245966675,0.7185541283408455,0.2538780452444907,0.27238455167379333,0.21293831955382037,0.5,6,0.007815361936410867,0.00013136320981710004,0.0069591202965729225,88.91858978941448,0.8905998309102463,1473,0.0011785834794864058,0.00395641615614295,-4.39806462964043e-05,0.0008267699740827084,93.04502169560813,-0.035033997148275375,0.035033997148275375,0.7024864625725278
job_000009,Rwanda,90,3.8869030612244897,True,5,0.004877170985290754,0.7177270818484542,0.18385393336228267,0.24262972198891236,0.17949724892600852,0.6,5,0.027000413877525442,0.0014319582462291184,0.025776622439576007,86.8203390312744,0.9561470581412113,772,0.009096604771912098,0.040682096034288406,-5.296594463288784e-05,0.008342092856764793,90.36377973237859,-0.18904945254325867,0.18904945254325867,0.9170741404045739
job_000009,Rwanda,91,3.930090873015873,True,7,0.010341663211519027,0.7373260174154634,0.31177245793152736,0.2923747656477052,0.16160162729575195,0.42857142857142855,5,0.01641730813602473,-0.0008834215500220068,-0.013234549615634708,-93.81889454564579,0.8079279161852158,1586,0.0019680517725646496,0.006426616571843624,-0.0003147485258523375,0.0015861323336139321,101.22383885128524,-0.0038576878141611814,0.0038576878141611814,0.8216551149461856
job_000009,Rwanda,92,3.9732786848072563,True,7,0.005595354065891627,0.7347290220312,0.31538036212291987,0.29586842136457536,0.16374279725367008,0.42857142857142855,6,0.02426595532045273,-0.00024730125067106817,-0.004650709042840589,-93.04383384810897,0.19192648534128331,921,0.0012369491159915924,0.0030675153248012066,-0.0002941917337011546,0.0006967379013076425,112.89149445385625,-0.0027728297282010317,0.0027728297282010317,0.6114251865830668
job_000009,Rwanda,93,4.016466496598639,True,7,0.010316170212624301,0.7371209100932113,0.31149641676377604,0.2913428570187638,0.1601312389416766,0.42857142857142855,6,0.012842818741818111,-0.0050330220392606415,-0.0031906069176381355,-147.62797467603914,0.4640051819014414,1541,0.0005771813448518515,0.00194139766972512,-0.00010947283590212464,0.00032863716478459537,108.42351162482605,-0.00464247539639473,0.00464247539639473,0.600142311731994
job_000009,Rwanda,94,4.059654308390023,True,7,0.005618401441547996,0.7344512030160729,0.3152440810820805,0.2954153078973894,0.16291985224080333,0.42857142857142855,6,0.005396493389555512,-0.002109698883858222,-0.001734703603290742,-140.57118834507884,0.5061258513744376,900,0.0008963282452896237,0.002575597260147333,-1.0961741281789728e-05,0.0006669173017144203,90.94165342667061,-0.004668218083679676,0.004668218083679676,0.7441552635399682
job_000009,Rwanda,95,4.102842120181406,True,8,0.006372406327340706,0.764490772046706,0.33405124039676515,0.29205791858198465,0.17115870600564265,0.375,7,0.01408034890392858,-0.0004994562052763835,0.011046026649416923,92.58891774452245,0.7853010350869578,1023,0.0022859296295791864,0.009033890441060066,0.0008916921215131879,0.0018688762793317437,64.49291073567602,0.041950322687625885,0.0,0.9058474811733717
job_000009,Rwanda,96,4.146029931972789,True,7,0.005669080543784022,0.7344195297983429,0.31592877417057824,0.2960963589046993,0.1630398665591311,0.42857142857142855,7,0.005194829155315051,-0.00023392704374978462,0.004807823316518857,92.78555800551847,0.9265965688236993,908,0.0010643292916938663,0.0024263174273073673,-0.000181693205377087,0.0005888909799978137,107.14680116113237,0.0004969325964339077,0.0,0.5790343503354632
job_000009,Rwanda,97,4.189217743764172,True,8,0.006769633581277959,0.7372641759720213,0.28015901974762386,0.2934705663721897,0.14490547179441782,0.5,7,0.012818940034468998,-0.01093939288269835,0.0009566170035159579,175.00236946620012,0.8566339990214474,1087,0.0018863300792872906,0.00846436433494091,0.0011717932065948844,0.0009798724204301834,39.90291275049233,-0.07371372729539871,0.07371372729539871,0.8097722318324019
job_000009,Rwanda,98,4.232405555555555,True,7,0.011256838543189871,0.7239263050043621,0.22205532052671312,0.2664327882712562,0.1863269827764487,0.5714285714285714,6,0.03550268342146335,-0.004591295673184107,-0.02763212432677611,-99.43395737383621,0.7889816946395978,1662,0.002924902131780982,0.010369515046477318,0.0011335585732012987,0.001848964486271143,58.488474242184004,-0.04863625764846802,0.04863625764846802,0.7414894779877718
job_000009,Rwanda,99,4.275593367346938,True,8,0.006573949359283806,0.6784565923816324,0.2982064335032422,0.33830670034576854,0.19648034987225185,0.5,6,0.01994092798599289,-0.0019624416770947324,-0.0034817691416506847,-119.40706391410365,0.20042875547504682,1042,0.0033847664017230272,0.010043644346296787,0.0007418181048706174,0.0027227860409766436,74.75976606056639,-0.07602382451295853,0.07602382451295853,0.8337446313639977
job_000009,Rwanda,100,4.3187811791383215,True,5,0.00847825941371695,0.7953218822856007,0.22501103012245421,0.21956211914446694,0.17168304989443217,0.6,4,0.12108322343571329,-0.004388801945617265,0.0735067035745785,93.41685384523701,0.6081569696580892,1210,0.003847041865810752,0.006198217160999775,-0.0004998708027414978,0.0023405354004353285,102.05560646226809,0.041686754673719406,0.0,0.6221193532000181
job_000009,Rwanda,101,4.3619689909297055,True,7,0.01095522177336197,0.7955217856157848,0.2642713024172993,0.26346423972185834,0.107058909805502,0.42857142857142855,5,0.04122543230600209,-0.0005686223735939476,0.018311207562988145,91.77864817789266,0.4443867097359792,1597,0.0009834313532337546,0.0018224188825115561,-0.00020166569447610527,0.0006356533267535269,107.60201311460344,-0.037701644003391266,0.037701644003391266,0.6781118491276874
job_000009,Rwanda,102,4.405156802721089,True,7,0.010867143941236604,0.7954677438879243,0.26497205199520896,0.2634567414127954,0.10830771423084762,0.42857142857142855,7,0.030517293496508047,-0.0012513189628950649,0.016225632854346347,94.40991520845719,0.5332652489088019,1617,0.004649957176297903,0.01472957618534565,-0.0006694397889077663,0.002519438974559307,104.8802238290642,-0.036596544086933136,0.036596544086933136,0.5606203535952303
job_000009,Rwanda,103,4.448344614512472,True,6,0.010217706195324486,0.8037367495944364,0.30201772997315296,0.2661337531618861,0.1229344381962515,0.5,6,0.06761040645990819,0.0008305252668158464,-0.03687410977575673,-88.70973025184252,0.5455293584305791,1516,0.0023526749573647976,0.01130847167223692,0.0011385299731045961,0.0017529348842799664,56.996304532419366,0.01787007600069046,0.0,0.8884451966737877
job_000009,Rwanda,104,4.491532426303855,True,8,0.010710115602977806,0.7436220946271432,0.3313904127021176,0.33692476914721153,0.14208987848775284,0.375,6,0.04957881993508174,0.0021452972670151986,0.008058646387883913,75.0929802933801,0.16820306439085675,1595,0.0035523937549442053,0.014891269616782665,0.0009408105397596955,0.002511030063033104,69.46047496441744,0.025336401537060738,0.0,0.754840720037003
job_000009,Rwanda,105,4.534720238095238,True,7,0.010937613546029745,0.7430867260412517,0.3749893691899599,0.33907895390811527,0.1613485534977492,0.42857142857142855,7,0.030932737633887007,-0.0006159268293649149,0.012523074691407732,92.81572971267073,0.405337942114541,1651,0.002218300709500909,0.009895995259284973,-0.0002947128959931433,0.0015269803116098046,100.92397986065549,-0.01864566095173359,0.01864566095173359,0.7010594263745263
job_000009,Rwanda,106,4.577908049886621,True,5,0.008079276228841538,0.7959386974067484,0.22216947020013506,0.2195514144795329,0.16984220521121798,0.6,5,0.02949025206811119,-0.0018649409377574796,-0.028842170593855614,-93.69960718085045,0.980066273352761,1215,0.0011067409068346024,0.001766852685250342,-0.00014032868784852326,-0.0007819494348950684,-100.17400516876235,0.010778809897601604,0.0,0.7178205355765659
job_000009,Rwanda,107,4.621095861678005,True,5,0.008014195480178354,0.7959002039719915,0.2217053602629063,0.2198592073545029,0.17024136695384057,0.6,5,0.011139710469769856,-0.0008913031978292166,-0.010746317490467013,-94.74127924254041,0.967997926357069,1209,0.00014169650967232883,0.00048374111065641046,5.058426904724911e-05,3.93990776501596e-05,37.914313149261794,-0.0010899807093665004,0.0010899807093665004,0.45249889425749773
job_000009,Rwanda,108,4.664283673469388,True,5,0.007972551809534364,0.7958773539154357,0.2215149972487452,0.21997413412059755,0.17037046790383456,0.6,5,0.004675805115481093,-0.0005290857676716282,-0.004407794844542035,-96.84470048763134,0.9494483502478913,1196,0.0009410060592927039,0.0019013399723917246,0.0003476249403320253,0.00018379192624706775,27.8657458295924,-0.015134776011109352,0.015134776011109352,0.4178727253966387
job_000009,Rwanda,109,4.707471485260771,True,6,0.009955888167081303,0.804621583764708,0.30186604698019653,0.2704319286002957,0.12443181297495165,0.5,5,0.006717065806566548,0.004668070645052911,-0.0034436265041694635,-36.41612283191705,0.8635934961066682,1487,0.005919380113482475,0.027954308316111565,0.0010735426330938935,0.005484073888510466,78.92404527017544,0.01229102909564972,0.0,0.9440452208553048
job_000009,Rwanda,110,4.750659297052154,True,6,0.009800421395026676,0.7497014381081372,0.318280208338051,0.31367094302011567,0.16694942166544827,0.5,5,0.00937601104560316,0.0038291407247173443,-0.0037161487081702636,-44.142049904377515,0.5691038015402642,1475,0.005620213691145182,0.010626069270074368,0.0004403256461955607,-4.056154648424126e-05,-5.263071107823793,-0.08060719817876816,0.08060719817876816,0.0786784864748861
job_000009,Rwanda,111,4.793847108843537,True,8,0.010278814738339415,0.7618120782034531,0.32673120533058064,0.31802777281477557,0.12478086695548196,0.375,6,0.0060755093137931674,0.0016856991266339261,0.0017878272574207788,46.68411721704016,0.40444600434388994,1542,0.007925862446427345,0.018362373113632202,0.0010259157279506326,0.001308785635046661,51.90822330843138,-0.11729598045349121,0.11729598045349121,0.20981389594416713
job_000009,Rwanda,112,4.83703492063492,True,6,0.007054515013331651,0.7830939757828453,0.26574515192526255,0.2808115308671607,0.11283273585073193,0.3333333333333333,6,0.014497721156649365,0.0013024816210341114,0.013692811441979397,84.56628485245987,0.948743519159418,1057,0.019881227985024452,0.0665576308965683,0.0017598322592675686,0.01637289859354496,83.86514653611046,-0.12832383811473846,0.12832383811473846,0.8282790342174633
job_000009,Rwanda,113,4.8802227324263034,True,6,0.008469282680951718,0.7278854762801036,0.2875836648299512,0.32703847657150054,0.16058504205986554,0.3333333333333333,5,0.00787355433244685,0.0011230765146178715,0.007452577302581318,81.43021603172089,0.957220046414363,1231,0.0015582058113068342,0.004372720140963793,0.0003016384143847972,0.0003837612457573414,51.83246165147749,-0.03656948357820511,0.03656948357820511,0.31325594021606656
job_000009,Rwanda,114,4.923410544217687,True,6,0.00843403825599228,0.7278912761384536,0.2877207269585656,0.32705218214447,0.1605398489585064,0.3333333333333333,6,0.003924242850737487,0.00013429386925083988,0.003173629849007878,87.57694355384734,0.8094478496881995,1256,0.004422024358063936,0.009654838591814041,-0.0003474043041933328,-0.0033370787277817726,-95.94332904697953,-0.005991351790726185,0.005991351790726185,0.7587278741343277
job_000009,Rwanda,115,4.9665983560090705,True,6,0.008429540909291284,0.727934905411762,0.28777647967385944,0.327060754183384,0.16046199099736477,0.3333333333333333,6,0.0027189198726718204,0.001010221900548559,0.0012909363309060488,51.95505209933525,0.6028963698262712,1256,0.0009872324299067259,0.002482193522155285,1.7135741927631898e-06,0.00029951363103464246,89.6722035735267,0.005744729191064835,0.0,0.30339211290296814
job_000009,Rwanda,116,5.009786167800454,True,6,0.008416734920899756,0.7279197253983253,0.2878493635697909,0.32711181627509156,0.16041550913647393,0.3333333333333333,6,0.0024432811027491094,-0.0003514883669052333,0.0016876033516927686,101.76517609142248,0.705534122085446,1299,0.0022386638447642326,0.003671822836622596,-0.00030165945645421743,0.0014169090427458286,102.01880712405512,-0.03826208412647247,0.03826208412647247,0.6471113515743665
job_000009,Rwanda,117,5.052973979591837,True,8,0.009065253873237025,0.7724882213644775,0.2691943213980403,0.2959337054312347,0.13361773734035737,0.5,6,0.0015302533844395309,-0.00022362333541529542,0.0012162958649048262,100.41782986760613,0.808155223579854,1415,0.0030648682732135057,0.007868648506700993,0.00029828603146597743,0.002228914061561227,82.37763946438518,-0.03205272927880287,0.03205272927880287,0.7337296289034871
job_000009,Rwanda,118,5.09616179138322,True,7,0.008634874124776731,0.7563826671660141,0.2732338073544437,0.31284076607029937,0.14326974615736207,0.42857142857142855,7,0.0012644991114339871,0.0005996584391524404,2.5201412202563895e-06,0.24079141755173603,0.474230253951527,1338,0.0019159740768373013,0.004362606443464756,0.0005516255041584373,-6.681384547846392e-05,-6.906124053680883,-0.01678488403558731,0.01678488403558731,0.2900128364608316
job_000009,Rwanda,119,5.139349603174603,True,7,0.008630586648910466,0.7563936922861442,0.27321640448370504,0.3127939272105155,0.14326542191720196,0.42857142857142855,7,0.001964211540668158,0.00025528313829353627,-0.00040295791837509484,-57.64479816764705,0.2428538398338811,1323,0.0010203452548012137,0.0024005502928048372,0.0001479953934904188,-0.0001577863731654361,-46.83395570445507,-0.03569549322128296,0.03569549322128296,0.21201761967227728
job_000009,Rwanda,120,5.182537414965986,True,7,0.009633755458603904,0.7557107732426358,0.27637298155445944,0.31172739227410245,0.1459170833858203,0.42857142857142855,6,0.002996188882219608,-0.000710455205998967,1.0605617534382474e-06,179.91446938985789,0.23711989648369328,1494,0.0032262373715639114,0.006967287976294756,-0.0004645780718419701,0.0011530034244060516,111.9459160295237,-0.09824051707983017,0.09824051707983017,0.3853035529886832
job_000009,Rwanda,121,5.22572522675737,True,5,0.006322802621430479,0.7701638115636331,0.18460684628841412,0.23191174471867726,0.17662633044171847,0.4,5,0.0010713496292970356,-3.3232867993352225e-05,-0.0006603512728117995,-92.88103934938495,0.617153322613341,999,0.0016101979417726398,0.005185418762266636,4.9740814574761316e-05,0.0011175194522365928,87.45144576362131,-0.013513515703380108,0.013513515703380108,0.6947132758301033
job_000009,Rwanda,122,5.268913038548753,True,5,0.0062840968853043015,0.7701065394045467,0.18460482280469376,0.23198231717122614,0.17675714503847487,0.4,5,0.0022752744502811846,-0.0013261185670420468,-4.6853119813511495e-05,-177.97652342154603,0.5832026079176204,950,0.0018715045880526304,0.0036350630689412355,0.0005491612828336656,0.0002716959861572832,26.323773284129118,-0.02904731035232544,0.02904731035232544,0.3273817007628809
job_000009,Rwanda,123,5.312100850340136,True,7,0.011322851306301281,0.7971335156533367,0.2862282033626084,0.2820081170605719,0.13668434974573634,0.2857142857142857,5,0.006872543439832407,0.001006683650860338,-0.0013416782028554482,-53.118488514427256,0.24406579630150982,1695,0.025476878508925438,0.08059878647327423,0.0002373011811869219,0.015714753419160843,89.13486883996028,-0.09989384561777115,0.09989384561777115,0.6168944519205192
job_000009,Rwanda,124,5.355288662131519,True,7,0.013713767548987114,0.7945505656526143,0.2869639232394906,0.2837323403093194,0.13849616608937124,0.2857142857142857,7,0.1034062152121991,-0.05980738299961339,0.017035358967385648,164.10108303491916,0.6013780154617145,2012,0.04279758408665657,0.11978720873594284,-0.009287978522479534,0.013332072645425797,124.8635480551615,-0.6577273607254028,0.6577273607254028,0.3796570906703579
job_000009,Rwanda,125,5.398476473922902,True,7,0.011661312571797222,0.721943642930499,0.37144997195270374,0.38968324429820933,0.18336589916111032,0.2857142857142857,6,0.004600366512313762,0.0023064216358317916,0.0017699516997414285,37.50269132095472,0.6319682639075722,1722,0.00959949940443039,0.04351678490638733,0.00032019635546021163,0.008931386284530163,87.94678615038583,-0.044016361236572266,0.044016361236572266,0.93099897140305
job_000009,Rwanda,126,5.441664285714285,True,5,0.00819393309157085,0.6899232628364862,0.36071963198205104,0.3911835378686497,0.2722691724717564,0.4,5,0.0014543459243235202,-8.664385437202513e-05,0.0007296797150033188,96.7717254455912,0.5052483335176733,1249,0.001876238500699401,0.003417098429054022,0.000636829121503979,0.0004559979715850204,35.60434795421469,-0.050892699509859085,0.050892699509859085,0.41745926166628405
job_000009,Rwanda,127,5.4848520975056685,True,5,0.009828393082360101,0.7919258267017731,0.3324848730155482,0.3109773789358624,0.16117810820595652,0.4,4,0.0016849251190317331,-8.832519746006791e-05,-0.0014636283552865947,-93.45342533441574,0.8702410484360815,1474,0.0052178483456373215,0.018977850675582886,0.0006226152181625366,0.004097010008990765,81.35897853913963,-0.01668376661837101,0.01668376661837101,0.7942064540194727
job_000009,Rwanda,128,5.5280399092970525,True,4,0.006148486662790458,0.7758597340762095,0.22305222255384735,0.24451657925214232,0.22093814905991546,0.5,4,0.003050191528910692,0.0004552247490212997,-0.0014399995928628033,-72.45677587987807,0.49512994785252595,945,0.0025000041350722313,0.004098271019756794,0.00022731057833880186,-0.0005238038720563054,-66.54102525222802,0.020288147032260895,0.0,0.2283994805063952
job_000009,Rwanda,129,5.571227721088436,True,4,0.006162448450155927,0.7759335628311229,0.2230030147645021,0.2444940208021595,0.22082255050116728,0.5,4,0.0027083216028557424,0.0017094812598985785,-0.0011393906591730342,-33.683952586135554,0.7585489910866149,948,0.0008230091189034283,0.0014344454975798726,0.0004378179437480867,0.00013111214502714574,16.671237290522452,-0.01675637997686863,0.01675637997686863,0.5553138797766837
job_000009,Rwanda,130,5.614415532879819,True,4,0.006185272618707888,0.7759714566212214,0.22296441673683765,0.24450060277991637,0.22081070598550845,0.5,4,0.00128942684713464,0.0008774186171212109,-0.0008937250132262362,-45.52749040982241,0.9713158613506373,977,0.0007947332924231887,0.001223155646584928,8.689187234267592e-05,-9.530810348223895e-05,-47.64474234254118,-0.031150348484516144,0.031150348484516144,0.16228364352836253
job_000009,Rwanda,131,5.657603344671202,True,4,0.006200717700887771,0.7760004337181767,0.2229682776661689,0.24449350730543687,0.22076800773136182,0.5,4,0.0013952850112389978,0.0006709554328722397,8.939858657180954e-05,7.589429774532067,0.48512310553024407,977,0.00043338024988770485,0.001121482695452869,0.00012733403127640486,-1.2837602298532147e-05,-5.757011065725518,-0.0041449107229709625,0.0041449107229709625,0.2953053995961916
job_000009,Rwanda,132,5.700791156462585,True,4,0.00632800398180781,0.7756688477286975,0.22351852870128133,0.24434859512680568,0.22003368101455106,0.5,4,0.018839244317137335,-0.007677767771168771,0.012740887122746377,121.07352717122401,0.7895978498026976,947,0.002567088231444359,0.007192149758338928,0.0006704404950141907,-0.00023998055257834494,-19.69455358623426,-0.06825002282857895,0.06825002282857895,0.2773945511446507
job_000009,Rwanda,133,5.743978968253968,True,6,0.007572093790232663,0.8059868763821091,0.21999641260130373,0.2078443516583986,0.14814659156127308,0.5,4,0.00781267540515282,0.0015874787692102294,0.00400465184619836,68.37619543671667,0.5513887600564276,1126,0.01107118185609579,0.04267485439777374,-0.004276006016880274,-0.009108321741223335,-115.1482460393322,0.15419550240039825,0.0,0.9088546247622858
job_000009,Rwanda,134,5.787166780045351,True,5,0.006949972836692462,0.8035209020405933,0.2107907370706455,0.22691958099483775,0.17641657346738335,0.6,5,0.03444539188700323,-0.00899693319749979,-0.028720609456258688,-107.39353247621254,0.8737544378783274,1038,0.007261624559760094,0.007963165640830994,-0.0022520225029438734,-0.005254209041595459,-113.20060462074336,0.13593971729278564,0.0,0.787219885645453
job_000009,Rwanda,135,5.830354591836735,True,5,0.007702674009583756,0.8054217636564239,0.21043025950973443,0.22799130526100753,0.18015564395827333,0.6,5,0.04655804646170021,0.044013844114462304,-0.008346742887838009,-10.738004549010956,0.9622029104097526,1142,0.003854586975648999,0.016407735645771027,-0.0009424248128198087,-0.003155057318508625,-106.63103864109242,0.07855359464883804,0.0,0.854255712013272
job_000009,Rwanda,136,5.873542403628118,True,5,0.008151527343267817,0.8059959288851235,0.21007238775525922,0.22838995321505845,0.18128071073613505,0.6,5,0.016929213347333376,0.013294612643792442,-0.008286406271378364,-31.934896772630317,0.9253594391949914,1237,0.0047658528201282024,0.0167726818472147,-0.0004780787858180702,-0.003181367414072156,-98.54615343524354,0.004493949934840202,0.0,0.6750289085022817
job_000009,Rwanda,137,5.916730215419501,True,5,0.0083893829412901,0.8061796045888622,0.2096486442473378,0.22871796460083735,0.18197398801836373,0.6,5,0.013139836980530742,0.004252952305757969,-0.009811645701530858,-66.56521524718808,0.8138408605792868,1270,0.0013416194124147296,0.0043832664377987385,-6.04006381763611e-05,-0.000800540205091238,-94.31478278759037,-0.010873859748244286,0.010873859748244286,0.5983929373324767
job_000009,Rwanda,138,5.959918027210884,True,6,0.009402623143013121,0.8080261723004462,0.22071974381274007,0.21030374959260487,0.15137217391980864,0.5,5,0.009944075749945075,-0.005240617920224647,-0.004477693602202145,-139.48873001510023,0.6931792162106645,1424,0.013441447168588638,0.0902537927031517,-0.0035895726177841425,-0.01147487759590149,-107.37073297183909,-0.2223668098449707,0.2223668098449707,0.8944885936793476
job_000009,Rwanda,139,6.003105839002267,True,5,0.008462474547241866,0.8058228719186799,0.2093576251007295,0.22857956586011266,0.1813701757122882,0.6,5,0.005499172387289294,-0.00301941321785335,-0.002260761867920448,-143.17625561791635,0.6859193808006296,1276,0.0013843623455613852,0.003619343740865588,1.2876296750619076e-05,0.00012380034604575485,84.06209822503672,0.006215501576662064,0.0,0.0899101075753086
job_000009,Rwanda,140,6.04629365079365,True,6,0.009137559216338404,0.8070744371877939,0.21682157620742806,0.20942542724587,0.15180018829563327,0.5,5,0.005865516171211874,0.0045767521057006235,-8.057304445209157e-05,-1.0085795429344218,0.7804021258166256,1403,0.012428843416273594,0.018008306622505188,-0.00026186619652435184,-0.009203670546412468,-91.62976076005499,-0.08532600849866867,0.08532600849866867,0.74080868514688
job_000009,Rwanda,141,6.0894814625850335,True,5,0.008506897410118936,0.8058539556512075,0.20938616731725368,0.22860072105629176,0.1814312687822504,0.6,5,0.004986960390522194,-0.003857018198418505,0.0007414589597204359,169.11841684725002,0.7875818195347553,1276,0.001724963658489287,0.005379586946219206,-0.00014912911865394562,0.0007186488946899772,101.72324504718802,0.0014589497586712241,0.0,0.42549240845161723
job_000009,Rwanda,142,6.1326692743764175,True,5,0.008490743391845018,0.8057958287177648,0.20944343540000307,0.22857487099373064,0.1813386701793794,0.6,5,0.0026470537340205222,-0.0013459105944879435,0.001326024180757324,135.42642752695983,0.7137730157931799,1276,0.0024982444010674953,0.009352240711450577,0.0003300558018963784,-0.0003205983666703105,-44.16724891137483,-0.017334716394543648,0.017334716394543648,0.184181569163692
job_000009,Rwanda,143,6.175857086167801,True,6,0.009313167354074179,0.7562072591392123,0.3105395084820308,0.32697592235151135,0.16878693994422037,0.5,5,0.0008906056920140433,-0.0003529316331314791,0.0003556703625532345,134.77855431298477,0.5626070248549606,1402,0.002512964652851224,0.010740240104496479,0.0001627878227736801,0.0007491936557926238,77.74109496937942,-0.014391648583114147,0.014391648583114147,0.30508797443156327
job_000009,Rwanda,144,6.219044897959184,True,6,0.009335741386710405,0.7561487143014664,0.3104062820816977,0.32697611903942364,0.1686460014687793,0.5,6,0.005317534796373585,-0.0013555870352669121,-0.0030848147847054312,-113.7225456862786,0.6336629830406401,1429,0.006597882602363825,0.026157036423683167,0.001680360292084515,0.0018226827960461378,47.326547603778884,0.029711369425058365,0.0,0.3757370637825596
job_000009,Rwanda,145,6.262232709750567,True,6,0.009745622871106027,0.7570362897398013,0.30999221327708143,0.32746820518955666,0.16688089008946375,0.5,6,0.030738379791254336,0.020551526032907715,-0.00958763103387627,-25.009839349972157,0.7377720143111345,1465,0.0020421789959073067,0.007402187213301659,0.0003637601912487298,9.054167458089069e-05,13.977171635451715,0.045467499643564224,0.0,0.18355834772975135
job_000009,Rwanda,146,6.30542052154195,True,6,0.009267861311573157,0.7553326471048397,0.30978936037848825,0.3268322309223231,0.16563087360616177,0.5,6,0.04081722287264667,-0.039447301548659434,-0.004696994132814417,-173.2097553754699,0.9732644788182392,1416,0.002220223192125559,0.008880755864083767,9.876765398075804e-05,-0.0005604982143267989,-80.00627609900206,-0.01481612492352724,0.01481612492352724,0.25634081094986344
job_000009,Rwanda,147,6.348608333333333,True,7,0.00941140322328954,0.7558538528818144,0.2703152908714967,0.3175050820287313,0.13902239549898815,0.5714285714285714,6,0.03216319733455835,0.0021500179197852082,-0.00872566938018392,-76.1579715693116,0.2794078642982751,1441,0.0011749162804335356,0.004706148989498615,0.000626233930233866,-0.00026009720750153065,-22.554848543399846,0.011580802500247955,0.0,0.5771474315407965
job_000009,Rwanda,148,6.391796145124716,True,7,0.009343502632488912,0.7558150099839177,0.27044385882280525,0.31753873069997274,0.13828357404958252,0.5714285714285714,7,0.028540719304279694,-0.0008993949053099788,0.0029769498841392184,106.81059571956573,0.10896172282586832,1429,0.0020835178438574076,0.006675241980701685,-0.0003533926501404494,-0.0014931546756997705,-103.31547475092262,-0.04982465133070946,0.04982465133070946,0.7364489490485896
job_000009,Rwanda,149,6.4349839569161,True,7,0.009657161122609998,0.7690747982267901,0.37763295571655403,0.3468225240967779,0.156725170194726,0.42857142857142855,6,0.023402136332678295,-0.0006567258734433251,-0.007717819307928138,-94.86370507096036,0.33098303128163115,1461,0.0020755932200700045,0.008036750368773937,-0.0006221794174052775,-0.0014080777764320374,-113.8389279761293,0.027355877682566643,0.0,0.7416734128987326
job_000009,Rwanda,150,6.478171768707483,True,7,0.009118120311373691,0.7680022155652833,0.37800984209831395,0.3447176431292499,0.15700970479148557,0.42857142857142855,7,0.08727020751730726,-0.024835309246225505,0.008726683898238555,160.6394360557794,0.30163670493793543,1383,0.008363651111721992,0.03566998988389969,-0.0018170898547396064,-0.002062814775854349,-131.37614229476404,-0.04640088975429535,0.04640088975429535,0.32868462360052325
job_000009,Rwanda,151,6.521359580498866,True,7,0.009573860385131147,0.7867260160682389,0.33765924847131773,0.3195131767842654,0.1802102519619771,0.42857142857142855,6,0.027795371288184212,-0.010630946658410079,-0.016395636092512204,-122.95941516246455,0.7030152848995004,1437,0.0017614735988900065,0.003131417091935873,-0.0001992027391679585,-0.0009607618558220565,-101.71363892540613,0.012470129877328873,0.0,0.5570311913376254
job_000009,Rwanda,152,6.564547392290249,True,7,0.009101480813609505,0.7779036059473745,0.4271696280214522,0.34016509569074715,0.20004393718594518,0.2857142857142857,6,0.005549903248902259,-0.004130008183874593,0.0005619332367370502,172.25185527736562,0.751015161942747,1401,0.0008649742812849581,0.002813612809404731,-0.00017363419465254992,0.0006625574314966798,104.68507193477143,0.00620356434956193,0.0,0.7918518876926218
job_000009,Rwanda,153,6.607735204081632,True,7,0.009213295848507106,0.7778539864689015,0.427742078985527,0.3406739664020863,0.2008749664192919,0.2857142857142857,7,0.014491221115767236,-0.0011489231895463689,0.013254919393464478,94.95395899179397,0.9181158624653359,1411,0.0010501346550881863,0.003408323274925351,-5.952160427113995e-05,-0.0002472171909175813,-103.53724844335366,0.01588323712348938,0.0,0.24214195324629303
job_000009,Rwanda,154,6.6509230158730155,True,7,0.00963211681157116,0.7785683535600226,0.42761910782108836,0.3410458546034805,0.2001879279388697,0.2857142857142857,7,0.02489231112677783,0.016540942027157925,-0.0028473580702046736,-9.767173049612401,0.6742734727319224,1463,0.001736626261845231,0.004496786277741194,-0.00036668989923782647,0.0005127061740495265,125.5725306299714,0.015494130551815033,0.0,0.3629684059698422
job_000009,Rwanda,155,6.694110827664399,True,8,0.01017041767153527,0.7770868475867468,0.37822857950844335,0.34397483661074496,0.17325446626377744,0.375,7,0.01920418397690876,0.006119772647808198,-0.011885790981281489,-62.75690384072316,0.696137690488619,1565,0.0008783594821579754,0.0018509819637984037,0.00035025086253881454,7.847532287996728e-06,1.2835236442153872,-0.003821389749646187,0.003821389749646187,0.3988557901596952
job_000009,Rwanda,156,6.737298639455783,True,7,0.009556912881405014,0.8157292995255702,0.3158777854837219,0.30347802387334744,0.1553270348618053,0.42857142857142855,7,0.0193665941072046,0.0069732960061995595,0.004375920217000001,32.10931441944833,0.4250922883884752,1448,0.0023887138813734055,0.004781263880431652,0.00037760011036880314,0.0008463981212116778,65.95711287471718,-0.01351155061274767,0.01351155061274767,0.38799423705429004
job_000009,Rwanda,157,6.780486451247166,True,6,0.009245853714311351,0.8097957280489124,0.23833044382316096,0.2551809534502385,0.15890042667293483,0.5,6,0.0053510097696726,0.0013464134851548057,0.0015078411797327465,48.23702118520781,0.3777769479142447,1358,0.0004281862638890743,0.0010481431381776929,0.00015258451458066702,-3.6574208934325725e-05,-13.479373340195508,0.002115798881277442,0.0,0.36644492177711374
job_000009,Rwanda,158,6.823674263038549,True,7,0.00983600079350167,0.8158602589586358,0.3155735455475899,0.3037016742899449,0.1550073881941571,0.42857142857142855,6,0.011966630128795218,-0.0038707841822671874,-0.008127714197680443,-115.46589691391608,0.7522896815407567,1465,0.0010517174378037453,0.002762518124654889,2.2729031115886755e-05,0.0003517990990076214,86.30337286747799,0.005050311330705881,0.0,0.33519704074039
job_000009,Rwanda,159,6.866862074829932,True,7,0.009604297476974208,0.8149076908199161,0.31641436319034005,0.3037384291051747,0.15555102442540755,0.42857142857142855,7,0.030473421600801704,-0.022056411269944537,0.01946886419742053,138.56563769040667,0.9654234048384375,1430,0.000756619090680033,0.0036746826954185963,0.0003030836523976177,0.0001310838561039418,23.388510527979903,0.012734363786876202,0.0,0.4364363939688395
job_000009,Rwanda,160,6.910049886621315,True,8,0.00960475672565672,0.8112119807904136,0.29695134024983555,0.288411251021107,0.14227106911603257,0.5,7,0.01911333082349106,-0.005138032471954891,0.006168173036478231,129.7939926733812,0.42001105168051095,1464,0.006366156507283449,0.013897753320634365,0.00045758558553643525,-0.0007409061072394252,-58.30041160020442,0.07023490220308304,0.0,0.1367888771261446
job_000009,Rwanda,161,6.953237698412698,True,7,0.00886680679484217,0.8053472423987503,0.22927771631173813,0.2369869092638633,0.14383741774990896,0.5714285714285714,7,0.03901177901643715,-0.002597688653747405,0.03717066715141426,93.99764143471867,0.9551301644220288,1335,0.0016912787687033415,0.0010241481941193342,-0.0001282034645555541,-0.0011549369664862752,-96.33417074126841,0.009146036580204964,0.0,0.6870722897503677
job_000009,Rwanda,162,6.996425510204081,True,6,0.00853032627573834,0.8083958849909484,0.23943901757762362,0.2543795147523042,0.15888568099561315,0.5,6,0.0030164036463779537,-0.0009990815184610263,0.0018713042581369004,118.09757209681337,0.703257016198567,1286,0.0007015162846073508,0.002690420253202319,-0.00014610792277380824,-0.0003526540822349489,-112.50468977003483,-0.002138319192454219,0.002138319192454219,0.5441398577206428
job_000009,Rwanda,163,7.039613321995465,True,6,0.00852524307008827,0.8085791017949968,0.23951625049284278,0.25427973267988874,0.15862528034246942,0.5,6,0.005525548710282466,0.0042423266298703246,0.0017883035054485402,22.857290453223015,0.8331918912730051,1279,0.0003246854175813496,0.00121615722309798,-0.00013507362746167928,-2.1571950128418393e-06,-179.08503483952182,0.0044526210986077785,0.0,0.4160668906055806
job_000009,Rwanda,164,7.082801133786848,True,7,0.008692665348350196,0.8055008387250149,0.22903720160390378,0.2369082154684927,0.1433421037489114,0.5714285714285714,6,0.0024178871722314622,0.0012038312058021197,0.00042133527908825246,19.289806955416974,0.5274995650373024,1309,0.0019233236089348793,0.002086390508338809,-0.00011996257671853527,-0.001463051070459187,-94.68746977517422,0.0030089833308011293,0.0,0.763241806296177
job_000009,Rwanda,165,7.125988945578231,True,6,0.007662568219372075,0.7962899322913791,0.24379599426482176,0.250825534597351,0.16258583249911635,0.5,6,0.0675835475369368,0.004119871846679986,0.04223900378806447,84.42915470620466,0.6279553234513382,1155,0.0011226279893890023,0.0019426392391324043,8.95790071808733e-05,7.21268770575989e-06,4.603388406210873,0.0049625663086771965,0.0,0.08005226407419486
job_000009,Rwanda,166,7.169176757369614,True,6,0.008599985995497326,0.8087971250702338,0.2421681415998973,0.25190778800723734,0.1579779785920519,0.5,5,0.01687946940877848,-0.00039567763711063534,-0.003479201893952502,-96.48817520910853,0.20744900517648085,1291,0.0015891502844169736,0.005190467461943626,0.0003276967036072165,0.001147925853729248,74.06762312098876,-0.01423973124474287,0.01423973124474287,0.7512086484357215
job_000009,Rwanda,167,7.212364569160997,True,5,0.00760504236857203,0.7981616722836204,0.25975584869308915,0.27110628859940256,0.1720366765247508,0.4,5,0.005711813384562824,-0.00045570715657475524,-0.001450125881279184,-107.44550941504251,0.26612285864995755,1154,0.0005414332263171673,0.0014877504436299205,-0.00011147870100103319,0.00015369104221463203,125.95498630654669,-0.012622572481632233,0.012622572481632233,0.35066976091211477
job_000009,Rwanda,168,7.2555523809523805,True,5,0.0075704130261456185,0.7983813990698686,0.2596934221678839,0.2710571074744789,0.17184123998374598,0.4,5,0.00732083225688601,0.005087703616692059,-0.0014454662696680848,-15.86036584718517,0.7224663301452431,1147,0.0014311423292383552,0.004604303278028965,-0.00045797257917001843,-7.996120257303119e-05,-170.09609160617717,0.006907789967954159,0.0,0.3248458997144162
job_000009,Rwanda,169,7.298740192743764,True,5,0.0075542297956874725,0.798512336229039,0.2596828234158875,0.27104759590697475,0.1717536037310465,0.4,5,0.003454716055990318,0.003031808136122511,-0.00024541072021869365,-4.627736368364368,0.8804556717562398,1138,0.0004893984878435731,0.001086588716134429,-0.00010966054833261296,-0.00018598264432512224,-120.5247858470668,0.004096832126379013,0.0,0.4411640624841848
job_000009,Rwanda,170,7.341928004535148,True,4,0.006425352215793061,0.7518634892655582,0.1994484042071602,0.25063855087357884,0.20714968062164757,0.5,4,0.0028893853137815888,0.0019683819783499813,-0.001174494212464665,-30.823683685762123,0.793301172903271,966,0.0009966561337932944,0.004418593365699053,-0.0007329826476052403,8.196451381081715e-05,173.61950552663936,0.015341279096901417,0.0,0.7400257270854582
job_000009,Rwanda,171,7.385115816326531,True,5,0.007068665003891236,0.785777096822701,0.184812261439655,0.23604335939248564,0.18149101462085224,0.6,4,0.0015386623577505225,0.0001886200577782951,-0.0009438446135059402,-78.69875701698035,0.6255480494605047,1078,0.0014188275672495365,0.00458636274561286,-0.0004632220370694995,-0.0005316718597896397,-131.06418807875417,-0.01382332295179367,0.01382332295179367,0.4970014008393196
job_000009,Rwanda,172,7.428303628117914,True,6,0.008423353326781723,0.819050456937184,0.23912021458302304,0.25581852909472136,0.1596833735670013,0.5,5,0.048874720378400495,-0.0008650556923514759,0.04745620892139046,91.0443006879428,0.9711378854882323,1269,0.004446354694664478,0.014243751764297485,-0.000257330306340009,-0.0029771514236927032,-94.94008690938483,-0.0037289413157850504,0.0037289413157850504,0.6720678210882293
job_000009,Rwanda,173,7.471491439909297,True,6,0.008285975292741233,0.8190476151114114,0.23792520589647317,0.25634067256109927,0.15888505021525642,0.5,6,0.029205966640977566,-6.580156888287782e-05,-0.02767004478768861,-90.13625366724968,0.9474133613999071,1253,0.0017450707964599133,0.0044578686356544495,-2.9806008114974247e-06,-0.0014271755935624242,-90.11965983680896,-0.018975693732500076,0.018975693732500076,0.8178342729067298
job_000009,Rwanda,174,7.51467925170068,True,6,0.008196400560965095,0.8190415088138113,0.23753162654021634,0.25651156011900983,0.1586490596067169,0.5,6,0.010245668497558572,-0.00014138937229701116,-0.009113204395675192,-90.88886016911522,0.8895760334662476,1253,0.0092361094430089,0.0216655470430851,-0.00038689831853844225,-0.007963145151734352,-92.78159218957589,0.0210593082010746,0.0,0.8631923002363995
job_000009,Rwanda,175,7.557867063492063,True,7,0.008961503889471052,0.8253384758073239,0.2253353457553525,0.23995005549040732,0.14193481125089832,0.5714285714285714,6,0.013087001022152931,0.003827274346550792,-0.01147407752823656,-71.55344880246363,0.924242028837562,1371,0.0034770681522786617,0.008846739307045937,-4.191597690805793e-05,-0.002897856757044792,-90.82869558585651,-0.006784944795072079,0.006784944795072079,0.8335067823140543
job_000009,Rwanda,176,7.601054875283447,True,7,0.009436481113854775,0.826099521291954,0.2244595857067945,0.24040820507491667,0.13959028537881069,0.5714285714285714,7,0.03645742775295796,0.017621765332919693,-0.020277944453131923,-49.00898614908699,0.7368835155313685,1408,0.013308116234838963,0.04009120911359787,0.002073136158287525,-0.010639755986630917,-78.97417606353993,0.10125119239091873,0.0,0.8145290918037764
job_000009,Rwanda,177,7.64424268707483,True,7,0.009635029276117786,0.8265533227153206,0.22491425612905067,0.24191774880180497,0.13768308688213207,0.5714285714285714,7,0.04283133085728411,0.010507627141624643,0.010527748533600704,45.05480627036738,0.3472753073959651,1471,0.006570188328623772,0.020438723266124725,-0.000634725030977279,-0.004163381177932024,-98.66823806261137,0.01936429552733898,0.0,0.6409993607661795
job_000009,Rwanda,178,7.687430498866213,True,7,0.0089810936100356,0.8270290951852222,0.22237318804669076,0.236865275517205,0.13406808074972235,0.5714285714285714,7,0.09658199160052772,0.011016359712779174,-0.058837620545223665,-79.395109270059,0.6197848125498717,1361,0.0134058129042387,0.03879215940833092,0.0038910629227757454,-0.001170228817500174,-16.73854695010555,0.20171242952346802,0.0,0.30309434468530155
job_000009,Rwanda,179,7.730618310657596,True,6,0.005809074337849098,0.843512439988917,0.1608356082489503,0.1918127724426392,0.12928525545870076,0.6666666666666666,6,0.010983453235184805,-0.0011725624900024098,0.008967285642408463,97.44973045437068,0.8233861131588762,934,0.0018323595868423581,0.005812411196529865,-0.0011403827229514718,-0.0002909450849983841,-165.68749049297298,-0.007400670554488897,0.007400670554488897,0.6422931304629427
job_000009,Rwanda,180,7.773806122448979,True,6,0.0068877711595132455,0.8196431698736654,0.23293549526187718,0.24953598258525844,0.15042718617983117,0.5,5,0.02074924466906803,-0.019338464521362186,0.0007323618614152684,177.8312031564994,0.9326762203787764,1033,0.01351649034768343,0.03819835186004639,0.00037536732270382345,-0.0025007666554301977,-81.4635806095093,-0.10123883187770844,0.10123883187770844,0.18708859781828466
job_000009,Rwanda,181,7.8169939342403625,True,6,0.006384971811581296,0.8195167613456312,0.2308617360703367,0.24980661662132636,0.14990949156439315,0.5,6,0.05283822901972141,-0.0029269491273309846,-0.048017232305208844,-93.48821824822825,0.9104460608692537,999,0.005854485090821981,0.015988437458872795,-0.0015104720368981361,-0.0015271732117980719,-134.68498718102953,0.1773311048746109,0.0,0.3668934134036144
job_000009,Rwanda,182,7.860181746031746,True,7,0.00809386906864713,0.8262547526544987,0.21860583845349615,0.234553182234062,0.130705538374817,0.5714285714285714,6,0.08083342982677734,-0.010553334616973534,-0.010005604527414095,-136.5261098993279,0.17990729404967637,1274,0.008982867933809757,0.027426695451140404,-0.0052629453130066395,0.0023937951773405075,155.54208620063966,0.17461666464805603,0.0,0.6436439556177267
job_000009,Rwanda,183,7.9033695578231296,True,7,0.007689245660955688,0.8248662191794068,0.22244724339951397,0.238410238347975,0.13439495138504087,0.5714285714285714,6,0.08751930102711658,-0.009841899589460986,0.07458785201942124,97.5167791290255,0.8596317683798075,1157,0.002355138538405299,0.005894105415791273,-0.0011778298066928983,-0.0006927161593921483,-149.53896929939305,0.010510236024856567,0.0,0.580192131710059
job_000009,Rwanda,184,7.946557369614513,True,7,0.007510420202391622,0.8249281676861367,0.22206713672044276,0.23548164565426494,0.13387473638519784,0.5714285714285714,7,0.06119021127778645,0.0014343979044141684,-0.008801248854822375,-80.74350928478654,0.14573196122647536,1121,0.007792404852807522,0.01802915893495083,0.0014265376375988126,-0.004203115589916706,-71.25278511520764,-0.16174906492233276,0.16174906492233276,0.5696062222629609
job_000009,Rwanda,185,7.989745181405896,True,7,0.007320190953828052,0.8249499443105341,0.22124509897582262,0.2334462541768511,0.13403365073258963,0.5714285714285714,7,0.038453491172883034,0.0005042307886033275,-0.01903402164923088,-88.48253084366505,0.49516178357115037,1112,0.0037057390436530113,0.011045267805457115,-2.132516965502873e-05,-0.001917811343446374,-90.63707614865454,0.0034492204431444407,0.0,0.5175566547374411
job_000009,Rwanda,186,8.032932993197278,True,7,0.007973481900317967,0.8259508537118174,0.21876793440161962,0.23378343079840846,0.13022098327995807,0.5714285714285714,6,0.04226865179250683,0.0010065378066803788,-0.03629405514842,-88.41143157332478,0.858981964414061,1249,0.004658089950680733,0.011047272011637688,-0.0006317381630651653,0.0006882995367050171,132.5464739568709,-0.026806341484189034,0.026806341484189034,0.20056806187117068
job_000009,Rwanda,187,8.076120804988662,True,6,0.0076096761987453805,0.822606675541849,0.248789523302102,0.24719299968041591,0.14775144238049676,0.5,6,0.08384086130967866,-0.005316978815843372,0.07837031903054924,93.88124396741986,0.9368996699874732,1123,0.002579100662842393,0.006498892791569233,-0.0004522884264588356,0.00033425429137423635,143.53452198688757,0.044682860374450684,0.0,0.21805947082737964
job_000009,Rwanda,188,8.119308616780046,True,6,0.007953244755616644,0.8221536714000153,0.25074449830543505,0.25023747139523034,0.15010775968696377,0.5,6,0.05479306024639974,-0.010489166342161028,0.04526682233349655,103.04625256195848,0.8480307646420587,1215,0.010986820794641972,0.02407059632241726,-0.0033871373161673546,0.00865672156214714,111.36904112151768,-0.5570017695426941,0.5570017695426941,0.8460846189745553
job_000009,Rwanda,189,8.162496428571428,True,5,0.0054738429961977515,0.8409637932784042,0.1787772201819085,0.20492805480150125,0.146145651406635,0.6,5,0.004122063764854576,-0.0021323472787551853,-0.0016141002197173748,-142.8757590112785,0.6487925606399578,851,0.0015508058713749051,0.0023796067107468843,-0.00013131427112966776,-0.001206197077408433,-96.21311369018909,0.05905032157897949,0.0,0.7823828230849441
job_000009,Rwanda,190,8.205684240362812,True,4,0.0050985880467733415,0.8214888087326739,0.193950530847876,0.22336969495526338,0.1909852087592629,0.5,4,0.014691244931004304,-0.0006173848398763259,0.014439288651729967,92.44832094271848,0.9837479086135572,781,0.0012259099166840315,0.0032397836912423372,0.0005276291049085557,-3.572852801880799e-05,-3.873883268087924,0.012209145352244377,0.0,0.4313835763818154
job_000009,Rwanda,191,8.248872052154194,True,5,0.005744524295170815,0.7986972603039054,0.2795742559529585,0.2669630723577128,0.1951674423647683,0.4,4,0.005799862162525532,-0.0007067671338932267,0.005161273104369242,97.79739202212949,0.8982005688768728,889,0.003162102773785591,0.013064018450677395,0.0015068745706230402,-0.0012097010621801019,-38.75708423272839,0.23862114548683167,0.0,0.6111023384600374
job_000009,Rwanda,192,8.292059863945578,True,5,0.005876982164928451,0.798576117634341,0.27964511368614076,0.26706251046286894,0.1954330211542972,0.4,5,0.017349494239722728,-0.002805019854897943,0.001640688199821834,149.67614644370636,0.18730312351926523,917,0.005018540658056736,0.021668151021003723,0.0019880563486367464,-0.0023597555700689554,-49.88639785058642,0.24422785639762878,0.0,0.6148364445218095
job_000009,Rwanda,193,8.33524767573696,True,5,0.005969103661192454,0.7986412975975841,0.2792618692542951,0.26653411735804605,0.19502131287407118,0.4,5,0.012045187767941005,0.001509221248761172,-0.008873902519000016,-80.3478267102591,0.7472965601329287,906,0.0004247946781106293,0.0010649533942341805,-7.531740266131237e-05,5.673457417287864e-05,143.01026813488372,-0.03139891475439072,0.03139891475439072,0.22197752875075843
job_000009,Rwanda,194,8.378435487528344,True,6,0.006834102509931585,0.8062880467514856,0.23993237827306613,0.2579387926315158,0.16019626746312635,0.5,5,0.017869053291024152,0.0031357355320749103,-0.01641639059555041,-79.18605354261398,0.935314795591423,1082,0.005596905946731567,0.024619027972221375,-0.0012004096060991287,0.0028556976467370987,112.79974169179238,-0.0973273292183876,0.0973273292183876,0.5534736325050522
job_000009,Rwanda,195,8.421623299319728,True,5,0.0059721311347346595,0.7988224107766619,0.278299211446094,0.2653438814379742,0.1940640764972273,0.4,5,0.006304391747937084,0.0010578823329095322,-0.00587364375143532,-79.79010724644668,0.9466653610261923,938,0.0011815739562734962,0.00433799484744668,0.0004567463183775544,-0.000571260810829699,-51.356238606132955,-0.011436297558248043,0.011436297558248043,0.61901071626999
job_000009,Rwanda,196,8.46481111111111,True,6,0.006749168144498896,0.8062868438461214,0.2390021821975471,0.25794700762640405,0.16021232395312918,0.5,5,0.003920698391672598,0.0006900243679402163,-0.0036345125402332326,-79.25014300123925,0.9435651639544745,1039,0.0031955884769558907,0.015606456436216831,-0.0013604966225102544,0.0009753057966008782,144.36421340967863,-0.0014018039219081402,0.0014018039219081402,0.5238374981282963
job_000009,Rwanda,197,8.507998922902495,True,6,0.006668705035001441,0.8062469944813793,0.2384704254325765,0.2576074566091739,0.16040910181973259,0.5,6,0.012790340624982943,-0.00092269932393447,-0.012312658199475997,-94.28568259155011,0.9653521574418247,996,0.0017457096837460995,0.003979210741817951,-0.0006971701513975859,-0.00018864839512389153,-164.85883589177416,0.012274675071239471,0.0,0.4137243728683124
job_000009,Rwanda,198,8.551186734693877,True,6,0.006749700123239935,0.8059617935270261,0.2381301524258798,0.2574476349398755,0.1596510379587405,0.5,6,0.017443526477365138,-0.00660373708515178,-0.007878912882652278,-129.96816818560544,0.5893532713950339,1016,0.004679396748542786,0.019336597993969917,-0.003619675524532795,0.0011074820067733526,162.9878968725772,0.03654533997178078,0.0,0.8089310672485275
job_000009,Rwanda,199,8.59437454648526,True,6,0.006900778611321596,0.8057607310232378,0.23805927770291105,0.257370247930383,0.15942272351373618,0.5,6,0.008993346872115783,-0.004655538112452467,-0.0016410815929073534,-160.5823976019803,0.5488849540850141,1045,0.0016821949975565076,0.0060100373812019825,-0.001205885550007224,-0.0002469184692017734,-168.42800951842253,-0.02258339524269104,0.02258339524269104,0.7317258938390585
job_000009,Rwanda,200,8.637562358276643,True,6,0.005928105692773888,0.7947717311637552,0.17255027282753332,0.22142285744189188,0.1464172378575411,0.6666666666666666,5,0.046969718959062344,0.013696756871151895,0.009089458105799746,33.56909488188745,0.3499776406040732,956,0.006373269949108362,0.012072790414094925,-0.0026052172761410475,0.0013380706077441573,152.81442804554104,0.0313582643866539,0.0,0.459536834103131
job_000009,Rwanda,201,8.680750170068027,True,6,0.006129887162017407,0.7951627571933422,0.1740169691300828,0.22122785654478602,0.1472337384045336,0.6666666666666666,6,0.0428399063097511,0.009054082931450038,0.03396088483561729,75.0719741122605,0.8204287918347852,939,0.0039016222581267357,0.013269946910440922,-0.0004979915102012455,0.00325606856495142,98.69558116718446,-0.041748739778995514,0.041748739778995514,0.8442463846234092
job_000009,Rwanda,202,8.723937981859411,True,6,0.006555827721509234,0.7956611152724985,0.1758823600209001,0.22041055486393607,0.14800370452013525,0.6666666666666666,6,0.0638885472687802,0.011539322287585285,0.043192530796142235,75.04218959023584,0.6997715773162546,1029,0.008207466453313828,0.027262790128588676,-0.003565380349755287,0.004732820671051741,126.99184652825335,0.11092577874660492,0.0,0.7219643481974719
job_000009,Rwanda,203,8.767125793650793,True,6,0.006488420759559842,0.7958542751332068,0.17406287011624025,0.22129068314398215,0.14792728709328298,0.6666666666666666,6,0.0451828757706819,0.004472554933821126,-0.042129708109519624,-83.94008908285875,0.9376660713364623,996,0.004167099017649889,0.009548714384436607,-0.0014638648135587573,0.002879378153011203,116.94860916384948,0.029388152062892914,0.0,0.7751499841578897
job_000009,Rwanda,204,8.810313605442177,True,5,0.005879744387359821,0.8137331374581844,0.08673188578820268,0.09719492147446875,0.07877105626841474,0.8,5,0.053319838102395954,-5.366029529249167e-05,0.03439678539693139,90.08938352575821,0.645103745193339,916,0.007688481826335192,0.017937470227479935,-0.0027828479651361704,0.005931396968662739,115.13467529583347,0.13076835870742798,0.0,0.852154154435133
job_000009,Rwanda,205,8.85350141723356,True,5,0.005846586828290527,0.8138752595089652,0.08553618041047571,0.0973994256997085,0.07803512394196326,0.8,5,0.031734802071086234,0.0032907907320532024,-0.02768617644956809,-83.22160113989145,0.8785642609753697,947,0.00227324478328228,0.00553479278460145,-3.7274912756402045e-05,0.0015084982151165605,91.41548770056019,0.026210181415081024,0.0,0.6637906689675087
job_000009,Rwanda,206,8.896689229024943,True,5,0.005766033033840151,0.8138303881644529,0.0850048341022352,0.09768197128913612,0.07788285817950116,0.8,5,0.014406418899667072,-0.0010389816629051286,-0.012303154204875304,-94.82708369903338,0.8570448021565357,877,0.004482902120798826,0.010438572615385056,1.517896521363582e-06,0.003369793063029647,89.9741915729236,0.04010108858346939,0.0,0.7516990811058281
job_000009,Rwanda,207,8.939877040816326,True,5,0.005776668095556665,0.8138181497668168,0.08526885939979002,0.09765961610088159,0.07810282113114039,0.8,5,0.007892455401623756,-0.0002833761917662111,0.006113421509526615,92.6539387592005,0.7754222684904384,869,0.001087742974050343,0.002727513201534748,-0.00018225285748485476,0.0008453830378130078,102.16597530011242,-0.0017575263045728207,0.0017575263045728207,0.7950458325610927
job_000009,Rwanda,208,8.98306485260771,True,6,0.006245908786652143,0.7952951528286971,0.17501868963827338,0.22115205494802503,0.14960820917770515,0.6666666666666666,5,0.04773450012025991,-0.014470209155615333,0.025513705566433988,119.55992846281985,0.6144714376958202,962,0.004668717738240957,0.01074936706572771,-0.0007155233179219067,0.004200261551886797,99.66765060198854,0.002898251870647073,0.0,0.9126212764791813
job_000009,Rwanda,209,9.026252664399093,True,6,0.006369444381536583,0.7958087542318593,0.17455783545597633,0.22216136846920048,0.14920450018936038,0.6666666666666666,6,0.03223506204288059,0.011892276590514986,-0.010670931523995604,-41.90160676981717,0.4956700325642146,981,0.0027111517265439034,0.0068189711309969425,-0.0005458130617626011,0.0018909262726083398,106.10070590746193,-0.0646807923913002,0.0646807923913002,0.7259366879550849
job_000009,Rwanda,210,9.069440476190476,True,7,0.00805406837455452,0.8233068992364254,0.2220233082501944,0.24648481588158994,0.14058876708666046,0.5714285714285714,6,0.028460179909146385,0.00775866622937547,-0.026170281365865706,-73.4865644259483,0.9591001652779878,1270,0.00395607715472579,0.009999144822359085,-7.827643275959417e-05,0.0028014611452817917,91.60050145270468,-0.005289028398692608,0.005289028398692608,0.708417554685909
job_000009,Rwanda,211,9.11262828798186,True,6,0.007240360384546063,0.8426747126663562,0.15554067024938392,0.1940097974465371,0.1291773026649624,0.6666666666666666,6,0.008523771479073933,0.001060021828071886,-0.007077774425127483,-81.48225309780375,0.8396180900459037,1107,0.0017705605132505298,0.0046422346495091915,0.0003946433716919273,0.0012242464581504464,72.13295461798882,-0.011098125949501991,0.011098125949501991,0.7264832428155084
job_000009,Rwanda,212,9.155816099773242,True,5,0.005706925646857945,0.8139194658143063,0.08381629790604024,0.09701171204763491,0.07683279218118555,0.8,5,0.005136489858533004,-0.0007942366406907547,-0.002114661815419989,-110.58545807067655,0.4397740521328502,902,0.005267728120088577,0.012449839152395725,-0.0019241508562117815,0.004054537508636713,115.3874860497564,0.04043757915496826,0.0,0.8519693379609622
job_000009,Rwanda,213,9.199003911564626,True,5,0.0054027574956401645,0.8144205049769416,0.0835649981917424,0.09725369544173192,0.074973600071171,0.8,5,0.0384407672120832,0.011601401919955668,-0.005818764690180167,-26.63637571401114,0.3376324409473506,826,0.0039449031464755535,0.01088832039386034,-0.0021469369530677795,0.0026652957312762737,128.85198156423328,-0.08722466975450516,0.08722466975450516,0.8675615877345286
job_000009,Rwanda,214,9.24219172335601,True,5,0.006138499780248555,0.8284903287560281,0.1597776512015058,0.2032115124598511,0.14759277437921678,0.6,4,0.03293996729993377,0.012368554947985113,-0.02061155268300853,-59.03292554015147,0.7297466162176351,972,0.005560919176787138,0.014469836838543415,-0.004132947418838739,0.001285132602788508,162.72701188463788,-0.027193322777748108,0.027193322777748108,0.7783142806494892
job_000009,Rwanda,215,9.285379535147392,True,4,0.004744590486058969,0.788687452983172,0.07593001907459214,0.09002654156333448,0.09028086691456781,0.75,4,0.03285187300448933,-0.009098467833013421,0.016282412813202293,119.19607137289726,0.5677622421364283,750,0.0035391191486269236,0.008233956061303616,-0.0019272922072559595,0.0005988795310258865,162.73808687040466,-0.07843538373708725,0.07843538373708725,0.5702535390722369
job_000009,Rwanda,216,9.328567346938776,True,4,0.004873925163053531,0.7886245270891175,0.07834002745834004,0.09113894748343447,0.09216149719439268,0.75,4,0.05860041208414522,-0.0014570289960163935,0.05580297504743543,91.49566665110962,0.9525870468932255,752,0.008660453371703625,0.01721912808716297,-0.003869457868859172,0.004489983897656202,130.75468834931561,-0.022615935653448105,0.022615935653448105,0.6844076986966809
job_000009,Rwanda,217,9.371755158730158,True,4,0.005228048015024679,0.7878434863266452,0.07922752513838727,0.0918365787170533,0.09321321270661592,0.75,4,0.03282592390995486,-0.01808474961049137,0.020549725564569937,131.34933454074886,0.8339215950297787,778,0.006623400375247002,0.014174850657582283,-0.002388116903603077,0.00516112707555294,114.8305602847832,0.08376376330852509,0.0,0.8586007213997064
job_000009,Rwanda,218,9.414942970521542,True,4,0.005460622044284149,0.7873991311830207,0.07951158459372991,0.0920543811319997,0.0936090429328034,0.75,4,0.027958685246159857,-0.01028890154868225,0.0065773060398330516,147.4107554190633,0.43677198044930093,824,0.015648864209651947,0.03363269567489624,-0.007598087657243013,0.01167919673025608,123.0466569215532,-0.16803079843521118,0.16803079843521118,0.8903661069254362
job_000009,Rwanda,219,9.458130782312924,True,4,0.005611576447313757,0.7872617411841978,0.07965340629033796,0.0921606389927979,0.0937629550249872,0.75,4,0.010569128334002205,-0.003181221579055122,0.003283836127033251,134.0906675338953,0.43258647280953294,824,0.007745697163045406,0.018558096140623093,-0.0034586454275995493,0.005074630491435528,124.27662537530522,-0.04384376108646393,0.04384376108646393,0.7928506328668135
job_000009,Rwanda,220,9.501318594104308,True,4,0.0051585459037627335,0.78715057027779,0.08096747783948634,0.09347272868647415,0.09629707175195432,0.75,4,0.08861127615160179,-0.0025741268611799394,0.03042690737599627,94.83572786371266,0.3446017321530696,794,0.023495228961110115,0.04602639377117157,-0.011447056196630001,0.013126884587109089,131.08945177516176,-0.23994895815849304,0.23994895815849304,0.7412973665708975
job_000009,Rwanda,221,9.544506405895692,True,5,0.0050227102581211795,0.8118281117734119,0.09059380508750527,0.10051584379542244,0.080795235527827,0.8,4,0.057878959697415786,-0.015572143094174085,0.015827973055588827,134.53319749931455,0.3836276963847684,789,0.007974695414304733,0.01775267906486988,-0.0036950791254639626,0.004014257807284594,132.62921851642014,-0.17411646246910095,0.17411646246910095,0.6841633656182657
job_000009,Rwanda,222,9.587694217687075,True,5,0.004719912707600399,0.8110907566736631,0.09085769078767643,0.10053704877199622,0.08259667760986686,0.8,5,0.02813148670083354,-0.01707322203102946,0.00611018917665569,160.30865443757853,0.6446033885971937,750,0.01112435758113861,0.029660535976290703,-0.004994756542146206,0.005798766389489174,130.7399034623511,-0.16707859933376312,0.16707859933376312,0.6879784721382433
job_000009,Rwanda,223,9.630882029478459,True,6,0.0060476136515411946,0.7966377956918597,0.17073093257254257,0.20719875726729928,0.14042441926349952,0.6666666666666666,5,0.051448906094121484,0.0050848854396698725,-0.050910700558657006,-84.29629830537226,0.9944624619237327,974,0.007080630864948034,0.020174114033579826,-0.00321960705332458,-0.0019990147557109594,-148.16435845197157,0.11767145991325378,0.0,0.5352225988382157
job_000009,Rwanda,224,9.67406984126984,True,6,0.006033041881604429,0.7970407020878109,0.16985194070236911,0.20677183391905044,0.1397648521906795,0.6666666666666666,6,0.028111484477893443,0.009329169023367131,-0.020352776251303537,-65.37454329870857,0.7964373132512351,930,0.008201314136385918,0.021264253184199333,-0.004137877374887466,0.0031043661292642355,143.12161276448214,-0.06463219225406647,0.06463219225406647,0.6307430185247269
job_000009,Rwanda,225,9.717257653061225,True,6,0.00582011073808616,0.7972267028331902,0.17146995211617888,0.20653650611237723,0.13976124311482893,0.6666666666666666,6,0.042928160696828754,0.004306787902980056,0.03746453794939827,83.44226986729268,0.8784739726683093,935,0.003071381477639079,0.007844876497983932,-0.0016334804240614176,0.0008917298982851207,151.36952414892178,-0.014128010720014572,0.014128010720014572,0.6059267211267798
job_000009,Rwanda,226,9.760445464852607,True,6,0.006165875021648115,0.7971965050875705,0.1726522181284547,0.20850163946385117,0.14084693887858094,0.6666666666666666,6,0.034601734793517865,-0.000699219163163442,0.027374992231296674,91.46314555138505,0.7914031119384294,989,0.005233597941696644,0.009892133995890617,-0.0027736478950828314,0.0013904307270422578,153.37537507983794,0.006791873835027218,0.0,0.5928325660569828
job_000009,Rwanda,227,9.80363327664399,True,6,0.0069750421230368445,0.7966504694426422,0.17382674059554645,0.21365676511903217,0.14385775286116995,0.6666666666666666,6,0.09939272126044446,-0.012643281108240189,0.027195692913667538,114.93372253903021,0.30174211382088406,1064,0.002552343998104334,0.005512323696166277,-0.001234341412782669,0.001315219677053392,133.18304815605808,0.0014717525336891413,0.0,0.7066911062430117
job_000009,Rwanda,228,9.846821088435375,True,6,0.007362125818778235,0.7964228488527997,0.17412213694198778,0.21539662268269905,0.14493719305631886,0.6666666666666666,6,0.03734617792698352,-0.005270482119864506,0.006839808135411458,127.61640630547745,0.23121157661616093,1174,0.0038749570958316326,0.008581946603953838,-0.0012052363017573953,5.2475086704362184e-05,177.50695916329474,0.011203180998563766,0.0,0.3113268338343525
job_000009,Rwanda,229,9.890008900226757,True,5,0.007522968929284408,0.7729337180681466,0.18419185218712228,0.2290849649113243,0.17061844051714595,0.6,5,0.02449542863009582,-0.002606413832491753,0.01178524209268056,102.47075008949065,0.49274571826407687,1114,0.002035417826846242,0.0047729709185659885,-0.0009534563287161291,-1.4903033843438607e-05,-179.10450915539099,-0.04185030609369278,0.04185030609369278,0.4684899484677501
job_000009,Rwanda,230,9.933196712018141,True,5,0.007653828663240149,0.7727630825836165,0.1843213724617666,0.22952370624793358,0.17056757401532052,0.6,5,0.012428204960261011,-0.003951010191351585,0.0029990006270739084,142.79980988233558,0.39911563772229325,1163,0.003605492413043976,0.006731596775352955,-0.0009366889717057347,-0.0013376696733757854,-125.00122385576724,-0.018177419900894165,0.018177419900894165,0.4529249775575907
job_000009,Rwanda,231,9.976384523809523,True,5,0.007692685022784247,0.7726850022603744,0.18438549338727903,0.22961572282651152,0.17083186275477918,0.6,5,0.00661978010008688,-0.0018079249677974945,0.0014846995680661051,140.60656221051454,0.35339972321500357,1174,0.0016328315250575542,0.003652488812804222,-0.0011591874063014984,9.516470163362101e-05,175.306767968883,0.013511153869330883,0.0,0.7123130288950893
job_000009,Rwanda,232,10.019572335600907,True,7,0.00883226130149414,0.7283049009807142,0.16271018126276068,0.21343719070807485,0.1420490743627639,0.42857142857142855,5,0.02116608965410131,-0.0006585028924236487,-0.0034374815030834794,-100.8445139699445,0.16535819824181056,1369,0.0026760001201182604,0.006539586000144482,-0.0007513696327805519,-0.0008704148349352181,-130.80179929717875,-0.06449513882398605,0.06449513882398605,0.4296936003871951
job_000009,Rwanda,233,10.06276014739229,True,7,0.009194376106131044,0.7687398118501679,0.2156989553946763,0.256842652109729,0.15435511986140396,0.42857142857142855,6,0.017671744708494808,-0.004928241519722213,0.013612745336282957,109.90184762246177,0.8192386034252578,1368,0.0017650057561695576,0.004498778376728296,-0.000505725503899157,-0.0008856542408466339,-119.727193003393,-0.051570456475019455,0.051570456475019455,0.577830061204514
job_000009,Rwanda,234,10.105947959183673,True,7,0.008406601882916956,0.7836211719281748,0.16668556822918174,0.20508092410640755,0.1293491324287339,0.5714285714285714,5,0.006575802320344351,-0.0018773860726726012,0.0006304204920912564,161.43810654271448,0.30116570409557697,1292,0.0031715063378214836,0.005888930056244135,0.00034707889426499605,-0.0005177569692023098,-56.1640375707919,-0.022044846788048744,0.022044846788048744,0.19653960098632264
job_000009,Rwanda,235,10.149135770975057,True,8,0.009200651967623874,0.808890064356038,0.2074510875422708,0.23003846120878593,0.12557944347122788,0.5,7,0.002096332989104417,0.00023974570549219966,-0.0003567038985624639,-56.09439739966719,0.20501781771977087,1405,0.0013147577410563827,0.0036476999521255493,-0.00029446082771755755,-0.0008236461435444653,-109.6724221919309,-0.01716051623225212,0.01716051623225212,0.6652936935204282
job_000009,Rwanda,236,10.19232358276644,True,7,0.008421546172546672,0.7836564661529924,0.1668368564397412,0.20495179080255874,0.12916257470521234,0.5714285714285714,7,0.006433555534501585,0.0005774808071219991,0.003859734135201021,81.49071202437233,0.6066156445625606,1284,0.0038624703884124756,0.007408588659018278,-0.0007920600473880768,-0.0010309964418411255,-127.53316753394479,-0.06557850539684296,0.06557850539684296,0.33660330419894235
job_000009,Rwanda,237,10.235511394557824,True,7,0.008477011917600792,0.7836674155755501,0.16695763130548352,0.20486341067537606,0.12912992505558585,0.5714285714285714,7,0.003944931778390281,0.0002535303851567817,0.0027965034747698533,84.81973888175737,0.7117924006136717,1320,0.0015175924636423588,0.004663313273340464,-0.0008609090582467616,-0.0004202532581984997,-153.9806562187241,-0.014140655286610126,0.014140655286610126,0.6312675611172672
job_000009,Rwanda,238,10.278699206349206,True,7,0.008461417320526299,0.7836547099819138,0.16717297174834986,0.2048086796153668,0.12963548867637603,0.5714285714285714,7,0.01299347491437019,-0.0002941939660553836,0.004986139235451802,93.37667127773062,0.38440915895070815,1324,0.002084617270156741,0.005095354747027159,-0.0005680846516042948,-0.0010326751507818699,-118.81562057887636,0.0009733028127811849,0.0,0.5653877389060358
job_000009,Rwanda,239,10.32188701814059,True,7,0.00822843028876331,0.7838292213137995,0.16701738999711152,0.20461987613693614,0.12926917793020506,0.5714285714285714,7,0.018551953540854666,0.004040754200021716,-0.003602445800909039,-41.71790001689037,0.2917988081950352,1289,0.0012252236483618617,0.0033615645952522755,-0.00018812344933394343,-0.0004326764610596001,-113.49892749878173,-0.0218100156635046,0.0218100156635046,0.38507611124090707
job_000009,Rwanda,240,10.365074829931972,True,8,0.008863730468405957,0.8092470615480192,0.20762589110651367,0.22953953250268713,0.12542864195233527,0.5,7,0.015275114922092659,0.004802967096410813,-0.0030139958737809354,-32.10941821934588,0.37121369931257175,1362,0.005025448277592659,0.011153983883559704,0.00019321037689223886,-0.0004052899603266269,-64.51186556927942,-0.09472110867500305,0.09472110867500305,0.08934287056263655
job_000009,Rwanda,241,10.408262641723356,True,8,0.008663026162970643,0.8092171798519022,0.2073921579058175,0.229646575434753,0.12577343325793416,0.5,8,0.008317148468183513,-0.0006919011377890422,-0.005412017673532668,-97.2854765576935,0.6560020657315732,1345,0.0014586218167096376,0.002824297873303294,0.0002070370246656239,-6.420873978640884e-05,-17.23031903956662,-0.02555997483432293,0.02555997483432293,0.14860950174000517
job_000009,Rwanda,242,10.45145045351474,True,8,0.008669211925835304,0.8091693196554878,0.2073786646130448,0.22962170888492758,0.12548127522314054,0.5,8,0.012026496019521975,-0.0011081875749014154,-0.0003124328881914536,-164.2551884520646,0.09573759979731011,1308,0.002619662554934621,0.007635659538209438,0.00012556207366287708,-0.0011282385094091296,-83.64966330550794,-0.0032069559674710035,0.0032069559674710035,0.43333975606991926
job_000009,Rwanda,243,10.494638265306122,True,8,0.008646102369553313,0.8091528114138774,0.20749740754837812,0.22958139693139093,0.12551018834508804,0.5,8,0.008209104220543672,-0.00038224306640322796,0.002749454774574652,97.91481594343354,0.33814874509219717,1337,0.001118040643632412,0.0029580872505903244,-0.00031558703631162643,8.07273609098047e-05,165.65138475768805,-0.02375635877251625,0.02375635877251625,0.2913565802587697
job_000009,Rwanda,244,10.537826077097506,True,8,0.008584892089186896,0.8090401113535917,0.20755019281873024,0.22953705615839912,0.12523515909038543,0.5,8,0.008263939018666386,-0.002609533931245361,0.0012222260902490887,154.9030416641965,0.3486932935487956,1308,0.0029802049975842237,0.010484274476766586,-0.00011762646317947656,-0.0015893368981778622,-94.23273071068576,-0.055922217667102814,0.055922217667102814,0.5347564040621232
job_000009,Rwanda,245,10.581013888888888,True,7,0.007604338597401402,0.7930920803286066,0.21775943921135052,0.23401319077953026,0.1354919817269965,0.42857142857142855,7,0.06775260183513632,-0.0018430148229142533,-0.06386313099018745,-91.6530299893142,0.9429854698519027,1173,0.001046006684191525,0.0027115298435091972,-3.000636206706986e-05,-0.00014441643725149333,-101.73771614446181,-0.005608926992863417,0.005608926992863417,0.14101325811701815
job_000009,Rwanda,246,10.624201700680272,True,7,0.007729115802614337,0.7930427736657119,0.21913072668369696,0.23687172539883816,0.13606340744500273,0.42857142857142855,7,0.050754963539945394,-0.0011416800446576402,0.031751723818987936,92.05926708151415,0.6259928166190126,1205,0.0019828614313155413,0.006736117415130138,0.0005608663777820766,-0.0007092560408636928,-51.66371363080204,-0.0343400314450264,0.0343400314450264,0.45601814084048575
job_000009,Rwanda,247,10.667389512471654,True,7,0.0077884512805698625,0.7930187361687052,0.2196046309473507,0.23799197884204773,0.13628052700578946,0.42857142857142855,7,0.02012535346143526,-0.0005565805723818095,0.010973101993286655,92.903683192303,0.5459386569460234,1205,0.0011305785737931728,0.0013759416760876775,0.0009074111003428698,0.00016549947031307966,10.336359623152383,-0.024743519723415375,0.024743519723415375,0.8158478179949568
job_000009,Rwanda,248,10.710577324263038,True,8,0.007409386887667168,0.8093198456305062,0.20456799517743343,0.225507833699724,0.12309763653762729,0.5,7,0.06290108688655485,0.0032612200387814013,-0.05855371247719914,-86.81213566522496,0.9323282610893083,1169,0.004019406158477068,0.006400845944881439,0.0019259067485108972,0.0007918555056676269,22.35049648856371,-0.10426732897758484,0.10426732897758484,0.5180722763834043
job_000009,Rwanda,249,10.753765136054422,True,8,0.0076129768849715505,0.8093968082364602,0.20595051434035105,0.22776927539345504,0.12414971019453827,0.5,8,0.038339391413216364,0.0017820445806741153,0.03201179002992448,86.81372528783163,0.836250974490839,1204,0.002267906442284584,0.003726375289261341,0.000815371226053685,-0.000672924448736012,-39.53279782193931,-0.029870696365833282,0.029870696365833282,0.46615381562517394
job_000009,Rwanda,250,10.796952947845805,True,6,0.006743350523748445,0.785173204199063,0.1865817213501578,0.2122342600922047,0.14338836520814388,0.5,6,0.049815090037382714,-0.015472633154481824,0.005584545287993626,160.15394043528144,0.3302133056341949,1060,0.007008546032011509,0.01294276025146246,-0.001051145838573575,-0.0031733873765915632,-108.32682204464174,0.012121553532779217,0.0,0.4769815365739019
job_000009,Rwanda,251,10.840140759637189,True,8,0.008370100849374586,0.7887472844673462,0.16825827712657215,0.19139827453439867,0.10913136378789189,0.625,6,0.018194757882864915,-0.005503273647863637,0.004989818199911536,137.8014034363488,0.4082832035948544,1325,0.003269325476139784,0.013963187113404274,0.0006811778293922544,0.0022774769458919764,73.34843442166085,0.0025592991150915623,0.0,0.7271111830683361
job_000009,Rwanda,252,10.88332857142857,True,5,0.006437090195168696,0.8015302892035979,0.19916602888200624,0.22781460131857345,0.18312418349226867,0.6,5,0.007203675657477595,-0.0031521984391494574,0.0037434015525263176,130.09965638057062,0.6793495005733493,1018,0.001847281469963491,0.003370655234903097,-0.00036426144652068615,-0.0010172442998737097,-109.70176010071233,-0.0007659615948796272,0.0007659615948796272,0.5849115956263449
job_000009,Rwanda,253,10.926516383219955,True,6,0.006726643755208317,0.7977264378175355,0.17211628093524792,0.21685089348084052,0.1472419046019449,0.6666666666666666,5,0.002817410161202311,-0.00027919551308618485,0.0020172773128172695,97.87980047404521,0.7228291867035329,1041,0.0004256031534168869,0.0010952717857435346,0.00014316868328023702,-2.0915918867103755e-05,-8.31170317171523,0.002204757183790207,0.0,0.3399609442215284
job_000009,Rwanda,254,10.969704195011337,True,6,0.006792270354371239,0.7977597621656217,0.1721291717740664,0.2168803384179383,0.14732491872866452,0.6666666666666666,6,0.002190946029036717,0.0007716146455183565,0.00029848325913656333,21.14793743970951,0.37761492534836655,1063,0.000915614771656692,0.002443876350298524,0.0005896878428757191,0.00012786866864189506,12.234678520891643,-0.001607641694135964,0.001607641694135964,0.6590022571361595
job_000009,Rwanda,255,11.012892006802721,True,7,0.007008178248367393,0.7588469469080561,0.16241318435020197,0.22355321365428474,0.14619042949234282,0.5714285714285714,6,0.001484204614059208,0.00018995460248885112,-0.00042291447430619196,-65.8124783783311,0.3123663496144485,1073,0.0009825809393078089,0.0020470686722546816,-2.1384041247074492e-05,0.0003331495390739292,93.67263547450088,0.008342538960278034,0.0,0.33975331143003407
job_000009,Rwanda,256,11.056079818594105,True,6,0.006801488025219886,0.797939204888273,0.17203912205756702,0.21683523872660407,0.1472642088064294,0.6666666666666666,6,0.005470332561958741,0.003964984377013773,-0.0016621579747064144,-22.743880036511904,0.7859279357811871,1085,0.002679175231605768,0.009504140354692936,0.0008496257942169905,-0.0021817204542458057,-68.72260540163072,0.057643771171569824,0.0,0.8738949129049919
job_000009,Rwanda,257,11.099267630385487,True,7,0.007223130885700828,0.7587459011178149,0.16402552463072986,0.22380571527754553,0.14696130493636897,0.5714285714285714,6,0.0062333156705825675,0.0014016282999019262,0.00511368534655313,74.67204284264773,0.85063808453091,1160,0.005333959590643644,0.019643424078822136,0.00016577109636273235,-0.0024241001810878515,-86.08794222182166,0.1073605865240097,0.0,0.45552682258111155
job_000009,Rwanda,258,11.142455442176871,True,8,0.008282685774269844,0.7671406770992627,0.1681040603712864,0.21078410671444095,0.1256750266066302,0.625,7,0.028812112870373257,0.008701158228972636,0.01510678727490367,60.05905776764865,0.6050736370374458,1317,0.009202349931001663,0.0369718037545681,0.00035718356957659125,0.004376465920358896,85.33416844379403,0.11756345629692078,0.0,0.47716262270911636
job_000009,Rwanda,259,11.185643253968253,True,6,0.00727395777428078,0.7989283292453101,0.1722667207093472,0.2174351223024254,0.14665737982675645,0.6666666666666666,6,0.00905676294842624,0.00853398141407892,0.0005861714651958984,3.929289462474995,0.9444973752418878,1154,0.0013128566788509488,0.004933435935527086,0.0006201961659826338,-0.0006322349072434008,-45.55072717116537,-0.00041157533996738493,0.00041157533996738493,0.6745926127032736
job_000009,Rwanda,260,11.228831065759637,True,6,0.007059844171108161,0.7835040769240367,0.1877611109093901,0.21013873350726542,0.13212460481419114,0.6666666666666666,5,0.011413027391810108,-0.002481845551414485,-0.00719840722346012,-109.02301779480187,0.6671532428139324,1108,0.005545950029045343,0.008309043943881989,0.002113303169608116,0.0036789311561733484,60.12547533595547,0.07076364755630493,0.0,0.7650104267866276
job_000009,Rwanda,261,11.27201887755102,True,7,0.00742399679772073,0.7455248130689763,0.17678472412158455,0.21709175006081755,0.1347565934729302,0.5714285714285714,6,0.008587063344035537,-0.004549130030953565,-0.003986990911697704,-138.7677254298791,0.7044344342481655,1132,0.004530416335910559,0.019053945317864418,-0.000269902782747522,0.0035877509508281946,94.30219832748301,0.041425641626119614,0.0,0.7941629673421337
job_000009,Rwanda,262,11.315206689342403,True,6,0.0072808621712506525,0.7313814084103348,0.17343344136008057,0.23051822957821977,0.16484335486313573,0.5,6,0.06123589780033967,0.0003613190324331403,0.05594976126812889,89.62999363423515,0.9136949069144981,1137,0.008590977638959885,0.007887463085353374,-0.0017707402585074306,0.006338444072753191,105.60851008011302,0.00574131915345788,0.0,0.7660524290085249
job_000009,Rwanda,263,11.358394501133787,True,5,0.006783951831068274,0.7745098713560746,0.18263404988215665,0.2289273375980289,0.16706720004323972,0.6,5,0.012929616828112412,0.012062638253710784,-0.002930330861141105,-13.654155339035997,0.9600797802039567,1058,0.001034979592077434,0.003285425715148449,0.00018841853307094425,-0.00013557245256379247,-35.73608114774771,-0.020163003355264664,0.020163003355264664,0.2242785730913686
job_000009,Rwanda,264,11.40158231292517,True,7,0.00941569048700656,0.8063222689857005,0.1765230768121905,0.2021930421896779,0.1218942770201873,0.7142857142857143,5,0.014148900977597315,-0.0008239174627703759,-0.011331223561265837,-94.15877955577166,0.8029696787070352,1394,0.006855327636003494,0.020894721150398254,0.0038241895381361246,0.0016362029127776623,23.163957185291203,-0.0076119061559438705,0.0076119061559438705,0.6067569184605469
job_000009,Rwanda,265,11.444770124716554,True,8,0.010625148256821974,0.770093686108035,0.17196050206962163,0.21250223680155078,0.12692282447655556,0.625,7,0.008885164139871615,0.0015650581746945184,0.0004846925687949061,17.207554448378982,0.18439656179525385,1592,0.005544013809412718,0.019488556310534477,0.00033741758670657873,0.003973759710788727,85.14657587391639,-0.034506868571043015,0.034506868571043015,0.7193451212207166
job_000009,Rwanda,266,11.487957936507936,True,7,0.010155392470250305,0.7578823279856143,0.17552548454739783,0.22393558803861538,0.15027959083219947,0.5714285714285714,7,0.013858725233658924,0.0060674725359001706,0.003032811432473193,26.558064096385824,0.48945533286906434,1508,0.009279961697757244,0.03376930207014084,0.0010952937882393599,0.0061558005400002,79.91101813505558,-0.02964189276099205,0.02964189276099205,0.6737617688434584
job_000009,Rwanda,267,11.53114574829932,True,7,0.009316196858599744,0.8063779793838981,0.1766216744040065,0.20217632185067275,0.12195519112418508,0.7142857142857143,6,0.007958487408537772,-0.003300456813234138,0.005307089056036513,121.87731042841057,0.7852819793177773,1385,0.0019603874534368515,0.004794219974428415,0.0006340069230645895,-0.0004165170539636165,-33.30330460325992,-0.016295958310365677,0.016295958310365677,0.3869566804761151
job_000009,Rwanda,268,11.574333560090702,True,8,0.010261523318181472,0.769761282477181,0.17222682533799316,0.21131284265475728,0.12641651430473716,0.625,6,0.0248440413689629,-0.0024716828553159776,-0.005713721283244869,-113.39269257139041,0.2505799168521288,1549,0.013475256972014904,0.03505702689290047,-0.0026044193655252457,0.008944706991314888,106.23391055383517,-0.23489296436309814,0.23489296436309814,0.6913528353768443
job_000009,Rwanda,269,11.617521371882086,True,7,0.009814076243131277,0.76772480501591,0.19247554641423759,0.21922726397449957,0.14644845826424815,0.5714285714285714,7,0.01898540012464309,-0.0015954692315098432,0.018202040636193916,95.00936213372157,0.9624148454126273,1489,0.006057461723685265,0.014540748670697212,-0.0014091526390984654,0.004034025594592094,109.2551627560276,-0.1255686730146408,0.1255686730146408,0.705421499459918
job_000009,Rwanda,270,11.66070918367347,True,7,0.008366596344885836,0.7447030388772814,0.21394730450052807,0.27148650438046096,0.17342655506677343,0.5714285714285714,5,0.013615177242887005,0.004767255905029711,0.009891962121849413,64.26908173197475,0.8065106313671018,1305,0.041475869715213776,0.1653818041086197,-0.018354348838329315,-0.015917997807264328,-139.06619948395618,-0.3651737868785858,0.3651737868785858,0.5857710875087597
job_000009,Rwanda,271,11.703896995464852,True,5,0.005166410288153225,0.8275591593442118,0.12000734217407502,0.104207540953797,0.09296503145771426,0.8,5,0.006078071987792192,0.003704994357640394,0.0037788522652800888,45.565432354057684,0.8706932735484946,811,0.003099228488281369,0.008845968171954155,0.0005077687674202025,0.0022264053113758564,77.15248796600794,0.0015956864226609468,0.0,0.7368201160853637
job_000009,Rwanda,272,11.747084807256236,True,6,0.006500594787023106,0.7749110679212993,0.12202328324978884,0.1511542305362084,0.0995576451828006,0.6666666666666666,5,0.014046615935965137,-0.004179260894598516,0.009444030486627047,113.87079744950537,0.7352259081217902,981,0.015603612177073956,0.04935677349567413,-0.002776054199784994,0.013470177538692951,101.64498710502912,-0.0907638892531395,0.0907638892531395,0.8814151374334631
job_000009,Rwanda,273,11.790272619047618,True,6,0.005546722313193341,0.7426840344347351,0.30297766888137984,0.29514895316181294,0.13645313249036342,0.5,4,0.006778508324991719,-0.0015817944961177245,0.006248423608868073,104.20603451647985,0.9508775104129589,875,0.007029046304523945,0.014094434678554535,-0.0004797313013114035,-0.003995681181550026,-96.84630112774157,0.02414904348552227,0.0,0.5725352806267999
job_000009,Rwanda,274,11.833460430839002,True,7,0.00627818602939666,0.8125438638280256,0.23153420578423636,0.23778067689261775,0.13905703298194066,0.5714285714285714,5,0.03717864597174564,-0.0020737094072774604,0.02755403599479434,94.30395143724456,0.7432212362037557,991,0.006758932489901781,0.022025810554623604,0.0015714901965111494,0.004666212480515242,71.38746900276399,0.02959469147026539,0.0,0.7284775127118052
job_000009,Rwanda,275,11.876648242630385,True,7,0.008577303610380666,0.787539526487789,0.24464612560180113,0.27747568218360597,0.17100122331198153,0.5714285714285714,6,0.024766927461339096,0.010072636896055727,-0.005607806445722438,-29.106290988408766,0.46547821085619373,1274,0.01121456641703844,0.03201771154999733,-0.002547453623265028,-0.004486024845391512,-119.59069875688948,0.05710512027144432,0.0,0.4600151027286794
job_000009,Rwanda,276,11.919836054421769,True,8,0.00945511200712905,0.7365879959802256,0.28414488312204234,0.30160054519676044,0.15336314384533156,0.375,6,0.01752194563399442,0.01435125289365388,-0.007412835133953913,-27.31765517400625,0.9218533870268508,1461,0.03361715376377106,0.09619399905204773,-0.011821448802947998,-0.0014126638416200876,-173.18546608067592,0.24878033995628357,0.0,0.354151228524659
job_000009,Rwanda,277,11.963023866213153,True,8,0.010498709348626198,0.7547227345588632,0.23703797526089285,0.27548504419184516,0.17481490971922573,0.5,7,0.023932891039566744,0.0014795359102823414,-0.00206771349657085,-54.41468708597327,0.1062358632547695,1585,0.020176034420728683,0.06003294885158539,-0.007392343133687973,-0.002365429885685444,-162.2561714853565,0.21037377417087555,0.0,0.38469262875049887
job_000009,Rwanda,278,12.006211678004535,True,9,0.009659279948500948,0.7474571198977794,0.33987214111591646,0.32665112088103654,0.1615182782138338,0.3333333333333333,7,0.07536302212557268,-0.02818116014470545,-0.03382031399443563,-129.80313661698787,0.5841409059825594,1502,0.04571313410997391,0.14990371465682983,-0.02218552678823471,-0.011738567613065243,-152.1162686475043,0.39743995666503906,0.0,0.5490683000456328
job_000009,Rwanda,279,12.049399489795919,True,8,0.005558685013235482,0.7533070393805386,0.31859856594865493,0.3514950902001645,0.18401150063451324,0.5,6,0.02414048145407868,-0.009904033073428593,0.019367270818007168,117.08428967703937,0.9010891170228252,951,0.003082346636801958,0.01328898873180151,-0.0011841155355796218,0.0018567227525636554,122.52748804543178,0.009503639303147793,0.0,0.7144456523489736
job_000009,Rwanda,280,12.0925873015873,True,10,0.009162107201067717,0.7056583121476341,0.33700636790937943,0.34904185255492065,0.15560717643078634,0.4,8,0.022828324959964702,0.009329492645999986,-0.017622617361391472,-62.10305481344846,0.8734679990976469,1472,0.028453076258301735,0.08580105006694794,-0.013049337081611156,-0.000541932531632483,-177.62190108218365,0.38441818952560425,0.0,0.45902190717518554
job_000009,Rwanda,281,12.135775113378685,True,8,0.005128564862066159,0.7536278868783204,0.3177812076254869,0.35026881576193714,0.1836863375394739,0.5,8,0.009564080288606266,-0.001900371223230818,-0.0013030537774048705,-145.56219845538848,0.24092278273608775,892,0.005224002990871668,0.01660516858100891,-0.002722937148064375,0.001699863700196147,148.0244656043637,0.022894134745001793,0.0,0.6144660491056745
job_000009,Rwanda,282,12.178962925170067,True,7,0.005569042079604224,0.76555563329267,0.22743341160722763,0.2599031899909258,0.16475865452874633,0.42857142857142855,6,0.01380440138078315,0.0006015243058699858,-0.0028178023286320702,-77.94977909105111,0.20872267836520308,941,0.024816513061523438,0.0893041342496872,-0.003980853594839573,0.023232417181134224,99.72315467755976,0.1606207638978958,0.0,0.9498114271508724
job_000009,Rwanda,283,12.222150736961451,True,7,0.0062720190072643525,0.7469103089993282,0.3329993829367921,0.32500670181691665,0.20682547873889293,0.42857142857142855,5,0.011837297139002324,-0.0011379264876942422,0.010323218066411599,96.29030855690019,0.8773747333092767,1026,0.001418133731931448,0.002662493847310543,-0.00041278626304119825,0.00021547994401771575,152.43483952449552,0.0019910610280930996,0.0,0.32834967752001437
job_000009,Rwanda,284,12.265338548752835,True,8,0.005615930088406268,0.7762755936351824,0.22927955708004288,0.24573665207540019,0.15026000813314486,0.5,5,0.026411333201745137,-0.009884215655151792,0.009802684234655938,135.2372836562256,0.5270790264432652,950,0.019855646416544914,0.06914634257555008,-0.003910843748599291,0.013959947042167187,105.65008092364364,0.00928699690848589,0.0,0.7301402864842973
job_000009,Rwanda,285,12.308526360544217,True,8,0.0052799886048374035,0.7764102054343662,0.2294858413598944,0.245751750984275,0.1500190419184827,0.5,8,0.024238386418697095,0.00311689325298705,0.004776446670832992,56.873349296452375,0.2353069553103152,920,0.007422645576298237,0.029249243438243866,-0.001902670948766172,0.005982755217701197,107.64201025031346,0.035075586289167404,0.0,0.8457925777456307
job_000009,Rwanda,286,12.351714172335601,True,8,0.0050810195427542365,0.7762177463221736,0.23003715989991366,0.24558724302321386,0.1503758667333039,0.5,8,0.02592927979624944,-0.004456329325558809,0.012765604858203728,109.24352119703909,0.5214598195105987,834,0.010855086147785187,0.04011211171746254,-0.00330754485912621,0.00809665396809578,112.2203890905593,0.039090052247047424,0.0,0.8057218092203859
job_000009,Rwanda,287,12.394901984126983,True,7,0.004008722448487399,0.7457474448479312,0.19183170190457263,0.22357184705371352,0.14541797314832786,0.5714285714285714,7,0.014169086250819803,-0.0061187182172541725,-0.0010928093642068586,-169.8736848335627,0.4386691200996419,701,0.006448432337492704,0.02040673792362213,-0.002032781019806862,0.005519187543541193,110.21933959929589,0.00417133467271924,0.0,0.9121030745521873
job_000009,Rwanda,288,12.438089795918367,True,8,0.0048917602858391885,0.7759701117360607,0.22990110977894998,0.2459393779462591,0.1514795751465699,0.5,7,0.018826544670391892,-0.0005500898346730129,-0.002022113170050472,-105.21830677943788,0.11131093402309244,793,0.010927188210189342,0.03095000609755516,-0.0012887240154668689,0.008892067708075047,98.2464378852694,0.03803063556551933,0.0,0.8222581483477371
job_000009,Rwanda,289,12.48127760770975,True,8,0.0048985953471142145,0.7759974708820618,0.23066086186813778,0.2457352530378821,0.1511109316569353,0.5,8,0.021021921616745168,0.0006334922948490967,0.01759181717420131,87.9376344484168,0.8373744334987278,854,0.005868314765393734,0.01296229101717472,-0.00040790694765746593,0.004996622446924448,94.6670793676915,0.20134702324867249,0.0,0.854290380341667
job_000009,Rwanda,290,12.524465419501134,True,9,0.007826043336278607,0.744447750838461,0.2789513788736049,0.2823987917707777,0.14627530123066668,0.4444444444444444,8,0.025375281524198184,0.0030668039815666334,0.02441688139811276,82.84103666948165,0.9697912412691985,1217,0.031166521832346916,0.07354959100484848,-0.018130982294678688,0.012797030620276928,144.78516976310172,0.3626888692378998,0.0,0.7120545098750914
job_000009,Rwanda,291,12.567653231292518,True,8,0.0071151420558289566,0.7299276171655592,0.2856438544613019,0.2968692054940914,0.16098579422708575,0.375,8,0.03715730427602573,-0.01840939634619881,0.018301777767243853,135.16796174072954,0.6986198866315019,1130,0.01715005375444889,0.056742362678050995,-0.010717066936194897,0.008484456688165665,141.6321464327213,0.4007066488265991,0.0,0.7970236726647965
job_000009,Rwanda,292,12.6108410430839,True,4,0.0025190366481778583,0.7880011815504406,0.07754516061855038,0.0894628710596636,0.08940920053611481,0.75,4,0.004328666906426963,-0.0032278490247810024,0.0020745593532278408,147.2708838837249,0.8864232210662438,440,0.0006752522313036025,0.0018892950611189008,0.0003064627817366272,-8.523686119588092e-05,-15.542908332453935,0.029150819405913353,0.0,0.47107659046232464
job_000009,Rwanda,293,12.654028854875284,True,5,0.0032072861240552398,0.7995134625120537,0.22126314354429746,0.29931256013557334,0.200494763576325,0.6,4,0.0021682476174934434,-0.0011723414780066962,-0.0005123892837168569,-156.39155106908314,0.5900731052956807,539,0.0010125020053237677,0.002073023235425353,-4.741581869893707e-05,-0.00010727832705015317,-113.84489167798229,0.007901393808424473,0.0,0.11584155732868495
job_000009,Rwanda,294,12.697216666666666,True,5,0.0032202574340519483,0.7995049146108454,0.2212456863150499,0.2992926384146517,0.200490034243348,0.6,5,0.0010290445802414471,-0.00019792392468389813,-0.00040421657230318433,-116.08859856762109,0.43736892762521135,539,0.0010002902708947659,0.0023213739041239023,-0.00016986900300253183,0.0005621686577796936,106.81310179058892,0.021786777302622795,0.0,0.5871021568626786
job_000009,Rwanda,295,12.74040447845805,True,6,0.004269513057716885,0.7458662966176487,0.2936572541307317,0.33955851604886444,0.19104743018506265,0.5,5,0.0034715452362310147,0.0025474621919939528,-0.0003730680935356789,-8.33156801169399,0.7416393691966153,680,0.0036129404325038195,0.014717133715748787,-0.003077506320551038,0.0010440287878736854,161.26074891661762,0.07741063833236694,0.0,0.8994821896116414
job_000009,Rwanda,296,12.783592290249432,True,7,0.00438731923455147,0.7613297483770742,0.2838285485024221,0.3173759264329544,0.16988032268921507,0.5714285714285714,6,0.009555858226569892,-0.0019504882581620633,-0.0009689967783694988,-153.5819500575666,0.22791521008991605,691,0.01008780300617218,0.03163990005850792,-0.003673766041174531,0.0071283429861068726,117.26542306992941,0.38476690649986267,0.0,0.7949541670438809
job_000009,Rwanda,297,12.826780102040816,True,7,0.004372101144108693,0.7612847980644314,0.28463138271218663,0.31820174356423725,0.16951426080269688,0.5714285714285714,7,0.01969114265351979,-0.0010408101447689343,0.018589369927854114,93.20461810207063,0.9455258485099199,701,0.01311646681278944,0.044971346855163574,-0.0067677986808121204,-0.0033815365750342607,-153.45095348195818,0.2922148108482361,0.0,0.5767995830364734
job_000009,Rwanda,298,12.8699679138322,True,5,0.002465231528631877,0.8014114470509046,0.10758156388826128,0.10271799896580622,0.07907381366780761,0.8,5,0.008391482929339838,-0.001100331996726375,0.005976504117409507,100.43188437110096,0.7241808067469742,421,0.0015071528032422066,0.0024642860516905785,-0.00023105464060790837,-4.975384581484832e-05,-167.84784738552668,0.025707431137561798,0.0,0.15681938913124965
job_000009,Rwanda,299,12.913155725623582,True,5,0.0024464618998732974,0.8014535015393317,0.10771456274120324,0.10280683461704412,0.07888677732543188,0.8,5,0.0038105516990455416,0.0009737582591620115,0.0030795459974775853,72.45294729661347,0.8476019533266775,422,0.00020518750534392893,0.00037861394230276346,2.0992963982280344e-05,0.00013489401317201555,81.15426611548382,-0.001387963187880814,0.001387963187880814,0.6653317496889444
job_000009,Rwanda,300,12.956343537414966,True,4,0.0032938599066623616,0.8032999703650412,0.2702101825278573,0.3174506240115254,0.2578192763248325,0.5,3,0.05279408853157372,0.0036289450378950653,0.03927675920663113,84.72118900926874,0.7471300440266639,523,0.003367376048117876,0.005902373697608709,-0.001201271079480648,0.0004249948251526803,160.51685150564458,-0.006863923277705908,0.006863923277705908,0.3784056744025493
job_000009,Rwanda,301,12.999531349206348,True,5,0.0033769415091378253,0.8000690905569258,0.22225979582969851,0.299874696771199,0.20040901885381,0.6,4,0.031130769772154846,-0.0007145497027277429,-0.025982505992424958,-91.57530476693394,0.8349401510897052,581,0.0003510418755467981,0.0007929438725113869,-2.8515943995444104e-05,-0.00019847227667924017,-98.17614400519456,0.00678064301609993,0.0,0.5711864366748053
job_000009,Rwanda,302,13.042719160997732,True,4,0.003246213426288264,0.8340790675034391,0.2598619718012166,0.315525829209351,0.21744348541075725,0.75,4,0.02910359487897129,0.0003347783638916459,0.028959861908924505,89.33768562108081,0.9951278183092532,541,0.0009963539196178317,0.0028891884721815586,0.00024985551135614514,-0.00024240311176981777,-44.132654246101744,0.00241507263854146,0.0,0.3493932130369674
job_000009,Rwanda,303,13.085906972789115,True,5,0.005229967382383128,0.7994521297416434,0.2229563314633535,0.2997756550675279,0.2002581747894848,0.6,4,0.011956232562029564,0.00047261231174065724,0.00921662273372193,87.06454361208009,0.7718762660058925,823,0.003532187780365348,0.008855665102601051,0.0009984036441892385,0.0025799977593123913,68.84463428536743,-0.12001737207174301,0.12001737207174301,0.7832090528974262
job_000009,Rwanda,304,13.129094784580499,True,4,0.004253445773405986,0.7892078333177158,0.07773743435984054,0.09005668403551596,0.08889109246179785,0.75,4,0.06312719113795016,0.0300110261525869,-0.02966717590026894,-44.66988029869857,0.6684847059629967,685,0.004337505903095007,0.010874438099563122,0.0012472093803808093,0.0023231348022818565,61.77021290523164,-0.11300995200872421,0.11300995200872421,0.6078969995087808
job_000009,Rwanda,305,13.172282596371883,True,4,0.004569004766161348,0.7891655486973262,0.07720930954247113,0.09088634022966545,0.0895349875632524,0.75,4,0.02648123233939739,-0.0009790868913162488,-0.012228561611791804,-94.57765486478361,0.4632599578355596,745,0.0009373612119816244,0.002926552202552557,-0.0002878971863538027,0.000538454856723547,118.13220557197457,0.05670426785945892,0.0,0.651390925129469
job_000009,Rwanda,306,13.215470408163265,True,4,0.003988374713335666,0.7902674910019968,0.07699897614824622,0.08966458450052192,0.08871457579316502,0.75,4,0.03006092999143642,0.025515122414477627,-0.004870202622001829,-10.80635421649547,0.8641038246412801,606,0.0016955636674538255,0.004339669365435839,-0.00023290094395633787,0.00012137573503423482,152.473841634607,0.023687686771154404,0.0,0.15489289496547518
job_000009,Rwanda,307,13.258658219954649,True,4,0.0037257508691049494,0.7905870818599572,0.07698366126066705,0.08931195142657206,0.08849617462721494,0.75,4,0.009409144941642144,0.007400024328719581,-0.0003546113346314676,-2.74353179043936,0.7873739900955286,569,0.0009393299114890397,0.0029599822591990232,-2.9544366952904966e-07,0.00041304854676127434,90.04098228306033,-0.014948097057640553,0.014948097057640553,0.43972692381141976
job_000009,Rwanda,308,13.301846031746031,True,4,0.003802696627199535,0.7905721297016258,0.07821001868813279,0.08890329428301887,0.08794747088936215,0.75,4,0.04955832842614037,-0.0003462124546522263,0.0283959148796332,90.69853462088568,0.5730222602709982,610,0.0023745170328766108,0.007542168255895376,8.953585347626358e-05,-0.00024306397244799882,-69.77805279797008,0.04034937173128128,0.0,0.10908762775541206
job_000009,Rwanda,309,13.345033843537415,True,4,0.0039042719493087223,0.7905482855359008,0.07865218180007402,0.08877206308685372,0.08786739815443115,0.75,4,0.018006548454749007,-0.0005521040482477451,0.010238145754572516,93.0867524723241,0.5694051474376195,655,0.001084759715013206,0.0022553380113095045,0.0003413870290387422,0.00011165524483658373,18.111032758725848,-0.012880036607384682,0.012880036607384682,0.33111701714050346
job_000009,Rwanda,310,13.388221655328797,True,4,0.003769674926489081,0.789795748515826,0.07866354774282801,0.08822096642054392,0.08775636985276924,0.75,4,0.020381626780259753,-0.01742475455135365,0.00026317477738580126,179.13469899617297,0.8550221263499209,593,0.0027459044940769672,0.00749768503010273,0.0004104911640752107,-0.0004684013547375798,-48.769767310845594,0.05800982564687729,0.0,0.22681723051448796
job_000009,Rwanda,311,13.431409467120181,True,4,0.003601930964116951,0.789472940386969,0.0780930282681783,0.088177410478038,0.08787212503807508,0.75,4,0.020317386538528964,-0.0074745192096396535,-0.0132101963721981,-119.50180605517238,0.7470546959894226,593,0.0015508630312979221,0.0033564665354788303,0.0005282979691401124,-0.00045083079021424055,-40.47626844206145,0.014239920303225517,0.0,0.44782301837004984
job_000009,Rwanda,312,13.474597278911565,True,4,0.0035582931873408483,0.7891772438743416,0.07789873124934289,0.08829639628130458,0.08796847022653413,0.75,4,0.012973769266275022,-0.0068467583876619595,-0.004498885467361508,-146.69178242809483,0.6314712212909299,598,0.0042561935260891914,0.010064415633678436,0.0030202388297766447,0.0009879369754344225,18.113209522792665,0.059546709060668945,0.0,0.7466092221084971
job_000009,Rwanda,313,13.517785090702947,True,4,0.003589742569317241,0.7890962219792094,0.07734821520879784,0.0884774400046751,0.08815932319513224,0.75,4,0.015262278483497834,-0.0018760361262010995,-0.012747023238970983,-98.37237064967569,0.8441947884089183,563,0.002159401075914502,0.005569314118474722,0.0012632182333618402,0.0007217745878733695,29.742679181727922,0.06567699462175369,0.0,0.6737428554544237
job_000009,Rwanda,314,13.560972902494331,True,3,0.0034408584615771964,0.7894687004942669,0.092557859243046,0.09753780199250942,0.12809879671409335,0.6666666666666666,3,0.011909726759924225,-0.003255588442279665,0.0059454508046137685,118.70407192475282,0.5691515503681969,509,0.005465691443532705,0.009434279054403305,0.001839004224166274,0.0001714750105747953,5.327050664321506,0.03781607374548912,0.0,0.3379227309948324
job_000009,Rwanda,315,13.604160714285713,True,3,0.003442466036478813,0.7893759181152632,0.0926351833842004,0.0974890051939653,0.12779369085473327,0.6666666666666666,3,0.005140087899475114,-0.002148346377254543,0.0017904158128667694,140.1924274497606,0.5440766250815723,536,0.0023790556006133556,0.00523232389241457,0.000892309588380158,0.0005178423598408699,30.128279716754335,-0.008199604228138924,0.008199604228138924,0.4336538149813137
job_000009,Rwanda,316,13.647348526077097,True,3,0.003913111436369136,0.7894540870812183,0.0976170670768972,0.09575667800229258,0.11795204004322168,0.6666666666666666,3,0.11558157677903902,0.001809977461524224,0.1153539270931701,89.10106605896428,0.9981532463109757,644,0.007175318896770477,0.013314998708665371,0.0037574723828583956,-0.0016270596534013748,-23.413563245946012,0.07326764613389969,0.0,0.570653533754908
job_000009,Rwanda,317,13.69053633786848,True,4,0.005329685240129536,0.7139049665597273,0.13406047849035801,0.1663143707463337,0.14659476384142422,0.5,3,0.05470922762106537,0.0012344426243859742,0.03077279402996914,87.70282638489424,0.5629314301937796,846,0.0058478242717683315,0.021443765610456467,-0.0022018186282366514,0.0028673354536294937,127.52055462148874,0.012877335771918297,0.0,0.6182115739188678
job_000009,Rwanda,318,13.733724149659864,True,3,0.004454706210354018,0.789865452694737,0.09789329642321594,0.09430780900299217,0.10960364678501117,0.6666666666666666,3,0.05784833089154603,0.008290596882261818,-0.02437679166585167,-71.21672564854897,0.44509577826808844,674,0.006238050293177366,0.015480903908610344,0.003040977055206895,-0.00046568666584789753,-8.706476329086172,-0.08974500000476837,0.08974500000476837,0.49317130371160645
job_000009,Rwanda,319,13.776911961451248,True,3,0.004692745638854972,0.7900229422413337,0.09886777359411252,0.09464280701922505,0.11095140326471097,0.6666666666666666,3,0.03339554481917583,0.003646620193620487,0.022563707918422386,80.81955621674614,0.6844170916674943,691,0.00524810329079628,0.006769105326384306,0.0026347790844738483,0.002890300704166293,47.64790492784604,-0.0628720074892044,0.0628720074892044,0.7452210767829941
job_000009,Rwanda,320,13.82009977324263,True,3,0.005174706230662302,0.7900446184644648,0.09888498478050323,0.09406369868407292,0.11216682639781737,0.6666666666666666,3,0.03995506252572447,0.0005019060293186458,0.00039851952846898614,38.45000515112313,0.01604002585510247,761,0.014418257400393486,0.023915404453873634,0.00585377961397171,0.006470483262091875,47.864679900667014,-0.32106882333755493,0.32106882333755493,0.6051683882612071
job_000009,Rwanda,321,13.863287585034014,True,3,0.005558420034762161,0.7901274168315499,0.09900846221100518,0.09379721856603469,0.11284795269722285,0.6666666666666666,3,0.021075140482308477,0.0019171697673667973,0.002859080499341367,56.155986539434075,0.16333773175432167,786,0.004706098232418299,0.011887801811099052,0.0016150414012372494,0.003114368999376893,62.58976548504988,-0.09730911999940872,0.09730911999940872,0.745463927996084
job_000009,Rwanda,322,13.906475396825396,True,2,0.0052829939970653545,0.756427609335097,0.07224451057944906,0.08717870941787594,0.17435741883575187,0.5,2,0.009932402160972836,0.004153224619808091,-0.007043523226452423,-59.47420552958458,0.8232476418914159,762,0.008911732584238052,0.027530305087566376,0.004728104453533888,0.0007324073812924325,8.805421784076028,-0.167537122964859,0.167537122964859,0.5368759602411254
job_000009,Rwanda,323,13.94966320861678,True,2,0.0054610695910632685,0.7564377291373501,0.07149830292095238,0.08705081734508337,0.17410163469016673,0.5,2,0.01759586850706748,0.000234320791752461,-0.017278200203826276,-89.22302269438514,0.9820367213678111,775,0.005332455970346928,0.01867409609258175,0.003214317373931408,-0.002191298408433795,-34.28344998556295,-0.002792033599689603,0.002792033599689603,0.7295317614705185
job_000009,Rwanda,324,13.992851020408162,True,2,0.005413154962755052,0.756485466904101,0.06693708535102272,0.08715397668303643,0.17430795336607285,0.5,2,0.10613569074283184,0.0011053527551118769,-0.10561353726283733,-89.40036346547954,0.9951348192479822,774,0.011690184473991394,0.039415087550878525,0.008719882927834988,-0.003448082134127617,-21.575208467767418,-0.018967458978295326,0.018967458978295326,0.8021145173452264
job_000009,Rwanda,325,14.036038832199546,True,2,0.00536178995377821,0.7564345995587318,0.06426789134672381,0.08735723013448515,0.1747144602689703,0.5,2,0.06181769436678186,-0.0011778171493121833,-0.061804335380369224,-91.09176457488499,0.9999654296258673,757,0.006656372919678688,0.024050431326031685,0.005047184880822897,-0.0019312383374199271,-20.93868658651535,-0.03570163622498512,0.03570163622498512,0.8118610685084166
job_000009,Rwanda,326,14.07922664399093,True,2,0.005525331802629764,0.7535017200382121,0.06200881646101725,0.09045711296226777,0.18091422592453557,0.5,2,0.0863217456636312,-0.06790988936153447,-0.052308158065958864,-142.39443796737788,0.9930275557330767,759,0.01245945692062378,0.046891506761312485,0.011002717539668083,-0.0012969435192644596,-6.722708939790391,0.06269819289445877,0.0,0.8891954458931733
job_000009,Rwanda,327,14.122414455782312,True,2,0.005366305643686832,0.7563750148289323,0.06196304485982765,0.08765807307220455,0.1753161461444091,0.5,2,0.06659234916084787,0.06653022395761563,-0.0010598268189807069,-0.9126448763072589,0.99919383809146,756,0.006011703051626682,0.023599959909915924,0.005206683184951544,-0.000528566597495228,-5.796634450106431,-0.010038170032203197,0.010038170032203197,0.8705426074665426
job_000009,Rwanda,328,14.165602267573696,True,2,0.005229138591036185,0.7582026295730044,0.062200313638217056,0.08586403746011505,0.1717280749202301,0.5,2,0.04355569186546943,0.04231783617332421,0.005493882846751598,7.397011525602298,0.979733392736887,763,0.017927050590515137,0.07831071317195892,0.015485193580389023,0.002376873977482319,8.72641348263424,-0.2340570092201233,0.2340570092201233,0.8739055364055359
job_000009,Rwanda,329,14.208790079365079,True,5,0.006321657067406849,0.7734174821564119,0.0875924279907297,0.08736865347065371,0.07378963300763516,0.6,2,0.043154866573749576,-0.041085029885818324,-0.0039983112390514315,-174.44159508691772,0.9565346490759302,923,0.012431291863322258,0.05784137174487114,0.011284131556749344,0.0011734453728422523,5.9368921314054965,0.06201837211847305,0.0,0.9126148232529225
job_000009,Rwanda,330,14.251977891156463,True,3,0.005892896447345321,0.7702414962522995,0.05349013215819226,0.07375509605412149,0.08090797511070406,0.6666666666666666,3,0.02206126073597639,0.017617200475649616,-0.0007626233624957647,-2.478704679502911,0.799306050425533,864,0.04099677503108978,0.1651255339384079,0.033143240958452225,-0.002749320585280657,-4.741981461901066,0.302306592464447,0.0,0.8112120329019419
job_000009,Rwanda,331,14.295165702947845,True,2,0.005602071483931927,0.7580878525521731,0.06287735598017227,0.08320676548160179,0.16641353096320358,0.5,2,0.0758718679143297,0.010610440275849457,0.018897380369891005,60.68680096590766,0.2856445899804203,801,0.021081048995256424,0.07548484951257706,0.016742583364248276,-0.0020391547586768866,-6.9441101578324504,0.23245111107826233,0.0,0.8000695395383624
job_000009,Rwanda,332,14.338353514739229,True,4,0.006444822979766816,0.8770279833663656,0.23488479925409528,0.21986108808259588,0.16083946368706464,0.5,2,0.14679315909635032,0.14376760468652008,0.029167793405662546,11.468594364069626,0.999342021247501,959,0.03345805034041405,0.13136154413223267,0.025259826332330704,0.009228880517184734,20.070182291565402,-0.07114560902118683,0.07114560902118683,0.803781312588471
job_000009,Rwanda,333,14.381541326530613,True,4,0.006469610308807563,0.8782975758857741,0.23567051045636114,0.21737010239254187,0.15976920318960053,0.5,4,0.0614984068588588,0.029397009636451338,0.018192892153490316,31.75207255131253,0.5621473385025363,952,0.011425524950027466,0.04551958292722702,0.007385047618299723,0.0054878415539860725,36.61610368638191,-0.0987144410610199,0.0987144410610199,0.8052875759409714
job_000009,Rwanda,334,14.424729138321995,True,2,0.004893402780465267,0.9152950524404906,0.2796949929395672,0.22121260621769454,0.44242521243538907,0.5,2,0.013478730921489964,0.012141640598989017,-0.0011975302532096954,-5.632865730234277,0.9051708174730327,700,0.003887804690748453,0.008161617442965508,-0.000360888458089903,0.0017570715863257647,101.60667903375362,-0.012602508999407291,0.012602508999407291,0.46137877119013154
job_000009,Rwanda,335,14.467916950113379,True,3,0.00589105308259601,0.8413775520384642,0.20615217618195858,0.23266111046156304,0.24436399481210092,0.3333333333333333,2,0.02812891138788949,-0.026938042021053127,0.001535145046621919,176.7383561330071,0.9592176750835458,865,0.00644387723878026,0.02280247211456299,0.004297755192965269,0.0003198282793164253,4.255964872618221,-0.06089562177658081,0.06089562177658081,0.6687959773685791
job_000009,Rwanda,336,14.511104761904761,True,3,0.005831282331810137,0.842614295258748,0.20608639005827054,0.23246566187029402,0.244281897436365,0.3333333333333333,3,0.029498664157257354,0.02863639459803781,-0.0015232567004283184,-3.044866673677427,0.9721416247857322,865,0.01156176719814539,0.035494618117809296,0.007309803739190102,0.002751252381131053,20.625254494699668,-0.11294218897819519,0.11294218897819519,0.6755383750822803
job_000009,Rwanda,337,14.554292573696145,True,3,0.005826185306428326,0.842309687684561,0.21059919583482925,0.23782838791003194,0.24682201738630694,0.3333333333333333,3,0.12794535265939186,-0.0070530911743897145,0.10449257763643155,93.86152126782468,0.8185552773125016,868,0.0053686280734837055,0.016520744189620018,0.002914093667641282,0.0020518023520708084,35.14923164906526,-0.16399477422237396,0.16399477422237396,0.663849927060188
job_000009,Rwanda,338,14.597480385487527,True,2,0.004374415337624479,0.9116691535101379,0.28221655432820425,0.22488875774724718,0.44977751549449435,0.5,2,0.1572343549843861,-0.057112293696180365,-0.10183727683791208,-119.28454245647262,0.7425789261718675,629,0.005486093461513519,0.018110111355781555,0.001430060830898583,0.004715882241725922,73.13041180361027,-0.2016131728887558,0.2016131728887558,0.8982608005087176
job_000009,Rwanda,339,14.640668197278911,True,2,0.003959325118806852,0.9107810092453383,0.2806385581940817,0.2236889603745099,0.4473779207490198,0.5,2,0.05769206100144618,-0.020564697028173796,-0.03653799691785674,-119.37213388568753,0.726749898332878,563,0.0018656357424333692,0.0052744303829967976,0.00043352280044928193,0.0009518092265352607,65.51204632966353,-0.06821417063474655,0.06821417063474655,0.5606070406037447
job_000009,Rwanda,340,14.683856009070295,True,3,0.00476936498229968,0.8427310478800187,0.2115817978799616,0.2274083361478636,0.2324052749761777,0.3333333333333333,2,0.02254792809445318,-0.010306916916771438,-0.014729035959369072,-124.98312119652287,0.7972850230923981,731,0.02355707809329033,0.09239665418863297,0.01866549625992775,0.009728028438985348,27.52749207719706,-0.1507929563522339,0.1507929563522339,0.8935065448308825
job_000009,Rwanda,341,14.727043820861677,True,2,0.003452188328222548,0.910238266065714,0.279751259142931,0.223086887437397,0.446173774874794,0.5,2,0.009325456522157025,-0.0022601282080414453,-0.00581609041648812,-111.23608764399262,0.6691145510938247,526,0.003224695334210992,0.00947326235473156,0.00046412990195676684,0.0020259609445929527,77.09669747132945,-0.10580401867628098,0.10580401867628098,0.6445400114530294
job_000009,Rwanda,342,14.770231632653061,True,2,0.0033003615374108436,0.9101743462676527,0.27952698559584277,0.2231470061183941,0.4462940122367882,0.5,2,0.005906061320521978,-0.0014800425261206982,-0.005192982412990673,-105.90798601085143,0.9142771738776727,497,0.0059782713651657104,0.022761289030313492,0.0021682237274944782,0.005176785867661238,67.27431492192565,-0.24198147654533386,0.24198147654533386,0.9388187659203192
job_000009,Rwanda,343,14.813419444444444,True,2,0.003190824065180601,0.9101429419118708,0.2794300215609478,0.2232436248846196,0.4464872497692392,0.5,2,0.0030557651207731035,-0.0007271578364185989,-0.002245171284975317,-107.94591148657031,0.7723073823193952,468,0.0016636699438095093,0.003744450630620122,0.0004854878061451018,0.0014031039318069816,70.91387498083915,-0.02685481123626232,0.02685481123626232,0.8924377596475617
job_000009,Rwanda,344,14.856607256235828,True,2,0.00311538180305373,0.9101275335156357,0.2794028406489746,0.2232279528625996,0.4464559057251992,0.5,2,0.0013016066909501051,-0.00035677649772035446,-0.0006293653428091607,-119.54816253711967,0.5558185316172697,468,0.002278256695717573,0.006546520162373781,0.0005374760366976261,0.0019434677669778466,74.54094242603928,-0.06672149896621704,0.06672149896621704,0.8850712331601442
job_000009,Rwanda,345,14.89979506802721,True,3,0.0033645891311800107,0.8927761789430305,0.23100562694258542,0.19624979588709138,0.17202812751361266,0.6666666666666666,2,0.003036963367247987,0.0008927916547027097,-0.0028558549868731853,-72.63981653034688,0.9852452879002217,528,0.0017340267077088356,0.006268909201025963,0.00034445905475877225,0.0015728042926639318,77.6467251525466,-0.0618741437792778,0.0618741437792778,0.9285222701278232
job_000009,Rwanda,346,14.942982879818594,True,2,0.0027419423222188807,0.8451571596998573,0.10828368103982107,0.043176296876156574,0.08635259375231315,1.0,2,0.2064700654688309,0.0007345212640954705,0.14032072564548143,89.70008290778786,0.6796270818822202,420,0.003981213551014662,0.01182901207357645,0.0012958304723724723,0.0035537348594516516,69.96617002013942,-0.11930768936872482,0.11930768936872482,0.9501171334896702
job_000009,Rwanda,347,14.986170691609978,True,4,0.003919615889184106,0.8519659162552377,0.18673023983924925,0.20139547116184758,0.16728681056544192,0.5,2,0.22919843701915207,-0.0027621817893003562,-0.1301712091067127,-91.21561144541656,0.5680689349660732,624,0.0032796578016132116,0.008781005628407001,-0.0007031374261714518,0.0014737757155671716,115.50577878204035,0.0019812798127532005,0.0,0.49789241589575556
job_000009,Rwanda,348,15.02935850340136,True,3,0.003406238406427176,0.8926643904940551,0.23452305963987619,0.1960423478419829,0.18483249929155746,0.6666666666666666,3,0.07453571962730925,-0.0009844483511172496,0.07450405328816463,90.75702530136218,0.9996624076164281,525,0.0022218991070985794,0.005709874909371138,0.0007596255745738745,0.0010642674751579762,54.48248552164797,-0.02218935638666153,0.02218935638666153,0.5884846618419658
job_000009,Rwanda,349,15.072546315192744,True,5,0.007753226537600295,0.7553310237143791,0.3067184880815047,0.3413308895124902,0.27159708099346014,0.4,3,0.08775475498273683,-0.0016769828335426364,-0.08427323085252263,-91.1399985277506,0.9605167794607662,1170,0.010609959252178669,0.04627040773630142,0.008569080382585526,0.000753526808694005,5.0254093061251055,0.2250792682170868,0.0,0.8107615943459731
job_000009,Rwanda,350,15.115734126984126,True,4,0.00470657831735044,0.8540695934087027,0.19635811493185534,0.19482698117515154,0.1733039844700358,0.5,4,0.13206109179225917,0.05851869461275272,0.0006132551080758677,0.6004174135202317,0.44314269311289284,711,0.04973771423101425,0.1454123854637146,0.03563804179430008,0.028548158705234528,38.696771750516696,0.5192630887031555,0.0,0.9180666790800598
job_000009,Rwanda,351,15.15892193877551,True,4,0.005122529603510518,0.8544525330268261,0.1979451015871051,0.1937756605281069,0.17419449876119195,0.5,4,0.039767372798138224,0.00886684465453389,0.036746169565516906,76.43386858854618,0.9505485595698354,754,0.06452170759439468,0.22378286719322205,0.0492643304169178,0.025878367945551872,27.712777431785316,0.5419363975524902,0.0,0.8624644492919727
job_000009,Rwanda,352,15.202109750566894,True,3,0.0027099174878085293,0.8921225489208151,0.22725783542845168,0.20259687570005552,0.19935655910975836,0.6666666666666666,3,0.030854473189389595,-0.006738402207970794,-0.029563261813014472,-102.84015860232041,0.9827257725457186,432,0.002140350639820099,0.00592946307733655,-0.0005585490725934505,-0.0009684223914518952,-119.9747073292182,0.031556256115436554,0.0,0.5223223788739801
job_000009,Rwanda,353,15.245297562358276,True,3,0.002494096618490146,0.892209315070548,0.22879260370492818,0.2009865490440488,0.19593698318623884,0.6666666666666666,3,0.04195565104231038,0.002009042508376998,0.035537069668871206,86.76430105779515,0.8483675690411919,393,0.010180942714214325,0.027701744809746742,-0.0027390059549361467,-0.005572174675762653,-116.17645301557835,-0.1974562257528305,0.1974562257528305,0.6098618000005522
job_000009,Rwanda,354,15.28848537414966,True,3,0.0023374706006937746,0.8922742825461215,0.22978803747145637,0.20015450427303574,0.1937683508959879,0.6666666666666666,3,0.03002321206945281,0.0015043011645867975,0.023048951202635674,86.26585865483435,0.7693376865756222,374,0.007512529846280813,0.014355321414768696,-0.00018997721781488508,0.0019220666727051139,95.64478491978326,-0.17468586564064026,0.17468586564064026,0.2570948235298271
job_000009,Rwanda,355,15.331673185941042,True,2,0.0026288216769499956,0.910757257841766,0.2793238286220098,0.23610878172586203,0.47221756345172405,0.5,2,0.28252587075992186,0.03313394185811186,0.27712005312938665,83.18178084964535,0.9878523971033748,391,0.016987809911370277,0.04659226909279823,-0.002378999488428235,-0.00807923637330532,-106.40751103126264,-0.6180688142776489,0.6180688142776489,0.49577989477306666
job_000009,Rwanda,356,15.374860997732426,True,3,0.003717629505913546,0.7182451367389625,0.3277295331478543,0.34287711128259973,0.5274955919848846,0.3333333333333333,2,0.1660471593818772,0.03298708820826608,0.15812190637404083,78.21607593263519,0.9727725175065149,567,0.009273389354348183,0.02001209370791912,-0.002941995393484831,-0.0006197333568707108,-168.10451849999706,-0.206155925989151,0.206155925989151,0.3242137726708565
job_000009,Rwanda,357,15.418048809523809,False,,,,,,,,0,,,,,,0,,,,,,,,
job_000009,Rwanda,358,15.461236621315193,False,,,,,,,,0,,,,,,0,,,,,,,,
job_000009,Rwanda,359,15.504424433106577,False,,,,,,,,0,,,,,,0,,,,,,,,
job_000009,Rwanda,360,15.547612244897959,False,,,,,,,,0,,,,,,0,,,,,,,,
job_000009,Rwanda,361,15.590800056689343,False,,,,,,,,0,,,,,,0,,,,,,,,
job_000009,Rwanda,362,15.633987868480725,False,,,,,,,,0,,,,,,0,,,,,,,,
job_000009,Rwanda,363,15.677175680272109,False,,,,,,,,0,,,,,,0,,,,,,,,
job_000009,Rwanda,364,15.720363492063491,False,,,,,,,,0,,,,,,0,,,,,,,,
job_000009,Rwanda,365,15.763551303854875,False,,,,,,,,0,,,,,,0,,,,,,,,
job_000009,Rwanda,366,15.806739115646259,False,,,,,,,,0,,,,,,0,,,,,,,,
job_000009,Rwanda,367,15.849926927437641,False,,,,,,,,0,,,,,,0,,,,,,,,
job_000009,Rwanda,368,15.893114739229025,False,,,,,,,,0,,,,,,0,,,,,,,,
job_000009,Rwanda,369,15.936302551020407,False,,,,,,,,0,,,,,,0,,,,,,,,
job_000009,Rwanda,370,15.979490362811791,False,,,,,,,,0,,,,,,0,,,,,,,,
job_000009,Rwanda,371,16.022678174603175,False,,,,,,,,0,,,,,,0,,,,,,,,
job_000009,Rwanda,372,16.065865986394556,False,,,,,,,,0,,,,,,0,,,,,,,,
job_000009,Rwanda,373,16.10905379818594,False,,,,,,,,0,,,,,,0,,,,,,,,
job_000009,Rwanda,374,16.152241609977324,False,,,,,,,,0,,,,,,0,,,,,,,,
job_000009,Rwanda,375,16.195429421768708,False,,,,,,,,0,,,,,,0,,,,,,,,
job_000009,Rwanda,376,16.238617233560092,False,,,,,,,,0,,,,,,0,,,,,,,,
job_000009,Rwanda,377,16.281805045351472,False,,,,,,,,0,,,,,,0,,,,,,,,
job_000009,Rwanda,378,16.324992857142856,False,,,,,,,,0,,,,,,0,,,,,,,,
job_000009,Rwanda,379,16.36818066893424,False,,,,,,,,0,,,,,,0,,,,,,,,
job_000009,Rwanda,380,16.411368480725624,False,,,,,,,,0,,,,,,0,,,,,,,,
job_000009,Rwanda,381,16.454556292517008,False,,,,,,,,0,,,,,,0,,,,,,,,
job_000009,Rwanda,382,16.49774410430839,False,,,,,,,,0,,,,,,0,,,,,,,,
job_000009,Rwanda,383,16.540931916099773,False,,,,,,,,0,,,,,,0,,,,,,,,
job_000009,Rwanda,384,16.584119727891157,False,,,,,,,,0,,,,,,0,,,,,,,,
job_000009,Rwanda,385,16.62730753968254,False,,,,,,,,0,,,,,,0,,,,,,,,
job_000009,Rwanda,386,16.67049535147392,False,,,,,,,,0,,,,,,0,,,,,,,,
job_000009,Rwanda,387,16.713683163265305,False,,,,,,,,0,,,,,,0,,,,,,,,
job_000009,Rwanda,388,16.75687097505669,False,,,,,,,,0,,,,,,0,,,,,,,,
job_000009,Rwanda,389,16.800058786848073,False,,,,,,,,0,,,,,,0,,,,,,,,
job_000009,Rwanda,390,16.843246598639457,False,,,,,,,,0,,,,,,0,,,,,,,,
job_000009,Rwanda,391,16.886434410430837,False,,,,,,,,0,,,,,,0,,,,,,,,
job_000010,Rwanda,0,0.0,True,10,0.017958723745177436,0.6908638020833333,0.3585668981481481,0.2907635405816351,0.10295374396874728,0.2,0,,,,,,0,,,,,,,,
job_000010,Rwanda,1,0.03934811507936508,True,10,0.01901653946205322,0.6917010101211878,0.35819841643731226,0.2920251406521353,0.10472254368727411,0.2,10,0.05151050071624027,0.021276954084481315,-0.009364659783389373,-23.755811177432427,0.4512987806362887,2777,0.008348173461854458,0.028388839215040207,0.0005300514749251306,0.0018346358556300402,73.8852685022422,0.04086267575621605,0.0,0.22875315162149928
job_000010,Rwanda,2,0.07869623015873016,True,8,0.01345889821846218,0.6584096091085788,0.32913365948639495,0.2809739511096789,0.14925987787234304,0.25,8,0.0812721062276733,-0.021908707544974777,0.014210488414876385,147.0316363556072,0.3213129336734884,1961,0.005343922879546881,0.0132638243958354,-0.0017879341030493379,-0.0003259591176174581,-169.66785211677072,0.012443079613149166,0.0,0.3400880125161092
job_000010,Rwanda,3,0.11804434523809525,True,6,0.008875673281623852,0.6416619858323561,0.3114252430497217,0.25994651275147374,0.1575035761060333,0.3333333333333333,4,0.03408566157992335,0.018959209135296896,-0.015187715097744034,-38.69728384021281,0.712685321069444,1290,0.004270770121365786,0.011545879766345024,-0.0016791496891528368,-0.00030215480364859104,-169.79907164406623,-0.06232557073235512,0.06232557073235512,0.3994873771866483
job_000010,Rwanda,4,0.15739246031746032,True,9,0.01436629960276358,0.6928786505367481,0.2558189724759072,0.20052694203237859,0.10013067999132653,0.2222222222222222,5,0.057566092759076204,0.02990932260839136,-0.0069725812400954325,-13.122647723331555,0.5334964907243228,2110,0.0023097279481589794,0.006145441439002752,-0.0007243053987622261,-0.0004719998687505722,-146.90937611956642,-0.032527681440114975,0.032527681440114975,0.37429700553279494
job_000010,Rwanda,5,0.1967405753968254,True,9,0.016060058376010936,0.69126903841723,0.30710165419941976,0.2552022833603739,0.09746146748050388,0.2222222222222222,8,0.07049595121549505,0.02833964945846087,0.04231540097217105,56.1888211959717,0.7224338965398157,2336,0.007885905914008617,0.020382754504680634,-0.0022548313718289137,-0.003275905270129442,-124.53994237975847,-0.09597336500883102,0.09597336500883102,0.5043061490336184
job_000010,Rwanda,6,0.2360886904761905,True,8,0.014031956538736129,0.6744517108599154,0.2515970195408999,0.2076642560270956,0.11343840719644635,0.25,8,0.08927005209967086,-0.08212269597755277,0.003079585307492288,177.8524255738395,0.9205821626360522,2045,0.008944922126829624,0.026028303429484367,-0.0037086347583681345,-0.00403938302770257,-132.55563525917728,-0.13627465069293976,0.13627465069293976,0.6130478717259791
job_000010,Rwanda,7,0.27543680555555555,True,9,0.01476796086923486,0.6771286102782966,0.3168770438047702,0.26904873790538214,0.12300991765606303,0.2222222222222222,8,0.039425594971577826,-0.02454286919104431,0.006688883204413835,164.75493485288914,0.6452162426774904,2182,0.006666648667305708,0.017623957246541977,-0.0015026277396827936,-0.0030327695421874523,-116.35675334637953,0.0036754170432686806,0.0,0.5076927902395635
job_000010,Rwanda,8,0.31478492063492064,True,9,0.01155960418378424,0.6753662721583684,0.28400366704106084,0.24999492925793504,0.13174930270252158,0.2222222222222222,8,0.032111320572664095,-0.006004434006858537,-0.0044759283989871225,-143.2977842579698,0.23322417712836696,1704,0.00839255191385746,0.03130919486284256,-0.002599122002720833,-0.00255563179962337,-135.48338796812854,-0.17724184691905975,0.17724184691905975,0.43432452142843997
job_000010,Rwanda,9,0.3541330357142857,True,10,0.01168249705635456,0.7275213914552872,0.3705132275547966,0.26351088750674106,0.10529259398132503,0.2,8,0.08643552533222656,0.01991360930900634,-0.04410191639121684,-65.69910374342638,0.5598319335376878,1769,0.020450683310627937,0.044681139290332794,-0.009192512370646,0.005835530813783407,147.5920690004741,0.12402775138616562,0.0,0.5324188249331103
job_000010,Rwanda,10,0.3934811507936508,True,7,0.009460525661521134,0.7120327124500144,0.2697318021015133,0.20014144797578087,0.1425026509137301,0.2857142857142857,7,0.04704490732803378,0.030115942840198834,0.0032087643002924756,6.081750572110302,0.6437764320155933,1413,0.007122799288481474,0.018357248976826668,-0.00254994654096663,-0.0024502647574990988,-136.14206954797498,-0.02664526365697384,0.02664526365697384,0.49648820463416077
job_000010,Rwanda,11,0.4328292658730159,True,6,0.00938538772395939,0.6879884899357168,0.21025707472675392,0.1391624277310036,0.10266030123978832,0.3333333333333333,6,0.07056496498824963,-0.04224812417511593,-0.02853167227106922,-145.96743300375928,0.7224548217812671,1362,0.014083439484238625,0.039156462997198105,-0.003975029569119215,-0.0066677359864115715,-120.80165592314701,-0.11796543002128601,0.11796543002128601,0.5511937162861111
job_000010,Rwanda,12,0.472177380952381,True,7,0.009422668713653846,0.737436381214562,0.2706448800353721,0.20036020128497142,0.14289482872431256,0.2857142857142857,5,0.061153057153968716,-0.039939471971016764,-0.015664232297356768,-158.58492397934242,0.7015412777811368,1411,0.012220640666782856,0.03639201074838638,-0.0063349902629852295,-0.007391968742012978,-130.596902292596,0.051154013723134995,0.0,0.7966160187491013
job_000010,Rwanda,13,0.511525496031746,True,10,0.011441456950833463,0.6846069960258923,0.25923356377568363,0.19784883277335394,0.09494386947134753,0.2,7,0.04347509022440911,0.002037187195496307,0.006014772287032776,71.28889778722349,0.1460699194446712,1734,0.006676043383777142,0.01661488600075245,-0.0008297491003759205,-0.0016196084907278419,-117.12672674059205,-0.07413028925657272,0.07413028925657272,0.27258426694316557
job_000010,Rwanda,14,0.5508736111111111,True,8,0.010745142301265396,0.716872326163934,0.27136982028090906,0.19854232053351023,0.13193995519181492,0.25,7,0.08020202546386032,-0.018542822412977805,0.03721159211168456,116.48742878842637,0.518387160430104,1691,0.011568896472454071,0.033014263957738876,-0.004979249555617571,-0.00575168477371335,-130.88283044258083,-0.026658931747078896,0.026658931747078896,0.6575864132941966
job_000010,Rwanda,15,0.5902217261904762,True,7,0.00977062891211423,0.7081682636717707,0.27647863238550385,0.18893303799379607,0.14083108211955211,0.2857142857142857,6,0.1661325608300798,0.028956046160184323,-0.10871927139886706,-75.08617862622059,0.6772257947530868,1532,0.013857624493539333,0.0373852401971817,-0.005739050917327404,-0.0037537270691245794,-146.81260245010216,-0.18327154219150543,0.18327154219150543,0.4948637527238172
job_000010,Rwanda,16,0.6295698412698413,True,10,0.011811624302971923,0.7023140658707838,0.3053940831273949,0.24107198086633955,0.09770613076065501,0.2,7,0.07692500503863008,-0.008882311352564115,-0.051408097037364105,-99.80280419146895,0.6781903838636745,1817,0.007441122550517321,0.01934998854994774,-0.0020360052585601807,-0.002770206891000271,-126.31458644225691,-0.12319277226924896,0.12319277226924896,0.46201767466913246
job_000010,Rwanda,17,0.6689179563492064,True,8,0.009041002419386216,0.6488931558476505,0.20680205800813717,0.1517280455984435,0.06869700428106812,0.25,5,0.10257528737338673,-0.09187237262615479,-0.041507745201590035,-155.68664731646174,0.9828275397194552,1409,0.012149407528340816,0.030090536922216415,0.00237535429187119,-0.003245608415454626,-53.80082744941625,-0.013122618198394775,0.013122618198394775,0.3310428824165826
job_000010,Rwanda,18,0.7082660714285715,True,9,0.010424106368213495,0.7318643688158648,0.3224696177868784,0.22715869397987504,0.1137775000161539,0.2222222222222222,6,0.11424822565958109,0.02699620132288726,0.03149174317423347,49.39526685158533,0.36306217183917877,1597,0.013128788210451603,0.032786332070827484,0.002882181666791439,-0.0028497555758804083,-44.67587601573288,-0.4565389156341553,0.4565389156341553,0.3087228221702991
job_000010,Rwanda,19,0.7476141865079365,True,9,0.013127837900937495,0.7259092480692799,0.3372247296268799,0.2535562893508997,0.14244238447958577,0.2222222222222222,8,0.04878809454992447,0.016568423325770232,0.010482535463756154,32.32078149520839,0.40186083914656706,1989,0.005198501981794834,0.012654063291847706,0.0017797342734411359,-0.00014655991981271654,-4.7076465671793155,-0.05619572103023529,0.05619572103023529,0.3435140813495978
job_000010,Rwanda,20,0.7869623015873016,True,7,0.008665101615463477,0.7115973602334452,0.26440309673715684,0.18667008309697516,0.13614194982200914,0.2857142857142857,6,0.035976429224537754,0.01160413098235632,-0.018514955253613966,-57.922831388496824,0.6073655833870545,1354,0.018975578248500824,0.04560399055480957,0.0064431182108819485,0.0005249188398011029,4.6575829321288875,-0.14673228561878204,0.14673228561878204,0.3406729033692862
job_000010,Rwanda,21,0.8263104166666667,True,7,0.00872137927355804,0.7132628900170767,0.26552935876938155,0.18776199361968055,0.1410336728673862,0.2857142857142857,7,0.11250853903147713,0.04232807036047805,0.028623023744669827,34.06728457860804,0.454164529463674,1337,0.022310972213745117,0.06177826225757599,0.008313984610140324,3.38570425810758e-05,0.23332433416978493,-0.5806185007095337,0.5806185007095337,0.37264416217397944
job_000010,Rwanda,22,0.8656585317460318,True,7,0.008085035995537298,0.7021298937213895,0.35647164106193285,0.27518446614264136,0.17537208892082212,0.2857142857142857,6,0.08602747544891541,0.012079366880959326,-0.06056699245856222,-78.72102622324742,0.7179077362265958,1253,0.009556438773870468,0.023931488394737244,0.005915792193263769,0.002972659422084689,26.679325857953664,-0.08489111065864563,0.08489111065864563,0.6927970164596474
job_000010,Rwanda,23,0.9050066468253969,True,8,0.008936467714763184,0.676804058177435,0.251436947149538,0.20600041668697733,0.1186137660283432,0.25,6,0.0527480550327804,0.0044111002108365395,0.009913675979196861,66.01327864648147,0.20570900739412978,1384,0.01235946360975504,0.028719116002321243,0.004293298814445734,0.001962949987500906,24.570472877763788,-0.18310566246509552,0.18310566246509552,0.38195519327664623
job_000010,Rwanda,24,0.944354761904762,True,6,0.007618884728925549,0.7151316666132401,0.29555658275144875,0.18644910301668532,0.13772010893091255,0.3333333333333333,6,0.06238257802885391,0.004977672180509959,-0.010639573839474675,-64.92768827482008,0.18829605175243289,1165,0.010025590658187866,0.027713317424058914,0.0030517696868628263,0.0003099797759205103,5.799857198774293,-0.06572527438402176,0.06572527438402176,0.3059642371403581
job_000010,Rwanda,25,0.9837028769841271,True,8,0.01239613702086914,0.718444754395648,0.3419111058757409,0.22491854649422865,0.09951129310727341,0.25,5,0.07038219455510954,0.05255446046861646,0.011641622316673874,12.490209775968204,0.7648016558414676,1846,0.005260509438812733,0.013981559313833714,-0.0005904669524170458,-0.0017149411141872406,-108.99896569597112,-0.10578339546918869,0.10578339546918869,0.3447852222073503
job_000010,Rwanda,26,1.023050992063492,True,9,0.011445641465573603,0.7163970643683972,0.31450380285404533,0.22810047153747326,0.10790435502210728,0.2222222222222222,7,0.08412914060706762,-0.050448871832295704,0.04758928526069861,136.67073520974742,0.824362739885608,1735,0.008793954737484455,0.023716259747743607,-0.000991463428363204,-0.0007830176036804914,-141.6997519557571,-0.02815968543291092,0.02815968543291092,0.1436640283968576
job_000010,Rwanda,27,1.0623991071428571,True,8,0.016589802801990294,0.7115888331063842,0.3610525266984666,0.2546216106816671,0.13606656201481115,0.25,6,0.06799381030500297,0.04169733122565789,0.02616998744877513,32.11311366931827,0.7240279456213967,2439,0.00873772893100977,0.02017136663198471,-0.0005579797434620559,-0.00331708462908864,-99.54855452564703,-0.014694977551698685,0.014694977551698685,0.38496127127534785
job_000010,Rwanda,28,1.1017472222222222,True,8,0.014127044874809716,0.6555801444703827,0.2572852221723082,0.19590837407058703,0.11900302884462889,0.25,6,0.03832006043978531,0.009193721055343072,-0.0045769970264925,-26.465933263350713,0.26800648654290693,2130,0.009974328801035881,0.02457437478005886,0.0017903168918564916,0.0022048517130315304,50.923756960030474,0.02464315854012966,0.0,0.2847486885728502
job_000010,Rwanda,29,1.1410953373015873,True,6,0.012028017197109504,0.7238820718624358,0.28084147925283226,0.17140171088815154,0.13586681518805657,0.3333333333333333,6,0.07365935290848476,-0.004802679438886437,-0.06674656693427604,-94.1155650873416,0.9084946732992886,1832,0.019232038408517838,0.054650940001010895,-0.009291663765907288,-0.004230215679854155,-155.5216500967031,0.13583245873451233,0.0,0.5308483967424029
job_000010,Rwanda,30,1.1804434523809524,True,6,0.011787255349090614,0.7217852478450713,0.28209396326612063,0.16992012389557706,0.13448305900841268,0.3333333333333333,6,0.09218518165869082,-0.0532890587804632,0.03183085163703773,149.14910027136946,0.6733397741127743,1690,0.029864361509680748,0.0693746879696846,-0.018104296177625656,-0.009960629045963287,-151.1812709074305,-0.06139836832880974,0.06139836832880974,0.6919112070916479
job_000010,Rwanda,31,1.2197915674603175,True,7,0.014747759508513012,0.6865838766251694,0.33881244368426067,0.22619609893938963,0.1701996069809319,0.2857142857142857,6,0.07797325576765361,0.0454560043028071,0.050301413021939585,47.896745710078775,0.8694949049800469,2194,0.01852862723171711,0.046572133898735046,-0.007132055703550577,-0.006898317951709032,-135.95442561195668,-0.014571740292012691,0.014571740292012691,0.5355145228988276
job_000010,Rwanda,32,1.2591396825396826,True,6,0.013740019223122823,0.7509116298698916,0.27901336766643975,0.17287038593762014,0.13235133347513922,0.3333333333333333,5,0.10214366035692916,-0.0215060712775677,-0.08752688621477425,-103.8045721064494,0.8823873858612639,1965,0.0384778268635273,0.10675284266471863,-0.01743929646909237,-0.018524080514907837,-133.2722782717337,0.1617134064435959,0.0,0.6611993397695495
job_000010,Rwanda,33,1.2984877976190476,True,7,0.013280064444653792,0.7078284507081537,0.3357076700717307,0.23981814698824808,0.16826232651973322,0.2857142857142857,6,0.1893792111494723,-0.08273049578008783,-0.09240532559548696,-131.83808789864923,0.6549216296929908,1953,0.02989422343671322,0.06704127043485641,-0.010552587918937206,0.0008544036536477506,175.37107201679635,-0.18639372289180756,0.18639372289180756,0.35415271369808027
job_000010,Rwanda,34,1.3378359126984127,True,7,0.013754841163488235,0.7102322285750987,0.3344233782770546,0.2427152259614289,0.17053942400702526,0.2857142857142857,7,0.12415384861916835,0.06109003854686722,-0.032639220254532544,-28.114723855320648,0.5578774064534169,1980,0.016947655007243156,0.037241335958242416,-0.004671128466725349,-0.0003069870872423053,-176.23992214272928,-0.2438662201166153,0.2438662201166153,0.27621551233296576
job_000010,Rwanda,35,1.3771840277777778,True,8,0.014219040296303751,0.6247107693754719,0.31270547674533966,0.2141793481788166,0.14363273443185695,0.25,5,0.09806592816326788,-0.07981051410780068,0.0010382199106404757,179.25470641739716,0.8139143552751027,2093,0.018102217465639114,0.0380287729203701,-0.0060189832001924515,-0.0036327880807220936,-148.8867041408715,-0.09326944500207901,0.09326944500207901,0.3883675312224168
job_000010,Rwanda,36,1.416532142857143,True,8,0.014506341047312762,0.6251259692884539,0.3129763820951213,0.21511647651496216,0.14394789919665008,0.25,8,0.03377238921453243,0.01055196448786999,0.006884836776430314,33.123229217244216,0.3730681287878554,2167,0.01818045973777771,0.045703064650297165,-0.008509076200425625,-0.0077484105713665485,-137.6788376894469,0.04111194610595703,0.0,0.6330068421094358
job_000010,Rwanda,37,1.455880257936508,True,6,0.011102203094948549,0.6490845354747398,0.37421888141567666,0.19210739791050097,0.12213694065779439,0.3333333333333333,6,0.02748953291691847,-0.001838945586225723,0.0037837388899811444,115.92034582050044,0.15303813094055216,1620,0.012637404724955559,0.032403066754341125,-0.007504309993237257,-0.004877103958278894,-146.97987652738624,-0.005142141133546829,0.005142141133546829,0.7082075682763213
job_000010,Rwanda,38,1.495228373015873,True,8,0.011779292721904611,0.6760871703568255,0.31011767996855516,0.21005990424729182,0.1195907298091495,0.25,6,0.05323671919486722,-0.04401137774320547,-0.0030757636612275645,-176.00234703975957,0.8287273027030237,1780,0.027160190045833588,0.06575720757246017,-0.015403535217046738,-0.014904210343956947,-135.94387158307114,0.0375882126390934,0.0,0.7891594523636165
job_000010,Rwanda,39,1.5345764880952382,True,4,0.005327635257045328,0.606262155083131,0.3376477508905097,0.17736437337452424,0.08079480076684539,0.5,4,0.10683395254351165,0.005253793860397098,-0.09977815988179761,-86.98588867793003,0.9352493318703929,793,0.012034708634018898,0.03177209943532944,-0.008672964759171009,0.0005381235387176275,176.44957237506893,0.16294944286346436,0.0,0.7220484697725831
job_000010,Rwanda,40,1.5739246031746033,True,7,0.007572913503084575,0.6827994344299204,0.3155743734542872,0.22523428380414037,0.12538141273239897,0.2857142857142857,4,0.042965314674524725,0.010155239502258663,-0.020945726506787467,-64.13422848645719,0.5417793939373056,1188,0.010296720080077648,0.02428264729678631,-0.005796714220196009,-0.004073977004736662,-144.90014544826215,0.11434826254844666,0.0,0.6880966191754049
job_000010,Rwanda,41,1.6132727182539683,True,6,0.0077352346749730095,0.6802772113521548,0.3582678463262683,0.21634743986605426,0.11753848556575257,0.3333333333333333,6,0.0918138534868911,-0.027269147281871787,0.06610527347446715,112.41668224357045,0.778845816011757,1167,0.01869293302297592,0.04687505587935448,-0.012312838807702065,0.0013186465948820114,173.88719297329317,0.11585000902414322,0.0,0.662456120527123
job_000010,Rwanda,42,1.6526208333333334,True,5,0.006402898694802413,0.7670642664471516,0.20747728059363424,0.10264218313316853,0.09466243189536516,0.4,3,0.08903916853651854,-0.026557699721535807,-0.06475221010036404,-112.30066877929724,0.7860232521166971,947,0.006931251380592585,0.020520223304629326,-0.003990766126662493,0.0018417133251205087,155.2269749269718,-0.02734639309346676,0.02734639309346676,0.6341190568826119
job_000010,Rwanda,43,1.6919689484126985,True,9,0.01265745224980954,0.6846949143367177,0.33752667666571096,0.2974758660580761,0.1762284632556824,0.2222222222222222,5,0.01361505834057842,-0.0020626194361356895,0.007772068251731603,104.86303696154788,0.5906041248091963,1889,0.009157100692391396,0.02729547582566738,-0.0013501716312021017,0.0053008184768259525,104.28995105551803,0.1421475112438202,0.0,0.59735803079748
job_000010,Rwanda,44,1.7313170634920636,True,8,0.009965197207261408,0.6833870894243473,0.3741632513385708,0.2995988809744478,0.17687305194245187,0.25,7,0.09505160083397858,-0.05215911229153792,0.0029493355697936393,176.7636580094903,0.5496217879170869,1511,0.015615277923643589,0.03435365483164787,-0.0011023987317457795,0.007726045325398445,98.12049413618865,0.33488985896110535,0.0,0.49978601274571127
job_000010,Rwanda,45,1.7706651785714287,True,8,0.010081383588819435,0.7119162120747663,0.26299587713781325,0.1890632719952835,0.13378270713751694,0.25,6,0.1392384524157195,0.00847419017475791,0.11841000452806881,85.90652040551949,0.8525866904776219,1527,0.010771331377327442,0.02588912472128868,0.0006631997530348599,-0.0009461732697673142,-54.97229360100385,-0.06053514778614044,0.06053514778614044,0.10727138677052497
job_000010,Rwanda,46,1.8100132936507938,True,9,0.012928536549571802,0.6843622605581389,0.3406707960573855,0.29613183924053565,0.17767416228480049,0.2222222222222222,8,0.10730720155947548,-0.016549333338531223,-0.022430878527655417,-126.41962698998736,0.259769737634849,1977,0.008020971901714802,0.02131499908864498,0.00038494591717608273,-0.0014437398640438914,-75.07048651209432,-0.0868399515748024,0.0868399515748024,0.18628391980548312
job_000010,Rwanda,47,1.8493614087301589,True,9,0.013039526709771447,0.6844294477939286,0.34061275147557873,0.2952799778515206,0.1780245575173561,0.2222222222222222,9,0.09801749131477568,0.0017075083686749705,-0.0014751553331032,-40.82448129914603,0.023021120587950316,1997,0.017429441213607788,0.04230043292045593,-0.00012034228711854666,-0.008425048552453518,-90.81834973765827,-0.14596346020698547,0.14596346020698547,0.48342961097070564
job_000010,Rwanda,48,1.888709523809524,True,10,0.013552911839165339,0.6781205776703563,0.37893930943334453,0.3041103904252432,0.15774505370236516,0.2,9,0.03648804245328763,0.014799364490072905,-0.002746183430756092,-10.512288865655062,0.41251871239120713,2010,0.0248321071267128,0.0685073584318161,0.0005712801939807832,-0.008287012577056885,-86.05645091240662,-0.1936298906803131,0.1936298906803131,0.3345137129178275
job_000010,Rwanda,49,1.928057638888889,True,9,0.012180353293760214,0.6192556744470095,0.3322801883245828,0.2849184993697425,0.1604191342337253,0.3333333333333333,7,0.08122993451122766,0.003614450965468284,-0.0659599220539134,-86.86346092173689,0.8132332001856476,1821,0.009903871454298496,0.021640971302986145,0.0005627723294310272,-0.008119845762848854,-86.03526984176482,-0.023430977016687393,0.023430977016687393,0.8218326358111965
job_000010,Rwanda,50,1.9674057539682541,True,8,0.01168713030517167,0.7296385177031333,0.2907247778053359,0.17266954026527973,0.11607662013577806,0.375,6,0.056598251503323045,0.020977261168599496,-0.021972583260693405,-46.32753798087139,0.536735310439027,1771,0.017072655260562897,0.04421453922986984,-0.000880820385646075,-0.003689409699290991,-103.42761034742804,0.11453887075185776,0.0,0.22217384586964198
job_000010,Rwanda,51,2.006753869047619,True,7,0.011193857980914114,0.7556387443263081,0.27746922904997706,0.16811033680967338,0.11900831600969482,0.2857142857142857,7,0.09483982045370669,0.01312872424377182,-0.03021295327676493,-66.51314578320542,0.3473452444050714,1671,0.02014796808362007,0.05584114417433739,-0.006787777412682772,-0.005556636955589056,-140.69542315381995,-0.05869021266698837,0.05869021266698837,0.43538498036095813
job_000010,Rwanda,52,2.046101984126984,True,9,0.012924300509502525,0.7290557678907701,0.3188206077454465,0.20980976781663316,0.11692659401626096,0.2222222222222222,7,0.0326317995346773,0.004787588477759862,-0.010376139681059734,-65.23122856780424,0.3501918905420311,1968,0.011938853189349174,0.033964578062295914,-0.004098308272659779,-0.0040957131423056126,-135.01814615853178,-0.10985001921653748,0.10985001921653748,0.48531029793262076
job_000010,Rwanda,53,2.085450099206349,True,8,0.012324401642068087,0.7180141235485764,0.35854771570931415,0.2834850191404554,0.16573545799901265,0.25,7,0.07887163778030544,-0.033733061483276254,0.007465183745808008,167.5214623099505,0.438043612611619,1784,0.021630793809890747,0.05784493312239647,-0.0026910423766821623,-0.012428087182343006,-102.217593210982,-0.4131346344947815,0.4131346344947815,0.587869989484981
job_000010,Rwanda,54,2.1247982142857142,True,8,0.011749769835660463,0.7294315537719104,0.35268657021345434,0.26705730057660076,0.15594698425322776,0.25,7,0.06409498697529448,0.008976109269427176,-0.04877353124623483,-79.57216948663459,0.7737363189903114,1721,0.0218846146017313,0.06964810192584991,-0.008400586433708668,-0.011130372062325478,-127.04347711897307,-0.2687700688838959,0.2687700688838959,0.6371925554369459
job_000010,Rwanda,55,2.1641463293650793,True,8,0.011135013012372899,0.7283209078058451,0.35347073568854553,0.2667089340294309,0.15534277795444995,0.25,8,0.05350541354035957,-0.028226154259870833,0.01992892095363377,144.77620681612086,0.6457764310212787,1666,0.009627977386116982,0.03365674614906311,-0.0033845300786197186,-0.00341591308824718,-134.73559057970036,-0.21406204998493195,0.21406204998493195,0.49944972756063555
job_000010,Rwanda,56,2.2034944444444444,True,7,0.009983603788160714,0.7429455800934054,0.3605711443656026,0.28391960113658815,0.16826521237018807,0.2857142857142857,7,0.08506998364601892,0.003066664461348119,0.010920661903993972,74.31456462072444,0.13333812623110808,1484,0.02042754366993904,0.06276440620422363,-0.003936550579965115,-0.011413710191845894,-109.02914327519531,0.07604002207517624,0.0,0.5910398365586831
job_000010,Rwanda,57,2.2428425595238095,True,8,0.01052991258127251,0.7306359917659899,0.3499609246660857,0.2691667318343662,0.1528122996499266,0.25,7,0.1338167501126044,0.06287354196729666,-0.036798260044346394,-30.339336229641255,0.5444048834974619,1589,0.021165404468774796,0.06297077238559723,0.0032522487454116344,-0.013639960438013077,-76.58906210455768,-0.19467593729496002,0.19467593729496002,0.6625116282762242
job_000010,Rwanda,58,2.2821906746031746,True,7,0.009833577996931131,0.7575651029851171,0.2714034005075455,0.17088774111412505,0.11608273490410578,0.2857142857142857,7,0.059179553220475314,0.03373421180314897,-0.021237011405406597,-32.19202672551133,0.6735833114957364,1459,0.009279908612370491,0.02814001403748989,0.0007667219033464789,-0.001533718896098435,-63.439059622457535,-0.1855456680059433,0.1855456680059433,0.18477427086862766
job_000010,Rwanda,59,2.3215387896825397,True,9,0.012211437448915743,0.7171343444581981,0.3899634043966289,0.28354919141802915,0.12947968981679936,0.2222222222222222,7,0.11541462442259728,-0.03555905934375181,-0.05949182768544141,-120.86732429364444,0.6005209910738124,1837,0.0199260450899601,0.04812273010611534,-0.002360936254262924,0.0030335434712469578,127.89279132119236,-0.27121883630752563,0.27121883630752563,0.19291380132161978
job_000010,Rwanda,60,2.3608869047619048,True,8,0.012475803137673819,0.7382436316647105,0.32886058501245985,0.22487630076212262,0.13502709616439607,0.25,7,0.050241047958098854,0.010013146753792982,-0.004382248759021093,-23.6365673494955,0.21755329978551277,1886,0.02065996825695038,0.05492911860346794,0.0007940031355246902,0.009161502122879028,85.0467035097522,-0.18317675590515137,0.18317675590515137,0.445104499438168
job_000010,Rwanda,61,2.40023501984127,True,8,0.011963001479629658,0.7293185709725,0.2832422190096584,0.17478699287354751,0.11571468932101188,0.375,6,0.09642304086928837,-0.04873334597686375,0.01889300240933585,158.80962408633485,0.542063727788283,1765,0.011126985773444176,0.03778578341007233,0.0032177185639739037,0.007132756523787975,65.71898264656095,-0.11523966491222382,0.11523966491222382,0.7032412593158227
job_000010,Rwanda,62,2.439583134920635,True,9,0.01360237238170672,0.7154227972805842,0.3357552675700029,0.22116180050391668,0.13253423429320652,0.3333333333333333,7,0.06978558440831822,-0.015995746774800118,0.05653406997772774,105.7983273795705,0.8419134952674626,2028,0.03754759207367897,0.12582047283649445,0.012089286930859089,0.02463308535516262,63.85937910146025,-0.3297031819820404,0.3297031819820404,0.7307991315068602
job_000010,Rwanda,63,2.47893125,True,8,0.012659332368151439,0.7308988993716559,0.2849029935270871,0.17903687501700521,0.11742584829277192,0.375,8,0.11572615572290856,0.05393604255029208,-0.02960735478164174,-28.76390247848654,0.5316687325792305,1873,0.03963824361562729,0.12286695092916489,0.018550651147961617,0.02200864441692829,49.87312323367687,-0.4858126640319824,0.4858126640319824,0.7261623223656719
job_000010,Rwanda,64,2.518279365079365,True,8,0.012201289854165192,0.7292874909918992,0.285817170144245,0.17871406686370295,0.11823987255119789,0.375,8,0.06445173026778772,-0.040952619369609006,0.02323304725814608,150.433095038765,0.7305293012291465,1825,0.01388193666934967,0.04346505180001259,0.006013174541294575,0.008024289272725582,53.15315206371466,-0.12839069962501526,0.12839069962501526,0.7223298299947257
job_000010,Rwanda,65,2.55762748015873,True,9,0.015325578986341704,0.6954136595001402,0.27649016154651634,0.1986770037120743,0.1310627103566582,0.3333333333333333,8,0.08862416726408777,0.02928636834247398,0.038312800878101974,52.60564403797397,0.5441414397266543,2259,0.020130468532443047,0.06833705306053162,0.0038151717744767666,0.014274140819907188,75.03585657662587,-0.03645731508731842,0.03645731508731842,0.733972150281104
job_000010,Rwanda,66,2.5969755952380953,True,7,0.014671336714278848,0.679675133003359,0.3213276076914903,0.19764372641789513,0.1508002872503745,0.42857142857142855,7,0.12126725210462153,-0.008817334165076598,0.04545955713686501,100.9767911444404,0.3818571518887093,2145,0.019207917153835297,0.0596747100353241,0.007486703339964151,0.01071262825280428,55.05156737183202,-0.032403863966464996,0.032403863966464996,0.6804211588091785
job_000010,Rwanda,67,2.6363237103174604,True,8,0.014998185930531135,0.6952305986895506,0.30860885116974346,0.19306158928813444,0.12338790379524366,0.375,7,0.04012612272303345,0.015507260884946122,0.002530914534048492,9.269423389922041,0.3915762520984048,2306,0.011078803800046444,0.029484571889042854,0.0019110593711957335,0.002100145211443305,47.698891659990664,-0.028374124318361282,0.028374124318361282,0.25630019494957623
job_000010,Rwanda,68,2.6756718253968255,True,9,0.015439059746095387,0.6557321234198379,0.3388382487656888,0.2827444762862114,0.17999822730849352,0.3333333333333333,7,0.043243171413488095,0.020439135503635353,-0.02107115049123589,-45.87228966852353,0.678849531933058,2242,0.031205669045448303,0.08778009563684464,-0.00026250671362504363,-0.006299998145550489,-92.38600568361377,-0.19241510331630707,0.19241510331630707,0.20206151632061123
job_000010,Rwanda,69,2.7150199404761906,True,8,0.01497803552899795,0.6839919923895917,0.4400342098941493,0.2889957554110105,0.1609536005580989,0.375,6,0.06207356940761674,0.01771003598122767,-0.01201621719602034,-34.15679868754647,0.34478037864205396,2189,0.023520970717072487,0.06034316122531891,0.0009384556324221194,-0.001979106804355979,-64.63056218431025,-0.05295587703585625,0.05295587703585625,0.09312259917152683
job_000010,Rwanda,70,2.7543680555555556,True,9,0.016632135148608316,0.7128150623098048,0.4326211875164303,0.26901965791598514,0.1261359535288532,0.3333333333333333,7,0.05093712402575936,0.00013755537876207417,0.007914797884426434,89.0043271606552,0.15540714692338128,2494,0.011150669306516647,0.0334106981754303,-0.0003993935533799231,-0.0007774346158839762,-117.19104627796312,0.008511844091117382,0.0,0.07838319194190957
job_000010,Rwanda,71,2.7937161706349207,True,10,0.016347644351802783,0.7108656741774417,0.3907497105496912,0.27999000666463,0.13391518347217066,0.3,9,0.08520745701014178,-0.012981863914690249,-0.05395846592539688,-103.52768900056645,0.651329749646028,2417,0.019236154854297638,0.05633430927991867,-0.00031503726495429873,0.004109139088541269,94.38414556578236,0.2757948935031891,0.0,0.21424229422663255
job_000010,Rwanda,72,2.833064285714286,True,10,0.01564918018783239,0.7115736457917649,0.3901743063076581,0.28015669385896325,0.1340571935421168,0.3,10,0.035184489747796095,0.017992516614710796,-0.014623425820335056,-39.102501130618464,0.6589741374074121,2337,0.017837636172771454,0.051091279834508896,0.00037861568853259087,0.010421999730169773,87.91944483800243,0.171655535697937,0.0,0.5846556479167213
job_000010,Rwanda,73,2.872412400793651,True,8,0.011046974595480647,0.7323375151208269,0.3419333408067255,0.23865286446122855,0.10744018426821036,0.375,8,0.18350236332585224,-0.0009975728560283254,0.07085891655828483,90.80657370318862,0.38618542556804725,1663,0.008983870968222618,0.027448225766420364,0.000790060730651021,0.0064447964541614056,83.01104235490352,-0.10372135788202286,0.10372135788202286,0.7227443765317814
job_000010,Rwanda,74,2.911760515873016,True,7,0.011245258627744023,0.6942425853917923,0.43737246949265185,0.3143198462804467,0.19125737924252376,0.2857142857142857,6,0.09467275582600816,0.010320637820350833,0.03791931821200881,74.77441167454212,0.41510074005060565,1638,0.0278179831802845,0.09073441475629807,-0.0007964441319927573,0.01808670163154602,92.52137883214657,0.05297718197107315,0.0,0.6508102563493349
job_000010,Rwanda,75,2.951108630952381,True,1,0.0012746471559161783,0.8321552992474976,0.19169195477412937,0.0,,1.0,1,0.16709731643615208,-0.029484218144317453,0.16447551197847612,100.1630141975143,1.0,210,0.009152709506452084,0.016117390245199203,0.0003140619955956936,-0.008183691650629044,-87.80226313635401,-0.005328505299985409,0.005328505299985409,0.8947859361598774
job_000010,Rwanda,76,2.990456746031746,True,5,0.006347020254999327,0.7189493586089223,0.3904819274780316,0.289807019543703,0.1678358112909978,0.4,1,0.026548555354182726,-0.004584983174044625,-0.026149640928468443,-99.9449444558358,1.0,963,0.021762732416391373,0.0610613115131855,0.009741122834384441,0.011623426340520382,50.03498986712974,-0.09881165623664856,0.09881165623664856,0.6968581315199555
job_000010,Rwanda,77,3.0298048611111112,True,2,0.0028373063279690173,0.8323594779464976,0.4051587387203512,0.2149347408391332,0.42986948167826644,0.5,2,0.12067325606012096,-0.11960575300291848,-0.011648348470263113,-174.43753266096175,0.9958430882890431,424,0.09056118130683899,0.18063102662563324,0.03831068426370621,0.08000591397285461,64.41265601666485,1.2675117254257202,0.0,0.9795084064351692
job_000010,Rwanda,78,3.0691529761904763,True,8,0.008183986230883735,0.6279007580086406,0.3800165157775948,0.3181899096435215,0.1950020723237393,0.25,1,0.19738926624587066,0.051862418868580604,-0.19045422530934594,-74.7671844074904,1.0,1239,0.008800565265119076,0.02986191399395466,-0.0010756965493783355,-0.004817032255232334,-102.58824365435768,-0.040549688041210175,0.040549688041210175,0.5608365381010222
job_000010,Rwanda,79,3.1085010912698414,True,11,0.013149383153283506,0.667306464023001,0.396543201529741,0.2938550970682527,0.14731641485331723,0.18181818181818182,7,0.021487984006992526,0.0168329433815514,0.00602234832839782,19.68576456995761,0.8319917768123515,1960,0.01787279173731804,0.06433278322219849,0.007544513326138258,0.00656959880143404,41.048642408345884,-0.2518406808376312,0.2518406808376312,0.5597315096652338
job_000010,Rwanda,80,3.1478492063492065,True,1,0.0009789661862382305,0.8314308772780257,0.18747638431637986,0.0,,1.0,1,0.11582565562294268,-0.05449741965270701,0.10220378540778838,118.06756964357854,1.0,162,0.0028951994609087706,0.004049357958137989,0.0007689574267715216,-0.002257706830278039,-71.19155558152595,-0.02207704447209835,0.02207704447209835,0.8237999344394956
job_000010,Rwanda,81,3.1871973214285716,True,7,0.006529161615974157,0.7022668565328224,0.3214242329670668,0.23738523585442084,0.16791641858826853,0.2857142857142857,1,0.1707621372953155,-0.0005663450810846102,0.17076119813035195,90.19002597939277,1.0,1022,0.00725447665899992,0.017312828451395035,0.0023942182306200266,-0.0035496975760906935,-56.000920978968445,0.12454845011234283,0.0,0.5902097018881511
job_000010,Rwanda,82,3.2265454365079367,True,9,0.00950152478131056,0.6915260989853271,0.4175501498423417,0.29945583215414523,0.15328328752379689,0.2222222222222222,7,0.05165681583099248,0.004409387135219282,-0.0019929541326718925,-24.322009701085122,0.0936732046644774,1492,0.012609042227268219,0.03060811012983322,0.001829815562814474,0.001701568835414946,42.92014474017782,0.06194372847676277,0.0,0.19816826070304905
job_000010,Rwanda,83,3.2658935515873018,True,10,0.01052132236147505,0.6749976322806062,0.38672157479869584,0.3017069271239576,0.16280444645364459,0.2,7,0.06470249340915006,-0.004082194722753999,-0.02569139423033507,-99.02844916663952,0.4020508069887683,1626,0.015060162171721458,0.03489059954881668,0.0014748024987056851,0.0019457926973700523,52.83989927811283,-0.17728348076343536,0.17728348076343536,0.1621195673194371
job_000010,Rwanda,84,3.305241666666667,True,10,0.010973475989544864,0.6595305810237699,0.4026737435963453,0.30617574267321596,0.16764774498321822,0.2,9,0.06087392893728416,-0.0187630895788101,0.010802056285223106,150.0706318027127,0.35565893643196067,1683,0.02031075768172741,0.04464195668697357,0.00439372519031167,-0.012351800687611103,-70.41874622051348,-0.14795224368572235,0.14795224368572235,0.6454701893641255
job_000010,Rwanda,85,3.344589781746032,True,12,0.011950821587266638,0.6637620076027311,0.38752050734438725,0.2815283630073468,0.143280870271253,0.25,10,0.04023492448483228,-0.01116490187004701,-0.009873019545492584,-138.5139676775161,0.370426400660434,1863,0.010047929361462593,0.027264175936579704,0.002141671720892191,-0.005566803272813559,-68.95716745691256,0.018649062141776085,0.0,0.5936115321856718
job_000010,Rwanda,86,3.383937896825397,True,10,0.012497612940560255,0.6356368832248069,0.3671170613162988,0.2852451986623962,0.18724308666293418,0.2,10,0.04893363903221085,0.018746019405742845,0.01433778603594236,37.41036052858011,0.48229679171058065,1887,0.016605911776423454,0.030408844351768494,0.0036803383845835924,-0.01359232421964407,-74.84952972085803,-0.006477030459791422,0.006477030459791422,0.8479972325210389
job_000010,Rwanda,87,3.423286011904762,True,8,0.009525852986451295,0.6604990709002848,0.292901642914992,0.24330595370125008,0.167412711210139,0.25,7,0.02977994814311945,0.009310375949465866,-0.00026977241214827866,-1.6597071026364192,0.3127703068644421,1442,0.014514362439513206,0.03557763248682022,0.0015839565312489867,-0.009975839406251907,-80.97793269169114,0.0319354385137558,0.0,0.6959180227915482
job_000010,Rwanda,88,3.462634126984127,True,3,0.005043046503440865,0.782073682501137,0.2523844471942797,0.07872269222894492,0.13266625928085854,0.3333333333333333,3,0.07760491037319651,0.057478270276957816,-0.0017822367719588321,-1.7760092241022385,0.7410084541650871,751,0.004287623800337315,0.011191747151315212,0.0014143422013148665,-0.0023297590669244528,-58.739042378009685,-0.008521917276084423,0.008521917276084423,0.6356578307265415
job_000010,Rwanda,89,3.5019822420634923,True,10,0.010807463397100541,0.6505554108144785,0.31354272710145964,0.2300603439834286,0.14170206594931037,0.3,3,0.04494286038267192,-0.044449774658598284,0.006626672500292199,171.52066731126882,0.9999590449138278,1582,0.008178960531949997,0.018695136532187462,-3.566475061234087e-05,-0.0034221187233924866,-90.59710544110006,-0.002832926344126463,0.002832926344126463,0.41842781255870426
job_000010,Rwanda,90,3.5413303571428574,True,10,0.016530775560231043,0.6866353332654398,0.3815621603791328,0.23847516161516846,0.10994807875024981,0.3,9,0.061185621001525664,0.01684994440838743,0.007272039831891851,23.34389217843873,0.299942996447461,2477,0.052875567227602005,0.2081129401922226,0.013555388897657394,0.043740686029195786,72.78161157387596,0.32485201954841614,0.0,0.8660516243324957
job_000010,Rwanda,91,3.5806784722222225,True,10,0.011285563716502514,0.650774177952925,0.31376721137451746,0.229300795665554,0.144627156175939,0.3,9,0.028817925753425858,-0.011173055560678153,0.01092554364463465,135.64170561553783,0.5422683639020989,1682,0.0028506715316325426,0.006619993597269058,0.0007700821734033525,-0.001901734620332718,-67.95516753781548,0.02292337827384472,0.0,0.7197378233896066
job_000010,Rwanda,92,3.6200265873015876,True,8,0.007832748495877393,0.6870465636060145,0.3159169854603867,0.29755518000147557,0.12748663043131422,0.375,6,0.07632799286511674,-0.02751997326536706,-0.043272726882886386,-122.45496411560332,0.6718679800717416,1179,0.02115197665989399,0.067894846200943,8.559479465475306e-05,0.014230912551283836,89.65538672758497,0.1644568294286728,0.0,0.6728056763517877
job_000010,Rwanda,93,3.6593747023809526,True,7,0.00912436188464935,0.6977370062376228,0.2827977436691448,0.2418142517678705,0.18666047938707137,0.2857142857142857,6,0.06454752079762147,0.0005215875596965479,0.01432799280673469,87.9151598176239,0.2221229144810259,1359,0.005706365220248699,0.014955871738493443,0.0023972871713340282,-0.0022375595290213823,-43.026234754699786,0.02278568409383297,0.0,0.5746700383037135
job_000010,Rwanda,94,3.6987228174603177,True,8,0.007790177786143759,0.6883081191326272,0.30161423745196214,0.30106359216640227,0.1305261697447429,0.375,6,0.04765765194425806,-0.0025094484950369815,-0.005842455960228299,-113.24446398897939,0.13342215423006262,1179,0.005427897442132235,0.009696971625089645,0.0014267894439399242,0.00047112395986914635,18.273153808435964,0.12742935121059418,0.0,0.2768216974415925
job_000010,Rwanda,95,3.738070932539683,True,7,0.008873525644992454,0.6603642575963462,0.2936684405887703,0.2437919894953112,0.18664920668284313,0.2857142857142857,6,0.04339788618406776,0.0032639747479878425,0.027050772374774244,83.1198914872158,0.6278411352716624,1337,0.010875435546040535,0.02890719473361969,0.0038110630121082067,0.0008830571314319968,13.04572189640615,0.18064546585083008,0.0,0.35971263640889123
job_000010,Rwanda,96,3.777419047619048,True,8,0.010222021650995472,0.6196091745340815,0.31265269111301836,0.24438636500109487,0.16596208640581875,0.375,6,0.1180057489293197,0.018884701022025337,0.021923540298663693,49.25874515553386,0.2452056770797717,1534,0.01165809016674757,0.03677758201956749,0.0017235113773494959,0.004573620390146971,69.35171269194639,0.0573340579867363,0.0,0.4192441239458559
job_000010,Rwanda,97,3.816767162698413,True,9,0.011765903302028419,0.6399822607284222,0.30630031283545456,0.23681561544839103,0.14453777549530664,0.3333333333333333,8,0.055056202059278525,0.0096288350622167,0.03351580257137565,73.97104426851163,0.6333805639593525,1749,0.0056037940084934235,0.01559356227517128,0.0008395095355808735,0.002137301955372095,68.55562658017794,-0.003156239865347743,0.003156239865347743,0.4097698167932921
job_000010,Rwanda,98,3.856115277777778,True,9,0.018299120765085726,0.682474214598787,0.3910356120841979,0.26037228616473745,0.10798342842301495,0.3333333333333333,7,0.03474107016885093,-0.006841785267804846,0.009510234468171893,125.73172691194547,0.33722536901449274,2634,0.05628269910812378,0.22178322076797485,0.006717036012560129,0.04613722860813141,81.71660819976815,0.10534311085939407,0.0,0.8283828963825035
job_000010,Rwanda,99,3.895463392857143,True,7,0.01456835713357356,0.6823012851105796,0.41124681736563273,0.27868433913260465,0.13919496606466208,0.2857142857142857,7,0.06107531086723037,0.03244985057761639,-0.010588071985194581,-18.071003051046322,0.5588766025200262,2120,0.04334769770503044,0.1736128181219101,0.007443318143486977,0.035491202026605606,78.15542728865474,-0.10714755952358246,0.10714755952358246,0.8365685449924278
job_000010,Rwanda,100,3.9348115079365082,True,6,0.013090667169064932,0.7343230101178769,0.40819881879521863,0.28690637026645843,0.13614604457791293,0.3333333333333333,5,0.13448523031030463,-0.005436130068579272,0.006908388264359022,128.1987941250618,0.06536593641255065,1899,0.021120116114616394,0.06452371180057526,0.002984302584081888,0.015512258745729923,79.11028461072698,-0.1620955765247345,0.1620955765247345,0.7479464514723779
job_000010,Rwanda,101,3.9741596230158733,True,8,0.012530751863148996,0.6853642275158489,0.4487381573525354,0.31263218936136383,0.15504970336216914,0.25,6,0.14142527258159257,0.04661132203732541,0.05362993389205106,49.00515350219212,0.5024194230719744,1911,0.022996535524725914,0.09494858235120773,0.0015838698018342257,0.017876114696264267,84.93666849984625,-0.26099494099617004,0.26099494099617004,0.780384722548694
job_000010,Rwanda,102,4.013507738095238,True,8,0.012311620543503094,0.6969865556752544,0.44219991444522944,0.32149874799476874,0.14690074077795043,0.25,7,0.10357807465550424,-0.005897041748737378,0.06475924244454585,95.20306152385739,0.6278083816004807,1822,0.024662358686327934,0.07828126847743988,0.00010527187987463549,0.014276906847953796,89.57753278259669,-0.018659139052033424,0.018659139052033424,0.5789103604992443
job_000010,Rwanda,103,4.052855853174603,True,6,0.009604288731605841,0.6383615762565533,0.4129489158765727,0.3114551012776849,0.21563115174209804,0.3333333333333333,6,0.06514679691966083,0.014437527980032623,-0.018793395940967392,-52.467684340787144,0.36377563440810406,1423,0.005601997021585703,0.013431980274617672,-0.0003417371481191367,-0.0024836277589201927,-97.8344725766266,-0.06038088724017143,0.06038088724017143,0.4475240410642016
job_000010,Rwanda,104,4.092203968253968,True,7,0.010149830848191689,0.677694057253207,0.46920526959892067,0.33202280295613895,0.1673677458388832,0.2857142857142857,6,0.043445033169447006,0.008675681758408658,0.02592963183347488,71.50050015635179,0.6293588809635041,1472,0.018108123913407326,0.024088149890303612,-0.0008958277758210897,0.004859826061874628,100.44427875264101,-0.06279715150594711,0.06279715150594711,0.2728997123759858
job_000010,Rwanda,105,4.131552083333333,True,6,0.009248441157425234,0.6393097669915235,0.4142277530029613,0.3110132391860719,0.2170318186884808,0.3333333333333333,6,0.030053937559024132,0.0154218063438192,0.006570962510350279,23.078007528777277,0.557775256209973,1379,0.008686617948114872,0.021295074373483658,0.0011918583186343312,-0.003276356728747487,-70.00985271731784,-0.1639210730791092,0.1639210730791092,0.4013538832261472
job_000010,Rwanda,106,4.170900198412698,True,7,0.009415001723903646,0.6541463952162428,0.40116862403525416,0.2929853948424814,0.1983057353062381,0.42857142857142855,6,0.07726533167535345,0.0023496654753434572,-0.03372372045563474,-86.01441655767769,0.4375245130346201,1420,0.004337680991739035,0.010389724746346474,0.00018007845210377127,-0.001991281984373927,-84.8326024476722,-0.02712126635015011,0.02712126635015011,0.46093937376469246
job_000010,Rwanda,107,4.210248313492063,True,9,0.012028664423607312,0.6980808787533523,0.42723185486755816,0.309018299926303,0.1386293426909152,0.3333333333333333,7,0.0682633698294875,-0.029446502311575175,-0.012653608825278011,-156.74606942466903,0.4695068818583975,1838,0.02330373227596283,0.07217065244913101,0.0010930168209597468,0.012240764684975147,84.89741029994505,-0.11329860985279083,0.11329860985279083,0.5273604728654173
job_000010,Rwanda,108,4.2495964285714285,True,5,0.007486129917472713,0.6757770536333053,0.41541522072489345,0.2984045083499129,0.1930522171180317,0.2,4,0.11226020214529639,0.019742032636848178,-0.04667319777735519,-67.07239807208789,0.4514224209387726,1133,0.01631595566868782,0.028782567009329796,-0.0023561769630759954,0.00019280087144579738,175.32203245068575,-0.11911918222904205,0.11911918222904205,0.14489203636124975
job_000010,Rwanda,109,4.288944543650794,True,6,0.007478898872841084,0.6678060938271501,0.3955904323127346,0.27655912200530514,0.15411627255099317,0.3333333333333333,5,0.036114467533222006,0.004305798866753135,0.028778953295991994,81.49073942578568,0.8057513042091309,1101,0.008008423261344433,0.020725730806589127,-0.0009073819383047521,0.0022730017080903053,111.76187678853869,-0.008951912634074688,0.008951912634074688,0.3056060848412107
job_000010,Rwanda,110,4.328292658730159,True,9,0.011746029531421873,0.6673520770004526,0.4333369483020372,0.28591054514719244,0.14337216356040874,0.3333333333333333,5,0.057931749478762284,-0.00566891432492291,0.05177681637687642,96.24828400170826,0.8990964362507352,1766,0.013032577931880951,0.031332142651081085,-0.0003930623352061957,0.003370389575138688,96.65191297041254,-0.0262562595307827,0.0262562595307827,0.26036537734290655
job_000010,Rwanda,111,4.367640773809524,True,10,0.012604941944237032,0.680372350191775,0.41415486228712234,0.27971523656353764,0.1252142853251727,0.3,9,0.06358196578501246,-0.006309015571265051,0.03476332837661536,100.28635505531703,0.555679353155534,1885,0.011796778999269009,0.034231312572956085,-0.0007116317865438759,0.004850565455853939,98.34638371775263,-0.0035168190952390432,0.0035168190952390432,0.41557866584810643
job_000010,Rwanda,112,4.406988888888889,True,8,0.012012039993064492,0.6583040957987858,0.44859877606015486,0.2974832950931825,0.15603076783003839,0.25,8,0.05594834417549768,0.012766883362549835,0.03567539064594859,70.30961768980292,0.6772494594147931,1838,0.0047726696357131,0.014684317633509636,0.00010087385453516617,0.002159747527912259,87.32586850173055,-0.016652772203087807,0.016652772203087807,0.4530173116423197
job_000010,Rwanda,113,4.446337003968254,True,8,0.010919423429144783,0.6490148781845557,0.4504973491111895,0.29218258401371483,0.15056349348578008,0.375,7,0.024926679605016218,-4.534637509787772e-05,0.0013969603071548127,91.85921096933394,0.05607229378847896,1642,0.01635397970676422,0.037834592163562775,0.00042305601527914405,0.007263784296810627,86.66675504814144,-0.04190555587410927,0.04190555587410927,0.44491272299034945
job_000010,Rwanda,114,4.485685119047619,True,6,0.010017336984595598,0.6990021346187548,0.5142979016886692,0.29804839370921804,0.15841993393067702,0.16666666666666666,5,0.07561929375186398,-0.07080369745178751,0.02025618205668287,164.03473961429933,0.973881831409857,1418,0.011497510597109795,0.025081651285290718,-0.002669278997927904,0.004869129043072462,118.73175640314163,0.11109969764947891,0.0,0.4829557809715539
job_000010,Rwanda,115,4.525033234126984,True,4,0.006593966320591897,0.7393339662589316,0.36781354225767726,0.22197468730922815,0.1914453613429107,0.5,3,0.2329253589785506,0.03926946727954976,-0.08009764372102991,-63.88267523344509,0.3829813727446524,979,0.010407984256744385,0.029973508790135384,-0.0011331314453855157,0.008749568834900856,97.37913965953919,-0.09346682578325272,0.09346682578325272,0.8476798008599423
job_000010,Rwanda,116,4.564381349206349,True,7,0.009921575257361702,0.6695512212325285,0.440975896836255,0.27417242942042924,0.19846565012686276,0.2857142857142857,3,0.1721150568129444,-0.08018292666835292,0.08265559591700357,134.13004231180796,0.6690727690214301,1491,0.017777694389224052,0.04517402499914169,-0.003941323142498732,0.011160838417708874,109.4500940882589,-0.3055870532989502,0.3055870532989502,0.6657958168351465
job_000010,Rwanda,117,4.603729464285714,True,8,0.009447357404891603,0.6071298916042949,0.37348515225458295,0.3012323358399569,0.21226848723052888,0.25,6,0.15085099702424334,0.09324646213516663,-0.08388245153381522,-41.97384634487644,0.8314426621534241,1471,0.008485129103064537,0.020086532458662987,-0.0017092995112761855,0.005160048604011536,108.32778648289617,-0.11784614622592926,0.11784614622592926,0.6406254206917705
job_000010,Rwanda,118,4.643077579365079,True,9,0.009264251534206807,0.627405783516346,0.35622552069901453,0.293215807931646,0.18206109130863232,0.2222222222222222,8,0.0695372377330886,-0.03243817217672211,-0.014253980949676956,-156.27835389599105,0.5095367675422424,1401,0.005976053420454264,0.016169754788279533,0.0006215106113813818,0.00526719493791461,83.27041534942161,0.07667947560548782,0.0,0.8874981284067907
job_000010,Rwanda,119,4.6824256944444445,True,8,0.008735883405492735,0.6942816424618177,0.3584222557441044,0.2937288937103633,0.17935912683779276,0.25,6,0.07524156505231522,0.06397198298367851,-0.0259831248947756,-22.10522525565055,0.9176757031136482,1357,0.00731278583407402,0.020267080515623093,-0.0012858887203037739,0.0031473820563405752,112.22287208565395,-0.008821983821690083,0.008821983821690083,0.46492951099721247
job_000010,Rwanda,120,4.7217738095238095,True,7,0.007131651759033902,0.6865610272899402,0.3071210813593535,0.2782285840872432,0.1800656015421012,0.2857142857142857,5,0.02688782859808238,0.02118013922833011,-0.011877921369426345,-29.283912666797434,0.9031371111626947,1083,0.009597042575478554,0.021182937547564507,0.0015793683705851436,0.007604839280247688,78.26762545660888,-0.050925981253385544,0.050925981253385544,0.8093231965369162
job_000010,Rwanda,121,4.761121924603175,True,6,0.006022331206880866,0.6411352037289438,0.3325938283919751,0.2815614559413128,0.1834627883752431,0.3333333333333333,5,0.020979598400501946,0.014129809295507037,0.0050723697670066,19.74730548721966,0.7155845351875788,934,0.0069946120493113995,0.020939745008945465,0.0010479023912921548,0.004278374835848808,76.23748242998492,0.006661432329565287,0.0,0.6297471764701028
job_000010,Rwanda,122,4.80047003968254,True,8,0.00852231515776412,0.6885080872299854,0.38298785977777383,0.2868795508839971,0.1749004144560249,0.25,6,0.10633995660531233,-0.0015426469140812718,0.06133428182060626,91.44076891607146,0.5769579058089661,1314,0.014640375971794128,0.04380355775356293,0.005683833733201027,0.009862938895821571,60.04592855131914,-0.10441296547651291,0.10441296547651291,0.7775398791414202
job_000010,Rwanda,123,4.839818154761905,True,7,0.00947183317799118,0.6662443622876756,0.4882939295340992,0.3345383944296436,0.18083713442144228,0.2857142857142857,6,0.04355613880875033,0.010131179326863327,0.03388765110767921,73.35524159023542,0.8120479200703971,1435,0.023841142654418945,0.07646162062883377,-0.007534149568527937,0.017184600234031677,113.67382210495471,-0.2639904022216797,0.2639904022216797,0.7870273885059027
job_000010,Rwanda,124,4.87916626984127,True,5,0.006297784681073777,0.7102546689291275,0.4617550443855011,0.3236252177583905,0.1686980897068092,0.2,4,0.021406876777878718,7.773652053422739e-05,0.02049429159796615,89.78267347475443,0.9573764188289915,978,0.0128188356757164,0.03915752097964287,-0.0035303281620144844,0.009349731728434563,110.68583630518852,-0.1332901418209076,0.1332901418209076,0.7796365823675597
job_000010,Rwanda,125,4.918514384920635,True,7,0.011215984875043236,0.665690326464319,0.48811628182540406,0.3352484467604844,0.18025195257376797,0.2857142857142857,4,0.03760707332242663,-0.004880237516950041,0.0312911158567354,98.86457287358411,0.8421127545733543,1688,0.02531171403825283,0.07518290728330612,-0.0018964502960443497,0.01964089460670948,95.51516609894297,-0.1581677794456482,0.1581677794456482,0.7795694590750251
job_000010,Rwanda,126,4.9578625,True,9,0.013196087453307226,0.6859986584774087,0.48512786426108817,0.32176640001247064,0.1284101329239598,0.2222222222222222,7,0.08552247146138947,0.00820224144266206,0.053752942577439844,81.32407592740252,0.6357994194468591,1960,0.023404374718666077,0.06078052893280983,-0.0018546335631981492,0.015524755232036114,96.81243943591271,0.043813008815050125,0.0,0.6680436028426603
job_000010,Rwanda,127,4.997210615079365,True,9,0.012998945884210607,0.6866770082912068,0.4863019917215579,0.3207895205622972,0.13063554584362974,0.2222222222222222,9,0.0693502988049077,0.017239702903937216,0.029839484257413777,59.98291092451314,0.4969207772918484,1943,0.01110439095646143,0.030711650848388672,-0.0014229521621018648,0.007112773135304451,101.31301155480703,0.04182141274213791,0.0,0.6532291419210671
job_000010,Rwanda,128,5.03655873015873,True,9,0.01469216056066824,0.7046616333907844,0.4004566207804857,0.27837065400641553,0.13201778192963334,0.2222222222222222,7,0.07436071020641004,-0.026563283503200426,0.04109278986537381,122.87951644644083,0.6580198408130692,2173,0.015378719195723534,0.04622875154018402,-0.0013375927228480577,0.010134220123291016,97.5188794192687,0.08412786573171616,0.0,0.6646920185590446
job_000010,Rwanda,129,5.075906845238095,True,8,0.011627778965208689,0.6923082413632032,0.3377785758631366,0.22530749446581666,0.1559505700301652,0.25,8,0.059667845451588195,0.01534600303221689,-0.0024196997295133278,-8.960410578377584,0.26036798033231906,1701,0.008690104819834232,0.02751689963042736,0.0018603649223223329,0.0022126000840216875,49.94271370974815,0.09827501326799393,0.0,0.33265087425440665
job_000010,Rwanda,130,5.11525496031746,True,10,0.01586120977577458,0.7071959811923855,0.432356981834929,0.28227022270679786,0.11570339072560447,0.2,8,0.10702106890384548,-0.004755603236641645,-0.013906858352880042,-108.87868757262703,0.13733276040568848,2350,0.010508542880415916,0.023765409365296364,-0.0015098886797204614,0.006040008272975683,104.03523112610533,0.008108390495181084,0.0,0.5924580213769652
job_000010,Rwanda,131,5.1546030753968255,True,10,0.016715153824274357,0.6762969986611894,0.4437967867644799,0.3077814981507746,0.15604199901851012,0.2,9,0.1206961305960004,-0.04921865638879565,-0.018847969369004652,-159.04597839776443,0.43666767997020206,2493,0.016832981258630753,0.04720308259129524,9.643873636377975e-05,0.011687583290040493,89.52724125761142,-0.0734025090932846,0.0734025090932846,0.6943500370020863
job_000010,Rwanda,132,5.193951190476191,True,8,0.01303599006356836,0.6406083905890038,0.4018627432186494,0.2846514758338185,0.1845628152902648,0.25,8,0.07518774996627722,0.019271409621995677,-0.005081639857256931,-14.771965876210958,0.2650715747368065,1939,0.016907906159758568,0.053415197879076004,0.005488570313900709,0.013402403332293034,67.72985273166356,-0.14526571333408356,0.14526571333408356,0.8565642282582308
job_000010,Rwanda,133,5.233299305555556,True,9,0.01753612541296565,0.6460898747362518,0.4369930108677558,0.28463073743617817,0.13407733633320287,0.2222222222222222,8,0.06611659727268707,-0.012977170294207347,0.028695860334297996,114.33397848221226,0.47633725693492884,2528,0.018527962267398834,0.051508523523807526,-0.0037152888253331184,0.0024778072256594896,146.29981224324416,-0.05289942026138306,0.05289942026138306,0.2410274438258391
job_000010,Rwanda,134,5.272647420634921,True,10,0.018655737505659287,0.6655181266467072,0.426479465531428,0.27704859589893477,0.13333183393378495,0.2,9,0.09039079080354306,-0.00351497617701042,0.04546326385635883,94.4210080019661,0.504464454499868,2715,0.027726346626877785,0.08602112531661987,-0.006388554815202951,0.008012095466256142,128.5675899602742,-0.09605419635772705,0.09605419635772705,0.36958736081791926
job_000010,Rwanda,135,5.311995535714286,True,8,0.0160818307664318,0.6268837072369414,0.46369498188248914,0.2840474594132675,0.1601465832716034,0.25,8,0.024368784895626015,0.01361973802610294,0.00048408467370896955,2.035599945091933,0.559253908235692,2360,0.02144276350736618,0.06814633309841156,0.0003120998153463006,0.005928844679147005,86.98667899427727,0.07485387474298477,0.0,0.27687912541075443
job_000010,Rwanda,136,5.351343650793651,True,9,0.016354259878486085,0.6467678901461285,0.4354961400770734,0.284045751430934,0.1396278340291161,0.2222222222222222,8,0.07336070152093102,0.006596682658829399,-0.062252161296867364,-83.95110455651886,0.8533274633683847,2400,0.009013265371322632,0.03271644189953804,0.001079163746908307,0.0029622865840792656,69.98327092257283,0.059417471289634705,0.0,0.34978829398715916
job_000010,Rwanda,137,5.390691765873016,True,7,0.012735159526672412,0.6195908943845081,0.4323442509231811,0.2853079221952736,0.2226646929861673,0.2857142857142857,7,0.14594025761834997,0.03603958104466257,0.13254037539070684,74.7882624287268,0.9411579896590508,1898,0.017034484073519707,0.05833795666694641,0.008818955160677433,0.011063490994274616,51.440870312314765,0.04098240286111832,0.0,0.8305690055508257
job_000010,Rwanda,138,5.430039880952381,True,9,0.014742957553914056,0.6609030544470101,0.4595210695502829,0.3130488208028686,0.16136719398452942,0.2222222222222222,7,0.11684104546913852,0.03173559395949581,-0.03300965618352426,-46.12732544842215,0.3919056728385424,2132,0.023678602650761604,0.07590994983911514,0.0027949076611548662,-0.004646696615964174,-58.973818975454066,-0.11676699668169022,0.11676699668169022,0.22900341303584298
job_000010,Rwanda,139,5.469387996031746,True,8,0.014539632716823547,0.6283942895932731,0.46328892313100845,0.28107681386585515,0.16526410618352969,0.25,7,0.0624400903047467,-0.026641415090637294,0.01571572943007381,149.46371139250067,0.4953766363585112,2104,0.0077014584094285965,0.020197805017232895,0.0023753102868795395,0.00040351314237341285,9.641255687605174,-0.06607919186353683,0.06607919186353683,0.31284211472817225
job_000010,Rwanda,140,5.508736111111111,True,7,0.012134308718207846,0.6495152431294526,0.5081773364701228,0.26585319709070615,0.14702647147306505,0.2857142857142857,6,0.14647562946982282,-0.05405883247259893,0.08410846874729826,122.72997325100718,0.682591078982341,1846,0.01425133179873228,0.0324922576546669,0.0017004245892167091,-0.0005800297949463129,-18.834960622220684,-0.21653977036476135,0.21653977036476135,0.12606749630270733
job_000010,Rwanda,141,5.548084226190476,True,9,0.01664948055770036,0.6790124616011777,0.45618074678736814,0.26415525082506286,0.12767725147639208,0.3333333333333333,7,0.13199036195171615,-0.016732726180808195,0.10116300452386363,99.39189590821584,0.7768559170658952,2423,0.013777274638414383,0.03171335160732269,0.00111650419421494,-0.005977855529636145,-79.42056916169462,-0.14620999991893768,0.14620999991893768,0.44139559660077277
job_000010,Rwanda,142,5.5874323412698415,True,8,0.016593902911391727,0.6711648799637677,0.47140416600774715,0.2762207217827353,0.13605691402278897,0.25,8,0.055681294020619485,-0.0007731844923060073,-0.001671916792625839,-114.81836684198456,0.03308188832144378,2445,0.0073333303444087505,0.022865472361445427,0.0009030047804117203,-0.003376350039616227,-75.02668959985873,-0.08728600293397903,0.08728600293397903,0.47659368280097736
job_000010,Rwanda,143,5.6267804563492065,True,9,0.015037848538910605,0.6593531039084061,0.43143738419035377,0.2944782519367124,0.15868804108657567,0.2222222222222222,7,0.08845266871279109,-0.011598599316532123,-0.022992052380091253,-116.76917435847963,0.29113798293039883,2183,0.015121732838451862,0.034641727805137634,0.0009296588250435889,-0.009401541203260422,-84.3527419966013,-0.2260180413722992,0.2260180413722992,0.6247560068659618
job_000010,Rwanda,144,5.666128571428572,True,10,0.015691234693803423,0.6251235078619581,0.3601798081737625,0.27148324160444903,0.16599022900275578,0.2,8,0.07988849113909852,-0.01606841381719162,-0.06117166337155122,-104.71781281274157,0.7916893557591331,2353,0.02598954178392887,0.11282409727573395,0.002046214183792472,-0.014750228263437748,-82.10209274137354,-0.11563311517238617,0.11563311517238617,0.572979769831422
job_000010,Rwanda,145,5.705476686507937,True,8,0.012744573230858114,0.5924247630141184,0.3757625301513122,0.2902115948077991,0.19612379563023022,0.25,7,0.09942862558333596,0.05062840061493338,-0.001307700700296999,-1.4795860491731165,0.5093632347581208,1937,0.021318452432751656,0.10924343019723892,0.0017530523473396897,-0.016607891768217087,-83.97443486860277,-0.018546121194958687,0.018546121194958687,0.7833663152799656
job_000010,Rwanda,146,5.744824801587302,True,8,0.011201945088202847,0.6343461830294556,0.34824262863801,0.29207092836740534,0.16432569468047348,0.25,7,0.18549708436654636,-0.02953805801088039,0.007970914074962223,164.8983106134218,0.16493329666682116,1680,0.04171420633792877,0.23713691532611847,0.008319332264363766,-0.026522936299443245,-72.585154155017,-0.13622775673866272,0.13622775673866272,0.6663695304880156
job_000010,Rwanda,147,5.784172916666667,True,6,0.011059205022131582,0.622937822386052,0.41620751023067054,0.2842779305333947,0.20168696569262953,0.3333333333333333,6,0.17250857185229107,0.0060396292595485705,-0.09213492011581964,-86.24951234354725,0.5352352166871701,1622,0.044003427028656006,0.18792612850666046,0.015942394733428955,-0.025379890576004982,-57.86498923750778,-0.009312310256063938,0.009312310256063938,0.6811204309302588
job_000010,Rwanda,148,5.823521031746032,True,7,0.011274557991855996,0.6106694630985624,0.36076287561839143,0.2961544933252688,0.1974490934544086,0.2857142857142857,6,0.07225696704997496,0.01779688336883198,-0.038278625515466194,-65.06486762811373,0.5842139944834149,1681,0.017806103453040123,0.043123096227645874,0.009475745260715485,-0.005532067734748125,-30.276958384140773,-0.005472700577229261,0.005472700577229261,0.6162155691154514
job_000010,Rwanda,149,5.862869146825397,True,8,0.010933545047355983,0.6266400276131446,0.360540852307526,0.28188393129574274,0.18005836086953025,0.375,7,0.1416053363971104,-0.015974169720836477,0.07196529309409101,102.51506126915527,0.5205797736783427,1609,0.03183847665786743,0.06959772855043411,0.01425586175173521,-0.011999222449958324,-40.08746878901021,-0.15996186435222626,0.15996186435222626,0.5852540342025999
job_000010,Rwanda,150,5.902217261904762,True,9,0.011672034967844917,0.6083500624865338,0.36911166409211477,0.27285568010109124,0.18344887306458546,0.2222222222222222,8,0.05631726749350632,0.011101752603759995,-0.001606287428005066,-8.232863353352148,0.1991814634503645,1782,0.025734052062034607,0.05898996815085411,0.011248139664530754,-0.007021686527878046,-31.974601241329875,-0.15957683324813843,0.15957683324813843,0.5152663737994975
job_000010,Rwanda,151,5.941565376984127,True,4,0.007268509480445511,0.6588353816927045,0.2495892490172893,0.15597623581026016,0.1525907812481627,0.25,4,0.10260023921468595,0.08951863870263899,-0.004745108267142032,-3.0342337359218408,0.8737242036236307,1038,0.010166511870920658,0.02530183084309101,0.008048975840210915,0.0012388628674671054,8.750048649238753,-0.12509015202522278,0.12509015202522278,0.8010375669623718
job_000010,Rwanda,152,5.980913492063492,True,4,0.006670241128270185,0.6605436209869039,0.24733431209684964,0.15846556700669584,0.15456064304233147,0.25,4,0.0720670136969356,0.04341349746369951,-0.05730736824093005,-52.85405998492983,0.9976107483915975,1014,0.018590537831187248,0.047055236995220184,0.01482565701007843,0.001039315015077591,4.010014751391331,-0.18718667328357697,0.18718667328357697,0.7994411870858152
job_000010,Rwanda,153,6.020261607142857,True,1,0.00046303496203765475,0.7071697361589482,0.25026511785488065,0.0,,1.0,1,0.026559576971692363,0.008928853235006504,0.02501373040597834,70.3555657099643,1.0,96,0.0018948629731312394,0.0026709153316915035,0.00035782880149781704,-0.0018496941775083542,-79.05120796086324,-0.09659215807914734,0.09659215807914734,0.9942607032816669
job_000010,Rwanda,154,6.0596097222222225,True,4,0.0028484877474305834,0.6681105038000552,0.31805625412101607,0.23374611299189915,0.24075342481743633,0.25,1,0.10002978063973675,-0.011164818343813719,-0.0994047476038418,-96.40841838072147,1.0,439,0.009264353662729263,0.020137757062911987,0.0026702689938247204,-0.0053072297014296055,-63.291293629738824,0.08177848905324936,0.0,0.6412891866783721
job_000010,Rwanda,155,6.098957837301588,True,6,0.004560073345445896,0.6442033025973667,0.27196173214958713,0.22443191996756967,0.17244202242574694,0.3333333333333333,4,0.03890625873049079,0.02351432914962528,-0.019530856664960055,-39.71281283888309,0.7856730210710641,739,0.013745703734457493,0.027419738471508026,-0.001148716895841062,-0.0012562049087136984,-132.44086752472353,-0.2932920753955841,0.2932920753955841,0.1238375448198486
job_000010,Rwanda,156,6.138305952380953,True,8,0.009156496720291845,0.5921144513410113,0.3690609725184125,0.28427943344356216,0.1932863725904601,0.25,5,0.21048567896940598,-0.10188828051423145,0.0848202199562715,140.22320779797593,0.6298449576114621,1377,0.02002793550491333,0.04599253460764885,-0.004148298408836126,-0.009920123033225536,-112.69322135251161,-0.13629645109176636,0.13629645109176636,0.5368773453555338
job_000010,Rwanda,157,6.177654067460318,True,7,0.008284859586008466,0.6005810632000388,0.41779660670727786,0.2672295139558562,0.19226810410405704,0.2857142857142857,7,0.10221981727951605,-0.05227989240737385,0.03208559640780772,148.46142386648754,0.6000854791306922,1248,0.017340363934636116,0.10091815888881683,-0.0002705624792724848,-0.013791183941066265,-91.12391364201135,-0.16752848029136658,0.16752848029136658,0.7954756747945017
job_000010,Rwanda,158,6.217002182539683,True,7,0.009414121892690575,0.5982746048811514,0.4179143762727818,0.2652606403021541,0.19103194953453045,0.2857142857142857,7,0.07786781009005626,-0.05861674223111767,0.0029930166989289354,177.0769712369827,0.7537531273670812,1424,0.0370955616235733,0.18352407217025757,-0.003790703136473894,-0.033105168491601944,-96.53219645960884,-0.21399621665477753,0.21399621665477753,0.8982607964604955
job_000010,Rwanda,159,6.256350297619048,True,4,0.006462293139216437,0.6506496409827927,0.3407571733096171,0.22049000777972178,0.24192076143148133,0.25,4,0.1176951842501798,0.0407617291902742,-0.0833551989456948,-63.94079159911109,0.7883752648414991,977,0.07675980776548386,0.2663436532020569,-0.005326599348336458,-0.07275515794754028,-94.1873061918871,0.27622488141059875,0.0,0.9503656504734087
job_000010,Rwanda,160,6.295698412698413,True,7,0.010616636025805988,0.6081907622820447,0.3570717837273351,0.28992924318174157,0.18715721156965145,0.2857142857142857,4,0.10331806778686449,-0.03165468013584415,-0.05542849867986999,-119.73027019158184,0.6178061271996971,1598,0.030471794307231903,0.12776543200016022,-0.0033812238834798336,-0.024044014513492584,-98.00480910695214,-0.013394376263022423,0.013394376263022423,0.7968219747972335
job_000010,Rwanda,161,6.335046527777778,True,7,0.009858355334425192,0.6606962284436589,0.24182692806177872,0.22304217402655685,0.16169210341295948,0.2857142857142857,6,0.04469273225564529,0.02116244126844728,-0.02208741458092812,-46.22518302059411,0.6844347629525726,1497,0.051175806671381,0.22786781191825867,-0.002305105095729232,-0.04530607536435127,-92.91261175838795,-0.05463051795959473,0.05463051795959473,0.8864477290743222
job_000010,Rwanda,162,6.374394642857143,True,7,0.010928125231861829,0.6499338166830348,0.3572661373413122,0.29279129248226343,0.1883159502296084,0.2857142857142857,6,0.05382776981497751,0.02219014872135225,0.018507298221032684,39.82919387024231,0.5368052698715335,1619,0.034948475658893585,0.16236011683940887,0.0013405410572886467,-0.026259036734700203,-87.0775498947205,-0.10517086833715439,0.10517086833715439,0.7523427481174928
job_000010,Rwanda,163,6.413742757936508,True,6,0.009185622927101157,0.6849321337938372,0.2731625126021868,0.20983342228162696,0.16105703338300179,0.3333333333333333,6,0.12048995252233018,-0.014445688673518456,-0.08816724321973313,-99.30490406883521,0.7414960742891722,1405,0.013523347675800323,0.060772091150283813,0.0009418211993761361,-0.009946946986019611,-84.5911060362403,-0.15681882202625275,0.15681882202625275,0.7388285539668288
job_000010,Rwanda,164,6.453090873015873,True,6,0.008419261236483516,0.683375582035084,0.2727018550509214,0.2070741589819949,0.15942243910600642,0.3333333333333333,6,0.07822727200835967,-0.039558483439765396,-0.01170723299797897,-163.514013746141,0.5273671009327124,1256,0.02619791589677334,0.0910293310880661,0.0035697161220014095,-0.01072035264223814,-71.58301769856408,-0.26585841178894043,0.26585841178894043,0.4312962701122224
job_000010,Rwanda,165,6.4924389880952385,True,7,0.009159369194613262,0.6610166319917491,0.23548287754454433,0.2170962593154211,0.15756247916796906,0.2857142857142857,6,0.1163875136052873,0.059010078978763474,-0.058553515883983304,-44.77749058342186,0.7142573928224683,1382,0.03060188703238964,0.0714615136384964,0.003097306005656719,-0.012063476257026196,-75.60030411416678,0.052773624658584595,0.0,0.40699283136642866
job_000010,Rwanda,166,6.5317871031746035,True,7,0.00957334516941654,0.6607043854492094,0.2367859635179729,0.22035018080587987,0.16026602358694353,0.2857142857142857,7,0.07136996633379086,-0.007935489207295806,0.03311685885842882,103.47518987295221,0.47715230256342006,1415,0.014955814927816391,0.036108676344156265,0.0016764957690611482,-0.003692778293043375,-65.58228038635525,0.11689013242721558,0.0,0.27116682686667115
job_000010,Rwanda,167,6.571135218253969,True,4,0.006679040002546135,0.6590925148467304,0.2523547365681517,0.15171348490710435,0.13768005125026467,0.5,4,0.015420880018943239,-0.005232769245534578,0.009435808495717738,119.01121723815544,0.6996773937308316,1013,0.012628314085304737,0.03663412481546402,0.007097125984728336,0.006480233743786812,42.39853471931372,-0.026680944487452507,0.026680944487452507,0.7610317268224883
job_000010,Rwanda,168,6.610483333333334,True,7,0.010403406615721814,0.6478821171810841,0.3539252816200653,0.2894347735076504,0.18688380298390067,0.2857142857142857,4,0.0598355289374761,-0.04793496044556625,0.029629233117346283,148.2792404914327,0.9417970162990509,1553,0.024591566994786263,0.09950342029333115,0.003025542013347149,-0.01617012545466423,-79.40210442525482,-0.13711373507976532,0.13711373507976532,0.6689586094227857
job_000010,Rwanda,169,6.649831448412699,True,7,0.009225907582434124,0.7085025648993947,0.2736017104425944,0.20082111830968627,0.1431586495198649,0.2857142857142857,6,0.05429176139612768,-0.030021235174729526,-0.012071676043428084,-158.0947148675823,0.5959905769666152,1390,0.021442553028464317,0.08477938175201416,-0.001253966591320932,-0.017688658088445663,-94.05497116308347,-0.13277266919612885,0.13277266919612885,0.8270027282705082
job_000010,Rwanda,170,6.689179563492064,True,5,0.0044726806524360025,0.7245158903498347,0.20114062932005652,0.17621119409046612,0.15002247893424636,0.4,5,0.01425821847573579,-0.002830315043030422,-0.006318565781656099,-114.12934034924803,0.4855801277487693,697,0.0035848317202180624,0.006819882895797491,-9.643723387853242e-06,-0.0024532752577215433,-90.22522617515072,0.020707910880446434,0.0,0.6843540795375511
job_000010,Rwanda,171,6.728527678571429,True,4,0.0058138018532974,0.6600903502221869,0.2540743584807571,0.15102695356533186,0.13893804349563948,0.5,3,0.0784939739571668,0.05749847517416908,-0.028248982319613748,-26.164871585337618,0.8161529851789295,853,0.006010714452713728,0.019435925409197807,0.0037996277678757906,0.0006385903107002378,9.540343800826934,0.037953611463308334,0.0,0.6410081440429133
job_000010,Rwanda,172,6.767875793650794,True,5,0.005429624256678958,0.639571810542514,0.3110343297483135,0.3243361235726679,0.2647803223642197,0.4,3,0.09023656201848168,-0.01663783418335778,-0.06682904730837695,-103.98020749912465,0.7632050462400134,856,0.0012684912653639913,0.0027593160048127174,0.00013915279123466462,-0.0003705552953761071,-69.4175856884433,0.012484985403716564,0.0,0.3120412372205671
job_000010,Rwanda,173,6.807223908730159,True,5,0.006091140740544016,0.6861044923482557,0.2526556604832289,0.21355251536033634,0.1959882545968965,0.4,4,0.06252456462321332,-0.027295341699828446,0.041060825701073216,123.61412588922838,0.7885772114291384,892,0.0396515429019928,0.1601707935333252,-0.004579559434205294,-0.03850337490439415,-96.78284762733416,-0.47108709812164307,0.47108709812164307,0.9778878735991077
job_000010,Rwanda,174,6.846572023809524,True,5,0.006464602877240308,0.687000568068074,0.2507829387055398,0.21235534551492022,0.19707583268399,0.4,5,0.08070853586083852,0.02277302783146995,-0.04759368457451847,-64.4294242235465,0.6537281339393868,951,0.027244001626968384,0.10535445064306259,-0.0034217694774270058,-0.021897895261645317,-98.88122959843597,-0.3287062644958496,0.3287062644958496,0.8135231539711306
job_000010,Rwanda,175,6.885920138888889,True,7,0.011093385288323824,0.6480380926190111,0.34992192976381126,0.2849716899490859,0.18933296673194464,0.2857142857142857,5,0.06878739003545388,-0.008435758344999567,0.022363893591317994,110.66669451356579,0.34747652375206184,1666,0.011648361571133137,0.033327050507068634,0.0003746841102838516,-0.0031340662389993668,-83.18252803220662,-0.07027822732925415,0.07027822732925415,0.27097234992648733
job_000010,Rwanda,176,6.925268253968254,True,4,0.007406770438113464,0.657591131396561,0.3022763278109577,0.19627138693228477,0.20769729269545284,0.25,4,0.07966735599200325,-0.03307217225789535,-0.05584276029261484,-120.63560460814261,0.8146539796490648,1099,0.01570156402885914,0.046665485948324203,-0.006187556777149439,-0.008306996896862984,-126.68098332267346,-0.36560553312301636,0.36560553312301636,0.6596914720449163
job_000010,Rwanda,177,6.9646163690476195,True,5,0.010428693867345623,0.6581592772084142,0.3139400257910222,0.17867481212764236,0.15827587764100853,0.4,4,0.05210264932594741,-0.013790499903917211,0.04887024010702893,105.75832590992655,0.9745899524994451,1542,0.027455076575279236,0.07581581175327301,-0.011395225301384926,-0.012495879083871841,-132.36227103060594,0.2909909188747406,0.0,0.6159691411986172
job_000010,Rwanda,178,7.003964484126985,True,4,0.008332481544170305,0.6565130424645526,0.30170456248563104,0.20022213034073796,0.21223885667861173,0.25,4,0.08401761809360196,-0.013608244097769317,-0.06340118585051356,-102.11400250480251,0.771804303603428,1243,0.024312812834978104,0.05902634933590889,-0.015602393075823784,-0.0026781808119267225,-170.25999001814057,-0.1863744556903839,0.1863744556903839,0.651120953033421
job_000010,Rwanda,179,7.04331259920635,True,6,0.010000723609125026,0.6538537755932006,0.21295822014879684,0.2213446104503773,0.18795969570177654,0.3333333333333333,4,0.09164533186957925,-0.05927698633315855,0.05697235044311339,136.1357364979422,0.8971198496732331,1465,0.0454990416765213,0.13994352519512177,-0.02842174470424652,-0.017531756311655045,-148.3319268425456,-0.2982936501502991,0.2982936501502991,0.7339491345941357
job_000010,Rwanda,180,7.082660714285715,True,1,0.001387386530968246,0.7051397191774537,0.2584490033745763,0.0,,1.0,1,0.14100436148366316,0.03960423515755448,-0.13532824729154175,-73.68772010726059,1.0,192,0.0026634165551513433,0.004734098445624113,0.0015695873880758882,-0.00026895609335042536,-9.723463881792208,-0.027151385322213173,0.027151385322213173,0.59790276110511
job_000010,Rwanda,181,7.12200882936508,True,6,0.009553318611822256,0.6543426405249889,0.20956189445711484,0.22111650454752318,0.18888502191673004,0.3333333333333333,1,0.0711347149096177,0.0075408532475080775,0.07073389002148923,83.91475159409931,1.0,1405,0.026266058906912804,0.09011323004961014,-0.013636287301778793,-0.017419498413801193,-128.0544593494706,-0.19750745594501495,0.19750745594501495,0.8422313717520494
job_000010,Rwanda,182,7.161356944444445,True,1,0.0010928379779514927,0.706164141655782,0.2523733093256117,0.0,,1.0,1,0.22590096379559316,0.018494001948532932,-0.22514265996408933,-85.30406826520054,1.0,154,0.010886701755225658,0.03319335728883743,0.003974480088800192,-0.009972169063985348,-68.26988851433251,-0.5367382168769836,0.5367382168769836,0.9860672161992561
job_000010,Rwanda,183,7.20070505952381,True,6,0.01008110890626028,0.6533760982573655,0.20970541414913643,0.21897365313129494,0.1873818788447775,0.3333333333333333,1,0.07183371359839454,0.039652843259629145,0.0598976997117874,56.49506435273783,1.0,1533,0.028729412704706192,0.09486594051122665,-0.01420474424958229,-0.013196908868849277,-137.1063946793063,-0.47293877601623535,0.47293877601623535,0.6748831283794197
job_000010,Rwanda,184,7.240053174603175,True,4,0.0052473113711106285,0.6910805149037031,0.17668443657363786,0.17437537055336783,0.17510035131396412,0.5,4,0.028042802589082635,-0.0027048325190831366,0.005165034199186763,117.64021618728462,0.20791115273303493,790,0.004434223286807537,0.008960963226854801,0.0009889573557302356,-0.0010648502502590418,-47.11624739296608,-0.11013010889291763,0.11013010889291763,0.32773551625343206
job_000010,Rwanda,185,7.27940128968254,True,4,0.00849663578569377,0.6746460911615169,0.24500285140676697,0.23438575938853007,0.26487859164797684,0.5,3,0.011675818267914048,-0.0030251251971686647,0.01087475872018801,105.5454293271423,0.9667572334835153,1257,0.02498246356844902,0.06413637101650238,-0.01629544422030449,-0.009008921682834625,-151.06402773048094,0.14590869843959808,0.0,0.7453204175310496
job_000010,Rwanda,186,7.318749404761905,True,3,0.0035531084405612187,0.6540679280340078,0.4000143739052113,0.3212124379594587,0.4634896358017877,0.3333333333333333,2,0.08589030230278565,-0.055203370242575385,-0.06572130145409782,-130.02896965380793,0.99929199046006,543,0.017314795404672623,0.057130150496959686,-0.005743436980992556,-0.00018818471289705485,-178.1233651720191,-0.11998126655817032,0.11998126655817032,0.3318848979815124
job_000010,Rwanda,187,7.35809751984127,True,3,0.004538187968950822,0.6847269869687427,0.14938761766114764,0.1931615809081208,0.23274574838494677,0.6666666666666666,2,0.05597661270580936,0.03283344295744343,-0.011449323315859216,-19.22413291768196,0.6211957039286118,673,0.004706338047981262,0.0118174497038126,-0.0012736469507217407,0.003907450474798679,108.05355734285133,0.04923928529024124,0.0,0.8732450882939814
job_000010,Rwanda,188,7.3974456349206354,True,7,0.012638466686457355,0.6698492621901792,0.40294034092031256,0.2912745159017315,0.16970305168622396,0.2857142857142857,3,0.011080913794764363,-0.0030984340905120538,-0.0027295349145032796,-138.6218800854888,0.3726447036009431,1863,0.02253461629152298,0.053114403039216995,-0.001645231037400663,-0.016314886510372162,-95.75837279556895,-0.08303982019424438,0.08303982019424438,0.7276640936837494
job_000010,Rwanda,189,7.4367937500000005,True,0,0.0,,,,,0.0,0,,,,,,0,,,,,,,,
job_000010,Rwanda,190,7.476141865079366,True,5,0.009038423584506993,0.6303088120461926,0.2832319899992445,0.23792714798431072,0.1870829240060779,0.4,0,,,,,,1275,0.020817697048187256,0.05171070992946625,-0.01114699523895979,-0.015462414361536503,-125.78817677527046,0.1607820987701416,0.0,0.9156404583396501
job_000010,Rwanda,191,7.515489980158731,True,5,0.007992805983300546,0.6316032545894934,0.28529482479535034,0.23963139307102577,0.1916070805792082,0.4,5,0.07166166128707607,0.03289719318675994,0.05242525066182067,57.891455666644696,0.8636710393779627,1169,0.04376593232154846,0.13511808216571808,-0.021172339096665382,-0.03510287404060364,-121.09632787827869,0.202776700258255,0.0,0.9366567172006419
job_000010,Rwanda,192,7.554838095238096,True,3,0.004594110705097452,0.6841924446562303,0.15069915952549853,0.19316924364539714,0.2355028360214696,0.6666666666666666,3,0.05954885840191643,0.012003386661615587,-0.02647878847017789,-65.61422263261267,0.48821176251661746,686,0.004744344390928745,0.018322594463825226,-0.0024027873296290636,-0.00334012508392334,-125.73012503403275,0.13193853199481964,0.0,0.8672613573272909
job_000010,Rwanda,193,7.594186210317461,True,4,0.005488326667046877,0.6229523094238647,0.3219797685790143,0.35453160509325876,0.3312909749546153,0.5,3,0.05974171427269744,-0.018300629731231154,0.030146481967160115,121.2601328428647,0.5903155539752409,812,0.0007842645281925797,0.0023766534868627787,0.00018676531908567995,0.0004442998906597495,67.20012684982125,-0.029612047597765923,0.029612047597765923,0.6145352139288115
job_000010,Rwanda,194,7.633534325396826,True,8,0.011537051296036977,0.6400902223903906,0.38321799993695,0.2932145384233743,0.16327119994140243,0.25,4,0.008457852332963152,0.0029754142489809903,0.0005092291963921048,9.711830213998335,0.3569080901466399,1739,0.023307306692004204,0.10914216935634613,-0.007953901775181293,-0.015236536972224712,-117.56582809783652,-0.34537726640701294,0.34537726640701294,0.7374377503188643
job_000010,Rwanda,195,7.672882440476191,True,7,0.008458750516390393,0.6321473527026494,0.4031294425318491,0.30673606382954566,0.19495793806811407,0.2857142857142857,5,0.10865044162741389,-0.02042544405402954,-0.05207891585954579,-111.4152005094544,0.5148727328734636,1262,0.026948662474751472,0.10185398161411285,-0.007465203758329153,-0.021269530057907104,-109.34011087336854,-0.09858919680118561,0.09858919680118561,0.8364632396840637
job_000010,Rwanda,196,7.712230555555556,True,7,0.008346336774280686,0.6057247517081789,0.3951014078072436,0.3098952512637903,0.1921290698355739,0.2857142857142857,5,0.02424347393033611,0.0022143920944185692,0.010159001176031789,77.70338317276894,0.428879953053191,1277,0.00202961266040802,0.003917201887816191,0.000790742167737335,-0.0005419778754003346,-34.42689682960426,-0.0063050794415175915,0.0063050794415175915,0.472332370001505
job_000010,Rwanda,197,7.751578670634921,True,6,0.00800469578220894,0.6302693159863438,0.38730425096489934,0.3278692979409026,0.1932197454060741,0.3333333333333333,6,0.027442098833758727,0.0013068187031061173,-0.02058820274174089,-86.36807141386876,0.7517513795124228,1170,0.009397690184414387,0.02723419852554798,0.001852730754762888,-0.00634362269192934,-73.71892554039961,0.11449433863162994,0.0,0.7032199087544847
job_000010,Rwanda,198,7.790926785714286,True,4,0.00844377017532305,0.6432586795112987,0.30124804533604005,0.18526096674355041,0.20572410542472352,0.5,3,0.22407793948239582,0.11421371466284409,-0.1518358490977572,-53.04884292363799,0.8479063115116613,1279,0.024843784049153328,0.05101410672068596,-0.0051498981192708015,-0.009967782534658909,-117.32333389939069,0.09798265248537064,0.0,0.45160361714264724
job_000010,Rwanda,199,7.830274900793651,True,5,0.006750117340379255,0.6789279081363329,0.2876709561607907,0.1811900412305887,0.1406276995910589,0.4,3,0.0654726298230361,0.047754569408233895,-0.021027109430578284,-23.764670003447215,0.7969575398390031,953,0.011598958633840084,0.0269203819334507,-0.0003671145241241902,-0.009412595070898533,-92.2335452387033,0.27635645866394043,0.0,0.812120452846209
job_000010,Rwanda,200,7.8696230158730165,True,6,0.007520932716077909,0.6669929276576978,0.36221285801442954,0.23397496185120648,0.15412251752296457,0.3333333333333333,5,0.10389199600761664,-0.025263668624738604,0.04401093022162854,119.85718961428498,0.48845510253846786,1120,0.024607662111520767,0.0652172714471817,-0.002398452954366803,-0.013658816926181316,-99.95945440904997,0.5459555983543396,0.0,0.5635561476784567
job_000010,Rwanda,201,7.908971130952382,True,7,0.008475357988098049,0.6362154796081942,0.4297115366446537,0.2837202577908174,0.1588386783642227,0.2857142857142857,6,0.062451918635129756,0.04112894331628691,0.009087768203595978,12.459762213531581,0.6744546442426773,1231,0.017621219158172607,0.048915863037109375,-0.003910427447408438,-0.006248150952160358,-122.04053717794179,0.3383568823337555,0.0,0.4182993885897451
job_000010,Rwanda,202,7.948319246031747,True,6,0.009222122597210593,0.665692777370218,0.36244995002856634,0.23542023916011307,0.15601240578312472,0.3333333333333333,5,0.03368362358392907,0.017362436902388093,-0.0007903100680238806,-2.606212322710471,0.5159900439578426,1385,0.017399756237864494,0.058994047343730927,-0.011810549534857273,0.002069484908133745,170.06133419879782,-0.027822313830256462,0.027822313830256462,0.6891182691593312
job_000010,Rwanda,203,7.987667361111112,True,7,0.009184038032159565,0.6351896316392268,0.42947922461362603,0.28413626042977785,0.16020102481374485,0.2857142857142857,6,0.048683310251249244,0.04344751015362694,-0.004037799382630834,-5.309538897116999,0.8962975856629578,1406,0.023284567520022392,0.09457910060882568,-0.014429443515837193,0.0009662482771091163,176.1689846161818,0.11368885636329651,0.0,0.6210877258180761
job_000010,Rwanda,204,8.027015476190476,True,4,0.0058472649548886825,0.6423758818170999,0.35721544691465934,0.26134739191875306,0.26539138451871,0.25,4,0.07290340936566826,-0.008676970311133975,-0.025885043883344373,-108.53175589926475,0.37447695443311957,916,0.006355913821607828,0.016140125691890717,0.0034809380304068327,-0.0037222907412797213,-46.919045015761284,0.025612011551856995,0.0,0.8018217947038009
job_000010,Rwanda,205,8.066363591269841,True,5,0.0075162016383623674,0.6364056157572671,0.38841822290756856,0.2409273209130594,0.21445508362838445,0.4,4,0.10858506078177096,-0.08062390066847973,0.03561532687089115,156.16672259219249,0.8117141459857439,1126,0.01329744141548872,0.052605725824832916,-0.008990522474050522,-0.0011251650284975767,-172.86651450294326,-0.2299039363861084,0.2299039363861084,0.6813834265294149
job_000010,Rwanda,206,8.105711706349206,True,5,0.0073106961856286,0.6361273986433679,0.3888966405312497,0.24226928952187954,0.21645668127233555,0.4,5,0.07590624586842316,-0.007070659251094266,0.012158590639377955,120.17954634810437,0.18529498977721381,1114,0.02915923483669758,0.11536230891942978,-0.02012520842254162,-0.0020249485969543457,-174.2543779271336,-0.24706201255321503,0.24706201255321503,0.693667877459181
job_000010,Rwanda,207,8.145059821428571,True,6,0.0070790413534857315,0.663520167672604,0.36083068284256914,0.23878873983550436,0.16036893533194704,0.3333333333333333,5,0.11291943226297203,-0.021131697932074235,-0.0423948668770325,-116.49393497161962,0.4194985738456884,1109,0.020006265491247177,0.07490803301334381,-0.01284698024392128,-0.00028996707987971604,-178.70700591524536,-0.1257367581129074,0.1257367581129074,0.6423113915252511
job_000010,Rwanda,208,8.184407936507936,True,7,0.006962338949292798,0.6312747027823601,0.4282923943803717,0.2863036815963927,0.16241163255386767,0.2857142857142857,6,0.09156697334009327,-0.017550625688215738,0.001532271354424591,175.01039808648716,0.1923989202030573,1051,0.007525616325438023,0.02606777660548687,-0.003816671669483185,0.0013073780573904514,161.0914106278841,-0.16543905436992645,0.16543905436992645,0.536086292707457
job_000010,Rwanda,209,8.223756051587301,True,7,0.008025429975404222,0.6301597603812411,0.42783741233311307,0.2856818523240123,0.16104485497704357,0.2857142857142857,7,0.08447392183870343,-0.02833534462502508,-0.011562994728994793,-157.80077174114427,0.36228734811623586,1246,0.01746048778295517,0.05659952759742737,-0.007927932776510715,0.0028363349847495556,160.31458046222787,-0.33991390466690063,0.33991390466690063,0.48223340849890417
job_000010,Rwanda,210,8.263104166666666,True,7,0.008755435947038138,0.6299278939801145,0.42900609493616976,0.28466332434110936,0.1616417714192468,0.2857142857142857,7,0.052027485305428764,-0.005892693986966502,0.029701107682019327,101.22174733741547,0.5820004618171116,1271,0.021585693582892418,0.047513265162706375,-0.008649835363030434,-0.003633237211033702,-157.21586928856425,-0.004529663361608982,0.004529663361608982,0.43463513742876564
job_000010,Rwanda,211,8.302452281746032,True,6,0.00920164409646839,0.5996301444549649,0.4623252142727545,0.28450405740430706,0.20964346841471018,0.3333333333333333,6,0.08327067195643607,-0.029941160043076547,0.0001153582837165864,179.77925003323548,0.3595669587727846,1371,0.011142410337924957,0.021801024675369263,-0.0034129791893064976,-0.002367181470617652,-145.2555133761596,0.06256155669689178,0.0,0.37276940699058353
job_000010,Rwanda,212,8.341800396825397,True,7,0.010667306974272693,0.6291564303162707,0.4292429769560085,0.28539219950860384,0.16340188418530371,0.2857142857142857,6,0.045929840170776386,0.0073416382827481514,0.008018999626762453,47.524948482619024,0.23671248605806766,1590,0.01936759427189827,0.039407745003700256,-0.009786831215023994,-0.007375661283731461,-142.99718097193508,0.0326596200466156,0.0,0.6327525529591743
job_000010,Rwanda,213,8.381148511904762,True,7,0.010886699204041636,0.577040513326005,0.40059541243405306,0.30794286943486177,0.19065546399033304,0.2857142857142857,6,0.08261063355722556,-0.029401028884938184,-0.02213647600965961,-143.02336039303918,0.445496796185494,1554,0.02451392263174057,0.06958793103694916,-0.017607370391488075,-0.0023936484940350056,-172.2583371052465,0.07229271531105042,0.0,0.7248668050727444
job_000010,Rwanda,214,8.420496626984127,True,7,0.010532436020872622,0.5931379522664751,0.3901067838486897,0.3192727129242184,0.15102892524648495,0.2857142857142857,6,0.07893558841651835,0.035121452604192124,0.045972367352164506,52.62130258980977,0.7329146167424128,1516,0.015694132074713707,0.0435260608792305,-0.011556072160601616,0.004828737583011389,157.32225033195596,-0.1820024847984314,0.1820024847984314,0.7980279908129213
job_000010,Rwanda,215,8.459844742063492,True,8,0.013790639925172916,0.585016219609426,0.3865422339383844,0.29891178879300345,0.1422261852430341,0.25,7,0.035268281036186504,-0.021618013462061412,-0.00651617716877097,-163.22595919978795,0.6401993472748263,2042,0.03591952100396156,0.0991797223687172,-0.027095887809991837,0.011816170066595078,156.43859991408672,-0.26784560084342957,0.26784560084342957,0.8229580977179486
job_000010,Rwanda,216,8.499192857142857,True,8,0.013148672974046935,0.563065629199549,0.4067944943924725,0.28816576255857257,0.16823936002539008,0.25,6,0.05817853808453936,-0.04728134501592007,-0.01132170076965902,-166.5338574443285,0.8356683810599974,1942,0.043757762759923935,0.10895949602127075,-0.0312168188393116,0.008293059654533863,165.12244557955472,-0.2859225869178772,0.2859225869178772,0.7381457604966651
job_000010,Rwanda,217,8.538540972222222,True,7,0.009628101936372705,0.6072256178429379,0.3663122689440934,0.3168460991174772,0.14687086572378774,0.2857142857142857,6,0.07609339025286688,-0.013178219062993669,-0.04666952662454441,-105.7682524454835,0.637301535560884,1464,0.013632324524223804,0.04482016712427139,-0.009313088841736317,-0.0010744906030595303,-173.41864166142665,0.01029116753488779,0.0,0.6876940309548071
job_000010,Rwanda,218,8.577889087301587,True,8,0.00968187448257583,0.5641735742435531,0.40396264549590866,0.2920266837085282,0.17362232940431346,0.25,6,0.07204099023300223,0.005602178145636139,-0.061034188193011506,-84.7556560408584,0.8507761181778819,1499,0.027880815789103508,0.08534007519483566,-0.021421916782855988,-0.00125504145398736,-176.64705661610319,-0.20313024520874023,0.20313024520874023,0.7696564505114204
job_000010,Rwanda,219,8.617237202380952,True,7,0.0076316152025509435,0.5723024433714523,0.383578612490805,0.31736367066561305,0.17248544283115672,0.2857142857142857,6,0.025863336192359993,-0.00029136604612754746,-0.01882445349687462,-90.88675678143807,0.7279303842545161,1149,0.02397524192929268,0.049530237913131714,-0.013415124267339706,-0.008753572590649128,-146.87494076093546,-0.20481042563915253,0.20481042563915253,0.6681244519448182
job_000010,Rwanda,220,8.656585317460317,True,7,0.010354997479431378,0.5781600098284664,0.3975289805159206,0.31014186420609474,0.19071421083211998,0.2857142857142857,5,0.02900351834551777,0.012572352096049292,-0.02382493446992473,-62.179513010231155,0.9288067131809224,1559,0.017650507390499115,0.039829909801483154,-0.009190709330141544,-0.008123889565467834,-138.5257586956737,-0.027018418535590172,0.027018418535590172,0.6949651584929811
job_000010,Rwanda,221,8.695933432539682,True,8,0.010564268819930129,0.5639360628429387,0.4004746218670317,0.2936391375408149,0.17177569664412612,0.25,7,0.07458310183728327,-0.01586848624020826,-0.06420425133158737,-103.88279425978773,0.8867448751036322,1621,0.0321231484413147,0.07347864657640457,-0.015477446839213371,-0.017140675336122513,-132.08096287393312,-0.04657404497265816,0.04657404497265816,0.7189351526021514
job_000010,Rwanda,222,8.735281547619048,True,8,0.009864654446291669,0.6070688236458888,0.4303117865723059,0.2696043407932812,0.15155266535270623,0.25,7,0.07545428794878287,0.0019598177665529288,-0.05309674231011545,-87.88615402476596,0.7041733504464244,1476,0.025149330496788025,0.04990816116333008,-0.012550423853099346,-0.013159527443349361,-133.6428392097205,-0.06250495463609695,0.06250495463609695,0.7230722162095936
job_000010,Rwanda,223,8.774629662698413,True,7,0.00873671882782283,0.5832353723240417,0.32148890894332116,0.2872423359718043,0.17435339846053188,0.2857142857142857,6,0.05603658365935488,-0.018497694950439684,-0.02712730356074604,-124.2894810772096,0.5859342337606643,1311,0.011050435714423656,0.02307749353349209,-0.00507123488932848,-0.006115565542131662,-129.66667695539527,-0.06597871333360672,0.06597871333360672,0.7189450803854833
job_000010,Rwanda,224,8.813977777777778,True,7,0.011093974687007315,0.5545517785876847,0.35537657595594385,0.2803238252877538,0.18527133087704975,0.2857142857142857,6,0.09406578300434736,-0.006827684371772406,0.058768873170525295,96.62683385294221,0.6289657860459531,1636,0.024055102840065956,0.04294803738594055,-0.015910090878605843,-0.003942291717976332,-166.08323007281535,-0.12453009188175201,0.12453009188175201,0.6814037450861353
job_000010,Rwanda,225,8.853325892857143,True,7,0.008343070153151116,0.5630163390799857,0.3537206669680536,0.2889245603849774,0.16338649781791623,0.2857142857142857,5,0.11351676138219094,-0.055129157237043626,0.012133599538880576,167.58744162794343,0.49727135214810014,1208,0.02041340060532093,0.04577116295695305,-0.015371687710285187,-0.003616655943915248,-166.76022796015468,-0.16149543225765228,0.16149543225765228,0.7735811145739141
job_000010,Rwanda,226,8.892674007936508,True,6,0.00809336536621706,0.5258960165421004,0.3634384393354782,0.2947233725151923,0.21017611813814574,0.3333333333333333,6,0.06720817707803318,-0.010669273926677282,-0.0350668442845027,-106.92266205269185,0.545380320620599,1238,0.011961319483816624,0.03462778776884079,-0.009617144241929054,0.00011301502672722563,179.32672466532355,0.04963929206132889,0.0,0.8040758609535605
job_000010,Rwanda,227,8.932022123015873,True,5,0.007552338820901637,0.5158781838309388,0.3339751445468498,0.314175851880289,0.258666449594395,0.4,5,0.05661301898912707,-0.014225467908366558,0.020025760493748813,125.388403467963,0.43389490046430457,1107,0.02560986950993538,0.09075786918401718,-0.021539058536291122,0.002399564953520894,173.6431594211997,-0.2672244608402252,0.2672244608402252,0.8462482975822362
job_000010,Rwanda,228,8.971370238095238,True,4,0.007104015628252464,0.5287208455420667,0.3085184502616095,0.3462199471572917,0.3225260705147213,0.5,4,0.04165480461320848,0.022209918231768766,0.0004511912650444968,1.1637953649146695,0.5332998415869081,1040,0.023997537791728973,0.07863170653581619,-0.021374156698584557,0.00022869625536259264,179.3869779095072,-0.17442066967487335,0.17442066967487335,0.8907322215894246
job_000010,Rwanda,229,9.010718353174603,True,6,0.009633898186835172,0.5231084637750906,0.3676356779365106,0.2961906368536036,0.19513117373585173,0.3333333333333333,4,0.016570316171739437,-0.00786427803841368,0.003266963087340863,157.44111937100098,0.5139227624763438,1447,0.011765794828534126,0.029109230265021324,-0.008845165371894836,0.00010509679123060778,179.31925306355166,-0.15681344270706177,0.15681344270706177,0.751822537288156
job_000010,Rwanda,230,9.050066468253968,True,6,0.009899115078051926,0.5232831321344987,0.36721053418975985,0.2963694456474687,0.19645474873538615,0.3333333333333333,6,0.026490089759814244,0.004439052774340111,-0.010804678849119441,-67.66491516068022,0.4409581880942784,1457,0.02493857406079769,0.05853038653731346,-0.01836758479475975,0.003040148178115487,170.60177850500023,-0.39752402901649475,0.39752402901649475,0.746533579850836
job_000010,Rwanda,231,9.089414583333333,True,6,0.010629092009732308,0.5234435160491034,0.3672110987852822,0.2966135310894207,0.19802721859627168,0.3333333333333333,6,0.040793187278842236,0.004076025351693104,1.4348731095235821e-05,0.20169608042440432,0.09991988562929213,1566,0.023605531081557274,0.05335789918899536,-0.017647219821810722,-0.006251577753573656,-160.49316449381902,-0.3337768614292145,0.3337768614292145,0.7931116317692218
job_000010,Rwanda,232,9.128762698412698,True,5,0.007637087485111683,0.5924088636838913,0.3928329995134623,0.2964821314950668,0.2539440545718622,0.2,4,0.10039510027697038,0.08277828636227277,0.009553188477924792,6.583206781949671,0.8299978272486354,1116,0.008642902597784996,0.02620331384241581,-0.001860842457972467,0.0007009158143773675,159.3603215840411,-0.1189165934920311,0.1189165934920311,0.2300698355832653
job_000010,Rwanda,233,9.168110813492063,True,6,0.0080335667428217,0.5854121065863159,0.41321987507986785,0.2752567271366069,0.18567634711075573,0.16666666666666666,5,0.037059589261668247,0.02228766010565779,-0.008734542574656563,-21.400231961781138,0.6459350426637528,1159,0.021141037344932556,0.05280584469437599,-0.005340344738215208,-0.003969700541347265,-143.37504160204548,-0.15502887964248657,0.15502887964248657,0.3147507291650073
job_000010,Rwanda,234,9.207458928571429,True,6,0.009383682624429922,0.573935333896051,0.39716685022408554,0.27297499103207534,0.17588369357861744,0.16666666666666666,4,0.023598635650145017,0.0023743569598145813,-0.012504412729211068,-79.24858465156716,0.539346430648948,1388,0.021795522421598434,0.05299435555934906,-0.015186122618615627,-0.010008382610976696,-146.61320338920152,-0.2548826336860657,0.2548826336860657,0.834461501645028
job_000010,Rwanda,235,9.246807043650794,True,6,0.010179364711142393,0.5722121694458714,0.40783393183078737,0.2673728351154812,0.19407469742972314,0.16666666666666666,5,0.020912030628621087,-0.0021184991714454818,0.0007041859431877837,161.6132705818389,0.10675523380775648,1510,0.008746806532144547,0.021361282095313072,-0.004752384033054113,-0.004227824974805117,-138.34300758595393,0.011495795100927353,0.0,0.727212915015573
job_000010,Rwanda,236,9.286155158730159,True,8,0.012895911447852806,0.5505463681516345,0.40805439906532326,0.23595422980860323,0.14860082626480992,0.25,6,0.038606568560457875,-0.023779516550581442,0.012308409373348912,152.6336659820421,0.6935646862709107,1922,0.01533411629498005,0.03685975447297096,-0.008032687939703465,-0.005377385299652815,-146.2001506253528,-0.1409265547990799,0.1409265547990799,0.6303887751700017
job_000010,Rwanda,237,9.325503273809524,True,7,0.012302693633513932,0.5661711100851327,0.401977598841091,0.2482579337027961,0.16754605399228664,0.2857142857142857,7,0.021922874303460533,5.4895765731146393e-05,0.0022386762773022365,88.59530137474022,0.10214669888708018,1835,0.014159432612359524,0.03234967961907387,-0.006639901548624039,-0.00549687072634697,-140.38019797844976,-0.20778125524520874,0.20778125524520874,0.6087793271286857
job_000010,Rwanda,238,9.364851388888889,True,6,0.010069926035987565,0.5681201812819726,0.38430184934940326,0.2635707942262484,0.19187672230830197,0.3333333333333333,6,0.04169874113083519,0.0012301718856315986,0.01901493302660007,86.29840567952435,0.45696066522876116,1454,0.005880013573914766,0.014254644513130188,-0.002728820778429508,-0.0037328016478568316,-126.16823196148809,-0.07687734067440033,0.07687734067440033,0.7863724212882582
job_000010,Rwanda,239,9.404199503968254,True,4,0.006765817733454149,0.544227961952005,0.4078202661098835,0.3121187084442203,0.3264999944635096,0.25,4,0.020085219057569714,0.0009169198094228794,0.011326161187819409,85.37166095776674,0.5657501462041119,979,0.013845700770616531,0.02869097888469696,-0.006194284185767174,-0.009542450308799744,-122.98878375614434,-0.19710874557495117,0.19710874557495117,0.8216717657042598
job_000010,Rwanda,240,9.443547619047619,True,6,0.008561570935951411,0.5866336943685665,0.32222766901929356,0.1880109015286792,0.1249875932948759,0.16666666666666666,3,0.036847972193427725,-0.011647657260645749,0.02441665158667466,115.50289011499687,0.7341667544191022,1308,0.008315726183354855,0.018471069633960724,-0.004233257845044136,-0.0031487818341702223,-143.3573918041201,-0.11622073501348495,0.11622073501348495,0.6344505305824429
job_000010,Rwanda,241,9.482895734126984,True,5,0.0072745414441281716,0.5941442026088033,0.3283928058733333,0.19828272047914616,0.1621727077369279,0.2,3,0.08187408891226422,0.006238791114962017,0.0751089764494128,85.25173003052542,0.9205310129532597,1076,0.005056362599134445,0.009815100580453873,-0.0005229080561548471,-0.0020805231761187315,-104.10820516426033,-0.024035712704062462,0.024035712704062462,0.4242633786383862
job_000010,Rwanda,242,9.52224384920635,True,5,0.007286712515691168,0.5941977533425544,0.32985665322470564,0.1975199657704848,0.16221452177113455,0.2,5,0.03845104817981964,0.0013609478787749547,0.037202477130600806,87.90492947522668,0.9681754800760922,1065,0.009575041010975838,0.01798834279179573,-0.0017324077198281884,-0.0037279415410012007,-114.92471390017245,-0.07449039816856384,0.07449039816856384,0.42932590382626246
job_000010,Rwanda,243,9.561591964285714,True,4,0.006318777902713389,0.6224538182271266,0.29601707711718694,0.20006466120820326,0.2315210488045139,0.25,4,0.054879688800919466,0.04013964618826572,-0.03277733859421966,-39.23447914398575,0.9442882524042605,916,0.013260975480079651,0.03316159546375275,-0.003180713625624776,-0.0050060320645570755,-122.43090548686888,0.05238836258649826,0.0,0.44725556785561166
job_000010,Rwanda,244,9.60094007936508,True,4,0.0078912287746178,0.5713197002781896,0.3340315211800942,0.20820687874925017,0.19586286995153954,0.25,2,0.189754321529702,-0.0350792146816406,0.12365676330603995,105.8376920252115,0.6773820310971205,1194,0.008730796165764332,0.020918382331728935,-0.0033878933172672987,-0.00611438974738121,-118.99019112770473,0.08155149221420288,0.0,0.8006428065079993
job_000010,Rwanda,245,9.640288194444445,True,3,0.007096780784463971,0.6160992011987347,0.37387617859894834,0.2087466732638206,0.19719899771173732,0.3333333333333333,3,0.054438960125848666,0.015635990328065816,-0.010753221648316718,-34.517177000002114,0.3485871466309982,1028,0.017790088430047035,0.04207377880811691,-0.008843855001032352,-0.01395768765360117,-122.35912058761181,-0.1664733588695526,0.1664733588695526,0.9288118050970054
job_000010,Rwanda,246,9.67963630952381,True,4,0.00554412743008974,0.6342752028862303,0.36085142475256105,0.18802284678640308,0.13477510211838728,0.25,2,0.06745657253891002,-0.028123119692558308,-0.025854625011018137,-137.4065238553302,0.5663157743024725,879,0.012972837314009666,0.037089087069034576,-0.002976318821310997,-0.009175616316497326,-107.97164413910407,-0.24674607813358307,0.24674607813358307,0.7435739563464824
job_000010,Rwanda,247,9.718984424603175,True,4,0.00585615991265798,0.5679310880982392,0.33584617456057386,0.20805378349483564,0.19139750576975145,0.25,3,0.050236288929868256,-0.03261414850409905,-0.02410732220659173,-143.5293881706809,0.8073187292126645,887,0.011635951697826385,0.03380836173892021,-0.0014361508656293154,-0.008476282469928265,-99.6163951979508,-0.15184955298900604,0.15184955298900604,0.7388382643402224
job_000010,Rwanda,248,9.75833253968254,True,4,0.005545813985532567,0.5968838337403971,0.3858521506757635,0.3115495540096545,0.31829118101468407,0.25,2,0.049573520661754515,0.04466566484642425,-0.0016218915861576115,-2.079600341006877,0.9015922506033868,858,0.009999833069741726,0.022827256470918655,0.003800002858042717,-0.00022748828632757068,-3.425939871129711,-0.023870637640357018,0.023870637640357018,0.3806869642729316
job_000010,Rwanda,249,9.797680654761905,True,5,0.00859625000036667,0.5620772622250543,0.33550373685517837,0.18728509280963185,0.15724991980501896,0.2,2,0.18351377637272442,0.03232192326341061,-0.1663928706405938,-79.00715862708053,0.9236531628991419,1319,0.013203001581132412,0.04850654676556587,-0.003253818256780505,-0.009652207605540752,-108.62927641537085,0.2034536898136139,0.0,0.7714832378286196
job_000010,Rwanda,250,9.83702876984127,True,4,0.009389223040671779,0.6213554480505534,0.43479209003686414,0.29810136391847164,0.2359011632649293,0.5,1,0.013806850142960864,0.013798068073253447,-0.0004923701006787098,-2.0436747885070714,1.0,1406,0.0150454668328166,0.04392177239060402,-0.006236031651496887,-0.011290846392512321,-118.91224827099335,-0.2679442763328552,0.2679442763328552,0.8573014166385743
job_000010,Rwanda,251,9.876376884920635,True,6,0.007163152947908612,0.5690995081645728,0.3973803477286361,0.27258392050906416,0.1758481823742678,0.16666666666666666,3,0.012816248078148887,0.0007335574581850126,-0.009367221332814054,-85.52224271861988,0.7331240953785376,1099,0.012715727090835571,0.055210504680871964,-0.003933029714971781,-0.0029451330192387104,-143.17338069735808,-0.01865343190729618,0.01865343190729618,0.3864116420656209
job_000010,Rwanda,252,9.915725,True,4,0.006107349722086641,0.6348638016156813,0.34030468832535726,0.19090355276666848,0.11243413627322593,0.25,4,0.06402673824806444,0.020243913673912015,-0.003062643240741547,-8.602875282152143,0.3197769059818489,945,0.01360897347331047,0.054951198399066925,-0.0074333990924060345,-0.00511903828009963,-145.44661227985608,-0.003928815014660358,0.003928815014660358,0.6632034375901841
job_000010,Rwanda,253,9.955073115079365,True,3,0.0054463688869522565,0.6700558183865389,0.2850610261847319,0.17725307112665498,0.1922369260505837,0.3333333333333333,3,0.027450073508177398,0.012556996400657527,-0.015677079394174193,-51.30603863155816,0.7317298931162742,834,0.0026638724375516176,0.004094123840332031,-0.0007368934457190335,0.001132573583163321,123.04948772267,0.0670345351099968,0.0,0.5072305829584024
job_000010,Rwanda,254,9.99442123015873,True,3,0.006406299411087874,0.6674622570336641,0.28487981002545687,0.17678931836019587,0.19367069611545415,0.3333333333333333,3,0.06852378751617011,-0.06591322983689363,-0.0046054597255679565,-176.00315071572172,0.9642480611062882,953,0.0061398763209581375,0.021053006872534752,-0.0025217514485120773,0.0026830872520804405,133.22455559713626,0.14581599831581116,0.0,0.5997098692274868
job_000010,Rwanda,255,10.033769345238095,True,5,0.013999367603346554,0.6680581343204477,0.3149115441554157,0.1622691855779636,0.11043750705396696,0.6,2,0.049743279778453206,-0.030025955035829808,0.03807628012023906,128.2583847495177,0.9748218304767486,2069,0.009166956879198551,0.028386130928993225,0.0009942596079781651,-0.0019433676498010755,-62.9049502384288,-0.21275129914283752,0.21275129914283752,0.2381314435877047
job_000010,Rwanda,256,10.07311746031746,True,4,0.008358011500266074,0.6105863289768394,0.4226976536651847,0.29810919818943377,0.24643052760191742,0.25,2,0.013166046893818093,-0.008930547666120461,0.009663743576795962,132.74192633735157,0.9994166878177885,1223,0.0017947922460734844,0.0042986078187823296,-0.0008058689418248832,-0.0004094031173735857,-153.068204415201,0.004729566629976034,0.0,0.5036238890954621
job_000010,Rwanda,257,10.112465575396826,True,3,0.005597050690623353,0.581435574113855,0.4743126603124095,0.32274041116868857,0.4091043981266287,0.3333333333333333,3,0.013126285595269273,0.010766750581064731,-0.006436930744993998,-30.87320606057426,0.9556550919972818,829,0.00264614075422287,0.004742704797536135,-0.0003572654095478356,-0.0014604812022298574,-103.74585183034857,-0.06824400275945663,0.06824400275945663,0.5682024975822018
job_000010,Rwanda,258,10.15181369047619,True,4,0.006740100365096606,0.6057784870385119,0.3634637106315815,0.3163736918715075,0.2954057928635405,0.25,2,0.0003134493555863859,-6.36796323878654e-05,0.00016822450997462158,110.73363698942208,0.5738528077885969,1041,0.013183942064642906,0.05872862786054611,0.008500471711158752,-0.0039649889804422855,-25.00638830293131,0.5449982285499573,0.0,0.7114503741260054
job_000010,Rwanda,259,10.191161805555556,True,4,0.008291945735999198,0.6795019488415145,0.30325907274041225,0.15700529042196834,0.12604841034228842,0.75,2,0.013262630963177301,-0.011650698181513725,-0.0020603049669887475,-169.97151645195828,0.8920905358053629,1224,0.008354390040040016,0.020938539877533913,-0.005467408336699009,0.0022463577333837748,157.66403575448882,-0.20690253376960754,0.20690253376960754,0.7075196084996893
job_000010,Rwanda,260,10.23050992063492,True,4,0.009283872374037189,0.6779351709682772,0.30272296703487317,0.15594460010721625,0.12566504888867389,0.75,4,0.061011120678600914,-0.039818371733363764,-0.013624685819327418,-161.11054893607022,0.6897898581249833,1326,0.02665526047348976,0.0776926726102829,-0.015062200836837292,-0.00341878947801888,-167.21178763834342,-0.43960434198379517,0.43960434198379517,0.5794474766144728
job_000010,Rwanda,261,10.269858035714286,True,4,0.008068092232885089,0.679077855428279,0.30697795180726306,0.15835377439890436,0.1272313169121025,0.75,3,0.02967490631050136,-0.027968232768402893,0.008493189427924378,163.10789495165162,0.9849862305843156,1178,0.020492814481258392,0.05707821622490883,-0.011822814121842384,-0.002145974198356271,-169.71217558867025,0.06123165413737297,0.0,0.5863516279473006
job_000010,Rwanda,262,10.309206150793651,True,5,0.009894952170227043,0.6342427847599645,0.28088318668946805,0.16590867397709116,0.14782671386599938,0.6,3,0.05183237900408333,-0.05180564483821013,-0.00029086458291870647,-179.67831424639365,0.9994999720603096,1464,0.020695380866527557,0.06194114685058594,-0.003003846388310194,-0.005147899966686964,-120.26394973822659,-0.10150334239006042,0.10150334239006042,0.28799656430721426
job_000010,Rwanda,263,10.348554265873016,True,4,0.007766484236112427,0.6166390521129332,0.3452672627099328,0.18393927900557291,0.1308496125778091,0.5,3,0.0836719886886002,0.004986106786197412,-0.014076557551799831,-70.49516700097554,0.17847721959715432,1157,0.0311567559838295,0.11891048401594162,-0.013134033419191837,-0.02380445972084999,-118.88757523793947,-0.1863943636417389,0.1863943636417389,0.8726007192770706
job_000010,Rwanda,264,10.387902380952381,True,5,0.01062110922451527,0.6279560932187448,0.41012764479497,0.2725477351534286,0.1772727490910201,0.6,3,0.10370741506942233,-0.0659263731061742,0.04363302652971268,146.50162443723815,0.7623152976597877,1525,0.0222929660230875,0.08248753845691681,-0.008097583428025246,-0.0163826085627079,-116.30223161439788,-0.08146128803491592,0.08146128803491592,0.819747008896891
job_000010,Rwanda,265,10.427250496031746,True,6,0.01181701673076921,0.6017022988970867,0.37527451404572226,0.26626050352943104,0.1881076284350243,0.5,5,0.0878283270498115,-0.02161363556829114,0.0035943661610768896,170.55807177058944,0.24946928943454438,1676,0.009901239536702633,0.030557679012417793,-0.002712975023314357,-0.007548105902969837,-109.76968598607274,-0.16512733697891235,0.16512733697891235,0.8100860802423518
job_000010,Rwanda,266,10.466598611111111,True,8,0.012566046524886854,0.6097991350974148,0.34031336083948677,0.2697383296204816,0.1346982537755431,0.375,6,0.09586452179658998,0.014838621767363844,-0.027868159392651765,-61.966577874176984,0.3293443704066355,1877,0.02174588479101658,0.06157710775732994,-0.005995922721922398,-0.018576759845018387,-107.88824884787485,-0.08015772700309753,0.08015772700309753,0.8976607683378016
job_000010,Rwanda,267,10.505946726190476,True,6,0.013055149821584467,0.602258564058391,0.4425640902932369,0.2901979739199748,0.21363724233605716,0.3333333333333333,5,0.1337370974854427,0.03572383245861248,0.10801560661743466,71.69948073083881,0.8506972630600267,1882,0.020421190187335014,0.046334266662597656,-0.0004537916393019259,-0.013461033813655376,-91.93079545632365,-0.14363740384578705,0.14363740384578705,0.6595443515542982
job_000010,Rwanda,268,10.545294841269842,True,8,0.014512837217302838,0.5775595311264815,0.4314367863911551,0.2553450910161645,0.14662829311203035,0.375,6,0.08433226019844563,-0.030550072444825587,0.015238858910832688,153.48925413328195,0.40482557470547803,2104,0.012527480721473694,0.030805425718426704,0.0031081049237400293,-0.00030876995879225433,-5.673347320634741,-0.3388963043689728,0.3388963043689728,0.24932422398458012
job_000010,Rwanda,269,10.584642956349207,True,7,0.012722764523469944,0.5947495171734852,0.4305594837526003,0.26880295898338963,0.1675451425114533,0.42857142857142855,6,0.0349390027323203,0.018815831649813524,-0.002692586539757623,-8.143860720410885,0.5440199008658784,1887,0.021027982234954834,0.08065978437662125,0.00568997161462903,0.0025124975945800543,23.824619522066175,-0.26317745447158813,0.26317745447158813,0.29579641211893304
job_000010,Rwanda,270,10.623991071428572,True,8,0.016061631522686637,0.6023060008644795,0.4193246451737883,0.25495663840868193,0.1456793192984193,0.5,7,0.11417461613843531,-0.04809078831484683,0.0466335970519882,135.8813393069785,0.5867169299724466,2354,0.03560640290379524,0.09507710486650467,-0.005089367739856243,-0.0066403113305568695,-127.46782275705624,0.03377832844853401,0.0,0.23496687645429823
job_000010,Rwanda,271,10.663339186507937,True,7,0.014824624552454405,0.5914112845974989,0.3784015003457629,0.24358745339374913,0.14732315582215746,0.42857142857142855,6,0.09262899986976487,-0.03079562080172138,0.042632675860256215,125.8423823300138,0.5677700299399052,2196,0.012378260493278503,0.03791496530175209,-0.0010519663337618113,-0.0003377676766831428,-162.199099556856,-0.11796258389949799,0.11796258389949799,0.08925826534483829
job_000010,Rwanda,272,10.702687301587302,True,7,0.01304336639593727,0.6241976838762886,0.3588458332186769,0.2023388949689767,0.13423494052451762,0.5714285714285714,5,0.08574431706075991,-0.010085751440331565,-0.04101347208483222,-103.81564636048438,0.49257351234039104,1930,0.02553180232644081,0.07163602858781815,-0.0030019315890967846,-0.0019094871822744608,-147.54012431251314,-0.04294741153717041,0.04294741153717041,0.13934664561691248
job_000010,Rwanda,273,10.742035416666667,True,6,0.013281599819362114,0.5980090208000715,0.3790625829417735,0.2639594712499148,0.19167883252864246,0.3333333333333333,4,0.14227472045157488,-0.005056519893037022,0.05577503095424056,95.18022846244611,0.39363122107050585,1911,0.02458258345723152,0.06375310570001602,-0.0058463686145842075,-0.009760226123034954,-120.92157917476305,0.01992686465382576,0.0,0.4628179049263712
job_000010,Rwanda,274,10.781383531746032,True,4,0.009951416590114037,0.6668143333380215,0.3013955239593221,0.1576332622477006,0.13159114305594685,0.5,4,0.07047896869568097,-0.013056025129039753,-0.05916819529301099,-102.4434563461248,0.8597109815664514,1396,0.010085096582770348,0.025355223566293716,-0.004239693284034729,-0.005265397951006889,-128.8409835682242,0.08893430233001709,0.0,0.6703093191442643
job_000010,Rwanda,275,10.820731646825397,True,6,0.012471196559521034,0.628682339527631,0.45790691078249246,0.2731716045986871,0.1705938667617676,0.3333333333333333,4,0.04150671339130502,-0.003946941399909397,-0.0379843065178775,-95.93230283456558,0.9200636660375224,1857,0.014496936462819576,0.04067211225628853,-0.006966360379010439,-0.005857840646058321,-139.9403483615256,0.06451988965272903,0.0,0.6278494770354437
job_000010,Rwanda,276,10.860079761904762,True,6,0.009732659429204716,0.6363165881688624,0.35316547307742524,0.21635739999518397,0.16978553755354722,0.5,4,0.010182213498575498,-0.00807013006021626,-0.0012889427141256746,-170.92549393020232,0.8026167730960183,1467,0.015527157112956047,0.03393954783678055,-0.004643692634999752,-0.0016657182713970542,-160.26680858420926,0.07086748629808426,0.0,0.3177276019090917
job_000010,Rwanda,277,10.899427876984127,True,6,0.00970440540138923,0.6362516930504117,0.3545116147637508,0.216133216012933,0.17287047487499255,0.5,6,0.06245319092290728,-0.0016492560906615457,0.03421108440926402,92.75999177884164,0.5484237826353505,1459,0.009046739898622036,0.02267220988869667,-0.0053186905570328236,0.0009730703895911574,169.63222652240046,0.051088158041238785,0.0,0.5976706575899223
job_000010,Rwanda,278,10.938775992063492,True,9,0.01599611940724158,0.5855868141428311,0.41693513033860996,0.3012764560755449,0.13867080580740967,0.2222222222222222,5,0.029697561739819096,-0.010836757374064917,0.016921314311740456,122.63633372797509,0.6766189863025507,2384,0.015526428818702698,0.04708532243967056,-0.008492340333759785,0.003407986368983984,158.1343492930605,0.13181287050247192,0.0,0.5893589744423484
job_000010,Rwanda,279,10.978124107142857,True,8,0.0147688902235123,0.582310313801938,0.3743769323143384,0.29189621026630497,0.1784810749981403,0.25,8,0.043831985512282755,-0.010765964324986627,-0.006472436721356289,-148.98595370463204,0.2865894428353781,2214,0.013395149260759354,0.04697132110595703,-0.00836578942835331,0.003980690147727728,154.5535125446505,0.058386411517858505,0.0,0.6916364701838764
job_000010,Rwanda,280,11.017472222222223,True,6,0.011438885186590475,0.5912693630185368,0.23912734746498507,0.1925472100360092,0.1540639338069457,0.3333333333333333,6,0.10496292949262355,-0.029607990988352303,-0.07844202359316373,-110.67904562111495,0.7987944766609142,1730,0.008468053303658962,0.03005310706794262,-0.006470442283898592,0.0017112201312556863,165.18629766496775,0.07651935517787933,0.0,0.7903704440091335
job_000010,Rwanda,281,11.056820337301588,True,7,0.012825007125254919,0.600348124102811,0.3056630506487304,0.24246413321916999,0.17689265377909127,0.2857142857142857,6,0.0694518240892778,-0.0159675563326555,-0.015252778367898808,-136.3115364654456,0.3179455062639774,1877,0.019026201218366623,0.06469549238681793,-0.015579598024487495,0.004104603547602892,165.2402409630222,0.026618273928761482,0.0,0.8467915958691351
job_000010,Rwanda,282,11.096168452380953,True,5,0.010567598240948625,0.615338901753709,0.24717189085302657,0.20416314925215465,0.1831996807675587,0.4,5,0.12432598499722447,0.04066893980782151,0.08122186479623128,63.402222362233914,0.7306176741219592,1567,0.01627342216670513,0.05914957448840141,-0.01243800949305296,0.0024575460702180862,168.8232564755314,0.10416176915168762,0.0,0.7790906126312105
job_000010,Rwanda,283,11.135516567460318,True,6,0.012937020965067353,0.6219704126309203,0.3258197753464572,0.25609555091216807,0.20486376146313648,0.3333333333333333,5,0.08157359385723725,-0.04009019258067891,0.022713684206779123,150.46564419644747,0.5648579008082905,1880,0.00916104856878519,0.03249781206250191,-0.007412012666463852,0.0010195504873991013,172.16789835202735,0.06442495435476303,0.0,0.8166975143741055
job_000010,Rwanda,284,11.174864682539683,True,7,0.013840625373301496,0.6671440614150353,0.29089725043252956,0.27991174118784334,0.20255096119248908,0.2857142857142857,5,0.03413092302279153,-0.01405198786308012,-0.0028646793797815124,-168.477409721472,0.42017663489136486,2056,0.017213771119713783,0.06394756585359573,-0.012103249318897724,0.002398373791947961,168.79150051237173,0.05977243185043335,0.0,0.7167860803576035
job_000010,Rwanda,285,11.214212797619048,True,5,0.007971737936723428,0.578852303872314,0.2200862062400863,0.20490468577107593,0.18606766288416907,0.4,4,0.00998422366869486,-0.0013958084261830347,0.0010973322606330246,141.8268980517553,0.17783108735446862,1169,0.005726305302232504,0.021457938477396965,0.002766835270449519,-0.0033687830436974764,-50.6031922642393,-0.2117891013622284,0.2117891013622284,0.7612878300286974
job_000010,Rwanda,286,11.253560912698413,True,6,0.010714348461310043,0.6514997297878508,0.2441629352299642,0.186954940273594,0.13846952178171032,0.3333333333333333,4,0.020389877804207698,-0.005167150058989059,-0.008396141277797944,-121.60895686372302,0.4835111661406396,1606,0.005853771232068539,0.014146989211440086,-0.002452698303386569,0.0005630890955217183,167.07012341513254,-0.03177985921502113,0.03177985921502113,0.42989469103921113
job_000010,Rwanda,287,11.292909027777778,True,6,0.010381557809018999,0.6511285635140855,0.2444067692074503,0.18738245970989853,0.13938198186946718,0.3333333333333333,6,0.021748944257851417,-0.00943288574348536,0.006196840102614423,146.69748677400662,0.518934704885982,1580,0.009001830592751503,0.022528192028403282,-0.004873913247138262,0.00010209144238615409,178.8000292139116,-0.0765073299407959,0.0765073299407959,0.5415545548257744
job_000010,Rwanda,288,11.332257142857143,True,6,0.01101306605513775,0.5875986910370504,0.24145106088648718,0.19464934107058482,0.15607586178051738,0.3333333333333333,5,0.015981528131150925,-0.008556112617608004,-0.010335029961302053,-129.62050636723728,0.8395411027250284,1653,0.007867002859711647,0.018759269267320633,-0.00322415167465806,-0.0019467915408313274,-148.87578568136826,-0.0758122056722641,0.0758122056722641,0.4787487780890121
job_000010,Rwanda,289,11.371605257936508,True,6,0.010232125308625639,0.5919199727314096,0.24318123529221347,0.19647137559040195,0.1576608237886213,0.3333333333333333,5,0.029126159534357137,-0.006734345270833182,0.024341259747803788,105.46483952184029,0.8671125824963689,1574,0.006128622684627771,0.016391996294260025,-0.0023772541899234056,-0.004055004566907883,-120.38104563288786,0.0735817477107048,0.0,0.7669697177889008
job_000010,Rwanda,290,11.410953373015873,True,6,0.011029626394572077,0.5873592960955071,0.24246751606158398,0.19456709222012858,0.15798076567921213,0.3333333333333333,5,0.01132092304521843,-0.001983407554419122,0.010242940691597579,100.9589307585854,0.9215859575032498,1671,0.005598077550530434,0.015627678483724594,-0.0027091356460005045,-0.0016159568913280964,-149.1845868414284,0.002888989634811878,0.0,0.5634931201057157
job_000010,Rwanda,291,11.450301488095239,True,7,0.01186463364915633,0.6198976139921825,0.3121762033942782,0.26102313551564676,0.19541525219454983,0.2857142857142857,6,0.04103256757995568,0.010978295421644066,-0.012804785969931171,-49.39157498759454,0.4110563723058822,1781,0.010181542485952377,0.028143292292952538,-0.00777176208794117,-0.003966277465224266,-152.9627480882125,0.0022713523358106613,0.0,0.8569767173845836
job_000010,Rwanda,292,11.489649603174604,True,7,0.012525990052643663,0.6190844255130622,0.3114972635374604,0.26046683855580216,0.1948996550176487,0.2857142857142857,7,0.048076901742847775,-0.02066651674369152,-0.017254698362257164,-140.14112942173008,0.5599915411167057,1897,0.005475508980453014,0.016613483428955078,-0.003438895335420966,-0.0012399661354720592,-160.1721635204409,0.035301294177770615,0.0,0.6676300745614526
job_000010,Rwanda,293,11.528997718253969,True,8,0.013254875511030674,0.6416462370458881,0.2775071535194747,0.26561776381820523,0.17831820196446924,0.25,7,0.04134964826123303,0.014354089951121904,-0.007420889622378109,-27.33841295065329,0.39078646904770614,1966,0.016719410195946693,0.06017382815480232,-0.01092490553855896,-0.008939924649894238,-140.70630343450136,0.0127033069729805,0.0,0.8443185727943209
job_000010,Rwanda,294,11.568345833333334,True,8,0.014728971247961908,0.6100364048761551,0.31945050859477814,0.24524799846728473,0.16651493227066716,0.375,7,0.042300647389843335,-0.012240024297379058,-0.0017963898269259886,-171.65067250529304,0.29245756412958307,2130,0.022015579044818878,0.08835510909557343,-0.015822330489754677,-0.012720909900963306,-141.2012546176942,-0.0054632266983389854,0.0054632266983389854,0.9221612311837523
job_000010,Rwanda,295,11.607693948412699,True,7,0.013376814239685012,0.6371005916323412,0.36016407041780624,0.22103122197135416,0.16196414767136763,0.42857142857142855,7,0.03660598648788323,-0.020684808406690323,-0.010129448129702451,-153.90879067158096,0.6291831427222098,1960,0.012763428501784801,0.04397699236869812,-0.008026683703064919,-0.009231849573552608,-131.00551172963392,-0.032596368342638016,0.032596368342638016,0.9584684622533443
job_000010,Rwanda,296,11.647042063492064,True,7,0.013562780450360442,0.6371770103335423,0.3600528088559364,0.22069193914032703,0.16102854979699802,0.42857142857142855,7,0.024773381968737702,0.0019421184737080821,-0.00282762113624676,-55.51722962550536,0.13846897471112352,2009,0.02570316009223461,0.09272868186235428,-0.01583068072795868,-0.019031524658203125,-129.7541440001307,-0.1542569100856781,0.1542569100856781,0.96311064268515
job_000010,Rwanda,297,11.686390178571429,True,6,0.008707898118291273,0.6383128688733488,0.3631825779679338,0.23777600018804526,0.17807871688497323,0.3333333333333333,6,0.04218416531245408,0.009323058258733117,-0.03409147683321961,-74.70518266746318,0.837833120229038,1346,0.0013577541103586555,0.0023296321742236614,-0.0001981113600777462,-0.00031658122316002846,-122.03766023550781,-0.014279174618422985,0.014279174618422985,0.2750565861470984
job_000010,Rwanda,298,11.725738293650794,True,7,0.01135779494837924,0.5822318256670552,0.2602362257053812,0.18296048225171668,0.12613555232231313,0.42857142857142855,5,0.11071748085718336,0.009638337428399053,0.08182231202379833,83.28174865115908,0.7441285175003048,1748,0.004542561247944832,0.006424448452889919,-0.0029426258988678455,-0.002336367964744568,-141.55134437461018,-0.017673417925834656,0.017673417925834656,0.8271430123271153
job_000010,Rwanda,299,11.76508640873016,True,9,0.015299836849502833,0.6322294433838478,0.23811670408472171,0.19892654967795642,0.11903706226050062,0.3333333333333333,7,0.04271441738453435,0.00014471157509406935,0.013125674612066013,89.36833520376477,0.3073077691261663,2307,0.005701087415218353,0.010856102220714092,-0.0035194740630686283,-0.0026261182501912117,-143.27088479396056,-0.008865629322826862,0.008865629322826862,0.7702501534710244
job_000010,Rwanda,300,11.804434523809524,True,9,0.015213760797398541,0.6316439519887315,0.23811954375462932,0.19918648288848176,0.1186759518433257,0.3333333333333333,9,0.03665171932858805,-0.014879782524151718,7.216787645061704e-05,179.72211406256952,0.4059825242870637,2286,0.006036718841642141,0.009310677647590637,-0.0023244661279022694,-0.0020882359240204096,-138.06435506126346,-0.029908275231719017,0.029908275231719017,0.5176188585294614
job_000010,Rwanda,301,11.84378263888889,True,11,0.01631124717620853,0.6535435060476239,0.2641858728219436,0.2465202296416406,0.1427609611044478,0.2727272727272727,9,0.01031854870358016,-0.006202911142430139,0.0016260955270510596,165.3104380066664,0.621454709443424,2479,0.0019384290790185332,0.005865946412086487,-0.0007943329401314259,-0.0010267384350299835,-127.72721481238796,-0.02421867474913597,0.02421867474913597,0.6696844595905902
job_000010,Rwanda,302,11.883130753968254,True,11,0.016891081779375913,0.6540871446469527,0.2645488540224688,0.24626607469055473,0.1412133642172034,0.2727272727272727,11,0.030901079185016188,0.013816128122841298,0.00922486883534525,33.73057782400868,0.5376108089058045,2533,0.003983890172094107,0.01516044232994318,-0.0008488388266414404,-0.000643388309981674,-142.83922393056872,0.09773208200931549,0.0,0.267356208958143
job_000010,Rwanda,303,11.92247886904762,True,9,0.014943168184157472,0.6311874477778296,0.23847014527420754,0.19944200546139346,0.11856466811747407,0.3333333333333333,9,0.0304039416150125,-0.0008487597811273637,0.002101434465855076,111.99355739068194,0.07454188543817865,2232,0.0074812560342252254,0.016935404390096664,0.0007626062724739313,0.0029326966032385826,75.42385948912852,-0.13804404437541962,0.13804404437541962,0.4050425917472821
job_000010,Rwanda,304,11.961826984126985,True,7,0.012475023752594188,0.6266277928842205,0.235678331226377,0.20793713070802966,0.13892919270699897,0.42857142857142855,6,0.028490440767652076,0.010612451737050275,-0.01760963040034384,-58.92471243015676,0.7216537640489126,1887,0.00142872694414109,0.00429864227771759,-0.0005918588722124696,-0.00036663326318375766,-148.22341579142264,-0.025442078709602356,0.025442078709602356,0.48729823051628873
job_000010,Rwanda,305,12.00117509920635,True,8,0.012894356894264871,0.6505607030612275,0.23912630842067492,0.20372424117719037,0.13405319111641847,0.375,6,0.01831743328495296,0.0022619679377967983,0.0015380018347752617,34.213340140033495,0.14932851338969405,1927,0.0034390478394925594,0.008103534579277039,-0.0006894205580465496,-0.0002440424432279542,-160.506955236563,-0.024801574647426605,0.024801574647426605,0.21265754471640833
job_000010,Rwanda,306,12.040523214285715,True,7,0.009614274872823585,0.6518622009391165,0.23700116623204895,0.2181394211959271,0.14972386352393488,0.2857142857142857,6,0.02247669560362284,-0.016457322593424913,-0.0005838150087604641,-177.96831381516452,0.7326554977556652,1445,0.0020675240084528923,0.004112353548407555,-0.000608885136898607,-0.0010220829863101244,-120.78351078943378,0.025594759732484818,0.0,0.5754243388971603
job_000010,Rwanda,307,12.07987132936508,True,9,0.0158610226505167,0.6297878066634265,0.23488530095859378,0.19947735927864815,0.11808481068114768,0.3333333333333333,6,0.030767352488259223,-0.0020148940890863803,-0.0015148758284531008,-143.06272935426276,0.0819323831025545,2370,0.0026521729305386543,0.009813379496335983,-0.0011178801069036126,0.0007158737862482667,147.36510576225515,-0.04099351912736893,0.04099351912736893,0.5005152146394619
job_000010,Rwanda,308,12.119219444444445,True,8,0.016360671669636118,0.6583955526147998,0.26277474349675856,0.17721881021389999,0.10429044031410079,0.375,7,0.033982786052129656,0.0003005940453589901,0.0017973316738901447,80.50546173989473,0.05362405201713769,2443,0.005837917793542147,0.018511025235056877,-0.0019044982036575675,0.001045535202138126,151.23400710133106,-0.07734035700559616,0.07734035700559616,0.37215585805651996
job_000010,Rwanda,309,12.15856755952381,True,9,0.015164011990632198,0.6312265111511342,0.2415278833936528,0.20003154742537252,0.11970390801016591,0.3333333333333333,7,0.03801212001590089,0.009625772593034845,0.022266777743639353,66.62150865908144,0.6381726473946333,2208,0.005252349190413952,0.01807597652077675,-0.0008404311956837773,0.0007211432093754411,139.3683158310944,-0.09246929734945297,0.09246929734945297,0.21084220212084184
job_000010,Rwanda,310,12.197915674603175,True,8,0.013773133513359691,0.607485344066701,0.23340688543713234,0.19796403660579712,0.11760914697897276,0.375,7,0.04399518333086264,0.003673666968621632,-0.00840738693191031,-66.39673855352531,0.20854476273231853,2039,0.004612446762621403,0.015018954873085022,-0.0008645677589811385,-0.00022502306092064828,-165.41116966803907,-0.03939012438058853,0.03939012438058853,0.19368713188000264
job_000010,Rwanda,311,12.23726378968254,True,7,0.012679104099942412,0.6253291731699273,0.23155565510817508,0.20580877056395125,0.1334051811048414,0.42857142857142855,7,0.023747176212603527,9.047640609719021e-05,0.010747390041021852,89.51766952364319,0.45259153230567617,1926,0.009887614287436008,0.038559578359127045,-0.0033110708463937044,-0.004664111882448196,-125.37108792029878,-0.02828379161655903,0.02828379161655903,0.5784903012329461
job_000010,Rwanda,312,12.276611904761905,True,8,0.014162657391177452,0.6074573646666417,0.23548429353041392,0.19913489220004824,0.11965504049120149,0.375,7,0.0396649810268281,0.007634310820589689,0.029143662100459763,75.32094484990698,0.7595363164880417,2137,0.014436035417020321,0.05117785930633545,-0.0033740769140422344,-0.001022250042296946,-163.14467311147203,0.06471318751573563,0.0,0.2442176071540226
job_000010,Rwanda,313,12.31596001984127,True,7,0.014342098261067065,0.5799854214539134,0.2623001433748904,0.18316354839719792,0.12818182388424434,0.42857142857142855,7,0.03791434887837441,-0.007182885179312505,-0.01802111724851171,-111.73131477353473,0.5116758954154703,2116,0.006934797391295433,0.026077693328261375,-0.0024370017927139997,-0.0017063106643036008,-145.00152022484977,-0.0022418738808482885,0.0022418738808482885,0.42899228683422447
job_000010,Rwanda,314,12.355308134920636,True,7,0.014220507252917578,0.6347909777705469,0.26384936107610985,0.17939224522706082,0.104894366742498,0.42857142857142855,6,0.04154974906330239,-0.03784033330280204,0.00138883723018697,177.89804151811344,0.911336711345079,2179,0.017469849437475204,0.059300921857357025,-0.003026395570486784,-0.0019294572994112968,-147.4807377947432,0.132652148604393,0.0,0.20544727662152837
job_000010,Rwanda,315,12.39465625,True,7,0.014206898394788873,0.6347781852877199,0.26605556792549345,0.18004410386197087,0.10415170697507818,0.42857142857142855,7,0.08250524964851524,-0.0003251104354381377,0.05606893354189175,90.3322204631463,0.6795916179148599,2151,0.01781282387673855,0.06205931678414345,-0.0049019320867955685,-0.0008153077214956284,-170.55679557548189,0.06839918345212936,0.0,0.27897160496400086
job_000010,Rwanda,316,12.434004365079366,True,6,0.012972897016831422,0.6369012836563652,0.25677527916516096,0.1935271225163171,0.11430535167520577,0.3333333333333333,6,0.06613182910592391,0.004955570894286357,-0.026463930090821652,-79.39376451168262,0.4071249328227472,1911,0.010898478329181671,0.029981356114149094,-0.0013331103837117553,0.008497348986566067,98.91619637084413,-0.021409323439002037,0.021409323439002037,0.789218996493512
job_000010,Rwanda,317,12.47335248015873,True,8,0.014408121949034819,0.6561517274931088,0.3205849022004723,0.23642935740932663,0.1449777883236753,0.375,6,0.0213755876791145,0.004100593077946276,-0.004585876007224143,-48.19759279970122,0.28779741789642727,2156,0.02318583056330681,0.08485269546508789,-0.0027986580971628428,0.011194722726941109,104.03613467706107,0.11606493592262268,0.0,0.49768545293733274
job_000010,Rwanda,318,12.512700595238096,True,8,0.015139713712916817,0.6565121194507832,0.3186426202671069,0.23696951463186142,0.14529867038021377,0.375,8,0.0573602758378238,0.009159065356692971,-0.0493614987515363,-79.48827095036839,0.8752406312398601,2275,0.018498960882425308,0.0623650997877121,0.0019109428394585848,0.007883801124989986,76.3749386146804,0.09474454075098038,0.0,0.4385160439370171
job_000010,Rwanda,319,12.552048710317461,True,9,0.016709901552893317,0.6326288120736213,0.376764176328791,0.28465711368938096,0.1652044979361436,0.3333333333333333,8,0.030570191568773643,-0.012930920201517803,0.004697680500420819,160.0343974728813,0.45003951315531865,2502,0.008143085986375809,0.028426120057702065,0.002175037283450365,0.0023381621576845646,47.06999494493057,-0.023099342361092567,0.023099342361092567,0.3921606375848227
job_000010,Rwanda,320,12.591396825396826,True,9,0.017982098149316963,0.6330320348693579,0.3793707025054616,0.28333999910307467,0.16788500596231581,0.3333333333333333,8,0.04591450156617441,0.011947052143894424,-0.00047335697814382356,-2.2689428313880264,0.2604063107084932,2647,0.01456035953015089,0.04804399609565735,0.002788455691188574,0.00429311441257596,56.99554515547203,-0.14624613523483276,0.14624613523483276,0.3515854484467852
job_000010,Rwanda,321,12.630744940476191,True,7,0.015619212779567225,0.6353605595256637,0.263337125870239,0.18056938947492035,0.10699148441491697,0.42857142857142855,7,0.03041467815603047,0.01028697271736695,-0.001459163843592713,-8.073307397791824,0.34160958119780394,2301,0.015051968395709991,0.04595218598842621,0.00189848686568439,0.0021228960249572992,48.19401964255146,-0.03261878341436386,0.03261878341436386,0.18920921951138003
job_000010,Rwanda,322,12.670093055555556,True,7,0.014961966512127145,0.6345652168863138,0.26503157932382876,0.1798184663295283,0.1026127769008399,0.42857142857142855,7,0.07690072020442958,-0.02021297939546831,0.043063141656774814,115.14442365985332,0.6186026065230629,2199,0.006726162042468786,0.02239052951335907,0.0009763566195033491,0.0009201441425830126,43.302244287433794,-0.026602184399962425,0.026602184399962425,0.1994625586349498
job_000010,Rwanda,323,12.709441170634921,True,9,0.015058551547557492,0.6616629407568921,0.3738852576278013,0.28083044996032835,0.1494024618887624,0.3333333333333333,6,0.046524402577116264,-0.0029286875767233524,-0.03486723076496007,-94.80131258507234,0.752078711607009,2250,0.01261806022375822,0.04428525269031525,0.005723406095057726,-0.006332807242870331,-47.89364677449078,-0.005346520338207483,0.005346520338207483,0.6764838396798252
job_000010,Rwanda,324,12.748789285714286,True,7,0.013479263342858027,0.6318604770626431,0.342561462986534,0.27276328973831543,0.1343614463134897,0.42857142857142855,6,0.04310070443799615,-0.002794544137913318,0.00467346364793859,120.87773383768686,0.12633782491888856,1981,0.011026637628674507,0.044264838099479675,0.005946348421275616,-0.004099693614989519,-34.58421497363796,-0.141427144408226,0.141427144408226,0.655017561904315
job_000010,Rwanda,325,12.788137400793651,True,7,0.012670516984879648,0.6317497100395817,0.3428697648233544,0.2716889148411456,0.13124925015807015,0.42857142857142855,7,0.09855391288018446,-0.002815052838950771,0.007835237754046502,109.76240382426312,0.08447753332232356,1919,0.005129864439368248,0.009368118830025196,0.003331869374960661,-0.0007598085794597864,-12.84620994928469,-0.07865463197231293,0.07865463197231293,0.6661785843911847
job_000010,Rwanda,326,12.827485515873017,True,10,0.017571574950821983,0.6419252880294948,0.3605556790136546,0.2788139925823922,0.14558729938962375,0.3,7,0.09004879230896805,0.025367215201202453,0.008833631300029593,19.199662262922548,0.2982970079955406,2649,0.029527217149734497,0.1250220239162445,-0.004674149211496115,0.017263537272810936,105.1497633706528,-0.028390437364578247,0.028390437364578247,0.605716290426874
job_000010,Rwanda,327,12.866833630952382,True,8,0.013369041933460222,0.644966601192341,0.3266012468131995,0.2601834151431954,0.1214899585645382,0.375,8,0.051472081124490324,-0.0029247814394251868,0.031025979563711274,95.38528891688837,0.6054453552813304,2017,0.008863648399710655,0.03162720054388046,0.00417740922421217,-0.003480701008811593,-39.8017394055264,-0.05509839951992035,0.05509839951992035,0.6134567744925834
job_000010,Rwanda,328,12.906181746031747,True,7,0.011863439220410214,0.6732047627935216,0.2547998836730239,0.1683073321565225,0.08327832700197724,0.42857142857142855,7,0.063213405079857,-0.00604658145091718,0.04075624816160605,98.43882482990983,0.651797526803785,1859,0.0036449837498366833,0.012405265122652054,0.0017398425843566656,-0.002104207407683134,-50.41470052238728,0.03238769248127937,0.0,0.7490670335122088
job_000010,Rwanda,329,12.945529861111112,True,6,0.011203481591880142,0.6528205431757511,0.29057462381734517,0.14726983152626322,0.08023629359367461,0.5,6,0.037737260712651786,0.0034431674361967996,0.015497258546544867,77.47354507379119,0.4206757688113027,1682,0.006014413200318813,0.019981466233730316,0.0031655433122068644,-0.0022395928390324116,-35.27905629369299,-0.04164506867527962,0.04164506867527962,0.6447320490925497
job_000010,Rwanda,330,12.984877976190477,True,7,0.01214475102789302,0.6750952850823386,0.3529769946477817,0.2137839132970679,0.12813421065279318,0.42857142857142855,6,0.06924861149875394,0.0005775638355488907,-0.02507496623475308,-88.68051188947382,0.3621966775016031,1835,0.005704384762793779,0.01850287802517414,0.002956568030640483,-0.002067103050649166,-34.959562594492645,0.0006715613417327404,0.0,0.632411977139584
job_000010,Rwanda,331,13.024226091269842,True,8,0.012773631809655144,0.6899371549986878,0.31220640727758536,0.2276900056062623,0.1242243188196929,0.375,7,0.08402623778812882,-0.007690938653231838,-0.060971030386460234,-97.18936852291212,0.7313690162369882,1925,0.003454996505752206,0.014744971878826618,0.0009838890982791781,-0.0012375094229355454,-51.51334009203315,-0.022039927542209625,0.022039927542209625,0.4575895730422358
job_000010,Rwanda,332,13.063574206349207,True,9,0.013381545062893192,0.6881879017994974,0.2830695827995777,0.22990934100446508,0.12348545078657337,0.3333333333333333,8,0.03205097997219916,0.006050291628821697,0.009412836453627655,57.268294954157994,0.34911932726594913,2026,0.013777060434222221,0.042832184582948685,0.001233360031619668,0.0031038944143801928,68.32916144014837,-0.06230190768837929,0.06230190768837929,0.2424291248332508
job_000010,Rwanda,333,13.102922321428572,True,10,0.01485545230175475,0.6629945274769329,0.2849749754844579,0.23109246278690773,0.12456763759474013,0.3,9,0.08907791318106256,-0.014913523076167105,-0.04134365321508651,-109.83543759447016,0.4934021336588415,2270,0.024753687903285027,0.08215675503015518,-0.002721167169511318,0.01039868500083685,104.66454376143191,0.014854558743536472,0.0,0.43423156018247855
job_000010,Rwanda,334,13.142270436507937,True,10,0.015023953941663289,0.6625530260106023,0.284281129268091,0.2315596694071614,0.12429928032746014,0.3,10,0.09108141058954264,-0.011220396845951315,-0.017633531236945388,-122.46901549032938,0.2294725911292431,2302,0.018339572474360466,0.058372918516397476,0.0011403403477743268,0.010004580020904541,83.49738559466225,-0.03300507739186287,0.03300507739186287,0.5490509308956028
job_000010,Rwanda,335,13.181618551587302,True,10,0.015052059390719541,0.6625908553259061,0.2844735399216437,0.23173938016796342,0.1234708366193272,0.3,10,0.03211993897166311,0.0009614009521812669,0.004889958595591541,78.87710666123785,0.15515507987818955,2275,0.0324009545147419,0.09178049117326736,-0.004346244502812624,0.013669745065271854,107.63786836276479,-0.3131820261478424,0.3131820261478424,0.4427045514727543
job_000010,Rwanda,336,13.220966666666667,True,11,0.019112015597377775,0.6669954303957112,0.33341551562301824,0.2716153214773319,0.09829693601859316,0.2727272727272727,10,0.042710756722696655,0.0031342452420158678,-0.015911606910595837,-78.85662189908243,0.379701978692154,2826,0.03127693757414818,0.08595893532037735,-0.0036212364211678505,-5.5307373258983716e-05,-179.12498596282907,0.06713420152664185,0.0,0.1157932660274735
job_000010,Rwanda,337,13.260314781746033,True,10,0.01535627487667935,0.6541728476512485,0.3506161200828336,0.2752412597003116,0.10475400626775952,0.3,10,0.048678762694651115,0.01022170236629339,-0.02226665885717553,-65.34210148669254,0.5033151989344852,2291,0.012514895759522915,0.03247150033712387,-0.0002547273179516196,0.000759835063945502,108.533226388456,-0.0018813133938238025,0.0018813133938238025,0.0640353606970601
job_000010,Rwanda,338,13.299662896825398,True,11,0.020013626422429036,0.6676494532338789,0.3313210695266662,0.27119087805628955,0.09757211198397418,0.2727272727272727,10,0.06722227975757418,0.009913683699163886,-0.036236608225244264,-74.6993093934699,0.5588659500348866,2987,0.024935103952884674,0.05896376818418503,-4.788326350535499e-06,0.002959969686344266,90.09268698012805,-0.06733766198158264,0.06733766198158264,0.11870708720360613
job_000010,Rwanda,339,13.339011011904763,True,9,0.019023189785749007,0.6438664602245172,0.30324568915638145,0.2561288418473636,0.13626887769008683,0.3333333333333333,9,0.10043754034883424,0.005209742891951797,0.03441679141140749,81.39236283034245,0.34657223787168195,2760,0.02320883423089981,0.057756807655096054,-0.001809554174542427,0.003206525230780244,119.43755489921315,-0.1644793152809143,0.1644793152809143,0.15864160852268402
job_000010,Rwanda,340,13.378359126984128,True,10,0.01797869208777976,0.6634294722669081,0.28233167597397774,0.2298991668693186,0.12295156936833326,0.3,8,0.05795055143535122,-0.01550849300735108,0.01966702445150403,128.25765503282233,0.4321971244235565,2662,0.013465766794979572,0.034815531224012375,-0.0022920463234186172,0.00034866289934143424,171.35055518536907,-0.059826552867889404,0.059826552867889404,0.17217093931032929
job_000010,Rwanda,341,13.417707242063493,True,9,0.017227993409840537,0.6469791918969864,0.2302639508988063,0.17718510256351658,0.0895440165747987,0.3333333333333333,9,0.06905096193704002,-0.010099975256365017,-0.058960940824244204,-99.72039009541416,0.866313003985248,2516,0.022214865311980247,0.05102433264255524,-0.005604942794889212,0.0036159069277346134,147.17279498736025,-0.089720718562603,0.089720718562603,0.30025367502692535
job_000010,Rwanda,342,13.457055357142858,True,9,0.016929625084767586,0.6463570596059599,0.23120084414781397,0.17739436988583498,0.0904113944562102,0.3333333333333333,9,0.08586217626151535,-0.0158109807743391,0.023810371783195273,123.58565330522332,0.3328803169647628,2432,0.029117446392774582,0.0819539874792099,-0.004253326915204525,0.016830209642648697,104.1828148002332,-0.30862486362457275,0.30862486362457275,0.5961835227363803
job_000010,Rwanda,343,13.496403472222223,True,11,0.018580287005278702,0.6424627757175508,0.3325038308976598,0.2790386384182438,0.14210147108625423,0.2727272727272727,9,0.05453845877530111,0.0036435150476937625,0.010199201755073162,70.34147791309653,0.19858394902840992,2751,0.011943073943257332,0.03748418390750885,-0.00309350760653615,0.007603304460644722,112.13961687961483,-0.06402971595525742,0.06402971595525742,0.6873049512245943
job_000010,Rwanda,344,13.535751587301588,True,12,0.01879120722359977,0.6227130179375318,0.3069190475474977,0.288237968168,0.1505409695366529,0.25,11,0.03353972047076051,-0.00042223030760751287,-0.0016229424539853524,-104.58298784393565,0.049999453452170856,2817,0.020338108763098717,0.06092493236064911,-0.005975014995783567,0.011822030879557133,116.81265387269053,-0.042052119970321655,0.042052119970321655,0.6512983902591437
job_000010,Rwanda,345,13.575099702380953,True,10,0.016045904847649926,0.6533608011060521,0.2431709991069187,0.24444324438299997,0.14590617014611607,0.3,10,0.08311475842182622,-0.008743969558728273,0.06883704668370741,97.2391805889299,0.8348718510500713,2364,0.02564181014895439,0.06742435693740845,-0.012640750966966152,0.013384346850216389,133.36337531173442,-0.32335156202316284,0.32335156202316284,0.7179693313268655
job_000010,Rwanda,346,13.614447817460318,True,10,0.015330461028793646,0.6329376485271282,0.3016184605844213,0.30929696113792826,0.17160592633429592,0.3,9,0.03760430353092756,-0.006252744019898552,0.02310064081627747,105.14556514592276,0.63641418117322,2254,0.01575685292482376,0.06472541391849518,-0.007543541956692934,0.010874180123209953,124.74948344883107,-0.19205845892429352,0.19205845892429352,0.8399222457918085
job_000010,Rwanda,347,13.653795932539683,True,10,0.01631940730443841,0.6013754885012714,0.2729892055506861,0.2742369140303568,0.1410724852354917,0.3,9,0.046990606072491815,-0.013614972514885297,0.038703999108998535,109.38043037010436,0.8731288956734958,2405,0.03665348142385483,0.15468521416187286,-0.011488386429846287,0.029590046033263206,111.21878770615247,-0.40598824620246887,0.40598824620246887,0.8660020132588574
job_000010,Rwanda,348,13.693144047619048,True,7,0.013701581257223832,0.6659959319115748,0.20492637488486515,0.17201965032188987,0.10557489569222363,0.42857142857142855,7,0.08658473031869911,-0.033438593692168325,0.03355176494815791,134.90320653160492,0.5470872784306395,2029,0.05589330568909645,0.18175387382507324,-0.026017213240265846,0.046268265694379807,119.3495817982944,-0.34942495822906494,0.34942495822906494,0.949693699894965
job_000010,Rwanda,349,13.732492162698414,True,8,0.01447624236024447,0.6812576547486271,0.2722438205698428,0.24302480606441548,0.14901131658130726,0.375,7,0.06251911534929155,-0.045159014565076115,0.022951626214043532,153.05849252704508,0.8102613572292203,2082,0.03310869261622429,0.10397868603467941,-0.014986979775130749,0.027597757056355476,118.50420123478834,-0.2514228820800781,0.2514228820800781,0.9485288443792472
job_000010,Rwanda,350,13.771840277777779,True,7,0.014620143069094633,0.6638737503352357,0.20601689121858321,0.1739970182403581,0.10896038223395489,0.42857142857142855,7,0.042151255487903515,-0.008774485732424633,0.004762949986582622,151.50608764678128,0.2368577511637362,2153,0.06372246146202087,0.15667633712291718,-0.03478497266769409,0.04826175048947334,125.78242482065723,-0.4161759614944458,0.4161759614944458,0.9335970054072056
job_000010,Rwanda,351,13.811188392857144,True,9,0.0160513317698026,0.6597980941833482,0.28975069215170846,0.24254471516604226,0.1351163906028812,0.3333333333333333,7,0.026626595278046724,-0.0020661285812807123,0.0012423405593343098,148.98196626634348,0.09054370801917248,2312,0.04385007545351982,0.11540830135345459,-0.03136085718870163,0.025574835017323494,140.8026947510813,-0.0647764578461647,0.0647764578461647,0.922848323689707
job_000010,Rwanda,352,13.850536507936509,True,9,0.016951128907368267,0.6231473810356899,0.3392633208093582,0.30319055325601074,0.10755807566457268,0.3333333333333333,7,0.033973353856039695,-0.01637500350008293,0.002057349266139814,172.83890260944167,0.4857848246819883,2491,0.015921076759696007,0.03934095427393913,-0.010805508121848106,0.00658584525808692,148.63812524242795,-0.08771511167287827,0.08771511167287827,0.7948169510224604
job_000010,Rwanda,353,13.889884623015874,True,10,0.016626610679643147,0.6743651999202955,0.285828405576643,0.23450889381353598,0.1268390588442152,0.4,7,0.09166522474546522,0.008895686773735678,0.05542230769507287,80.88138287540933,0.6123552259452033,2447,0.02765866555273533,0.060185354202985764,-0.018167950212955475,0.009433361701667309,152.56026475571056,-0.21792437136173248,0.21792437136173248,0.7401304890925363
job_000010,Rwanda,354,13.929232738095239,True,10,0.017411790356936966,0.6380745523579379,0.2975675245480571,0.25915155315843685,0.1250254594569234,0.4,9,0.1015458827900427,-0.017365927202457977,0.041396363068526926,112.75822916740434,0.4420795790355503,2537,0.02125493623316288,0.044060397893190384,-0.008511574938893318,0.007057250011712313,140.33666313215272,-0.2575954496860504,0.2575954496860504,0.520196734572435
job_000010,Rwanda,355,13.968580853174604,True,9,0.016779006049195456,0.6620764398841346,0.33012989003431287,0.2819453543501057,0.14844842175592743,0.3333333333333333,7,0.06492767081309343,-0.014061915347936856,-0.013434204471285653,-136.30778226987715,0.29952958911030125,2401,0.011995183303952217,0.027583885937929153,-0.0050104777328670025,0.003209318732842803,147.3595644633306,-0.12439526617527008,0.12439526617527008,0.4960472449842558
job_000010,Rwanda,356,14.00792896825397,True,10,0.01625842649610634,0.6450016125605962,0.40471529106050774,0.28257862257330557,0.09780195455984864,0.3,8,0.0281652107957358,-0.010274766830936062,0.0070279133132757615,145.62797540980011,0.44197749851517276,2403,0.02159971185028553,0.052677690982818604,-0.009590646252036095,0.006228010635823011,147.0009574979282,-0.27307745814323425,0.27307745814323425,0.5294242128217268
job_000010,Rwanda,357,14.047277083333334,True,10,0.01666954161248086,0.6640677629856618,0.356408598397504,0.26713086354685456,0.11766164068102729,0.4,9,0.06338008292212871,-0.009914637911788895,0.010945892790121783,132.169847220583,0.23301699011162985,2430,0.025103606283664703,0.0692344382405281,-0.011916257441043854,0.005308456253260374,155.98797641378195,-0.23556159436702728,0.23556159436702728,0.5196538964785633
job_000010,Rwanda,358,14.0866251984127,True,9,0.01590884871105782,0.627156934593626,0.3680174669333142,0.26758815576239114,0.08693740772318166,0.3333333333333333,8,0.03691208514521498,-0.007390376973279869,0.007995584824828268,132.7474279075565,0.2949692839172484,2335,0.015378212556242943,0.037620820105075836,-0.0070432862266898155,0.0013228044845163822,169.36314873441242,-0.18379727005958557,0.18379727005958557,0.4660117769859175
job_000010,Rwanda,359,14.125973313492064,True,10,0.01845444579394628,0.624031464952383,0.34116442615648346,0.2667718923260017,0.0989026651974529,0.3,9,0.042474060175142866,-0.0004939769422206508,0.012192287613820229,92.32009969560637,0.287288060713598,2702,0.04544875770807266,0.10056943446397781,-0.030292298644781113,0.017158403992652893,150.47157269753328,-0.9283826947212219,0.9283826947212219,0.7660117259309757
job_000010,Rwanda,360,14.16532142857143,True,9,0.015455756580009854,0.6273061717995633,0.36926931713837496,0.2678121241611922,0.08812731651771727,0.3333333333333333,9,0.04073392279641561,0.004286717855887547,0.01962245630811306,77.67678168142682,0.49308378683851656,2307,0.03655566647648811,0.09095410257577896,-0.018095476552844048,0.0176077950745821,135.78257122091856,-0.4038989245891571,0.4038989245891571,0.6906830857484053
job_000010,Rwanda,361,14.204669543650795,True,8,0.014350552175840739,0.6441965669658342,0.36188729164716904,0.27878321258916205,0.0996533577973731,0.375,8,0.025839566183325738,-0.0026158425524430637,-0.003849170973677059,-124.19947723109425,0.18010736420154003,2112,0.016286512836813927,0.0411534458398819,-0.006259288638830185,0.007728486321866512,129.00395703843444,-0.12913507223129272,0.12913507223129272,0.6106439131852952
job_000010,Rwanda,362,14.24401765873016,True,10,0.01645835095507575,0.6178398751049734,0.382820723191086,0.3092681872121983,0.110353525462683,0.3,8,0.06451603620655504,-0.00566759822897944,0.05289174818541442,96.11617314608402,0.8245164994907715,2509,0.043828655034303665,0.12505607306957245,-0.024551767855882645,0.02218029461801052,137.90504947108633,-0.4531022310256958,0.4531022310256958,0.7549188683331635
job_000010,Rwanda,363,14.283365773809525,True,6,0.011793995966784383,0.6096783642320197,0.36466448006681595,0.2676978890909204,0.1620161050800327,0.3333333333333333,6,0.11880130786369779,0.0012061753001338105,-0.07683190809359083,-89.10059402134591,0.6468058028639192,1720,0.029405253008008003,0.08412442356348038,-0.013535878621041775,0.014186837710440159,133.65488087312835,-0.10102269053459167,0.10102269053459167,0.6668306544130077
job_000010,Rwanda,364,14.32271388888889,True,7,0.013258645289327797,0.6550960748116695,0.2113749875136878,0.1778424672462228,0.11690715809351002,0.42857142857142855,5,0.07011003617870179,-0.03157598000635651,-0.03956283064769406,-128.59415028100443,0.72199038529775,1970,0.021865444257855415,0.07386589050292969,-0.015805473551154137,0.00898908544331789,150.37170606346245,-0.09309772402048111,0.09309772402048111,0.8315800381885284
job_000010,Rwanda,365,14.362062003968255,True,9,0.013359594741247444,0.6276367221307476,0.33768037969341524,0.2904106407970231,0.13481363061703408,0.3333333333333333,7,0.057542399495633105,0.02120585942502783,0.02383908227007908,48.345570943882294,0.5544774081563758,1986,0.03304625675082207,0.08289887011051178,-0.023611534386873245,0.004213444422930479,169.88215052842736,-0.022161880508065224,0.022161880508065224,0.7257865841416842
job_000010,Rwanda,366,14.40141011904762,True,5,0.0071936771594947055,0.6825580953157833,0.34818755137550994,0.22269605876489115,0.15704886032969645,0.4,5,0.049458990565195385,-0.01281267162849228,0.004075593672797255,162.35460857808062,0.2718466330393194,1082,0.01636177860200405,0.04305633530020714,-0.010024073533713818,-0.008868912234902382,-138.49884217880114,-0.26550012826919556,0.26550012826919556,0.8180226978801782
job_000010,Rwanda,367,14.440758234126985,True,9,0.012173711240419424,0.5925969105438029,0.2555471890896013,0.21796686998806789,0.10476532722391967,0.3333333333333333,4,0.042928194246620616,-0.0036818058746736597,-0.00452902120728709,-129.10891438354733,0.13596557463775633,1787,0.00992775522172451,0.02529081329703331,-0.005523514002561569,0.0015485850162804127,164.3385069323377,-0.09730200469493866,0.09730200469493866,0.5778235164939672
job_000010,Rwanda,368,14.48010634920635,True,9,0.012459557226069489,0.5924363482352565,0.25626163198222907,0.2179382073387258,0.1049867471226418,0.3333333333333333,9,0.02979381804500811,-0.004080559087075303,0.018156978833338003,102.66608245260257,0.6246214810460604,1872,0.020817123353481293,0.06236641854047775,-0.010076808743178844,0.0035271914675831795,160.70839159024135,-0.11875569075345993,0.11875569075345993,0.5128609347144937
job_000010,Rwanda,369,14.519454464285715,True,9,0.011551635726018469,0.6096840074367333,0.2252606434561461,0.21366131302672917,0.09555372681813361,0.3333333333333333,8,0.04248458459448985,-0.010679040605138385,-0.015706118725459035,-124.2129078538624,0.44705009061256257,1770,0.028542442247271538,0.0757094994187355,-0.02083917148411274,-0.005522828549146652,-165.15662175635205,-0.3170657455921173,0.3170657455921173,0.7553168543350669
job_000010,Rwanda,370,14.55880257936508,True,10,0.014999903825455903,0.5889612272032687,0.2372416654380572,0.2148488561040872,0.09564062412311429,0.3,9,0.051144095392345795,-0.010613667268972072,0.001589300534936677,171.4837512544082,0.20983848131187174,2206,0.017201455309987068,0.04334011673927307,-0.009683147072792053,0.0014088355237618089,171.7219182220982,-0.18300707638263702,0.18300707638263702,0.5688529506116402
job_000010,Rwanda,371,14.598150694444445,True,9,0.0161664326311024,0.6060608188273853,0.21641137817561576,0.206439363083212,0.10266209764022237,0.3333333333333333,9,0.09151649558932058,-0.004989807419710495,0.0726141746174797,93.93099805330671,0.7953256276036629,2352,0.0341198593378067,0.08155699074268341,-0.020924391224980354,-0.0034541799686849117,-170.62620218731445,-0.5139428973197937,0.5139428973197937,0.6215612191114864
job_000010,Rwanda,372,14.63749880952381,True,8,0.014458975922562763,0.6199056376444929,0.19273313802738432,0.2005930112534288,0.11661517752386838,0.375,8,0.11519968860512401,-0.012094125367520338,0.08087492489292,98.50504951720639,0.7098474876427403,2142,0.036839764565229416,0.08680057525634766,-0.016323650255799294,0.009785288013517857,149.05922427834437,-0.46866652369499207,0.46866652369499207,0.5166131086943797
job_000010,Rwanda,373,14.676846924603176,True,7,0.013512070109214286,0.5969472572882045,0.1846365638463328,0.20455629961494104,0.13423723360798948,0.2857142857142857,7,0.06283983470318989,-0.03561850359776879,-0.041290847973287824,-130.7818651504241,0.867774953300707,2036,0.022392872720956802,0.05859784781932831,-0.01734892837703228,-0.00462441798299551,-165.07463525141284,-0.24845947325229645,0.24845947325229645,0.801803363116425
job_000010,Rwanda,374,14.71619503968254,True,8,0.014952881078338923,0.6175928617449142,0.19155423575745426,0.20031636360791566,0.1144925568946186,0.375,7,0.01892093555064053,-0.013484855580922711,-0.0004325076789925895,-178.16294863346548,0.713061455027369,2250,0.04137909412384033,0.10782457143068314,-0.029818756505846977,-0.004468564409762621,-171.47721934281952,-0.4852927625179291,0.4852927625179291,0.7286704096764557
job_000010,Rwanda,375,14.755543154761906,True,9,0.016542935923237773,0.6029959081768121,0.21863317730034235,0.2084405461927335,0.09727032872890076,0.3333333333333333,8,0.07597661249785911,-0.01570211312549232,0.01822721665096197,130.74375470880275,0.3166501891366318,2393,0.04241648688912392,0.10325589030981064,-0.029077982529997826,0.007234473712742329,166.0287234520425,-0.21982590854167938,0.21982590854167938,0.7064334115058081
job_000010,Rwanda,376,14.794891269841271,True,8,0.01530044036112706,0.5806474722907566,0.21607469688131226,0.21255912671942215,0.10923577923434231,0.25,8,0.06361792530121559,-0.04155099540126959,0.0045224275765644514,173.78835478659428,0.6569906525884791,2207,0.022288847714662552,0.050608985126018524,-0.016380660235881805,0.0074906125664711,155.42614368582537,0.02836456708610058,0.0,0.8081210844032864
job_000010,Rwanda,377,14.834239384920636,True,7,0.014089080860801927,0.5926967891478514,0.18492246707338442,0.20779477703285362,0.1289435482842727,0.2857142857142857,7,0.040179336402578016,-0.022458478873632247,-0.023342581243328393,-133.89415126717142,0.8061923427468181,2078,0.04134766012430191,0.09770515561103821,-0.032191697508096695,0.008851887658238411,164.62512076102553,-0.05722261965274811,0.05722261965274811,0.8074590835267221
job_000010,Rwanda,378,14.873587500000001,True,8,0.014470108843801982,0.6135057633889777,0.19213866044709668,0.20587595091220703,0.11055910324457835,0.375,7,0.08907827190973502,-0.017043018166264867,0.05006302707030639,108.80017801897459,0.5936858282037565,2129,0.03259390592575073,0.08431175351142883,-0.02231465093791485,0.002151960041373968,174.49159576579495,-0.20595428347587585,0.20595428347587585,0.6878026595918795
job_000010,Rwanda,379,14.912935615079366,True,6,0.010926280232799882,0.6200559961841576,0.17956724984677955,0.17841719341586654,0.11659834857549667,0.3333333333333333,6,0.10988365746926625,-0.0022313080035938344,-0.10463226348005694,-91.22166101220164,0.9524260001359698,1656,0.015378042124211788,0.04113030061125755,-0.009248540736734867,-0.006932316347956657,-143.14631897643596,-0.16183149814605713,0.16183149814605713,0.7516056184367483
job_000010,Rwanda,380,14.952283730158731,True,6,0.009747423493033262,0.5582767371762498,0.21066122409575982,0.2011971248317582,0.1436587549612396,0.3333333333333333,5,0.07065510764808722,-0.02628385521472871,-0.029231345120225682,-131.96082669132576,0.5563711576062289,1492,0.027503035962581635,0.06411762535572052,-0.018172692507505417,-0.013824954628944397,-142.73777974326975,-0.2591707706451416,0.2591707706451416,0.8302233287882347
job_000010,Rwanda,381,14.991631845238096,True,6,0.009884723179476803,0.5580209312445493,0.2055513668856169,0.1982066677170791,0.1409115738277568,0.3333333333333333,6,0.15250864924196328,-0.006501097477847277,-0.12986282061634688,-92.86590686428237,0.8525775162820299,1494,0.028127305209636688,0.06150997057557106,-0.01874079369008541,-0.004789949394762516,-165.66274094411597,-0.3157109320163727,0.3157109320163727,0.6877033054542734
job_000010,Rwanda,382,15.030979960317461,True,8,0.011047054341796687,0.5792730131436871,0.2119378395755385,0.21507738782020305,0.10322592394804389,0.25,6,0.06248482438594919,-0.019407752365517107,-0.04021905077503535,-115.7596900603787,0.7146828893236715,1669,0.014092056080698967,0.03203748166561127,-0.009164247661828995,0.002984608057886362,161.96062972325663,-0.0788450762629509,0.0788450762629509,0.6839324430248547
job_000010,Rwanda,383,15.070328075396827,True,8,0.012330314046662703,0.5782731918299283,0.21166900190894658,0.21495686969073918,0.10340068655448721,0.25,8,0.04632572250224401,-0.02540963682103093,-0.006832288307829381,-164.94994751756843,0.5679816610837246,1852,0.03255228325724602,0.07790996134281158,-0.017814306542277336,0.012982980348169804,143.91561554001186,-0.03516053408384323,0.03516053408384323,0.6771661713568408
job_000010,Rwanda,384,15.109676190476192,True,8,0.013340181880556636,0.5777244242625131,0.212071658091846,0.21536983014966832,0.10484683490273292,0.25,8,0.03621527902374852,-0.013946476630667195,0.010233175898954075,143.730777913895,0.47764473751324776,2010,0.03606848046183586,0.08520536124706268,-0.01933501847088337,0.01077945064753294,150.85993123949012,-0.3051219582557678,0.3051219582557678,0.6137446167092597
job_000010,Rwanda,385,15.149024305555557,True,6,0.0086027972097092,0.634696885094714,0.24146854825597983,0.17749537807055962,0.11467722904214643,0.3333333333333333,5,0.07404184464568238,-0.025196291998148546,-0.05497198128710368,-114.62425434371362,0.8167172019370474,1297,0.02118522860109806,0.056020624935626984,-0.01688516139984131,0.0008246005163528025,177.20413549862968,-0.029935214668512344,0.029935214668512344,0.7979750770647165
job_000010,Rwanda,386,15.188372420634922,True,9,0.010982581553924937,0.6061883927199919,0.2585164996903242,0.2782047926739336,0.12530595081571777,0.2222222222222222,6,0.04584879748975299,-0.01620627301219839,-0.03029624716539193,-118.14351811180255,0.7493869522180907,1686,0.03374495357275009,0.11151528358459473,-0.02650928683578968,-0.005014657508581877,-169.2881560509926,0.09153421968221664,0.0,0.7995097541710666
job_000010,Rwanda,387,15.227720535714287,True,7,0.009597550734033379,0.6064319878499063,0.3221524726141067,0.2644549751863138,0.15135989521680018,0.2857142857142857,7,0.06450813821924789,-0.02658204340880733,0.020163068858337675,142.8188770772109,0.5172055677595722,1430,0.033390339463949203,0.08196797966957092,-0.01753072999417782,-0.005994608625769615,-161.12194855191828,-0.2991056442260742,0.2991056442260742,0.5548708633414129
job_000010,Rwanda,388,15.267068650793652,True,7,0.009420552310550398,0.6060665493995362,0.32572192677202444,0.2635286461724782,0.15025823069707495,0.2857142857142857,6,0.04432465404802879,0.014038873259845201,0.01636711684895036,49.378700638811225,0.48648367183553654,1334,0.012093576602637768,0.031107384711503983,-0.006548927165567875,0.0029209156055003405,155.96244196495215,-0.17640843987464905,0.17640843987464905,0.5929418441594818
job_000010,Rwanda,389,15.306416765873017,True,7,0.009375531995994509,0.6002079872017531,0.21472840440973165,0.19413756949211916,0.09857382668708094,0.2857142857142857,5,0.0750047999893116,0.0027740821153897496,0.07278245248847223,87.81724452013508,0.9710751842690613,1397,0.016477789729833603,0.04772748798131943,-0.009613859467208385,-0.0032308120280504227,-161.4246781194056,-0.25457024574279785,0.25457024574279785,0.6155079644349062
job_000010,Rwanda,390,15.345764880952382,True,5,0.007836989232191538,0.584296778842667,0.16949412035277683,0.17896743333926776,0.14885316164883605,0.4,5,0.06010087955572756,0.006659724459034571,-0.038480776621087766,-80.18129201150184,0.6497876895879107,1191,0.013927831314504147,0.03431978449225426,-0.007466933690011501,-0.0022470627445727587,-163.25161278801593,-0.18941573798656464,0.18941573798656464,0.5598658383234058
job_000010,Rwanda,391,15.385112996031747,True,8,0.009769715928567978,0.6251586576270161,0.19207481623266828,0.2013835162878686,0.09506522403419793,0.25,5,0.06008218638325413,0.011729404858255228,0.009403466645058757,38.719159225822125,0.25021448819940517,1458,0.0051171123050153255,0.014703902415931225,-0.002333085285499692,-0.0018206366803497076,-142.0330960035572,-0.06806670874357224,0.06806670874357224,0.5783325586832135
job_000010,Rwanda,392,15.424461111111112,True,8,0.009994264267344117,0.6248377712799777,0.1931527048676365,0.2001382800179037,0.09567111205577747,0.25,8,0.048795331260436586,-0.008155062736578416,0.027393653617055917,106.5782147903581,0.5857479505792109,1528,0.008911268785595894,0.026452116668224335,-0.004942437633872032,-0.002704877406358719,-151.30917115245003,-0.06660808622837067,0.06660808622837067,0.6322540713199558
job_000010,Rwanda,393,15.463809226190477,True,9,0.013033678150081537,0.6039290299602165,0.2598021833197296,0.2743022114634381,0.12783848827395314,0.2222222222222222,7,0.03927000256999615,0.003117924878179789,0.01319339374535335,76.70354229304391,0.34522049887187295,1971,0.018047621473670006,0.033261582255363464,-0.004557813052088022,0.008968942798674107,116.93864327374168,-0.2389814257621765,0.2389814257621765,0.5574472047320215
job_000010,Rwanda,394,15.503157341269842,True,9,0.014002318846302738,0.603932869204974,0.2590804289839806,0.27739275276092673,0.1275874836757366,0.2222222222222222,9,0.07250495560481658,9.757124959862957e-05,-0.01834279315014701,-89.69522809140398,0.25299033013421257,2058,0.020070327445864677,0.0568433552980423,-0.00340093276463449,0.011752565391361713,106.13927525816116,-0.09222952276468277,0.09222952276468277,0.6095940005909419
job_000010,Rwanda,395,15.542505456349208,True,9,0.013642162477955149,0.6037044424662622,0.25893896575673225,0.27932488907846326,0.1292941540959846,0.2222222222222222,9,0.061211849713611294,-0.005805277794149995,-0.0035951716356181665,-148.23033021230307,0.111552921466753,2013,0.03245317563414574,0.10292571038007736,-0.0066187093034386635,0.013760040514171124,115.68799342536289,-0.2677753269672394,0.2677753269672394,0.47049694750524707
job_000010,Rwanda,396,15.581853571428573,True,9,0.014502496376783325,0.6039688001351596,0.2582281888698571,0.27804645355284124,0.12865444131469392,0.2222222222222222,9,0.05552237528274942,0.006718432849051077,-0.01806381031064781,-69.59843398572681,0.34711666905113026,2122,0.017665300518274307,0.044352076947689056,-0.005100827198475599,0.002977024996653199,149.7306374023681,-0.10131502151489258,0.10131502151489258,0.3343290816604032
job_000010,Rwanda,397,15.621201686507938,True,10,0.015758488345176572,0.6126935691025018,0.2558349017418905,0.2699864402395324,0.11910737024643528,0.3,9,0.10141970093910341,0.0046685359051075286,0.08465762941961469,86.84355977907256,0.8359939600485462,2339,0.00916227512061596,0.01863057166337967,0.0006976780132390559,-0.0047296276316046715,-81.60868606392886,-0.06771988421678543,0.06771988421678543,0.5217927501958316
job_000010,Rwanda,398,15.660549801587303,False,,,,,,,,0,,,,,,0,,,,,,,,
job_000010,Rwanda,399,15.699897916666668,False,,,,,,,,0,,,,,,0,,,,,,,,
job_000011,Rwanda,0,0.0,True,14,0.022873083852719932,0.6636266927083334,0.4379160052910053,0.3234883090365916,0.12265250014128277,0.21428571428571427,0,,,,,,0,,,,,,,,
job_000011,Rwanda,1,0.03966722017220172,True,14,0.025117133823275968,0.6645583704762617,0.4368105601584977,0.3227468354146449,0.12291767288400587,0.21428571428571427,14,0.04271139653023929,0.02348734708113981,-0.02786797581753248,-49.87554973497452,0.8532984785719732,3731,0.017772428691387177,0.06130927801132202,0.006133274640887976,0.010850601829588413,60.52280726332239,-0.02065080590546131,0.02065080590546131,0.701313998465586
job_000011,Rwanda,2,0.07933444034440344,True,13,0.0210570580255072,0.6330134411785907,0.4281682594027509,0.33204979910993293,0.12149734097435358,0.15384615384615385,12,0.06515154999304788,0.010342427644857244,-0.01437078035038804,-54.25802029638491,0.2717588683868819,3135,0.007726890966296196,0.01906398870050907,-0.0008022110559977591,0.00023735311697237194,163.51790241336872,-0.010583695955574512,0.010583695955574512,0.10826964737048657
job_000011,Rwanda,3,0.11900166051660517,True,13,0.02204603156979041,0.6545877268526629,0.43105039663986666,0.335457089470278,0.12482961201439778,0.23076923076923078,12,0.11066216996311773,-0.011267095089737214,0.06194749119763424,100.30835146052742,0.5689730463147141,3254,0.00724429776892066,0.022391611710190773,-0.00048728130059316754,0.002504228614270687,101.011211782343,-0.02639729157090187,0.02639729157090187,0.3521661680663365
job_000011,Rwanda,4,0.15866888068880688,True,15,0.02492247310171723,0.6571000121961863,0.4140085570152706,0.32937706805720424,0.11138699362228345,0.2,13,0.045327933678631784,-0.013776084511084374,-0.005856310779570108,-156.9693125840258,0.3302422260608088,3685,0.006886501796543598,0.015090513043105602,0.0007571899332106113,0.002410518703982234,72.56150081810264,-0.057258184999227524,0.057258184999227524,0.3668982427560791
job_000011,Rwanda,5,0.1983361008610086,True,13,0.0214772853585885,0.6499729099654996,0.4328259100751551,0.3352478850449055,0.1315147232050832,0.23076923076923078,12,0.04696100969747117,0.025331035451570283,0.01607444433153353,32.398194652617335,0.6388452635290055,3205,0.00562445679679513,0.01503501832485199,-0.0005152630619704723,5.929265535087325e-05,173.43569878821626,-0.03111129440367222,0.03111129440367222,0.09221571809424065
job_000011,Rwanda,6,0.23800332103321034,True,13,0.02108154154130448,0.6259714427378202,0.4174167205700167,0.336011704457315,0.12046785675795224,0.23076923076923078,12,0.060991794278853685,0.0008355875092264878,-0.0269563526731203,-88.22452565725047,0.44217915816254116,3093,0.007359356619417667,0.0215590912848711,-8.39616113808006e-05,7.158739754231647e-05,139.5484074207013,-0.022107407450675964,0.022107407450675964,0.014992784135867332
job_000011,Rwanda,7,0.27767054120541207,True,12,0.021801462879752022,0.6731766279380557,0.4033718001730302,0.3354173802633207,0.1342971733827663,0.25,10,0.04361680563104143,0.010617577577929886,0.01743761014433725,58.663204141608176,0.4680709270779143,3233,0.003348051104694605,0.010486637242138386,0.00012253187014721334,0.0007016067975200713,80.09351101413564,-0.012664168141782284,0.012664168141782284,0.21272859225164767
job_000011,Rwanda,8,0.31733776137761377,True,11,0.020835871615497777,0.6523191097899672,0.43437102191515603,0.3279777272693265,0.15305523806414825,0.18181818181818182,10,0.0643926840168554,0.010663030709068908,-0.049406216330865234,-77.82102000583343,0.7849305877774856,3068,0.010853225365281105,0.028545917943120003,0.0006157684256322682,-0.0002271463890792802,-20.24815094285915,0.013319334015250206,0.0,0.060473068588261326
job_000011,Rwanda,9,0.3570049815498155,True,11,0.01987926468475772,0.6103487723072848,0.4832317635108826,0.31902770893318416,0.14734277329700263,0.18181818181818182,9,0.04926258093319283,-0.005396599343104849,0.023183009063560342,103.10408906005131,0.4831829673489037,2956,0.01365450769662857,0.03606044128537178,0.0015831408090889454,0.004177389666438103,69.24436969499956,0.0020241434685885906,0.0,0.3271679128267457
job_000011,Rwanda,10,0.3966722017220172,True,15,0.022068591945986975,0.639232122544842,0.3830526533346365,0.33814734238184724,0.10508647466281928,0.2,11,0.084554589365197,0.0044919604151573995,0.01705751196863196,75.24656889614853,0.20861149837350793,3266,0.00696172658354044,0.019786838442087173,0.0014573235530406237,0.0015360075049102306,46.50575406955685,-0.05942961946129799,0.05942961946129799,0.3041394687101884
job_000011,Rwanda,11,0.436339421894219,True,13,0.022043957940200108,0.6363206435737163,0.4347265955323914,0.3306656739095126,0.11854578883883408,0.15384615384615385,13,0.05687079489642355,0.00016273031426660667,0.023856595433710784,89.6091807974409,0.4194973971739002,3210,0.014809280633926392,0.04349565878510475,0.0034022137988358736,0.006363584194332361,61.86934764734443,-0.08197721093893051,0.08197721093893051,0.4872601792548424
job_000011,Rwanda,12,0.4760066420664207,True,13,0.02529804733127769,0.6784015816444835,0.43145414140764776,0.33039283043630757,0.14029991589122143,0.23076923076923078,11,0.060700329458900165,-0.0005066019376629971,0.04060027526992718,90.71488792763857,0.6689162340070807,3666,0.04513179510831833,0.15206876397132874,0.0038763030897825956,0.03809978440403938,84.19067020394108,-0.1120041012763977,0.1120041012763977,0.8485473659298899
job_000011,Rwanda,13,0.5156738622386224,True,12,0.026441162488905056,0.6538230313169301,0.42286066921600923,0.3306984468621207,0.13544653508222185,0.25,12,0.1105885198479069,0.003298100582170156,-0.03802102426772908,-85.04233745173293,0.34509731813849687,3936,0.02974015288054943,0.14786192774772644,0.0016462397761642933,0.027497688308358192,86.57388864266389,0.06833843141794205,0.0,0.9262535780376259
job_000011,Rwanda,14,0.5553410824108241,True,13,0.025985351953858905,0.6507339760016057,0.3959158126065419,0.3316755723162234,0.1167385655176915,0.23076923076923078,12,0.04951316171023321,-0.01799277818686334,0.021413557403210742,130.0387137924786,0.5648857184041818,3793,0.04349692910909653,0.1273321509361267,0.004433933645486832,0.03643682226538658,83.06188846108682,0.1635718047618866,0.0,0.8438666927615291
job_000011,Rwanda,15,0.5950083025830258,True,12,0.02551877200307105,0.6329512330449582,0.408571565729098,0.35401404174287693,0.1163426831572409,0.25,10,0.05865655059868211,-0.010140093985684565,-0.00596531503810771,-149.532130062032,0.2005680290845386,3705,0.012641148641705513,0.033073604106903076,0.002098159631714225,0.002869400894269347,53.82502995915208,0.07539604604244232,0.0,0.2811989678557573
job_000011,Rwanda,16,0.6346755227552275,True,15,0.027571079911423782,0.6409993567245277,0.44914362420782733,0.3404600844042016,0.10377607530151758,0.2,12,0.09091603663429448,-0.007474220780110363,0.07204569441982024,95.92283591112681,0.7966950358758484,4009,0.018374593928456306,0.06534939259290695,0.0024357810616493225,0.014655016362667084,80.56324870701063,0.07735230028629303,0.0,0.8085109565409903
job_000011,Rwanda,17,0.6743427429274294,True,15,0.035554669782561436,0.6401457678889756,0.4526034024733414,0.34354717752131364,0.1031843813076915,0.2,14,0.1603166224895318,0.022094126524273422,0.062463797634403274,70.52075751114202,0.41328304977483415,5124,0.07491698116064072,0.3948906362056732,0.0008951739873737097,0.07001757621765137,89.26751395984108,0.00978750642389059,0.0,0.9346785908092803
job_000011,Rwanda,18,0.714009963099631,True,13,0.029743204625855193,0.6558928302216995,0.430795129940285,0.3541494370195704,0.12173329356166826,0.23076923076923078,13,0.12130914142359574,0.000773106681144785,0.055573173328968134,89.20298068111697,0.4581563265284359,4333,0.06411582231521606,0.2852034866809845,0.0012421939754858613,0.06005827710032463,88.81511210183002,-0.24820134043693542,0.24820134043693542,0.9369157221388222
job_000011,Rwanda,19,0.7536771832718328,True,13,0.030497648759314197,0.6553521165517024,0.4306745333914949,0.3528905436205485,0.12287076733074148,0.23076923076923078,13,0.05171134667510527,-0.01363124684940801,-0.003040206706355898,-167.4269765660546,0.2700793013120411,4480,0.030090421438217163,0.12238386273384094,5.247630178928375e-05,0.027885589748620987,89.8921784658354,-0.06235220655798912,0.06235220655798912,0.9267281012302763
job_000011,Rwanda,20,0.7933444034440345,True,15,0.0336767197503267,0.6400894803908469,0.449980833099275,0.34263967470783546,0.10461864115801296,0.2,12,0.07336767306812635,-0.003809986916365575,-0.04010137647709724,-95.42731680590344,0.5490423709102987,4860,0.041009724140167236,0.176101416349411,-0.001795662334188819,0.03613952547311783,92.84451250374721,0.046836696565151215,0.0,0.8823299647356065
job_000011,Rwanda,21,0.8330116236162362,True,16,0.033110664857364705,0.6608958602773258,0.45411095369940513,0.3443456755576022,0.11401976592957971,0.1875,15,0.08052708892893068,-0.006975588209156,0.002804919036416484,158.0946929726639,0.09336490734576972,4798,0.033428069204092026,0.1520766317844391,-0.00026260901358909905,0.027843818068504333,90.54036921179325,0.016729801893234253,0.0,0.8329842884320083
job_000011,Rwanda,22,0.872678843788438,True,16,0.031584759523121085,0.6611399719887892,0.4549871171432238,0.34361544395533805,0.11208821243602463,0.1875,16,0.05013488361895542,0.006153990887276599,0.022087845833791246,74.43139989459434,0.45734862039970925,4633,0.01627506874501705,0.06491278111934662,0.0003186110407114029,0.013799353502690792,88.677342015997,0.031261831521987915,0.0,0.8481089332560874
job_000011,Rwanda,23,0.9123460639606397,True,14,0.02515967414391222,0.6518161510785498,0.41022988010765854,0.3417552657761801,0.11984680484413211,0.21428571428571427,13,0.08557714075447023,-0.0037281770958585625,0.05936384565147469,93.59357856667282,0.6950547621523071,3723,0.006841225083917379,0.023302879184484482,-0.0011659828014671803,0.003200107254087925,110.01958628506226,0.00043848424684256315,0.0,0.4978504484925692
job_000011,Rwanda,24,0.9520132841328414,True,14,0.02550638393235013,0.6437136453929224,0.4454222303720444,0.34428737331924847,0.12451882793380661,0.21428571428571427,13,0.09374859018980376,-0.03398806151829782,-0.0258307314311818,-142.7653747332585,0.45536421319417864,3705,0.017826570197939873,0.0343409962952137,-0.001247813692316413,0.01387525163590908,95.13883648969595,-0.052352990955114365,0.052352990955114365,0.7814878010023136
job_000011,Rwanda,25,0.9916805043050431,True,13,0.025328400198958528,0.6178701969454016,0.4445444945249216,0.34396143990416395,0.11044814138604232,0.23076923076923078,13,0.12505426503789258,0.007656711189418492,0.08056583313410771,84.57110336690181,0.6471498557725935,3703,0.01462572067975998,0.0345647968351841,-0.001833143294788897,0.010708566755056381,99.71400674062863,-0.10839230567216873,0.10839230567216873,0.7428240384418268
job_000011,Rwanda,26,1.0313477244772449,True,14,0.02596395590956425,0.6205817857986405,0.47060105171126987,0.34514220976205023,0.10170415288706301,0.21428571428571427,13,0.05844174338959188,0.019203505868642265,0.004105754933315655,12.06827630355534,0.3360185792762149,3878,0.029007835313677788,0.12423361092805862,-0.0035441287327557802,0.0235940832644701,98.54267861238898,-0.07035161554813385,0.07035161554813385,0.8224944940571975
job_000011,Rwanda,27,1.0710149446494466,True,14,0.025425037685965948,0.6454334846373727,0.4485532302658444,0.3460825987809466,0.1250891969997455,0.21428571428571427,13,0.061029209316225456,0.008075576179329804,0.004546942924488012,29.3816311499253,0.15185622473897464,3725,0.013056616298854351,0.050938282161951065,-0.0014468992594629526,0.01007835566997528,98.16984520291831,-0.1227908805012703,0.1227908805012703,0.7798106158906011
job_000011,Rwanda,28,1.1106821648216483,True,15,0.027430518067265344,0.6448348030992291,0.47455693472943083,0.34736220275087903,0.1171050172241405,0.2,14,0.039232128725211465,-0.004037179538964298,0.01797203692487131,102.66057083659182,0.46951074038946694,4065,0.006226036231964827,0.01880486309528351,-0.00022730964701622725,0.00415936391800642,93.12810828862908,-0.006566767115145922,0.006566767115145922,0.66905658420862
job_000011,Rwanda,29,1.15034938499385,True,13,0.024649675640444856,0.6523473310421046,0.45660161142176003,0.3567066342802811,0.13265254410198773,0.23076923076923078,13,0.046626605970785225,-0.02984129954005258,0.01187514437365291,158.30025030380372,0.6888195877760008,3522,0.006308303214609623,0.017914386466145515,-0.0023252065293490887,9.25872336665634e-06,179.77185554821958,-0.09168262779712677,0.09168262779712677,0.36859752675067375
job_000011,Rwanda,30,1.1900166051660517,True,13,0.024525543472087172,0.6529986425756941,0.45667984704255454,0.3574499223404358,0.1320969956080676,0.23076923076923078,13,0.07275400280314658,0.016419389378984753,0.0019722990533448835,6.849558091980472,0.2273060024342464,3600,0.006484446115791798,0.02177448384463787,-0.0017644858453422785,-0.0019235295476391912,-132.53067997145,0.009663920849561691,0.0,0.40253931150761485
job_000011,Rwanda,31,1.2296838253382534,True,14,0.02374635839535958,0.644673403910079,0.44855334619619786,0.34518860953151587,0.12575999394923412,0.21428571428571427,13,0.08860063649705203,-0.002549374407299238,-0.032937999544555764,-94.42582303493066,0.3728699170465147,3470,0.004065279848873615,0.013822274282574654,-0.001099495217204094,-0.0018737311474978924,-120.40417826710642,-0.020041875541210175,0.020041875541210175,0.5344036615117513
job_000011,Rwanda,32,1.269351045510455,True,12,0.02266469575611735,0.6606540996332807,0.4858813811493916,0.3527858079843804,0.14288327120211747,0.25,12,0.05005435939422462,-0.011203609171016699,-0.006486573792366821,-149.93036867916675,0.2586369452974698,3274,0.00827573798596859,0.028716696426272392,-0.0009358539246022701,-0.0036137131974101067,-104.51908224325348,-0.034257397055625916,0.034257397055625916,0.4510688023075591
job_000011,Rwanda,33,1.309018265682657,True,12,0.02056413013073755,0.6358071356137578,0.4498757627786554,0.33805880441494873,0.13899290156957186,0.25,11,0.04080438019119057,-0.0008631320123639974,0.0187431538353893,92.63663779463002,0.4598285052240873,2960,0.006121538113802671,0.021549545228481293,-0.001590913743712008,-0.002003771485760808,-128.44815782503684,0.052243854850530624,0.0,0.41795640247217597
job_000011,Rwanda,34,1.3486854858548587,True,14,0.024888893958640964,0.6445148329746602,0.4512294624753161,0.3474433491499042,0.12888498234127316,0.21428571428571427,12,0.027671738565385313,-0.00032589281201552317,0.002308714515972728,98.03465578582386,0.08425933192592351,3582,0.007892925292253494,0.016929466277360916,-0.0004479002091102302,-0.0060221487656235695,-94.25356950389934,0.04163051024079323,0.0,0.7650879702505033
job_000011,Rwanda,35,1.3883527060270604,True,12,0.02219904470519034,0.6350389522472902,0.44990613890545555,0.3400567031802788,0.13924350105982353,0.25,12,0.09608203668712577,-0.01903980418244786,-0.0015429404922740753,-175.36701022728576,0.19881156407419084,3225,0.004978258162736893,0.015275453217327595,-0.0003569616237655282,-0.0013376022689044476,-104.94212162273693,-0.03794418275356293,0.03794418275356293,0.2780919961437356
job_000011,Rwanda,36,1.428019926199262,True,10,0.022385953753831674,0.6934938174572973,0.4932814790497841,0.3681316450232205,0.12206756893835465,0.3,8,0.06682454661347878,-0.014401776826796409,0.02558280709154138,119.37722618654921,0.4393293329366288,3261,0.014340498484671116,0.04856821894645691,-0.0015362611738964915,0.0005849561421200633,159.15486411423444,-0.024898461997509003,0.024898461997509003,0.11463052707757175
job_000011,Rwanda,37,1.4676871463714638,True,11,0.02362569428758795,0.6701278439528859,0.5157597459405261,0.3650449609756614,0.11273556690701395,0.2727272727272727,10,0.04607278357596823,-0.008682228342253353,-0.015228288709421606,-119.6891141417661,0.3804731499439127,3421,0.006177357863634825,0.023081142455339432,0.0007326383492909372,-0.0014392024604603648,-63.021240727103596,0.021524356678128242,0.0,0.2614304980940759
job_000011,Rwanda,38,1.5073543665436655,True,10,0.022225728500503576,0.6604976282630692,0.5323811141738144,0.34548667801818356,0.13658774452654296,0.2,9,0.13459774655556989,-0.008067580021575713,0.024188731716095993,108.44490270694575,0.18944328285418502,3159,0.02143511176109314,0.09378465265035629,-0.00014920701505616307,-0.013624820858240128,-90.62742773654047,0.0010982947424054146,0.0,0.6356690824565955
job_000011,Rwanda,39,1.5470215867158672,True,11,0.028098090520968965,0.6655559675816144,0.5124323684180054,0.3657654427537947,0.10689396683047137,0.18181818181818182,9,0.05950723363403951,-0.031124384593931725,0.01516890900269852,154.01705611778172,0.581845651738203,4054,0.016940394416451454,0.06541284173727036,0.0006815541419200599,-0.009626468643546104,-85.95021553219318,0.04867224022746086,0.0,0.5696777341287725
job_000011,Rwanda,40,1.586688806888069,True,10,0.027200146075260632,0.675056961636834,0.5603564290721474,0.34983590627997363,0.10121297992447309,0.3,9,0.028541531447656796,0.0038584898023764237,0.005910223940291927,56.86148824588281,0.24729701940536808,3874,0.007368706166744232,0.027283767238259315,-1.775701457518153e-05,-0.004251288715749979,-90.23931474511073,-0.013016579672694206,0.013016579672694206,0.576943319983148
job_000011,Rwanda,41,1.6263560270602706,True,11,0.030050443559782897,0.6701094340281407,0.5172293658234088,0.362452013952517,0.10631693942053276,0.2727272727272727,10,0.08560969718830365,-0.026302086717617662,0.03975122327277446,123.49130541869935,0.5567719319377986,4303,0.020521167665719986,0.06951915472745895,-0.0005821426166221499,-0.013257100246846676,-92.51434331415729,-0.0038629949558526278,0.0038629949558526278,0.6466432983350013
job_000011,Rwanda,42,1.6660232472324723,True,10,0.024716719383441013,0.6559140146767647,0.449877182041841,0.3548313934641015,0.14618072847268154,0.3,8,0.10520791644312978,0.04948740884437155,-0.07751363966053838,-57.444420572598105,0.8741162489590194,3494,0.01547244843095541,0.07131604105234146,-0.002334215445443988,-0.012550588697195053,-100.53575167900038,0.04972727969288826,0.0,0.8250670506247655
job_000011,Rwanda,43,1.7056904674046742,True,9,0.024664239645008693,0.6856423464131075,0.40011532145253315,0.32876743065373826,0.13587422170514907,0.3333333333333333,9,0.0667851658750804,0.015629236245503324,-0.05815389123761879,-74.95685194168883,0.9016599080455174,3468,0.007133303675800562,0.02248130552470684,-0.001462286221794784,-0.0057351188734173775,-104.30396569837406,-0.004853691905736923,0.004853691905736923,0.8297142454746248
job_000011,Rwanda,44,1.745357687576876,True,9,0.02602054906197512,0.6805593191903146,0.39953155356018477,0.3268463390463826,0.13873184544103484,0.2222222222222222,8,0.035015251886291225,0.005833615705492585,-0.026159084672405276,-77.42844126375276,0.765428060803986,3748,0.007996900007128716,0.02311183512210846,0.002482818206772208,-0.0038120367098599672,-56.92339345364484,-0.06746906787157059,0.06746906787157059,0.5688812873724824
job_000011,Rwanda,45,1.7850249077490776,True,9,0.02452365128902672,0.6858681027462373,0.398584373791251,0.32781676480551525,0.1358486177183166,0.3333333333333333,8,0.020169940333700957,0.0007261270541204986,-0.017301125674104738,-87.59671052544694,0.8585229522020432,3577,0.005280427634716034,0.01934063620865345,0.0003377088578417897,0.0014707919908687472,77.0684485405978,-0.035518087446689606,0.035518087446689606,0.2857845675232929
job_000011,Rwanda,46,1.8246921279212793,True,9,0.02461482147579864,0.6857477150062972,0.399157485456753,0.32847647850321104,0.1355329987554657,0.3333333333333333,9,0.018921744697689376,-0.0030349426911595615,0.014447991641818876,101.86306238556918,0.7802298798212354,3517,0.0031401037704199553,0.0118667371571064,0.0007663717260584235,0.0013698709663003683,60.77525122208143,0.029420876875519753,0.0,0.49987921410852465
job_000011,Rwanda,47,1.864359348093481,True,9,0.0249048859234931,0.6861826882108247,0.3989038048467068,0.32871075865863486,0.13502875008369633,0.3333333333333333,9,0.01679186116575226,0.01096555802598335,-0.00639522025856725,-30.251153417110714,0.755972418913665,3636,0.007131414953619242,0.024373874068260193,0.001732242526486516,0.004263696726411581,67.88921677427814,0.008870065212249756,0.0,0.6453346032893548
job_000011,Rwanda,48,1.9040265682656827,True,9,0.025129950397074156,0.6866499327495452,0.3987286365291705,0.3294434368582056,0.13485285476070352,0.3333333333333333,9,0.02489010597804513,0.011779109720621607,-0.004415946385350135,-20.55084338653855,0.5054083125576193,3621,0.010329429991543293,0.03544379398226738,0.003254607552662492,0.004016112070530653,50.97911914194661,0.154262512922287,0.0,0.5004435406060503
job_000011,Rwanda,49,1.9436937884378844,True,9,0.02530231512850898,0.6865625985970878,0.398996586506057,0.32957671412055084,0.1352045744391544,0.3333333333333333,9,0.014513278043250484,-0.0022016706005183115,0.00675494717611391,108.05257809366692,0.4895305616630533,3608,0.006299324333667755,0.017950348556041718,0.0005208880756981671,-0.0009578695171512663,-61.462715529438164,0.07581623643636703,0.0,0.17308819246422052
job_000011,Rwanda,50,1.9833610086100861,True,9,0.023798770836350232,0.655535777324894,0.39103523113348143,0.32985275710781764,0.14695554504542252,0.3333333333333333,8,0.06579532187490725,-0.03593437259688105,-0.0019514837432730307,-176.8914983490161,0.5469586903478675,3394,0.011116951704025269,0.031466443091630936,0.0014549260959029198,0.002167528960853815,56.129018062275215,0.10828503221273422,0.0,0.2348264150132944
job_000011,Rwanda,51,2.023028228782288,True,9,0.02299187863919483,0.6915008341751255,0.41387486394494977,0.32287023141472027,0.14246495762008105,0.4444444444444444,8,0.016587554002832607,-0.0005094725973155612,-0.0036199584179494697,-98.01118455714607,0.22038416162603397,3242,0.008115002885460854,0.03134198486804962,0.0024096639826893806,0.005743184592574835,67.2385740834405,0.07015733420848846,0.0,0.7674937519398904
job_000011,Rwanda,52,2.0626954489544898,True,10,0.023603183202025348,0.6846732061855889,0.3783665886680016,0.32335277819407454,0.14345127245221934,0.4,9,0.03350042690548558,-0.003473674794185844,-0.0237366798913682,-98.3256841768008,0.7160955254152765,3381,0.004944179207086563,0.018745917826890945,0.0011575693497434258,0.002703811740502715,66.82302330352162,0.023582084104418755,0.0,0.5948781619304965
job_000011,Rwanda,53,2.1023626691266912,True,12,0.02759517463508531,0.6802092256526758,0.44673354940991955,0.3295134989821645,0.12014574107431016,0.3333333333333333,10,0.07608860801887757,0.008206823367110701,0.04226741451209857,79.01192575013052,0.565876822231336,3950,0.008534098044037819,0.031668927520513535,0.0008841712842695415,0.004963492974638939,79.89956896511598,0.018675103783607483,0.0,0.5907629388444406
job_000011,Rwanda,54,2.142029889298893,True,12,0.027531492672557518,0.6802756588657545,0.44427487726926157,0.33346551704754074,0.12059999318913339,0.3333333333333333,11,0.031863060439381044,0.016977818222629146,0.007128084024275144,22.77494775608271,0.5778939681564432,3960,0.006415544543415308,0.02444319799542427,0.0007353605469688773,0.0037402042653411627,78.87696585156644,0.04702622443437576,0.0,0.5941519614211308
job_000011,Rwanda,55,2.1816971094710946,True,12,0.028638824522820794,0.6760911965158235,0.4445954206129834,0.33204107087434,0.12242429796070864,0.25,11,0.03077204297734153,-0.02432572908430836,-0.00727726171425356,-163.34497109841695,0.8251300074420292,4107,0.0035015312023460865,0.013356628827750683,0.0003119981265626848,0.002124351216480136,81.64484483149485,0.026502177119255066,0.0,0.6132003540132277
job_000011,Rwanda,56,2.2213643296432966,True,12,0.02445743386350482,0.6831912551286683,0.3830831091247335,0.33419075731592934,0.11969957773036616,0.3333333333333333,11,0.09766362517885581,-0.009223044562904924,0.02047393406048193,114.25048798799642,0.2299262821671594,3539,0.0063028777949512005,0.0236221831291914,-0.0007424107170663774,0.002848033793270588,104.6104267590345,-0.044703833758831024,0.044703833758831024,0.46696248238974364
job_000011,Rwanda,57,2.2610315498154985,True,10,0.022471143521051035,0.6827733898045544,0.37917073631642245,0.32352071339167016,0.14584640536261273,0.4,9,0.04758670376471315,-0.023508313735185627,0.008287349286805303,160.58099621848334,0.5238083095419669,3203,0.005885238293558359,0.018874112516641617,-0.0006368908798322082,0.0023797780741006136,104.98273031254111,-0.03444978967308998,0.03444978967308998,0.41859455488231057
job_000011,Rwanda,58,2.3006987699877,True,11,0.024120280684994857,0.6754034737929129,0.41462247326610363,0.3289613936507875,0.13096218670711204,0.36363636363636365,10,0.02112140281557645,-0.015426834561767777,-0.00912591895537419,-149.39308168940443,0.8486176719978084,3428,0.003396421205252409,0.012061459943652153,-0.0006931634270586073,0.0014206420164555311,116.00879670575797,0.014202870428562164,0.0,0.46540972271945175
job_000011,Rwanda,59,2.340365990159902,True,12,0.023561731760236966,0.6900362795883631,0.3859259277202489,0.3355626083060872,0.11840182573733027,0.3333333333333333,9,0.11988206398164886,-0.000425632353376106,0.03599819402697395,90.67741734812262,0.3003010543943465,3440,0.005517488345503807,0.011669803410768509,-0.0012312441831454635,0.0022404107730835676,118.79151427734536,0.03887520730495453,0.0,0.4633346195579653
job_000011,Rwanda,60,2.3800332103321034,True,11,0.02182089688032084,0.6815772753327977,0.4188755554434966,0.33276525892341924,0.13329293677496884,0.18181818181818182,11,0.0700846594317419,0.024473373615137115,0.03965435363316611,58.31846869816758,0.664887743589883,3190,0.0038519701920449734,0.0066200499422848225,-0.0008305368246510625,0.0009619811316952109,130.80604007194094,0.024846775457262993,0.0,0.32993631249006977
job_000011,Rwanda,61,2.4197004305043053,True,13,0.02464552942847402,0.7092395538952194,0.43191710288613344,0.36102007641167727,0.12228113095538817,0.23076923076923078,11,0.1146022901635908,0.0009372815816002345,0.10181504179652355,89.47256553684912,0.8884582999121067,3616,0.0021168929524719715,0.0051385220140218735,0.00010920868226094171,0.0008788363775238395,82.9164467860781,0.012472662143409252,0.0,0.41834699078399884
job_000011,Rwanda,62,2.4593676506765068,True,11,0.02339733146983673,0.6843861517821064,0.41996819921894296,0.33545996152831464,0.13027010887903692,0.2727272727272727,10,0.13835305628422695,-0.025223227018130547,-0.061947818853009116,-112.15462609217899,0.4834446739502822,3360,0.008602490648627281,0.03317851200699806,-0.0021925217006355524,0.005155361723154783,113.0395446128699,0.12001306563615799,0.0,0.6512327102624407
job_000011,Rwanda,63,2.4990348708487087,True,12,0.025654223655878654,0.7042786566487562,0.45998597358852766,0.3537265064224721,0.13218890995611662,0.25,11,0.0618090410767254,-0.010533494496469419,-0.023740688880766116,-113.92635882913876,0.4202067801067975,3750,0.01181029062718153,0.043002936989068985,-0.0017765279626473784,0.008972031064331532,101.2001104459496,0.014607307501137257,0.0,0.7744282652727368
job_000011,Rwanda,64,2.53870209102091,True,11,0.025614387845399888,0.6840537201820193,0.418356714237774,0.334476798117221,0.13002221209360315,0.2727272727272727,11,0.04472914988667029,0.0021529828638418903,-0.016884416033900854,-82.73325754819876,0.380537731342643,3696,0.005203209817409515,0.018509872257709503,-0.0015798864187672734,0.003252329071983695,115.90912679090782,0.058179616928100586,0.0,0.6949085857225439
job_000011,Rwanda,65,2.578369311193112,True,11,0.025915640158503856,0.6844196065847572,0.41862568734225153,0.334046116045844,0.12936671526296065,0.2727272727272727,11,0.0434635173167462,0.009223898250231908,0.006780739948750967,36.32062379510162,0.2633953562094137,3777,0.008722664788365364,0.028733789920806885,-0.0029818974435329437,0.005325460806488991,119.24587274582447,0.05481995269656181,0.0,0.6997244402119199
job_000011,Rwanda,66,2.618036531365314,True,12,0.02717932013095614,0.6705718629334966,0.38803776158980235,0.33849920363532304,0.11783775628395125,0.25,11,0.035991610719683514,0.0041808708653775,-0.017286650834488555,-76.40378913348265,0.49414430015494754,3995,0.0050435918383300304,0.01579061895608902,-0.0012859723065048456,0.0028770931530743837,114.08317713706263,0.0047536264173686504,0.0,0.624834614302643
job_000011,Rwanda,67,2.6577037515375155,True,11,0.025101692699012537,0.684268418758781,0.4782322192139231,0.357068311388681,0.1329439940163036,0.2727272727272727,10,0.024868522305938296,-0.008951073337288427,0.00725961917571079,140.9567941986424,0.4634340556428727,3597,0.0024726022966206074,0.0073671466670930386,-0.0004300552827771753,0.0009246874251402915,114.94228061787545,-0.003866971470415592,0.003866971470415592,0.41244042719731555
job_000011,Rwanda,68,2.6973709717097174,True,11,0.025425426205218843,0.6841656537517607,0.478068000306684,0.357101941240318,0.13284963016396759,0.2727272727272727,11,0.025386084203991445,-0.0025906783125735286,-0.0041399146833643935,-122.03753396420196,0.19237697785148875,3687,0.004314054269343615,0.010605346411466599,-0.00042909610783681273,0.00031956800376065075,143.32321539579775,0.022910915315151215,0.0,0.12401807998567137
job_000011,Rwanda,69,2.737038191881919,True,10,0.02457527500001011,0.691060659446493,0.36810407807903106,0.331915139187855,0.11931413721763395,0.3,8,0.0476134717453605,0.009250167053218284,0.0020584421227341216,12.545625578370151,0.19902838912663756,3512,0.00518289627507329,0.01478766743093729,0.001063583418726921,0.0007358421571552753,34.67749415097699,-0.02607245184481144,0.02607245184481144,0.24953591071966502
job_000011,Rwanda,70,2.776705412054121,True,12,0.0305251191368867,0.6919563373137225,0.44285782639019144,0.3619839417759762,0.11544746284661989,0.25,10,0.0574016362867947,-0.004519759722664019,0.04934867065690375,95.23302206946506,0.863306695091903,4301,0.004552961327135563,0.013875260949134827,0.0018775328062474728,3.0212140700314194e-05,0.9218900264644272,-0.04531024768948555,0.04531024768948555,0.41242956693219257
job_000011,Rwanda,71,2.8163726322263223,True,11,0.03147295358016448,0.6861416342597582,0.477243407128284,0.35548204578136783,0.12724140421461738,0.2727272727272727,10,0.04072765402973674,0.0022994656917105405,-0.037235842091448215,-86.46623856850246,0.9160059946411825,4440,0.011462172493338585,0.04399252310395241,0.004507195204496384,0.0019403236219659448,23.291621435624364,-0.05627977475523949,0.05627977475523949,0.42811286107246455
job_000011,Rwanda,72,2.856039852398524,True,11,0.03258438001234382,0.6862609961917525,0.4759287273883428,0.3554696662931137,0.12905877203326502,0.2727272727272727,11,0.05298679882257897,0.003009082347494631,-0.0331427242502494,-84.81224534422194,0.6280629214289606,4649,0.00833514891564846,0.024673324078321457,0.003087705932557583,-0.00016777042765170336,-3.1101065638505068,0.005491198040544987,0.0,0.3709904293041983
job_000011,Rwanda,73,2.8957070725707257,True,11,0.0336065520856833,0.6866987097226143,0.47549325923507285,0.354599853490312,0.12885245862680944,0.2727272727272727,11,0.0350715349055741,0.011034640919171432,-0.010978035551256664,-44.85266482542626,0.44381759479303046,4741,0.003683132119476795,0.009181812405586243,0.0010652551427483559,-0.00016483580111525953,-8.796091529322775,-0.02197081781923771,0.02197081781923771,0.2926674569279725
job_000011,Rwanda,74,2.9353742927429276,True,11,0.03445733482912296,0.6868307611909841,0.4745654462721483,0.35534575068036056,0.129962932850227,0.2727272727272727,11,0.044662665456603294,0.003328982162007818,-0.023389916381755617,-81.89975005542082,0.5289793615398084,4930,0.009504640474915504,0.026544561609625816,0.0030379968229681253,0.002037269761785865,33.84566333051589,-0.02568516694009304,0.02568516694009304,0.38484923075175825
job_000011,Rwanda,75,2.9750415129151295,True,10,0.03495399235498418,0.7005442545526476,0.4863982681240019,0.36731718157758647,0.11839800669314085,0.3,10,0.045287444313708416,-0.02557406849965277,0.008108949053567151,162.40737580303653,0.5924128883770274,4983,0.01234531868249178,0.033594656735658646,0.003043221542611718,0.005971778649836779,62.99658511004061,-0.01617536135017872,0.01617536135017872,0.5429173269031864
job_000011,Rwanda,76,3.014708733087331,True,11,0.036683633275621644,0.6922090524801227,0.5114183451363498,0.36035701417109794,0.11113427569789942,0.2727272727272727,10,0.12276649127728897,0.0036836422951418346,-0.02392440942397108,-81.24690378717047,0.19717378380917,5249,0.006050284951925278,0.01848232001066208,0.0016842345939949155,0.0033806939609348774,63.51788260367898,0.04143178462982178,0.0,0.6242683110434033
job_000011,Rwanda,77,3.054375953259533,True,9,0.033934451068594385,0.6480110560924506,0.5142056325413736,0.33185902333899975,0.12150616776660533,0.2222222222222222,9,0.08077317516078303,-0.003797993280466324,0.0023724668397316546,148.00849333490018,0.05544039705174218,4857,0.008263839408755302,0.029485009610652924,0.00214977259747684,0.0047795712016522884,65.78256781128357,-0.007381882984191179,0.007381882984191179,0.6341827724704622
job_000011,Rwanda,78,3.0940431734317344,True,10,0.03529113231283937,0.6658683884767809,0.47121630755470045,0.3428520558365769,0.10361534079760952,0.3,9,0.07195955307086276,-0.017831254516639763,-0.0135442118232204,-142.78052973755428,0.31117407648530704,4986,0.008793538436293602,0.023509172722697258,0.0044195749796926975,0.004108184948563576,42.908781255783964,0.02356172725558281,0.0,0.6861919817198451
job_000011,Rwanda,79,3.1337103936039363,True,10,0.03539477227297533,0.6672894335166891,0.47304289005993516,0.34284328293503114,0.10173797155346583,0.3,10,0.08137606812636887,0.035824164984068,0.046047655905938525,52.11779031410382,0.7169396473751897,5037,0.005911448039114475,0.020309945568442345,0.0026885324623435736,0.00295024155639112,47.6573282683918,-0.012115983292460442,0.012115983292460442,0.6752165397572433
job_000011,Rwanda,80,3.173377613776138,True,10,0.03557209903126789,0.668459144750451,0.473955101602467,0.3433363678666307,0.10159523746528973,0.3,10,0.05036667648510035,0.029488107023479232,0.02299660875080063,37.949259779215524,0.7424568937715762,5075,0.01263921894133091,0.04687076434493065,0.0015235081082209945,0.009442255832254887,80.83431964965197,0.01067087147384882,0.0,0.7567220096521663
job_000011,Rwanda,81,3.2130448339483397,True,9,0.03650877410626532,0.647980417957407,0.517039424047197,0.3308271582266074,0.12247574823418993,0.2222222222222222,9,0.061337331284441236,-0.04413593934103009,0.00505765344335951,173.46284049649037,0.724269840076207,5118,0.015603994950652122,0.05534622073173523,-0.0018291252199560404,0.013467956334352493,97.73419750666885,0.0766124501824379,0.0,0.8710332473597271
job_000011,Rwanda,82,3.252712054120541,True,9,0.03666293962331086,0.6483006101442957,0.5166430958947176,0.33174236445524435,0.12183367018106078,0.2222222222222222,9,0.03489526596019796,0.008071959302894435,-0.009991326610711277,-51.06537153301767,0.36808935874274124,5138,0.007204151712357998,0.0279204361140728,-0.0005791499861516058,0.006421604193747044,95.15343480747771,0.02605845034122467,0.0,0.894993286511562
job_000011,Rwanda,83,3.292379274292743,True,9,0.03633499274658764,0.6481468242160573,0.5155440855543513,0.3324831132984205,0.1217409802877836,0.2222222222222222,9,0.033713316234834916,-0.0038769020760952427,-0.02770575643050521,-97.96574891486978,0.8298113185101098,5180,0.013020278885960579,0.04495043307542801,-0.002864516107365489,0.009661386720836163,106.51462654586122,0.037132926285266876,0.0,0.7739538607729389
job_000011,Rwanda,84,3.3320464944649446,True,9,0.0360736562897731,0.6486001845606773,0.5157847477482227,0.33212598321581216,0.12045541584215691,0.2222222222222222,9,0.03137527121203096,0.011429092904712307,0.006067029472361633,27.961188898979813,0.4124136731066848,5061,0.009450707584619522,0.025850379839539528,-0.0031095740851014853,0.002382477978244424,142.54156607398124,-0.03823588415980339,0.03823588415980339,0.4145036423665586
job_000011,Rwanda,85,3.3717137146371465,True,9,0.03562930708245556,0.6480460181513485,0.5151056541258886,0.3325212755669525,0.12117690799993872,0.2222222222222222,9,0.02691729033244407,-0.01397038680610551,-0.017119768397835956,-129.21576262197217,0.8209059887567999,5050,0.005918743554502726,0.02225160039961338,-0.0016952106961980462,-0.002488574478775263,-124.26259292785375,-0.021994756534695625,0.021994756534695625,0.5087402642803236
job_000011,Rwanda,86,3.4113809348093485,True,10,0.03656039694159649,0.6679697467297327,0.4756984025607457,0.341633988346432,0.10238197645667142,0.3,9,0.024880143592099276,0.010696658200278574,0.010053522217143765,43.22472942521056,0.5900142455915652,5205,0.018361836671829224,0.07910328358411789,-0.00412626750767231,-0.0154628437012434,-104.9412500978701,-0.09257789701223373,0.09257789701223373,0.8715862903253024
job_000011,Rwanda,87,3.45104815498155,True,10,0.03623719257923707,0.6675047033000742,0.4761664624333526,0.3401967623949896,0.1024204055781639,0.3,10,0.03881339032051216,-0.011723620350495099,0.011799664069598969,134.8147805847142,0.42855212349258337,5125,0.025908010080456734,0.10756777226924896,-0.004936622455716133,-0.023233987390995026,-101.99548392689532,-0.1263713836669922,0.1263713836669922,0.9168072169069812
job_000011,Rwanda,88,3.490715375153752,True,10,0.03282922312428549,0.6663684335630606,0.4763686228695153,0.3440557445040164,0.10195428316018935,0.3,9,0.07564323556169525,-0.030759834914827016,0.06656916150905023,114.80040000127549,0.9694490439325149,4650,0.009139329195022583,0.03361725062131882,-0.0012665922986343503,-0.007587837986648083,-99.47666745791206,-0.018871575593948364,0.018871575593948364,0.8417274236694184
job_000011,Rwanda,89,3.5303825953259533,True,10,0.03431011025609842,0.6667455788650077,0.4759089370825773,0.3403123012335652,0.1025401520907182,0.3,9,0.10679529982126929,0.006404074348677105,-0.07411734182972193,-85.06165001001473,0.6965989890336737,4898,0.01778782531619072,0.05881388857960701,-0.0014437701320275664,-0.01169598288834095,-97.03708007524357,-0.17408794164657593,0.17408794164657593,0.6625181202263877
job_000011,Rwanda,90,3.5700498154981553,True,10,0.03367043576554819,0.6788573877864029,0.49106373193579544,0.36084950477649463,0.118358941955933,0.3,9,0.10058363960802048,-0.023622558087893743,-0.09284894109916735,-104.27430462916857,0.952509206299988,4766,0.014091906137764454,0.04751679301261902,-0.0028415846172720194,-0.00740346685051918,-110.99770633910785,-0.2205534428358078,0.2205534428358078,0.5627389596159378
job_000011,Rwanda,91,3.6097170356703567,True,8,0.030866295985620348,0.6590597281291595,0.48834734661880064,0.3267142258971465,0.12439869490212478,0.25,8,0.1003247662523437,-0.026650004326416118,-0.030929730936039825,-130.74919531122606,0.4069516719544662,4357,0.0077186934649944305,0.026719121262431145,-0.0013687761966139078,-0.0010881315683946013,-141.51646778370693,-0.10757126659154892,0.10757126659154892,0.2265400646421711
job_000011,Rwanda,92,3.6493842558425587,True,9,0.03331532730359827,0.6734831290626736,0.4363623610271196,0.3434401470337011,0.1109563629283151,0.3333333333333333,8,0.08664519797717074,0.027746502337698372,-0.06051395869519082,-65.36787740845494,0.7683267433089995,4627,0.013204258866608143,0.043881986290216446,-0.0003476467973086983,-0.0017073253402486444,-101.50926535572134,-0.26080918312072754,0.26080918312072754,0.13195439017095745
job_000011,Rwanda,93,3.68905147601476,True,9,0.0308907541907598,0.6750643459318653,0.43645956362423644,0.3425312709165024,0.11144907544848971,0.3333333333333333,9,0.08180332220803371,0.039862053915732415,0.0024504514481923137,3.51773317752263,0.48821124212096023,4318,0.0125079695135355,0.038770951330661774,-0.00016052869614213705,-0.0018031488871201873,-95.08745135351296,-0.24797452986240387,0.24797452986240387,0.14473016308924783
job_000011,Rwanda,94,3.728718696186962,True,10,0.030098005844506278,0.667441806591866,0.3964237823306686,0.3471112154497422,0.0909302957252208,0.3,9,0.03339039211942972,0.01893175051280534,0.00027934578887045194,0.845361515602892,0.5670436952071644,4170,0.005074285436421633,0.016282301396131516,-0.0005940010887570679,-0.0009199429769068956,-122.85006297743074,-0.10947984457015991,0.10947984457015991,0.21580359282900763
job_000011,Rwanda,95,3.768385916359164,True,9,0.02164994090628929,0.667847190995605,0.3577712459214815,0.3399496854409619,0.09709870339880099,0.3333333333333333,7,0.012182827514479768,0.007655560613059695,-0.003142440112843687,-22.317077106543042,0.6792690525578594,3130,0.003550634253770113,0.01643780618906021,-4.235495453031035e-06,-0.0008362253429368138,-90.29020160708083,0.010502773337066174,0.0,0.2355173778904468
job_000011,Rwanda,96,3.8080531365313655,True,9,0.022866921668077127,0.6765391491191693,0.4304132433979877,0.33744042710198624,0.1170936761968616,0.3333333333333333,7,0.0197875592903888,0.0035767177687235654,0.0011439363900394915,17.735759311305504,0.18977562649363666,3244,0.005130147561430931,0.013802146539092064,0.0005630201776511967,-0.002129234839230776,-75.18862966855761,0.05401534214615822,0.0,0.42930835329945005
job_000011,Rwanda,97,3.8477203567035674,True,10,0.02367619369193497,0.669136750595679,0.3908366349274751,0.3432922059621523,0.09511370454217075,0.3,9,0.041398542159230195,0.029654905017070816,0.002595889553347459,5.002725673199093,0.7190665253795713,3395,0.002579436171799898,0.009963070042431355,0.0004376044380478561,-0.0009364276775158942,-64.95272397026388,-0.03523184731602669,0.03523184731602669,0.4007200047163672
job_000011,Rwanda,98,3.887387576875769,True,9,0.024663107493959203,0.6731163182743946,0.4287830740028455,0.33957089334938656,0.12117080873523517,0.3333333333333333,9,0.11560595915500126,-0.05119309496345134,0.037264595368141834,143.94829174357957,0.5477199415921425,3511,0.008667240850627422,0.029203593730926514,4.0119037294061854e-05,-0.004512442275881767,-89.49061044744188,-0.10304229706525803,0.10304229706525803,0.5206524999682167
job_000011,Rwanda,99,3.927054797047971,True,12,0.029912801518796984,0.6924147175290862,0.37721769196830474,0.32842416972096555,0.11811344082391112,0.3333333333333333,8,0.09952268726655956,-0.0020664995340522745,0.0840311834626298,91.40873705306635,0.8445972638640327,4302,0.015811439603567123,0.045828912407159805,-0.0006052065291441977,-0.008488410152494907,-94.07817256860228,-0.11900374293327332,0.11900374293327332,0.5382152428473336
job_000011,Rwanda,100,3.9667220172201723,True,11,0.02694412012272675,0.7119561263394438,0.4738627763072812,0.33028029587050345,0.12000732053830397,0.2727272727272727,8,0.025364273829874377,0.0026696623274317464,0.010733968313307132,76.03325563645116,0.4360848368295521,3892,0.012066933326423168,0.031762558966875076,-0.001782512292265892,-0.007997659035027027,-102.56467641265712,-0.05999678745865822,0.05999678745865822,0.6790369892138631
job_000011,Rwanda,101,4.006389237392374,True,10,0.022559106636588715,0.7362234018024225,0.3766255040070693,0.32832830700135435,0.14344520436943203,0.3,9,0.08827007744879294,0.007352987162973469,-0.02746856625226417,-75.01399946914417,0.3221441777444291,3276,0.022930055856704712,0.06368862837553024,0.00038266589399427176,-0.011299578472971916,-88.06039094938627,-0.07176899909973145,0.07176899909973145,0.493067102545161
job_000011,Rwanda,102,4.046056457564576,True,11,0.031977966851130135,0.708968927852745,0.4066899333416371,0.3364880958532978,0.13344763500095935,0.2727272727272727,10,0.09431565061007333,-0.04387868673780878,0.02972216706775919,145.88741080025022,0.5619174211333772,4595,0.02252383902668953,0.06560496985912323,0.0017970044864341617,-0.012482492253184319,-81.80786997107703,-0.1547003984451294,0.1547003984451294,0.5599036235554722
job_000011,Rwanda,103,4.085723677736778,True,9,0.022154199898796387,0.7133172229401584,0.3817757487878421,0.3521692822431953,0.15142199472652382,0.3333333333333333,7,0.022998619025927165,0.003349979357015605,0.00921529289540271,70.02258403641575,0.42634316011192186,3151,0.005470337811857462,0.02019728533923626,0.0023270139936357737,0.00036258221371099353,8.856292482312835,0.01079445518553257,0.0,0.43052046023247137
job_000011,Rwanda,104,4.1253908979089795,True,9,0.026775558670116075,0.7590139823683129,0.377716651913415,0.3366579046559423,0.1338391946395246,0.3333333333333333,8,0.08383097838269954,0.02353516635619403,-0.009951179853068119,-22.919697843304583,0.3048097037742122,3883,0.01737174019217491,0.05652889981865883,0.0038913951721042395,-0.010784232057631016,-70.15846789130784,-0.1412591189146042,0.1412591189146042,0.659970880500533
job_000011,Rwanda,105,4.165058118081181,True,7,0.021787186898111672,0.6802404235397262,0.4353470621798779,0.3280562660027081,0.12877796059054322,0.42857142857142855,6,0.10702190901262376,0.007537024640057596,-0.014118902307502658,-61.90558044729141,0.14954593337203148,3101,0.015132792294025421,0.049074701964855194,0.00547307264059782,-0.0072501241229474545,-52.95107685456048,-0.0556802824139595,0.0556802824139595,0.600284934187376
job_000011,Rwanda,106,4.2047253382533825,True,7,0.0215646998232363,0.6804170586025775,0.43473282800583907,0.3279054204797923,0.12967294797783036,0.42857142857142855,7,0.04365959362375227,0.004452922642029016,-0.015484679071845543,-73.95637453646388,0.3690420368473445,3084,0.007033025845885277,0.02380956895649433,0.003015174064785242,-0.002243603812530637,-36.653091819548884,-0.011441076174378395,0.011441076174378395,0.5343828571696562
job_000011,Rwanda,107,4.244392558425584,True,8,0.024972830774300438,0.6649541838738954,0.4250619569916352,0.30879860646171525,0.13795446297775252,0.375,6,0.08565667754630475,0.00233579099884591,0.06510911081694262,87.94539359526351,0.760606148773919,3564,0.012251414358615875,0.04681779071688652,0.005058470647782087,-0.004095399286597967,-38.994051562879015,-0.11207739263772964,0.11207739263772964,0.5312438352163356
job_000011,Rwanda,108,4.284059778597786,True,8,0.024724506166157026,0.6651895487696348,0.42396549912464965,0.308424457698248,0.13802970198648482,0.375,8,0.04547750745740436,0.005933486004754921,-0.02764140925997979,-77.88477845624287,0.621649646218254,3557,0.010168914683163166,0.03609234467148781,0.003243732964619994,-0.0037467824295163155,-49.11600734731912,-0.10805857181549072,0.10805857181549072,0.48735024396643867
job_000011,Rwanda,109,4.323726998769988,True,7,0.02410261313944695,0.6833885382798671,0.43248829834487534,0.3244742057463722,0.12213083244254823,0.42857142857142855,7,0.025252732334204102,0.006976233825293234,-0.01905916472388556,-69.89583783288955,0.8037071875088346,3432,0.0052221594378352165,0.016117524355649948,0.0004925396642647684,-0.002801231574267149,-80.02763614678766,0.0029272050596773624,0.0,0.5446412642439756
job_000011,Rwanda,110,4.363394218942189,True,8,0.024426816951839108,0.6657450027768655,0.42260038031063885,0.3077611691462019,0.13763218010516706,0.375,7,0.049434321338272025,-0.0021402803262506828,-0.03691135657852708,-93.31854160542697,0.7479288654072104,3529,0.012697752565145493,0.041956644505262375,-3.2752694096416235e-05,-0.0036765108816325665,-90.51041369323586,0.16401484608650208,0.0,0.2895517731012742
job_000011,Rwanda,111,4.403061439114391,True,9,0.02679583259331825,0.6583168972132195,0.3787135565873573,0.31336081230277163,0.1426693790997099,0.3333333333333333,8,0.07405054085740341,0.0005543338703274656,-0.039958194193631606,-89.2051954659735,0.5396589766951086,3777,0.009731793776154518,0.02913975529372692,-0.0009608141263015568,-0.0014007248682901263,-124.44781008125202,-0.022709429264068604,0.022709429264068604,0.17453985405097266
job_000011,Rwanda,112,4.442728659286593,True,9,0.026222576523064558,0.6596680249476875,0.3794925395499697,0.31326097042081674,0.14117655472707047,0.3333333333333333,9,0.06151272646582605,0.034061568433644066,0.01963795192177997,29.965289289780582,0.6391712575766104,3793,0.007531385403126478,0.02105672098696232,-0.002149777952581644,-0.00040363045991398394,-169.3662594631756,-0.04478849098086357,0.04478849098086357,0.2904301629582848
job_000011,Rwanda,113,4.482395879458795,True,10,0.02566073390715584,0.6922573808099247,0.4143095435535592,0.33162033188663514,0.13499718505884273,0.3,9,0.07532500399010146,0.005212989289270504,-0.07013452861352515,-85.74911157034842,0.9336607326968394,3719,0.011787950061261654,0.029879886656999588,-0.002528383629396558,-0.0052547878585755825,-115.69490945871524,-0.08402443677186966,0.08402443677186966,0.4946937435436301
job_000011,Rwanda,114,4.522063099630997,True,8,0.020298464949439307,0.6636999311748287,0.42208937643624866,0.30911414269020093,0.145330762323764,0.375,7,0.046850622226307086,-0.003353230889509039,0.012956292647942754,104.51038599492568,0.2856565335268334,3022,0.026746880263090134,0.08155529201030731,-0.0016624187119305134,-0.018825624138116837,-95.04648039964641,0.08538947254419327,0.0,0.7065826864693916
job_000011,Rwanda,115,4.561730319803198,True,8,0.024505419608903897,0.6656738990488372,0.42216575698237535,0.30587466534464103,0.13728654438589213,0.375,7,0.12322080107581189,-0.003545827075558331,0.07906704946833022,92.56775605289499,0.6423145817306418,3535,0.014405679889023304,0.047365617007017136,-0.0019574447069317102,-0.008477051742374897,-103.00232998929381,-0.031006380915641785,0.031006380915641785,0.6039364181535604
job_000011,Rwanda,116,4.6013975399754,True,9,0.02616997219665971,0.6683685346254964,0.461450405245801,0.30954791792755365,0.1296223602772577,0.3333333333333333,8,0.04993572777983465,-0.03700925856586333,-0.01984739708905983,-151.79614420750858,0.8409868438847303,3721,0.02738175541162491,0.09477543830871582,-0.0070430198684334755,-0.014017816632986069,-116.67648336275074,-0.033582285046577454,0.033582285046577454,0.5729245633386528
job_000011,Rwanda,117,4.641064760147602,True,8,0.022541218732637185,0.694386474943268,0.4301820745109501,0.3056002852434713,0.14789347824961377,0.375,8,0.1770317195079522,-0.024799497744516105,-0.05315843864836474,-115.01001281525127,0.3313453011771215,3200,0.021631689742207527,0.08936912566423416,-0.008007911033928394,-0.007774589117616415,-135.84697526801241,-0.11441975831985474,0.11441975831985474,0.5159621125950814
job_000011,Rwanda,118,4.680731980319804,True,9,0.024859677439110443,0.6841479393215935,0.46817924734725974,0.30931128046311185,0.1303681369271361,0.3333333333333333,8,0.08017079703257043,-0.009681572891546057,-0.035128339751900904,-105.40851370424485,0.454505550305216,3532,0.010147277265787125,0.037434570491313934,-0.0038320254534482956,-0.004352220334112644,-131.36314301735553,-0.05235517770051956,0.05235517770051956,0.5714649948526364
job_000011,Rwanda,119,4.720399200492005,True,8,0.022208651243644073,0.6931146937453122,0.42849080816362795,0.30269320906574604,0.1491263887695731,0.375,8,0.06821703687259427,-0.0223796906009479,-0.007508032042747792,-161.4542120888207,0.34603571395935667,3135,0.01716180518269539,0.07038646936416626,-0.00912553071975708,-0.004235060885548592,-155.10449136020128,0.08078797906637192,0.0,0.5862070012454228
job_000011,Rwanda,120,4.760066420664207,True,9,0.02400929053578514,0.6840126025998696,0.38488819248939987,0.3109884170620579,0.15006069488277174,0.3333333333333333,8,0.05595377062379808,0.0009111701992942477,-0.037877892624289825,-88.62198932560005,0.6771456137248123,3407,0.011101266369223595,0.0456668846309185,-0.0059666880406439304,-0.002030520234256983,-161.20607610781224,0.03432849422097206,0.0,0.5677485486613776
job_000011,Rwanda,121,4.799733640836409,True,11,0.02879286624442161,0.6471172950836563,0.46341494547359824,0.3405969381371421,0.14710905949444178,0.2727272727272727,9,0.029565930051258807,0.005734848277933007,0.0034859065217829185,31.293172886454684,0.22699055456233183,4130,0.0034222775138914585,0.014104563742876053,-0.001875974703580141,-0.0008832145249471068,-154.78880286745454,-0.003801995189860463,0.003801995189860463,0.6058793150034125
job_000011,Rwanda,122,4.8394008610086106,True,12,0.031097472018759866,0.6431622435941472,0.489913464831445,0.3407769322470223,0.13370405543579025,0.25,11,0.08501118507878772,-0.013343937039831371,-0.011686435452870491,-138.78857314505765,0.20865383028856427,4483,0.006605746224522591,0.02117585949599743,-0.0031041279435157776,-0.001855521579273045,-149.1307326381309,-0.05082174763083458,0.05082174763083458,0.5474673902947534
job_000011,Rwanda,123,4.8790680811808125,True,12,0.031561559416544524,0.6429717432663966,0.4902035853961791,0.34065983828828933,0.13391577333937718,0.25,12,0.028374663995094626,-0.0048024622578428135,0.0073138617597760395,123.2898913917341,0.3083610434530243,4512,0.005200535524636507,0.018155626952648163,-0.0019543885719031096,-0.00047846094821579754,-166.24377364377872,-0.04456254094839096,0.04456254094839096,0.38690309111829607
job_000011,Rwanda,124,4.9187353013530135,True,12,0.031555455463271084,0.6437484347116829,0.49061175028881077,0.33983002992760464,0.13290367437698766,0.25,12,0.044566287548832496,0.019580183383523752,0.01028972766076641,27.722708689411075,0.49632290613699803,4507,0.002015158534049988,0.004867535084486008,-0.00044368006638251245,-0.0007107417332008481,-121.97444497991486,-0.0406034030020237,0.0406034030020237,0.41577764588437655
job_000011,Rwanda,125,4.958402521525215,True,12,0.03212808085301881,0.6427794452368928,0.49016548567813617,0.33888873669074643,0.13296112718496741,0.25,12,0.04299272963284568,-0.024427965221245577,-0.01125021135177122,-155.27173640541966,0.625550007243016,4554,0.005022675264626741,0.012699645012617111,-0.00022375026310328394,-0.0028267083689570427,-94.52585454390312,-0.061448290944099426,0.061448290944099426,0.5645497574562307
job_000011,Rwanda,126,4.998069741697417,True,11,0.03138811439626472,0.6551963042089042,0.45067377417850785,0.32180993668870667,0.1279566870607144,0.2727272727272727,11,0.03738674976735357,-0.009115281706659758,0.02871894841854167,107.60923431695502,0.805922444021212,4469,0.006811568047851324,0.010065695270895958,-0.00022387206263374537,-0.004917433485388756,-92.60665925390029,-0.09466715902090073,0.09466715902090073,0.7226716132311326
job_000011,Rwanda,127,5.037736961869619,True,8,0.02314407754276782,0.6947936762680944,0.42742875361704974,0.30459666410865865,0.14819501081904574,0.375,8,0.041283361618362824,0.019606124775591892,-0.021165838485102274,-47.19075686560314,0.6988582818168982,3340,0.010375668294727802,0.03836682811379433,-0.0003248558787163347,-0.009239403530955315,-92.01368049276589,-0.04342704638838768,0.04342704638838768,0.8910378053302507
job_000011,Rwanda,128,5.07740418204182,True,9,0.02702694283408756,0.6674119050994853,0.45582460155984605,0.3097062223767506,0.13686702498083,0.3333333333333333,8,0.04461323690202804,-0.013059552536343643,-0.036549923383297704,-109.66217703540595,0.869988386178089,3826,0.022823750972747803,0.03927893936634064,0.0014974059304222465,-0.020079944282770157,-85.73522060006161,0.11504463106393814,0.0,0.8822256840879541
job_000011,Rwanda,129,5.117071402214022,True,10,0.029281177556687413,0.6612792734947001,0.4904568682140587,0.3131647746195646,0.12193215306867859,0.3,9,0.11802215087790133,0.004907736538922682,0.04349262615346228,83.56193969362472,0.37085111628715717,4150,0.03209112212061882,0.1526281237602234,0.0023708061780780554,-0.030929187312722206,-85.6166944430193,0.1308167576789856,0.0,0.966619941812139
job_000011,Rwanda,130,5.156738622386224,True,10,0.029075837686462755,0.6611812665460972,0.4878738624906728,0.3121066334240614,0.1264283622938411,0.3,10,0.09579614893156699,-0.0024707289338025636,-0.06511688271002244,-92.1729305612047,0.6802333913667634,4155,0.014966176822781563,0.06783221662044525,0.0004996029892936349,-0.013716164045035839,-87.91395806066014,0.09649233520030975,0.0,0.9170852422863554
job_000011,Rwanda,131,5.196405842558426,True,9,0.026066837426930667,0.6683006578153605,0.4507030156344744,0.3090520025499163,0.13867549096071413,0.3333333333333333,9,0.10955237747509464,0.019863256155907314,-0.09651294991110913,-78.37038518588193,0.899439835877706,3737,0.02423062175512314,0.12692423164844513,0.001504533807747066,-0.021959442645311356,-86.0805503103182,0.06806891411542892,0.0,0.908392838372661
job_000011,Rwanda,132,5.236073062730628,True,9,0.026555010800335566,0.6280360815333196,0.5416983546469416,0.3119172016181212,0.17717276493796252,0.2222222222222222,8,0.0845569432251114,-0.027347141664389948,-0.05587806305001152,-116.07747136878936,0.7357305353887688,3824,0.02046801708638668,0.05278011038899422,0.0006129898829385638,-0.016337789595127106,-87.85128421353394,-0.011726192198693752,0.011726192198693752,0.7987723039982306
job_000011,Rwanda,133,5.275740282902829,True,10,0.026492883279124628,0.6466838980661929,0.4991996337441065,0.33229872120933607,0.14673316163765776,0.3,9,0.13881764383128095,-0.036770684150560444,0.06405189264562991,119.8591192283972,0.5320370630874898,3793,0.0075245872139930725,0.022191300988197327,-0.00048959901323542,-0.005760775879025459,-94.8578019540332,-0.08180919289588928,0.08180919289588928,0.768353584636893
job_000011,Rwanda,134,5.315407503075031,True,9,0.025180692088712806,0.6281635769562194,0.5464360325686893,0.3120775831813134,0.16959836367749476,0.2222222222222222,9,0.10202391441980684,0.03998480962611191,0.05538369929100236,54.172226230526384,0.6695405125788141,3619,0.013876565732061863,0.038395658135414124,-0.000771380087826401,-0.009719637222588062,-94.537657154648,-0.19722186028957367,0.19722186028957367,0.7026377349475702
job_000011,Rwanda,135,5.355074723247233,True,9,0.022593630750856155,0.6747089921978833,0.4014873944333747,0.3461263850442316,0.1935803847573737,0.3333333333333333,7,0.0423677514174128,0.008014173206642357,-0.00683759085166861,-40.47038982220754,0.24864870577098191,3261,0.011715291999280453,0.03121936321258545,-0.0015995431458577514,-0.007270327303558588,-102.40795327516635,-0.17937342822551727,0.17937342822551727,0.6354263832878974
job_000011,Rwanda,136,5.394741943419435,True,9,0.021464812321733376,0.6697380393492783,0.47076554213428423,0.33012166557277134,0.16148155059969943,0.3333333333333333,8,0.05307508969182885,-0.03338293650430458,-0.00482484152624538,-171.77597941725264,0.6355109757154301,3097,0.006064774934202433,0.021297410130500793,-0.0010898708133026958,-0.0028574380557984114,-110.877620261313,-0.0923798531293869,0.0923798531293869,0.5042610841705393
job_000011,Rwanda,137,5.434409163591636,True,9,0.021889061553189815,0.6732534313339313,0.4003172325482817,0.34525536431230774,0.19887242753934253,0.3333333333333333,8,0.1038823499599816,-0.011828984278627388,-0.01801860720949554,-123.28438483569361,0.20748921870557757,3240,0.009775074198842049,0.022690843790769577,0.0004341598541941494,-0.0059533691965043545,-85.82898892168309,-0.16171349585056305,0.16171349585056305,0.6106530769502694
job_000011,Rwanda,138,5.474076383763838,True,10,0.02241020012870748,0.6622745803812875,0.42567096464921683,0.3386765041957072,0.16688733252332488,0.3,9,0.06645196536851561,0.027645295267258892,-0.0179016219252618,-32.92494539897817,0.4956248569724958,3248,0.012403951957821846,0.028242692351341248,0.0015039951540529728,-0.00881379283964634,-80.31625884775274,-0.0519104041159153,0.0519104041159153,0.7208342775468856
job_000011,Rwanda,139,5.51374360393604,True,10,0.02235679107436398,0.6615868483894609,0.4260315515577859,0.33792119404799115,0.16519323827066734,0.3,10,0.0737132398463009,-0.01733753937989867,0.009090299421124241,152.33138756676854,0.26557105902050604,3217,0.008200432173907757,0.018969593569636345,-0.0002676817821338773,-0.0069789583794772625,-92.19653437510418,-0.03462762013077736,0.03462762013077736,0.8516734100833985
job_000011,Rwanda,140,5.553410824108242,True,11,0.02757658897822563,0.6422364950855078,0.4510017182119515,0.33595384779940335,0.1545882231495518,0.2727272727272727,10,0.0609853397863949,-0.003609169940152096,0.003978042681930521,132.2166032634917,0.08807536871158735,3941,0.026047276332974434,0.023988990113139153,0.0005199747392907739,-0.022470548748970032,-88.6743963223591,-0.03342364728450775,0.03342364728450775,0.8629141809849202
job_000011,Rwanda,141,5.5930780442804435,True,9,0.02057389657173855,0.6688747997634251,0.46888410316603246,0.32704778541932256,0.16340147924057463,0.3333333333333333,9,0.027084197773821,0.008660821164501254,-0.0096268116240099,-48.02367107928594,0.47811410088102385,3040,0.03739563748240471,0.030971257016062737,0.002552565885707736,-0.035397518426179886,-85.87545846055313,-0.08800922334194183,0.08800922334194183,0.949026038195269
job_000011,Rwanda,142,5.632745264452645,True,9,0.02019286023916095,0.6682891768640453,0.4680460031978168,0.3258748111654866,0.1637045584584752,0.3333333333333333,9,0.048848267744729466,-0.014763396498103706,-0.021128275804990947,-124.94395014487856,0.5276588135670155,2950,0.017276352271437645,0.08666382730007172,0.0014704009518027306,-0.016591403633356094,-84.9354354664307,-0.009541819803416729,0.009541819803416729,0.9641174557101149
job_000011,Rwanda,143,5.6724124846248465,True,7,0.011994565442214326,0.7249043742584395,0.3760574722916895,0.2845467447157272,0.1778772098090515,0.42857142857142855,7,0.22653124430699734,-0.021999146749569792,-0.1854172857705962,-96.76632283317892,0.8242473945547487,1787,0.034253932535648346,0.16116927564144135,0.0018200729973614216,-0.033474624156951904,-86.88779417944687,-0.06049274653196335,0.06049274653196335,0.9786925299500079
job_000011,Rwanda,144,5.712079704797048,True,9,0.017385422728252747,0.6695544243356584,0.46463367412982876,0.32591432641742624,0.16351397499167872,0.3333333333333333,7,0.12320523561832342,0.03945812600500896,0.044678503435509366,48.550447078597145,0.48381052076118014,2532,0.021262802183628082,0.045823581516742706,0.002345838351175189,-0.01649395562708378,-81.90544484765634,0.09746086597442627,0.0,0.7835250370621978
job_000011,Rwanda,145,5.75174692496925,True,7,0.012560560436996977,0.6401863031478138,0.4131298469058626,0.3387964936436839,0.14086561599663736,0.42857142857142855,7,0.05561308120196973,-0.005455104534016173,0.008471432548174562,122.77915426189317,0.1811782164715552,1866,0.0051444401033222675,0.010456147603690624,-0.0005572465597651899,-0.001290976069867611,-113.34732068881074,0.0016854337882250547,0.0,0.27332598331923186
job_000011,Rwanda,146,5.791414145141451,True,7,0.014296122426525053,0.7147358527478419,0.36747981227262827,0.2868121656760473,0.18945555892128388,0.42857142857142855,5,0.1384770934654845,-0.038923065620637284,-0.03409326669566147,-138.78442115951194,0.37365871079568697,2121,0.009441961534321308,0.019278666004538536,0.0001820755860535428,-0.0078445328399539,-88.67037463077217,-0.13793985545635223,0.13793985545635223,0.8310397749739147
job_000011,Rwanda,147,5.831081365313653,True,9,0.02052457318611496,0.6825119781170659,0.36423273248455235,0.29597921455622767,0.15170999200381227,0.3333333333333333,7,0.08995542448985987,-0.014844114295189706,-0.07175581466637761,-101.68790182616516,0.8145715542448031,2976,0.025786591693758965,0.12074154615402222,-0.00017118245887104422,-0.02337467297911644,-90.41959333897562,-0.03465016558766365,0.03465016558766365,0.906490476465963
job_000011,Rwanda,148,5.870748585485855,True,8,0.017231413865303254,0.6636954939542419,0.39443759193934064,0.2942572396120422,0.17830860178139843,0.25,8,0.10132650221097675,0.014331435100371034,-0.07776205378225533,-79.55764590559812,0.7803650171017021,2481,0.01703568361699581,0.0726710632443428,0.0010187538573518395,-0.01316783856600523,-85.57602019046371,-0.05024563521146774,0.05024563521146774,0.7752661379840987
job_000011,Rwanda,149,5.910415805658057,True,8,0.016873290539959288,0.6976080846196018,0.3281740873013851,0.2910365152944956,0.1897575084907676,0.375,7,0.1428441369542886,-0.04163828381136736,0.12341000725291527,108.64428961358888,0.911798455910266,2449,0.021067490801215172,0.0857967957854271,-0.0011566344182938337,-0.005723581649363041,-101.42460346365432,0.022621121257543564,0.0,0.2771701662451036
job_000011,Rwanda,150,5.950083025830259,True,7,0.012095246775745855,0.692704425157489,0.3412779518019751,0.2609698148931166,0.13051687604119092,0.42857142857142855,6,0.14180395160258005,0.029813669940281392,0.008394396488161584,15.725202291897538,0.2184206015548955,1773,0.04895349219441414,0.26892712712287903,0.004845461808145046,-0.04442588984966278,-83.77544406570878,-0.10735391825437546,0.10735391825437546,0.9128940566608241
job_000011,Rwanda,151,5.98975024600246,True,8,0.011747109480298466,0.6844470717133931,0.3045519555049079,0.2604836230711396,0.13070587406968537,0.375,7,0.11854773584202191,0.03145408018379592,-0.06860123796528417,-65.36825945688702,0.6366082249174867,1732,0.018000634387135506,0.09636145830154419,0.0012881907168775797,-0.015423895791172981,-85.22578519836202,-0.08181445300579071,0.08181445300579071,0.8598361742808557
job_000011,Rwanda,152,6.029417466174662,True,8,0.013045496582714693,0.6828255456967629,0.30723944093234984,0.2666421803219788,0.13834871122856757,0.375,7,0.08799168562833427,-0.05625650639283312,-0.04879242922150785,-139.06422585826272,0.8463081973687749,1947,0.041732531040906906,0.24224978685379028,0.004614012781530619,-0.04041735827922821,-83.48735433607295,0.09665276855230331,0.0,0.9747760492456656
job_000011,Rwanda,153,6.069084686346864,True,8,0.013553328776282193,0.6818659436071014,0.3051013304923915,0.2612883069996145,0.13524517745922265,0.375,8,0.15182812691501424,-0.02419131175554489,-0.05390119173152099,-114.17094724238154,0.3891304329916671,2048,0.03135063499212265,0.1806604415178299,0.002785987453535199,-0.029280973598361015,-84.56485858534066,-0.07675766944885254,0.07675766944885254,0.9382015299193787
job_000011,Rwanda,154,6.108751906519066,True,9,0.02039986051268955,0.6655267952608986,0.42876921833571136,0.2983512759491778,0.14102890516857794,0.3333333333333333,7,0.10352201357518274,-0.009292479830676223,0.004473979606055829,154.290933937738,0.09962540062619867,2954,0.010121123865246773,0.024200381711125374,-0.000844866968691349,-0.007628920022398233,-96.31948658207699,-0.007343079894781113,0.007343079894781113,0.7583703228456977
job_000011,Rwanda,155,6.148419126691267,True,7,0.012971790339432805,0.6931566986741572,0.33734939012599524,0.26290900881006135,0.12901504353302692,0.42857142857142855,7,0.15949493510401197,0.05941945484012317,-0.021980064952095583,-20.300119755951492,0.39721961897927,1966,0.0165665615350008,0.02997210994362831,-0.00032748994999565184,-0.014476376585662365,-91.2959452880858,-0.1416153907775879,0.1416153907775879,0.8740546661231885
job_000011,Rwanda,156,6.188086346863469,True,9,0.016862226713917784,0.6854684831136582,0.35593313157192835,0.2913222943976514,0.1404230932711232,0.3333333333333333,7,0.06935888014585248,0.008640055801622507,0.00605894525620864,35.040530671173904,0.1521476445253977,2482,0.012221465818583965,0.037203628569841385,-0.0009513811091892421,-0.006867324002087116,-97.8874032127254,-0.02204507775604725,0.02204507775604725,0.5672733390838859
job_000011,Rwanda,157,6.227753567035671,True,10,0.02095024813464152,0.6590694228682374,0.3953186203370083,0.31074559501983756,0.1439840507324514,0.3,9,0.08375447723288702,-0.02435699199791859,-0.02662951420082928,-132.44795590122817,0.4308867856585242,3080,0.00839265901595354,0.028916606679558754,-0.0014842449454590678,0.001239003730006516,140.1458707883771,-0.11471496522426605,0.11471496522426605,0.23037038690378214
job_000011,Rwanda,158,6.267420787207873,True,9,0.020825972313797934,0.6728406509297497,0.4000945382253868,0.3247846587145194,0.13248893836533934,0.3333333333333333,9,0.09842970164187896,0.023761911067207833,0.03253536295306171,53.85781045803881,0.4093143210831403,3089,0.017470670863986015,0.055977821350097656,-0.0033274523448199034,-0.0014093891950324178,-157.0442306560506,-0.21946680545806885,0.21946680545806885,0.20683975839151422
job_000011,Rwanda,159,6.307088007380074,True,8,0.018816266458837674,0.6787526309466301,0.44260107362752243,0.3201373928970535,0.12928195340564688,0.375,8,0.06610130278929544,-0.033848970428356925,-0.005895663394201191,-170.1195941649881,0.5197866473419294,2737,0.018465235829353333,0.057500630617141724,-0.005934974644333124,-0.007773493882268667,-127.3613244664794,-0.1792931705713272,0.1792931705713272,0.5296514877783314
job_000011,Rwanda,160,6.346755227552276,True,9,0.021393229426270376,0.6711793957036731,0.4019663649886506,0.32648131317532086,0.13311846179993297,0.3333333333333333,8,0.06824179480508395,-0.013208480854680717,0.04551727419484993,106.18199476473423,0.6945157605667956,3127,0.011868495494127274,0.04549868777394295,-0.003238282399252057,-0.008412766270339489,-111.05295320797819,-0.08779163658618927,0.08779163658618927,0.7595313492366762
job_000011,Rwanda,161,6.3864224477244775,True,10,0.02531514880722471,0.6595511242460145,0.3973473155218404,0.3103449736032272,0.14353618013769087,0.3,9,0.09093979881167526,0.03225179874761231,-0.020316490345675654,-32.208202442828195,0.41915012241582195,3699,0.030125800520181656,0.12807686626911163,-0.009775356389582157,-0.01928727515041828,-116.8772278898112,-0.22592036426067352,0.22592036426067352,0.7177587381240826
job_000011,Rwanda,162,6.4260896678966795,True,7,0.014428226913126525,0.7035978436721549,0.2923651951822485,0.27611726407093706,0.11087705333582694,0.42857142857142855,7,0.16788744632600733,0.030675171631358158,-0.10590407693798122,-73.84631274382035,0.6567325602018869,2110,0.04656446725130081,0.17119550704956055,-0.011846615932881832,-0.0427439846098423,-105.49086327715635,-0.35091620683670044,0.35091620683670044,0.9525562912603752
job_000011,Rwanda,163,6.465756888068881,True,7,0.013794061565949494,0.7038329080228701,0.2894106203849525,0.2748753137332668,0.10660594856895697,0.42857142857142855,7,0.09657306883510478,0.005925909345161357,-0.07448403957902272,-85.4511606596371,0.7737084435459741,2076,0.020322903990745544,0.07831881940364838,-0.005689589772373438,-0.01871318556368351,-106.91146175725386,-0.0695425420999527,0.0695425420999527,0.9624120045093258
job_000011,Rwanda,164,6.505424108241082,True,6,0.00978658430213548,0.7298216815548159,0.22979003661424904,0.24330690753683396,0.1727730929411205,0.5,6,0.0688738562695622,0.006883734598978129,-0.036161145062075135,-79.22197500390583,0.5344628529000222,1459,0.009465017355978489,0.006641084793955088,-0.0009670433355495334,-0.008120937272906303,-96.79081871657334,-0.0043624816462397575,0.0043624816462397575,0.8640567863070872
job_000011,Rwanda,165,6.545091328413284,True,9,0.014650919115080903,0.6720750702152204,0.39298293948916946,0.3277221897124487,0.12718519913681053,0.3333333333333333,6,0.062234336099739274,-0.0378060133245703,-0.03214698243709321,-139.6250203951398,0.7974027573897321,2185,0.02056826464831829,0.10996615886688232,-0.006439585704356432,-0.016569821164011955,-111.23778828940671,-0.16785934567451477,0.16785934567451477,0.8643001845439379
job_000011,Rwanda,166,6.584758548585486,True,9,0.021814572378798896,0.6691056268314142,0.39005017517548013,0.3237572751266285,0.12596551342518783,0.3333333333333333,8,0.14842525262754036,-0.031230576515617895,0.04263543293876702,126.22288298488182,0.35607190181726206,3143,0.011986566707491875,0.0461750403046608,-0.00294211832806468,-0.009870762005448341,-106.59742182225683,-0.043045639991760254,0.043045639991760254,0.859287175437887
job_000011,Rwanda,167,6.624425768757688,True,9,0.014681957886291687,0.6625549308522548,0.41739849890499775,0.35601378969615965,0.1310662424942009,0.3333333333333333,7,0.1417387748701578,0.04675811305361533,-0.020088253615373083,-23.249361620244596,0.35904542018756574,2279,0.0107334665954113,0.0375421941280365,-0.0012385681038722396,-0.006888383999466896,-100.19316918890877,-0.12007204443216324,0.12007204443216324,0.6520585662468288
job_000011,Rwanda,168,6.664092988929889,True,9,0.021568587762942095,0.6335543850962805,0.47810898018413933,0.32681452457608035,0.1284065052100707,0.2222222222222222,7,0.1008404360737211,-0.0209292285982785,-0.022061720251082034,-133.4910314612395,0.30156292731874407,3163,0.020328935235738754,0.07082566618919373,-0.0027286133263260126,-0.017580056563019753,-98.82252300401973,0.01312511507421732,0.0,0.875134442748832
job_000011,Rwanda,169,6.703760209102091,True,10,0.02921093742898069,0.6621473882836122,0.36060849980186394,0.3236658424922953,0.1032762115139623,0.3,7,0.03965938230112708,-0.00922025173041602,0.012564669512036705,126.27210234574734,0.392964640300505,4241,0.008590098470449448,0.026248687878251076,-0.00026361935306340456,-0.005970400758087635,-92.5282175507572,-0.0002593508397694677,0.0002593508397694677,0.695710057281406
job_000011,Rwanda,170,6.743427429274293,True,9,0.025673191127647068,0.6400967565098488,0.360587014993005,0.3365498937256261,0.09745884063156549,0.3333333333333333,8,0.031807200224859264,-0.007312532446604837,0.004956398941655357,145.8707713486411,0.27773490502142956,3688,0.01008070819079876,0.03454285115003586,-0.002102794125676155,-0.005716030951589346,-110.19738873436884,-0.005694250576198101,0.005694250576198101,0.604178405073709
job_000011,Rwanda,171,6.783094649446495,True,11,0.03104963719794723,0.6505707856854278,0.35760820860737935,0.31029376973110867,0.11773144839122705,0.2727272727272727,8,0.07413091922732451,-0.003662261645015244,-0.018547073261231607,-101.169801281155,0.25502431333430364,4483,0.017270652577280998,0.04484935477375984,-0.0007174939964897931,-0.013830436393618584,-92.96972247622027,-0.09388475120067596,0.09388475120067596,0.8018825500268828
job_000011,Rwanda,172,6.822761869618697,True,11,0.033428603973608105,0.6513073600148546,0.3583761394506424,0.31142987422177887,0.11752941952259578,0.2727272727272727,10,0.06053172464591437,0.007419481903082381,-0.0044339728200113015,-30.863053857517535,0.14279168222665037,4753,0.011339870281517506,0.031468458473682404,-9.581083577359095e-05,-0.00995258055627346,-90.55155413414035,-0.05232139676809311,0.05232139676809311,0.8777033132803241
job_000011,Rwanda,173,6.862429089790898,True,11,0.029215614778164957,0.6502350895373628,0.3596082764647036,0.3142719520256799,0.11889086502202494,0.2727272727272727,10,0.09125369296429255,0.003731298827275625,-0.024853423671497985,-81.46182748798726,0.27540756010690426,4239,0.018150700256228447,0.04880593344569206,0.00014384363021235913,-0.016622601076960564,-89.50420351347772,-0.011406367644667625,0.011406367644667625,0.9158447446028326
job_000011,Rwanda,174,6.9020963099631,True,10,0.032511596616315176,0.6596658384108358,0.3847201735819465,0.31239885585335014,0.1339760052507487,0.3,9,0.07153764664982044,-0.006711667223925124,-0.027079447801027768,-103.9202972502249,0.38998765025934984,4578,0.023385141044855118,0.08646959811449051,-0.0006881863228045404,-0.021210279315710068,-91.85836044150687,-0.05421386659145355,0.05421386659145355,0.9074754240754974
job_000011,Rwanda,175,6.941763530135302,True,11,0.03356349449647803,0.6506621421191634,0.3559375489748708,0.31238532046112893,0.11505473079815819,0.2727272727272727,10,0.06217680198839135,-0.011200530858328658,-0.03081398692738101,-109.97562522543575,0.527310592062127,4836,0.009748776443302631,0.033623531460762024,-0.0008923879940994084,-0.008409739471971989,-96.05719620757121,-0.03684421256184578,0.03684421256184578,0.8674887815776209
job_000011,Rwanda,176,6.981430750307504,True,11,0.029748398308628674,0.6510870084784487,0.36021993059642116,0.31468741206401213,0.11785607958271328,0.2727272727272727,10,0.06449082972749982,-0.006943808343488832,0.03002736557754403,103.0207311776738,0.47789407112336746,4272,0.01740030199289322,0.07885786145925522,-0.0008142599835991859,-0.015046405605971813,-93.09762997232266,0.05319458991289139,0.0,0.86598623326104
job_000011,Rwanda,177,7.021097970479705,True,11,0.03052668701798042,0.6508473754984375,0.36131488627790725,0.3138356620923147,0.11671392172547902,0.2727272727272727,11,0.0480144443981999,-0.00604108326650927,0.02760353956573495,102.3446514243351,0.5885074670347406,4418,0.01788698323071003,0.07031708210706711,-3.4140106436097994e-05,-0.01436921302229166,-90.13612995556521,-0.0011327940737828612,0.0011327940737828612,0.8033357774189518
job_000011,Rwanda,178,7.060765190651907,True,10,0.029576211395132238,0.6593537356199375,0.38889221233516624,0.3148275051337301,0.13625475433577744,0.3,10,0.0515316774458404,-0.002663604028231534,-0.015951889680435892,-99.47964024282764,0.3138407752204002,4267,0.010299439541995525,0.03666645288467407,-0.00048274410073645413,-0.008999389596283436,-93.0705100212377,0.01635659858584404,0.0,0.8750309089518421
job_000011,Rwanda,179,7.100432410824109,True,10,0.029473152406526208,0.6485660703995155,0.3887683427218544,0.3165019063334206,0.14856637780282825,0.3,9,0.059290076579008276,-0.0003519232999830608,-0.051426612086545746,-90.39208114708099,0.8673933174483877,4232,0.021356167271733284,0.08710610866546631,-0.0021212678402662277,-0.017584681510925293,-96.87844367937934,-0.023587802425026894,0.023587802425026894,0.8293700417451944
job_000011,Rwanda,180,7.1400996309963105,True,13,0.029910615389439316,0.6228679277433113,0.3409581500988531,0.30980786171517366,0.10339791704993692,0.23076923076923078,9,0.08300578685632876,0.010339022694703935,-0.015184079595432122,-55.74857973791555,0.2213081541059949,4312,0.015272703021764755,0.0571301206946373,-0.00416556978598237,-0.008913022466003895,-115.04939816856498,0.03843466565012932,0.0,0.6441813981195292
job_000011,Rwanda,181,7.179766851168512,True,12,0.028079730335862446,0.6398142857122314,0.30562425981858915,0.2878533841630698,0.09943008377794021,0.25,12,0.05621515943388874,0.010684942115989415,0.015323298791337906,55.11192135346352,0.33230855129548165,4101,0.008769932202994823,0.03664056956768036,-0.002218974055722356,-0.0056922221556305885,-111.29711112511183,-0.04635201767086983,0.04635201767086983,0.6966346341511441
job_000011,Rwanda,182,7.2194340713407135,True,13,0.03429932827543604,0.6235921917488528,0.33774751893106625,0.3052282957030941,0.10375298016641188,0.23076923076923078,11,0.03299412368852692,0.00025752600846751293,-0.01295919688332301,-88.8615643602065,0.39285042209229537,4817,0.016913970932364464,0.06263494491577148,-0.006347160320729017,-0.013144731521606445,-115.77437488720238,-0.0029655457474291325,0.0029655457474291325,0.8630103253978785
job_000011,Rwanda,183,7.259101291512915,True,11,0.02734686926540338,0.6310414850503723,0.39044413550810897,0.3075649337578859,0.13142548250804473,0.2727272727272727,10,0.053890049560277785,-0.009345288572212057,0.008046968630129844,139.26917195325936,0.2288437556355148,3907,0.01598689705133438,0.03506755828857422,-0.005365338176488876,-0.011818867176771164,-114.41633023673766,0.03640370815992355,0.0,0.8118958094781343
job_000011,Rwanda,184,7.298768511685117,True,12,0.027016766237600617,0.6213750436562623,0.4012170046633539,0.29888731600666496,0.12566408431436796,0.25,11,0.06217108439425766,0.015141243254249558,0.00046197220165362425,1.7476007810748588,0.2436548975252401,3880,0.008232378400862217,0.020636996254324913,-0.001973732141777873,-0.005835771095007658,-108.68619198840445,0.004546716343611479,0.0,0.7483264742309309
job_000011,Rwanda,185,7.338435731857319,True,13,0.0280025060175928,0.6203058276049249,0.37323714672689834,0.300777346131864,0.1101513510825133,0.23076923076923078,12,0.06702673986902939,-0.0054712732971420675,-0.03775864312169972,-98.24484378548235,0.5692203008814506,3977,0.013349585235118866,0.03408888727426529,-0.003983237314969301,-0.008532685227692127,-115.02415801019559,-0.044593580067157745,0.044593580067157745,0.7053873635417096
job_000011,Rwanda,186,7.37810295202952,True,10,0.02664071007716654,0.6598985132307689,0.38102729415109077,0.3088448910849702,0.13128007017230078,0.3,9,0.07995042103332038,0.01888311019027293,-0.006429115994641282,-18.802123407878096,0.24949919690130298,3817,0.010211092419922352,0.02452901005744934,-0.001614146400243044,-0.0034856763668358326,-114.84790272119857,-0.07300954312086105,0.07300954312086105,0.3761866758984775
job_000011,Rwanda,187,7.417770172201722,True,10,0.025522270698687895,0.6430414531805829,0.41379268180957773,0.29698038986903996,0.11492164918480516,0.3,9,0.033870199268462714,0.00047168536312174893,-0.016383625787983483,-88.35090731705304,0.4839184491844731,3664,0.005131698679178953,0.015515386126935482,-0.0012370540061965585,-0.0007116536726243794,-150.08899972803482,-0.058086346834897995,0.058086346834897995,0.2781045502684631
job_000011,Rwanda,188,7.457437392373924,True,11,0.023266737761533967,0.6223972110985763,0.31509527021271766,0.28555178589051183,0.10275747134255653,0.2727272727272727,9,0.049906033600338386,-0.011818224093742133,-0.021645258730152613,-118.63436250894549,0.4941578997340512,3380,0.009085912257432938,0.031239507719874382,-0.003067637328058481,0.000643308914732188,168.15623076461807,-0.08871563524007797,0.08871563524007797,0.3449697839815438
job_000011,Rwanda,189,7.497104612546126,True,9,0.02062930842559941,0.6546449427642762,0.33319764026040555,0.29235998682345515,0.11629378264146904,0.3333333333333333,9,0.058506235862400904,-0.026169538349331407,-0.01511490311126127,-149.99029131040353,0.516542152470768,2995,0.010480578988790512,0.03670839965343475,-0.002301896223798394,-0.0018628669204190373,-141.01762122936506,-0.05505445972084999,0.05505445972084999,0.2825463780258284
job_000011,Rwanda,190,7.536771832718328,True,9,0.020340838721098046,0.655512251506256,0.33310203165374674,0.29243043845264455,0.11572260602529846,0.3333333333333333,9,0.03377991202251667,0.021864621171204517,-0.002410267375524986,-6.290655693752814,0.6511878733689657,2964,0.007452973630279303,0.027136851102113724,-0.0012934758560732007,-0.0017577259568497539,-126.34861846948598,0.007427879609167576,0.0,0.29281689541318107
job_000011,Rwanda,191,7.576439052890529,True,8,0.0171477444392256,0.6735536200740196,0.3071815975837593,0.29545915235737724,0.1376458846124593,0.375,8,0.06592545222402142,0.0095453003092595,-0.005943676107853958,-31.90973295333447,0.17056471817700397,2516,0.01319604180753231,0.04686490446329117,0.002808917313814163,-0.007804103195667267,-70.20476234489355,-0.022974763065576553,0.022974763065576553,0.6285382824929167
job_000011,Rwanda,192,7.616106273062731,True,8,0.017600719402001308,0.6738302245616014,0.30794834212183425,0.2952061999060373,0.13821543650064289,0.375,8,0.05415850657375065,0.006973125073569023,0.019329424515919125,70.1629988334913,0.37941869656121385,2585,0.019741803407669067,0.08229250460863113,0.0023514076601713896,-0.0136583736166358,-80.23178815632079,-0.16516737639904022,0.16516737639904022,0.7020282296038722
job_000011,Rwanda,193,7.655773493234933,True,9,0.0201974944695378,0.6699627876862887,0.2550258655680714,0.24747237454557294,0.08728274869662184,0.3333333333333333,6,0.12258905132088788,0.002019216473667406,-0.04032236810952161,-87.13320359096633,0.3293352383497774,2882,0.00882461667060852,0.031358521431684494,-1.0624114111124072e-05,-0.005817908328026533,-90.10462801898755,-0.10260339826345444,0.10260339826345444,0.6592828046312865
job_000011,Rwanda,194,7.695440713407135,True,9,0.01762444532684762,0.6545840389801955,0.3316605018743923,0.2943864078569042,0.11226271836005036,0.3333333333333333,8,0.18350165672928492,-0.010542192432793489,-0.017436820074688157,-121.15689560321243,0.11103975435572837,2554,0.014368131756782532,0.04029972106218338,-0.00021196977468207479,-0.010222983546555042,-91.18783654417828,-0.16804707050323486,0.16804707050323486,0.7116569530995901
job_000011,Rwanda,195,7.735107933579336,True,10,0.01851993185797963,0.638912193875555,0.30595396379911255,0.29443418757650763,0.1081760175401261,0.3,9,0.09635443365427904,-0.011461334909636078,0.032937412235914655,109.1865241041411,0.36194043422000133,2747,0.008941029198467731,0.018605396151542664,1.583144512551371e-05,-0.005162564106285572,-89.82429813417046,-0.04976794123649597,0.04976794123649597,0.5774042636338383
job_000011,Rwanda,196,7.774775153751538,True,9,0.01635533635076627,0.6533836567627659,0.3325279758545308,0.2984153578847376,0.11005203533900004,0.3333333333333333,9,0.1333418883735747,-0.018799979400233154,-0.011068625454972827,-149.51223925929435,0.1636122247437996,2426,0.004045149311423302,0.007700604852288961,-7.67868259572424e-05,-0.0023574326187372208,-91.86559144882774,0.000996768125332892,0.0,0.583089192640619
job_000011,Rwanda,197,7.81444237392374,True,10,0.025291190738351923,0.6654312798956716,0.4617717875229889,0.3593433222685862,0.12852351066656204,0.3,5,0.11323943596806074,-0.02543956329015325,-0.09275644105078523,-105.3369303212275,0.8493661915361174,3586,0.017372315749526024,0.06363661587238312,0.005282368510961533,-0.010352944023907185,-62.968023454032256,-0.029438722878694534,0.029438722878694534,0.6690350191419462
job_000011,Rwanda,198,7.854109594095942,True,11,0.02031051468901561,0.6625101754476591,0.3843564139274239,0.35646947960065295,0.14395417485572093,0.2727272727272727,7,0.10280594802698831,0.0338316125765374,0.0006256423024361254,1.0594404222833258,0.3291385146500487,2972,0.014720837585628033,0.059259895235300064,0.00602688267827034,-0.010301324538886547,-59.66984721697679,-0.02323755994439125,0.02323755994439125,0.8107451870314634
job_000011,Rwanda,199,7.8937768142681435,True,10,0.015563974430563036,0.6476928871954087,0.37872479730819136,0.3107507433313764,0.11364775827197311,0.3,9,0.06416014210456843,0.010564146057685683,0.04487690690456722,76.75358406543215,0.7185700553158136,2335,0.0023937602527439594,0.004814969375729561,0.0003175934834871441,-0.0010659382678568363,-73.40871397885732,-0.020233210176229477,0.020233210176229477,0.4646436419260797
job_000011,Rwanda,200,7.9334440344403445,True,8,0.021318397889563398,0.69231722528214,0.4503531845664719,0.3587123513066876,0.12703521746131227,0.375,5,0.13077645716527236,-0.007993613178869536,0.01691399169095058,115.29558617998225,0.143051575511251,3037,0.011223810724914074,0.0328640416264534,0.0037511696573346853,-0.0042834957130253315,-48.79051583982043,0.09582292288541794,0.0,0.5072984720279875
job_000011,Rwanda,201,7.973111254612546,True,8,0.020054536149621254,0.6684341207993685,0.536811664470321,0.3875394848717096,0.09947292379188108,0.375,7,0.032513636954738,-0.00819672117545043,0.002360369127046882,163.93544921669275,0.2623454714836068,2857,0.008260702714323997,0.02892397530376911,0.003287563333287835,-0.004204088356345892,-51.97487803127354,-0.04324634373188019,0.04324634373188019,0.6460580441493909
job_000011,Rwanda,202,8.012778474784747,True,10,0.0273894072724637,0.6897511367881314,0.5358708764553844,0.36818594522920783,0.10633787576298695,0.3,8,0.03438760389504251,0.003051087332396834,0.008720408637137383,70.71613326881283,0.26866537840670945,3899,0.00423643970862031,0.01193295419216156,0.0011047640582546592,-0.000631804286967963,-29.764837532143627,0.01011631079018116,0.0,0.30040946883711706
job_000011,Rwanda,203,8.05244569495695,True,10,0.023231899223143778,0.6810922368526603,0.5354462800040155,0.3672951386680213,0.10585771511722472,0.3,9,0.04994951860117877,0.0075073335352683285,0.02493054297838462,73.2413777150691,0.5212534674581945,3381,0.007644980680197477,0.018461454659700394,0.0033546651247888803,7.876402378315106e-05,1.3449977849408674,0.01728607341647148,0.0,0.43892715837458135
job_000011,Rwanda,204,8.092112915129151,True,8,0.017061825318433636,0.6989764316150794,0.4237701953469358,0.31498469217930136,0.08337740116973903,0.375,6,0.08788404512037185,-0.01858842746446981,-0.03295717681545778,-119.4237629197576,0.4305432190301921,2493,0.007803676184266806,0.021218886598944664,-0.0036304660607129335,-0.0004644014115910977,-172.7104347353971,-0.01274008397012949,0.01274008397012949,0.4690158929592359
job_000011,Rwanda,205,8.131780135301353,True,10,0.023320971266318435,0.6784200524293978,0.44071370461919007,0.3593361878914682,0.12155214321670008,0.3,6,0.10859488581393245,-0.028023039489801532,-0.022720101939216714,-140.96606791699062,0.3322092146465349,3326,0.008955071680247784,0.028355427086353302,0.005304675083607435,0.0028766889590770006,28.470673588924623,-0.09518596529960632,0.09518596529960632,0.6738614255568651
job_000011,Rwanda,206,8.171447355473555,True,9,0.021671673911900596,0.6905905697736822,0.5079213510019058,0.37569952956145364,0.0997132956418024,0.3333333333333333,8,0.03811840883516099,0.005531902617788406,0.0001956478266988467,2.0255462073658492,0.14521490959930275,3112,0.01357547752559185,0.0466972254216671,0.005179868079721928,0.007780701853334904,56.34699327680415,-0.14183999598026276,0.14183999598026276,0.6885364470787552
job_000011,Rwanda,207,8.211114575645757,True,9,0.016042167404202043,0.6668631804034482,0.48492004479086287,0.3516131695807597,0.11009623340432498,0.3333333333333333,7,0.07185707869530697,0.004098116551438248,0.03093915463000393,82.45467916841412,0.4343258556020648,2327,0.0028952776920050383,0.0073849973268806934,-0.0002583377936389297,0.0006221685907803476,112.5492770480311,-0.04837595298886299,0.04837595298886299,0.2326791213787398
job_000011,Rwanda,208,8.250781795817959,True,10,0.018721669614815122,0.6695622856200676,0.5135126826933121,0.34630332823002996,0.1012983974374098,0.3,9,0.06959266893049362,0.012493002304058646,-0.018064193210774696,-55.3326814877782,0.3155990869818892,2784,0.007621247321367264,0.028912276029586792,-0.004315516911447048,-0.0029192189686000347,-145.92372737752413,-0.07990183681249619,0.07990183681249619,0.6836330842301112
job_000011,Rwanda,209,8.290449015990161,True,11,0.024189473260121528,0.6823768033870368,0.5567992395779705,0.35594130988217937,0.0980253823782651,0.2727272727272727,9,0.07139132992190866,-0.03932993278202635,0.014297995966309493,160.02178007659663,0.5861811694822681,3489,0.02074936404824257,0.06056033447384834,-0.00041783921187743545,-0.006096728146076202,-93.92063496734596,-0.11942940950393677,0.11942940950393677,0.2945164806610155
job_000011,Rwanda,210,8.330116236162363,True,9,0.019484004771570352,0.6899978582656092,0.5064282571064648,0.3757701990032992,0.10280347036913272,0.3333333333333333,8,0.08027662427502587,0.005075946929804181,-0.025925975364384433,-78.92240429637673,0.32908960703218504,2872,0.012468630447983742,0.04737534746527672,0.0092079509049654,0.0006488359067589045,4.030670131947413,-0.05563708767294884,0.05563708767294884,0.7403204919137034
job_000011,Rwanda,211,8.369783456334563,True,7,0.017618610950555762,0.7183014330010389,0.42704506471644493,0.3704824064230464,0.15257774626773277,0.42857142857142855,7,0.09886045741493597,-0.032600019292224884,-0.05536372387910098,-120.49100502940152,0.6498934136124511,2550,0.0062955026514828205,0.0211148913949728,0.004637987352907658,0.00017177230620291084,2.1210346743047226,-0.03680664673447609,0.03680664673447609,0.7372194717089022
job_000011,Rwanda,212,8.409450676506765,True,8,0.01696441180729022,0.6909089955514179,0.44519233324174357,0.3565208093068657,0.12708582539744073,0.375,6,0.02288711858881784,-0.00890850315095639,-0.004533504563708624,-153.02862382722654,0.4367392793146502,2465,0.010441111400723457,0.03421540558338165,0.00772985490038991,0.0008134922245517373,6.007710469124975,-0.04392865672707558,0.04392865672707558,0.7444172186891491
job_000011,Rwanda,213,8.449117896678967,True,10,0.021575735325618874,0.6879455615222219,0.5307016700638861,0.363650642442993,0.11402786055811476,0.3,8,0.07298074542787183,0.02940241271659572,0.04021532666711614,53.82854553761294,0.68261032472431,3147,0.017573297023773193,0.060435324907302856,-0.001745577552355826,-0.006411414593458176,-105.23024487264453,-0.09646713733673096,0.09646713733673096,0.3781187614986966
job_000011,Rwanda,214,8.488785116851169,True,9,0.018297748861312593,0.6895109111475428,0.5055999426998443,0.3748895019521508,0.10300183798347776,0.3333333333333333,9,0.01800352314989813,0.009882720455744289,0.0044126315572399115,24.060746705382197,0.6011656341462257,2680,0.0031360171269625425,0.010718351230025291,0.0016648374730721116,0.0003469286602921784,11.771175633619654,-0.01843329705297947,0.01843329705297947,0.5422804779540682
job_000011,Rwanda,215,8.52845233702337,True,11,0.023257595145802605,0.6688237241346774,0.5682671046028116,0.37303486569789546,0.1213452927347466,0.2727272727272727,8,0.030003272694839725,0.00787493304595108,-0.008417259818161434,-46.906530700075045,0.3841814525915827,3348,0.010839919559657574,0.030702898278832436,0.0012409525224938989,-0.0036194000858813524,-71.07513814771367,-0.08415869623422623,0.08415869623422623,0.35297567526605284
job_000011,Rwanda,216,8.568119557195573,True,11,0.022893818821014836,0.6688016857638956,0.5683571882053529,0.3731545044030856,0.12192285065112238,0.2727272727272727,11,0.028719094120329434,-0.0005555814268308033,0.002270983500988434,103.74703157136992,0.08140770996814792,3250,0.007437385153025389,0.019517026841640472,0.0014025410637259483,-0.001285951817408204,-42.51686568518358,-0.05854932963848114,0.05854932963848114,0.25584775278211425
job_000011,Rwanda,217,8.607786777367775,True,12,0.023240324379830694,0.6661251920614796,0.5269005325490541,0.3831273122029354,0.12462967600188518,0.25,11,0.03501744054539961,-0.01637808194282929,0.00972841622798891,149.29011344579445,0.5440005025363008,3392,0.0030000153928995132,0.007880480960011482,0.0013900469057261944,-0.000497911183629185,-19.70739192469251,-0.032220449298620224,0.032220449298620224,0.4921747176858725
job_000011,Rwanda,218,8.647453997539976,True,11,0.02097813103694719,0.6674827991382927,0.5678499175796273,0.3727681915039095,0.120719038774993,0.2727272727272727,10,0.03530969088399112,0.011813075586806361,0.010268303780925452,40.998214865779644,0.4432792907809154,3061,0.009243583306670189,0.019094953313469887,0.0024945223703980446,-0.0038467745762318373,-57.03775444906478,-0.06987487524747849,0.06987487524747849,0.4959972467923748
job_000011,Rwanda,219,8.687121217712178,True,7,0.014298775620495995,0.6746958917526016,0.3720561652763659,0.31342282459288645,0.08922487549538609,0.42857142857142855,6,0.02608818324993714,-0.0009640213392496181,-0.0020776292667462307,-114.89133097414506,0.08779410598534194,2099,0.013215083628892899,0.04586661607027054,0.006654474884271622,-0.007382581010460854,-47.96928748656492,-0.2917265295982361,0.2917265295982361,0.7520982384917234
job_000011,Rwanda,220,8.726788437884379,True,9,0.016934375726306003,0.6493292306309142,0.3709918911189798,0.31763047248544674,0.08449821132282613,0.3333333333333333,7,0.028495732367734707,0.007587232881619156,-0.02099892341075737,-70.13443536525352,0.7835412342845355,2387,0.003938534762710333,0.010187080129981041,0.0011047190055251122,-0.0008430029265582561,-37.34698571300764,-0.03584153577685356,0.03584153577685356,0.3528279470801866
job_000011,Rwanda,221,8.76645565805658,True,11,0.023756104853398883,0.6669093005354408,0.460690564563385,0.3516989961851458,0.1136049970993927,0.2727272727272727,9,0.0835934898939693,-0.025558948656942346,0.022956169109616353,138.07090785187634,0.41097341607973853,3414,0.006896334234625101,0.018679585307836533,0.0008407491841353476,0.0012311091413721442,55.67004553927134,-0.10776490718126297,0.10776490718126297,0.21617302481655098
job_000011,Rwanda,222,8.806122878228782,True,11,0.02242782950767293,0.6796730399345728,0.4705303288054552,0.35231753081941913,0.10570006637393177,0.2727272727272727,10,0.053788722432404665,0.019370386587872518,0.03605003177389997,61.74999286053474,0.7608383725060838,3221,0.007899133488535881,0.021430663764476776,0.001621771021746099,0.000881061889231205,28.513970163194067,-0.11171834170818329,0.11171834170818329,0.2336517775080641
job_000011,Rwanda,223,8.845790098400984,True,11,0.022545737165252808,0.6636254814570405,0.5493416149894069,0.35694806641665605,0.10975615018721299,0.2727272727272727,10,0.04557743028529584,0.004213539786864803,-0.01980514318778142,-77.9894085646224,0.4442637000801839,3277,0.004531830549240112,0.01410445012152195,0.0005835260380990803,-0.00036485950113274157,-32.01637744468629,-0.031554821878671646,0.031554821878671646,0.15186010259949806
job_000011,Rwanda,224,8.885457318573186,True,13,0.025545511768183676,0.6485783665192263,0.5205269835275274,0.3578052163745497,0.10377310854244107,0.23076923076923078,11,0.08037773022207065,0.02510421392355144,-0.040200861516167835,-58.016477293135495,0.589659256029089,3553,0.010538933798670769,0.026780785992741585,0.003294944064691663,-6.18229532847181e-05,-1.0749131526655609,-0.024894604459404945,0.024894604459404945,0.3126999436446786
job_000011,Rwanda,225,8.925124538745388,True,10,0.019952498071888532,0.6795446740501967,0.5471036733813748,0.37109380391188573,0.12180328595945795,0.3,10,0.06143126343544321,0.014372458815342628,0.025554857271473823,60.645905689280966,0.4772691679784303,2879,0.008365735411643982,0.022377097979187965,0.003990568220615387,0.00040682381950318813,5.820984593182473,-0.10791818797588348,0.10791818797588348,0.4794858455851102
job_000011,Rwanda,226,8.96479175891759,True,11,0.021380364864219743,0.6639524900759916,0.5246200449398685,0.3372380459341842,0.08880324356453563,0.2727272727272727,9,0.053112315508225656,-0.007089668449172488,-0.002351027951288037,-161.65379538855362,0.14063253035369055,2997,0.00344646954908967,0.00971771590411663,0.0015045265899971128,0.0001379218592774123,5.237737470328284,-0.021224787458777428,0.021224787458777428,0.4383718116297587
job_000011,Rwanda,227,9.004458979089792,True,11,0.020805156729039615,0.6654639450841072,0.5248379921513698,0.33674157290305007,0.08909836789336428,0.2727272727272727,11,0.05530644671102126,0.03810337607612141,0.005494390848545038,8.205318535438185,0.696075729337407,2851,0.008593735285103321,0.02215731143951416,0.00461413012817502,3.664838914119173e-06,0.045507983603779494,-0.05090853199362755,0.05090853199362755,0.5369180490814599
job_000011,Rwanda,228,9.044126199261994,True,10,0.019780041500847636,0.6800512512323434,0.5198736977141523,0.3498801487880336,0.09153196919671448,0.3,10,0.028597843519246734,0.006140279198582836,0.013803284988364698,66.01849871320825,0.5282707987293943,2752,0.008203811012208462,0.02311910130083561,0.0035166102461516857,-0.0016880620969459414,-25.642186714093217,-0.040861278772354126,0.040861278772354126,0.47548415357439433
job_000011,Rwanda,229,9.083793419434194,True,12,0.021436860527755584,0.6643647707081499,0.48637594102674275,0.34700010458565267,0.09296722185414157,0.25,10,0.023719805429143787,-0.003807317411929236,-0.010543186182411766,-109.85548231391192,0.47258267752054883,3005,0.0036305871326476336,0.009022972546517849,0.000528794655110687,-0.0011079426622018218,-64.48596787403241,-0.05169070512056351,0.05169070512056351,0.3381449616075777
job_000011,Rwanda,230,9.123460639606396,True,10,0.018865276793579164,0.6855720846211105,0.5070054677653931,0.34295928134660203,0.10750303778090257,0.3,9,0.07578305747733309,0.023918836705798825,-0.012576962096483265,-27.736215146445414,0.35659542703248237,2807,0.00783606804907322,0.01748277246952057,0.0015437997644767165,-0.0016309631755575538,-46.57266587283152,0.06966026872396469,0.0,0.28659045729294924
job_000011,Rwanda,231,9.163127859778598,True,9,0.017747400446662922,0.7043759821060087,0.5023145440937546,0.35656234636710715,0.11392209929927673,0.3333333333333333,9,0.0408993666679923,0.0018897569963930538,-0.0033817816030757993,-60.80331616231597,0.09471951152401287,2629,0.015054169110953808,0.055466681718826294,0.0025772261433303356,-0.013369099237024784,-79.08866341085256,0.050293829292058945,0.0,0.9044169334169474
job_000011,Rwanda,232,9.2027950799508,True,11,0.02014316276496801,0.6837209429049712,0.5485158755474742,0.353520626219549,0.10605756057263355,0.2727272727272727,9,0.04124372406896442,0.009539886040300788,-0.0045493565882604135,-25.495421953475947,0.2562598194333689,2975,0.007987238466739655,0.031627558171749115,0.001341310446150601,-0.00524659501388669,-75.65929623735838,0.023998064920306206,0.0,0.6779986411839153
job_000011,Rwanda,233,9.242462300123002,True,11,0.020911215376312707,0.6825129040936893,0.4654396785267933,0.35165642435850114,0.10998975888801955,0.2727272727272727,10,0.0854574324461499,0.011864166904385867,-0.017338103914183563,-55.616833442982745,0.24583897156286694,3088,0.018776947632431984,0.06859228760004044,0.0042887418530881405,-0.01175677590072155,-69.95858961045461,0.08074763417243958,0.0,0.6664871828472215
job_000011,Rwanda,234,9.282129520295204,True,10,0.01723855076162189,0.6662653353295692,0.4176027794253644,0.3276631209179091,0.09520096117471019,0.3,10,0.059484217230512414,-0.01393079624925207,-0.0010707196228052023,-175.60489307456493,0.23488387359445978,2585,0.010357605293393135,0.030856668949127197,0.0012185483938083053,-0.002324999775737524,-62.34065688229307,0.1728825867176056,0.0,0.2534343698207675
job_000011,Rwanda,235,9.321796740467406,True,8,0.01543290666865122,0.6499487066349433,0.48839020743476125,0.32342400155981704,0.10253332776014529,0.25,8,0.06923513532903698,0.02593490087582695,0.006308992763752321,13.672357040972013,0.38551586925385084,2304,0.004468243103474379,0.008478987962007523,-0.0010681938147172332,-0.001618244918063283,-123.42856395096679,0.09658537060022354,0.0,0.43395326302005943
job_000011,Rwanda,236,9.361463960639608,True,11,0.023290766342707037,0.6665543357993117,0.5456101838267811,0.356662186808932,0.11244181262801733,0.2727272727272727,8,0.07481185031312114,0.0006443131658566857,-0.03540862639387688,-88.9575322412176,0.4733807262299703,3478,0.010645449161529541,0.03159303218126297,-0.0022383371833711863,-0.007048888131976128,-107.61697071462976,-0.012253830209374428,0.012253830209374428,0.6947325911301773
job_000011,Rwanda,237,9.40113118081181,True,9,0.02017847702194675,0.6681903875269276,0.4594580990335246,0.3626391950201242,0.1391094220288132,0.2222222222222222,8,0.038560364195504834,-0.009131033028436172,-0.004199027141037214,-155.3040337326032,0.260636889573664,2934,0.008681944571435452,0.02684699557721615,0.0013990573352202773,-0.0025842711329460144,-61.57003534083433,-0.08391466736793518,0.08391466736793518,0.33848135405654445
job_000011,Rwanda,238,9.44079840098401,True,8,0.018754577008173977,0.6706662646179252,0.5097558434381682,0.3525439584707329,0.1400855509243426,0.25,8,0.055240134975807514,0.009068961937619278,-0.009543717539189329,-46.461132739947736,0.2383309271171272,2732,0.003745336551219225,0.010668630711734295,0.00033700341009534895,0.00010917092731688172,17.94952740379005,-0.06263899058103561,0.06263899058103561,0.0945829816950873
job_000011,Rwanda,239,9.480465621156211,True,9,0.01969260353376116,0.649142787529396,0.5584082675578014,0.36582349247309864,0.14358396485872182,0.2222222222222222,8,0.06857523678218484,0.05679296135077261,-0.014248233925031356,-14.083702998385666,0.853850349936188,2901,0.010332044214010239,0.028645647689700127,0.0006403887527994812,-0.0029055357445031404,-77.57055989737049,-0.0070935641415417194,0.0070935641415417194,0.28796534691940634
job_000011,Rwanda,240,9.520132841328413,True,9,0.01995946408559051,0.6474989381356574,0.5599657339857257,0.3667097398558287,0.14383180322008038,0.2222222222222222,9,0.08821384755345132,-0.04144100309026569,0.039263311650349325,136.54567025755412,0.6471471486731889,2921,0.008143643848598003,0.023231998085975647,0.0018499491270631552,-0.004486231133341789,-67.59063300270371,-0.04758227989077568,0.04758227989077568,0.5958865791955235
job_000011,Rwanda,241,9.559800061500615,True,10,0.021063792353906426,0.6352621400572114,0.5793645117778745,0.3549100971331866,0.12152793035888021,0.2,9,0.0836533263575811,-0.00603120648560846,-0.04141108204761293,-98.28642890069627,0.5002547859255739,3073,0.004433982074260712,0.016613243147730827,0.002046864479780197,-0.00131263118237257,-32.6715964039325,-0.0936586782336235,0.0936586782336235,0.548399853137184
job_000011,Rwanda,242,9.599467281672817,True,10,0.020631070598301993,0.6354760538918918,0.5804638636907974,0.3545800270607623,0.12306072142727156,0.2,10,0.04984458578885701,0.005392710498789774,0.027714367383206824,78.98887813669677,0.566443760202413,3017,0.007300722412765026,0.018386084586381912,0.001080201007425785,-0.0020097284577786922,-61.74259057312498,-0.11884166300296783,0.11884166300296783,0.3125213446249507
job_000011,Rwanda,243,9.63913450184502,True,10,0.020404629583742322,0.6361779771727024,0.5814584970195174,0.35546266853089786,0.1250468538757351,0.2,10,0.051639193626467614,0.01769529797559221,0.02507443991290726,54.788975709542825,0.594308134261575,2984,0.006558629684150219,0.0216448362916708,-0.0007108364952728152,-0.004069800488650799,-99.9074129620681,-0.059627316892147064,0.059627316892147064,0.6299199877986444
job_000011,Rwanda,244,9.678801722017221,True,11,0.022475147094043146,0.6392614246624043,0.5966564056128413,0.34255713741853266,0.11608098081806008,0.18181818181818182,10,0.015196366584036036,0.004243987763340521,-0.0013528440890931285,-17.680575481593635,0.2931222558866139,3301,0.007990476675331593,0.022163590416312218,-0.0013609399320557714,-0.0064968508668243885,-101.83106850441999,-0.0876295417547226,0.0876295417547226,0.8307218119349818
job_000011,Rwanda,245,9.718468942189423,True,8,0.019207188159261798,0.6624936021121784,0.5307701146900844,0.37542873414657996,0.15404833421777375,0.25,8,0.1111387118627963,-0.044762630459882775,-0.09188937230694834,-115.97238486611852,0.9196820491655715,2800,0.006760567892342806,0.022062717005610466,0.0004145923594478518,-0.004750992637127638,-85.01275394047438,-0.1298123598098755,0.1298123598098755,0.7054211975830199
job_000011,Rwanda,246,9.758136162361625,True,10,0.025528301721272607,0.6378688275081543,0.5748331064733005,0.354775269358157,0.1299935965228304,0.2,8,0.07416171421254729,-0.03140324920798981,-0.02581924816589012,-140.57350541484882,0.5481887035246433,3693,0.01807003654539585,0.04250822961330414,-0.003946284297853708,-0.014422332867980003,-105.30288474925457,-0.012854866683483124,0.012854866683483124,0.8274740460192784
job_000011,Rwanda,247,9.797803382533825,True,11,0.026697120422811527,0.6551702363340864,0.5422933378382897,0.35864329235022624,0.11712299641101383,0.2727272727272727,10,0.08441973652275385,0.003237565293081423,0.021739841279249054,81.52958608716233,0.26036083915089037,3889,0.00908027682453394,0.02619793638586998,-0.0020903258118778467,-0.007485421374440193,-105.60254638687314,-0.05012615770101547,0.05012615770101547,0.8558998656959697
job_000011,Rwanda,248,9.837470602706027,True,9,0.023037484868179907,0.659378895898706,0.5347631130286099,0.3449276765980579,0.12767121243106375,0.2222222222222222,9,0.13031953990901732,0.04055123939325235,0.016675006315333522,22.352871741810404,0.3364488037211456,3366,0.01665792241692543,0.06265335530042648,-0.0035123054403811693,-0.012712232768535614,-105.4451221361944,-0.24971240758895874,0.24971240758895874,0.7917267919471705
job_000011,Rwanda,249,9.877137822878229,True,7,0.017473175665568476,0.664665520890651,0.4741147363726526,0.33948561051364895,0.1161324395975043,0.2857142857142857,6,0.09711305717097658,-0.012307774144872404,-0.058809572762180684,-101.82036250346434,0.6186981409936835,2514,0.020463434979319572,0.07228220254182816,0.001107899472117424,-0.01137468870729208,-84.43691468965152,-0.32405269145965576,0.32405269145965576,0.5584847458128339
job_000011,Rwanda,250,9.91680504305043,True,9,0.025234950387127753,0.6681524201653666,0.5342657632517664,0.3413414658955846,0.1191869960862964,0.2222222222222222,7,0.08223244248300023,-0.007396917827066844,-0.02377492934419635,-107.28209853211594,0.3027883949406601,3618,0.008977680467069149,0.02097703143954277,-0.0005313243018463254,-0.0032052171882241964,-99.41224907031321,-0.1398051381111145,0.1398051381111145,0.36189271703658094
job_000011,Rwanda,251,9.956472263222633,True,10,0.025735285297956757,0.655161550489704,0.5569892777949296,0.334067803772194,0.11011570281757481,0.2,9,0.053680030325510414,0.020130490024786243,-0.01935969308137795,-43.88180299317695,0.520288360172979,3715,0.008376493118703365,0.02681882120668888,-0.0017124281730502844,-0.00416224729269743,-112.36320352636079,-0.10763698816299438,0.10763698816299438,0.5373066912526906
job_000011,Rwanda,252,9.996139483394835,True,9,0.020810027419880105,0.6578994489102513,0.5378729345909679,0.34735857340164855,0.11651594131741197,0.2222222222222222,8,0.08333350046913275,0.032615958127103356,-0.0017348002236079463,-3.044618746349781,0.39194395097517715,3018,0.0050945160910487175,0.012631128542125225,0.0014969130279496312,-0.0020002934616059065,-53.19077552208257,-0.1093640923500061,0.1093640923500061,0.4904065356173488
job_000011,Rwanda,253,10.035806703567037,True,11,0.026291587595088598,0.6809508178166254,0.5296473039361044,0.3382792189980113,0.0994091496980145,0.18181818181818182,8,0.07684804297873489,-0.00977676434758704,-0.058644324177621165,-99.4648986146963,0.7736526910707962,3858,0.004039502236992121,0.010142488405108452,0.00016086662071757019,-0.00040997317410074174,-68.57578752500596,-0.02515251748263836,0.02515251748263836,0.10902443342139932
job_000011,Rwanda,254,10.075473923739239,True,8,0.018361117883462938,0.6386922953055151,0.4803562288382799,0.32322925188328877,0.10678404095987387,0.25,8,0.11903705116255182,-0.018119969702029386,0.049272376661858464,110.19105312078011,0.4410271822368663,2696,0.00909601990133524,0.025856895372271538,-0.002162155695259571,-0.0031631612218916416,-124.35427320058301,-0.029653917998075485,0.029653917998075485,0.42122982439342854
job_000011,Rwanda,255,10.11514114391144,True,9,0.019319096938325862,0.6344782765248622,0.5146826024200082,0.31785292094432827,0.09184074522025629,0.2222222222222222,8,0.08918497887579754,-0.016797947143682542,0.05888140724746094,105.92262178020606,0.686557755955499,2839,0.008354824967682362,0.023046018555760384,-0.0019926605746150017,-0.0018327746074646711,-137.3933126694456,-0.0781463235616684,0.0781463235616684,0.32404661535614115
job_000011,Rwanda,256,10.15480836408364,True,10,0.01860762365171025,0.6461135179777827,0.46824017117343264,0.33506216055279897,0.08500442145926414,0.2,8,0.05803740970122635,0.010756773103920973,0.04210329316024532,75.66834242560678,0.7487527891065997,2714,0.005547792185097933,0.012666044756770134,-0.00029746806831099093,0.0007747595082037151,111.00423829222973,-0.04821404069662094,0.04821404069662094,0.14959164085078527
job_000011,Rwanda,257,10.194475584255843,True,11,0.02550274381026063,0.6634532689850695,0.5107880037727003,0.35214508085825746,0.10117803690456695,0.18181818181818182,10,0.04712106246482408,-0.009433117478773727,-0.02033283507891346,-114.88824402126188,0.4756780925879311,3639,0.010680265724658966,0.0284524355083704,-0.00038571582990698516,0.004158542025834322,95.29917423443429,-0.05921414494514465,0.05921414494514465,0.39103819225666636
job_000011,Rwanda,258,10.234142804428044,True,9,0.019582154515086478,0.6568501793309496,0.43459108699180665,0.3350057460796601,0.09059294549581152,0.2222222222222222,8,0.06662905770016654,-0.006090123070299068,0.020551535288179115,106.50635858572527,0.3217050772007384,2832,0.0058580427430570126,0.014814872294664383,-0.00058091024402529,0.0017566044116392732,108.29908497663608,-0.11090792715549469,0.11090792715549469,0.3158335468267768
job_000011,Rwanda,259,10.273810024600246,True,11,0.02579625559404926,0.662176053407298,0.5104928103387567,0.3514659715713922,0.10184767361972918,0.18181818181818182,9,0.03736674160295339,-0.005884281410569941,0.009719618137547105,121.19081867768847,0.30406801174425924,3710,0.005605870392173529,0.010328353382647038,0.0013171022292226553,-0.0030583005864173174,-66.70015943965045,-0.05260000005364418,0.05260000005364418,0.5939949975477279
job_000011,Rwanda,260,10.313477244772448,True,9,0.017934372910070617,0.658261616444382,0.4338367499952146,0.3340777718287002,0.09016373402766277,0.2222222222222222,8,0.05227881958194202,-0.0030765577210865834,-0.03213734503906238,-95.46834922705989,0.6175401673469297,2636,0.0060193403623998165,0.009046996012330055,0.0013097014743834734,0.0032551803160458803,68.08291922497096,-0.3363655209541321,0.3363655209541321,0.5829172141199479
job_000011,Rwanda,261,10.35314446494465,True,9,0.017764593816671184,0.641106011178604,0.3572584678544457,0.3380830782007636,0.1204153175403464,0.2222222222222222,8,0.048109452460502786,0.0025578712896197897,-0.01242927378763749,-78.37121664897711,0.26376816543508563,2579,0.0043801297433674335,0.013330248184502125,0.0018234753515571356,-5.594018512056209e-05,-1.757156518513584,-0.06610269844532013,0.06610269844532013,0.4165020940349513
job_000011,Rwanda,262,10.392811685116852,True,10,0.01849574530166616,0.6466328656448737,0.4657177581071451,0.33373593279172714,0.0820132458609568,0.3,8,0.0822074767545162,0.004914826483299574,-0.04844156131716761,-84.20665889223177,0.5922849268311892,2729,0.0031322920694947243,0.00943494401872158,0.0004890779382549226,-0.0014947240706533194,-71.88175746590728,-0.01902419701218605,0.01902419701218605,0.5020936030515037
job_000011,Rwanda,263,10.432478905289054,True,11,0.01949043030109389,0.6364679004753092,0.456393465748726,0.3193074053700548,0.09248447805646313,0.2727272727272727,10,0.064015764929813,-0.012306766429445358,0.023809382006560215,117.33386681014292,0.41867694311506587,2840,0.005854484625160694,0.018677465617656708,-0.0009389029582962394,0.0006589063559658825,144.93946550631006,-0.04191451892256737,0.04191451892256737,0.19592468865336823
job_000011,Rwanda,264,10.472146125461256,True,10,0.020573420442851112,0.6786486637606529,0.5023339731963503,0.36114958287185356,0.1079045258422984,0.2,8,0.07753975974753159,-0.00031026742760963425,0.02163375242400292,90.82166954145346,0.2790307486142625,3001,0.005403764080256224,0.013978919014334679,-0.0005897386581636965,-0.0006224291282705963,-133.45518739312467,0.02232525497674942,0.0,0.15867526612080374
job_000011,Rwanda,265,10.511813345633456,True,13,0.027243210553732067,0.6764670589309585,0.48042670914757496,0.37561447051310276,0.10668896817354975,0.23076923076923078,10,0.05519053476933611,0.009489710453531818,-0.027918139042166633,-71.22648651064978,0.5342745287544046,4079,0.002949916059151292,0.007163195870816708,0.00020136198145337403,-0.00011542200809344649,-29.821617591032176,0.02257004752755165,0.0,0.07867909308098008
job_000011,Rwanda,266,10.551480565805658,True,9,0.02108644313630394,0.655588262656262,0.3772019367736704,0.3455913915313642,0.11070176725883321,0.2222222222222222,9,0.050683187923638906,-0.019861294888439303,-0.007760012561190575,-158.65890032819186,0.42072005899763953,3087,0.004457286559045315,0.011029621586203575,-0.0014972862554714084,0.0004952035960741341,161.6991890174364,-0.012146267108619213,0.012146267108619213,0.3538143421720155
job_000011,Rwanda,267,10.59114778597786,True,11,0.02512843317542252,0.6983664053186103,0.4210866815005829,0.3673490396865673,0.11073305938208543,0.18181818181818182,8,0.04130830340318449,0.013614666463396392,-0.020198294301480162,-56.01804796570899,0.5896725100909933,3633,0.008793546818196774,0.022620417177677155,-0.0018086907221004367,-0.0030210046097636223,-120.90917017746727,-0.08573519438505173,0.08573519438505173,0.4004135591218211
job_000011,Rwanda,268,10.630815006150062,True,11,0.02763224833266962,0.689066379551573,0.4137388571658219,0.3640892224889595,0.11170731312654979,0.2727272727272727,9,0.04082176054995071,0.008116044533261155,0.018137116097764847,65.89231296569278,0.4867552884139758,3958,0.00485936738550663,0.011215592734515667,-0.0005055150832049549,-0.0003224619722459465,-147.46668804954513,0.018525196239352226,0.0,0.12339175906509936
job_000011,Rwanda,269,10.670482226322264,True,13,0.029123224045698178,0.6465425475881678,0.4912790399280281,0.33636584362595956,0.10385770180157326,0.23076923076923078,9,0.12105536110491706,-0.005732961735957842,-0.0048523190523457665,-139.755771681436,0.06204419375612147,4104,0.01359680388122797,0.03277760371565819,-0.0007322078454308212,-0.00860702432692051,-94.86249959264133,0.061346281319856644,0.0,0.6353046693344191
job_000011,Rwanda,270,10.710149446494466,True,14,0.02985283333507469,0.6391184154916629,0.48095477522814584,0.3271635549976419,0.10840759253244381,0.21428571428571427,13,0.10111047293950047,0.005782309380649929,-0.02476941915936604,-76.85988312980801,0.2515604215970411,4214,0.011829336173832417,0.03137246146798134,-3.460124617049587e-06,-0.008531716652214527,-90.02323688588808,0.03549478203058243,0.0,0.7212338231397837
job_000011,Rwanda,271,10.749816666666668,True,12,0.028677646332716293,0.6563163573650648,0.466615753819734,0.33646094382036973,0.1068654406176175,0.25,12,0.06012534195254765,-0.01924216018384999,0.004009020548294511,168.2310342253615,0.326906329546944,4032,0.005579441320151091,0.01665809564292431,-0.00021206265955697745,-0.003940343391150236,-93.08059064206195,-0.043738510459661484,0.043738510459661484,0.7072474584173075
job_000011,Rwanda,272,10.78948388683887,True,10,0.027518801133358816,0.66151929416138,0.4777207875243824,0.33015162277533544,0.10431905722047793,0.3,9,0.046360321862267025,-0.01682805181257275,0.019047932790705144,131.45925093538864,0.5482418616458059,3883,0.015723463147878647,0.0505136176943779,-0.0002325332025066018,-0.012309139594435692,-91.08225164243841,-0.06907972693443298,0.06907972693443298,0.7829913605457464
job_000011,Rwanda,273,10.829151107011072,True,9,0.02613300090602001,0.7218637820362,0.3667357462775951,0.35045762859537194,0.15034483228001447,0.3333333333333333,7,0.11444435870810742,0.018274257203964004,0.07597710348073942,76.47592475984989,0.6828112671214964,3754,0.012014414183795452,0.032664958387613297,-0.00031667036819271743,-0.007528291549533606,-92.40867209548891,-0.11379433423280716,0.11379433423280716,0.6271590698059434
job_000011,Rwanda,274,10.868818327183272,True,10,0.02747240924763048,0.700929806965404,0.38343372923117186,0.34172588601762754,0.14048797920636386,0.3,9,0.07845355657618908,0.0038784053040737012,-0.012055700829202508,-72.1666448905249,0.1614228863605155,3893,0.006341963075101376,0.01492584403604269,-0.00038164001307450235,-0.00394815718755126,-95.5212181366315,-0.029103362932801247,0.029103362932801247,0.6254466407810622
job_000011,Rwanda,275,10.908485547355474,True,10,0.028436707728675143,0.6642746766987411,0.5096693728270665,0.3505387227105993,0.11848216133339928,0.3,8,0.09505379245250525,-0.018665770294657144,-0.06166426157751443,-106.84106244654188,0.6777995482566284,4064,0.027139896526932716,0.08598034083843231,-0.0006693907780572772,-0.02135585807263851,-91.79532534860923,0.056563038378953934,0.0,0.7872670541765268
job_000011,Rwanda,276,10.948152767527676,True,10,0.029937331252066032,0.6680884631983368,0.5040420086632988,0.3473340122508458,0.12178690390692519,0.3,9,0.13507900153055757,-0.028340379694924946,0.0049022358767675765,170.18625415029263,0.21292163558062072,4322,0.021592920646071434,0.060450464487075806,-0.001431124284863472,-0.011036418378353119,-97.38848090659292,-0.10102219134569168,0.10102219134569168,0.5153920933242908
job_000011,Rwanda,277,10.987819987699877,True,10,0.02988630631166465,0.6678122980640813,0.5034037450139692,0.3469526880172413,0.12107266080386267,0.3,10,0.06804347346496092,-0.006962049093855277,-0.016090455710251896,-113.39726207088667,0.25765958727272503,4282,0.009708691388368607,0.036021437495946884,-0.0020759310573339462,-0.005402899347245693,-111.01804247717565,0.0016077193431556225,0.0,0.5961656714361048
job_000011,Rwanda,278,11.02748720787208,True,12,0.030004528299161472,0.6334620539397618,0.5519257652755842,0.347439561125358,0.10628448372792039,0.25,10,0.08421354542933797,-0.0027807469867233816,-0.03987472877650158,-93.98918168040252,0.47464539765190494,4362,0.020720545202493668,0.06816001236438751,-0.005748415365815163,-0.011997404508292675,-115.60086326832533,-0.13881786167621613,0.13881786167621613,0.642041888728378
job_000011,Rwanda,279,11.067154428044281,True,11,0.029023396609530506,0.6519075973410369,0.46276944623143684,0.3588246577645788,0.13083882884300585,0.2727272727272727,10,0.12926897271459153,-0.026357264571497275,0.01542293269915207,149.66599668839532,0.23623647098541412,4211,0.014091160148382187,0.040216993540525436,-0.0032639596611261368,-0.0058370414189994335,-119.2130688291996,-0.05330876633524895,0.05330876633524895,0.47459802257934364
job_000011,Rwanda,280,11.106821648216483,True,11,0.028753662935212084,0.6528252589906866,0.46437128627345375,0.35882557176365876,0.12996219550571123,0.2727272727272727,11,0.06483724826661462,0.023134004492019813,0.040381958580991334,60.19248025678374,0.7177828807946212,4192,0.006349516101181507,0.016142157837748528,-0.0018901521107181907,-0.002216172171756625,-130.46054546685193,0.000356377538992092,0.0,0.45873524591948045
job_000011,Rwanda,281,11.146488868388685,True,9,0.023707306613178512,0.6918933417466122,0.42127468431063353,0.368134949871394,0.17060119278963948,0.3333333333333333,9,0.14982538768188633,-0.012432005565941408,-0.021791439117716613,-119.70473747795626,0.16745009747803638,3453,0.014350720681250095,0.03841550275683403,0.0012257832568138838,-0.007277992088347673,-80.43977974599024,-0.03216216713190079,0.03216216713190079,0.5142944133041281
job_000011,Rwanda,282,11.186156088560887,True,11,0.025207323995844386,0.6624960868964667,0.4627896149851377,0.3525283436319443,0.13177234466836107,0.2727272727272727,9,0.11857386034392478,0.030979068315778933,0.045889948364076526,55.97777396027034,0.46694752587144117,3672,0.021397879347205162,0.05868475139141083,0.005690516903996468,-0.010874485597014427,-62.377356996350535,-0.055382732301950455,0.055382732301950455,0.5735803411660941
job_000011,Rwanda,283,11.225823308733087,True,9,0.022632447356077463,0.6576073022190205,0.45824609704855646,0.3593593735834187,0.16664904632577782,0.2222222222222222,9,0.09479600101281534,0.023758328148383735,-0.06020152081950081,-68.46349549481434,0.682729455307343,3275,0.009410628117620945,0.026827922090888023,0.004204802215099335,-0.0023582596331834793,-29.28584942697344,-0.022299936041235924,0.022299936041235924,0.5122899105526976
job_000011,Rwanda,284,11.26549052890529,True,9,0.022457934007548586,0.6578432166541036,0.4580499834953242,0.3598442781872762,0.1663404183128373,0.2222222222222222,9,0.09130341357395443,0.005947339744476225,-0.004943970169345332,-39.736443375267434,0.08470582697584665,3282,0.02256779558956623,0.07502099126577377,0.011705469340085983,-0.010519434697926044,-41.94530148624043,0.03271215036511421,0.0,0.6973539704850859
job_000011,Rwanda,285,11.305157749077491,True,7,0.01996485857752706,0.7079781232328234,0.5108648167217885,0.3840078624814743,0.14574174216855793,0.42857142857142855,5,0.15162493721325893,0.03983549705467392,-0.10547839741628018,-69.31020506010026,0.743611091971499,2856,0.02502797171473503,0.07756640017032623,0.01149109285324812,-0.013167393393814564,-48.889022260340674,-0.049028899520635605,0.049028899520635605,0.6982757589160817
job_000011,Rwanda,286,11.344824969249693,True,10,0.027271796124706343,0.6765672282705285,0.5182585858687545,0.3541861643510059,0.09950325008211527,0.3,7,0.09061659608323046,0.03143643600258015,0.04142705222142284,52.80737876525942,0.5738940830991788,3923,0.013333063572645187,0.048943597823381424,0.0046278368681669235,-0.004868239630013704,-46.450190736155804,0.011053800582885742,0.0,0.5037770535522399
job_000011,Rwanda,287,11.384492189421895,True,9,0.02238560842618371,0.6746926030448938,0.484946679080281,0.3554335415234068,0.11488036245168054,0.3333333333333333,9,0.1879484183111302,0.048311544719281646,0.07597041931409865,57.54666936803076,0.47901762896299926,3203,0.026453249156475067,0.10474296659231186,0.009414729662239552,-0.005816084798425436,-31.706295918729687,0.10000235587358475,0.0,0.4183359205523004
job_000011,Rwanda,288,11.424159409594097,True,9,0.018590907215393266,0.6500899024346296,0.4651194851584928,0.3309653615798712,0.09099429529995659,0.3333333333333333,7,0.1374572573206337,-0.06490323504005716,0.05198900545954728,141.3044580699572,0.6049749857253008,2678,0.017149046063423157,0.05510224401950836,-0.00235209078527987,-0.004323286935687065,-118.54846803374573,0.0613335557281971,0.0,0.2869956152613278
job_000011,Rwanda,289,11.463826629766299,True,11,0.025611384677409595,0.6868820259451807,0.5299674262456194,0.3328395593048313,0.10504420139707026,0.2727272727272727,8,0.12427887906161784,-0.023477132390179404,-0.07065104027059677,-108.38149511928698,0.5990528397488835,3763,0.01623307727277279,0.04480850324034691,0.0039200852625072,-0.005478644743561745,-54.41548467197262,-0.04122641682624817,0.04122641682624817,0.41499599980946345
job_000011,Rwanda,290,11.5034938499385,True,11,0.02655520035061442,0.6760966101344469,0.5337139566085203,0.342461925213504,0.10009439418589267,0.2727272727272727,10,0.09376638785101435,0.015201771564811737,-0.0394218979667664,-68.91249064032216,0.45060271885340714,3791,0.03309427201747894,0.08749230951070786,0.005164912436157465,-0.008968227542936802,-60.06183120145078,-0.10665584355592728,0.10665584355592728,0.3127180171223202
job_000011,Rwanda,291,11.543161070110703,True,8,0.021411301415829982,0.7021761221479813,0.547946739548095,0.3386391730345802,0.14174265011132953,0.25,8,0.12121737329872302,0.0025590123231586004,0.041136054395248804,86.4403025433611,0.3400137503121544,3026,0.0335058756172657,0.08495140075683594,0.007543147075921297,-0.01121454406529665,-56.07436219807081,-0.08937817811965942,0.08937817811965942,0.4033729558744993
job_000011,Rwanda,292,11.582828290282903,True,9,0.02272173893618386,0.7070837153170446,0.4917079226803805,0.35784764318234336,0.11797611716131556,0.2222222222222222,8,0.02772227974403263,0.009544496872449876,0.004553758525339092,25.506196062882697,0.38146812457056517,3292,0.017837420105934143,0.04367449879646301,0.0025867403019219637,-0.007558310870081186,-71.10711054160654,-0.04221346601843834,0.04221346601843834,0.44786171463548324
job_000011,Rwanda,293,11.622495510455105,True,7,0.01406712313977705,0.6387837579245869,0.47135949706848507,0.3146651621986624,0.11813718615941322,0.2857142857142857,5,0.045530902230336505,-0.013025287031065405,0.0071325306992746544,151.29528120724024,0.3261584706520356,2037,0.020484907552599907,0.07535260170698166,-0.0068901702761650085,-0.003641368355602026,-152.1441113746274,-0.022389572113752365,0.022389572113752365,0.38043631797901917
job_000011,Rwanda,294,11.662162730627307,True,8,0.015305617591724276,0.6613716643353603,0.32705716824563846,0.30741155618061444,0.1122751221514171,0.25,6,0.0899334869098173,-0.026911907799245145,-0.05027336991542508,-118.16065073877444,0.6340613766369954,2209,0.015221740119159222,0.04666949063539505,-0.005583727732300758,-0.007487773429602385,-126.71236151910482,0.05310489609837532,0.0,0.6136283116403285
job_000011,Rwanda,295,11.701829950799508,True,7,0.013485571317648166,0.658794533470917,0.35401502667906104,0.28808188261136525,0.1432932114427398,0.2857142857142857,6,0.07040434928479232,-0.04126900722743355,-0.047305543305756474,-131.10120468010587,0.8916629456783658,1977,0.011629309505224228,0.03773702308535576,-0.0033499179407954216,-0.003577107097953558,-133.12151458376917,0.05137340724468231,0.0,0.42141625679417577
job_000011,Rwanda,296,11.74149717097171,True,5,0.011673447677793542,0.6827714088000194,0.3381632304520991,0.2659748486763157,0.11009271790160562,0.2,4,0.08371271243192649,-0.009361942509620547,0.016048292939242946,120.2576046729346,0.22194225791621597,1696,0.023912670090794563,0.09360922873020172,-0.006676243152469397,-0.013417581096291542,-116.45375616919874,0.11256600171327591,0.0,0.6267298587539555
job_000011,Rwanda,297,11.781164391143912,True,7,0.012812506050809367,0.6372760975932954,0.3570603378321498,0.2996707230423416,0.13505010287067237,0.2857142857142857,5,0.06711693695607271,0.03987319425336884,0.00923075135369704,13.034509166765126,0.6097972195539767,1873,0.01754540391266346,0.051609575748443604,-0.007273631636053324,-0.010139101184904575,-125.6550617576158,0.2772347033023834,0.0,0.7111984862690257
job_000011,Rwanda,298,11.820831611316114,True,11,0.01510129402915394,0.6528620645870284,0.332736247315358,0.2987258214923667,0.10772801695780633,0.2727272727272727,7,0.03677099537326424,0.01906398318306469,0.003996345046863261,11.839364906612103,0.5297205751756161,2261,0.005358981434255838,0.010456892661750317,-0.0013410900719463825,-0.0012472752714529634,-137.07576578007036,0.13796328008174896,0.0,0.34175383918486885
job_000011,Rwanda,299,11.860498831488316,True,10,0.016885854119642368,0.6696038329693683,0.2988384312584729,0.27637704924297707,0.11800975387740258,0.3,8,0.07295436370782998,0.0060003110958549806,0.027898956293511593,77.8621243156114,0.3911611747484309,2579,0.007145599462091923,0.0158391036093235,-0.002987260464578867,-0.0018074705731123686,-148.82356272143488,0.17167358100414276,0.0,0.4886244641171275
job_000011,Rwanda,300,11.900166051660518,True,10,0.02426969615168119,0.6767809151488292,0.312314195810754,0.29508844655843086,0.12423660867828908,0.3,7,0.1606130620582584,-0.03879744897651066,0.009456846066621418,166.30132776922736,0.24863089465019336,3469,0.014779501594603062,0.03593837097287178,-0.007381140720099211,-0.002455064794048667,-161.6021940199332,0.14880689978599548,0.0,0.5263185745250285
job_000011,Rwanda,301,11.939833271832718,True,11,0.022760348861311543,0.6762950877915729,0.4051686092594101,0.30779665525408295,0.10850322254341621,0.2727272727272727,8,0.03885052291781384,-0.009151748173433453,-0.005736492825396066,-147.91971827498264,0.278014566187225,3296,0.004111669957637787,0.010118622332811356,-0.00247834250330925,-0.0019549154676496983,-141.73363898782364,0.06254346668720245,0.0,0.7677077263059363
job_000011,Rwanda,302,11.97950049200492,True,9,0.020611647156962384,0.6611131987441161,0.3905609881208065,0.32055836483943073,0.11127221896380919,0.3333333333333333,7,0.05987880618071686,-0.037613511632092096,0.005339444693258496,171.92053138264242,0.6344582593246234,2957,0.010004374198615551,0.03567556291818619,-0.0029121183324605227,-0.006070317234843969,-115.62847017896044,0.10735586285591125,0.0,0.6729751462486079
job_000011,Rwanda,303,12.019167712177122,True,10,0.019282524766024177,0.6762600861897113,0.31979095537961866,0.2962647886310204,0.13048149881955307,0.3,6,0.03524104953899888,-0.016002479232628024,-0.014349349794054368,-138.1175665395462,0.6099078856860254,2768,0.011809371411800385,0.025399578735232353,-0.0010569932637736201,-0.0073643880896270275,-98.1677473001723,0.14516447484493256,0.0,0.6299958759662749
job_000011,Rwanda,304,12.058834932349324,True,8,0.018077047063937944,0.6468707218346111,0.41756381132498654,0.2941248708713984,0.11364437590820461,0.375,6,0.04159880893836535,0.03386761104378918,-0.004299305094537503,-7.234684496596512,0.8206823164204616,2587,0.0022977106273174286,0.004544974770396948,-0.0005309112020768225,-0.0009211983415298164,-119.95599594597036,0.061940498650074005,0.0,0.46273759091360056
job_000011,Rwanda,305,12.098502152521526,True,10,0.023842607356180493,0.6737895850654939,0.36518679839705287,0.2921850448820588,0.10311918840964354,0.3,7,0.037896382011500765,-0.01804991867557808,-0.0022542391726718966,-172.8812367255231,0.4799967194374762,3411,0.01090324018150568,0.019366752356290817,-0.0024115557316690683,-0.005064303986728191,-115.463182790261,0.13262253999710083,0.0,0.5144497251843152
job_000011,Rwanda,306,12.138169372693728,True,11,0.02197605402288632,0.6783097563050944,0.3352575271599021,0.2940576585754347,0.09291742078495809,0.2727272727272727,9,0.04731765783169238,0.023993021876140393,-0.010846920293098392,-24.3270816085404,0.5564727070076814,3211,0.008599805645644665,0.02548089250922203,-0.0013266050955280662,-0.005431212484836578,-103.72606821247543,0.04739692434668541,0.0,0.6501171317803109
job_000011,Rwanda,307,12.17783659286593,True,10,0.02427154926182002,0.6915114313441335,0.3689606286841053,0.29323606876141145,0.09736006725921686,0.3,9,0.07926234321815455,0.04020218284854751,0.019318003742200992,25.665274507500484,0.5627224400850694,3478,0.005384240765124559,0.016294028609991074,-0.0010934245074167848,-0.0024770591408014297,-113.81764289207206,-0.01597888208925724,0.01597888208925724,0.5028853225701103
job_000011,Rwanda,308,12.217503813038132,True,12,0.026669266144155806,0.6583259367481119,0.43290637666432746,0.314137399497943,0.09744633313314838,0.25,9,0.08826784410907135,0.023913742996178135,-0.017247326978209614,-35.80030194789436,0.33403475872485433,3861,0.013089649379253387,0.04125415161252022,-0.002167104510590434,-0.003579748561605811,-121.1898309929134,0.022929597645998,0.0,0.31968829670250687
job_000011,Rwanda,309,12.257171033210334,True,11,0.02286059863210351,0.6450668576605467,0.4425693861735576,0.2912677281120479,0.10762926072309878,0.18181818181818182,10,0.09955376198675565,-0.04475155293927778,-0.04984259368547071,-131.91932314956313,0.6728521796420179,3329,0.01839393377304077,0.061093851923942566,-0.00500132841989398,-0.011607556603848934,-113.30967917336604,-0.006603879388421774,0.006603879388421774,0.6871380346734626
job_000011,Rwanda,310,12.296838253382534,True,13,0.02591237288318022,0.6391289127933123,0.4381103643066808,0.3077416933555578,0.09287128849440725,0.23076923076923078,11,0.07016512463469413,-0.0023873974183240003,-0.01156772039335513,-101.66122856574822,0.1683387909201398,3761,0.008547811768949032,0.028276443481445312,-0.0025811458472162485,-0.004891018383204937,-117.82203513155808,-0.04991220310330391,0.04991220310330391,0.6469859549544432
job_000011,Rwanda,311,12.336505473554736,True,11,0.022991070991183127,0.6675385965279486,0.4028337348049012,0.30743655513757956,0.09675081947833147,0.2727272727272727,11,0.06296163733398465,0.002844693775136671,0.0006585064402663997,13.033595494430246,0.046376123645921336,3348,0.014100339263677597,0.052152976393699646,-0.006837036926299334,-0.008353565819561481,-129.29886032673224,-0.06873898953199387,0.06873898953199387,0.7655683555276337
job_000011,Rwanda,312,12.376172693726938,True,10,0.021175696169129128,0.6802788540887603,0.4064666987266613,0.31818702233047724,0.08592090542115473,0.3,10,0.03859347256631019,-0.012041501989798167,-0.02037592452022615,-120.58169231405914,0.6132653381175488,3071,0.016950853168964386,0.05523510277271271,-0.006014146842062473,-0.010813532397150993,-119.08143646309836,-0.08852744847536087,0.08852744847536087,0.7299607376679981
job_000011,Rwanda,313,12.41583991389914,True,10,0.019033516518565722,0.6904937886941017,0.3661926469744962,0.289333279356423,0.08928838459850177,0.3,9,0.03915969027677764,-0.009033998283224747,-0.032868033941512116,-105.36861602614574,0.870460385447357,2831,0.006728616543114185,0.019954316318035126,-0.002238618675619364,-0.0038916710764169693,-119.90894523077883,-0.040692370384931564,0.040692370384931564,0.6672398395422674
job_000011,Rwanda,314,12.455507134071341,True,8,0.014988227668545477,0.625910805829418,0.3727674117401055,0.2721451488741777,0.10923931048284338,0.25,6,0.049145441127983636,0.03976686003007651,0.008419345980468286,11.954003592207803,0.8271032134593421,2168,0.016838811337947845,0.06288529932498932,0.002425455953925848,-0.00915229320526123,-75.15719820522865,-0.017286906018853188,0.017286906018853188,0.5622859010998488
job_000011,Rwanda,315,12.495174354243543,True,9,0.016197109609887145,0.6437684166866897,0.40254003054215165,0.2936793811293104,0.09469284285749367,0.2222222222222222,7,0.06374219913170967,0.023243625786714676,-0.0024559048451243495,-6.0314526256049135,0.3666803243709585,2402,0.02352852374315262,0.059311289340257645,0.0046888855285942554,-0.011488688178360462,-67.79812438962156,-0.21093842387199402,0.21093842387199402,0.5273892566287324
job_000011,Rwanda,316,12.534841574415745,True,11,0.019677414888120352,0.6447846488075958,0.3444273049473667,0.300263778178895,0.10429907897230209,0.2727272727272727,8,0.07531042130098752,-0.03032993306069512,-0.03024334770070275,-135.0819003404463,0.5687369769508798,2922,0.009314305149018764,0.02887639030814171,0.0032231102231889963,-0.0015997879672795534,-26.39746353639798,-0.09542059898376465,0.09542059898376465,0.3863197186375781
job_000011,Rwanda,317,12.574508794587947,True,10,0.019538299316806864,0.6788090903442752,0.3760057424348483,0.298595668791186,0.08353104365063578,0.3,9,0.0639624958904283,-0.033852405709913914,-0.026884867773197478,-141.5441370820605,0.6758555111917939,2919,0.01388198509812355,0.039455462247133255,-0.00039818466757424176,-0.0044906772673130035,-95.06711786768344,-0.08179410547018051,0.08179410547018051,0.3247587449751323
job_000011,Rwanda,318,12.614176014760147,True,12,0.021702097095103116,0.6479353908084998,0.4023365395496834,0.29428154980897425,0.08790244665461046,0.25,10,0.037029449876405676,-0.018060673894393718,-0.014963141457403429,-140.3584903922203,0.6333839678806205,3226,0.01854969933629036,0.043194472789764404,-0.0012101992033421993,-0.006416860967874527,-100.68034886922713,-0.06084330007433891,0.06084330007433891,0.35202638902064687
job_000011,Rwanda,319,12.65384323493235,True,9,0.019144221196549748,0.6292242521124264,0.42067460826672776,0.28494241237822104,0.10066822493923888,0.2222222222222222,8,0.1332155678381933,0.015195916331511286,0.10856441472159503,82.03199510799348,0.8228974658828002,2843,0.010158741846680641,0.026826683431863785,0.0002983977028634399,-0.0013144470285624266,-77.20983785927714,0.034979481250047684,0.0,0.13268294185895282
job_000011,Rwanda,320,12.693510455104551,True,10,0.021763541370866158,0.6284375846730832,0.3787010761111469,0.29032143566514357,0.09584782170339064,0.3,7,0.11469839466049518,-0.022024373172142727,-0.06340871619585867,-109.154151046718,0.5852287356268977,3182,0.026177944615483284,0.07245002686977386,-0.0032917619682848454,-0.006857261061668396,-115.64288454879852,-0.006860703229904175,0.006860703229904175,0.29056622835600693
job_000011,Rwanda,321,12.733177675276753,True,9,0.019720774285850978,0.6481315709270232,0.34449455956964464,0.279389105352133,0.09231814121922934,0.3333333333333333,9,0.09848427779939771,0.024678868406532627,0.04072252327322112,58.78308802081796,0.48349761530590013,2916,0.02290024608373642,0.07597167789936066,-0.0006204475648701191,-0.0036656479351222515,-99.60683224729796,0.10216176509857178,0.0,0.16234697273386017
job_000011,Rwanda,322,12.772844895448955,True,8,0.017278275011775725,0.6644739753277615,0.3169601050259944,0.2803008219844651,0.10857168859546332,0.375,8,0.07274348067279943,0.021733192590066116,0.012887658702859022,30.667698018731393,0.3473444173775293,2492,0.00953689031302929,0.032750774174928665,0.00029883242677897215,-0.003455925965681672,-85.05795141931364,0.05366583913564682,0.0,0.36372672292512953
job_000011,Rwanda,323,12.812512115621157,True,9,0.017492003547778596,0.6494015558094758,0.3470592839646456,0.2820545841525238,0.08518686384383028,0.3333333333333333,8,0.07477161157976567,0.010661504464927144,-0.016759989616414,-57.53840415610951,0.2656577555334719,2554,0.021263321861624718,0.07408437132835388,0.0004961785743944347,-0.00793139822781086,-86.4203110572342,-0.07881856709718704,0.07881856709718704,0.3737376166657083
job_000011,Rwanda,324,12.852179335793359,True,11,0.021377800407849368,0.6982245373932581,0.36533731289936816,0.2879725665640362,0.10994643754930498,0.2727272727272727,8,0.056003721853052274,0.01632756442511933,0.0447189656628969,69.94210449429112,0.8500589013797775,3157,0.02184397354722023,0.06371712684631348,0.0021754771005362272,-0.010675002820789814,-78.4813272976837,0.004998522344976664,0.0,0.4987380119691749
job_000011,Rwanda,325,12.89184655596556,True,11,0.021810315258427995,0.6976874889482414,0.3661364260126975,0.2897787089017501,0.11183482636641769,0.2727272727272727,11,0.06924517981729833,-0.013538847508976654,0.020145427631688122,123.90329540042667,0.3505251702189617,3149,0.01037407573312521,0.030803581699728966,5.082184725324623e-05,-0.005459657404571772,-89.46667106775224,-0.04329857975244522,0.04329857975244522,0.5263017236814308
job_000011,Rwanda,326,12.931513776137763,True,9,0.01969400579982595,0.7002266245310402,0.35202380494644786,0.3021515931698874,0.1291741020560733,0.3333333333333333,9,0.0911410059664043,-0.0029423086753250513,-0.07180549310512313,-92.34644460826911,0.7885117046880245,2856,0.015495936386287212,0.04787328094244003,-0.0013023484498262405,-0.009566680528223515,-97.75223664025802,-0.05893491581082344,0.05893491581082344,0.623061437094678
job_000011,Rwanda,327,12.971180996309963,True,9,0.01850232215630048,0.649594976646607,0.3361752528147322,0.2793278935905233,0.09605991946136895,0.3333333333333333,8,0.11379914668655412,-0.007941893529421647,-0.10710148548685555,-94.24089066238112,0.9437288630826892,2747,0.013739809393882751,0.043322641402482986,0.003307896200567484,-0.00533245038241148,-58.18729769530189,-0.07412522286176682,0.07412522286176682,0.45671127333984035
job_000011,Rwanda,328,13.010848216482165,True,10,0.018438370208155707,0.6692419240461858,0.330528984473998,0.27370345991534917,0.08925324667964565,0.3,9,0.07037244333881758,-0.003477677964842832,0.011645346844040288,106.62732979457411,0.1727030029688243,2762,0.00766836479306221,0.02214561402797699,0.001525488100014627,-0.002949430840089917,-62.65134379774066,-0.017375722527503967,0.017375722527503967,0.43302331010758904
job_000011,Rwanda,329,13.050515436654367,True,9,0.017084870399200664,0.69628977896378,0.31484496062658535,0.2700642944822782,0.08713871643727737,0.3333333333333333,8,0.11217421169039704,0.009487996869398923,-0.014273430591730966,-56.386767696764515,0.15279110058562745,2523,0.01705404557287693,0.05078265070915222,0.006613377947360277,-0.0026899005752056837,-22.13335792819787,0.04180026799440384,0.0,0.41863914672531727
job_000011,Rwanda,330,13.090182656826569,True,8,0.01719937788345889,0.6873679780422962,0.3485127007464774,0.26676770106099884,0.1020069828281462,0.375,8,0.08377298168459624,0.036014658572042564,0.03858840370309504,46.97587427268543,0.63008041005699,2500,0.02134372480213642,0.05045214295387268,0.006331765558570623,-0.004199192393571138,-33.55212057266286,-0.046643663197755814,0.046643663197755814,0.35596702695525384
job_000011,Rwanda,331,13.12984987699877,True,8,0.0181002196204934,0.6879509964237591,0.3489932853852791,0.26635626881967034,0.10235386271030104,0.375,8,0.043531124674064586,0.01469773729875697,0.012115410071979143,39.498910082074175,0.4375601145726857,2634,0.011541999876499176,0.02535780519247055,0.0027226863894611597,-0.004733386915177107,-60.09210289713082,0.047170575708150864,0.0,0.4731054949626816
job_000011,Rwanda,332,13.169517097170973,True,10,0.023659557194820262,0.6939432273070992,0.36212569951363227,0.2916232344900702,0.08127996153574955,0.4,8,0.12457797238607446,-0.01493430384863482,0.013209560904262152,138.50687653272274,0.16004476512537344,3431,0.02180674858391285,0.045179758220911026,0.005019961390644312,-0.00895609613507986,-60.72903126375781,0.09862950444221497,0.0,0.47081840430441607
job_000011,Rwanda,333,13.209184317343174,True,10,0.021265149494344226,0.6481856402872086,0.4826952529463121,0.2833510437438517,0.1418080243630126,0.3,5,0.1604851422059674,0.005851304756423792,-0.14567333134751034,-87.69981961082973,0.9084379871267173,3066,0.016292788088321686,0.06163728982210159,0.0014344181399792433,-0.0001407325908076018,-5.603428625749686,0.07459503412246704,0.0,0.08846278028090462
job_000011,Rwanda,334,13.248851537515376,True,11,0.024974142041731966,0.670040176343472,0.36178860074067126,0.313046833466946,0.13099416757834037,0.2727272727272727,8,0.04769766472494808,0.010023435059378819,-0.037241591905036384,-74.93602687433628,0.8085698867294584,3610,0.007666953839361668,0.022234490141272545,0.002791184466332197,0.0009822146967053413,19.386913492840783,0.05861470103263855,0.0,0.38593711606250386
job_000011,Rwanda,335,13.288518757687578,True,12,0.02785156684136799,0.7020408474258506,0.3603599364837926,0.3039777766566547,0.12179371635368264,0.25,9,0.05595816836391618,-0.012957770310443713,0.0015447598781951136,173.20157249848017,0.23320142646459532,4010,0.014063937589526176,0.034501150250434875,0.0038094851188361645,0.0031806579791009426,39.85955873614683,0.058220308274030685,0.0,0.352869694066822
job_000011,Rwanda,336,13.328185977859778,True,13,0.027641448263162637,0.6810813348841264,0.3848382017426628,0.31311544758807364,0.11246345506001557,0.23076923076923078,10,0.025902105566482918,-0.018707995060840716,0.007656058564381475,157.74366259101885,0.780398459859156,3997,0.010816135443747044,0.026425927877426147,0.0018668549600988626,0.003665648400783539,63.01099771386029,0.010365472175180912,0.0,0.3803254086388042
job_000011,Rwanda,337,13.36785319803198,True,12,0.0251193941059344,0.663892207992979,0.4101255760494218,0.3087812117873855,0.11834850455815066,0.16666666666666666,11,0.02541773558529228,-0.014959363303814449,0.0080319599878877,151.76782287013768,0.6680079732750238,3604,0.004289583303034306,0.009585490450263023,0.00043269008165225387,-0.00013560944353230298,-17.401518197380273,-0.03419048711657524,0.03419048711657524,0.10570795557958364
job_000011,Rwanda,338,13.407520418204182,True,11,0.026956386075281474,0.6924506559559874,0.4415639565533677,0.3029659922807537,0.10610322612514786,0.2727272727272727,9,0.03099910283102513,-0.004047134369134913,-0.009917650964842378,-112.1990886557636,0.3455465725217185,3796,0.009631741791963577,0.02141360193490982,0.002126255538314581,0.0018209132831543684,40.57656364020135,-0.007150213699787855,0.007150213699787855,0.2906440531229003
job_000011,Rwanda,339,13.447187638376384,True,10,0.024212968606919086,0.6748908759547135,0.4621766914593313,0.30472032431178486,0.1180368956797229,0.3,9,0.06473262073339175,-0.007138572126826226,0.030669398959019607,103.10279902846757,0.48645063190045507,3464,0.01334863156080246,0.030540823936462402,0.002585344947874546,0.0007609210442751646,16.400257932707135,-0.06578149646520615,0.06578149646520615,0.20189313649398072
job_000011,Rwanda,340,13.486854858548586,True,13,0.027923619583874647,0.6829603432073476,0.38617222954662034,0.3118426587679202,0.10804183359237393,0.23076923076923078,10,0.05241136140674916,0.01492322298710785,0.03763642016385994,68.37117103133387,0.7724864858778567,4041,0.007535254117101431,0.019065815955400467,0.0023263143375515938,-0.0011115537490695715,-25.53928826791998,-0.027623165398836136,0.027623165398836136,0.34215620038718025
job_000011,Rwanda,341,13.526522078720788,True,11,0.024785816609692018,0.6913769837365732,0.4465165579595176,0.30066853228298135,0.1100263877666802,0.2727272727272727,11,0.06354956029400124,-0.0031149487445649247,0.044179191251011836,94.03308762893856,0.6969185621739021,3562,0.022067755460739136,0.061624638736248016,0.005531652830541134,-0.00795687548816204,-55.19281317707848,0.1811198890209198,0.0,0.4391371578258507
job_000011,Rwanda,342,13.56618929889299,True,12,0.025914650713375634,0.7115882669566962,0.38303976813495394,0.3207655840816714,0.09663761841799746,0.25,9,0.048607574840248184,0.019782576238241378,-0.006906675061696273,-19.245586020552413,0.431076417829158,3675,0.022159012034535408,0.05169442296028137,0.007090398110449314,-0.01421370729804039,-63.488039515621885,0.3443589210510254,0.0,0.716821468351577
job_000011,Rwanda,343,13.605856519065192,True,10,0.020114964078562128,0.7146417233054492,0.3987118368411565,0.3287546624487208,0.09647845632366107,0.2,10,0.04303212262276089,0.015329170354454627,0.0005389310605945671,2.0135311755061505,0.3564463046137734,2843,0.005618172697722912,0.015175437554717064,-0.0006291305762715638,-0.0022685362491756678,-105.50022972833598,-0.07705587893724442,0.07705587893724442,0.41902564661823416
job_000011,Rwanda,344,13.645523739237394,True,10,0.020555555401571397,0.7287151577479919,0.4117258909320308,0.33309319503881957,0.0996031729359471,0.3,8,0.034152763106573496,0.0058700083890638995,0.005151253913608069,41.268724656082114,0.2286715156917445,2865,0.017641104757785797,0.037335265427827835,-0.00433587608858943,-0.0099003491923213,-113.65110323381,-0.08736094832420349,0.08736094832420349,0.6126701957904916
job_000011,Rwanda,345,13.685190959409594,True,9,0.01985950944001371,0.6694126657964365,0.4213961240146405,0.30346638141572335,0.08356653326446387,0.2222222222222222,8,0.036541347248915765,0.008397559816272432,0.007659837081651003,42.36951775373375,0.3110523226837606,2787,0.02649444341659546,0.08356887847185135,0.0045318095944821835,-0.018249081447720528,-76.05380239580691,0.1460699886083603,0.0,0.7097094926391296
job_000011,Rwanda,346,13.724858179581796,True,8,0.020325093862411384,0.6286027001533541,0.5296877062246853,0.2814669252470233,0.10414332035763599,0.25,7,0.06960370908870739,-0.012949838802999417,-0.02926033459570935,-113.872895448599,0.4597154214354895,2809,0.011653207242488861,0.03847476467490196,0.0011712942505255342,-0.008628944866359234,-82.2699080257078,0.05038050562143326,0.0,0.7472687700706276
job_000011,Rwanda,347,13.764525399753998,True,7,0.018606782719876824,0.6256939863611868,0.4936069172687286,0.28280509903408,0.11888671625890686,0.2857142857142857,7,0.05117167453952064,0.014959773803310051,-0.02958610296109677,-63.17723491700919,0.6478811737799943,2539,0.021617963910102844,0.08598100394010544,-0.00011367279512342066,-0.016616851091384888,-90.39194368281814,0.1039850264787674,0.0,0.7686773816067101
job_000011,Rwanda,348,13.8041926199262,True,7,0.016822051194256515,0.6541000642636314,0.5044560157443785,0.2851764350921514,0.1211514659240416,0.2857142857142857,6,0.06402798835998821,-0.019234722021477663,-0.04040764435131391,-115.45523811561074,0.6989462146832929,2455,0.017459047958254814,0.0657428428530693,0.00048108119517564774,-0.010956035926938057,-87.48574873330938,-0.06466607749462128,0.06466607749462128,0.6281323609889611
job_000011,Rwanda,349,13.843859840098402,True,7,0.01666984943683405,0.654144674053667,0.5042026380920375,0.28483686668211644,0.12076837774317319,0.2857142857142857,7,0.024008533497524794,0.001124600862927915,-0.006387582775930717,-80.01480984451443,0.2701467021519122,2446,0.007719874382019043,0.02964978665113449,-0.0008610761142335832,-0.004896718077361584,-99.97335945698562,-0.09893510490655899,0.09893510490655899,0.6440325990263466
job_000011,Rwanda,350,13.883527060270604,True,9,0.01876275502237035,0.6562478094069204,0.4401725943149758,0.3054320238042948,0.13370968229597327,0.2222222222222222,6,0.09890838301867806,-0.0003578190895533924,0.05121401928186992,90.40030425979016,0.5178051414671334,2793,0.02152903378009796,0.06888947635889053,-0.002230823040008545,-0.004845419432967901,-114.72126438974601,-0.11672568321228027,0.11672568321228027,0.24777196673818386
job_000011,Rwanda,351,13.923194280442805,True,9,0.020755556731690116,0.6372295275820327,0.40584332624410646,0.31585249243991825,0.11347919071797774,0.2222222222222222,7,0.08266390274208438,0.035469540527034306,0.031736105502707834,41.82035004413202,0.5757632703361474,2972,0.01963040977716446,0.07470937073230743,0.0006691108574159443,-0.012420481070876122,-86.91636695607023,0.03729766234755516,0.0,0.6336337948098743
job_000011,Rwanda,352,13.962861500615007,True,9,0.018632327030012774,0.6595468392806949,0.360284502312328,0.3125938307742029,0.10628121468392078,0.2222222222222222,8,0.04950147356756503,0.021911845539072907,0.01060769256628502,25.83198025799494,0.49179237687277044,2722,0.012933596968650818,0.06529736518859863,0.0009481750312261283,-0.010918619111180305,-85.0368742542218,0.030323244631290436,0.0,0.8473831111652037
job_000011,Rwanda,353,14.00252872078721,True,9,0.01594081687469911,0.6620314650568249,0.37086248740719785,0.3190102667170027,0.11066756690485328,0.2222222222222222,7,0.0914562236092608,-0.011170515262887174,0.029307163973692596,110.8644983101657,0.34293824699020836,2381,0.031647201627492905,0.13563351333141327,0.0032318371813744307,-0.02728881500661373,-83.24587315765105,0.05319643020629883,0.0,0.8683081536492179
job_000011,Rwanda,354,14.04219594095941,True,7,0.011114415609360518,0.689714212772589,0.2898067713179813,0.297146144082241,0.11825858352559047,0.2857142857142857,7,0.02448330416044925,0.012192786184556664,0.011866118702454348,44.2220960156095,0.6949136755353451,1624,0.0032284469343721867,0.009225250221788883,-0.0010397821897640824,0.0015395026421174407,124.03514553066026,-0.023725425824522972,0.023725425824522972,0.5754298405089863
job_000011,Rwanda,355,14.081863161131611,True,12,0.025291589995240803,0.6992896220629615,0.38843870535723796,0.3219409619261996,0.12055000378886362,0.25,6,0.029827296417937434,0.011520338921698575,-0.015791468211889547,-53.88815292646682,0.6553422891304324,3747,0.01614190824329853,0.06526214629411697,0.0015604289947077632,-0.01361691765487194,-83.46271355760526,0.06825391948223114,0.0,0.8490963035902747
job_000011,Rwanda,356,14.121530381303813,True,12,0.02332654055113496,0.7001910864263722,0.3863573683509956,0.32138115450717597,0.1228447568944797,0.25,11,0.05646914071854956,0.0024085339075003115,-0.003933451565720257,-58.52000078521283,0.0816777893472709,3382,0.020591536536812782,0.05155595391988754,0.0003866853367071599,-0.015929440036416054,-88.60942459780372,0.07148551940917969,0.0,0.773819510161344
job_000011,Rwanda,357,14.161197601476015,True,10,0.018927111836505372,0.6772423348390684,0.32629374888090046,0.309756270443124,0.1089130458002467,0.3,10,0.11732161845761421,-0.01984496358554346,-0.076411278411252,-104.55878522319533,0.6729043082175268,2779,0.017223142087459564,0.04817541688680649,-0.0005800368380732834,-0.012029298581182957,-92.76058839943727,0.02869899570941925,0.0,0.6992495739057965
job_000011,Rwanda,358,14.200864821648217,True,10,0.01697216429753722,0.7036280128405152,0.39016568960513226,0.3250003960176235,0.15117753356744926,0.3,8,0.0756973169004345,-0.0033225437789260555,-0.07256300325788718,-92.62165089794239,0.9595984822813535,2521,0.007336319424211979,0.023677809163928032,-0.00155522336717695,-0.004558883607387543,-108.8366272447438,0.05654145032167435,0.0,0.6565771798162763
job_000011,Rwanda,359,14.240532041820419,True,10,0.013495759075765857,0.7239058678386091,0.38552872423096124,0.3207832911785598,0.12221845109510025,0.3,9,0.13829277649190663,-0.011485744170081693,-0.08026320920806013,-98.14379350090888,0.5862985558950108,2006,0.015625566244125366,0.040923263877630234,-0.004585408605635166,-0.007581350393593311,-121.16669908676506,0.07339958101511002,0.0,0.5670311741186291
job_000011,Rwanda,360,14.280199261992621,True,9,0.012621573135472125,0.7080354367896073,0.42607378534849283,0.31895732722013775,0.1278598676233231,0.2222222222222222,7,0.09463168402893161,0.027312865209271148,-0.018558651719255508,-34.19547620245921,0.3489470818456424,1948,0.017673036083579063,0.045144204050302505,-0.007434200495481491,-0.006390649825334549,-139.31671052370234,0.11452161520719528,0.0,0.5547125903511687
job_000011,Rwanda,361,14.319866482164823,True,8,0.011632709830651828,0.7418300712338535,0.38377842402711165,0.3023801727085974,0.16499910964951947,0.375,7,0.04397101271295646,-0.015937348407649665,-0.004241513379844705,-165.0969352619666,0.3750676515635194,1733,0.006977282930165529,0.014256772585213184,-0.002365406136959791,-0.005022590514272451,-115.21825087271075,0.05553719401359558,0.0,0.7956846608133528
job_000011,Rwanda,362,14.359533702337025,True,11,0.020014790139825954,0.7173943054854546,0.4169187295559987,0.320434963082677,0.1159969841410987,0.36363636363636365,7,0.0598394995306674,0.0032990813867638186,0.0287526841960548,83.45450963835012,0.4836493245539193,2908,0.03582429885864258,0.1202583834528923,-0.023063112050294876,-0.016567600890994072,-144.30807183580882,0.024289866909384727,0.0,0.7926757104710245
job_000011,Rwanda,363,14.399200922509225,True,8,0.013555393023522468,0.7197365073816454,0.45253489653639434,0.286033934281057,0.16020640513840267,0.25,7,0.027305263847324502,-0.0017234714021492337,0.014613172488280765,96.72636757520416,0.5388870926604855,1996,0.010203172452747822,0.02759234607219696,-0.003017173847183585,-0.0053042275831103325,-119.63227338131672,-0.024627242237329483,0.024627242237329483,0.5980795156286992
job_000011,Rwanda,364,14.438868142681427,True,9,0.012752879394083552,0.6911462007666872,0.3206469173421708,0.28532973840499715,0.09639484762994649,0.3333333333333333,6,0.012744630728616218,0.006978921609464224,0.008516677823640089,50.667377115689334,0.8639610853771208,1920,0.006109543610364199,0.018940668553113937,-0.0015083628240972757,-0.001953486818820238,-127.6731205157404,-0.09540387988090515,0.09540387988090515,0.4039662902391486
job_000011,Rwanda,365,14.478535362853629,True,10,0.01393813877166884,0.7208257413367416,0.35371751392431927,0.29766294968275686,0.12154022119909753,0.3,9,0.12925498182221853,0.014207790911333416,0.09455523930672269,81.45471286675995,0.739752583355284,2122,0.013268657959997654,0.041810180991888046,-0.002020225627347827,-0.003187034511938691,-122.37015441120401,-0.08220143616199493,0.08220143616199493,0.28438398098123585
job_000011,Rwanda,366,14.51820258302583,True,11,0.015036478479902327,0.7402193190445195,0.38006841102011096,0.3024199498780021,0.08664372201731528,0.2727272727272727,10,0.08555707951157611,-0.018050548762201687,0.023800370874520606,127.17721093702666,0.3491359896734199,2241,0.023152325302362442,0.07484130561351776,-0.0004882591310888529,-0.010079683735966682,-92.77323559276756,-0.05410885065793991,0.05410885065793991,0.43587424992211365
job_000011,Rwanda,367,14.557869803198033,True,11,0.015522085901486996,0.7400842749459627,0.37967039235388145,0.3035842414578459,0.08710052468886868,0.2727272727272727,11,0.04610561400915625,-0.0034044255677720143,-0.010033944009730223,-108.74160522373963,0.2298149797175526,2324,0.01514908205717802,0.05304291471838951,-0.0011088462779298425,-0.00828857347369194,-97.61979322511942,-0.037512149661779404,0.037512149661779404,0.5520080561405566
job_000011,Rwanda,368,14.597537023370235,True,11,0.023504355099894233,0.7012393886437907,0.45066882269543224,0.29440336008450696,0.10444421381099954,0.2727272727272727,8,0.10970734466187293,-0.032761544334513885,0.011010671552802026,161.42326305112553,0.3150410387935966,3469,0.025521429255604744,0.08371681720018387,-0.003006517421454191,-0.007687554694712162,-111.35991711562876,0.050170931965112686,0.0,0.3234361545478491
job_000011,Rwanda,369,14.637204243542437,True,8,0.01520189312133899,0.7002041252675268,0.4729334343804202,0.29890239666723484,0.12363806251726955,0.25,7,0.0750780929187894,-0.0434909717328341,0.016576923373053356,159.13526430919458,0.6199290081899298,2244,0.02056770958006382,0.07958785444498062,-0.004386838059872389,-0.0021808817982673645,-153.5660959148019,0.14134234189987183,0.0,0.2381908422172856
job_000011,Rwanda,370,14.676871463714638,True,11,0.01988334895345304,0.7002802857375093,0.44946047876275785,0.29198639907749274,0.10676697905360025,0.2727272727272727,8,0.05165162697638045,0.02420169022573247,0.000981394277478058,2.322108886794981,0.4689412813991582,2910,0.013237234205007553,0.044810984283685684,-0.0009457956184633076,-0.0045891134068369865,-101.6453492835329,0.028597209602594376,0.0,0.35396835342123006
job_000011,Rwanda,371,14.71653868388684,True,11,0.019801403119983723,0.7102943164920296,0.3920756597704383,0.3054088140410431,0.10093899389512297,0.36363636363636365,10,0.10096180931282879,0.03474330461658061,-0.016253781271265366,-25.071361181448985,0.3799189249946268,2952,0.02328501082956791,0.06871983408927917,-0.0030182802584022284,-0.00957117322832346,-107.5027275213681,-0.0004169081512372941,0.0004169081512372941,0.43099849123789874
job_000011,Rwanda,372,14.75620590405904,True,13,0.02382125269604887,0.7166908217737765,0.38607718728896934,0.31215297161858857,0.08555966040677092,0.3076923076923077,11,0.07277563744377702,-0.01990999946418289,-0.0027852211981373555,-172.0365389790992,0.2762444876231708,3450,0.021948928013443947,0.05486255884170532,-0.002131164073944092,-0.008458648808300495,-104.14139754433901,-0.010695181787014008,0.010695181787014008,0.39742226129755703
job_000011,Rwanda,373,14.795873124231242,True,10,0.018186409850498,0.7321787100374048,0.3801866751269899,0.3071663377239098,0.10941347403964026,0.4,9,0.09058735868312517,0.014137407972418727,-0.01635727123117127,-49.16350811267133,0.23866521556077372,2631,0.005819866433739662,0.017885522916913033,-0.0009199641644954681,0.0004931027069687843,151.8085989867146,-0.05041694641113281,0.05041694641113281,0.17934838864807656
job_000011,Rwanda,374,14.835540344403444,True,9,0.017620283890603633,0.6777896849172964,0.400076358245935,0.295016133522593,0.09701059054471703,0.3333333333333333,7,0.16142376758371296,0.03300959127936088,0.03174630517746844,43.882390858781676,0.28371315198502367,2547,0.017895855009555817,0.04377783089876175,-0.0035741233732551336,-0.007023675367236137,-116.97008513412585,-0.12351302802562714,0.12351302802562714,0.44036787861157234
job_000011,Rwanda,375,14.875207564575646,True,9,0.02105512113398688,0.6864503890547057,0.4396017280094681,0.3047798613192883,0.12084461536173394,0.3333333333333333,8,0.0817953221041962,-0.01908913423639599,0.006262781468833357,161.83632158536489,0.24561592120553705,3084,0.02724406309425831,0.08976642042398453,-0.002626502886414528,-0.0212468970566988,-97.04704909690906,-0.1026972085237503,0.1026972085237503,0.7858087552536437
job_000011,Rwanda,376,14.914874784747848,True,11,0.023681543488452264,0.6880558404215206,0.39043758372478793,0.30531980849328344,0.1263392787347817,0.2727272727272727,9,0.05922648923242662,-0.002812293585387601,-0.0033941475200220347,-129.64417421587405,0.07442379882442578,3486,0.01237463392317295,0.03717277944087982,-0.0018400232074782252,-0.008963522501289845,-101.6004678748003,0.028999637812376022,0.0,0.7394507902233955
job_000011,Rwanda,377,14.95454200492005,True,11,0.02344246807243335,0.7278610274110193,0.4379826272397777,0.30036789009898185,0.08948980273622872,0.2727272727272727,10,0.06529972990728652,-0.014342437515887535,-0.03647781527722556,-111.46388223623171,0.6002494797862322,3498,0.030096955597400665,0.10779674351215363,-0.007322980556637049,-0.024599354714155197,-106.57773928224135,0.024070726707577705,0.0,0.8527842343957129
job_000011,Rwanda,378,14.994209225092252,True,10,0.021990859694217914,0.7526971360516999,0.4308947295696619,0.3028646665572186,0.10579450272995353,0.3,10,0.07706608530695531,0.006857834929284325,-0.04119583518719447,-80.54869015309012,0.5419081978586331,3262,0.04312637075781822,0.17021217942237854,-0.011210260912775993,-0.03759682551026344,-106.60302364174012,0.061823926866054535,0.0,0.9097108594649033
job_000011,Rwanda,379,15.033876445264454,True,13,0.02593196348774477,0.7099418291470252,0.42276817517994275,0.30716483202249095,0.09805348714856948,0.23076923076923078,10,0.11142304424808525,0.043814402248039216,-0.06440371361174137,-55.77220765655977,0.6990871353689853,3862,0.01952335797250271,0.057445332407951355,-0.003996186424046755,-0.015994634479284286,-104.02790822953475,0.08299706876277924,0.0,0.8444393865254338
job_000011,Rwanda,380,15.073543665436656,True,10,0.021989378318881085,0.7526983601821123,0.427641928433619,0.30294418537326717,0.10693800548815924,0.3,10,0.0944801630295508,-0.04378354224809202,-0.017598532119669413,-158.10263508692103,0.49944870786204687,3192,0.044681329280138016,0.18195143342018127,-0.010214523412287235,-0.03856922686100006,-104.83345182774866,0.21461191773414612,0.0,0.8929656912110556
job_000011,Rwanda,381,15.113210885608856,True,11,0.026106141758292838,0.7368831973208032,0.38752201665686564,0.3002306104806951,0.12258003714173787,0.2727272727272727,9,0.12032916901647406,-0.015087254307792373,-0.019815967093712052,-127.28450497663285,0.20698039001901303,3743,0.02962564304471016,0.11196094006299973,-0.007757524959743023,-0.01903531514108181,-112.17253227885027,0.11599878966808319,0.0,0.6938364182451355
job_000011,Rwanda,382,15.152878105781058,True,10,0.02297691234626537,0.7476240359795419,0.35014601167931125,0.28917883976330233,0.13428811373578536,0.3,10,0.07655170683681048,0.047811853249325915,-0.024241698509619544,-26.886046390114462,0.7002623747631004,3370,0.013906708918511868,0.047372832894325256,-0.003554025897756219,-0.00782015174627304,-114.4403810430613,-0.04123849794268608,0.04123849794268608,0.6176781613920651
job_000011,Rwanda,383,15.19254532595326,True,9,0.019236349951072047,0.7700626761280437,0.37834416146019567,0.27958130611653537,0.12636990112898433,0.3333333333333333,9,0.08245193574509549,-0.03971161011313524,-0.03285669026097534,-140.39624045269102,0.6251152714050247,2821,0.028927132487297058,0.09678170084953308,-0.007512443698942661,-0.021102840080857277,-109.59532618903314,-0.0815156027674675,0.0815156027674675,0.7743646519054472
job_000011,Rwanda,384,15.232212546125462,True,10,0.021999693753243826,0.7437875067571988,0.3590294340438521,0.29689576112204163,0.14082382751508307,0.3,8,0.08727287829728347,-0.01664839294596281,0.0195201416981823,130.4602910055439,0.2939688155729794,3175,0.03141129016876221,0.09853743761777878,-0.007510237395763397,-0.01947437971830368,-111.08898679953039,-0.07165059447288513,0.07165059447288513,0.6644857043716317
job_000011,Rwanda,385,15.271879766297664,True,9,0.01835771514350348,0.7662719150801685,0.3877994753355247,0.2895750402233295,0.13645141390868684,0.3333333333333333,9,0.072463811429082,-0.023748491033262802,-0.011606635457287268,-153.95378365898,0.36477552757793874,2611,0.014849280007183552,0.04926024749875069,-0.0029937673825770617,-0.011584661900997162,-104.4896622292044,0.03946715220808983,0.0,0.8057793214477763
job_000011,Rwanda,386,15.311546986469866,True,9,0.02183328088357788,0.7523786457334501,0.31250132414255055,0.2803394182728178,0.14505768965653906,0.3333333333333333,8,0.13351903574790147,-0.0013503377868845576,-0.05406176439310806,-91.43081849592475,0.40502558768077,3215,0.027124252170324326,0.08947327733039856,-0.005230274051427841,-0.019235827028751373,-105.21113781178849,0.02251599170267582,0.0,0.7349220865753009
job_000011,Rwanda,387,15.351214206642068,True,8,0.02000002645380409,0.7421687619692591,0.3245261324064299,0.2891351120738815,0.16496244932503906,0.25,8,0.1517828164775849,0.029213292761083382,-0.09844007433385513,-73.47110195643177,0.6765148047070522,2843,0.035336874425411224,0.14055459201335907,-0.007894739508628845,-0.026920609176158905,-106.3443059255411,0.0034463179763406515,0.0,0.7939112485222997
job_000011,Rwanda,388,15.39088142681427,True,8,0.016601552292394385,0.7841882047125728,0.33412562494440257,0.2703388420820211,0.1415724115679473,0.375,7,0.16975070001751386,0.020776563665538452,-0.026502479514582504,-51.905402049103,0.1983827730243481,2439,0.019374754279851913,0.07318339496850967,-0.005211846902966499,-0.015850571915507317,-108.20144843409508,-0.046580202877521515,0.046580202877521515,0.8611950305265478
job_000011,Rwanda,389,15.430548646986471,True,10,0.02187524404906574,0.7220930262239477,0.31867010968162635,0.28342891748011373,0.12773543916508417,0.3,8,0.12105490711737188,-0.0394323626045683,0.04087313205150309,133.97216057920053,0.46915651299033573,3244,0.0418340265750885,0.15750432014465332,-0.008517621085047722,-0.030444849282503128,-105.63014024161893,-0.05822059139609337,0.05822059139609337,0.7556982503798755
job_000011,Rwanda,390,15.470215867158672,True,9,0.018057436096352405,0.7408558106672288,0.34232770890781455,0.282655058978209,0.12049958663823393,0.3333333333333333,9,0.1366143676054378,-0.0453490172675762,-0.02282667435645525,-153.28135348855363,0.37162984068005617,2654,0.03485585376620293,0.11872325837612152,-0.00985491368919611,-0.029730865731835365,-108.33885117115663,-0.003941942006349564,0.003941942006349564,0.8986042161412433
job_000011,Rwanda,391,15.509883087330874,True,10,0.01806577864312568,0.7194177132937372,0.32464414718651846,0.28044014804746914,0.1244354842082338,0.3,9,0.06316941036068234,-0.005448367190777756,-0.010129452205141378,-118.27464462304302,0.18207801805257487,2694,0.018931318074464798,0.058171190321445465,-0.002641466446220875,-0.013997002504765987,-100.68697798598225,-0.058514829725027084,0.058514829725027084,0.7524075302638794
job_000011,Rwanda,392,15.549550307503075,True,10,0.018651008629590946,0.7198802843105332,0.32484964847268066,0.28092534625060694,0.12493151481513272,0.3,10,0.13195724951856086,0.011661291484206242,0.005180632403029561,23.95361049231785,0.09670008375594663,2797,0.03976412117481232,0.09947343170642853,-0.004898359999060631,-0.027405736967921257,-100.13374482556995,-0.1653023362159729,0.1653023362159729,0.7001298798178014
job_000011,Rwanda,393,15.589217527675277,True,9,0.017517996618680524,0.7069902983607661,0.3394728674701288,0.28877903527872534,0.14244139057368127,0.2222222222222222,9,0.07471235195922453,0.009742163106342605,-0.030048934367506854,-72.0367906208275,0.42280472349829534,2555,0.046160828322172165,0.10824473947286606,-0.006280469708144665,-0.03661729022860527,-99.73247296683476,-0.2944302558898926,0.2944302558898926,0.8048379929212348
job_000011,Rwanda,394,15.62888474784748,True,8,0.016884223579495778,0.6728250474808141,0.3014934034041524,0.26681109187319796,0.1619763894831696,0.25,8,0.08428487529608558,0.028629696983133973,-0.06702166748260416,-66.8692430435241,0.8646921947173569,2479,0.020583296194672585,0.055973149836063385,-0.0032492198515683413,-0.015187328681349754,-102.07597161749113,-0.1405361145734787,0.1405361145734787,0.754544530209336
job_000011,Rwanda,395,15.668551968019681,True,7,0.015734656534278798,0.6375607615033069,0.26806633833153964,0.25132098730300684,0.15081747095543044,0.2857142857142857,7,0.09777405007919553,-0.047940868308718236,-0.031730275770719435,-146.5009081485202,0.5879916306309882,2320,0.023762457072734833,0.06881354749202728,-0.00867115706205368,-0.00938014779239893,-132.7507826846638,-0.14677029848098755,0.14677029848098755,0.537572419646625
job_000011,Rwanda,396,15.708219188191883,True,8,0.017135587807972908,0.6718102723973397,0.29678955586832545,0.26391097614336995,0.16088294192574054,0.25,7,0.08105871156821462,0.020290148431236187,-0.03876481490583445,-62.371692343023454,0.5397799635791891,2530,0.04344700649380684,0.1318022459745407,-0.01893679052591324,-0.025030197575688362,-127.10961061484538,-0.09874171763658524,0.09874171763658524,0.7224089667764176
job_000011,Rwanda,397,15.747886408364085,True,9,0.018294599711197866,0.689705561005104,0.2858524463815252,0.25640347848732525,0.1376107842804012,0.3333333333333333,8,0.1156131682896904,-0.03232688182350479,0.030044145005945634,137.09605068618225,0.38172558518230315,2693,0.020802240818738937,0.06988978385925293,-0.0073502142913639545,-0.0128254983574152,-119.81675694967724,-0.034566354006528854,0.034566354006528854,0.7106152778731512
job_000011,Rwanda,398,15.787553628536287,True,8,0.016087180786477476,0.7086305979457044,0.29729160396094834,0.26022753452165237,0.13926800410862028,0.375,8,0.12362243136885848,-0.05107541351466334,-0.07880161393363183,-122.94936532299995,0.7596218087035498,2314,0.049856167286634445,0.15960121154785156,-0.0194309800863266,-0.036968789994716644,-117.72663918414462,-0.011696232482790947,0.011696232482790947,0.8376952006946119
job_000011,Rwanda,399,15.827220848708487,True,8,0.018056445403038517,0.7380763209042587,0.3165237199031403,0.27854725942343594,0.14844440374247628,0.25,6,0.14825207553914518,-0.014703222119792386,-0.09618804757300987,-98.69090984606878,0.6563504714443872,2561,0.04351172596216202,0.12778371572494507,-0.014534523710608482,-0.02430056221783161,-120.88426459009413,0.15078851580619812,0.0,0.6507564932117919
