job_id,site,frame_index,timestamp_seconds,annotation_available,confidence_threshold,reference_count,predicted_count,count_error,absolute_count_error,iou_true_positives,iou_false_positives,iou_false_negatives,center_true_positives,center_false_positives,center_false_negatives,mean_detection_confidence
job_000004,Bulgaria,0,0.0,True,0.05,14,0,-14,14,0,0,14,0,0,14,
job_000004,Bulgaria,1,0.05317773584905661,True,0.05,11,0,-11,11,0,0,11,0,0,11,
job_000004,Bulgaria,2,0.10635547169811321,True,0.05,12,0,-12,12,0,0,12,0,0,12,
job_000004,Bulgaria,3,0.15953320754716982,True,0.05,13,0,-13,13,0,0,13,0,0,13,
job_000004,Bulgaria,4,0.21271094339622643,True,0.05,14,0,-14,14,0,0,14,0,0,14,
job_000004,Bulgaria,5,0.26588867924528303,True,0.05,13,0,-13,13,0,0,13,0,0,13,
job_000004,Bulgaria,6,0.31906641509433964,True,0.05,14,0,-14,14,0,0,14,0,0,14,
job_000004,Bulgaria,7,0.37224415094339625,True,0.05,12,0,-12,12,0,0,12,0,0,12,
job_000004,Bulgaria,8,0.42542188679245285,True,0.05,13,0,-13,13,0,0,13,0,0,13,
job_000004,Bulgaria,9,0.47859962264150946,True,0.05,13,0,-13,13,0,0,13,0,0,13,
job_000004,Bulgaria,10,0.5317773584905661,True,0.05,13,1,-12,12,0,1,13,1,0,12,0.0566587969660759
job_000004,Bulgaria,11,0.5849550943396227,True,0.05,13,0,-13,13,0,0,13,0,0,13,
job_000004,Bulgaria,12,0.6381328301886793,True,0.05,13,1,-12,12,0,1,13,1,0,12,0.056780897080898285
job_000004,Bulgaria,13,0.6913105660377359,True,0.05,13,1,-12,12,0,1,13,1,0,12,0.059614941477775574
job_000004,Bulgaria,14,0.7444883018867925,True,0.05,13,1,-12,12,0,1,13,1,0,12,0.06627723574638367
job_000004,Bulgaria,15,0.7976660377358491,True,0.05,12,1,-11,11,0,1,12,1,0,11,0.07228931039571762
job_000004,Bulgaria,16,0.8508437735849057,True,0.05,12,1,-11,11,0,1,12,1,0,11,0.07382139563560486
job_000004,Bulgaria,17,0.9040215094339623,True,0.05,12,1,-11,11,0,1,12,1,0,11,0.08318834006786346
job_000004,Bulgaria,18,0.9571992452830189,True,0.05,12,1,-11,11,0,1,12,1,0,11,0.05968265235424042
job_000004,Bulgaria,19,1.0103769811320755,True,0.05,12,1,-11,11,0,1,12,1,0,11,0.05502210929989815
job_000004,Bulgaria,20,1.0635547169811321,True,0.05,12,1,-11,11,0,1,12,1,0,11,0.052634481340646744
job_000004,Bulgaria,21,1.1167324528301887,True,0.05,12,0,-12,12,0,0,12,0,0,12,
job_000004,Bulgaria,22,1.1699101886792453,True,0.05,12,1,-11,11,0,1,12,1,0,11,0.06454768031835556
job_000004,Bulgaria,23,1.223087924528302,True,0.05,13,1,-12,12,0,1,13,1,0,12,0.06560848653316498
job_000004,Bulgaria,24,1.2762656603773586,True,0.05,12,2,-10,10,0,2,12,2,0,10,0.0694282129406929
job_000004,Bulgaria,25,1.3294433962264152,True,0.05,12,2,-10,10,0,2,12,2,0,10,0.08856002241373062
job_000004,Bulgaria,26,1.3826211320754718,True,0.05,12,1,-11,11,0,1,12,1,0,11,0.050024617463350296
job_000004,Bulgaria,27,1.4357988679245284,True,0.05,14,0,-14,14,0,0,14,0,0,14,
job_000004,Bulgaria,28,1.488976603773585,True,0.05,15,0,-15,15,0,0,15,0,0,15,
job_000004,Bulgaria,29,1.5421543396226416,True,0.05,15,0,-15,15,0,0,15,0,0,15,
job_000004,Bulgaria,30,1.5953320754716982,True,0.05,14,0,-14,14,0,0,14,0,0,14,
job_000004,Bulgaria,31,1.6485098113207548,True,0.05,13,1,-12,12,0,1,13,1,0,12,0.05144904553890228
job_000004,Bulgaria,32,1.7016875471698114,True,0.05,13,0,-13,13,0,0,13,0,0,13,
job_000004,Bulgaria,33,1.754865283018868,True,0.05,13,0,-13,13,0,0,13,0,0,13,
job_000004,Bulgaria,34,1.8080430188679246,True,0.05,14,0,-14,14,0,0,14,0,0,14,
job_000004,Bulgaria,35,1.8612207547169812,True,0.05,12,0,-12,12,0,0,12,0,0,12,
job_000004,Bulgaria,36,1.9143984905660378,True,0.05,13,0,-13,13,0,0,13,0,0,13,
job_000004,Bulgaria,37,1.9675762264150944,True,0.05,12,0,-12,12,0,0,12,0,0,12,
job_000004,Bulgaria,38,2.020753962264151,True,0.05,12,0,-12,12,0,0,12,0,0,12,
job_000004,Bulgaria,39,2.0739316981132077,True,0.05,14,0,-14,14,0,0,14,0,0,14,
job_000004,Bulgaria,40,2.1271094339622643,True,0.05,13,0,-13,13,0,0,13,0,0,13,
job_000004,Bulgaria,41,2.180287169811321,True,0.05,13,0,-13,13,0,0,13,0,0,13,
job_000004,Bulgaria,42,2.2334649056603775,True,0.05,13,0,-13,13,0,0,13,0,0,13,
job_000004,Bulgaria,43,2.286642641509434,True,0.05,13,0,-13,13,0,0,13,0,0,13,
job_000004,Bulgaria,44,2.3398203773584907,True,0.05,14,0,-14,14,0,0,14,0,0,14,
job_000004,Bulgaria,45,2.3929981132075473,True,0.05,13,0,-13,13,0,0,13,0,0,13,
job_000004,Bulgaria,46,2.446175849056604,True,0.05,12,0,-12,12,0,0,12,0,0,12,
job_000004,Bulgaria,47,2.4993535849056605,True,0.05,14,0,-14,14,0,0,14,0,0,14,
job_000004,Bulgaria,48,2.552531320754717,True,0.05,14,1,-13,13,0,1,14,1,0,13,0.05961758270859718
job_000004,Bulgaria,49,2.6057090566037737,True,0.05,14,1,-13,13,0,1,14,1,0,13,0.05188142508268356
job_000004,Bulgaria,50,2.6588867924528303,True,0.05,14,1,-13,13,0,1,14,1,0,13,0.09636286646127701
job_000004,Bulgaria,51,2.712064528301887,True,0.05,14,0,-14,14,0,0,14,0,0,14,
job_000004,Bulgaria,52,2.7652422641509435,True,0.05,13,0,-13,13,0,0,13,0,0,13,
job_000004,Bulgaria,53,2.81842,True,0.05,13,1,-12,12,0,1,13,1,0,12,0.06023959070444107
job_000004,Bulgaria,54,2.8715977358490568,True,0.05,13,1,-12,12,1,0,12,1,0,12,0.08704271912574768
job_000004,Bulgaria,55,2.9247754716981134,True,0.05,13,1,-12,12,1,0,12,1,0,12,0.1411876529455185
job_000004,Bulgaria,56,2.97795320754717,True,0.05,13,1,-12,12,1,0,12,1,0,12,0.12116578966379166
job_000004,Bulgaria,57,3.0311309433962266,True,0.05,13,1,-12,12,0,1,13,1,0,12,0.223070427775383
job_000004,Bulgaria,58,3.084308679245283,True,0.05,13,1,-12,12,0,1,13,1,0,12,0.08969192206859589
job_000004,Bulgaria,59,3.13748641509434,True,0.05,13,0,-13,13,0,0,13,0,0,13,
job_000004,Bulgaria,60,3.1906641509433964,True,0.05,13,1,-12,12,1,0,12,1,0,12,0.05946401134133339
job_000004,Bulgaria,61,3.243841886792453,True,0.05,13,1,-12,12,1,0,12,1,0,12,0.1018931195139885
job_000004,Bulgaria,62,3.2970196226415096,True,0.05,12,0,-12,12,0,0,12,0,0,12,
job_000004,Bulgaria,63,3.350197358490566,True,0.05,13,0,-13,13,0,0,13,0,0,13,
job_000004,Bulgaria,64,3.403375094339623,True,0.05,12,0,-12,12,0,0,12,0,0,12,
job_000004,Bulgaria,65,3.4565528301886794,True,0.05,13,0,-13,13,0,0,13,0,0,13,
job_000004,Bulgaria,66,3.509730566037736,True,0.05,12,0,-12,12,0,0,12,0,0,12,
job_000004,Bulgaria,67,3.5629083018867926,True,0.05,12,0,-12,12,0,0,12,0,0,12,
job_000004,Bulgaria,68,3.6160860377358492,True,0.05,12,0,-12,12,0,0,12,0,0,12,
job_000004,Bulgaria,69,3.669263773584906,True,0.05,13,0,-13,13,0,0,13,0,0,13,
job_000004,Bulgaria,70,3.7224415094339625,True,0.05,12,0,-12,12,0,0,12,0,0,12,
job_000004,Bulgaria,71,3.775619245283019,True,0.05,10,0,-10,10,0,0,10,0,0,10,
job_000004,Bulgaria,72,3.8287969811320757,True,0.05,12,0,-12,12,0,0,12,0,0,12,
job_000004,Bulgaria,73,3.8819747169811323,True,0.05,12,0,-12,12,0,0,12,0,0,12,
job_000004,Bulgaria,74,3.935152452830189,True,0.05,13,0,-13,13,0,0,13,0,0,13,
job_000004,Bulgaria,75,3.9883301886792455,True,0.05,14,0,-14,14,0,0,14,0,0,14,
job_000004,Bulgaria,76,4.041507924528302,True,0.05,13,0,-13,13,0,0,13,0,0,13,
job_000004,Bulgaria,77,4.094685660377359,True,0.05,13,0,-13,13,0,0,13,0,0,13,
job_000004,Bulgaria,78,4.147863396226415,True,0.05,14,0,-14,14,0,0,14,0,0,14,
job_000004,Bulgaria,79,4.201041132075472,True,0.05,14,0,-14,14,0,0,14,0,0,14,
job_000004,Bulgaria,80,4.2542188679245285,True,0.05,14,0,-14,14,0,0,14,0,0,14,
job_000004,Bulgaria,81,4.307396603773586,True,0.05,14,0,-14,14,0,0,14,0,0,14,
job_000004,Bulgaria,82,4.360574339622642,True,0.05,13,0,-13,13,0,0,13,0,0,13,
job_000004,Bulgaria,83,4.413752075471699,True,0.05,14,1,-13,13,1,0,13,1,0,13,0.0741528570652008
job_000004,Bulgaria,84,4.466929811320755,True,0.05,14,0,-14,14,0,0,14,0,0,14,
job_000004,Bulgaria,85,4.520107547169812,True,0.05,14,2,-12,12,0,2,14,1,1,13,0.05839758366346359
job_000004,Bulgaria,86,4.573285283018868,True,0.05,14,0,-14,14,0,0,14,0,0,14,
job_000004,Bulgaria,87,4.626463018867925,True,0.05,15,0,-15,15,0,0,15,0,0,15,
job_000004,Bulgaria,88,4.679640754716981,True,0.05,15,0,-15,15,0,0,15,0,0,15,
job_000004,Bulgaria,89,4.732818490566038,True,0.05,16,0,-16,16,0,0,16,0,0,16,
job_000004,Bulgaria,90,4.785996226415095,True,0.05,16,1,-15,15,0,1,16,0,1,16,0.05664242431521416
job_000004,Bulgaria,91,4.839173962264152,True,0.05,15,1,-14,14,0,1,15,0,1,15,0.05743464082479477
job_000004,Bulgaria,92,4.892351698113208,True,0.05,14,1,-13,13,0,1,14,0,1,14,0.056003425270318985
job_000004,Bulgaria,93,4.945529433962265,True,0.05,15,1,-14,14,0,1,15,0,1,15,0.05314641445875168
job_000004,Bulgaria,94,4.998707169811321,True,0.05,15,1,-14,14,0,1,15,0,1,15,0.057230666279792786
job_000004,Bulgaria,95,5.051884905660378,True,0.05,16,1,-15,15,0,1,16,0,1,16,0.05392416939139366
job_000004,Bulgaria,96,5.105062641509434,True,0.05,15,1,-14,14,0,1,15,0,1,15,0.052370835095644
job_000004,Bulgaria,97,5.158240377358491,True,0.05,15,2,-13,13,0,2,15,1,1,14,0.06216932274401188
job_000004,Bulgaria,98,5.211418113207547,True,0.05,15,1,-14,14,0,1,15,1,0,14,0.07879398763179779
job_000004,Bulgaria,99,5.2645958490566045,True,0.05,16,2,-14,14,0,2,16,1,1,15,0.055405739694833755
job_000004,Bulgaria,100,5.317773584905661,True,0.05,16,2,-14,14,0,2,16,1,1,15,0.05591336265206337
job_000004,Bulgaria,101,5.370951320754718,True,0.05,15,1,-14,14,0,1,15,0,1,15,0.05019870772957802
job_000004,Bulgaria,102,5.424129056603774,True,0.05,16,1,-15,15,0,1,16,0,1,16,0.051310110837221146
job_000004,Bulgaria,103,5.477306792452831,True,0.05,16,2,-14,14,0,2,16,1,1,15,0.05621405318379402
job_000004,Bulgaria,104,5.530484528301887,True,0.05,16,2,-14,14,0,2,16,1,1,15,0.06393200904130936
job_000004,Bulgaria,105,5.583662264150944,True,0.05,16,1,-15,15,0,1,16,0,1,16,0.05475369840860367
job_000004,Bulgaria,106,5.63684,True,0.05,16,1,-15,15,0,1,16,0,1,16,0.054118745028972626
job_000004,Bulgaria,107,5.690017735849057,True,0.05,16,1,-15,15,0,1,16,0,1,16,0.053091540932655334
job_000004,Bulgaria,108,5.7431954716981135,True,0.05,17,0,-17,17,0,0,17,0,0,17,
job_000004,Bulgaria,109,5.796373207547171,True,0.05,16,1,-15,15,0,1,16,0,1,16,0.051007889211177826
job_000004,Bulgaria,110,5.849550943396227,True,0.05,17,0,-17,17,0,0,17,0,0,17,
job_000004,Bulgaria,111,5.902728679245284,True,0.05,16,0,-16,16,0,0,16,0,0,16,
job_000004,Bulgaria,112,5.95590641509434,True,0.05,16,0,-16,16,0,0,16,0,0,16,
job_000004,Bulgaria,113,6.009084150943397,True,0.05,17,0,-17,17,0,0,17,0,0,17,
job_000004,Bulgaria,114,6.062261886792453,True,0.05,16,0,-16,16,0,0,16,0,0,16,
job_000004,Bulgaria,115,6.11543962264151,True,0.05,17,0,-17,17,0,0,17,0,0,17,
job_000004,Bulgaria,116,6.168617358490566,True,0.05,16,0,-16,16,0,0,16,0,0,16,
job_000004,Bulgaria,117,6.221795094339623,True,0.05,14,0,-14,14,0,0,14,0,0,14,
job_000004,Bulgaria,118,6.27497283018868,True,0.05,15,0,-15,15,0,0,15,0,0,15,
job_000004,Bulgaria,119,6.328150566037737,True,0.05,15,1,-14,14,0,1,15,0,1,15,0.0517374686896801
job_000004,Bulgaria,120,6.381328301886793,True,0.05,16,1,-15,15,0,1,16,0,1,16,0.05217074230313301
job_000004,Bulgaria,121,6.43450603773585,True,0.05,17,1,-16,16,0,1,17,0,1,17,0.05285730957984924
job_000004,Bulgaria,122,6.487683773584906,True,0.05,16,1,-15,15,0,1,16,0,1,16,0.05809907242655754
job_000004,Bulgaria,123,6.540861509433963,True,0.05,16,1,-15,15,0,1,16,0,1,16,0.056218571960926056
job_000004,Bulgaria,124,6.594039245283019,True,0.05,15,1,-14,14,0,1,15,0,1,15,0.05747625604271889
job_000004,Bulgaria,125,6.647216981132076,True,0.05,16,2,-14,14,1,1,15,1,1,15,0.06114196591079235
job_000004,Bulgaria,126,6.700394716981132,True,0.05,16,1,-15,15,0,1,16,0,1,16,0.05866635963320732
job_000004,Bulgaria,127,6.7535724528301895,True,0.05,16,1,-15,15,0,1,16,0,1,16,0.0595615990459919
job_000004,Bulgaria,128,6.806750188679246,True,0.05,16,1,-15,15,0,1,16,0,1,16,0.05875258147716522
job_000004,Bulgaria,129,6.859927924528303,True,0.05,15,1,-14,14,0,1,15,0,1,15,0.059469547122716904
job_000004,Bulgaria,130,6.913105660377359,True,0.05,15,1,-14,14,0,1,15,0,1,15,0.05844973772764206
job_000004,Bulgaria,131,6.966283396226416,True,0.05,14,1,-13,13,0,1,14,0,1,14,0.05841737613081932
job_000004,Bulgaria,132,7.019461132075472,True,0.05,15,2,-13,13,1,1,14,1,1,14,0.05670241825282574
job_000004,Bulgaria,133,7.072638867924529,True,0.05,15,1,-14,14,0,1,15,0,1,15,0.052157212048769
job_000004,Bulgaria,134,7.125816603773585,True,0.05,15,1,-14,14,0,1,15,0,1,15,0.050294507294893265
job_000004,Bulgaria,135,7.178994339622642,True,0.05,15,1,-14,14,0,1,15,0,1,15,0.05217263102531433
job_000004,Bulgaria,136,7.2321720754716985,True,0.05,15,2,-13,13,0,2,15,1,1,14,0.05552493967115879
job_000004,Bulgaria,137,7.2853498113207555,True,0.05,15,1,-14,14,0,1,15,0,1,15,0.0533023364841938
job_000004,Bulgaria,138,7.338527547169812,True,0.05,15,2,-13,13,0,2,15,1,1,14,0.06532871723175049
job_000004,Bulgaria,139,7.391705283018869,True,0.05,14,1,-13,13,0,1,14,0,1,14,0.05373341590166092
job_000004,Bulgaria,140,7.444883018867925,True,0.05,15,2,-13,13,0,2,15,1,1,14,0.051255952566862106
job_000004,Bulgaria,141,7.498060754716982,True,0.05,14,1,-13,13,0,1,14,1,0,13,0.05402141064405441
job_000004,Bulgaria,142,7.551238490566038,True,0.05,14,0,-14,14,0,0,14,0,0,14,
job_000004,Bulgaria,143,7.604416226415095,True,0.05,14,2,-12,12,0,2,14,2,0,12,0.060076333582401276
job_000004,Bulgaria,144,7.657593962264151,True,0.05,14,3,-11,11,0,3,14,3,0,11,0.0562790185213089
job_000004,Bulgaria,145,7.710771698113208,True,0.05,14,3,-11,11,0,3,14,3,0,11,0.05951139951745669
job_000004,Bulgaria,146,7.763949433962265,True,0.05,14,1,-13,13,0,1,14,1,0,13,0.0744132474064827
job_000004,Bulgaria,147,7.817127169811322,True,0.05,15,0,-15,15,0,0,15,0,0,15,
job_000004,Bulgaria,148,7.870304905660378,True,0.05,15,0,-15,15,0,0,15,0,0,15,
job_000004,Bulgaria,149,7.923482641509435,True,0.05,15,0,-15,15,0,0,15,0,0,15,
job_000004,Bulgaria,150,7.976660377358491,True,0.05,15,0,-15,15,0,0,15,0,0,15,
job_000004,Bulgaria,151,8.029838113207548,True,0.05,15,0,-15,15,0,0,15,0,0,15,
job_000004,Bulgaria,152,8.083015849056604,True,0.05,15,0,-15,15,0,0,15,0,0,15,
job_000004,Bulgaria,153,8.13619358490566,True,0.05,16,0,-16,16,0,0,16,0,0,16,
job_000004,Bulgaria,154,8.189371320754718,True,0.05,16,0,-16,16,0,0,16,0,0,16,
job_000004,Bulgaria,155,8.242549056603774,True,0.05,16,0,-16,16,0,0,16,0,0,16,
job_000004,Bulgaria,156,8.29572679245283,True,0.05,15,0,-15,15,0,0,15,0,0,15,
job_000004,Bulgaria,157,8.348904528301887,True,0.05,16,0,-16,16,0,0,16,0,0,16,
job_000004,Bulgaria,158,8.402082264150945,True,0.05,15,0,-15,15,0,0,15,0,0,15,
job_000004,Bulgaria,159,8.45526,True,0.05,16,0,-16,16,0,0,16,0,0,16,
job_000004,Bulgaria,160,8.508437735849057,True,0.05,16,0,-16,16,0,0,16,0,0,16,
job_000004,Bulgaria,161,8.561615471698113,True,0.05,16,0,-16,16,0,0,16,0,0,16,
job_000004,Bulgaria,162,8.614793207547171,True,0.05,15,0,-15,15,0,0,15,0,0,15,
job_000004,Bulgaria,163,8.667970943396227,True,0.05,15,0,-15,15,0,0,15,0,0,15,
job_000004,Bulgaria,164,8.721148679245283,True,0.05,15,0,-15,15,0,0,15,0,0,15,
job_000004,Bulgaria,165,8.77432641509434,True,0.05,15,0,-15,15,0,0,15,0,0,15,
job_000004,Bulgaria,166,8.827504150943398,True,0.05,15,0,-15,15,0,0,15,0,0,15,
job_000004,Bulgaria,167,8.880681886792454,True,0.05,15,0,-15,15,0,0,15,0,0,15,
job_000004,Bulgaria,168,8.93385962264151,True,0.05,15,0,-15,15,0,0,15,0,0,15,
job_000004,Bulgaria,169,8.987037358490566,True,0.05,15,0,-15,15,0,0,15,0,0,15,
job_000004,Bulgaria,170,9.040215094339624,True,0.05,16,1,-15,15,0,1,16,1,0,15,0.059998154640197754
job_000004,Bulgaria,171,9.09339283018868,True,0.05,15,1,-14,14,0,1,15,1,0,14,0.07971347868442535
job_000004,Bulgaria,172,9.146570566037736,True,0.05,16,1,-15,15,0,1,16,1,0,15,0.07115790992975235
job_000004,Bulgaria,173,9.199748301886792,True,0.05,15,1,-14,14,0,1,15,1,0,14,0.07309290766716003
job_000004,Bulgaria,174,9.25292603773585,True,0.05,15,2,-13,13,0,2,15,2,0,13,0.09407863393425941
job_000004,Bulgaria,175,9.306103773584907,True,0.05,15,2,-13,13,0,2,15,2,0,13,0.08831636235117912
job_000004,Bulgaria,176,9.359281509433963,True,0.05,15,2,-13,13,0,2,15,2,0,13,0.08801034837961197
job_000004,Bulgaria,177,9.412459245283019,True,0.05,15,5,-10,10,1,4,14,3,2,12,0.11776296496391296
job_000004,Bulgaria,178,9.465636981132077,True,0.05,15,4,-11,11,1,3,14,2,2,13,0.14919151086360216
job_000004,Bulgaria,179,9.518814716981133,True,0.05,15,4,-11,11,1,3,14,2,2,13,0.08489138074219227
job_000004,Bulgaria,180,9.57199245283019,True,0.05,18,4,-14,14,1,3,17,1,3,17,0.2104531191289425
job_000004,Bulgaria,181,9.625170188679245,True,0.05,16,3,-13,13,2,1,14,2,1,14,0.13480588297049204
job_000004,Bulgaria,182,9.678347924528303,True,0.05,17,2,-15,15,1,1,16,2,0,15,0.08455453999340534
job_000004,Bulgaria,183,9.73152566037736,True,0.05,17,2,-15,15,1,1,16,1,1,16,0.12451837956905365
job_000004,Bulgaria,184,9.784703396226416,True,0.05,15,1,-14,14,1,0,14,1,0,14,0.2171294391155243
job_000004,Bulgaria,185,9.837881132075472,True,0.05,17,1,-16,16,1,0,16,1,0,16,0.17876330018043518
job_000004,Bulgaria,186,9.89105886792453,True,0.05,17,0,-17,17,0,0,17,0,0,17,
job_000004,Bulgaria,187,9.944236603773586,True,0.05,16,0,-16,16,0,0,16,0,0,16,
job_000004,Bulgaria,188,9.997414339622642,True,0.05,18,0,-18,18,0,0,18,0,0,18,
job_000004,Bulgaria,189,10.050592075471698,True,0.05,17,0,-17,17,0,0,17,0,0,17,
job_000004,Bulgaria,190,10.103769811320756,True,0.05,16,0,-16,16,0,0,16,0,0,16,
job_000004,Bulgaria,191,10.156947547169812,True,0.05,16,0,-16,16,0,0,16,0,0,16,
job_000004,Bulgaria,192,10.210125283018868,True,0.05,16,0,-16,16,0,0,16,0,0,16,
job_000004,Bulgaria,193,10.263303018867925,True,0.05,18,0,-18,18,0,0,18,0,0,18,
job_000004,Bulgaria,194,10.316480754716983,True,0.05,17,0,-17,17,0,0,17,0,0,17,
job_000004,Bulgaria,195,10.369658490566039,True,0.05,17,2,-15,15,0,2,17,1,1,16,0.0830543264746666
job_000004,Bulgaria,196,10.422836226415095,True,0.05,17,1,-16,16,0,1,17,0,1,17,0.063386470079422
job_000004,Bulgaria,197,10.476013962264151,True,0.05,18,0,-18,18,0,0,18,0,0,18,
job_000004,Bulgaria,198,10.529191698113209,True,0.05,17,1,-16,16,0,1,17,0,1,17,0.051355354487895966
job_000004,Bulgaria,199,10.582369433962265,True,0.05,18,1,-17,17,0,1,18,1,0,17,0.05153653398156166
job_000004,Bulgaria,200,10.635547169811321,True,0.05,16,1,-15,15,0,1,16,0,1,16,0.05018986389040947
job_000004,Bulgaria,201,10.688724905660377,True,0.05,15,2,-13,13,0,2,15,1,1,14,0.053137291222810745
job_000004,Bulgaria,202,10.741902641509435,True,0.05,17,1,-16,16,0,1,17,0,1,17,0.0509328655898571
job_000004,Bulgaria,203,10.795080377358492,True,0.05,16,1,-15,15,0,1,16,0,1,16,0.05284908786416054
job_000004,Bulgaria,204,10.848258113207548,True,0.05,17,1,-16,16,0,1,17,1,0,16,0.0796724408864975
job_000004,Bulgaria,205,10.901435849056604,True,0.05,18,1,-17,17,0,1,18,0,1,18,0.05009525269269943
job_000004,Bulgaria,206,10.954613584905662,True,0.05,18,1,-17,17,0,1,18,0,1,18,0.051682647317647934
job_000004,Bulgaria,207,11.007791320754718,True,0.05,17,6,-11,11,0,6,17,2,4,15,0.07148479049404462
job_000004,Bulgaria,208,11.060969056603774,True,0.05,18,10,-8,8,0,10,18,3,7,15,0.07774546705186366
job_000004,Bulgaria,209,11.11414679245283,True,0.05,18,15,-3,3,0,15,18,3,12,15,0.07698034718632699
job_000004,Bulgaria,210,11.167324528301888,True,0.05,18,14,-4,4,0,14,18,1,13,17,0.08607277673270021
job_000004,Bulgaria,211,11.220502264150944,True,0.05,19,4,-15,15,0,4,19,1,3,18,0.06231926940381527
job_000004,Bulgaria,212,11.27368,True,0.05,18,5,-13,13,0,5,18,2,3,16,0.06534410715103149
job_000004,Bulgaria,213,11.326857735849057,True,0.05,18,6,-12,12,0,6,18,1,5,17,0.06230350645879904
job_000004,Bulgaria,214,11.380035471698115,True,0.05,17,6,-11,11,0,6,17,1,5,16,0.06163664720952511
job_000004,Bulgaria,215,11.43321320754717,True,0.05,18,9,-9,9,0,9,18,3,6,15,0.07963952256573571
job_000004,Bulgaria,216,11.486390943396227,True,0.05,17,11,-6,6,0,11,17,3,8,14,0.08270947635173798
job_000004,Bulgaria,217,11.539568679245283,True,0.05,17,9,-8,8,0,9,17,3,6,14,0.07344821302427186
job_000004,Bulgaria,218,11.592746415094341,True,0.05,17,7,-10,10,0,7,17,2,5,15,0.06689639283078057
job_000004,Bulgaria,219,11.645924150943397,True,0.05,18,7,-11,11,0,7,18,2,5,16,0.07865700764315468
job_000004,Bulgaria,220,11.699101886792453,True,0.05,18,6,-12,12,0,6,18,2,4,16,0.08087632122139136
job_000004,Bulgaria,221,11.75227962264151,True,0.05,19,8,-11,11,0,8,19,3,5,16,0.07867424609139562
job_000004,Bulgaria,222,11.805457358490568,True,0.05,18,7,-11,11,0,7,18,2,5,16,0.07739009548510824
job_000004,Bulgaria,223,11.858635094339624,True,0.05,18,8,-10,10,0,8,18,2,6,16,0.08785626525059342
job_000004,Bulgaria,224,11.91181283018868,True,0.05,18,12,-6,6,0,12,18,4,8,14,0.08292068727314472
job_000004,Bulgaria,225,11.964990566037736,True,0.05,18,11,-7,7,0,11,18,3,8,15,0.0763067552311854
job_000004,Bulgaria,226,12.018168301886794,True,0.05,18,10,-8,8,0,10,18,2,8,16,0.07831819653511048
job_000004,Bulgaria,227,12.07134603773585,True,0.05,17,14,-3,3,0,14,17,2,12,15,0.08257137318806988
job_000004,Bulgaria,228,12.124523773584906,True,0.05,18,11,-7,7,0,11,18,2,9,16,0.09245991808446971
job_000004,Bulgaria,229,12.177701509433962,True,0.05,18,9,-9,9,0,9,18,2,7,16,0.08471266304453214
job_000004,Bulgaria,230,12.23087924528302,True,0.05,19,6,-13,13,0,6,19,1,5,18,0.0884783857812484
job_000004,Bulgaria,231,12.284056981132077,True,0.05,19,8,-11,11,0,8,19,1,7,18,0.09518582746386528
job_000004,Bulgaria,232,12.337234716981133,True,0.05,19,7,-12,12,0,7,19,1,6,18,0.10825346463492938
job_000004,Bulgaria,233,12.390412452830189,True,0.05,20,9,-11,11,0,9,20,1,8,19,0.09063802990648481
job_000004,Bulgaria,234,12.443590188679247,True,0.05,21,6,-15,15,0,6,21,1,5,20,0.1178158273299535
job_000004,Bulgaria,235,12.496767924528303,True,0.05,21,6,-15,15,0,6,21,1,5,20,0.10523895795146625
job_000004,Bulgaria,236,12.54994566037736,True,0.05,21,7,-14,14,0,7,21,1,6,20,0.09734838722007615
job_000004,Bulgaria,237,12.603123396226415,True,0.05,21,8,-13,13,0,8,21,2,6,19,0.09806142933666706
job_000004,Bulgaria,238,12.656301132075473,True,0.05,19,7,-12,12,0,7,19,4,3,15,0.1316835167152541
job_000004,Bulgaria,239,12.70947886792453,True,0.05,21,12,-9,9,0,12,21,5,7,16,0.0909629122664531
job_000004,Bulgaria,240,12.762656603773586,True,0.05,21,6,-15,15,0,6,21,2,4,19,0.11361556872725487
job_000004,Bulgaria,241,12.815834339622642,True,0.05,6,0,-6,6,0,0,6,0,0,6,
job_000004,Bulgaria,242,12.8690120754717,True,0.05,16,0,-16,16,0,0,16,0,0,16,
job_000004,Bulgaria,243,12.922189811320756,True,0.05,16,0,-16,16,0,0,16,0,0,16,
job_000004,Bulgaria,244,12.975367547169812,True,0.05,18,0,-18,18,0,0,18,0,0,18,
job_000004,Bulgaria,245,13.028545283018868,True,0.05,14,0,-14,14,0,0,14,0,0,14,
job_000004,Bulgaria,246,13.081723018867926,True,0.05,15,0,-15,15,0,0,15,0,0,15,
job_000004,Bulgaria,247,13.134900754716982,True,0.05,15,0,-15,15,0,0,15,0,0,15,
job_000004,Bulgaria,248,13.188078490566038,True,0.05,15,0,-15,15,0,0,15,0,0,15,
job_000004,Bulgaria,249,13.241256226415095,True,0.05,15,0,-15,15,0,0,15,0,0,15,
job_000004,Bulgaria,250,13.294433962264153,True,0.05,15,0,-15,15,0,0,15,0,0,15,
job_000004,Bulgaria,251,13.347611698113209,True,0.05,15,0,-15,15,0,0,15,0,0,15,
job_000004,Bulgaria,252,13.400789433962265,True,0.05,15,0,-15,15,0,0,15,0,0,15,
job_000004,Bulgaria,253,13.453967169811321,True,0.05,16,0,-16,16,0,0,16,0,0,16,
job_000004,Bulgaria,254,13.507144905660379,True,0.05,16,0,-16,16,0,0,16,0,0,16,
job_000004,Bulgaria,255,13.560322641509435,True,0.05,15,0,-15,15,0,0,15,0,0,15,
job_000004,Bulgaria,256,13.613500377358491,True,0.05,16,0,-16,16,0,0,16,0,0,16,
job_000004,Bulgaria,257,13.666678113207547,True,0.05,17,0,-17,17,0,0,17,0,0,17,
job_000004,Bulgaria,258,13.719855849056605,True,0.05,16,0,-16,16,0,0,16,0,0,16,
job_000004,Bulgaria,259,13.773033584905662,True,0.05,17,0,-17,17,0,0,17,0,0,17,
job_000004,Bulgaria,260,13.826211320754718,True,0.05,15,0,-15,15,0,0,15,0,0,15,
job_000004,Bulgaria,261,13.879389056603774,True,0.05,16,0,-16,16,0,0,16,0,0,16,
job_000004,Bulgaria,262,13.932566792452832,True,0.05,17,0,-17,17,0,0,17,0,0,17,
job_000004,Bulgaria,263,13.985744528301888,True,0.05,16,0,-16,16,0,0,16,0,0,16,
job_000004,Bulgaria,264,14.038922264150944,True,0.05,16,0,-16,16,0,0,16,0,0,16,
job_000004,Bulgaria,265,14.0921,True,0.05,15,0,-15,15,0,0,15,0,0,15,
job_000004,Bulgaria,266,14.145277735849058,True,0.05,15,0,-15,15,0,0,15,0,0,15,
job_000004,Bulgaria,267,14.198455471698114,True,0.05,15,0,-15,15,0,0,15,0,0,15,
job_000004,Bulgaria,268,14.25163320754717,True,0.05,16,0,-16,16,0,0,16,0,0,16,
job_000004,Bulgaria,269,14.304810943396227,True,0.05,16,0,-16,16,0,0,16,0,0,16,
job_000004,Bulgaria,270,14.357988679245285,True,0.05,16,0,-16,16,0,0,16,0,0,16,
job_000004,Bulgaria,271,14.41116641509434,True,0.05,16,0,-16,16,0,0,16,0,0,16,
job_000004,Bulgaria,272,14.464344150943397,True,0.05,16,0,-16,16,0,0,16,0,0,16,
job_000004,Bulgaria,273,14.517521886792453,True,0.05,15,0,-15,15,0,0,15,0,0,15,
job_000004,Bulgaria,274,14.570699622641511,True,0.05,15,0,-15,15,0,0,15,0,0,15,
job_000004,Bulgaria,275,14.623877358490567,True,0.05,15,0,-15,15,0,0,15,0,0,15,
job_000004,Bulgaria,276,14.677055094339623,True,0.05,15,0,-15,15,0,0,15,0,0,15,
job_000004,Bulgaria,277,14.73023283018868,True,0.05,15,0,-15,15,0,0,15,0,0,15,
job_000004,Bulgaria,278,14.783410566037738,True,0.05,15,0,-15,15,0,0,15,0,0,15,
job_000004,Bulgaria,279,14.836588301886794,True,0.05,15,0,-15,15,0,0,15,0,0,15,
job_000004,Bulgaria,280,14.88976603773585,True,0.05,15,0,-15,15,0,0,15,0,0,15,
job_000004,Bulgaria,281,14.942943773584906,True,0.05,15,0,-15,15,0,0,15,0,0,15,
job_000004,Bulgaria,282,14.996121509433964,True,0.05,15,0,-15,15,0,0,15,0,0,15,
job_000004,Bulgaria,283,15.04929924528302,True,0.05,15,0,-15,15,0,0,15,0,0,15,
job_000004,Bulgaria,284,15.102476981132076,True,0.05,16,0,-16,16,0,0,16,0,0,16,
job_000004,Bulgaria,285,15.155654716981132,True,0.05,15,0,-15,15,0,0,15,0,0,15,
job_000004,Bulgaria,286,15.20883245283019,True,0.05,15,0,-15,15,0,0,15,0,0,15,
job_000004,Bulgaria,287,15.262010188679247,True,0.05,15,0,-15,15,0,0,15,0,0,15,
job_000004,Bulgaria,288,15.315187924528303,True,0.05,14,0,-14,14,0,0,14,0,0,14,
job_000004,Bulgaria,289,15.368365660377359,True,0.05,16,0,-16,16,0,0,16,0,0,16,
job_000004,Bulgaria,290,15.421543396226417,True,0.05,16,0,-16,16,0,0,16,0,0,16,
job_000004,Bulgaria,291,15.474721132075473,True,0.05,15,0,-15,15,0,0,15,0,0,15,
job_000004,Bulgaria,292,15.52789886792453,True,0.05,15,0,-15,15,0,0,15,0,0,15,
job_000004,Bulgaria,293,15.581076603773585,True,0.05,14,0,-14,14,0,0,14,0,0,14,
job_000004,Bulgaria,294,15.634254339622643,True,0.05,15,0,-15,15,0,0,15,0,0,15,
job_000004,Bulgaria,295,15.6874320754717,True,0.05,14,0,-14,14,0,0,14,0,0,14,
job_000004,Bulgaria,296,15.740609811320756,True,0.05,15,0,-15,15,0,0,15,0,0,15,
job_000004,Bulgaria,297,15.793787547169812,True,0.05,14,0,-14,14,0,0,14,0,0,14,
job_000004,Bulgaria,298,15.84696528301887,True,0.05,14,0,-14,14,0,0,14,0,0,14,
job_000004,Bulgaria,299,15.900143018867926,True,0.05,13,0,-13,13,0,0,13,0,0,13,
job_000004,Bulgaria,300,15.953320754716982,True,0.05,14,0,-14,14,0,0,14,0,0,14,
job_000004,Bulgaria,301,16.006498490566038,True,0.05,14,0,-14,14,0,0,14,0,0,14,
job_000004,Bulgaria,302,16.059676226415096,True,0.05,14,0,-14,14,0,0,14,0,0,14,
job_000004,Bulgaria,303,16.11285396226415,True,0.05,14,0,-14,14,0,0,14,0,0,14,
job_000004,Bulgaria,304,16.16603169811321,True,0.05,13,0,-13,13,0,0,13,0,0,13,
job_000004,Bulgaria,305,16.219209433962266,True,0.05,15,0,-15,15,0,0,15,0,0,15,
job_000004,Bulgaria,306,16.27238716981132,True,0.05,14,0,-14,14,0,0,14,0,0,14,
job_000004,Bulgaria,307,16.32556490566038,True,0.05,14,0,-14,14,0,0,14,0,0,14,
job_000004,Bulgaria,308,16.378742641509437,True,0.05,14,0,-14,14,0,0,14,0,0,14,
job_000004,Bulgaria,309,16.43192037735849,True,0.05,14,0,-14,14,0,0,14,0,0,14,
job_000004,Bulgaria,310,16.48509811320755,True,0.05,15,0,-15,15,0,0,15,0,0,15,
job_000004,Bulgaria,311,16.538275849056603,True,0.05,14,0,-14,14,0,0,14,0,0,14,
job_000004,Bulgaria,312,16.59145358490566,True,0.05,14,0,-14,14,0,0,14,0,0,14,
job_000004,Bulgaria,313,16.64463132075472,True,0.05,13,0,-13,13,0,0,13,0,0,13,
job_000004,Bulgaria,314,16.697809056603774,True,0.05,13,0,-13,13,0,0,13,0,0,13,
job_000004,Bulgaria,315,16.75098679245283,True,0.05,14,0,-14,14,0,0,14,0,0,14,
job_000004,Bulgaria,316,16.80416452830189,True,0.05,14,0,-14,14,0,0,14,0,0,14,
job_000004,Bulgaria,317,16.857342264150944,True,0.05,14,1,-13,13,0,1,14,1,0,13,0.0762251615524292
job_000004,Bulgaria,318,16.91052,True,0.05,14,1,-13,13,0,1,14,1,0,13,0.09839727729558945
job_000004,Bulgaria,319,16.963697735849056,True,0.05,13,1,-12,12,0,1,13,1,0,12,0.11270376294851303
job_000004,Bulgaria,320,17.016875471698114,True,0.05,14,1,-13,13,0,1,14,1,0,13,0.12732703983783722
job_000004,Bulgaria,321,17.070053207547172,True,0.05,13,1,-12,12,0,1,13,1,0,12,0.10540762543678284
job_000004,Bulgaria,322,17.123230943396226,True,0.05,15,1,-14,14,0,1,15,1,0,14,0.08851906657218933
job_000004,Bulgaria,323,17.176408679245284,True,0.05,14,1,-13,13,0,1,14,1,0,13,0.08558560162782669
job_000004,Bulgaria,324,17.229586415094342,True,0.05,13,1,-12,12,0,1,13,1,0,12,0.06941060721874237
job_000004,Bulgaria,325,17.282764150943397,True,0.05,14,1,-13,13,0,1,14,1,0,13,0.059787262231111526
job_000004,Bulgaria,326,17.335941886792455,True,0.05,13,1,-12,12,0,1,13,1,0,12,0.05283809453248978
job_000004,Bulgaria,327,17.38911962264151,True,0.05,14,0,-14,14,0,0,14,0,0,14,
job_000004,Bulgaria,328,17.442297358490567,True,0.05,16,0,-16,16,0,0,16,0,0,16,
job_000004,Bulgaria,329,17.495475094339625,True,0.05,16,0,-16,16,0,0,16,0,0,16,
job_000004,Bulgaria,330,17.54865283018868,True,0.05,16,0,-16,16,0,0,16,0,0,16,
job_000004,Bulgaria,331,17.601830566037737,True,0.05,16,0,-16,16,0,0,16,0,0,16,
job_000004,Bulgaria,332,17.655008301886795,True,0.05,15,0,-15,15,0,0,15,0,0,15,
job_000004,Bulgaria,333,17.70818603773585,True,0.05,15,0,-15,15,0,0,15,0,0,15,
job_000004,Bulgaria,334,17.761363773584907,True,0.05,14,0,-14,14,0,0,14,0,0,14,
job_000004,Bulgaria,335,17.814541509433962,True,0.05,15,0,-15,15,0,0,15,0,0,15,
job_000004,Bulgaria,336,17.86771924528302,True,0.05,14,0,-14,14,0,0,14,0,0,14,
job_000004,Bulgaria,337,17.920896981132078,True,0.05,14,0,-14,14,0,0,14,0,0,14,
job_000004,Bulgaria,338,17.974074716981132,True,0.05,15,0,-15,15,0,0,15,0,0,15,
job_000004,Bulgaria,339,18.02725245283019,True,0.05,13,0,-13,13,0,0,13,0,0,13,
job_000004,Bulgaria,340,18.080430188679248,True,0.05,14,0,-14,14,0,0,14,0,0,14,
job_000004,Bulgaria,341,18.133607924528302,True,0.05,14,0,-14,14,0,0,14,0,0,14,
job_000004,Bulgaria,342,18.18678566037736,True,0.05,15,0,-15,15,0,0,15,0,0,15,
job_000004,Bulgaria,343,18.239963396226415,True,0.05,12,0,-12,12,0,0,12,0,0,12,
job_000004,Bulgaria,344,18.293141132075473,True,0.05,14,0,-14,14,0,0,14,0,0,14,
job_000004,Bulgaria,345,18.34631886792453,True,0.05,15,0,-15,15,0,0,15,0,0,15,
job_000004,Bulgaria,346,18.399496603773585,True,0.05,15,0,-15,15,0,0,15,0,0,15,
job_000004,Bulgaria,347,18.452674339622643,True,0.05,14,0,-14,14,0,0,14,0,0,14,
job_000004,Bulgaria,348,18.5058520754717,True,0.05,14,0,-14,14,0,0,14,0,0,14,
job_000004,Bulgaria,349,18.559029811320755,True,0.05,13,0,-13,13,0,0,13,0,0,13,
job_000004,Bulgaria,350,18.612207547169813,True,0.05,13,0,-13,13,0,0,13,0,0,13,
job_000004,Bulgaria,351,18.665385283018868,True,0.05,14,0,-14,14,0,0,14,0,0,14,
job_000004,Bulgaria,352,18.718563018867926,True,0.05,15,0,-15,15,0,0,15,0,0,15,
job_000004,Bulgaria,353,18.771740754716983,True,0.05,13,0,-13,13,0,0,13,0,0,13,
job_000004,Bulgaria,354,18.824918490566038,True,0.05,13,0,-13,13,0,0,13,0,0,13,
job_000004,Bulgaria,355,18.878096226415096,True,0.05,13,0,-13,13,0,0,13,0,0,13,
job_000004,Bulgaria,356,18.931273962264154,True,0.05,14,0,-14,14,0,0,14,0,0,14,
job_000004,Bulgaria,357,18.984451698113208,True,0.05,15,0,-15,15,0,0,15,0,0,15,
job_000004,Bulgaria,358,19.037629433962266,True,0.05,13,0,-13,13,0,0,13,0,0,13,
job_000004,Bulgaria,359,19.09080716981132,True,0.05,14,0,-14,14,0,0,14,0,0,14,
job_000004,Bulgaria,360,19.14398490566038,True,0.05,15,0,-15,15,0,0,15,0,0,15,
job_000004,Bulgaria,361,19.197162641509436,True,0.05,14,0,-14,14,0,0,14,0,0,14,
job_000004,Bulgaria,362,19.25034037735849,True,0.05,14,0,-14,14,0,0,14,0,0,14,
job_000004,Bulgaria,363,19.30351811320755,True,0.05,15,0,-15,15,0,0,15,0,0,15,
job_000004,Bulgaria,364,19.356695849056607,True,0.05,15,0,-15,15,0,0,15,0,0,15,
job_000004,Bulgaria,365,19.40987358490566,True,0.05,16,0,-16,16,0,0,16,0,0,16,
job_000004,Bulgaria,366,19.46305132075472,True,0.05,16,0,-16,16,0,0,16,0,0,16,
job_000004,Bulgaria,367,19.516229056603777,True,0.05,15,0,-15,15,0,0,15,0,0,15,
job_000004,Bulgaria,368,19.56940679245283,True,0.05,17,0,-17,17,0,0,17,0,0,17,
job_000004,Bulgaria,369,19.62258452830189,True,0.05,16,0,-16,16,0,0,16,0,0,16,
job_000004,Bulgaria,370,19.675762264150944,True,0.05,17,0,-17,17,0,0,17,0,0,17,
job_000004,Bulgaria,371,19.72894,True,0.05,17,0,-17,17,0,0,17,0,0,17,
job_000004,Bulgaria,372,19.78211773584906,True,0.05,17,0,-17,17,0,0,17,0,0,17,
job_000004,Bulgaria,373,19.835295471698114,True,0.05,16,0,-16,16,0,0,16,0,0,16,
job_000004,Bulgaria,374,19.88847320754717,True,0.05,15,0,-15,15,0,0,15,0,0,15,
job_000004,Bulgaria,375,19.94165094339623,True,0.05,16,0,-16,16,0,0,16,0,0,16,
job_000004,Bulgaria,376,19.994828679245284,True,0.05,16,0,-16,16,0,0,16,0,0,16,
job_000004,Bulgaria,377,20.048006415094342,True,0.05,16,0,-16,16,0,0,16,0,0,16,
job_000004,Bulgaria,378,20.101184150943396,True,0.05,16,0,-16,16,0,0,16,0,0,16,
job_000004,Bulgaria,379,20.154361886792454,True,0.05,15,0,-15,15,0,0,15,0,0,15,
job_000004,Bulgaria,380,20.207539622641512,True,0.05,14,0,-14,14,0,0,14,0,0,14,
job_000004,Bulgaria,381,20.260717358490567,True,0.05,14,0,-14,14,0,0,14,0,0,14,
job_000004,Bulgaria,382,20.313895094339625,True,0.05,15,0,-15,15,0,0,15,0,0,15,
job_000004,Bulgaria,383,20.367072830188683,True,0.05,15,0,-15,15,0,0,15,0,0,15,
job_000004,Bulgaria,384,20.420250566037737,True,0.05,15,0,-15,15,0,0,15,0,0,15,
job_000004,Bulgaria,385,20.473428301886795,True,0.05,15,0,-15,15,0,0,15,0,0,15,
job_000004,Bulgaria,386,20.52660603773585,True,0.05,15,0,-15,15,0,0,15,0,0,15,
job_000004,Bulgaria,387,20.579783773584907,True,0.05,14,0,-14,14,0,0,14,0,0,14,
job_000004,Bulgaria,388,20.632961509433965,True,0.05,14,0,-14,14,0,0,14,0,0,14,
job_000004,Bulgaria,389,20.68613924528302,True,0.05,14,0,-14,14,0,0,14,0,0,14,
job_000004,Bulgaria,390,20.739316981132077,True,0.05,13,0,-13,13,0,0,13,0,0,13,
job_000004,Bulgaria,391,20.792494716981135,True,0.05,13,0,-13,13,0,0,13,0,0,13,
job_000004,Bulgaria,392,20.84567245283019,True,0.05,16,0,-16,16,0,0,16,0,0,16,
job_000004,Bulgaria,393,20.898850188679248,True,0.05,15,0,-15,15,0,0,15,0,0,15,
job_000004,Bulgaria,394,20.952027924528302,True,0.05,17,3,-14,14,0,3,17,2,1,15,0.09027402102947235
job_000004,Bulgaria,395,21.00520566037736,True,0.05,14,7,-7,7,0,7,14,3,4,11,0.10288178016032491
job_000004,Bulgaria,396,21.058383396226418,True,0.05,12,2,-10,10,0,2,12,1,1,11,0.12365574389696121
job_000004,Bulgaria,397,21.111561132075472,True,0.05,14,4,-10,10,0,4,14,2,2,12,0.09747218992561102
job_000004,Bulgaria,398,21.16473886792453,True,0.05,16,4,-12,12,0,4,16,3,1,13,0.09722498804330826
job_000004,Bulgaria,399,21.21791660377359,True,0.05,13,4,-9,9,0,4,13,3,1,10,0.08708377089351416
job_000007,Bulgaria,0,0.0,True,0.05,10,0,-10,10,0,0,10,0,0,10,
job_000007,Bulgaria,1,0.05174679487179487,True,0.05,9,0,-9,9,0,0,9,0,0,9,
job_000007,Bulgaria,2,0.10349358974358974,True,0.05,9,0,-9,9,0,0,9,0,0,9,
job_000007,Bulgaria,3,0.1552403846153846,True,0.05,10,0,-10,10,0,0,10,0,0,10,
job_000007,Bulgaria,4,0.20698717948717948,True,0.05,10,0,-10,10,0,0,10,0,0,10,
job_000007,Bulgaria,5,0.2587339743589744,True,0.05,9,0,-9,9,0,0,9,0,0,9,
job_000007,Bulgaria,6,0.3104807692307692,True,0.05,9,0,-9,9,0,0,9,0,0,9,
job_000007,Bulgaria,7,0.3622275641025641,True,0.05,9,0,-9,9,0,0,9,0,0,9,
job_000007,Bulgaria,8,0.41397435897435897,True,0.05,9,0,-9,9,0,0,9,0,0,9,
job_000007,Bulgaria,9,0.46572115384615387,True,0.05,9,0,-9,9,0,0,9,0,0,9,
job_000007,Bulgaria,10,0.5174679487179488,True,0.05,9,0,-9,9,0,0,9,0,0,9,
job_000007,Bulgaria,11,0.5692147435897436,True,0.05,8,0,-8,8,0,0,8,0,0,8,
job_000007,Bulgaria,12,0.6209615384615385,True,0.05,9,1,-8,8,0,1,9,0,1,9,0.057993754744529724
job_000007,Bulgaria,13,0.6727083333333334,True,0.05,9,1,-8,8,0,1,9,0,1,9,0.05833820253610611
job_000007,Bulgaria,14,0.7244551282051283,True,0.05,9,1,-8,8,0,1,9,0,1,9,0.05595121532678604
job_000007,Bulgaria,15,0.776201923076923,True,0.05,10,1,-9,9,0,1,10,0,1,10,0.05100708082318306
job_000007,Bulgaria,16,0.8279487179487179,True,0.05,10,1,-9,9,0,1,10,0,1,10,0.05073270946741104
job_000007,Bulgaria,17,0.8796955128205128,True,0.05,10,1,-9,9,0,1,10,0,1,10,0.05127843841910362
job_000007,Bulgaria,18,0.9314423076923077,True,0.05,10,1,-9,9,0,1,10,0,1,10,0.050045501440763474
job_000007,Bulgaria,19,0.9831891025641025,True,0.05,10,0,-10,10,0,0,10,0,0,10,
job_000007,Bulgaria,20,1.0349358974358975,True,0.05,10,0,-10,10,0,0,10,0,0,10,
job_000007,Bulgaria,21,1.0866826923076922,True,0.05,10,1,-9,9,0,1,10,0,1,10,0.05124390870332718
job_000007,Bulgaria,22,1.138429487179487,True,0.05,10,1,-9,9,0,1,10,0,1,10,0.05173486843705177
job_000007,Bulgaria,23,1.190176282051282,True,0.05,10,1,-9,9,0,1,10,0,1,10,0.05159195140004158
job_000007,Bulgaria,24,1.241923076923077,True,0.05,10,1,-9,9,0,1,10,0,1,10,0.05188295990228653
job_000007,Bulgaria,25,1.2936698717948718,True,0.05,10,1,-9,9,0,1,10,0,1,10,0.0507889948785305
job_000007,Bulgaria,26,1.3454166666666667,True,0.05,10,0,-10,10,0,0,10,0,0,10,
job_000007,Bulgaria,27,1.3971634615384616,True,0.05,10,0,-10,10,0,0,10,0,0,10,
job_000007,Bulgaria,28,1.4489102564102565,True,0.05,10,0,-10,10,0,0,10,0,0,10,
job_000007,Bulgaria,29,1.5006570512820514,True,0.05,10,0,-10,10,0,0,10,0,0,10,
job_000007,Bulgaria,30,1.552403846153846,True,0.05,9,0,-9,9,0,0,9,0,0,9,
job_000007,Bulgaria,31,1.604150641025641,True,0.05,9,1,-8,8,0,1,9,0,1,9,0.05021412670612335
job_000007,Bulgaria,32,1.6558974358974359,True,0.05,9,0,-9,9,0,0,9,0,0,9,
job_000007,Bulgaria,33,1.7076442307692308,True,0.05,9,1,-8,8,0,1,9,0,1,9,0.05068492889404297
job_000007,Bulgaria,34,1.7593910256410257,True,0.05,9,0,-9,9,0,0,9,0,0,9,
job_000007,Bulgaria,35,1.8111378205128206,True,0.05,9,0,-9,9,0,0,9,0,0,9,
job_000007,Bulgaria,36,1.8628846153846155,True,0.05,9,0,-9,9,0,0,9,0,0,9,
job_000007,Bulgaria,37,1.9146314102564104,True,0.05,9,0,-9,9,0,0,9,0,0,9,
job_000007,Bulgaria,38,1.966378205128205,True,0.05,9,0,-9,9,0,0,9,0,0,9,
job_000007,Bulgaria,39,2.018125,True,0.05,9,0,-9,9,0,0,9,0,0,9,
job_000007,Bulgaria,40,2.069871794871795,True,0.05,9,0,-9,9,0,0,9,0,0,9,
job_000007,Bulgaria,41,2.1216185897435897,True,0.05,9,0,-9,9,0,0,9,0,0,9,
job_000007,Bulgaria,42,2.1733653846153844,True,0.05,9,0,-9,9,0,0,9,0,0,9,
job_000007,Bulgaria,43,2.2251121794871795,True,0.05,9,0,-9,9,0,0,9,0,0,9,
job_000007,Bulgaria,44,2.276858974358974,True,0.05,9,0,-9,9,0,0,9,0,0,9,
job_000007,Bulgaria,45,2.3286057692307693,True,0.05,9,0,-9,9,0,0,9,0,0,9,
job_000007,Bulgaria,46,2.380352564102564,True,0.05,9,0,-9,9,0,0,9,0,0,9,
job_000007,Bulgaria,47,2.432099358974359,True,0.05,9,0,-9,9,0,0,9,0,0,9,
job_000007,Bulgaria,48,2.483846153846154,True,0.05,9,0,-9,9,0,0,9,0,0,9,
job_000007,Bulgaria,49,2.535592948717949,True,0.05,9,0,-9,9,0,0,9,0,0,9,
job_000007,Bulgaria,50,2.5873397435897436,True,0.05,8,0,-8,8,0,0,8,0,0,8,
job_000007,Bulgaria,51,2.6390865384615383,True,0.05,8,0,-8,8,0,0,8,0,0,8,
job_000007,Bulgaria,52,2.6908333333333334,True,0.05,8,0,-8,8,0,0,8,0,0,8,
job_000007,Bulgaria,53,2.742580128205128,True,0.05,9,0,-9,9,0,0,9,0,0,9,
job_000007,Bulgaria,54,2.794326923076923,True,0.05,9,0,-9,9,0,0,9,0,0,9,
job_000007,Bulgaria,55,2.846073717948718,True,0.05,10,1,-9,9,0,1,10,0,1,10,0.055203877389431
job_000007,Bulgaria,56,2.897820512820513,True,0.05,9,1,-8,8,0,1,9,0,1,9,0.05454746261239052
job_000007,Bulgaria,57,2.9495673076923077,True,0.05,9,1,-8,8,0,1,9,0,1,9,0.05334842950105667
job_000007,Bulgaria,58,3.001314102564103,True,0.05,10,1,-9,9,0,1,10,0,1,10,0.05023052170872688
job_000007,Bulgaria,59,3.0530608974358975,True,0.05,10,0,-10,10,0,0,10,0,0,10,
job_000007,Bulgaria,60,3.104807692307692,True,0.05,10,1,-9,9,0,1,10,0,1,10,0.05162736773490906
job_000007,Bulgaria,61,3.1565544871794873,True,0.05,10,1,-9,9,0,1,10,0,1,10,0.050055284053087234
job_000007,Bulgaria,62,3.208301282051282,True,0.05,10,1,-9,9,0,1,10,0,1,10,0.05044388771057129
job_000007,Bulgaria,63,3.260048076923077,True,0.05,10,1,-9,9,0,1,10,0,1,10,0.05119261518120766
job_000007,Bulgaria,64,3.3117948717948718,True,0.05,10,1,-9,9,0,1,10,0,1,10,0.05159617215394974
job_000007,Bulgaria,65,3.363541666666667,True,0.05,9,1,-8,8,0,1,9,0,1,9,0.05237153172492981
job_000007,Bulgaria,66,3.4152884615384616,True,0.05,10,1,-9,9,0,1,10,0,1,10,0.05293126776814461
job_000007,Bulgaria,67,3.4670352564102567,True,0.05,10,0,-10,10,0,0,10,0,0,10,
job_000007,Bulgaria,68,3.5187820512820513,True,0.05,10,0,-10,10,0,0,10,0,0,10,
job_000007,Bulgaria,69,3.570528846153846,True,0.05,10,1,-9,9,0,1,10,0,1,10,0.05087817460298538
job_000007,Bulgaria,70,3.622275641025641,True,0.05,9,1,-8,8,0,1,9,0,1,9,0.05167751759290695
job_000007,Bulgaria,71,3.674022435897436,True,0.05,9,1,-8,8,0,1,9,0,1,9,0.051673274487257004
job_000007,Bulgaria,72,3.725769230769231,True,0.05,9,1,-8,8,0,1,9,0,1,9,0.05476759374141693
job_000007,Bulgaria,73,3.7775160256410256,True,0.05,9,1,-8,8,0,1,9,0,1,9,0.056223515421152115
job_000007,Bulgaria,74,3.8292628205128207,True,0.05,9,1,-8,8,0,1,9,0,1,9,0.059792660176754
job_000007,Bulgaria,75,3.8810096153846154,True,0.05,9,1,-8,8,0,1,9,0,1,9,0.057010944932699203
job_000007,Bulgaria,76,3.93275641025641,True,0.05,9,1,-8,8,0,1,9,0,1,9,0.05484625697135925
job_000007,Bulgaria,77,3.984503205128205,True,0.05,9,1,-8,8,0,1,9,0,1,9,0.05404927209019661
job_000007,Bulgaria,78,4.03625,True,0.05,9,1,-8,8,0,1,9,0,1,9,0.053587451577186584
job_000007,Bulgaria,79,4.087996794871795,True,0.05,9,1,-8,8,0,1,9,0,1,9,0.05663343146443367
job_000007,Bulgaria,80,4.13974358974359,True,0.05,8,1,-7,7,0,1,8,0,1,8,0.06169113144278526
job_000007,Bulgaria,81,4.191490384615385,True,0.05,8,1,-7,7,0,1,8,0,1,8,0.06294626742601395
job_000007,Bulgaria,82,4.2432371794871795,True,0.05,8,1,-7,7,0,1,8,0,1,8,0.05864717811346054
job_000007,Bulgaria,83,4.294983974358974,True,0.05,8,1,-7,7,0,1,8,0,1,8,0.05903567001223564
job_000007,Bulgaria,84,4.346730769230769,True,0.05,9,0,-9,9,0,0,9,0,0,9,
job_000007,Bulgaria,85,4.398477564102564,True,0.05,9,0,-9,9,0,0,9,0,0,9,
job_000007,Bulgaria,86,4.450224358974359,True,0.05,9,1,-8,8,0,1,9,0,1,9,0.05071203038096428
job_000007,Bulgaria,87,4.501971153846154,True,0.05,9,0,-9,9,0,0,9,0,0,9,
job_000007,Bulgaria,88,4.553717948717948,True,0.05,9,0,-9,9,0,0,9,0,0,9,
job_000007,Bulgaria,89,4.605464743589744,True,0.05,9,1,-8,8,0,1,9,0,1,9,0.05167647823691368
job_000007,Bulgaria,90,4.657211538461539,True,0.05,9,1,-8,8,0,1,9,0,1,9,0.052393026649951935
job_000007,Bulgaria,91,4.708958333333333,True,0.05,9,1,-8,8,0,1,9,0,1,9,0.05291084572672844
job_000007,Bulgaria,92,4.760705128205128,True,0.05,9,1,-8,8,0,1,9,0,1,9,0.05225890502333641
job_000007,Bulgaria,93,4.812451923076923,True,0.05,9,1,-8,8,0,1,9,0,1,9,0.052158862352371216
job_000007,Bulgaria,94,4.864198717948718,True,0.05,10,1,-9,9,0,1,10,0,1,10,0.0540054515004158
job_000007,Bulgaria,95,4.915945512820513,True,0.05,10,0,-10,10,0,0,10,0,0,10,
job_000007,Bulgaria,96,4.967692307692308,True,0.05,10,0,-10,10,0,0,10,0,0,10,
job_000007,Bulgaria,97,5.019439102564102,True,0.05,10,0,-10,10,0,0,10,0,0,10,
job_000007,Bulgaria,98,5.071185897435898,True,0.05,10,0,-10,10,0,0,10,0,0,10,
job_000007,Bulgaria,99,5.1229326923076925,True,0.05,10,0,-10,10,0,0,10,0,0,10,
job_000007,Bulgaria,100,5.174679487179487,True,0.05,10,0,-10,10,0,0,10,0,0,10,
job_000007,Bulgaria,101,5.226426282051282,True,0.05,10,0,-10,10,0,0,10,0,0,10,
job_000007,Bulgaria,102,5.278173076923077,True,0.05,10,0,-10,10,0,0,10,0,0,10,
job_000007,Bulgaria,103,5.329919871794872,True,0.05,10,0,-10,10,0,0,10,0,0,10,
job_000007,Bulgaria,104,5.381666666666667,True,0.05,10,0,-10,10,0,0,10,0,0,10,
job_000007,Bulgaria,105,5.4334134615384615,True,0.05,10,0,-10,10,0,0,10,0,0,10,
job_000007,Bulgaria,106,5.485160256410256,True,0.05,10,0,-10,10,0,0,10,0,0,10,
job_000007,Bulgaria,107,5.536907051282052,True,0.05,10,0,-10,10,0,0,10,0,0,10,
job_000007,Bulgaria,108,5.588653846153846,True,0.05,10,0,-10,10,0,0,10,0,0,10,
job_000007,Bulgaria,109,5.640400641025641,True,0.05,10,0,-10,10,0,0,10,0,0,10,
job_000007,Bulgaria,110,5.692147435897436,True,0.05,10,0,-10,10,0,0,10,0,0,10,
job_000007,Bulgaria,111,5.7438942307692304,True,0.05,10,0,-10,10,0,0,10,0,0,10,
job_000007,Bulgaria,112,5.795641025641026,True,0.05,10,0,-10,10,0,0,10,0,0,10,
job_000007,Bulgaria,113,5.847387820512821,True,0.05,10,0,-10,10,0,0,10,0,0,10,
job_000007,Bulgaria,114,5.899134615384615,True,0.05,10,0,-10,10,0,0,10,0,0,10,
job_000007,Bulgaria,115,5.95088141025641,True,0.05,10,0,-10,10,0,0,10,0,0,10,
job_000007,Bulgaria,116,6.002628205128206,True,0.05,10,0,-10,10,0,0,10,0,0,10,
job_000007,Bulgaria,117,6.054375,True,0.05,10,0,-10,10,0,0,10,0,0,10,
job_000007,Bulgaria,118,6.106121794871795,True,0.05,10,0,-10,10,0,0,10,0,0,10,
job_000007,Bulgaria,119,6.15786858974359,True,0.05,10,0,-10,10,0,0,10,0,0,10,
job_000007,Bulgaria,120,6.209615384615384,True,0.05,10,0,-10,10,0,0,10,0,0,10,
job_000007,Bulgaria,121,6.26136217948718,True,0.05,10,0,-10,10,0,0,10,0,0,10,
job_000007,Bulgaria,122,6.313108974358975,True,0.05,10,0,-10,10,0,0,10,0,0,10,
job_000007,Bulgaria,123,6.364855769230769,True,0.05,10,0,-10,10,0,0,10,0,0,10,
job_000007,Bulgaria,124,6.416602564102564,True,0.05,10,0,-10,10,0,0,10,0,0,10,
job_000007,Bulgaria,125,6.4683493589743595,True,0.05,10,0,-10,10,0,0,10,0,0,10,
job_000007,Bulgaria,126,6.520096153846154,True,0.05,10,0,-10,10,0,0,10,0,0,10,
job_000007,Bulgaria,127,6.571842948717949,True,0.05,10,0,-10,10,0,0,10,0,0,10,
job_000007,Bulgaria,128,6.6235897435897435,True,0.05,10,0,-10,10,0,0,10,0,0,10,
job_000007,Bulgaria,129,6.675336538461538,True,0.05,10,0,-10,10,0,0,10,0,0,10,
job_000007,Bulgaria,130,6.727083333333334,True,0.05,10,0,-10,10,0,0,10,0,0,10,
job_000007,Bulgaria,131,6.778830128205128,True,0.05,10,0,-10,10,0,0,10,0,0,10,
job_000007,Bulgaria,132,6.830576923076923,True,0.05,10,0,-10,10,0,0,10,0,0,10,
job_000007,Bulgaria,133,6.882323717948718,True,0.05,9,0,-9,9,0,0,9,0,0,9,
job_000007,Bulgaria,134,6.934070512820513,True,0.05,10,0,-10,10,0,0,10,0,0,10,
job_000007,Bulgaria,135,6.985817307692308,True,0.05,9,0,-9,9,0,0,9,0,0,9,
job_000007,Bulgaria,136,7.037564102564103,True,0.05,10,0,-10,10,0,0,10,0,0,10,
job_000007,Bulgaria,137,7.089310897435897,True,0.05,10,0,-10,10,0,0,10,0,0,10,
job_000007,Bulgaria,138,7.141057692307692,True,0.05,10,0,-10,10,0,0,10,0,0,10,
job_000007,Bulgaria,139,7.192804487179488,True,0.05,10,0,-10,10,0,0,10,0,0,10,
job_000007,Bulgaria,140,7.244551282051282,True,0.05,10,0,-10,10,0,0,10,0,0,10,
job_000007,Bulgaria,141,7.296298076923077,True,0.05,10,0,-10,10,0,0,10,0,0,10,
job_000007,Bulgaria,142,7.348044871794872,True,0.05,10,0,-10,10,0,0,10,0,0,10,
job_000007,Bulgaria,143,7.399791666666666,True,0.05,10,0,-10,10,0,0,10,0,0,10,
job_000007,Bulgaria,144,7.451538461538462,True,0.05,10,0,-10,10,0,0,10,0,0,10,
job_000007,Bulgaria,145,7.503285256410257,True,0.05,10,0,-10,10,0,0,10,0,0,10,
job_000007,Bulgaria,146,7.555032051282051,True,0.05,10,0,-10,10,0,0,10,0,0,10,
job_000007,Bulgaria,147,7.606778846153846,True,0.05,10,0,-10,10,0,0,10,0,0,10,
job_000007,Bulgaria,148,7.6585256410256415,True,0.05,10,0,-10,10,0,0,10,0,0,10,
job_000007,Bulgaria,149,7.710272435897436,True,0.05,10,0,-10,10,0,0,10,0,0,10,
job_000007,Bulgaria,150,7.762019230769231,True,0.05,10,0,-10,10,0,0,10,0,0,10,
job_000007,Bulgaria,151,7.8137660256410255,True,0.05,9,0,-9,9,0,0,9,0,0,9,
job_000007,Bulgaria,152,7.86551282051282,True,0.05,10,0,-10,10,0,0,10,0,0,10,
job_000007,Bulgaria,153,7.917259615384616,True,0.05,10,0,-10,10,0,0,10,0,0,10,
job_000007,Bulgaria,154,7.96900641025641,True,0.05,10,0,-10,10,0,0,10,0,0,10,
job_000007,Bulgaria,155,8.020753205128205,True,0.05,10,0,-10,10,0,0,10,0,0,10,
job_000007,Bulgaria,156,8.0725,True,0.05,10,0,-10,10,0,0,10,0,0,10,
job_000007,Bulgaria,157,8.124246794871794,True,0.05,10,0,-10,10,0,0,10,0,0,10,
job_000007,Bulgaria,158,8.17599358974359,True,0.05,10,0,-10,10,0,0,10,0,0,10,
job_000007,Bulgaria,159,8.227740384615386,True,0.05,10,0,-10,10,0,0,10,0,0,10,
job_000007,Bulgaria,160,8.27948717948718,True,0.05,10,1,-9,9,0,1,10,0,1,10,0.05049953609704971
job_000007,Bulgaria,161,8.331233974358975,True,0.05,10,1,-9,9,0,1,10,0,1,10,0.050133928656578064
job_000007,Bulgaria,162,8.38298076923077,True,0.05,10,0,-10,10,0,0,10,0,0,10,
job_000007,Bulgaria,163,8.434727564102564,True,0.05,10,0,-10,10,0,0,10,0,0,10,
job_000007,Bulgaria,164,8.486474358974359,True,0.05,10,1,-9,9,0,1,10,0,1,10,0.05028335005044937
job_000007,Bulgaria,165,8.538221153846154,True,0.05,10,1,-9,9,0,1,10,0,1,10,0.05123921111226082
job_000007,Bulgaria,166,8.589967948717948,True,0.05,10,1,-9,9,0,1,10,0,1,10,0.050322119146585464
job_000007,Bulgaria,167,8.641714743589743,True,0.05,10,1,-9,9,0,1,10,0,1,10,0.05016807094216347
job_000007,Bulgaria,168,8.693461538461538,True,0.05,10,1,-9,9,0,1,10,0,1,10,0.06226017326116562
job_000007,Bulgaria,169,8.745208333333334,True,0.05,10,1,-9,9,0,1,10,0,1,10,0.06233905255794525
job_000007,Bulgaria,170,8.796955128205129,True,0.05,10,1,-9,9,0,1,10,0,1,10,0.06379999965429306
job_000007,Bulgaria,171,8.848701923076923,True,0.05,10,1,-9,9,0,1,10,0,1,10,0.06365709006786346
job_000007,Bulgaria,172,8.900448717948718,True,0.05,10,1,-9,9,0,1,10,0,1,10,0.06257491558790207
job_000007,Bulgaria,173,8.952195512820513,True,0.05,10,1,-9,9,0,1,10,0,1,10,0.062247879803180695
job_000007,Bulgaria,174,9.003942307692308,True,0.05,10,1,-9,9,0,1,10,0,1,10,0.060790933668613434
job_000007,Bulgaria,175,9.055689102564102,True,0.05,10,1,-9,9,0,1,10,0,1,10,0.06614110618829727
job_000007,Bulgaria,176,9.107435897435897,True,0.05,10,1,-9,9,0,1,10,0,1,10,0.06874765455722809
job_000007,Bulgaria,177,9.159182692307692,True,0.05,10,1,-9,9,0,1,10,0,1,10,0.06948089599609375
job_000007,Bulgaria,178,9.210929487179488,True,0.05,10,1,-9,9,0,1,10,0,1,10,0.06876228004693985
job_000007,Bulgaria,179,9.262676282051283,True,0.05,10,1,-9,9,0,1,10,0,1,10,0.06796412914991379
job_000007,Bulgaria,180,9.314423076923077,True,0.05,10,1,-9,9,0,1,10,0,1,10,0.06737244129180908
job_000007,Bulgaria,181,9.366169871794872,True,0.05,10,1,-9,9,0,1,10,0,1,10,0.06820303201675415
job_000007,Bulgaria,182,9.417916666666667,True,0.05,10,1,-9,9,0,1,10,0,1,10,0.0691080316901207
job_000007,Bulgaria,183,9.469663461538461,True,0.05,10,1,-9,9,0,1,10,0,1,10,0.0701681450009346
job_000007,Bulgaria,184,9.521410256410256,True,0.05,10,1,-9,9,0,1,10,0,1,10,0.07032790035009384
job_000007,Bulgaria,185,9.57315705128205,True,0.05,10,1,-9,9,0,1,10,0,1,10,0.06921200454235077
job_000007,Bulgaria,186,9.624903846153845,True,0.05,10,1,-9,9,0,1,10,0,1,10,0.07087362557649612
job_000007,Bulgaria,187,9.676650641025642,True,0.05,10,1,-9,9,0,1,10,0,1,10,0.07145484536886215
job_000007,Bulgaria,188,9.728397435897437,True,0.05,10,1,-9,9,0,1,10,0,1,10,0.07210002839565277
job_000007,Bulgaria,189,9.780144230769231,True,0.05,10,1,-9,9,0,1,10,0,1,10,0.07099145650863647
job_000007,Bulgaria,190,9.831891025641026,True,0.05,10,1,-9,9,0,1,10,0,1,10,0.07171572744846344
job_000007,Bulgaria,191,9.88363782051282,True,0.05,10,1,-9,9,0,1,10,0,1,10,0.07015597075223923
job_000007,Bulgaria,192,9.935384615384615,True,0.05,10,1,-9,9,0,1,10,0,1,10,0.07137473672628403
job_000007,Bulgaria,193,9.98713141025641,True,0.05,10,1,-9,9,0,1,10,0,1,10,0.07131204009056091
job_000007,Bulgaria,194,10.038878205128205,True,0.05,10,1,-9,9,0,1,10,0,1,10,0.07347498089075089
job_000007,Bulgaria,195,10.090625,True,0.05,10,1,-9,9,0,1,10,0,1,10,0.05227934941649437
job_000007,Bulgaria,196,10.142371794871796,True,0.05,10,1,-9,9,0,1,10,0,1,10,0.05086521431803703
job_000007,Bulgaria,197,10.19411858974359,True,0.05,10,1,-9,9,0,1,10,0,1,10,0.05315476655960083
job_000007,Bulgaria,198,10.245865384615385,True,0.05,10,1,-9,9,0,1,10,0,1,10,0.05305422842502594
job_000007,Bulgaria,199,10.29761217948718,True,0.05,10,1,-9,9,0,1,10,0,1,10,0.05458448454737663
job_000007,Bulgaria,200,10.349358974358974,True,0.05,10,1,-9,9,0,1,10,0,1,10,0.05313386395573616
job_000007,Bulgaria,201,10.40110576923077,True,0.05,10,1,-9,9,0,1,10,0,1,10,0.05076969042420387
job_000007,Bulgaria,202,10.452852564102564,True,0.05,10,1,-9,9,0,1,10,0,1,10,0.05171450972557068
job_000007,Bulgaria,203,10.504599358974358,True,0.05,10,1,-9,9,0,1,10,0,1,10,0.05104152858257294
job_000007,Bulgaria,204,10.556346153846153,True,0.05,10,1,-9,9,0,1,10,0,1,10,0.05174963176250458
job_000007,Bulgaria,205,10.60809294871795,True,0.05,10,1,-9,9,0,1,10,0,1,10,0.050392091274261475
job_000007,Bulgaria,206,10.659839743589744,True,0.05,10,0,-10,10,0,0,10,0,0,10,
job_000007,Bulgaria,207,10.711586538461539,True,0.05,10,1,-9,9,0,1,10,0,1,10,0.050226517021656036
job_000007,Bulgaria,208,10.763333333333334,True,0.05,9,1,-8,8,0,1,9,0,1,9,0.05000714957714081
job_000007,Bulgaria,209,10.815080128205128,True,0.05,9,0,-9,9,0,0,9,0,0,9,
job_000007,Bulgaria,210,10.866826923076923,True,0.05,10,0,-10,10,0,0,10,0,0,10,
job_000007,Bulgaria,211,10.918573717948718,True,0.05,10,0,-10,10,0,0,10,0,0,10,
job_000007,Bulgaria,212,10.970320512820512,True,0.05,10,0,-10,10,0,0,10,0,0,10,
job_000007,Bulgaria,213,11.022067307692307,True,0.05,10,1,-9,9,0,1,10,0,1,10,0.05005272105336189
job_000007,Bulgaria,214,11.073814102564103,True,0.05,10,1,-9,9,0,1,10,0,1,10,0.050305407494306564
job_000007,Bulgaria,215,11.125560897435898,True,0.05,10,1,-9,9,0,1,10,0,1,10,0.05240945518016815
job_000007,Bulgaria,216,11.177307692307693,True,0.05,10,1,-9,9,0,1,10,0,1,10,0.05204065144062042
job_000007,Bulgaria,217,11.229054487179488,True,0.05,10,1,-9,9,0,1,10,0,1,10,0.05208304151892662
job_000007,Bulgaria,218,11.280801282051282,True,0.05,10,1,-9,9,0,1,10,0,1,10,0.053759749978780746
job_000007,Bulgaria,219,11.332548076923077,True,0.05,10,1,-9,9,0,1,10,0,1,10,0.05359174683690071
job_000007,Bulgaria,220,11.384294871794872,True,0.05,10,1,-9,9,0,1,10,0,1,10,0.05373673513531685
job_000007,Bulgaria,221,11.436041666666666,True,0.05,10,1,-9,9,0,1,10,0,1,10,0.05179700255393982
job_000007,Bulgaria,222,11.487788461538461,True,0.05,10,1,-9,9,0,1,10,0,1,10,0.05259666219353676
job_000007,Bulgaria,223,11.539535256410257,True,0.05,10,1,-9,9,0,1,10,0,1,10,0.052637770771980286
job_000007,Bulgaria,224,11.591282051282052,True,0.05,10,1,-9,9,0,1,10,0,1,10,0.05153078958392143
job_000007,Bulgaria,225,11.643028846153847,True,0.05,10,1,-9,9,0,1,10,0,1,10,0.051934950053691864
job_000007,Bulgaria,226,11.694775641025641,True,0.05,10,1,-9,9,0,1,10,0,1,10,0.05152006819844246
job_000007,Bulgaria,227,11.746522435897436,True,0.05,10,1,-9,9,0,1,10,0,1,10,0.05015363171696663
job_000007,Bulgaria,228,11.79826923076923,True,0.05,10,0,-10,10,0,0,10,0,0,10,
job_000007,Bulgaria,229,11.850016025641025,True,0.05,10,0,-10,10,0,0,10,0,0,10,
job_000007,Bulgaria,230,11.90176282051282,True,0.05,10,1,-9,9,0,1,10,1,0,9,0.0551246777176857
job_000007,Bulgaria,231,11.953509615384615,True,0.05,10,1,-9,9,0,1,10,0,1,10,0.0508311502635479
job_000007,Bulgaria,232,12.005256410256411,True,0.05,10,1,-9,9,0,1,10,0,1,10,0.05184637010097504
job_000007,Bulgaria,233,12.057003205128206,True,0.05,10,1,-9,9,0,1,10,0,1,10,0.05196743458509445
job_000007,Bulgaria,234,12.10875,True,0.05,10,1,-9,9,0,1,10,1,0,9,0.07263615727424622
job_000007,Bulgaria,235,12.160496794871795,True,0.05,10,1,-9,9,0,1,10,1,0,9,0.058829694986343384
job_000007,Bulgaria,236,12.21224358974359,True,0.05,10,1,-9,9,0,1,10,1,0,9,0.0577625147998333
job_000007,Bulgaria,237,12.263990384615385,True,0.05,10,2,-8,8,0,2,10,1,1,9,0.054919082671403885
job_000007,Bulgaria,238,12.31573717948718,True,0.05,10,2,-8,8,0,2,10,1,1,9,0.060945477336645126
job_000007,Bulgaria,239,12.367483974358974,True,0.05,10,2,-8,8,0,2,10,1,1,9,0.061194226145744324
job_000007,Bulgaria,240,12.419230769230769,True,0.05,10,1,-9,9,0,1,10,0,1,10,0.05417943373322487
job_000007,Bulgaria,241,12.470977564102565,True,0.05,10,1,-9,9,0,1,10,0,1,10,0.05385015159845352
job_000007,Bulgaria,242,12.52272435897436,True,0.05,10,1,-9,9,0,1,10,0,1,10,0.05356543883681297
job_000007,Bulgaria,243,12.574471153846154,True,0.05,10,1,-9,9,0,1,10,0,1,10,0.053155187517404556
job_000007,Bulgaria,244,12.62621794871795,True,0.05,10,1,-9,9,0,1,10,0,1,10,0.05412084609270096
job_000007,Bulgaria,245,12.677964743589744,True,0.05,10,1,-9,9,0,1,10,0,1,10,0.05369235947728157
job_000007,Bulgaria,246,12.729711538461538,True,0.05,9,1,-8,8,0,1,9,0,1,9,0.05468912422657013
job_000007,Bulgaria,247,12.781458333333333,True,0.05,10,1,-9,9,0,1,10,0,1,10,0.05356769636273384
job_000007,Bulgaria,248,12.833205128205128,True,0.05,10,1,-9,9,0,1,10,0,1,10,0.05372375249862671
job_000007,Bulgaria,249,12.884951923076922,True,0.05,10,1,-9,9,0,1,10,0,1,10,0.053474679589271545
job_000007,Bulgaria,250,12.936698717948719,True,0.05,10,1,-9,9,0,1,10,0,1,10,0.0546257309615612
job_000007,Bulgaria,251,12.988445512820514,True,0.05,10,1,-9,9,0,1,10,0,1,10,0.053870126605033875
job_000007,Bulgaria,252,13.040192307692308,True,0.05,10,1,-9,9,0,1,10,0,1,10,0.054388757795095444
job_000007,Bulgaria,253,13.091939102564103,True,0.05,10,1,-9,9,0,1,10,0,1,10,0.054463814944028854
job_000007,Bulgaria,254,13.143685897435898,True,0.05,10,1,-9,9,0,1,10,0,1,10,0.05551830306649208
job_000007,Bulgaria,255,13.195432692307692,True,0.05,10,1,-9,9,0,1,10,0,1,10,0.055174749344587326
job_000007,Bulgaria,256,13.247179487179487,True,0.05,10,1,-9,9,0,1,10,0,1,10,0.055024873465299606
job_000007,Bulgaria,257,13.298926282051282,True,0.05,10,1,-9,9,0,1,10,0,1,10,0.05505857989192009
job_000007,Bulgaria,258,13.350673076923076,True,0.05,9,1,-8,8,0,1,9,0,1,9,0.05486404523253441
job_000007,Bulgaria,259,13.402419871794873,True,0.05,10,1,-9,9,0,1,10,0,1,10,0.05515160784125328
job_000007,Bulgaria,260,13.454166666666667,True,0.05,10,1,-9,9,0,1,10,0,1,10,0.05545836314558983
job_000007,Bulgaria,261,13.505913461538462,True,0.05,10,1,-9,9,0,1,10,0,1,10,0.05557732656598091
job_000007,Bulgaria,262,13.557660256410257,True,0.05,10,1,-9,9,0,1,10,0,1,10,0.05553704872727394
job_000007,Bulgaria,263,13.609407051282052,True,0.05,10,1,-9,9,0,1,10,0,1,10,0.05577348545193672
job_000007,Bulgaria,264,13.661153846153846,True,0.05,3,4,1,1,0,4,3,0,4,3,0.07603647001087666
job_000007,Bulgaria,265,13.71290064102564,True,0.05,11,4,-7,7,0,4,11,0,4,11,0.0784824900329113
job_000007,Bulgaria,266,13.764647435897436,True,0.05,11,4,-7,7,0,4,11,0,4,11,0.07903268933296204
job_000007,Bulgaria,267,13.81639423076923,True,0.05,11,4,-7,7,0,4,11,0,4,11,0.07912099361419678
job_000007,Bulgaria,268,13.868141025641027,True,0.05,11,4,-7,7,0,4,11,0,4,11,0.08051229268312454
job_000007,Bulgaria,269,13.919887820512821,True,0.05,11,4,-7,7,0,4,11,0,4,11,0.08077763020992279
job_000007,Bulgaria,270,13.971634615384616,True,0.05,11,4,-7,7,0,4,11,0,4,11,0.08188530057668686
job_000007,Bulgaria,271,14.02338141025641,True,0.05,11,4,-7,7,0,4,11,0,4,11,0.08125328086316586
job_000007,Bulgaria,272,14.075128205128205,True,0.05,11,4,-7,7,0,4,11,0,4,11,0.08130686916410923
job_000007,Bulgaria,273,14.126875,True,0.05,11,4,-7,7,0,4,11,0,4,11,0.08247128129005432
job_000007,Bulgaria,274,14.178621794871795,True,0.05,11,4,-7,7,0,4,11,0,4,11,0.08482375182211399
job_000007,Bulgaria,275,14.23036858974359,True,0.05,11,4,-7,7,0,4,11,0,4,11,0.08234712481498718
job_000007,Bulgaria,276,14.282115384615384,True,0.05,11,4,-7,7,0,4,11,0,4,11,0.07660158723592758
job_000007,Bulgaria,277,14.33386217948718,True,0.05,11,4,-7,7,0,4,11,0,4,11,0.07816157117486
job_000007,Bulgaria,278,14.385608974358975,True,0.05,11,4,-7,7,0,4,11,0,4,11,0.07573581300675869
job_000007,Bulgaria,279,14.43735576923077,True,0.05,11,4,-7,7,0,4,11,0,4,11,0.07538527809083462
job_000007,Bulgaria,280,14.489102564102565,True,0.05,11,4,-7,7,0,4,11,0,4,11,0.07280556950718164
job_000007,Bulgaria,281,14.54084935897436,True,0.05,11,4,-7,7,0,4,11,0,4,11,0.07252870686352253
job_000007,Bulgaria,282,14.592596153846154,True,0.05,11,4,-7,7,0,4,11,0,4,11,0.07273306418210268
job_000007,Bulgaria,283,14.644342948717949,True,0.05,11,4,-7,7,0,4,11,0,4,11,0.07105226162821054
job_000007,Bulgaria,284,14.696089743589743,True,0.05,11,4,-7,7,0,4,11,0,4,11,0.0709761343896389
job_000007,Bulgaria,285,14.747836538461538,True,0.05,11,4,-7,7,0,4,11,0,4,11,0.07061903458088636
job_000007,Bulgaria,286,14.799583333333333,True,0.05,11,3,-8,8,0,3,11,0,3,11,0.07315712422132492
job_000007,Bulgaria,287,14.851330128205129,True,0.05,11,3,-8,8,0,3,11,0,3,11,0.0729479119181633
job_000007,Bulgaria,288,14.903076923076924,True,0.05,11,3,-8,8,0,3,11,0,3,11,0.07462100932995479
job_000007,Bulgaria,289,14.954823717948718,True,0.05,11,3,-8,8,0,3,11,0,3,11,0.07412496705849965
job_000007,Bulgaria,290,15.006570512820513,True,0.05,11,3,-8,8,0,3,11,0,3,11,0.07659559945265453
job_000007,Bulgaria,291,15.058317307692308,True,0.05,11,3,-8,8,0,3,11,0,3,11,0.0764679287870725
job_000007,Bulgaria,292,15.110064102564102,True,0.05,11,4,-7,7,0,4,11,0,4,11,0.0704895406961441
job_000007,Bulgaria,293,15.161810897435897,True,0.05,11,4,-7,7,0,4,11,0,4,11,0.07134138885885477
job_000007,Bulgaria,294,15.213557692307692,True,0.05,11,3,-8,8,0,3,11,0,3,11,0.0778241828083992
job_000007,Bulgaria,295,15.265304487179487,True,0.05,11,4,-7,7,0,4,11,0,4,11,0.07033769972622395
job_000007,Bulgaria,296,15.317051282051283,True,0.05,11,4,-7,7,0,4,11,0,4,11,0.07139568403363228
job_000007,Bulgaria,297,15.368798076923078,True,0.05,11,4,-7,7,0,4,11,0,4,11,0.06982318591326475
job_000007,Bulgaria,298,15.420544871794872,True,0.05,11,4,-7,7,0,4,11,0,4,11,0.07015513256192207
job_000007,Bulgaria,299,15.472291666666667,True,0.05,11,3,-8,8,0,3,11,0,3,11,0.07546321054299672
job_000007,Bulgaria,300,15.524038461538462,True,0.05,11,3,-8,8,0,3,11,0,3,11,0.06965745488802592
job_000007,Bulgaria,301,15.575785256410256,True,0.05,11,4,-7,7,0,4,11,0,4,11,0.06632032990455627
job_000007,Bulgaria,302,15.627532051282051,True,0.05,11,4,-7,7,0,4,11,0,4,11,0.06565499305725098
job_000007,Bulgaria,303,15.679278846153846,True,0.05,11,4,-7,7,0,4,11,0,4,11,0.06548046879470348
job_000007,Bulgaria,304,15.73102564102564,True,0.05,11,4,-7,7,0,4,11,0,4,11,0.06775812339037657
job_000007,Bulgaria,305,15.782772435897437,True,0.05,11,4,-7,7,0,4,11,0,4,11,0.06869173608720303
job_000007,Bulgaria,306,15.834519230769232,True,0.05,11,4,-7,7,0,4,11,0,4,11,0.06503129471093416
job_000007,Bulgaria,307,15.886266025641026,True,0.05,11,3,-8,8,0,3,11,0,3,11,0.06891049693028133
job_000007,Bulgaria,308,15.93801282051282,True,0.05,11,4,-7,7,0,4,11,0,4,11,0.06751013360917568
job_000007,Bulgaria,309,15.989759615384616,True,0.05,11,4,-7,7,0,4,11,0,4,11,0.06887723319232464
job_000007,Bulgaria,310,16.04150641025641,True,0.05,10,3,-7,7,0,3,10,0,3,10,0.06859239190816879
job_000007,Bulgaria,311,16.093253205128207,True,0.05,11,3,-8,8,0,3,11,0,3,11,0.0689801275730133
job_000007,Bulgaria,312,16.145,True,0.05,11,4,-7,7,0,4,11,0,4,11,0.06686365604400635
job_000007,Bulgaria,313,16.196746794871796,True,0.05,11,4,-7,7,0,4,11,0,4,11,0.07012707367539406
job_000007,Bulgaria,314,16.24849358974359,True,0.05,11,4,-7,7,0,4,11,0,4,11,0.07010841555893421
job_000007,Bulgaria,315,16.300240384615385,True,0.05,10,4,-6,6,0,4,10,0,4,10,0.07412117160856724
job_000007,Bulgaria,316,16.35198717948718,True,0.05,11,4,-7,7,0,4,11,0,4,11,0.07529831118881702
job_000007,Bulgaria,317,16.403733974358975,True,0.05,11,4,-7,7,0,4,11,0,4,11,0.07356666959822178
job_000007,Bulgaria,318,16.45548076923077,True,0.05,10,4,-6,6,0,4,10,0,4,10,0.0708698071539402
job_000007,Bulgaria,319,16.507227564102564,True,0.05,10,4,-6,6,0,4,10,0,4,10,0.06865464150905609
job_000007,Bulgaria,320,16.55897435897436,True,0.05,10,4,-6,6,0,4,10,0,4,10,0.07326704822480679
job_000007,Bulgaria,321,16.610721153846153,True,0.05,10,4,-6,6,0,4,10,0,4,10,0.0733132604509592
job_000007,Bulgaria,322,16.66246794871795,True,0.05,11,4,-7,7,0,4,11,0,4,11,0.07105724420398474
job_000007,Bulgaria,323,16.714214743589743,True,0.05,11,4,-7,7,0,4,11,0,4,11,0.07402503862977028
job_000007,Bulgaria,324,16.76596153846154,True,0.05,11,4,-7,7,0,4,11,0,4,11,0.07582804560661316
job_000007,Bulgaria,325,16.817708333333332,True,0.05,11,4,-7,7,0,4,11,0,4,11,0.07519717514514923
job_000007,Bulgaria,326,16.86945512820513,True,0.05,11,4,-7,7,0,4,11,0,4,11,0.07497033476829529
job_000007,Bulgaria,327,16.921201923076925,True,0.05,10,4,-6,6,0,4,10,0,4,10,0.07383739948272705
job_000007,Bulgaria,328,16.972948717948718,True,0.05,10,4,-6,6,0,4,10,0,4,10,0.0753114502876997
job_000007,Bulgaria,329,17.024695512820514,True,0.05,10,16,6,6,0,16,10,1,15,9,0.07794686499983072
job_000007,Bulgaria,330,17.076442307692307,True,0.05,10,18,8,8,0,18,10,1,17,9,0.08354943204257223
job_000007,Bulgaria,331,17.128189102564104,True,0.05,7,49,42,42,0,49,7,2,47,5,0.08806434623440917
job_000007,Bulgaria,332,17.179935897435897,True,0.05,6,21,15,15,0,21,6,1,20,5,0.08022125881342661
job_000007,Bulgaria,333,17.231682692307693,True,0.05,9,20,11,11,0,20,9,1,19,8,0.08013878539204597
job_000007,Bulgaria,334,17.283429487179486,True,0.05,6,20,14,14,0,20,6,1,19,5,0.0845716182142496
job_000007,Bulgaria,335,17.335176282051282,True,0.05,7,34,27,27,0,34,7,1,33,6,0.09151349479661268
job_000007,Bulgaria,336,17.386923076923075,True,0.05,6,44,38,38,0,44,6,2,42,4,0.08369699543849989
job_000007,Bulgaria,337,17.438669871794872,True,0.05,8,28,20,20,0,28,8,4,24,4,0.07904312666505575
job_000007,Bulgaria,338,17.49041666666667,True,0.05,10,14,4,4,0,14,10,2,12,8,0.07023680529424123
job_000007,Bulgaria,339,17.54216346153846,True,0.05,9,23,14,14,0,23,9,3,20,6,0.08481526002287865
job_000007,Bulgaria,340,17.593910256410258,True,0.05,10,30,20,20,0,30,10,4,26,6,0.08585529165963332
job_000007,Bulgaria,341,17.64565705128205,True,0.05,10,27,17,17,0,27,10,2,25,8,0.09518207844208788
job_000007,Bulgaria,342,17.697403846153847,True,0.05,10,29,19,19,0,29,10,2,27,8,0.10687466171281092
job_000007,Bulgaria,343,17.74915064102564,True,0.05,9,28,19,19,0,28,9,2,26,7,0.08721435868314334
job_000007,Bulgaria,344,17.800897435897436,True,0.05,9,44,35,35,0,44,9,3,41,6,0.07971002635630695
job_000007,Bulgaria,345,17.85264423076923,True,0.05,7,4,-3,3,1,3,6,3,1,4,0.08542943000793457
job_000007,Bulgaria,346,17.904391025641026,True,0.05,10,4,-6,6,1,3,9,3,1,7,0.1023697517812252
job_000007,Bulgaria,347,17.956137820512822,True,0.05,10,2,-8,8,0,2,10,1,1,9,0.17136194184422493
job_000007,Bulgaria,348,18.007884615384615,True,0.05,10,2,-8,8,0,2,10,1,1,9,0.14864449575543404
job_000007,Bulgaria,349,18.05963141025641,True,0.05,10,2,-8,8,0,2,10,1,1,9,0.14517061784863472
job_000007,Bulgaria,350,18.111378205128204,True,0.05,9,2,-7,7,0,2,9,1,1,8,0.2002965360879898
job_000007,Bulgaria,351,18.163125,True,0.05,8,2,-6,6,0,2,8,1,1,7,0.22733157128095627
job_000007,Bulgaria,352,18.214871794871794,True,0.05,7,3,-4,4,0,3,7,1,2,6,0.1681261956691742
job_000007,Bulgaria,353,18.26661858974359,True,0.05,8,8,0,0,0,8,8,3,5,5,0.1291524819098413
job_000007,Bulgaria,354,18.318365384615383,True,0.05,9,6,-3,3,0,6,9,1,5,8,0.07881929663320382
job_000007,Bulgaria,355,18.37011217948718,True,0.05,9,7,-2,2,0,7,9,1,6,8,0.08006808534264565
job_000007,Bulgaria,356,18.421858974358976,True,0.05,12,6,-6,6,0,6,12,1,5,11,0.11643565135697524
job_000007,Bulgaria,357,18.47360576923077,True,0.05,11,4,-7,7,0,4,11,2,2,9,0.08742553740739822
job_000007,Bulgaria,358,18.525352564102565,True,0.05,12,4,-8,8,0,4,12,3,1,9,0.07605141960084438
job_000007,Bulgaria,359,18.57709935897436,True,0.05,12,4,-8,8,0,4,12,3,1,9,0.0721615245565772
job_000007,Bulgaria,360,18.628846153846155,True,0.05,12,4,-8,8,0,4,12,3,1,9,0.06140912510454655
job_000007,Bulgaria,361,18.680592948717948,True,0.05,11,4,-7,7,0,4,11,1,3,10,0.05694006849080324
job_000007,Bulgaria,362,18.732339743589744,True,0.05,11,4,-7,7,0,4,11,1,3,10,0.06501980219036341
job_000007,Bulgaria,363,18.784086538461537,True,0.05,12,4,-8,8,0,4,12,2,2,10,0.09722112026065588
job_000007,Bulgaria,364,18.835833333333333,True,0.05,11,6,-5,5,0,6,11,3,3,8,0.08746547065675259
job_000007,Bulgaria,365,18.88758012820513,True,0.05,13,7,-6,6,0,7,13,4,3,9,0.07642954108970505
job_000007,Bulgaria,366,18.939326923076923,True,0.05,14,8,-6,6,0,8,14,4,4,10,0.07608533604070544
job_000007,Bulgaria,367,18.99107371794872,True,0.05,13,8,-5,5,0,8,13,3,5,10,0.06982421455904841
job_000007,Bulgaria,368,19.042820512820512,True,0.05,15,3,-12,12,0,3,15,2,1,13,0.06771698345740636
job_000007,Bulgaria,369,19.09456730769231,True,0.05,13,4,-9,9,0,4,13,1,3,12,0.10014613159000874
job_000007,Bulgaria,370,19.1463141025641,True,0.05,15,4,-11,11,0,4,15,1,3,14,0.06986027490347624
job_000007,Bulgaria,371,19.198060897435898,True,0.05,14,4,-10,10,0,4,14,1,3,13,0.05956593435257673
job_000007,Bulgaria,372,19.24980769230769,True,0.05,14,4,-10,10,0,4,14,2,2,12,0.07354435231536627
job_000007,Bulgaria,373,19.301554487179487,True,0.05,15,2,-13,13,0,2,15,1,1,14,0.07759885862469673
job_000007,Bulgaria,374,19.353301282051284,True,0.05,16,2,-14,14,0,2,16,0,2,16,0.07354453578591347
job_000007,Bulgaria,375,19.405048076923077,True,0.05,15,3,-12,12,0,3,15,1,2,14,0.07594925413529079
job_000007,Bulgaria,376,19.456794871794873,True,0.05,14,3,-11,11,0,3,14,1,2,13,0.08056567112604777
job_000007,Bulgaria,377,19.508541666666666,True,0.05,15,3,-12,12,0,3,15,1,2,14,0.09614145507415135
job_000007,Bulgaria,378,19.560288461538462,True,0.05,14,2,-12,12,0,2,14,0,2,14,0.09641759842634201
job_000007,Bulgaria,379,19.612035256410255,True,0.05,15,2,-13,13,0,2,15,0,2,15,0.07913508638739586
job_000007,Bulgaria,380,19.663782051282052,True,0.05,16,2,-14,14,0,2,16,0,2,16,0.0857970230281353
job_000007,Bulgaria,381,19.715528846153845,True,0.05,17,3,-14,14,0,3,17,1,2,16,0.06890854984521866
job_000007,Bulgaria,382,19.76727564102564,True,0.05,17,3,-14,14,0,3,17,1,2,16,0.06419529641668002
job_000007,Bulgaria,383,19.819022435897438,True,0.05,17,3,-14,14,0,3,17,1,2,16,0.07828307151794434
job_000007,Bulgaria,384,19.87076923076923,True,0.05,17,3,-14,14,0,3,17,1,2,16,0.0644703097641468
job_000007,Bulgaria,385,19.922516025641027,True,0.05,17,2,-15,15,0,2,17,0,2,17,0.05945601500570774
job_000007,Bulgaria,386,19.97426282051282,True,0.05,16,1,-15,15,0,1,16,0,1,16,0.05781050771474838
job_000007,Bulgaria,387,20.026009615384616,True,0.05,17,1,-16,16,0,1,17,0,1,17,0.07038096338510513
job_000007,Bulgaria,388,20.07775641025641,True,0.05,18,1,-17,17,0,1,18,0,1,18,0.05603349581360817
job_000007,Bulgaria,389,20.129503205128206,True,0.05,14,3,-11,11,0,3,14,1,2,13,0.052318076292673744
job_000007,Bulgaria,390,20.18125,True,0.05,15,0,-15,15,0,0,15,0,0,15,
job_000007,Bulgaria,391,20.232996794871795,True,0.05,15,1,-14,14,0,1,15,1,0,14,0.06413193047046661
job_000007,Bulgaria,392,20.28474358974359,True,0.05,16,1,-15,15,0,1,16,1,0,15,0.050322942435741425
job_000007,Bulgaria,393,20.336490384615384,True,0.05,16,5,-11,11,0,5,16,3,2,13,0.06697961091995239
job_000007,Bulgaria,394,20.38823717948718,True,0.05,17,3,-14,14,0,3,17,2,1,15,0.06623949110507965
job_000007,Bulgaria,395,20.439983974358974,True,0.05,15,4,-11,11,0,4,15,3,1,12,0.07540174294263124
job_000007,Bulgaria,396,20.49173076923077,True,0.05,15,7,-8,8,0,7,15,5,2,10,0.0859412354018007
job_000007,Bulgaria,397,20.543477564102563,True,0.05,15,5,-10,10,0,5,15,5,0,10,0.07891774028539658
job_000007,Bulgaria,398,20.59522435897436,True,0.05,15,7,-8,8,0,7,15,6,1,9,0.07381862880928176
job_000007,Bulgaria,399,20.646971153846152,True,0.05,16,5,-11,11,0,5,16,5,0,11,0.07351411506533623
job_000008,Bulgaria,0,0.0,True,0.05,3,5,2,2,0,5,3,0,5,3,0.07179980352520943
job_000008,Bulgaria,1,0.05058602419274218,True,0.05,3,14,11,11,0,14,3,0,14,3,0.06461254800004619
job_000008,Bulgaria,2,0.10117204838548435,True,0.05,3,10,7,7,0,10,3,0,10,3,0.06785739362239837
job_000008,Bulgaria,3,0.15175807257822654,True,0.05,3,8,5,5,0,8,3,0,8,3,0.07116020517423749
job_000008,Bulgaria,4,0.2023440967709687,True,0.05,2,8,6,6,0,8,2,0,8,2,0.07128499168902636
job_000008,Bulgaria,5,0.25293012096371087,True,0.05,3,8,5,5,0,8,3,0,8,3,0.06512914877384901
job_000008,Bulgaria,6,0.3035161451564531,True,0.05,3,9,6,6,0,9,3,0,9,3,0.06428861328297192
job_000008,Bulgaria,7,0.35410216934919525,True,0.05,3,9,6,6,0,9,3,0,9,3,0.06603863835334778
job_000008,Bulgaria,8,0.4046881935419374,True,0.05,3,6,3,3,0,6,3,0,6,3,0.06467415827016036
job_000008,Bulgaria,9,0.4552742177346796,True,0.05,3,6,3,3,0,6,3,0,6,3,0.06426152028143406
job_000008,Bulgaria,10,0.5058602419274217,True,0.05,3,6,3,3,0,6,3,0,6,3,0.06110230398674806
job_000008,Bulgaria,11,0.5564462661201639,True,0.05,3,7,4,4,0,7,3,0,7,3,0.06300063803792
job_000008,Bulgaria,12,0.6070322903129062,True,0.05,3,9,6,6,0,9,3,0,9,3,0.06347730259100597
job_000008,Bulgaria,13,0.6576183145056483,True,0.05,3,10,7,7,0,10,3,0,10,3,0.06958342269062996
job_000008,Bulgaria,14,0.7082043386983905,True,0.05,3,10,7,7,0,10,3,0,10,3,0.06967922635376453
job_000008,Bulgaria,15,0.7587903628911327,True,0.05,3,10,7,7,0,10,3,0,10,3,0.06722811684012413
job_000008,Bulgaria,16,0.8093763870838748,True,0.05,3,11,8,8,0,11,3,0,11,3,0.06768284196203406
job_000008,Bulgaria,17,0.859962411276617,True,0.05,3,11,8,8,0,11,3,0,11,3,0.0645270398394628
job_000008,Bulgaria,18,0.9105484354693592,True,0.05,3,11,8,8,0,11,3,0,11,3,0.0652155876159668
job_000008,Bulgaria,19,0.9611344596621013,True,0.05,3,11,8,8,0,11,3,0,11,3,0.06391142207113179
job_000008,Bulgaria,20,1.0117204838548435,True,0.05,3,11,8,8,0,11,3,0,11,3,0.0662202499806881
job_000008,Bulgaria,21,1.0623065080475858,True,0.05,3,11,8,8,0,11,3,0,11,3,0.06458728286353024
job_000008,Bulgaria,22,1.1128925322403278,True,0.05,3,10,7,7,0,10,3,0,10,3,0.06291643269360066
job_000008,Bulgaria,23,1.16347855643307,True,0.05,3,9,6,6,0,9,3,0,9,3,0.06367387539810604
job_000008,Bulgaria,24,1.2140645806258124,True,0.05,3,9,6,6,0,9,3,0,9,3,0.06279816602667172
job_000008,Bulgaria,25,1.2646506048185544,True,0.05,3,5,2,2,0,5,3,0,5,3,0.06719178035855293
job_000008,Bulgaria,26,1.3152366290112967,True,0.05,3,7,4,4,0,7,3,0,7,3,0.06331866660288402
job_000008,Bulgaria,27,1.3658226532040387,True,0.05,3,6,3,3,0,6,3,0,6,3,0.061806791151563324
job_000008,Bulgaria,28,1.416408677396781,True,0.05,3,10,7,7,0,10,3,0,10,3,0.059255240485072136
job_000008,Bulgaria,29,1.466994701589523,True,0.05,3,9,6,6,0,9,3,0,9,3,0.060091750075419746
job_000008,Bulgaria,30,1.5175807257822653,True,0.05,3,11,8,8,0,11,3,0,11,3,0.06097280200232159
job_000008,Bulgaria,31,1.5681667499750074,True,0.05,3,10,7,7,0,10,3,0,10,3,0.06116690412163735
job_000008,Bulgaria,32,1.6187527741677497,True,0.05,3,11,8,8,0,11,3,0,11,3,0.0622381791472435
job_000008,Bulgaria,33,1.669338798360492,True,0.05,3,12,9,9,0,12,3,0,12,3,0.06553549598902464
job_000008,Bulgaria,34,1.719924822553234,True,0.05,3,10,7,7,0,10,3,0,10,3,0.0635442640632391
job_000008,Bulgaria,35,1.7705108467459763,True,0.05,3,6,3,3,0,6,3,0,6,3,0.06745297027130921
job_000008,Bulgaria,36,1.8210968709387183,True,0.05,3,5,2,2,0,5,3,0,5,3,0.07082002460956574
job_000008,Bulgaria,37,1.8716828951314606,True,0.05,3,6,3,3,0,6,3,0,6,3,0.07176891528069973
job_000008,Bulgaria,38,1.9222689193242026,True,0.05,3,6,3,3,0,6,3,0,6,3,0.07222036458551884
job_000008,Bulgaria,39,1.972854943516945,True,0.05,3,8,5,5,0,8,3,0,8,3,0.06386732636019588
job_000008,Bulgaria,40,2.023440967709687,True,0.05,3,9,6,6,0,9,3,0,9,3,0.06603649713926846
job_000008,Bulgaria,41,2.0740269919024295,True,0.05,3,8,5,5,0,8,3,0,8,3,0.07272674376145005
job_000008,Bulgaria,42,2.1246130160951715,True,0.05,3,11,8,8,0,11,3,0,11,3,0.0687099342996424
job_000008,Bulgaria,43,2.1751990402879136,True,0.05,3,9,6,6,0,9,3,0,9,3,0.06916134018037054
job_000008,Bulgaria,44,2.2257850644806556,True,0.05,3,8,5,5,0,8,3,0,8,3,0.06863800482824445
job_000008,Bulgaria,45,2.276371088673398,True,0.05,3,10,7,7,0,10,3,0,10,3,0.06550919003784657
job_000008,Bulgaria,46,2.32695711286614,True,0.05,3,10,7,7,0,10,3,0,10,3,0.06698941737413407
job_000008,Bulgaria,47,2.377543137058882,True,0.05,3,8,5,5,0,8,3,0,8,3,0.06893247878178954
job_000008,Bulgaria,48,2.4281291612516247,True,0.05,3,12,9,9,0,12,3,0,12,3,0.07056893190989892
job_000008,Bulgaria,49,2.4787151854443668,True,0.05,3,10,7,7,0,10,3,0,10,3,0.0781434215605259
job_000008,Bulgaria,50,2.529301209637109,True,0.05,3,11,8,8,0,11,3,0,11,3,0.0745589096437801
job_000008,Bulgaria,51,2.579887233829851,True,0.05,3,12,9,9,0,12,3,0,12,3,0.07360723863045375
job_000008,Bulgaria,52,2.6304732580225934,True,0.05,3,10,7,7,0,10,3,0,10,3,0.07720766179263591
job_000008,Bulgaria,53,2.6810592822153354,True,0.05,3,10,7,7,0,10,3,0,10,3,0.07354525811970233
job_000008,Bulgaria,54,2.7316453064080775,True,0.05,3,12,9,9,0,12,3,0,12,3,0.06903581072886784
job_000008,Bulgaria,55,2.78223133060082,True,0.05,3,8,5,5,0,8,3,0,8,3,0.07290819101035595
job_000008,Bulgaria,56,2.832817354793562,True,0.05,3,10,7,7,0,10,3,0,10,3,0.0707159947603941
job_000008,Bulgaria,57,2.883403378986304,True,0.05,3,11,8,8,0,11,3,0,11,3,0.07028162648732011
job_000008,Bulgaria,58,2.933989403179046,True,0.05,3,15,12,12,0,15,3,0,15,3,0.06547367547949155
job_000008,Bulgaria,59,2.9845754273717886,True,0.05,3,13,10,10,0,13,3,0,13,3,0.06947018206119537
job_000008,Bulgaria,60,3.0351614515645307,True,0.05,3,13,10,10,0,13,3,0,13,3,0.07335590485196847
job_000008,Bulgaria,61,3.0857474757572727,True,0.05,3,18,15,15,0,18,3,0,18,3,0.0707551222294569
job_000008,Bulgaria,62,3.1363334999500148,True,0.05,3,19,16,16,0,19,3,0,19,3,0.07308379443068254
job_000008,Bulgaria,63,3.1869195241427573,True,0.05,3,20,17,17,0,20,3,0,20,3,0.07303063403815031
job_000008,Bulgaria,64,3.2375055483354993,True,0.05,3,19,16,16,0,19,3,0,19,3,0.07435688180358786
job_000008,Bulgaria,65,3.2880915725282414,True,0.05,3,17,14,14,0,17,3,1,16,2,0.07079032260705442
job_000008,Bulgaria,66,3.338677596720984,True,0.05,3,20,17,17,0,20,3,1,19,2,0.07328673526644706
job_000008,Bulgaria,67,3.389263620913726,True,0.05,3,17,14,14,0,17,3,1,16,2,0.07675071630407782
job_000008,Bulgaria,68,3.439849645106468,True,0.05,3,12,9,9,0,12,3,0,12,3,0.07562266755849123
job_000008,Bulgaria,69,3.49043566929921,True,0.05,3,14,11,11,0,14,3,0,14,3,0.0750588702836207
job_000008,Bulgaria,70,3.5410216934919525,True,0.05,3,17,14,14,0,17,3,0,17,3,0.07327482695965205
job_000008,Bulgaria,71,3.5916077176846946,True,0.05,3,16,13,13,0,16,3,0,16,3,0.0772740077227354
job_000008,Bulgaria,72,3.6421937418774366,True,0.05,3,19,16,16,0,19,3,0,19,3,0.07601560632649221
job_000008,Bulgaria,73,3.692779766070179,True,0.05,3,17,14,14,0,17,3,0,17,3,0.07534186892649707
job_000008,Bulgaria,74,3.743365790262921,True,0.05,3,18,15,15,0,18,3,0,18,3,0.07391081605520514
job_000008,Bulgaria,75,3.793951814455663,True,0.05,3,12,9,9,0,12,3,0,12,3,0.08323718731602033
job_000008,Bulgaria,76,3.8445378386484053,True,0.05,3,14,11,11,0,14,3,0,14,3,0.07622018137148448
job_000008,Bulgaria,77,3.8951238628411478,True,0.05,3,12,9,9,0,12,3,0,12,3,0.0761374831199646
job_000008,Bulgaria,78,3.94570988703389,True,0.05,3,11,8,8,0,11,3,0,11,3,0.07941977747462013
job_000008,Bulgaria,79,3.996295911226632,True,0.05,3,13,10,10,0,13,3,0,13,3,0.07763415517715308
job_000008,Bulgaria,80,4.046881935419374,True,0.05,3,13,10,10,0,13,3,0,13,3,0.07646607836851707
job_000008,Bulgaria,81,4.097467959612116,True,0.05,3,12,9,9,0,12,3,0,12,3,0.0719142264376084
job_000008,Bulgaria,82,4.148053983804859,True,0.05,3,10,7,7,0,10,3,0,10,3,0.07092134729027748
job_000008,Bulgaria,83,4.198640007997601,True,0.05,3,11,8,8,0,11,3,0,11,3,0.06760922616178339
job_000008,Bulgaria,84,4.249226032190343,True,0.05,3,10,7,7,0,10,3,0,10,3,0.06900500282645225
job_000008,Bulgaria,85,4.299812056383085,True,0.05,3,11,8,8,0,11,3,0,11,3,0.06959310444918546
job_000008,Bulgaria,86,4.350398080575827,True,0.05,3,11,8,8,0,11,3,0,11,3,0.07270800762555817
job_000008,Bulgaria,87,4.400984104768569,True,0.05,3,12,9,9,0,12,3,0,12,3,0.07156516642620166
job_000008,Bulgaria,88,4.451570128961311,True,0.05,3,11,8,8,0,11,3,0,11,3,0.07081689313054085
job_000008,Bulgaria,89,4.502156153154054,True,0.05,3,12,9,9,0,12,3,0,12,3,0.07406068562219541
job_000008,Bulgaria,90,4.552742177346796,True,0.05,3,12,9,9,0,12,3,0,12,3,0.07726206288983424
job_000008,Bulgaria,91,4.603328201539538,True,0.05,3,16,13,13,0,16,3,0,16,3,0.07255800836719573
job_000008,Bulgaria,92,4.65391422573228,True,0.05,3,14,11,11,0,14,3,0,14,3,0.07316672269787107
job_000008,Bulgaria,93,4.704500249925022,True,0.05,3,16,13,13,0,16,3,0,16,3,0.07347632246091962
job_000008,Bulgaria,94,4.755086274117764,True,0.05,3,12,9,9,0,12,3,0,12,3,0.07533291199554999
job_000008,Bulgaria,95,4.8056722983105065,True,0.05,3,13,10,10,0,13,3,0,13,3,0.07392804152690448
job_000008,Bulgaria,96,4.856258322503249,True,0.05,3,13,10,10,0,13,3,0,13,3,0.06646920511355767
job_000008,Bulgaria,97,4.9068443466959915,True,0.05,3,8,5,5,0,8,3,0,8,3,0.06724218092858791
job_000008,Bulgaria,98,4.9574303708887335,True,0.05,3,9,6,6,0,9,3,0,9,3,0.0675883222785261
job_000008,Bulgaria,99,5.008016395081476,True,0.05,3,9,6,6,0,9,3,0,9,3,0.06959228134817547
job_000008,Bulgaria,100,5.058602419274218,True,0.05,3,12,9,9,0,12,3,0,12,3,0.06655760730306308
job_000008,Bulgaria,101,5.10918844346696,True,0.05,3,11,8,8,0,11,3,0,11,3,0.06878809258341789
job_000008,Bulgaria,102,5.159774467659702,True,0.05,3,12,9,9,0,12,3,0,12,3,0.06826547253876925
job_000008,Bulgaria,103,5.210360491852445,True,0.05,3,12,9,9,0,12,3,0,12,3,0.06914869540681441
job_000008,Bulgaria,104,5.260946516045187,True,0.05,3,12,9,9,0,12,3,0,12,3,0.07234547814975183
job_000008,Bulgaria,105,5.311532540237929,True,0.05,3,13,10,10,0,13,3,0,13,3,0.07159831890693077
job_000008,Bulgaria,106,5.362118564430671,True,0.05,3,14,11,11,0,14,3,0,14,3,0.07519851944276265
job_000008,Bulgaria,107,5.412704588623413,True,0.05,3,15,12,12,0,15,3,0,15,3,0.0781893141567707
job_000008,Bulgaria,108,5.463290612816155,True,0.05,3,19,16,16,0,19,3,0,19,3,0.07448522374033928
job_000008,Bulgaria,109,5.513876637008897,True,0.05,3,19,16,16,0,19,3,0,19,3,0.07906670201765864
job_000008,Bulgaria,110,5.56446266120164,True,0.05,3,21,18,18,0,21,3,0,21,3,0.0803564323910645
job_000008,Bulgaria,111,5.615048685394382,True,0.05,3,23,20,20,0,23,3,0,23,3,0.07809994693683542
job_000008,Bulgaria,112,5.665634709587124,True,0.05,3,22,19,19,0,22,3,0,22,3,0.0785265698690306
job_000008,Bulgaria,113,5.716220733779866,True,0.05,3,18,15,15,0,18,3,0,18,3,0.08021203531987137
job_000008,Bulgaria,114,5.766806757972608,True,0.05,3,18,15,15,0,18,3,0,18,3,0.07924427092075348
job_000008,Bulgaria,115,5.81739278216535,True,0.05,3,18,15,15,0,18,3,0,18,3,0.07740746541983551
job_000008,Bulgaria,116,5.867978806358092,True,0.05,3,19,16,16,0,19,3,0,19,3,0.07761197615610926
job_000008,Bulgaria,117,5.918564830550834,True,0.05,3,26,23,23,0,26,3,0,26,3,0.0765159147290083
job_000008,Bulgaria,118,5.969150854743577,True,0.05,3,23,20,20,0,23,3,0,23,3,0.07832250906073529
job_000008,Bulgaria,119,6.019736878936319,True,0.05,3,23,20,20,0,23,3,0,23,3,0.07782410360548807
job_000008,Bulgaria,120,6.070322903129061,True,0.05,3,21,18,18,0,21,3,0,21,3,0.07839076753173556
job_000008,Bulgaria,121,6.120908927321803,True,0.05,3,20,17,17,0,20,3,0,20,3,0.07687420919537544
job_000008,Bulgaria,122,6.171494951514545,True,0.05,3,19,16,16,0,19,3,0,19,3,0.07754621693962499
job_000008,Bulgaria,123,6.2220809757072875,True,0.05,3,18,15,15,0,18,3,0,18,3,0.0757031405551566
job_000008,Bulgaria,124,6.2726669999000295,True,0.05,3,21,18,18,0,21,3,0,21,3,0.07486142342289288
job_000008,Bulgaria,125,6.3232530240927725,True,0.05,3,18,15,15,0,18,3,0,18,3,0.07553850279914008
job_000008,Bulgaria,126,6.3738390482855145,True,0.05,3,20,17,17,0,20,3,0,20,3,0.07562237158417702
job_000008,Bulgaria,127,6.424425072478257,True,0.05,3,22,19,19,0,22,3,0,22,3,0.07330448959361423
job_000008,Bulgaria,128,6.475011096670999,True,0.05,3,20,17,17,0,20,3,0,20,3,0.07530185282230377
job_000008,Bulgaria,129,6.525597120863741,True,0.05,3,24,21,21,0,24,3,0,24,3,0.07714941787223022
job_000008,Bulgaria,130,6.576183145056483,True,0.05,3,24,21,21,0,24,3,0,24,3,0.07449906831607223
job_000008,Bulgaria,131,6.626769169249225,True,0.05,3,18,15,15,0,18,3,0,18,3,0.07785587799217966
job_000008,Bulgaria,132,6.677355193441968,True,0.05,3,24,21,21,0,24,3,0,24,3,0.07199915560583274
job_000008,Bulgaria,133,6.72794121763471,True,0.05,3,16,13,13,0,16,3,0,16,3,0.07473490643315017
job_000008,Bulgaria,134,6.778527241827452,True,0.05,3,18,15,15,0,18,3,0,18,3,0.07640853296551439
job_000008,Bulgaria,135,6.829113266020194,True,0.05,3,18,15,15,0,18,3,0,18,3,0.0781614612787962
job_000008,Bulgaria,136,6.879699290212936,True,0.05,3,18,15,15,0,18,3,0,18,3,0.07705587190058497
job_000008,Bulgaria,137,6.930285314405678,True,0.05,3,16,13,13,0,16,3,0,16,3,0.07789210882037878
job_000008,Bulgaria,138,6.98087133859842,True,0.05,3,15,12,12,0,15,3,0,15,3,0.07783974707126617
job_000008,Bulgaria,139,7.031457362791163,True,0.05,3,19,16,16,0,19,3,0,19,3,0.07429914117643707
job_000008,Bulgaria,140,7.082043386983905,True,0.05,3,18,15,15,0,18,3,0,18,3,0.07630224463840325
job_000008,Bulgaria,141,7.132629411176647,True,0.05,3,17,14,14,0,17,3,0,17,3,0.07830192630781847
job_000008,Bulgaria,142,7.183215435369389,True,0.05,3,14,11,11,0,14,3,0,14,3,0.0780359288411481
job_000008,Bulgaria,143,7.233801459562131,True,0.05,3,14,11,11,0,14,3,0,14,3,0.07621342076786927
job_000008,Bulgaria,144,7.284387483754873,True,0.05,3,15,12,12,0,15,3,0,15,3,0.0749763528505961
job_000008,Bulgaria,145,7.334973507947615,True,0.05,3,15,12,12,0,15,3,0,15,3,0.0795839545627435
job_000008,Bulgaria,146,7.385559532140358,True,0.05,3,15,12,12,0,15,3,0,15,3,0.07649180119236311
job_000008,Bulgaria,147,7.4361455563331,True,0.05,3,20,17,17,0,20,3,0,20,3,0.07521133422851563
job_000008,Bulgaria,148,7.486731580525842,True,0.05,3,17,14,14,0,17,3,0,17,3,0.0763142321477918
job_000008,Bulgaria,149,7.537317604718584,True,0.05,3,17,14,14,0,17,3,0,17,3,0.07539430742754656
job_000008,Bulgaria,150,7.587903628911326,True,0.05,3,18,15,15,0,18,3,0,18,3,0.0757269464019272
job_000008,Bulgaria,151,7.6384896531040685,True,0.05,3,17,14,14,0,17,3,0,17,3,0.07666372836512678
job_000008,Bulgaria,152,7.6890756772968105,True,0.05,3,18,15,15,0,18,3,0,18,3,0.07738243457343844
job_000008,Bulgaria,153,7.7396617014895535,True,0.05,3,20,17,17,0,20,3,0,20,3,0.07506107203662396
job_000008,Bulgaria,154,7.7902477256822955,True,0.05,3,12,9,9,0,12,3,0,12,3,0.08644095187385877
job_000008,Bulgaria,155,7.840833749875038,True,0.05,3,15,12,12,0,15,3,0,15,3,0.07845929488539696
job_000008,Bulgaria,156,7.89141977406778,True,0.05,3,19,16,16,0,19,3,0,19,3,0.07560339785720173
job_000008,Bulgaria,157,7.942005798260522,True,0.05,3,19,16,16,0,19,3,0,19,3,0.07550856588702452
job_000008,Bulgaria,158,7.992591822453264,True,0.05,3,21,18,18,0,21,3,0,21,3,0.07413425669074059
job_000008,Bulgaria,159,8.043177846646007,True,0.05,3,20,17,17,0,20,3,0,20,3,0.07651982810348272
job_000008,Bulgaria,160,8.093763870838748,True,0.05,3,18,15,15,0,18,3,0,18,3,0.07931034059988128
job_000008,Bulgaria,161,8.14434989503149,True,0.05,3,17,14,14,0,17,3,0,17,3,0.07895480863311712
job_000008,Bulgaria,162,8.194935919224232,True,0.05,3,18,15,15,0,18,3,0,18,3,0.07635150146153238
job_000008,Bulgaria,163,8.245521943416975,True,0.05,3,19,16,16,0,19,3,0,19,3,0.07619973291691981
job_000008,Bulgaria,164,8.296107967609718,True,0.05,3,18,15,15,0,18,3,0,18,3,0.07751104339129394
job_000008,Bulgaria,165,8.346693991802459,True,0.05,3,17,14,14,0,17,3,0,17,3,0.0765178963980254
job_000008,Bulgaria,166,8.397280015995202,True,0.05,3,17,14,14,0,17,3,0,17,3,0.07557123132488307
job_000008,Bulgaria,167,8.447866040187943,True,0.05,3,16,13,13,0,16,3,0,16,3,0.07675081538036466
job_000008,Bulgaria,168,8.498452064380686,True,0.05,3,13,10,10,0,13,3,0,13,3,0.08087720750616147
job_000008,Bulgaria,169,8.549038088573427,True,0.05,3,13,10,10,0,13,3,0,13,3,0.08200266899970862
job_000008,Bulgaria,170,8.59962411276617,True,0.05,3,13,10,10,0,13,3,0,13,3,0.0821308261499955
job_000008,Bulgaria,171,8.650210136958913,True,0.05,3,15,12,12,0,15,3,0,15,3,0.07874290744463602
job_000008,Bulgaria,172,8.700796161151654,True,0.05,3,16,13,13,0,16,3,0,16,3,0.07681237487122416
job_000008,Bulgaria,173,8.751382185344397,True,0.05,3,16,13,13,0,16,3,0,16,3,0.08177935075946152
job_000008,Bulgaria,174,8.801968209537138,True,0.05,3,16,13,13,0,16,3,0,16,3,0.08131917426362634
job_000008,Bulgaria,175,8.852554233729881,True,0.05,3,15,12,12,0,15,3,0,15,3,0.08134177898367247
job_000008,Bulgaria,176,8.903140257922622,True,0.05,3,16,13,13,0,16,3,0,16,3,0.0793902303557843
job_000008,Bulgaria,177,8.953726282115365,True,0.05,3,15,12,12,0,15,3,0,15,3,0.0820360024770101
job_000008,Bulgaria,178,9.004312306308108,True,0.05,3,14,11,11,0,14,3,0,14,3,0.08335303834506444
job_000008,Bulgaria,179,9.05489833050085,True,0.05,3,15,12,12,0,15,3,0,15,3,0.08114961336056391
job_000008,Bulgaria,180,9.105484354693592,True,0.05,3,14,11,11,0,14,3,0,14,3,0.08572495249765259
job_000008,Bulgaria,181,9.156070378886334,True,0.05,3,16,13,13,0,16,3,0,16,3,0.08365076896734536
job_000008,Bulgaria,182,9.206656403079077,True,0.05,3,18,15,15,0,18,3,1,17,2,0.08461899186174075
job_000008,Bulgaria,183,9.257242427271818,True,0.05,3,16,13,13,0,16,3,0,16,3,0.08248180919326842
job_000008,Bulgaria,184,9.30782845146456,True,0.05,3,14,11,11,0,14,3,0,14,3,0.08630088051514966
job_000008,Bulgaria,185,9.358414475657304,True,0.05,3,13,10,10,0,13,3,0,13,3,0.08436977576750976
job_000008,Bulgaria,186,9.409000499850045,True,0.05,3,12,9,9,0,12,3,0,12,3,0.08226998429745436
job_000008,Bulgaria,187,9.459586524042788,True,0.05,2,13,11,11,0,13,2,0,13,2,0.08367825184877102
job_000008,Bulgaria,188,9.510172548235529,True,0.05,2,10,8,8,0,10,2,0,10,2,0.08372398614883422
job_000008,Bulgaria,189,9.560758572428272,True,0.05,2,11,9,9,0,11,2,0,11,2,0.08535926992242987
job_000008,Bulgaria,190,9.611344596621013,True,0.05,2,12,10,10,0,12,2,0,12,2,0.08411223875979583
job_000008,Bulgaria,191,9.661930620813756,True,0.05,2,11,9,9,0,11,2,0,11,2,0.08368677341125229
job_000008,Bulgaria,192,9.712516645006499,True,0.05,2,10,8,8,0,10,2,0,10,2,0.08424988687038422
job_000008,Bulgaria,193,9.76310266919924,True,0.05,2,12,10,10,0,12,2,0,12,2,0.0785220538576444
job_000008,Bulgaria,194,9.813688693391983,True,0.05,2,13,11,11,0,13,2,0,13,2,0.0791441356906524
job_000008,Bulgaria,195,9.864274717584724,True,0.05,2,14,12,12,0,14,2,0,14,2,0.07972558055605207
job_000008,Bulgaria,196,9.914860741777467,True,0.05,2,14,12,12,0,14,2,0,14,2,0.07975914143025875
job_000008,Bulgaria,197,9.965446765970208,True,0.05,2,16,14,14,0,16,2,0,16,2,0.07849274226464331
job_000008,Bulgaria,198,10.016032790162951,True,0.05,2,14,12,12,0,14,2,0,14,2,0.08093932483877454
job_000008,Bulgaria,199,10.066618814355694,True,0.05,2,13,11,11,0,13,2,0,13,2,0.08321692020847248
job_000008,Bulgaria,200,10.117204838548435,True,0.05,2,16,14,14,0,16,2,0,16,2,0.07929996307939291
job_000008,Bulgaria,201,10.167790862741178,True,0.05,2,14,12,12,0,14,2,0,14,2,0.07881477608212403
job_000008,Bulgaria,202,10.21837688693392,True,0.05,2,15,13,13,0,15,2,0,15,2,0.07791421289245287
job_000008,Bulgaria,203,10.268962911126662,True,0.05,2,15,13,13,0,15,2,0,15,2,0.07763726264238358
job_000008,Bulgaria,204,10.319548935319403,True,0.05,2,15,13,13,0,15,2,0,15,2,0.07749891554315885
job_000008,Bulgaria,205,10.370134959512146,True,0.05,2,14,12,12,0,14,2,0,14,2,0.07829563958304268
job_000008,Bulgaria,206,10.42072098370489,True,0.05,2,15,13,13,0,15,2,0,15,2,0.07744286805391312
job_000008,Bulgaria,207,10.47130700789763,True,0.05,2,14,12,12,0,14,2,0,14,2,0.07496535751436438
job_000008,Bulgaria,208,10.521893032090373,True,0.05,2,14,12,12,0,14,2,0,14,2,0.07418787851929665
job_000008,Bulgaria,209,10.572479056283115,True,0.05,2,12,10,10,0,12,2,0,12,2,0.07750636960069339
job_000008,Bulgaria,210,10.623065080475858,True,0.05,2,14,12,12,0,14,2,0,14,2,0.07506492600909301
job_000008,Bulgaria,211,10.673651104668599,True,0.05,2,12,10,10,0,12,2,0,12,2,0.07700890395790339
job_000008,Bulgaria,212,10.724237128861342,True,0.05,2,12,10,10,0,12,2,0,12,2,0.07714242550234
job_000008,Bulgaria,213,10.774823153054085,True,0.05,2,11,9,9,0,11,2,0,11,2,0.0787691402841698
job_000008,Bulgaria,214,10.825409177246826,True,0.05,2,11,9,9,0,11,2,0,11,2,0.0811283527450128
job_000008,Bulgaria,215,10.875995201439569,True,0.05,2,12,10,10,0,12,2,0,12,2,0.081003631465137
job_000008,Bulgaria,216,10.92658122563231,True,0.05,2,11,9,9,0,11,2,0,11,2,0.08427265455776994
job_000008,Bulgaria,217,10.977167249825053,True,0.05,2,11,9,9,0,11,2,0,11,2,0.08540961010889574
job_000008,Bulgaria,218,11.027753274017794,True,0.05,2,12,10,10,0,12,2,0,12,2,0.08063524309545755
job_000008,Bulgaria,219,11.078339298210537,True,0.05,2,12,10,10,0,12,2,0,12,2,0.07617234345525503
job_000008,Bulgaria,220,11.12892532240328,True,0.05,2,11,9,9,0,11,2,0,11,2,0.07707282358949835
job_000008,Bulgaria,221,11.179511346596021,True,0.05,2,11,9,9,0,11,2,0,11,2,0.07836534557017413
job_000008,Bulgaria,222,11.230097370788764,True,0.05,2,11,9,9,0,11,2,0,11,2,0.0809043828736652
job_000008,Bulgaria,223,11.280683394981505,True,0.05,2,11,9,9,0,11,2,0,11,2,0.0835818841376088
job_000008,Bulgaria,224,11.331269419174248,True,0.05,2,11,9,9,0,11,2,0,11,2,0.08141599358482794
job_000008,Bulgaria,225,11.38185544336699,True,0.05,2,13,11,11,0,13,2,0,13,2,0.08061550471645135
job_000008,Bulgaria,226,11.432441467559732,True,0.05,2,16,14,14,0,16,2,0,16,2,0.07851564884185791
job_000008,Bulgaria,227,11.483027491752475,True,0.05,2,16,14,14,0,16,2,0,16,2,0.07857303065247834
job_000008,Bulgaria,228,11.533613515945216,True,0.05,2,16,14,14,0,16,2,0,16,2,0.07961868215352297
job_000008,Bulgaria,229,11.58419954013796,True,0.05,2,15,13,13,0,15,2,0,15,2,0.07845669041077295
job_000008,Bulgaria,230,11.6347855643307,True,0.05,2,17,15,15,0,17,2,0,17,2,0.07699602557455792
job_000008,Bulgaria,231,11.685371588523443,True,0.05,2,16,14,14,0,16,2,0,16,2,0.07671738369390368
job_000008,Bulgaria,232,11.735957612716184,True,0.05,2,12,10,10,0,12,2,0,12,2,0.08066681617250045
job_000008,Bulgaria,233,11.786543636908927,True,0.05,2,13,11,11,0,13,2,0,13,2,0.07928494564615764
job_000008,Bulgaria,234,11.837129661101669,True,0.05,2,13,11,11,0,13,2,0,13,2,0.0801486622255582
job_000008,Bulgaria,235,11.887715685294411,True,0.05,2,13,11,11,0,13,2,0,13,2,0.07889092455689724
job_000008,Bulgaria,236,11.938301709487154,True,0.05,2,13,11,11,0,13,2,0,13,2,0.07902974492082229
job_000008,Bulgaria,237,11.988887733679896,True,0.05,2,13,11,11,0,13,2,0,13,2,0.0807603606237815
job_000008,Bulgaria,238,12.039473757872639,True,0.05,2,14,12,12,0,14,2,0,14,2,0.07844022155872413
job_000008,Bulgaria,239,12.09005978206538,True,0.05,2,15,13,13,0,15,2,0,15,2,0.07638085087140402
job_000008,Bulgaria,240,12.140645806258123,True,0.05,2,12,10,10,0,12,2,0,12,2,0.07571050524711609
job_000008,Bulgaria,241,12.191231830450864,True,0.05,2,12,10,10,0,12,2,0,12,2,0.07877879589796066
job_000008,Bulgaria,242,12.241817854643607,True,0.05,2,12,10,10,0,12,2,0,12,2,0.08075838598112266
job_000008,Bulgaria,243,12.29240387883635,True,0.05,2,11,9,9,0,11,2,0,11,2,0.0775494406169111
job_000008,Bulgaria,244,12.34298990302909,True,0.05,2,11,9,9,0,11,2,0,11,2,0.08010479062795639
job_000008,Bulgaria,245,12.393575927221834,True,0.05,2,12,10,10,0,12,2,0,12,2,0.08043553990622361
job_000008,Bulgaria,246,12.444161951414575,True,0.05,2,13,11,11,0,13,2,0,13,2,0.0784561333174889
job_000008,Bulgaria,247,12.494747975607318,True,0.05,2,13,11,11,0,13,2,0,13,2,0.08202543539496568
job_000008,Bulgaria,248,12.545333999800059,True,0.05,2,13,11,11,0,13,2,0,13,2,0.08460836914869455
job_000008,Bulgaria,249,12.595920023992802,True,0.05,2,13,11,11,0,13,2,0,13,2,0.08410492138220714
job_000008,Bulgaria,250,12.646506048185545,True,0.05,2,13,11,11,0,13,2,0,13,2,0.08294271161923042
job_000008,Bulgaria,251,12.697092072378286,True,0.05,2,13,11,11,0,13,2,0,13,2,0.07959543655698116
job_000008,Bulgaria,252,12.747678096571029,True,0.05,2,13,11,11,0,13,2,0,13,2,0.08000435221653718
job_000008,Bulgaria,253,12.79826412076377,True,0.05,2,15,13,13,0,15,2,0,15,2,0.07814016963044802
job_000008,Bulgaria,254,12.848850144956513,True,0.05,2,17,15,15,0,17,2,0,17,2,0.07730833857375033
job_000008,Bulgaria,255,12.899436169149254,True,0.05,2,17,15,15,0,17,2,0,17,2,0.0758821366026121
job_000008,Bulgaria,256,12.950022193341997,True,0.05,2,17,15,15,0,17,2,0,17,2,0.07438745853655479
job_000008,Bulgaria,257,13.00060821753474,True,0.05,2,16,14,14,0,16,2,0,16,2,0.07293017324991524
job_000008,Bulgaria,258,13.051194241727481,True,0.05,2,16,14,14,0,16,2,0,16,2,0.07431856379844248
job_000008,Bulgaria,259,13.101780265920224,True,0.05,2,14,12,12,0,14,2,0,14,2,0.07644087049577918
job_000008,Bulgaria,260,13.152366290112965,True,0.05,2,17,15,15,0,17,2,0,17,2,0.07292046222616644
job_000008,Bulgaria,261,13.202952314305708,True,0.05,2,15,13,13,0,15,2,0,15,2,0.0720170480509599
job_000008,Bulgaria,262,13.25353833849845,True,0.05,2,17,15,15,0,17,2,0,17,2,0.07088049040997729
job_000008,Bulgaria,263,13.304124362691192,True,0.05,2,16,14,14,0,16,2,0,16,2,0.07073089433833957
job_000008,Bulgaria,264,13.354710386883935,True,0.05,2,15,13,13,0,15,2,0,15,2,0.07064991568525632
job_000008,Bulgaria,265,13.405296411076677,True,0.05,2,11,9,9,0,11,2,0,11,2,0.07219435884193941
job_000008,Bulgaria,266,13.45588243526942,True,0.05,2,13,11,11,0,13,2,0,13,2,0.06846012776860824
job_000008,Bulgaria,267,13.50646845946216,True,0.05,2,15,13,13,0,15,2,0,15,2,0.06708415895700455
job_000008,Bulgaria,268,13.557054483654904,True,0.05,2,15,13,13,0,15,2,0,15,2,0.0683540922900041
job_000008,Bulgaria,269,13.607640507847645,True,0.05,2,13,11,11,0,13,2,0,13,2,0.07064226900155728
job_000008,Bulgaria,270,13.658226532040388,True,0.05,2,13,11,11,0,13,2,0,13,2,0.07058613002300262
job_000008,Bulgaria,271,13.70881255623313,True,0.05,2,15,13,13,0,15,2,0,15,2,0.0699011504650116
job_000008,Bulgaria,272,13.759398580425872,True,0.05,2,14,12,12,0,14,2,0,14,2,0.07050780818930694
job_000008,Bulgaria,273,13.809984604618615,True,0.05,2,13,11,11,0,13,2,0,13,2,0.07051820107377492
job_000008,Bulgaria,274,13.860570628811356,True,0.05,2,14,12,12,0,14,2,0,14,2,0.06842739693820477
job_000008,Bulgaria,275,13.911156653004099,True,0.05,2,13,11,11,0,13,2,0,13,2,0.0703401044011116
job_000008,Bulgaria,276,13.96174267719684,True,0.05,2,15,13,13,0,15,2,0,15,2,0.06916457662979762
job_000008,Bulgaria,277,14.012328701389583,True,0.05,2,14,12,12,0,14,2,0,14,2,0.06872999455247607
job_000008,Bulgaria,278,14.062914725582326,True,0.05,2,15,13,13,0,15,2,0,15,2,0.0690390499929587
job_000008,Bulgaria,279,14.113500749775067,True,0.05,2,13,11,11,0,13,2,0,13,2,0.06963983264106971
job_000008,Bulgaria,280,14.16408677396781,True,0.05,2,13,11,11,0,13,2,0,13,2,0.07095007856304829
job_000008,Bulgaria,281,14.214672798160551,True,0.05,2,16,14,14,0,16,2,0,16,2,0.06759420572780073
job_000008,Bulgaria,282,14.265258822353294,True,0.05,2,13,11,11,0,13,2,0,13,2,0.07063877267333177
job_000008,Bulgaria,283,14.315844846546035,True,0.05,2,15,13,13,0,15,2,0,15,2,0.06746762245893478
job_000008,Bulgaria,284,14.366430870738778,True,0.05,2,10,8,8,0,10,2,0,10,2,0.07372286841273308
job_000008,Bulgaria,285,14.417016894931521,True,0.05,2,12,10,10,0,12,2,0,12,2,0.06979446609814961
job_000008,Bulgaria,286,14.467602919124262,True,0.05,2,15,13,13,0,15,2,0,15,2,0.07091156567136446
job_000008,Bulgaria,287,14.518188943317005,True,0.05,2,14,12,12,0,14,2,0,14,2,0.07007767499557563
job_000008,Bulgaria,288,14.568774967509746,True,0.05,2,11,9,9,0,11,2,0,11,2,0.06606408005410974
job_000008,Bulgaria,289,14.61936099170249,True,0.05,2,11,9,9,0,11,2,0,11,2,0.067335979166356
job_000008,Bulgaria,290,14.66994701589523,True,0.05,2,12,10,10,0,12,2,0,12,2,0.06803594684849183
job_000008,Bulgaria,291,14.720533040087973,True,0.05,2,12,10,10,0,12,2,0,12,2,0.06847895961254835
job_000008,Bulgaria,292,14.771119064280716,True,0.05,2,17,15,15,0,17,2,0,17,2,0.06695579649770961
job_000008,Bulgaria,293,14.821705088473458,True,0.05,2,15,13,13,0,15,2,0,15,2,0.0680949439605077
job_000008,Bulgaria,294,14.8722911126662,True,0.05,2,17,15,15,0,17,2,0,17,2,0.06874143814339358
job_000008,Bulgaria,295,14.922877136858942,True,0.05,2,19,17,17,0,19,2,0,19,2,0.07048565815938146
job_000008,Bulgaria,296,14.973463161051685,True,0.05,2,17,15,15,0,17,2,0,17,2,0.07237764732802615
job_000008,Bulgaria,297,15.024049185244426,True,0.05,2,17,15,15,0,17,2,0,17,2,0.0728493996841066
job_000008,Bulgaria,298,15.074635209437169,True,0.05,2,17,15,15,0,17,2,0,17,2,0.07193506684373407
job_000008,Bulgaria,299,15.125221233629912,True,0.05,2,17,15,15,0,17,2,0,17,2,0.07260533926241539
job_000008,Bulgaria,300,15.175807257822653,True,0.05,2,16,14,14,0,16,2,0,16,2,0.0724796715658158
job_000008,Bulgaria,301,15.226393282015396,True,0.05,2,16,14,14,0,16,2,0,16,2,0.07491600117646158
job_000008,Bulgaria,302,15.276979306208137,True,0.05,2,17,15,15,0,17,2,0,17,2,0.07476630259086103
job_000008,Bulgaria,303,15.32756533040088,True,0.05,1,11,10,10,0,11,1,0,11,1,0.07861722362312404
job_000008,Bulgaria,304,15.378151354593621,True,0.05,1,13,12,12,0,13,1,0,13,1,0.07529810930673893
job_000008,Bulgaria,305,15.428737378786364,True,0.05,1,13,12,12,0,13,1,0,13,1,0.07383223995566368
job_000008,Bulgaria,306,15.479323402979107,True,0.05,1,14,13,13,0,14,1,0,14,1,0.074164854362607
job_000008,Bulgaria,307,15.529909427171848,True,0.05,1,13,12,12,0,13,1,0,13,1,0.0748718292094194
job_000008,Bulgaria,308,15.580495451364591,True,0.05,1,9,8,8,0,9,1,0,9,1,0.0843284928964244
job_000008,Bulgaria,309,15.631081475557332,True,0.05,1,10,9,9,0,10,1,0,10,1,0.08182411082088947
job_000008,Bulgaria,310,15.681667499750075,True,0.05,1,10,9,9,0,10,1,0,10,1,0.0809252005070448
job_000008,Bulgaria,311,15.732253523942816,True,0.05,1,14,13,13,0,14,1,1,13,0,0.0822711605578661
job_000008,Bulgaria,312,15.78283954813556,True,0.05,1,15,14,14,0,15,1,1,14,0,0.08098310753703117
job_000008,Bulgaria,313,15.833425572328302,True,0.05,1,15,14,14,0,15,1,0,15,1,0.08576493561267853
job_000008,Bulgaria,314,15.884011596521043,True,0.05,1,15,14,14,0,15,1,0,15,1,0.08393439874053002
job_000008,Bulgaria,315,15.934597620713786,True,0.05,1,14,13,13,0,14,1,0,14,1,0.0892414663519178
job_000008,Bulgaria,316,15.985183644906527,True,0.05,1,14,13,13,0,14,1,0,14,1,0.08834648637899331
job_000008,Bulgaria,317,16.03576966909927,True,0.05,1,14,13,13,0,14,1,0,14,1,0.08979004568287305
job_000008,Bulgaria,318,16.086355693292013,True,0.05,1,13,12,12,0,13,1,0,13,1,0.09043398986642177
job_000008,Bulgaria,319,16.136941717484753,True,0.05,1,13,12,12,0,13,1,0,13,1,0.09088986223706833
job_000008,Bulgaria,320,16.187527741677496,True,0.05,1,15,14,14,0,15,1,0,15,1,0.08714683279395104
job_000008,Bulgaria,321,16.23811376587024,True,0.05,1,11,10,10,0,11,1,0,11,1,0.09875062243504958
job_000008,Bulgaria,322,16.28869979006298,True,0.05,0,13,13,13,0,13,0,0,13,0,0.09172952146484302
job_000008,Bulgaria,323,16.339285814255724,True,0.05,1,11,10,10,0,11,1,1,10,0,0.09585923701524734
job_000008,Bulgaria,324,16.389871838448464,True,0.05,1,12,11,11,0,12,1,1,11,0,0.08127506480862697
job_000008,Bulgaria,325,16.440457862641207,True,0.05,1,11,10,10,0,11,1,0,11,1,0.07605193386023695
job_000008,Bulgaria,326,16.49104388683395,True,0.05,1,11,10,10,0,11,1,0,11,1,0.07606813921169801
job_000008,Bulgaria,327,16.541629911026693,True,0.05,1,12,11,11,0,12,1,0,12,1,0.07487780290345351
job_000008,Bulgaria,328,16.592215935219436,True,0.05,1,12,11,11,0,12,1,0,12,1,0.07450172305107117
job_000008,Bulgaria,329,16.642801959412175,True,0.05,1,12,11,11,0,12,1,0,12,1,0.07463953240464131
job_000008,Bulgaria,330,16.693387983604918,True,0.05,1,13,12,12,0,13,1,0,13,1,0.07450535234350425
job_000008,Bulgaria,331,16.74397400779766,True,0.05,1,13,12,12,0,13,1,0,13,1,0.07518572675494048
job_000008,Bulgaria,332,16.794560031990404,True,0.05,1,15,14,14,0,15,1,0,15,1,0.07257806534568469
job_000008,Bulgaria,333,16.845146056183143,True,0.05,1,13,12,12,0,13,1,0,13,1,0.07514965390929809
job_000008,Bulgaria,334,16.895732080375886,True,0.05,1,15,14,14,0,15,1,0,15,1,0.07330168088277181
job_000008,Bulgaria,335,16.94631810456863,True,0.05,1,13,12,12,0,13,1,0,13,1,0.0748839074602494
job_000008,Bulgaria,336,16.996904128761372,True,0.05,1,13,12,12,0,13,1,0,13,1,0.07370048159590134
job_000008,Bulgaria,337,17.047490152954115,True,0.05,1,10,9,9,0,10,1,0,10,1,0.08014215007424355
job_000008,Bulgaria,338,17.098076177146854,True,0.05,1,10,9,9,0,10,1,0,10,1,0.0801640771329403
job_000008,Bulgaria,339,17.148662201339597,True,0.05,1,9,8,8,0,9,1,0,9,1,0.07894715501202478
job_000008,Bulgaria,340,17.19924822553234,True,0.05,1,9,8,8,0,9,1,0,9,1,0.07949963957071304
job_000008,Bulgaria,341,17.249834249725083,True,0.05,1,9,8,8,0,9,1,0,9,1,0.08176007535722521
job_000008,Bulgaria,342,17.300420273917826,True,0.05,1,5,4,4,0,5,1,0,5,1,0.07943578958511352
job_000008,Bulgaria,343,17.351006298110565,True,0.05,1,6,5,5,0,6,1,0,6,1,0.07285035587847233
job_000008,Bulgaria,344,17.40159232230331,True,0.05,1,6,5,5,0,6,1,0,6,1,0.07374168746173382
job_000008,Bulgaria,345,17.45217834649605,True,0.05,1,6,5,5,0,6,1,0,6,1,0.07343429575363795
job_000008,Bulgaria,346,17.502764370688794,True,0.05,1,7,6,6,0,7,1,0,7,1,0.07687296931232725
job_000008,Bulgaria,347,17.553350394881534,True,0.05,1,8,7,7,0,8,1,0,8,1,0.07446099305525422
job_000008,Bulgaria,348,17.603936419074277,True,0.05,1,6,5,5,0,6,1,0,6,1,0.07283599550525348
job_000008,Bulgaria,349,17.65452244326702,True,0.05,1,6,5,5,0,6,1,0,6,1,0.07031949547429879
job_000008,Bulgaria,350,17.705108467459763,True,0.05,1,6,5,5,0,6,1,0,6,1,0.0729603183766206
job_000008,Bulgaria,351,17.755694491652505,True,0.05,1,5,4,4,0,5,1,0,5,1,0.07897793650627136
job_000008,Bulgaria,352,17.806280515845245,True,0.05,1,5,4,4,0,5,1,0,5,1,0.07761272117495537
job_000008,Bulgaria,353,17.856866540037988,True,0.05,1,5,4,4,0,5,1,0,5,1,0.0754434511065483
job_000008,Bulgaria,354,17.90745256423073,False,0.05,,6,,,,,,,,,0.07591903023421764
job_000008,Bulgaria,355,17.958038588423474,False,0.05,,6,,,,,,,,,0.0765658716360728
job_000008,Bulgaria,356,18.008624612616217,False,0.05,,7,,,,,,,,,0.07397923565336637
job_000008,Bulgaria,357,18.059210636808956,False,0.05,,6,,,,,,,,,0.07612562117477258
job_000008,Bulgaria,358,18.1097966610017,False,0.05,,7,,,,,,,,,0.07619671842881612
job_000008,Bulgaria,359,18.160382685194442,False,0.05,,8,,,,,,,,,0.07561445981264114
job_000008,Bulgaria,360,18.210968709387185,False,0.05,,8,,,,,,,,,0.07680130377411842
job_000008,Bulgaria,361,18.261554733579924,False,0.05,,8,,,,,,,,,0.0743951890617609
job_000008,Bulgaria,362,18.312140757772667,False,0.05,,8,,,,,,,,,0.0767660397104919
job_000008,Bulgaria,363,18.36272678196541,False,0.05,,11,,,,,,,,,0.07213691859082742
job_000008,Bulgaria,364,18.413312806158153,False,0.05,,9,,,,,,,,,0.07503411091036266
job_000008,Bulgaria,365,18.463898830350896,False,0.05,,7,,,,,,,,,0.0771466035928045
job_000008,Bulgaria,366,18.514484854543635,False,0.05,,9,,,,,,,,,0.07409867644309998
job_000008,Bulgaria,367,18.56507087873638,False,0.05,,8,,,,,,,,,0.07649122644215822
job_000008,Bulgaria,368,18.61565690292912,False,0.05,,7,,,,,,,,,0.07560289065752711
job_000008,Bulgaria,369,18.666242927121864,False,0.05,,8,,,,,,,,,0.07228752877563238
job_000008,Bulgaria,370,18.716828951314607,False,0.05,,9,,,,,,,,,0.0737322320540746
job_000008,Bulgaria,371,18.767414975507346,False,0.05,,8,,,,,,,,,0.07063743472099304
job_000008,Bulgaria,372,18.81800099970009,False,0.05,,8,,,,,,,,,0.07258630357682705
job_000008,Bulgaria,373,18.868587023892832,False,0.05,,8,,,,,,,,,0.07178929820656776
job_000008,Bulgaria,374,18.919173048085575,False,0.05,,7,,,,,,,,,0.07074547452586037
job_000008,Bulgaria,375,18.969759072278315,False,0.05,,8,,,,,,,,,0.06843655137345195
job_000008,Bulgaria,376,19.020345096471058,False,0.05,,9,,,,,,,,,0.07310928776860237
job_000008,Bulgaria,377,19.0709311206638,False,0.05,,8,,,,,,,,,0.06817111372947693
job_000008,Bulgaria,378,19.121517144856544,False,0.05,,10,,,,,,,,,0.06845966316759586
job_000008,Bulgaria,379,19.172103169049286,False,0.05,,9,,,,,,,,,0.06968261260125372
job_000008,Bulgaria,380,19.222689193242026,False,0.05,,10,,,,,,,,,0.06794256046414375
job_000008,Bulgaria,381,19.27327521743477,False,0.05,,10,,,,,,,,,0.0691875621676445
job_000008,Bulgaria,382,19.32386124162751,False,0.05,,10,,,,,,,,,0.06894353553652763
job_000008,Bulgaria,383,19.374447265820255,False,0.05,,9,,,,,,,,,0.0687453771630923
job_000008,Bulgaria,384,19.425033290012998,False,0.05,,9,,,,,,,,,0.06394130488236745
job_000008,Bulgaria,385,19.475619314205737,False,0.05,,9,,,,,,,,,0.06737158488896158
job_000008,Bulgaria,386,19.52620533839848,False,0.05,,9,,,,,,,,,0.06609554216265678
job_000008,Bulgaria,387,19.576791362591223,False,0.05,,9,,,,,,,,,0.06473660427663061
job_000008,Bulgaria,388,19.627377386783966,False,0.05,,9,,,,,,,,,0.06566188484430313
job_000008,Bulgaria,389,19.677963410976705,False,0.05,,9,,,,,,,,,0.06702017039060593
job_000008,Bulgaria,390,19.728549435169448,False,0.05,,9,,,,,,,,,0.06818204662866062
job_000008,Bulgaria,391,19.77913545936219,False,0.05,,9,,,,,,,,,0.06468277672926585
job_000008,Bulgaria,392,19.829721483554934,False,0.05,,9,,,,,,,,,0.06399009087019497
job_000008,Bulgaria,393,19.880307507747677,False,0.05,,10,,,,,,,,,0.06269657127559185
job_000008,Bulgaria,394,19.930893531940416,False,0.05,,9,,,,,,,,,0.06289693754580286
job_000008,Bulgaria,395,19.98147955613316,False,0.05,,9,,,,,,,,,0.06243736007147365
job_000008,Bulgaria,396,20.032065580325902,False,0.05,,9,,,,,,,,,0.06704766675829887
job_000008,Bulgaria,397,20.082651604518645,False,0.05,,9,,,,,,,,,0.0640806005232864
job_000008,Bulgaria,398,20.133237628711388,False,0.05,,9,,,,,,,,,0.06560058933165339
job_000008,Bulgaria,399,20.183823652904127,False,0.05,,9,,,,,,,,,0.06414677699406941
job_000009,Rwanda,0,0.0,True,0.05,6,5,-1,1,0,5,6,0,5,6,0.21756031811237336
job_000009,Rwanda,1,0.04318781179138322,True,0.05,6,6,0,0,0,6,6,0,6,6,0.19630074438949427
job_000009,Rwanda,2,0.08637562358276644,True,0.05,5,6,1,1,0,6,5,0,6,5,0.2005969819923242
job_000009,Rwanda,3,0.12956343537414966,True,0.05,5,6,1,1,0,6,5,0,6,5,0.19674716455241045
job_000009,Rwanda,4,0.1727512471655329,True,0.05,5,7,2,2,0,7,5,0,7,5,0.1799318300826209
job_000009,Rwanda,5,0.2159390589569161,True,0.05,4,7,3,3,0,7,4,0,7,4,0.18073383399418422
job_000009,Rwanda,6,0.2591268707482993,True,0.05,5,7,2,2,0,7,5,0,7,5,0.17756445865545953
job_000009,Rwanda,7,0.3023146825396825,True,0.05,4,8,4,4,0,8,4,0,8,4,0.1656476897187531
job_000009,Rwanda,8,0.3455024943310658,True,0.05,4,8,4,4,0,8,4,0,8,4,0.16633094055578113
job_000009,Rwanda,9,0.388690306122449,True,0.05,4,8,4,4,0,8,4,0,8,4,0.16369430115446448
job_000009,Rwanda,10,0.4318781179138322,True,0.05,6,8,2,2,0,8,6,0,8,6,0.16298444522544742
job_000009,Rwanda,11,0.47506592970521544,True,0.05,6,8,2,2,0,8,6,0,8,6,0.15987412026152015
job_000009,Rwanda,12,0.5182537414965986,True,0.05,5,6,1,1,0,6,5,0,6,5,0.18700466429193816
job_000009,Rwanda,13,0.5614415532879818,True,0.05,4,7,3,3,0,7,4,0,7,4,0.15907859057188034
job_000009,Rwanda,14,0.604629365079365,True,0.05,5,5,0,0,0,5,5,0,5,5,0.1967575117945671
job_000009,Rwanda,15,0.6478171768707482,True,0.05,5,4,-1,1,0,4,5,0,4,5,0.22776591684669256
job_000009,Rwanda,16,0.6910049886621316,True,0.05,5,4,-1,1,0,4,5,0,4,5,0.2281196266412735
job_000009,Rwanda,17,0.7341928004535148,True,0.05,5,4,-1,1,0,4,5,0,4,5,0.2253436464816332
job_000009,Rwanda,18,0.777380612244898,True,0.05,5,5,0,0,0,5,5,0,5,5,0.19203096255660057
job_000009,Rwanda,19,0.8205684240362812,True,0.05,5,6,1,1,0,6,5,1,5,4,0.1732137662669023
job_000009,Rwanda,20,0.8637562358276644,True,0.05,5,6,1,1,0,6,5,1,5,4,0.17929024746020636
job_000009,Rwanda,21,0.9069440476190476,True,0.05,6,6,0,0,0,6,6,1,5,5,0.1811804405103127
job_000009,Rwanda,22,0.9501318594104309,True,0.05,6,6,0,0,0,6,6,1,5,5,0.17920705117285252
job_000009,Rwanda,23,0.9933196712018141,True,0.05,5,6,1,1,0,6,5,1,5,4,0.18248735989133516
job_000009,Rwanda,24,1.0365074829931973,True,0.05,6,7,1,1,0,7,6,1,6,5,0.17943084612488747
job_000009,Rwanda,25,1.0796952947845804,True,0.05,6,6,0,0,0,6,6,1,5,5,0.20255025289952755
job_000009,Rwanda,26,1.1228831065759637,True,0.05,6,6,0,0,0,6,6,1,5,5,0.19879592334230742
job_000009,Rwanda,27,1.166070918367347,True,0.05,6,5,-1,1,0,5,6,1,4,5,0.23328735679388046
job_000009,Rwanda,28,1.20925873015873,True,0.05,6,7,1,1,0,7,6,1,6,5,0.17806252571088926
job_000009,Rwanda,29,1.2524465419501134,True,0.05,7,7,0,0,0,7,7,1,6,6,0.17726957691567286
job_000009,Rwanda,30,1.2956343537414965,True,0.05,7,8,1,1,0,8,7,2,6,5,0.18509608274325728
job_000009,Rwanda,31,1.3388221655328798,True,0.05,6,8,2,2,0,8,6,1,7,5,0.1934746610932052
job_000009,Rwanda,32,1.3820099773242631,True,0.05,6,9,3,3,0,9,6,1,8,5,0.18008792027831078
job_000009,Rwanda,33,1.4251977891156462,True,0.05,7,12,5,5,0,12,7,2,10,5,0.14901334419846535
job_000009,Rwanda,34,1.4683856009070295,True,0.05,6,8,2,2,0,8,6,1,7,5,0.17007497046142817
job_000009,Rwanda,35,1.5115734126984126,True,0.05,6,8,2,2,0,8,6,1,7,5,0.170191983692348
job_000009,Rwanda,36,1.554761224489796,True,0.05,6,7,1,1,0,7,6,1,6,5,0.18362212181091309
job_000009,Rwanda,37,1.597949036281179,True,0.05,6,10,4,4,0,10,6,1,9,5,0.14763729572296141
job_000009,Rwanda,38,1.6411368480725623,True,0.05,6,11,5,5,0,11,6,1,10,5,0.14249429276043718
job_000009,Rwanda,39,1.6843246598639456,True,0.05,6,15,9,9,0,15,6,1,14,5,0.12129166796803474
job_000009,Rwanda,40,1.7275124716553287,True,0.05,6,10,4,4,0,10,6,1,9,5,0.14254266656935216
job_000009,Rwanda,41,1.770700283446712,True,0.05,6,9,3,3,0,9,6,1,8,5,0.14626868276132476
job_000009,Rwanda,42,1.8138880952380951,True,0.05,6,11,5,5,0,11,6,1,10,5,0.12945878810503267
job_000009,Rwanda,43,1.8570759070294784,True,0.05,7,10,3,3,0,10,7,1,9,6,0.13697930574417114
job_000009,Rwanda,44,1.9002637188208618,True,0.05,7,12,5,5,0,12,7,2,10,5,0.12707696855068207
job_000009,Rwanda,45,1.9434515306122448,True,0.05,7,12,5,5,0,12,7,2,10,5,0.12177988638480504
job_000009,Rwanda,46,1.9866393424036282,True,0.05,6,7,1,1,0,7,6,1,6,5,0.17280236950942449
job_000009,Rwanda,47,2.0298271541950115,True,0.05,6,7,1,1,0,7,6,1,6,5,0.17097004343356406
job_000009,Rwanda,48,2.0730149659863946,True,0.05,6,8,2,2,0,8,6,1,7,5,0.16816737642511725
job_000009,Rwanda,49,2.1162027777777777,True,0.05,8,8,0,0,0,8,8,1,7,7,0.16958200093358755
job_000009,Rwanda,50,2.1593905895691607,True,0.05,6,9,3,3,0,9,6,1,8,5,0.15865674200985166
job_000009,Rwanda,51,2.2025784013605443,True,0.05,9,12,3,3,0,12,9,1,11,8,0.1377853797748685
job_000009,Rwanda,52,2.2457662131519274,True,0.05,7,9,2,2,0,9,7,1,8,6,0.15272378052274385
job_000009,Rwanda,53,2.2889540249433105,True,0.05,7,8,1,1,0,8,7,1,7,6,0.16369148343801498
job_000009,Rwanda,54,2.332141836734694,True,0.05,7,8,1,1,0,8,7,1,7,6,0.1689553465694189
job_000009,Rwanda,55,2.375329648526077,True,0.05,7,8,1,1,0,8,7,1,7,6,0.16797105595469475
job_000009,Rwanda,56,2.41851746031746,True,0.05,6,8,2,2,0,8,6,1,7,5,0.17032863665372133
job_000009,Rwanda,57,2.4617052721088437,True,0.05,6,8,2,2,0,8,6,1,7,5,0.1766092497855425
job_000009,Rwanda,58,2.504893083900227,True,0.05,6,8,2,2,0,8,6,1,7,5,0.18025354761630297
job_000009,Rwanda,59,2.54808089569161,True,0.05,6,9,3,3,0,9,6,1,8,5,0.1576117438574632
job_000009,Rwanda,60,2.591268707482993,True,0.05,5,10,5,5,0,10,5,1,9,4,0.1417836595326662
job_000009,Rwanda,61,2.6344565192743765,True,0.05,5,9,4,4,0,9,5,1,8,4,0.14708220213651657
job_000009,Rwanda,62,2.6776443310657596,True,0.05,5,9,4,4,0,9,5,1,8,4,0.14621281375487646
job_000009,Rwanda,63,2.7208321428571427,True,0.05,6,10,4,4,0,10,6,1,9,5,0.1371608667075634
job_000009,Rwanda,64,2.7640199546485262,True,0.05,6,10,4,4,0,10,6,1,9,5,0.13941918611526488
job_000009,Rwanda,65,2.8072077664399093,True,0.05,6,10,4,4,0,10,6,1,9,5,0.1424764383584261
job_000009,Rwanda,66,2.8503955782312924,True,0.05,5,11,6,6,0,11,5,1,10,4,0.13184893842447887
job_000009,Rwanda,67,2.8935833900226755,True,0.05,5,11,6,6,0,11,5,1,10,4,0.13197271830656312
job_000009,Rwanda,68,2.936771201814059,True,0.05,6,11,5,5,0,11,6,1,10,5,0.1381587294692343
job_000009,Rwanda,69,2.979959013605442,True,0.05,5,12,7,7,0,12,5,1,11,4,0.1324928846831123
job_000009,Rwanda,70,3.023146825396825,True,0.05,5,12,7,7,0,12,5,1,11,4,0.128323407843709
job_000009,Rwanda,71,3.0663346371882088,True,0.05,4,12,8,8,0,12,4,1,11,3,0.12753753053645292
job_000009,Rwanda,72,3.109522448979592,True,0.05,5,13,8,8,0,13,5,1,12,4,0.12413138724290408
job_000009,Rwanda,73,3.152710260770975,True,0.05,5,11,6,6,0,11,5,1,10,4,0.1346585906364701
job_000009,Rwanda,74,3.195898072562358,True,0.05,5,9,4,4,0,9,5,1,8,4,0.14153394020266002
job_000009,Rwanda,75,3.2390858843537416,True,0.05,6,10,4,4,0,10,6,1,9,5,0.13526325970888137
job_000009,Rwanda,76,3.2822736961451247,True,0.05,4,10,6,6,0,10,4,1,9,3,0.13860389068722725
job_000009,Rwanda,77,3.3254615079365077,True,0.05,6,10,4,4,0,10,6,1,9,5,0.13534742183983325
job_000009,Rwanda,78,3.3686493197278913,True,0.05,6,9,3,3,0,9,6,1,8,5,0.14905066622628105
job_000009,Rwanda,79,3.4118371315192744,True,0.05,6,8,2,2,0,8,6,1,7,5,0.15831978106871247
job_000009,Rwanda,80,3.4550249433106575,True,0.05,7,8,1,1,0,8,7,2,6,5,0.15568172885105014
job_000009,Rwanda,81,3.4982127551020405,True,0.05,7,9,2,2,0,9,7,2,7,5,0.1456129310859574
job_000009,Rwanda,82,3.541400566893424,True,0.05,6,7,1,1,0,7,6,0,7,6,0.16089827248028346
job_000009,Rwanda,83,3.584588378684807,True,0.05,6,8,2,2,0,8,6,1,7,5,0.15054033230990171
job_000009,Rwanda,84,3.6277761904761903,True,0.05,5,9,4,4,0,9,5,1,8,4,0.13745308046539625
job_000009,Rwanda,85,3.670964002267574,True,0.05,6,9,3,3,0,9,6,1,8,5,0.13800627117355665
job_000009,Rwanda,86,3.714151814058957,True,0.05,6,10,4,4,0,10,6,1,9,5,0.12958731018006803
job_000009,Rwanda,87,3.75733962585034,True,0.05,6,9,3,3,0,9,6,1,8,5,0.1365257530576653
job_000009,Rwanda,88,3.8005274376417235,True,0.05,7,9,2,2,0,9,7,1,8,6,0.13771666006909478
job_000009,Rwanda,89,3.8437152494331066,True,0.05,6,10,4,4,0,10,6,1,9,5,0.13018033429980277
job_000009,Rwanda,90,3.8869030612244897,True,0.05,5,9,4,4,0,9,5,1,8,4,0.13760310370061132
job_000009,Rwanda,91,3.930090873015873,True,0.05,7,9,2,2,0,9,7,1,8,6,0.14123820761839548
job_000009,Rwanda,92,3.9732786848072563,True,0.05,7,10,3,3,0,10,7,1,9,6,0.13846400678157805
job_000009,Rwanda,93,4.016466496598639,True,0.05,7,10,3,3,0,10,7,1,9,6,0.13344071693718434
job_000009,Rwanda,94,4.059654308390023,True,0.05,7,11,4,4,0,11,7,1,10,6,0.12866457856514238
job_000009,Rwanda,95,4.102842120181406,True,0.05,8,10,2,2,0,10,8,1,9,7,0.13372896239161491
job_000009,Rwanda,96,4.146029931972789,True,0.05,7,10,3,3,0,10,7,1,9,6,0.14360777325928212
job_000009,Rwanda,97,4.189217743764172,True,0.05,8,11,3,3,0,11,8,1,10,7,0.13371638818220657
job_000009,Rwanda,98,4.232405555555555,True,0.05,7,11,4,4,0,11,7,1,10,6,0.1355234059420499
job_000009,Rwanda,99,4.275593367346938,True,0.05,8,12,4,4,0,12,8,1,11,7,0.13691470585763454
job_000009,Rwanda,100,4.3187811791383215,True,0.05,5,10,5,5,0,10,5,1,9,4,0.14207503832876683
job_000009,Rwanda,101,4.3619689909297055,True,0.05,7,13,6,6,0,13,7,2,11,5,0.12910143945079583
job_000009,Rwanda,102,4.405156802721089,True,0.05,7,13,6,6,0,13,7,2,11,5,0.12431081241139999
job_000009,Rwanda,103,4.448344614512472,True,0.05,6,11,5,5,0,11,6,2,9,4,0.1308808387680487
job_000009,Rwanda,104,4.491532426303855,True,0.05,8,11,3,3,0,11,8,2,9,6,0.13446517898277802
job_000009,Rwanda,105,4.534720238095238,True,0.05,7,10,3,3,0,10,7,2,8,5,0.13650934770703316
job_000009,Rwanda,106,4.577908049886621,True,0.05,5,10,5,5,0,10,5,1,9,4,0.13681725487113
job_000009,Rwanda,107,4.621095861678005,True,0.05,5,13,8,8,0,13,5,2,11,3,0.1180748503941756
job_000009,Rwanda,108,4.664283673469388,True,0.05,5,15,10,10,0,15,5,2,13,3,0.10940115079283715
job_000009,Rwanda,109,4.707471485260771,True,0.05,6,14,8,8,0,14,6,2,12,4,0.11100029971982751
job_000009,Rwanda,110,4.750659297052154,True,0.05,6,17,11,11,0,17,6,2,15,4,0.1092902169946362
job_000009,Rwanda,111,4.793847108843537,True,0.05,8,17,9,9,0,17,8,2,15,6,0.11379109432592112
job_000009,Rwanda,112,4.83703492063492,True,0.05,6,15,9,9,0,15,6,1,14,5,0.12180201734105746
job_000009,Rwanda,113,4.8802227324263034,True,0.05,6,14,8,8,0,14,6,1,13,5,0.12297104778034347
job_000009,Rwanda,114,4.923410544217687,True,0.05,6,15,9,9,0,15,6,1,14,5,0.11973954240481059
job_000009,Rwanda,115,4.9665983560090705,True,0.05,6,14,8,8,0,14,6,1,13,5,0.11598935137901988
job_000009,Rwanda,116,5.009786167800454,True,0.05,6,14,8,8,0,14,6,1,13,5,0.12233326291399342
job_000009,Rwanda,117,5.052973979591837,True,0.05,8,17,9,9,0,17,8,2,15,6,0.1260137871346053
job_000009,Rwanda,118,5.09616179138322,True,0.05,7,12,5,5,0,12,7,2,10,5,0.13787198377152285
job_000009,Rwanda,119,5.139349603174603,True,0.05,7,12,5,5,0,12,7,2,10,5,0.13032863133897385
job_000009,Rwanda,120,5.182537414965986,True,0.05,7,12,5,5,0,12,7,1,11,6,0.13548514153808355
job_000009,Rwanda,121,5.22572522675737,True,0.05,5,13,8,8,0,13,5,1,12,4,0.13416270825725335
job_000009,Rwanda,122,5.268913038548753,True,0.05,5,10,5,5,0,10,5,0,10,5,0.1578864000737667
job_000009,Rwanda,123,5.312100850340136,True,0.05,7,12,5,5,0,12,7,0,12,7,0.1382268564775586
job_000009,Rwanda,124,5.355288662131519,True,0.05,7,11,4,4,0,11,7,1,10,6,0.14098471301523122
job_000009,Rwanda,125,5.398476473922902,True,0.05,7,13,6,6,0,13,7,1,12,6,0.1293290160023249
job_000009,Rwanda,126,5.441664285714285,True,0.05,5,9,4,4,0,9,5,0,9,5,0.15255082026124
job_000009,Rwanda,127,5.4848520975056685,True,0.05,5,13,8,8,0,13,5,1,12,4,0.14319216947142893
job_000009,Rwanda,128,5.5280399092970525,True,0.05,4,16,12,12,0,16,4,1,15,3,0.14177319104783237
job_000009,Rwanda,129,5.571227721088436,True,0.05,4,16,12,12,0,16,4,1,15,3,0.14255142235197127
job_000009,Rwanda,130,5.614415532879819,True,0.05,4,16,12,12,0,16,4,1,15,3,0.15231147687882185
job_000009,Rwanda,131,5.657603344671202,True,0.05,4,12,8,8,0,12,4,1,11,3,0.15616772044450045
job_000009,Rwanda,132,5.700791156462585,True,0.05,4,10,6,6,0,10,4,0,10,4,0.16043684110045434
job_000009,Rwanda,133,5.743978968253968,True,0.05,6,9,3,3,0,9,6,1,8,5,0.1707917849222819
job_000009,Rwanda,134,5.787166780045351,True,0.05,5,8,3,3,0,8,5,1,7,4,0.17270180396735668
job_000009,Rwanda,135,5.830354591836735,True,0.05,5,8,3,3,0,8,5,0,8,5,0.1666768379509449
job_000009,Rwanda,136,5.873542403628118,True,0.05,5,9,4,4,0,9,5,0,9,5,0.17559816936651865
job_000009,Rwanda,137,5.916730215419501,True,0.05,5,10,5,5,0,10,5,0,10,5,0.16173873320221901
job_000009,Rwanda,138,5.959918027210884,True,0.05,6,11,5,5,0,11,6,0,11,6,0.1435099823231047
job_000009,Rwanda,139,6.003105839002267,True,0.05,5,11,6,6,0,11,5,0,11,5,0.14614733376286246
job_000009,Rwanda,140,6.04629365079365,True,0.05,6,9,3,3,0,9,6,0,9,6,0.1544251980053054
job_000009,Rwanda,141,6.0894814625850335,True,0.05,5,7,2,2,0,7,5,0,7,5,0.1683465221098491
job_000009,Rwanda,142,6.1326692743764175,True,0.05,5,6,1,1,0,6,5,0,6,5,0.19049453983704248
job_000009,Rwanda,143,6.175857086167801,True,0.05,6,6,0,0,0,6,6,0,6,6,0.1779228001832962
job_000009,Rwanda,144,6.219044897959184,True,0.05,6,6,0,0,0,6,6,0,6,6,0.17490389508505663
job_000009,Rwanda,145,6.262232709750567,True,0.05,6,6,0,0,0,6,6,0,6,6,0.1752905733883381
job_000009,Rwanda,146,6.30542052154195,True,0.05,6,6,0,0,0,6,6,0,6,6,0.1686348176250855
job_000009,Rwanda,147,6.348608333333333,True,0.05,7,6,-1,1,0,6,7,0,6,7,0.16121845754484335
job_000009,Rwanda,148,6.391796145124716,True,0.05,7,6,-1,1,0,6,7,0,6,7,0.17341034362713495
job_000009,Rwanda,149,6.4349839569161,True,0.05,7,6,-1,1,0,6,7,0,6,7,0.17573310186465582
job_000009,Rwanda,150,6.478171768707483,True,0.05,7,7,0,0,0,7,7,0,7,7,0.15026787668466568
job_000009,Rwanda,151,6.521359580498866,True,0.05,7,7,0,0,0,7,7,0,7,7,0.1512500500040395
job_000009,Rwanda,152,6.564547392290249,True,0.05,7,8,1,1,0,8,7,1,7,6,0.15525384480133653
job_000009,Rwanda,153,6.607735204081632,True,0.05,7,8,1,1,0,8,7,1,7,6,0.1650828612037003
job_000009,Rwanda,154,6.6509230158730155,True,0.05,7,8,1,1,0,8,7,1,7,6,0.14927445678040385
job_000009,Rwanda,155,6.694110827664399,True,0.05,8,6,-2,2,0,6,8,1,5,7,0.17843649288018545
job_000009,Rwanda,156,6.737298639455783,True,0.05,7,7,0,0,0,7,7,1,6,6,0.16141234125409806
job_000009,Rwanda,157,6.780486451247166,True,0.05,6,6,0,0,0,6,6,1,5,5,0.18033346720039845
job_000009,Rwanda,158,6.823674263038549,True,0.05,7,6,-1,1,0,6,7,1,5,6,0.17763879460593066
job_000009,Rwanda,159,6.866862074829932,True,0.05,7,7,0,0,0,7,7,1,6,6,0.16291560126202448
job_000009,Rwanda,160,6.910049886621315,True,0.05,8,7,-1,1,0,7,8,1,6,7,0.15998894295522145
job_000009,Rwanda,161,6.953237698412698,True,0.05,7,7,0,0,0,7,7,1,6,6,0.16336668442402566
job_000009,Rwanda,162,6.996425510204081,True,0.05,6,7,1,1,0,7,6,1,6,5,0.16352089920214244
job_000009,Rwanda,163,7.039613321995465,True,0.05,6,8,2,2,0,8,6,1,7,5,0.14945667888969183
job_000009,Rwanda,164,7.082801133786848,True,0.05,7,7,0,0,0,7,7,1,6,6,0.16423769241997174
job_000009,Rwanda,165,7.125988945578231,True,0.05,6,6,0,0,0,6,6,1,5,5,0.18281322034696737
job_000009,Rwanda,166,7.169176757369614,True,0.05,6,6,0,0,0,6,6,1,5,5,0.18413608769575754
job_000009,Rwanda,167,7.212364569160997,True,0.05,5,6,1,1,0,6,5,1,5,4,0.18545295360187689
job_000009,Rwanda,168,7.2555523809523805,True,0.05,5,9,4,4,0,9,5,1,8,4,0.16041039013200337
job_000009,Rwanda,169,7.298740192743764,True,0.05,5,9,4,4,0,9,5,1,8,4,0.16475395113229752
job_000009,Rwanda,170,7.341928004535148,True,0.05,4,10,6,6,0,10,4,0,10,4,0.16181172877550126
job_000009,Rwanda,171,7.385115816326531,True,0.05,5,10,5,5,0,10,5,0,10,5,0.15980954356491567
job_000009,Rwanda,172,7.428303628117914,True,0.05,6,13,7,7,0,13,6,2,11,4,0.1369487468439799
job_000009,Rwanda,173,7.471491439909297,True,0.05,6,11,5,5,0,11,6,2,9,4,0.14381259476596658
job_000009,Rwanda,174,7.51467925170068,True,0.05,6,9,3,3,0,9,6,2,7,4,0.15178120012084642
job_000009,Rwanda,175,7.557867063492063,True,0.05,7,9,2,2,0,9,7,2,7,5,0.14878514202104676
job_000009,Rwanda,176,7.601054875283447,True,0.05,7,7,0,0,0,7,7,1,6,6,0.17656215280294418
job_000009,Rwanda,177,7.64424268707483,True,0.05,7,8,1,1,0,8,7,1,7,6,0.16528635378926992
job_000009,Rwanda,178,7.687430498866213,True,0.05,7,8,1,1,0,8,7,1,7,6,0.168919094838202
job_000009,Rwanda,179,7.730618310657596,True,0.05,6,8,2,2,0,8,6,1,7,5,0.1671065567061305
job_000009,Rwanda,180,7.773806122448979,True,0.05,6,7,1,1,0,7,6,1,6,5,0.17632483265229634
job_000009,Rwanda,181,7.8169939342403625,True,0.05,6,7,1,1,0,7,6,1,6,5,0.17389418770159995
job_000009,Rwanda,182,7.860181746031746,True,0.05,7,8,1,1,0,8,7,1,7,6,0.16432133549824357
job_000009,Rwanda,183,7.9033695578231296,True,0.05,7,9,2,2,0,9,7,2,7,5,0.15452783637576634
job_000009,Rwanda,184,7.946557369614513,True,0.05,7,6,-1,1,0,6,7,1,5,6,0.1872572818150123
job_000009,Rwanda,185,7.989745181405896,True,0.05,7,5,-2,2,0,5,7,1,4,6,0.20785781294107436
job_000009,Rwanda,186,8.032932993197278,True,0.05,7,6,-1,1,0,6,7,1,5,6,0.18064074342449507
job_000009,Rwanda,187,8.076120804988662,True,0.05,6,6,0,0,0,6,6,1,5,5,0.18344141729176044
job_000009,Rwanda,188,8.119308616780046,True,0.05,6,5,-1,1,0,5,6,1,4,5,0.2079520419239998
job_000009,Rwanda,189,8.162496428571428,True,0.05,5,5,0,0,0,5,5,1,4,4,0.2108450785279274
job_000009,Rwanda,190,8.205684240362812,True,0.05,4,5,1,1,0,5,4,1,4,3,0.2139684423804283
job_000009,Rwanda,191,8.248872052154194,True,0.05,5,5,0,0,0,5,5,1,4,4,0.20940081626176835
job_000009,Rwanda,192,8.292059863945578,True,0.05,5,6,1,1,0,6,5,1,5,4,0.1703473844875892
job_000009,Rwanda,193,8.33524767573696,True,0.05,5,6,1,1,0,6,5,1,5,4,0.16958236508071423
job_000009,Rwanda,194,8.378435487528344,True,0.05,6,6,0,0,0,6,6,1,5,5,0.1687459610402584
job_000009,Rwanda,195,8.421623299319728,True,0.05,5,7,2,2,0,7,5,1,6,4,0.1540322325059346
job_000009,Rwanda,196,8.46481111111111,True,0.05,6,6,0,0,0,6,6,1,5,5,0.16517845603326956
job_000009,Rwanda,197,8.507998922902495,True,0.05,6,5,-1,1,0,5,6,1,4,5,0.18742561414837838
job_000009,Rwanda,198,8.551186734693877,True,0.05,6,6,0,0,0,6,6,2,4,4,0.15917343273758888
job_000009,Rwanda,199,8.59437454648526,True,0.05,6,7,1,1,0,7,6,3,4,3,0.14405671187809535
job_000009,Rwanda,200,8.637562358276643,True,0.05,6,8,2,2,0,8,6,2,6,4,0.13751547364518046
job_000009,Rwanda,201,8.680750170068027,True,0.05,6,9,3,3,0,9,6,3,6,3,0.12854444525308079
job_000009,Rwanda,202,8.723937981859411,True,0.05,6,9,3,3,0,9,6,3,6,3,0.1325781498518255
job_000009,Rwanda,203,8.767125793650793,True,0.05,6,9,3,3,0,9,6,3,6,3,0.1316517454882463
job_000009,Rwanda,204,8.810313605442177,True,0.05,5,8,3,3,0,8,5,2,6,3,0.15102660842239857
job_000009,Rwanda,205,8.85350141723356,True,0.05,5,9,4,4,0,9,5,3,6,2,0.14306662480036417
job_000009,Rwanda,206,8.896689229024943,True,0.05,5,9,4,4,0,9,5,2,7,3,0.1365734496050411
job_000009,Rwanda,207,8.939877040816326,True,0.05,5,9,4,4,0,9,5,2,7,3,0.13840512600209978
job_000009,Rwanda,208,8.98306485260771,True,0.05,6,10,4,4,0,10,6,3,7,3,0.1290297195315361
job_000009,Rwanda,209,9.026252664399093,True,0.05,6,9,3,3,0,9,6,2,7,4,0.13757750847273403
job_000009,Rwanda,210,9.069440476190476,True,0.05,7,8,1,1,0,8,7,3,5,4,0.13966901041567326
job_000009,Rwanda,211,9.11262828798186,True,0.05,6,8,2,2,0,8,6,3,5,3,0.14422344788908958
job_000009,Rwanda,212,9.155816099773242,True,0.05,5,8,3,3,0,8,5,3,5,2,0.15084740053862333
job_000009,Rwanda,213,9.199003911564626,True,0.05,5,8,3,3,0,8,5,3,5,2,0.14938049158081412
job_000009,Rwanda,214,9.24219172335601,True,0.05,5,8,3,3,1,7,4,4,4,1,0.15073074214160442
job_000009,Rwanda,215,9.285379535147392,True,0.05,4,9,5,5,0,9,4,3,6,1,0.14454216178920534
job_000009,Rwanda,216,9.328567346938776,True,0.05,4,9,5,5,0,9,4,3,6,1,0.1495703582962354
job_000009,Rwanda,217,9.371755158730158,True,0.05,4,9,5,5,0,9,4,3,6,1,0.14214431908395556
job_000009,Rwanda,218,9.414942970521542,True,0.05,4,13,9,9,0,13,4,3,10,1,0.12333458977249953
job_000009,Rwanda,219,9.458130782312924,True,0.05,4,13,9,9,0,13,4,3,10,1,0.1325402517731373
job_000009,Rwanda,220,9.501318594104308,True,0.05,4,10,6,6,0,10,4,3,7,1,0.16856599189341068
job_000009,Rwanda,221,9.544506405895692,True,0.05,5,11,6,6,0,11,5,4,7,1,0.16105119613083926
job_000009,Rwanda,222,9.587694217687075,True,0.05,5,13,8,8,0,13,5,4,9,1,0.13454407424880907
job_000009,Rwanda,223,9.630882029478459,True,0.05,6,12,6,6,0,12,6,3,9,3,0.14414254327615103
job_000009,Rwanda,224,9.67406984126984,True,0.05,6,13,7,7,0,13,6,3,10,3,0.13177849868169197
job_000009,Rwanda,225,9.717257653061225,True,0.05,6,13,7,7,0,13,6,3,10,3,0.13549029712493604
job_000009,Rwanda,226,9.760445464852607,True,0.05,6,10,4,4,0,10,6,3,7,3,0.12785721980035306
job_000009,Rwanda,227,9.80363327664399,True,0.05,6,10,4,4,0,10,6,3,7,3,0.1250166516751051
job_000009,Rwanda,228,9.846821088435375,True,0.05,6,9,3,3,0,9,6,3,6,3,0.12898560778962243
job_000009,Rwanda,229,9.890008900226757,True,0.05,5,8,3,3,0,8,5,3,5,2,0.13590360805392265
job_000009,Rwanda,230,9.933196712018141,True,0.05,5,11,6,6,0,11,5,3,8,2,0.11139304157007825
job_000009,Rwanda,231,9.976384523809523,True,0.05,5,9,4,4,0,9,5,3,6,2,0.12293324826492204
job_000009,Rwanda,232,10.019572335600907,True,0.05,7,9,2,2,0,9,7,4,5,3,0.13792570390635067
job_000009,Rwanda,233,10.06276014739229,True,0.05,7,9,2,2,0,9,7,4,5,3,0.1515025691025787
job_000009,Rwanda,234,10.105947959183673,True,0.05,7,9,2,2,0,9,7,3,6,4,0.14134448601139915
job_000009,Rwanda,235,10.149135770975057,True,0.05,8,10,2,2,0,10,8,3,7,5,0.14638190902769566
job_000009,Rwanda,236,10.19232358276644,True,0.05,7,9,2,2,0,9,7,3,6,4,0.14800084092550808
job_000009,Rwanda,237,10.235511394557824,True,0.05,7,10,3,3,0,10,7,3,7,4,0.1461853925138712
job_000009,Rwanda,238,10.278699206349206,True,0.05,7,8,1,1,0,8,7,3,5,4,0.17668441589921713
job_000009,Rwanda,239,10.32188701814059,True,0.05,7,11,4,4,0,11,7,3,8,4,0.14410961080681195
job_000009,Rwanda,240,10.365074829931972,True,0.05,8,9,1,1,0,9,8,3,6,5,0.1633846755656931
job_000009,Rwanda,241,10.408262641723356,True,0.05,8,10,2,2,0,10,8,3,7,5,0.16080921292304992
job_000009,Rwanda,242,10.45145045351474,True,0.05,8,9,1,1,0,9,8,3,6,5,0.16613211317194831
job_000009,Rwanda,243,10.494638265306122,True,0.05,8,9,1,1,0,9,8,3,6,5,0.17042252173026404
job_000009,Rwanda,244,10.537826077097506,True,0.05,8,12,4,4,0,12,8,3,9,5,0.15081180383761725
job_000009,Rwanda,245,10.581013888888888,True,0.05,7,11,4,4,0,11,7,3,8,4,0.1444444043392485
job_000009,Rwanda,246,10.624201700680272,True,0.05,7,9,2,2,0,9,7,3,6,4,0.1446068324148655
job_000009,Rwanda,247,10.667389512471654,True,0.05,7,9,2,2,0,9,7,3,6,4,0.14270047843456268
job_000009,Rwanda,248,10.710577324263038,True,0.05,8,8,0,0,0,8,8,3,5,5,0.13697958691045642
job_000009,Rwanda,249,10.753765136054422,True,0.05,8,8,0,0,0,8,8,3,5,5,0.14127285033464432
job_000009,Rwanda,250,10.796952947845805,True,0.05,6,7,1,1,0,7,6,1,6,5,0.14729166084102222
job_000009,Rwanda,251,10.840140759637189,True,0.05,8,6,-2,2,0,6,8,2,4,6,0.14081534929573536
job_000009,Rwanda,252,10.88332857142857,True,0.05,5,7,2,2,0,7,5,1,6,4,0.1218312925526074
job_000009,Rwanda,253,10.926516383219955,True,0.05,6,7,1,1,0,7,6,2,5,4,0.12249366672975677
job_000009,Rwanda,254,10.969704195011337,True,0.05,6,6,0,0,0,6,6,2,4,4,0.1384801963965098
job_000009,Rwanda,255,11.012892006802721,True,0.05,7,6,-1,1,0,6,7,3,3,4,0.1362941637635231
job_000009,Rwanda,256,11.056079818594105,True,0.05,6,8,2,2,0,8,6,2,6,4,0.11286941217258573
job_000009,Rwanda,257,11.099267630385487,True,0.05,7,6,-1,1,0,6,7,2,4,5,0.130624753733476
job_000009,Rwanda,258,11.142455442176871,True,0.05,8,9,1,1,0,9,8,2,7,6,0.11356917727324697
job_000009,Rwanda,259,11.185643253968253,True,0.05,6,8,2,2,0,8,6,2,6,4,0.13057150319218636
job_000009,Rwanda,260,11.228831065759637,True,0.05,6,7,1,1,0,7,6,3,4,3,0.14793227879064424
job_000009,Rwanda,261,11.27201887755102,True,0.05,7,7,0,0,0,7,7,4,3,3,0.15990454916443145
job_000009,Rwanda,262,11.315206689342403,True,0.05,6,8,2,2,0,8,6,3,5,3,0.18033803952857852
job_000009,Rwanda,263,11.358394501133787,True,0.05,5,9,4,4,0,9,5,3,6,2,0.15264924201700422
job_000009,Rwanda,264,11.40158231292517,True,0.05,7,11,4,4,0,11,7,4,7,3,0.15859393707730554
job_000009,Rwanda,265,11.444770124716554,True,0.05,8,9,1,1,0,9,8,4,5,4,0.15901185696323714
job_000009,Rwanda,266,11.487957936507936,True,0.05,7,10,3,3,0,10,7,4,6,3,0.1511667102575302
job_000009,Rwanda,267,11.53114574829932,True,0.05,7,9,2,2,0,9,7,4,5,3,0.14217563346028328
job_000009,Rwanda,268,11.574333560090702,True,0.05,8,6,-2,2,0,6,8,2,4,6,0.16943642559150854
job_000009,Rwanda,269,11.617521371882086,True,0.05,7,8,1,1,0,8,7,1,7,6,0.1466540596447885
job_000009,Rwanda,270,11.66070918367347,True,0.05,7,9,2,2,0,9,7,3,6,4,0.14462947969635329
job_000009,Rwanda,271,11.703896995464852,True,0.05,5,9,4,4,0,9,5,3,6,2,0.13891087720791498
job_000009,Rwanda,272,11.747084807256236,True,0.05,6,8,2,2,0,8,6,2,6,4,0.13777201110497117
job_000009,Rwanda,273,11.790272619047618,True,0.05,6,9,3,3,0,9,6,3,6,3,0.12913047149777412
job_000009,Rwanda,274,11.833460430839002,True,0.05,7,9,2,2,0,9,7,4,5,3,0.14608219265937805
job_000009,Rwanda,275,11.876648242630385,True,0.05,7,10,3,3,0,10,7,4,6,3,0.14391070045530796
job_000009,Rwanda,276,11.919836054421769,True,0.05,8,8,0,0,0,8,8,3,5,5,0.14108511246740818
job_000009,Rwanda,277,11.963023866213153,True,0.05,8,7,-1,1,0,7,8,2,5,6,0.14326885023287364
job_000009,Rwanda,278,12.006211678004535,True,0.05,9,7,-2,2,0,7,9,2,5,7,0.1349661946296692
job_000009,Rwanda,279,12.049399489795919,True,0.05,8,6,-2,2,0,6,8,2,4,6,0.15741467475891113
job_000009,Rwanda,280,12.0925873015873,True,0.05,10,8,-2,2,0,8,10,3,5,7,0.13584875082597136
job_000009,Rwanda,281,12.135775113378685,True,0.05,8,7,-1,1,0,7,8,3,4,5,0.14407591734613692
job_000009,Rwanda,282,12.178962925170067,True,0.05,7,6,-1,1,0,6,7,1,5,6,0.15729666004578272
job_000009,Rwanda,283,12.222150736961451,True,0.05,7,7,0,0,0,7,7,3,4,4,0.13620616708483016
job_000009,Rwanda,284,12.265338548752835,True,0.05,8,7,-1,1,0,7,8,3,4,5,0.1480764602976186
job_000009,Rwanda,285,12.308526360544217,True,0.05,8,10,2,2,0,10,8,3,7,5,0.12890323661267758
job_000009,Rwanda,286,12.351714172335601,True,0.05,8,8,0,0,0,8,8,3,5,5,0.1449052756652236
job_000009,Rwanda,287,12.394901984126983,True,0.05,7,6,-1,1,0,6,7,1,5,6,0.17226937164862952
job_000009,Rwanda,288,12.438089795918367,True,0.05,8,7,-1,1,0,7,8,1,6,7,0.16141194105148315
job_000009,Rwanda,289,12.48127760770975,True,0.05,8,8,0,0,0,8,8,2,6,6,0.15306907007470727
job_000009,Rwanda,290,12.524465419501134,True,0.05,9,9,0,0,0,9,9,3,6,6,0.15585310467415386
job_000009,Rwanda,291,12.567653231292518,True,0.05,8,9,1,1,0,9,8,2,7,6,0.15218652453687456
job_000009,Rwanda,292,12.6108410430839,True,0.05,4,8,4,4,0,8,4,2,6,2,0.16276764497160912
job_000009,Rwanda,293,12.654028854875284,True,0.05,5,7,2,2,0,7,5,2,5,3,0.17610580793448857
job_000009,Rwanda,294,12.697216666666666,True,0.05,5,7,2,2,0,7,5,2,5,3,0.16230395595942224
job_000009,Rwanda,295,12.74040447845805,True,0.05,6,7,1,1,0,7,6,1,6,5,0.15778800153306552
job_000009,Rwanda,296,12.783592290249432,True,0.05,7,8,1,1,0,8,7,2,6,5,0.15437071165069938
job_000009,Rwanda,297,12.826780102040816,True,0.05,7,7,0,0,0,7,7,1,6,6,0.16763313806482724
job_000009,Rwanda,298,12.8699679138322,True,0.05,5,8,3,3,0,8,5,2,6,3,0.15314840245991945
job_000009,Rwanda,299,12.913155725623582,True,0.05,5,8,3,3,0,8,5,2,6,3,0.15813505928963423
job_000009,Rwanda,300,12.956343537414966,True,0.05,4,8,4,4,0,8,4,2,6,2,0.16198426438495517
job_000009,Rwanda,301,12.999531349206348,True,0.05,5,8,3,3,0,8,5,2,6,3,0.16865030862390995
job_000009,Rwanda,302,13.042719160997732,True,0.05,4,12,8,8,0,12,4,1,11,3,0.14016382427265248
job_000009,Rwanda,303,13.085906972789115,True,0.05,5,13,8,8,0,13,5,3,10,2,0.13450144775784934
job_000009,Rwanda,304,13.129094784580499,True,0.05,4,12,8,8,0,12,4,2,10,2,0.1430193598692616
job_000009,Rwanda,305,13.172282596371883,True,0.05,4,9,5,5,0,9,4,1,8,3,0.1583444190522035
job_000009,Rwanda,306,13.215470408163265,True,0.05,4,13,9,9,0,13,4,2,11,2,0.13274292848431146
job_000009,Rwanda,307,13.258658219954649,True,0.05,4,12,8,8,0,12,4,1,11,3,0.14156313644101223
job_000009,Rwanda,308,13.301846031746031,True,0.05,4,18,14,14,0,18,4,1,17,3,0.143981894892123
job_000009,Rwanda,309,13.345033843537415,True,0.05,4,16,12,12,0,16,4,1,15,3,0.1550076249986887
job_000009,Rwanda,310,13.388221655328797,True,0.05,4,13,9,9,0,13,4,1,12,3,0.14154487991562256
job_000009,Rwanda,311,13.431409467120181,True,0.05,4,13,9,9,0,13,4,1,12,3,0.12061377557424399
job_000009,Rwanda,312,13.474597278911565,True,0.05,4,7,3,3,0,7,4,1,6,3,0.13882944041064807
job_000009,Rwanda,313,13.517785090702947,True,0.05,4,8,4,4,0,8,4,1,7,3,0.1463110176846385
job_000009,Rwanda,314,13.560972902494331,True,0.05,3,7,4,4,0,7,3,1,6,2,0.14770937391689845
job_000009,Rwanda,315,13.604160714285713,True,0.05,3,8,5,5,0,8,3,1,7,2,0.12630846677348018
job_000009,Rwanda,316,13.647348526077097,True,0.05,3,7,4,4,0,7,3,1,6,2,0.14512164145708084
job_000009,Rwanda,317,13.69053633786848,True,0.05,4,8,4,4,0,8,4,1,7,3,0.1468103239312768
job_000009,Rwanda,318,13.733724149659864,True,0.05,3,9,6,6,0,9,3,2,7,1,0.15233959133426347
job_000009,Rwanda,319,13.776911961451248,True,0.05,3,8,5,5,0,8,3,1,7,2,0.17740553338080645
job_000009,Rwanda,320,13.82009977324263,True,0.05,3,8,5,5,0,8,3,1,7,2,0.17567782988771796
job_000009,Rwanda,321,13.863287585034014,True,0.05,3,10,7,7,0,10,3,1,9,2,0.14854753538966178
job_000009,Rwanda,322,13.906475396825396,True,0.05,2,8,6,6,0,8,2,1,7,1,0.16210940154269338
job_000009,Rwanda,323,13.94966320861678,True,0.05,2,8,6,6,0,8,2,1,7,1,0.1552419145591557
job_000009,Rwanda,324,13.992851020408162,True,0.05,2,8,6,6,0,8,2,1,7,1,0.12819311255589128
job_000009,Rwanda,325,14.036038832199546,True,0.05,2,7,5,5,0,7,2,1,6,1,0.13610953305448806
job_000009,Rwanda,326,14.07922664399093,True,0.05,2,7,5,5,0,7,2,1,6,1,0.14496670982667378
job_000009,Rwanda,327,14.122414455782312,True,0.05,2,7,5,5,0,7,2,1,6,1,0.14125721475907735
job_000009,Rwanda,328,14.165602267573696,True,0.05,2,9,7,7,0,9,2,2,7,0,0.13129226821992132
job_000009,Rwanda,329,14.208790079365079,True,0.05,5,9,4,4,0,9,5,3,6,2,0.12958474912577206
job_000009,Rwanda,330,14.251977891156463,True,0.05,3,7,4,4,0,7,3,1,6,2,0.1453061162361077
job_000009,Rwanda,331,14.295165702947845,True,0.05,2,7,5,5,0,7,2,1,6,1,0.1414041971521718
job_000009,Rwanda,332,14.338353514739229,True,0.05,4,7,3,3,0,7,4,1,6,3,0.14101100234048708
job_000009,Rwanda,333,14.381541326530613,True,0.05,4,8,4,4,0,8,4,1,7,3,0.13773684110492468
job_000009,Rwanda,334,14.424729138321995,True,0.05,2,8,6,6,0,8,2,1,7,1,0.14104349724948406
job_000009,Rwanda,335,14.467916950113379,True,0.05,3,8,5,5,0,8,3,1,7,2,0.14118390157818794
job_000009,Rwanda,336,14.511104761904761,True,0.05,3,7,4,4,0,7,3,1,6,2,0.1430041417479515
job_000009,Rwanda,337,14.554292573696145,True,0.05,3,9,6,6,0,9,3,1,8,2,0.1307886718875832
job_000009,Rwanda,338,14.597480385487527,True,0.05,2,6,4,4,0,6,2,0,6,2,0.15625200606882572
job_000009,Rwanda,339,14.640668197278911,True,0.05,2,8,6,6,0,8,2,1,7,1,0.13826906215399504
job_000009,Rwanda,340,14.683856009070295,True,0.05,3,6,3,3,0,6,3,1,5,2,0.15777523505191007
job_000009,Rwanda,341,14.727043820861677,True,0.05,2,5,3,3,0,5,2,0,5,2,0.17271034717559813
job_000009,Rwanda,342,14.770231632653061,True,0.05,2,7,5,5,0,7,2,1,6,1,0.14513325904096877
job_000009,Rwanda,343,14.813419444444444,True,0.05,2,6,4,4,0,6,2,1,5,1,0.16038495923082033
job_000009,Rwanda,344,14.856607256235828,True,0.05,2,6,4,4,0,6,2,1,5,1,0.1575329558302959
job_000009,Rwanda,345,14.89979506802721,True,0.05,3,6,3,3,0,6,3,1,5,2,0.15445038552085558
job_000009,Rwanda,346,14.942982879818594,True,0.05,2,5,3,3,0,5,2,0,5,2,0.17306008487939833
job_000009,Rwanda,347,14.986170691609978,True,0.05,4,4,0,0,0,4,4,1,3,3,0.19965347833931446
job_000009,Rwanda,348,15.02935850340136,True,0.05,3,3,0,0,0,3,3,0,3,3,0.22732553631067276
job_000009,Rwanda,349,15.072546315192744,True,0.05,5,3,-2,2,0,3,5,0,3,5,0.22034599632024765
job_000009,Rwanda,350,15.115734126984126,True,0.05,4,6,2,2,0,6,4,0,6,4,0.15536026222010454
job_000009,Rwanda,351,15.15892193877551,True,0.05,4,5,1,1,0,5,4,1,4,3,0.18371506333351134
job_000009,Rwanda,352,15.202109750566894,True,0.05,3,4,1,1,0,4,3,0,4,3,0.19505053851753473
job_000009,Rwanda,353,15.245297562358276,True,0.05,3,4,1,1,0,4,3,0,4,3,0.20484841242432594
job_000009,Rwanda,354,15.28848537414966,True,0.05,3,6,3,3,0,6,3,1,5,2,0.15912323258817196
job_000009,Rwanda,355,15.331673185941042,True,0.05,2,5,3,3,0,5,2,1,4,1,0.18369841501116752
job_000009,Rwanda,356,15.374860997732426,True,0.05,3,5,2,2,0,5,3,1,4,2,0.1853015497326851
job_000009,Rwanda,357,15.418048809523809,False,0.05,,5,,,,,,,,,0.17912720143795013
job_000009,Rwanda,358,15.461236621315193,False,0.05,,5,,,,,,,,,0.18548121750354768
job_000009,Rwanda,359,15.504424433106577,False,0.05,,7,,,,,,,,,0.17210086222205842
job_000009,Rwanda,360,15.547612244897959,False,0.05,,8,,,,,,,,,0.17172602843493223
job_000009,Rwanda,361,15.590800056689343,False,0.05,,7,,,,,,,,,0.17407190107873508
job_000009,Rwanda,362,15.633987868480725,False,0.05,,8,,,,,,,,,0.16902672918513417
job_000009,Rwanda,363,15.677175680272109,False,0.05,,8,,,,,,,,,0.16078703571110964
job_000009,Rwanda,364,15.720363492063491,False,0.05,,6,,,,,,,,,0.17394210522373518
job_000009,Rwanda,365,15.763551303854875,False,0.05,,5,,,,,,,,,0.16544458866119385
job_000009,Rwanda,366,15.806739115646259,False,0.05,,7,,,,,,,,,0.1423193003450121
job_000009,Rwanda,367,15.849926927437641,False,0.05,,4,,,,,,,,,0.18884367682039738
job_000009,Rwanda,368,15.893114739229025,False,0.05,,4,,,,,,,,,0.18986117467284203
job_000009,Rwanda,369,15.936302551020407,False,0.05,,4,,,,,,,,,0.18410448543727398
job_000009,Rwanda,370,15.979490362811791,False,0.05,,5,,,,,,,,,0.1561659172177315
job_000009,Rwanda,371,16.022678174603175,False,0.05,,8,,,,,,,,,0.1292564724572003
job_000009,Rwanda,372,16.065865986394556,False,0.05,,5,,,,,,,,,0.16873994916677476
job_000009,Rwanda,373,16.10905379818594,False,0.05,,6,,,,,,,,,0.17466034119327864
job_000009,Rwanda,374,16.152241609977324,False,0.05,,5,,,,,,,,,0.18091172575950623
job_000009,Rwanda,375,16.195429421768708,False,0.05,,5,,,,,,,,,0.1658670574426651
job_000009,Rwanda,376,16.238617233560092,False,0.05,,5,,,,,,,,,0.188645139336586
job_000009,Rwanda,377,16.281805045351472,False,0.05,,5,,,,,,,,,0.1616588868200779
job_000009,Rwanda,378,16.324992857142856,False,0.05,,5,,,,,,,,,0.16896402463316917
job_000009,Rwanda,379,16.36818066893424,False,0.05,,4,,,,,,,,,0.1872647888958454
job_000009,Rwanda,380,16.411368480725624,False,0.05,,3,,,,,,,,,0.22735270857810974
job_000009,Rwanda,381,16.454556292517008,False,0.05,,5,,,,,,,,,0.2041573256254196
job_000009,Rwanda,382,16.49774410430839,False,0.05,,6,,,,,,,,,0.18514881593485674
job_000009,Rwanda,383,16.540931916099773,False,0.05,,5,,,,,,,,,0.19382952749729157
job_000009,Rwanda,384,16.584119727891157,False,0.05,,4,,,,,,,,,0.19437433406710625
job_000009,Rwanda,385,16.62730753968254,False,0.05,,4,,,,,,,,,0.19689763896167278
job_000009,Rwanda,386,16.67049535147392,False,0.05,,4,,,,,,,,,0.2145369090139866
job_000009,Rwanda,387,16.713683163265305,False,0.05,,4,,,,,,,,,0.21785560250282288
job_000009,Rwanda,388,16.75687097505669,False,0.05,,5,,,,,,,,,0.16682615503668785
job_000009,Rwanda,389,16.800058786848073,False,0.05,,3,,,,,,,,,0.23093067606290182
job_000009,Rwanda,390,16.843246598639457,False,0.05,,7,,,,,,,,,0.1474583830152239
job_000009,Rwanda,391,16.886434410430837,False,0.05,,5,,,,,,,,,0.18709186911582948
job_000010,Rwanda,0,0.0,True,0.05,10,5,-5,5,0,5,10,0,5,10,0.14379219934344292
job_000010,Rwanda,1,0.03934811507936508,True,0.05,10,7,-3,3,0,7,10,1,6,9,0.13614659756422043
job_000010,Rwanda,2,0.07869623015873016,True,0.05,8,6,-2,2,0,6,8,0,6,8,0.14479318323234716
job_000010,Rwanda,3,0.11804434523809525,True,0.05,6,8,2,2,0,8,6,1,7,5,0.12705444311723113
job_000010,Rwanda,4,0.15739246031746032,True,0.05,9,7,-2,2,0,7,9,1,6,8,0.13228361627885274
job_000010,Rwanda,5,0.1967405753968254,True,0.05,9,9,0,0,0,9,9,1,8,8,0.11723612662818697
job_000010,Rwanda,6,0.2360886904761905,True,0.05,8,8,0,0,0,8,8,1,7,7,0.1302749700844288
job_000010,Rwanda,7,0.27543680555555555,True,0.05,9,7,-2,2,0,7,9,1,6,8,0.14077301642724446
job_000010,Rwanda,8,0.31478492063492064,True,0.05,9,9,0,0,0,9,9,1,8,8,0.11259951111343172
job_000010,Rwanda,9,0.3541330357142857,True,0.05,10,6,-4,4,0,6,10,1,5,9,0.11272125939528148
job_000010,Rwanda,10,0.3934811507936508,True,0.05,7,5,-2,2,0,5,7,0,5,7,0.11600185781717301
job_000010,Rwanda,11,0.4328292658730159,True,0.05,6,6,0,0,0,6,6,1,5,5,0.10395197632412116
job_000010,Rwanda,12,0.472177380952381,True,0.05,7,11,4,4,1,10,6,3,8,4,0.08559782328930768
job_000010,Rwanda,13,0.511525496031746,True,0.05,10,10,0,0,0,10,10,4,6,6,0.08604353927075863
job_000010,Rwanda,14,0.5508736111111111,True,0.05,8,9,1,1,0,9,8,1,8,7,0.10796127302779092
job_000010,Rwanda,15,0.5902217261904762,True,0.05,7,9,2,2,0,9,7,0,9,7,0.10926300576991504
job_000010,Rwanda,16,0.6295698412698413,True,0.05,10,10,0,0,0,10,10,4,6,6,0.09660030230879783
job_000010,Rwanda,17,0.6689179563492064,True,0.05,8,6,-2,2,0,6,8,0,6,8,0.11196361171702544
job_000010,Rwanda,18,0.7082660714285715,True,0.05,9,10,1,1,0,10,9,3,7,6,0.10026839300990105
job_000010,Rwanda,19,0.7476141865079365,True,0.05,9,9,0,0,0,9,9,2,7,7,0.11319667845964432
job_000010,Rwanda,20,0.7869623015873016,True,0.05,7,8,1,1,0,8,7,0,8,7,0.11240906221792102
job_000010,Rwanda,21,0.8263104166666667,True,0.05,7,10,3,3,0,10,7,1,9,6,0.10654251985251903
job_000010,Rwanda,22,0.8656585317460318,True,0.05,7,10,3,3,0,10,7,1,9,6,0.10679573081433773
job_000010,Rwanda,23,0.9050066468253969,True,0.05,8,7,-1,1,0,7,8,0,7,8,0.1417024987084525
job_000010,Rwanda,24,0.944354761904762,True,0.05,6,7,1,1,0,7,6,0,7,6,0.1382706324969019
job_000010,Rwanda,25,0.9837028769841271,True,0.05,8,8,0,0,0,8,8,2,6,6,0.12556162802502513
job_000010,Rwanda,26,1.023050992063492,True,0.05,9,6,-3,3,0,6,9,0,6,9,0.09226568477849166
job_000010,Rwanda,27,1.0623991071428571,True,0.05,8,7,-1,1,0,7,8,0,7,8,0.11424860837204116
job_000010,Rwanda,28,1.1017472222222222,True,0.05,8,6,-2,2,0,6,8,0,6,8,0.14538991078734398
job_000010,Rwanda,29,1.1410953373015873,True,0.05,6,9,3,3,0,9,6,0,9,6,0.15551293972465727
job_000010,Rwanda,30,1.1804434523809524,True,0.05,6,11,5,5,0,11,6,0,11,6,0.12076145579869096
job_000010,Rwanda,31,1.2197915674603175,True,0.05,7,12,5,5,0,12,7,0,12,7,0.10711051958302657
job_000010,Rwanda,32,1.2591396825396826,True,0.05,6,8,2,2,0,8,6,0,8,6,0.12496165279299021
job_000010,Rwanda,33,1.2984877976190476,True,0.05,7,9,2,2,0,9,7,0,9,7,0.10467641386720869
job_000010,Rwanda,34,1.3378359126984127,True,0.05,7,9,2,2,0,9,7,0,9,7,0.10908842583497365
job_000010,Rwanda,35,1.3771840277777778,True,0.05,8,10,2,2,0,10,8,3,7,5,0.1260756030678749
job_000010,Rwanda,36,1.416532142857143,True,0.05,8,11,3,3,0,11,8,3,8,5,0.1248138692568649
job_000010,Rwanda,37,1.455880257936508,True,0.05,6,12,6,6,0,12,6,3,9,3,0.11887852288782597
job_000010,Rwanda,38,1.495228373015873,True,0.05,8,10,2,2,0,10,8,2,8,6,0.11293167434632778
job_000010,Rwanda,39,1.5345764880952382,True,0.05,4,13,9,9,0,13,4,2,11,2,0.10256396778500997
job_000010,Rwanda,40,1.5739246031746033,True,0.05,7,9,2,2,0,9,7,0,9,7,0.10539069109492832
job_000010,Rwanda,41,1.6132727182539683,True,0.05,6,8,2,2,0,8,6,0,8,6,0.11156414030119777
job_000010,Rwanda,42,1.6526208333333334,True,0.05,5,7,2,2,0,7,5,0,7,5,0.11010411594595228
job_000010,Rwanda,43,1.6919689484126985,True,0.05,9,7,-2,2,0,7,9,0,7,9,0.10554199612566403
job_000010,Rwanda,44,1.7313170634920636,True,0.05,8,4,-4,4,0,4,8,0,4,8,0.12997108977288008
job_000010,Rwanda,45,1.7706651785714287,True,0.05,8,7,-1,1,0,7,8,1,6,7,0.1075570397078991
job_000010,Rwanda,46,1.8100132936507938,True,0.05,9,5,-4,4,0,5,9,1,4,8,0.12412873655557632
job_000010,Rwanda,47,1.8493614087301589,True,0.05,9,6,-3,3,0,6,9,1,5,8,0.12336618266999722
job_000010,Rwanda,48,1.888709523809524,True,0.05,10,6,-4,4,0,6,10,2,4,8,0.11660755798220634
job_000010,Rwanda,49,1.928057638888889,True,0.05,9,4,-5,5,0,4,9,1,3,8,0.10685006901621819
job_000010,Rwanda,50,1.9674057539682541,True,0.05,8,2,-6,6,0,2,8,0,2,8,0.10646508075296879
job_000010,Rwanda,51,2.006753869047619,True,0.05,7,5,-2,2,0,5,7,1,4,6,0.1013251669704914
job_000010,Rwanda,52,2.046101984126984,True,0.05,9,3,-6,6,0,3,9,1,2,8,0.10357065374652545
job_000010,Rwanda,53,2.085450099206349,True,0.05,8,3,-5,5,0,3,8,0,3,8,0.10027239844202995
job_000010,Rwanda,54,2.1247982142857142,True,0.05,8,3,-5,5,0,3,8,0,3,8,0.08907970041036606
job_000010,Rwanda,55,2.1641463293650793,True,0.05,8,3,-5,5,0,3,8,0,3,8,0.08278466761112213
job_000010,Rwanda,56,2.2034944444444444,True,0.05,7,2,-5,5,0,2,7,0,2,7,0.09933274798095226
job_000010,Rwanda,57,2.2428425595238095,True,0.05,8,2,-6,6,0,2,8,0,2,8,0.109637800604105
job_000010,Rwanda,58,2.2821906746031746,True,0.05,7,2,-5,5,0,2,7,0,2,7,0.12040317431092262
job_000010,Rwanda,59,2.3215387896825397,True,0.05,9,2,-7,7,0,2,9,0,2,9,0.1002473384141922
job_000010,Rwanda,60,2.3608869047619048,True,0.05,8,3,-5,5,0,3,8,1,2,7,0.12119550754626592
job_000010,Rwanda,61,2.40023501984127,True,0.05,8,3,-5,5,0,3,8,0,3,8,0.12018125504255295
job_000010,Rwanda,62,2.439583134920635,True,0.05,9,4,-5,5,0,4,9,0,4,9,0.10776586178690195
job_000010,Rwanda,63,2.47893125,True,0.05,8,8,0,0,0,8,8,0,8,8,0.12334493082016706
job_000010,Rwanda,64,2.518279365079365,True,0.05,8,7,-1,1,0,7,8,0,7,8,0.14306678942271642
job_000010,Rwanda,65,2.55762748015873,True,0.05,9,8,-1,1,0,8,9,0,8,9,0.15663511445745826
job_000010,Rwanda,66,2.5969755952380953,True,0.05,7,6,-1,1,0,6,7,0,6,7,0.1449139304459095
job_000010,Rwanda,67,2.6363237103174604,True,0.05,8,7,-1,1,0,7,8,1,6,7,0.13439109602144786
job_000010,Rwanda,68,2.6756718253968255,True,0.05,9,7,-2,2,0,7,9,2,5,7,0.13843369909695216
job_000010,Rwanda,69,2.7150199404761906,True,0.05,8,6,-2,2,0,6,8,3,3,5,0.12406685079137485
job_000010,Rwanda,70,2.7543680555555556,True,0.05,9,5,-4,4,0,5,9,3,2,6,0.13698087483644486
job_000010,Rwanda,71,2.7937161706349207,True,0.05,10,8,-2,2,0,8,10,3,5,7,0.12921464256942272
job_000010,Rwanda,72,2.833064285714286,True,0.05,10,7,-3,3,0,7,10,3,4,7,0.12715783449155943
job_000010,Rwanda,73,2.872412400793651,True,0.05,8,8,0,0,0,8,8,3,5,5,0.11101329373195767
job_000010,Rwanda,74,2.911760515873016,True,0.05,7,8,1,1,0,8,7,2,6,5,0.10332458419725299
job_000010,Rwanda,75,2.951108630952381,True,0.05,1,7,6,6,0,7,1,0,7,1,0.08930831402540207
job_000010,Rwanda,76,2.990456746031746,True,0.05,5,11,6,6,0,11,5,3,8,2,0.0889152813364159
job_000010,Rwanda,77,3.0298048611111112,True,0.05,2,12,10,10,0,12,2,1,11,1,0.089488558160762
job_000010,Rwanda,78,3.0691529761904763,True,0.05,8,7,-1,1,0,7,8,0,7,8,0.09600352070161275
job_000010,Rwanda,79,3.1085010912698414,True,0.05,11,6,-5,5,0,6,11,0,6,11,0.08629701907436053
job_000010,Rwanda,80,3.1478492063492065,True,0.05,1,7,6,6,0,7,1,0,7,1,0.08078322559595108
job_000010,Rwanda,81,3.1871973214285716,True,0.05,7,6,-1,1,0,6,7,1,5,6,0.08852343012889226
job_000010,Rwanda,82,3.2265454365079367,True,0.05,9,7,-2,2,0,7,9,1,6,8,0.0981830677815846
job_000010,Rwanda,83,3.2658935515873018,True,0.05,10,8,-2,2,0,8,10,3,5,7,0.08636078285053372
job_000010,Rwanda,84,3.305241666666667,True,0.05,10,6,-4,4,0,6,10,2,4,8,0.09637109997371833
job_000010,Rwanda,85,3.344589781746032,True,0.05,12,8,-4,4,0,8,12,3,5,9,0.0954624842852354
job_000010,Rwanda,86,3.383937896825397,True,0.05,10,10,0,0,0,10,10,3,7,7,0.08938769102096558
job_000010,Rwanda,87,3.423286011904762,True,0.05,8,8,0,0,0,8,8,2,6,6,0.10203953227028251
job_000010,Rwanda,88,3.462634126984127,True,0.05,3,8,5,5,0,8,3,1,7,2,0.10739227058365941
job_000010,Rwanda,89,3.5019822420634923,True,0.05,10,9,-1,1,0,9,10,4,5,6,0.09826698154211044
job_000010,Rwanda,90,3.5413303571428574,True,0.05,10,11,1,1,0,11,10,5,6,5,0.09658238427205519
job_000010,Rwanda,91,3.5806784722222225,True,0.05,10,11,1,1,0,11,10,5,6,5,0.10316292365843599
job_000010,Rwanda,92,3.6200265873015876,True,0.05,8,9,1,1,0,9,8,2,7,6,0.10577992722392082
job_000010,Rwanda,93,3.6593747023809526,True,0.05,7,8,1,1,0,8,7,2,6,5,0.10187668539583683
job_000010,Rwanda,94,3.6987228174603177,True,0.05,8,8,0,0,0,8,8,3,5,5,0.11583209875971079
job_000010,Rwanda,95,3.738070932539683,True,0.05,7,7,0,0,0,7,7,2,5,5,0.1130024583211967
job_000010,Rwanda,96,3.777419047619048,True,0.05,8,7,-1,1,0,7,8,2,5,6,0.0958301770899977
job_000010,Rwanda,97,3.816767162698413,True,0.05,9,8,-1,1,0,8,9,3,5,6,0.10778209893032908
job_000010,Rwanda,98,3.856115277777778,True,0.05,9,7,-2,2,0,7,9,2,5,7,0.10887128221137184
job_000010,Rwanda,99,3.895463392857143,True,0.05,7,9,2,2,0,9,7,2,7,5,0.10232707609732945
job_000010,Rwanda,100,3.9348115079365082,True,0.05,6,8,2,2,0,8,6,1,7,5,0.09176568640395999
job_000010,Rwanda,101,3.9741596230158733,True,0.05,8,6,-2,2,0,6,8,2,4,6,0.11395923979580402
job_000010,Rwanda,102,4.013507738095238,True,0.05,8,8,0,0,0,8,8,2,6,6,0.11479183984920382
job_000010,Rwanda,103,4.052855853174603,True,0.05,6,9,3,3,0,9,6,3,6,3,0.1306956530445152
job_000010,Rwanda,104,4.092203968253968,True,0.05,7,11,4,4,0,11,7,3,8,4,0.13589330627159638
job_000010,Rwanda,105,4.131552083333333,True,0.05,6,11,5,5,0,11,6,3,8,3,0.14853593131357973
job_000010,Rwanda,106,4.170900198412698,True,0.05,7,10,3,3,0,10,7,3,7,4,0.1578457996249199
job_000010,Rwanda,107,4.210248313492063,True,0.05,9,12,3,3,0,12,9,3,9,6,0.13793785187105337
job_000010,Rwanda,108,4.2495964285714285,True,0.05,5,11,6,6,0,11,5,3,8,2,0.15434090319004926
job_000010,Rwanda,109,4.288944543650794,True,0.05,6,14,8,8,0,14,6,4,10,2,0.1421930491924286
job_000010,Rwanda,110,4.328292658730159,True,0.05,9,12,3,3,0,12,9,3,9,6,0.17515581597884497
job_000010,Rwanda,111,4.367640773809524,True,0.05,10,12,2,2,0,12,10,3,9,7,0.13270744867622852
job_000010,Rwanda,112,4.406988888888889,True,0.05,8,11,3,3,0,11,8,2,9,6,0.1427472856911746
job_000010,Rwanda,113,4.446337003968254,True,0.05,8,7,-1,1,0,7,8,2,5,6,0.18593598689351762
job_000010,Rwanda,114,4.485685119047619,True,0.05,6,8,2,2,0,8,6,2,6,4,0.15907507063820958
job_000010,Rwanda,115,4.525033234126984,True,0.05,4,7,3,3,0,7,4,1,6,3,0.1561069722686495
job_000010,Rwanda,116,4.564381349206349,True,0.05,7,9,2,2,0,9,7,2,7,5,0.12485405968295203
job_000010,Rwanda,117,4.603729464285714,True,0.05,8,6,-2,2,0,6,8,1,5,7,0.16270660981535912
job_000010,Rwanda,118,4.643077579365079,True,0.05,9,9,0,0,0,9,9,3,6,6,0.1285820719268587
job_000010,Rwanda,119,4.6824256944444445,True,0.05,8,15,7,7,0,15,8,3,12,5,0.10998400549093883
job_000010,Rwanda,120,4.7217738095238095,True,0.05,7,11,4,4,0,11,7,1,10,6,0.12394391745328903
job_000010,Rwanda,121,4.761121924603175,True,0.05,6,11,5,5,0,11,6,1,10,5,0.12013479220596227
job_000010,Rwanda,122,4.80047003968254,True,0.05,8,8,0,0,0,8,8,3,5,5,0.09337895317003131
job_000010,Rwanda,123,4.839818154761905,True,0.05,7,8,1,1,0,8,7,2,6,5,0.10956596257165074
job_000010,Rwanda,124,4.87916626984127,True,0.05,5,4,-1,1,0,4,5,1,3,4,0.1184171112254262
job_000010,Rwanda,125,4.918514384920635,True,0.05,7,4,-3,3,0,4,7,1,3,6,0.11070429254323244
job_000010,Rwanda,126,4.9578625,True,0.05,9,5,-4,4,0,5,9,1,4,8,0.10855723470449448
job_000010,Rwanda,127,4.997210615079365,True,0.05,9,4,-5,5,0,4,9,1,3,8,0.126118547283113
job_000010,Rwanda,128,5.03655873015873,True,0.05,9,2,-7,7,0,2,9,1,1,8,0.16895360872149467
job_000010,Rwanda,129,5.075906845238095,True,0.05,8,6,-2,2,0,6,8,2,4,6,0.0936864862839381
job_000010,Rwanda,130,5.11525496031746,True,0.05,10,6,-4,4,0,6,10,3,3,7,0.10449531115591526
job_000010,Rwanda,131,5.1546030753968255,True,0.05,10,7,-3,3,0,7,10,3,4,7,0.09839679087911334
job_000010,Rwanda,132,5.193951190476191,True,0.05,8,8,0,0,0,8,8,3,5,5,0.10117178736254573
job_000010,Rwanda,133,5.233299305555556,True,0.05,9,8,-1,1,0,8,9,3,5,6,0.11715912539511919
job_000010,Rwanda,134,5.272647420634921,True,0.05,10,9,-1,1,0,9,10,3,6,7,0.11425251306758986
job_000010,Rwanda,135,5.311995535714286,True,0.05,8,6,-2,2,0,6,8,2,4,6,0.13290475805600485
job_000010,Rwanda,136,5.351343650793651,True,0.05,9,7,-2,2,0,7,9,2,5,7,0.1229324649487223
job_000010,Rwanda,137,5.390691765873016,True,0.05,7,6,-1,1,0,6,7,2,4,5,0.1127471545090278
job_000010,Rwanda,138,5.430039880952381,True,0.05,9,6,-3,3,0,6,9,2,4,7,0.12150577207406361
job_000010,Rwanda,139,5.469387996031746,True,0.05,8,6,-2,2,0,6,8,1,5,7,0.10908014761904876
job_000010,Rwanda,140,5.508736111111111,True,0.05,7,6,-1,1,0,6,7,2,4,5,0.09005697257816792
job_000010,Rwanda,141,5.548084226190476,True,0.05,9,8,-1,1,0,8,9,2,6,7,0.0904231732711196
job_000010,Rwanda,142,5.5874323412698415,True,0.05,8,8,0,0,0,8,8,2,6,6,0.09608942735940218
job_000010,Rwanda,143,5.6267804563492065,True,0.05,9,7,-2,2,0,7,9,1,6,8,0.10100617685488292
job_000010,Rwanda,144,5.666128571428572,True,0.05,10,6,-4,4,0,6,10,2,4,8,0.10314677841961384
job_000010,Rwanda,145,5.705476686507937,True,0.05,8,6,-2,2,0,6,8,2,4,6,0.10608021977047126
job_000010,Rwanda,146,5.744824801587302,True,0.05,8,6,-2,2,0,6,8,1,5,7,0.11752868629992008
job_000010,Rwanda,147,5.784172916666667,True,0.05,6,9,3,3,0,9,6,1,8,5,0.09649900843699773
job_000010,Rwanda,148,5.823521031746032,True,0.05,7,8,1,1,0,8,7,1,7,6,0.09610970690846443
job_000010,Rwanda,149,5.862869146825397,True,0.05,8,9,1,1,0,9,8,1,8,7,0.10787883814838198
job_000010,Rwanda,150,5.902217261904762,True,0.05,9,5,-4,4,0,5,9,1,4,8,0.11091403663158417
job_000010,Rwanda,151,5.941565376984127,True,0.05,4,5,1,1,0,5,4,1,4,3,0.12363927438855171
job_000010,Rwanda,152,5.980913492063492,True,0.05,4,6,2,2,0,6,4,1,5,3,0.12034922651946545
job_000010,Rwanda,153,6.020261607142857,True,0.05,1,5,4,4,0,5,1,1,4,0,0.1439476877450943
job_000010,Rwanda,154,6.0596097222222225,True,0.05,4,6,2,2,0,6,4,1,5,3,0.1298973554124435
job_000010,Rwanda,155,6.098957837301588,True,0.05,6,4,-2,2,0,4,6,1,3,5,0.16403538547456264
job_000010,Rwanda,156,6.138305952380953,True,0.05,8,5,-3,3,0,5,8,2,3,6,0.16302189081907273
job_000010,Rwanda,157,6.177654067460318,True,0.05,7,5,-2,2,0,5,7,2,3,5,0.17133412063121795
job_000010,Rwanda,158,6.217002182539683,True,0.05,7,7,0,0,0,7,7,3,4,4,0.14331766217947006
job_000010,Rwanda,159,6.256350297619048,True,0.05,4,7,3,3,0,7,4,1,6,3,0.136890673743827
job_000010,Rwanda,160,6.295698412698413,True,0.05,7,9,2,2,0,9,7,2,7,5,0.11670525372028351
job_000010,Rwanda,161,6.335046527777778,True,0.05,7,8,1,1,0,8,7,1,7,6,0.1400194806046784
job_000010,Rwanda,162,6.374394642857143,True,0.05,7,12,5,5,0,12,7,2,10,5,0.10886804759502411
job_000010,Rwanda,163,6.413742757936508,True,0.05,6,9,3,3,0,9,6,1,8,5,0.13600660446617338
job_000010,Rwanda,164,6.453090873015873,True,0.05,6,8,2,2,0,8,6,1,7,5,0.15769982431083918
job_000010,Rwanda,165,6.4924389880952385,True,0.05,7,9,2,2,0,9,7,2,7,5,0.18599251036842665
job_000010,Rwanda,166,6.5317871031746035,True,0.05,7,10,3,3,0,10,7,2,8,5,0.16061313152313234
job_000010,Rwanda,167,6.571135218253969,True,0.05,4,10,6,6,0,10,4,2,8,2,0.17440257966518402
job_000010,Rwanda,168,6.610483333333334,True,0.05,7,10,3,3,0,10,7,2,8,5,0.16384512782096863
job_000010,Rwanda,169,6.649831448412699,True,0.05,7,7,0,0,0,7,7,2,5,5,0.1685536913573742
job_000010,Rwanda,170,6.689179563492064,True,0.05,5,10,5,5,0,10,5,2,8,3,0.13907144255936146
job_000010,Rwanda,171,6.728527678571429,True,0.05,4,10,6,6,0,10,4,2,8,2,0.1643927503377199
job_000010,Rwanda,172,6.767875793650794,True,0.05,5,11,6,6,0,11,5,1,10,4,0.14268839223818344
job_000010,Rwanda,173,6.807223908730159,True,0.05,5,8,3,3,0,8,5,1,7,4,0.16811166610568762
job_000010,Rwanda,174,6.846572023809524,True,0.05,5,4,-1,1,0,4,5,1,3,4,0.2613678239285946
job_000010,Rwanda,175,6.885920138888889,True,0.05,7,5,-2,2,0,5,7,1,4,6,0.20552046820521355
job_000010,Rwanda,176,6.925268253968254,True,0.05,4,4,0,0,0,4,4,1,3,3,0.1990172602236271
job_000010,Rwanda,177,6.9646163690476195,True,0.05,5,4,-1,1,0,4,5,1,3,4,0.22711801528930664
job_000010,Rwanda,178,7.003964484126985,True,0.05,4,4,0,0,0,4,4,1,3,3,0.22008613124489784
job_000010,Rwanda,179,7.04331259920635,True,0.05,6,4,-2,2,0,4,6,1,3,5,0.21200804971158504
job_000010,Rwanda,180,7.082660714285715,True,0.05,1,5,4,4,0,5,1,1,4,0,0.17523023188114167
job_000010,Rwanda,181,7.12200882936508,True,0.05,6,6,0,0,0,6,6,1,5,5,0.14317965880036354
job_000010,Rwanda,182,7.161356944444445,True,0.05,1,6,5,5,0,6,1,1,5,0,0.16685155779123306
job_000010,Rwanda,183,7.20070505952381,True,0.05,6,7,1,1,0,7,6,1,6,5,0.14146825351885386
job_000010,Rwanda,184,7.240053174603175,True,0.05,4,6,2,2,0,6,4,1,5,3,0.1281630483766397
job_000010,Rwanda,185,7.27940128968254,True,0.05,4,8,4,4,0,8,4,0,8,4,0.1077908594161272
job_000010,Rwanda,186,7.318749404761905,True,0.05,3,6,3,3,0,6,3,1,5,2,0.1311186601718267
job_000010,Rwanda,187,7.35809751984127,True,0.05,3,5,2,2,0,5,3,0,5,3,0.13833509683609008
job_000010,Rwanda,188,7.3974456349206354,True,0.05,7,5,-2,2,0,5,7,3,2,4,0.16195280477404594
job_000010,Rwanda,189,7.4367937500000005,True,0.05,0,6,6,6,0,6,0,0,6,0,0.14409514081974825
job_000010,Rwanda,190,7.476141865079366,True,0.05,5,5,0,0,0,5,5,0,5,5,0.16815172433853148
job_000010,Rwanda,191,7.515489980158731,True,0.05,5,5,0,0,0,5,5,0,5,5,0.190010167658329
job_000010,Rwanda,192,7.554838095238096,True,0.05,3,5,2,2,0,5,3,0,5,3,0.180030757188797
job_000010,Rwanda,193,7.594186210317461,True,0.05,4,5,1,1,0,5,4,0,5,4,0.17476610839366913
job_000010,Rwanda,194,7.633534325396826,True,0.05,8,6,-2,2,0,6,8,2,4,6,0.2142933284242948
job_000010,Rwanda,195,7.672882440476191,True,0.05,7,7,0,0,0,7,7,2,5,5,0.20443499354379518
job_000010,Rwanda,196,7.712230555555556,True,0.05,7,5,-2,2,0,5,7,2,3,5,0.24265455156564714
job_000010,Rwanda,197,7.751578670634921,True,0.05,6,4,-2,2,0,4,6,2,2,4,0.23316489905118942
job_000010,Rwanda,198,7.790926785714286,True,0.05,4,6,2,2,0,6,4,1,5,3,0.17258804167310396
job_000010,Rwanda,199,7.830274900793651,True,0.05,5,6,1,1,0,6,5,1,5,4,0.14488523080945015
job_000010,Rwanda,200,7.8696230158730165,True,0.05,6,7,1,1,0,7,6,2,5,4,0.1335570684501103
job_000010,Rwanda,201,7.908971130952382,True,0.05,7,6,-1,1,0,6,7,1,5,6,0.1444097782174746
job_000010,Rwanda,202,7.948319246031747,True,0.05,6,7,1,1,0,7,6,1,6,5,0.12658921575972013
job_000010,Rwanda,203,7.987667361111112,True,0.05,7,8,1,1,0,8,7,1,7,6,0.12559957010671496
job_000010,Rwanda,204,8.027015476190476,True,0.05,4,10,6,6,0,10,4,1,9,3,0.11857601590454578
job_000010,Rwanda,205,8.066363591269841,True,0.05,5,8,3,3,0,8,5,1,7,4,0.12185447989031672
job_000010,Rwanda,206,8.105711706349206,True,0.05,5,8,3,3,0,8,5,1,7,4,0.11470063496381044
job_000010,Rwanda,207,8.145059821428571,True,0.05,6,8,2,2,0,8,6,2,6,4,0.12341163912788033
job_000010,Rwanda,208,8.184407936507936,True,0.05,7,11,4,4,0,11,7,2,9,5,0.10870824110778896
job_000010,Rwanda,209,8.223756051587301,True,0.05,7,10,3,3,0,10,7,2,8,5,0.11809778809547425
job_000010,Rwanda,210,8.263104166666666,True,0.05,7,13,6,6,0,13,7,1,12,6,0.12453659910422105
job_000010,Rwanda,211,8.302452281746032,True,0.05,6,13,7,7,0,13,6,1,12,5,0.11602501571178436
job_000010,Rwanda,212,8.341800396825397,True,0.05,7,11,4,4,0,11,7,1,10,6,0.11877533082257617
job_000010,Rwanda,213,8.381148511904762,True,0.05,7,14,7,7,0,14,7,1,13,6,0.1087329935814653
job_000010,Rwanda,214,8.420496626984127,True,0.05,7,12,5,5,0,12,7,1,11,6,0.11937680561095476
job_000010,Rwanda,215,8.459844742063492,True,0.05,8,12,4,4,0,12,8,2,10,6,0.12889553202937046
job_000010,Rwanda,216,8.499192857142857,True,0.05,8,13,5,5,0,13,8,2,11,6,0.12939954835634965
job_000010,Rwanda,217,8.538540972222222,True,0.05,7,13,6,6,0,13,7,1,12,6,0.12705762455096611
job_000010,Rwanda,218,8.577889087301587,True,0.05,8,15,7,7,0,15,8,2,13,6,0.10585592687129974
job_000010,Rwanda,219,8.617237202380952,True,0.05,7,15,8,8,0,15,7,2,13,5,0.11396225939194361
job_000010,Rwanda,220,8.656585317460317,True,0.05,7,13,6,6,0,13,7,2,11,5,0.11500723058214554
job_000010,Rwanda,221,8.695933432539682,True,0.05,8,13,5,5,0,13,8,2,11,6,0.12381298009019631
job_000010,Rwanda,222,8.735281547619048,True,0.05,8,12,4,4,0,12,8,2,10,6,0.11600431489447753
job_000010,Rwanda,223,8.774629662698413,True,0.05,7,13,6,6,0,13,7,2,11,5,0.11324331536889076
job_000010,Rwanda,224,8.813977777777778,True,0.05,7,16,9,9,0,16,7,2,14,5,0.11501717357896268
job_000010,Rwanda,225,8.853325892857143,True,0.05,7,16,9,9,0,16,7,2,14,5,0.11030472884885967
job_000010,Rwanda,226,8.892674007936508,True,0.05,6,16,10,10,0,16,6,1,15,5,0.12005380960181355
job_000010,Rwanda,227,8.932022123015873,True,0.05,5,11,6,6,0,11,5,0,11,5,0.11523205278949304
job_000010,Rwanda,228,8.971370238095238,True,0.05,4,14,10,10,0,14,4,0,14,4,0.12522138548748835
job_000010,Rwanda,229,9.010718353174603,True,0.05,6,11,5,5,0,11,6,0,11,6,0.11637767607515509
job_000010,Rwanda,230,9.050066468253968,True,0.05,6,6,0,0,0,6,6,0,6,6,0.13587128929793835
job_000010,Rwanda,231,9.089414583333333,True,0.05,6,7,1,1,0,7,6,0,7,6,0.12139029375144414
job_000010,Rwanda,232,9.128762698412698,True,0.05,5,10,5,5,0,10,5,0,10,5,0.11165851950645447
job_000010,Rwanda,233,9.168110813492063,True,0.05,6,10,4,4,0,10,6,0,10,6,0.12020300924777985
job_000010,Rwanda,234,9.207458928571429,True,0.05,6,6,0,0,0,6,6,1,5,5,0.11881489803393681
job_000010,Rwanda,235,9.246807043650794,True,0.05,6,6,0,0,0,6,6,2,4,4,0.12925761938095093
job_000010,Rwanda,236,9.286155158730159,True,0.05,8,8,0,0,0,8,8,3,5,5,0.13177425740286708
job_000010,Rwanda,237,9.325503273809524,True,0.05,7,9,2,2,0,9,7,3,6,4,0.11927541924847497
job_000010,Rwanda,238,9.364851388888889,True,0.05,6,9,3,3,0,9,6,3,6,3,0.12047992812262641
job_000010,Rwanda,239,9.404199503968254,True,0.05,4,9,5,5,0,9,4,1,8,3,0.13776535333858597
job_000010,Rwanda,240,9.443547619047619,True,0.05,6,6,0,0,0,6,6,1,5,5,0.15220807368556658
job_000010,Rwanda,241,9.482895734126984,True,0.05,5,6,1,1,0,6,5,0,6,5,0.14678383246064186
job_000010,Rwanda,242,9.52224384920635,True,0.05,5,8,3,3,0,8,5,2,6,3,0.1404662700369954
job_000010,Rwanda,243,9.561591964285714,True,0.05,4,6,2,2,0,6,4,0,6,4,0.16211402975022793
job_000010,Rwanda,244,9.60094007936508,True,0.05,4,8,4,4,0,8,4,1,7,3,0.1429480309598148
job_000010,Rwanda,245,9.640288194444445,True,0.05,3,9,6,6,0,9,3,1,8,2,0.15241209914286932
job_000010,Rwanda,246,9.67963630952381,True,0.05,4,9,5,5,0,9,4,2,7,2,0.1317903900312053
job_000010,Rwanda,247,9.718984424603175,True,0.05,4,11,7,7,0,11,4,1,10,3,0.1367432295598767
job_000010,Rwanda,248,9.75833253968254,True,0.05,4,10,6,6,0,10,4,0,10,4,0.17598079591989518
job_000010,Rwanda,249,9.797680654761905,True,0.05,5,9,4,4,0,9,5,2,7,3,0.17504147522979313
job_000010,Rwanda,250,9.83702876984127,True,0.05,4,12,8,8,0,12,4,2,10,2,0.13506866401682296
job_000010,Rwanda,251,9.876376884920635,True,0.05,6,11,5,5,0,11,6,1,10,5,0.12741612405939537
job_000010,Rwanda,252,9.915725,True,0.05,4,8,4,4,0,8,4,1,7,3,0.1438309494405985
job_000010,Rwanda,253,9.955073115079365,True,0.05,3,6,3,3,0,6,3,1,5,2,0.16629792439440885
job_000010,Rwanda,254,9.99442123015873,True,0.05,3,6,3,3,0,6,3,1,5,2,0.1677378217379252
job_000010,Rwanda,255,10.033769345238095,True,0.05,5,5,0,0,0,5,5,2,3,3,0.16039574444293975
job_000010,Rwanda,256,10.07311746031746,True,0.05,4,5,1,1,0,5,4,1,4,3,0.17185805663466452
job_000010,Rwanda,257,10.112465575396826,True,0.05,3,6,3,3,0,6,3,0,6,3,0.16353310830891132
job_000010,Rwanda,258,10.15181369047619,True,0.05,4,9,5,5,0,9,4,1,8,3,0.16694002267387179
job_000010,Rwanda,259,10.191161805555556,True,0.05,4,9,5,5,0,9,4,1,8,3,0.15719150337908003
job_000010,Rwanda,260,10.23050992063492,True,0.05,4,7,3,3,0,7,4,1,6,3,0.17209223125662124
job_000010,Rwanda,261,10.269858035714286,True,0.05,4,16,12,12,0,16,4,2,14,2,0.13550892961211503
job_000010,Rwanda,262,10.309206150793651,True,0.05,5,12,7,7,0,12,5,1,11,4,0.12561121520896754
job_000010,Rwanda,263,10.348554265873016,True,0.05,4,10,6,6,0,10,4,0,10,4,0.13338653668761252
job_000010,Rwanda,264,10.387902380952381,True,0.05,5,13,8,8,0,13,5,2,11,3,0.12778613028618005
job_000010,Rwanda,265,10.427250496031746,True,0.05,6,12,6,6,0,12,6,2,10,4,0.10795278909305732
job_000010,Rwanda,266,10.466598611111111,True,0.05,8,14,6,6,0,14,8,3,11,5,0.12283047554748398
job_000010,Rwanda,267,10.505946726190476,True,0.05,6,11,5,5,0,11,6,1,10,5,0.12075026299465787
job_000010,Rwanda,268,10.545294841269842,True,0.05,8,10,2,2,0,10,8,1,9,7,0.11425016522407531
job_000010,Rwanda,269,10.584642956349207,True,0.05,7,13,6,6,0,13,7,2,11,5,0.10139654376185857
job_000010,Rwanda,270,10.623991071428572,True,0.05,8,18,10,10,0,18,8,3,15,5,0.10021518191529645
job_000010,Rwanda,271,10.663339186507937,True,0.05,7,19,12,12,0,19,7,2,17,5,0.09936631255243954
job_000010,Rwanda,272,10.702687301587302,True,0.05,7,19,12,12,0,19,7,3,16,4,0.11341143026947975
job_000010,Rwanda,273,10.742035416666667,True,0.05,6,16,10,10,0,16,6,2,14,4,0.11093355133198202
job_000010,Rwanda,274,10.781383531746032,True,0.05,4,16,12,12,0,16,4,2,14,2,0.0951362990308553
job_000010,Rwanda,275,10.820731646825397,True,0.05,6,14,8,8,0,14,6,3,11,3,0.12375274673104286
job_000010,Rwanda,276,10.860079761904762,True,0.05,6,14,8,8,0,14,6,3,11,3,0.12915050158543245
job_000010,Rwanda,277,10.899427876984127,True,0.05,6,15,9,9,0,15,6,3,12,3,0.12323512335618338
job_000010,Rwanda,278,10.938775992063492,True,0.05,9,16,7,7,0,16,9,3,13,6,0.12617236888036132
job_000010,Rwanda,279,10.978124107142857,True,0.05,8,13,5,5,0,13,8,2,11,6,0.12200587529402512
job_000010,Rwanda,280,11.017472222222223,True,0.05,6,9,3,3,0,9,6,2,7,4,0.1386427738600307
job_000010,Rwanda,281,11.056820337301588,True,0.05,7,9,2,2,0,9,7,2,7,5,0.15959584712982178
job_000010,Rwanda,282,11.096168452380953,True,0.05,5,9,4,4,0,9,5,2,7,3,0.1470808924900161
job_000010,Rwanda,283,11.135516567460318,True,0.05,6,9,3,3,0,9,6,2,7,4,0.1349288775689072
job_000010,Rwanda,284,11.174864682539683,True,0.05,7,8,1,1,0,8,7,2,6,5,0.147905760910362
job_000010,Rwanda,285,11.214212797619048,True,0.05,5,7,2,2,0,7,5,2,5,3,0.15550397442919867
job_000010,Rwanda,286,11.253560912698413,True,0.05,6,7,1,1,0,7,6,2,5,4,0.14439421253544943
job_000010,Rwanda,287,11.292909027777778,True,0.05,6,7,1,1,0,7,6,2,5,4,0.15693970876080648
job_000010,Rwanda,288,11.332257142857143,True,0.05,6,9,3,3,0,9,6,2,7,4,0.1352632012632158
job_000010,Rwanda,289,11.371605257936508,True,0.05,6,8,2,2,0,8,6,1,7,5,0.13475564727559686
job_000010,Rwanda,290,11.410953373015873,True,0.05,6,6,0,0,0,6,6,1,5,5,0.1571068838238716
job_000010,Rwanda,291,11.450301488095239,True,0.05,7,8,1,1,0,8,7,1,7,6,0.13760695839300752
job_000010,Rwanda,292,11.489649603174604,True,0.05,7,6,-1,1,0,6,7,1,5,6,0.16167528182268143
job_000010,Rwanda,293,11.528997718253969,True,0.05,8,6,-2,2,0,6,8,1,5,7,0.16319346924622855
job_000010,Rwanda,294,11.568345833333334,True,0.05,8,5,-3,3,0,5,8,1,4,7,0.18150417506694794
job_000010,Rwanda,295,11.607693948412699,True,0.05,7,4,-3,3,0,4,7,1,3,6,0.19156067818403244
job_000010,Rwanda,296,11.647042063492064,True,0.05,7,6,-1,1,0,6,7,1,5,6,0.1473350990563631
job_000010,Rwanda,297,11.686390178571429,True,0.05,6,8,2,2,0,8,6,1,7,5,0.14091696497052908
job_000010,Rwanda,298,11.725738293650794,True,0.05,7,6,-1,1,0,6,7,1,5,6,0.16513786713282266
job_000010,Rwanda,299,11.76508640873016,True,0.05,9,8,-1,1,0,8,9,2,6,7,0.1328448192216456
job_000010,Rwanda,300,11.804434523809524,True,0.05,9,8,-1,1,0,8,9,1,7,8,0.15478617418557405
job_000010,Rwanda,301,11.84378263888889,True,0.05,11,9,-2,2,0,9,11,1,8,10,0.15521650719973776
job_000010,Rwanda,302,11.883130753968254,True,0.05,11,13,2,2,0,13,11,1,12,10,0.15420139466340727
job_000010,Rwanda,303,11.92247886904762,True,0.05,9,12,3,3,0,12,9,2,10,7,0.15839331845442453
job_000010,Rwanda,304,11.961826984126985,True,0.05,7,16,9,9,0,16,7,1,15,6,0.1403503071051091
job_000010,Rwanda,305,12.00117509920635,True,0.05,8,15,7,7,0,15,8,2,13,6,0.15298008024692536
job_000010,Rwanda,306,12.040523214285715,True,0.05,7,15,8,8,0,15,7,1,14,6,0.14158612365523973
job_000010,Rwanda,307,12.07987132936508,True,0.05,9,13,4,4,0,13,9,2,11,7,0.1489205168416867
job_000010,Rwanda,308,12.119219444444445,True,0.05,8,13,5,5,0,13,8,2,11,6,0.15725571289658546
job_000010,Rwanda,309,12.15856755952381,True,0.05,9,13,4,4,0,13,9,2,11,7,0.15349309977430564
job_000010,Rwanda,310,12.197915674603175,True,0.05,8,12,4,4,0,12,8,1,11,7,0.15766822484632334
job_000010,Rwanda,311,12.23726378968254,True,0.05,7,17,10,10,0,17,7,2,15,5,0.14621048683629317
job_000010,Rwanda,312,12.276611904761905,True,0.05,8,16,8,8,0,16,8,2,14,6,0.13178037200123072
job_000010,Rwanda,313,12.31596001984127,True,0.05,7,17,10,10,0,17,7,2,15,5,0.13677777919699163
job_000010,Rwanda,314,12.355308134920636,True,0.05,7,15,8,8,0,15,7,2,13,5,0.12861103092630705
job_000010,Rwanda,315,12.39465625,True,0.05,7,13,6,6,0,13,7,2,11,5,0.12892592755647805
job_000010,Rwanda,316,12.434004365079366,True,0.05,6,14,8,8,0,14,6,1,13,5,0.1305408523018871
job_000010,Rwanda,317,12.47335248015873,True,0.05,8,14,6,6,0,14,8,1,13,7,0.12750669861478464
job_000010,Rwanda,318,12.512700595238096,True,0.05,8,16,8,8,0,16,8,1,15,7,0.12714953906834126
job_000010,Rwanda,319,12.552048710317461,True,0.05,9,17,8,8,0,17,9,1,16,8,0.1308501538108377
job_000010,Rwanda,320,12.591396825396826,True,0.05,9,15,6,6,0,15,9,1,14,8,0.12622023597359658
job_000010,Rwanda,321,12.630744940476191,True,0.05,7,15,8,8,0,15,7,1,14,6,0.13617839738726617
job_000010,Rwanda,322,12.670093055555556,True,0.05,7,16,9,9,0,16,7,1,15,6,0.1333074902649969
job_000010,Rwanda,323,12.709441170634921,True,0.05,9,19,10,10,0,19,9,1,18,8,0.12208028078863495
job_000010,Rwanda,324,12.748789285714286,True,0.05,7,16,9,9,0,16,7,1,15,6,0.12361618387512863
job_000010,Rwanda,325,12.788137400793651,True,0.05,7,17,10,10,0,17,7,1,16,6,0.12774584946386955
job_000010,Rwanda,326,12.827485515873017,True,0.05,10,17,7,7,0,17,10,1,16,9,0.1139577237122199
job_000010,Rwanda,327,12.866833630952382,True,0.05,8,18,10,10,0,18,8,1,17,7,0.11654189953373538
job_000010,Rwanda,328,12.906181746031747,True,0.05,7,16,9,9,0,16,7,1,15,6,0.12495636520907283
job_000010,Rwanda,329,12.945529861111112,True,0.05,6,17,11,11,0,17,6,1,16,5,0.11434935427763883
job_000010,Rwanda,330,12.984877976190477,True,0.05,7,15,8,8,0,15,7,2,13,5,0.11149044881264368
job_000010,Rwanda,331,13.024226091269842,True,0.05,8,16,8,8,0,16,8,1,15,7,0.11062965169548988
job_000010,Rwanda,332,13.063574206349207,True,0.05,9,11,2,2,0,11,9,1,10,8,0.1295724423094229
job_000010,Rwanda,333,13.102922321428572,True,0.05,10,14,4,4,0,14,10,2,12,8,0.118100445451481
job_000010,Rwanda,334,13.142270436507937,True,0.05,10,15,5,5,0,15,10,1,14,9,0.11595704009135564
job_000010,Rwanda,335,13.181618551587302,True,0.05,10,11,1,1,0,11,10,1,10,9,0.1278681799092076
job_000010,Rwanda,336,13.220966666666667,True,0.05,11,11,0,0,0,11,11,2,9,9,0.10379348729144443
job_000010,Rwanda,337,13.260314781746033,True,0.05,10,11,1,1,0,11,10,2,9,8,0.10227252001112158
job_000010,Rwanda,338,13.299662896825398,True,0.05,11,5,-6,6,0,5,11,0,5,11,0.10432400554418564
job_000010,Rwanda,339,13.339011011904763,True,0.05,9,5,-4,4,0,5,9,1,4,8,0.11961008608341217
job_000010,Rwanda,340,13.378359126984128,True,0.05,10,6,-4,4,0,6,10,0,6,10,0.09542808743814628
job_000010,Rwanda,341,13.417707242063493,True,0.05,9,4,-5,5,0,4,9,0,4,9,0.11141568701714277
job_000010,Rwanda,342,13.457055357142858,True,0.05,9,2,-7,7,0,2,9,0,2,9,0.14581352472305298
job_000010,Rwanda,343,13.496403472222223,True,0.05,11,5,-6,6,0,5,11,0,5,11,0.13885268568992615
job_000010,Rwanda,344,13.535751587301588,True,0.05,12,7,-5,5,0,7,12,1,6,11,0.10457424446940422
job_000010,Rwanda,345,13.575099702380953,True,0.05,10,8,-2,2,0,8,10,0,8,10,0.11576471570879221
job_000010,Rwanda,346,13.614447817460318,True,0.05,10,7,-3,3,0,7,10,0,7,10,0.11818226213966097
job_000010,Rwanda,347,13.653795932539683,True,0.05,10,8,-2,2,0,8,10,1,7,9,0.1024293121881783
job_000010,Rwanda,348,13.693144047619048,True,0.05,7,5,-2,2,0,5,7,0,5,7,0.14018017202615737
job_000010,Rwanda,349,13.732492162698414,True,0.05,8,6,-2,2,0,6,8,0,6,8,0.1357379431525866
job_000010,Rwanda,350,13.771840277777779,True,0.05,7,6,-1,1,0,6,7,0,6,7,0.11467129923403263
job_000010,Rwanda,351,13.811188392857144,True,0.05,9,7,-2,2,0,7,9,2,5,7,0.13987368079168455
job_000010,Rwanda,352,13.850536507936509,True,0.05,9,5,-4,4,0,5,9,0,5,9,0.16477592587471007
job_000010,Rwanda,353,13.889884623015874,True,0.05,10,7,-3,3,0,7,10,1,6,9,0.13282719360930578
job_000010,Rwanda,354,13.929232738095239,True,0.05,10,6,-4,4,0,6,10,1,5,9,0.15272368552784124
job_000010,Rwanda,355,13.968580853174604,True,0.05,9,7,-2,2,0,7,9,1,6,8,0.14211322154317582
job_000010,Rwanda,356,14.00792896825397,True,0.05,10,10,0,0,0,10,10,4,6,6,0.11563809774816036
job_000010,Rwanda,357,14.047277083333334,True,0.05,10,10,0,0,0,10,10,3,7,7,0.13286797180771828
job_000010,Rwanda,358,14.0866251984127,True,0.05,9,10,1,1,0,10,9,4,6,5,0.1389510564506054
job_000010,Rwanda,359,14.125973313492064,True,0.05,10,13,3,3,0,13,10,4,9,6,0.13567291142848822
job_000010,Rwanda,360,14.16532142857143,True,0.05,9,13,4,4,1,12,8,4,9,5,0.13966182877237981
job_000010,Rwanda,361,14.204669543650795,True,0.05,8,13,5,5,1,12,7,3,10,5,0.13409496328005424
job_000010,Rwanda,362,14.24401765873016,True,0.05,10,15,5,5,1,14,9,4,11,6,0.12305034995079041
job_000010,Rwanda,363,14.283365773809525,True,0.05,6,16,10,10,0,16,6,3,13,3,0.13062041345983744
job_000010,Rwanda,364,14.32271388888889,True,0.05,7,16,9,9,1,15,6,4,12,3,0.12621525139547884
job_000010,Rwanda,365,14.362062003968255,True,0.05,9,21,12,12,1,20,8,5,16,4,0.11242475963774182
job_000010,Rwanda,366,14.40141011904762,True,0.05,5,21,16,16,1,20,4,5,16,0,0.11944203983460154
job_000010,Rwanda,367,14.440758234126985,True,0.05,9,18,9,9,1,17,8,6,12,3,0.13033067973123658
job_000010,Rwanda,368,14.48010634920635,True,0.05,9,16,7,7,1,15,8,6,10,3,0.13846686389297247
job_000010,Rwanda,369,14.519454464285715,True,0.05,9,18,9,9,1,17,8,7,11,2,0.14224045682284567
job_000010,Rwanda,370,14.55880257936508,True,0.05,10,19,9,9,1,18,9,6,13,4,0.14201067897834277
job_000010,Rwanda,371,14.598150694444445,True,0.05,9,17,8,8,1,16,8,5,12,4,0.1529589321683435
job_000010,Rwanda,372,14.63749880952381,True,0.05,8,20,12,12,1,19,7,4,16,4,0.143625676445663
job_000010,Rwanda,373,14.676846924603176,True,0.05,7,19,12,12,0,19,7,3,16,4,0.16356533471690982
job_000010,Rwanda,374,14.71619503968254,True,0.05,8,21,13,13,0,21,8,4,17,4,0.1542342942030657
job_000010,Rwanda,375,14.755543154761906,True,0.05,9,18,9,9,0,18,9,4,14,5,0.1663194607115454
job_000010,Rwanda,376,14.794891269841271,True,0.05,8,17,9,9,0,17,8,3,14,5,0.1732278396101559
job_000010,Rwanda,377,14.834239384920636,True,0.05,7,18,11,11,0,18,7,3,15,4,0.1755470604532295
job_000010,Rwanda,378,14.873587500000001,True,0.05,8,18,10,10,0,18,8,5,13,3,0.15886761537856525
job_000010,Rwanda,379,14.912935615079366,True,0.05,6,19,13,13,0,19,6,4,15,2,0.14758640939467832
job_000010,Rwanda,380,14.952283730158731,True,0.05,6,19,13,13,0,19,6,4,15,2,0.1549802565653073
job_000010,Rwanda,381,14.991631845238096,True,0.05,6,19,13,13,0,19,6,4,15,2,0.1349808754105317
job_000010,Rwanda,382,15.030979960317461,True,0.05,8,17,9,9,0,17,8,5,12,3,0.13641536323463216
job_000010,Rwanda,383,15.070328075396827,True,0.05,8,13,5,5,0,13,8,3,10,5,0.1351358022254247
job_000010,Rwanda,384,15.109676190476192,True,0.05,8,13,5,5,0,13,8,3,10,5,0.1274225115776062
job_000010,Rwanda,385,15.149024305555557,True,0.05,6,13,7,7,0,13,6,4,9,2,0.12055161136847276
job_000010,Rwanda,386,15.188372420634922,True,0.05,9,12,3,3,0,12,9,2,10,7,0.143970036568741
job_000010,Rwanda,387,15.227720535714287,True,0.05,7,15,8,8,0,15,7,4,11,3,0.11436107605695725
job_000010,Rwanda,388,15.267068650793652,True,0.05,7,14,7,7,0,14,7,4,10,3,0.1239883593682732
job_000010,Rwanda,389,15.306416765873017,True,0.05,7,13,6,6,0,13,7,3,10,4,0.11487202203044525
job_000010,Rwanda,390,15.345764880952382,True,0.05,5,12,7,7,0,12,5,2,10,3,0.12301294350375731
job_000010,Rwanda,391,15.385112996031747,True,0.05,8,12,4,4,0,12,8,4,8,4,0.12053195697565873
job_000010,Rwanda,392,15.424461111111112,True,0.05,8,12,4,4,0,12,8,3,9,5,0.10566187805185716
job_000010,Rwanda,393,15.463809226190477,True,0.05,9,14,5,5,0,14,9,3,11,6,0.1079322991094419
job_000010,Rwanda,394,15.503157341269842,True,0.05,9,14,5,5,0,14,9,3,11,6,0.11095213783638817
job_000010,Rwanda,395,15.542505456349208,True,0.05,9,17,8,8,0,17,9,3,14,6,0.10215273565229248
job_000010,Rwanda,396,15.581853571428573,True,0.05,9,13,4,4,0,13,9,3,10,6,0.09900049865245819
job_000010,Rwanda,397,15.621201686507938,True,0.05,10,12,2,2,0,12,10,2,10,8,0.11089040990918875
job_000010,Rwanda,398,15.660549801587303,False,0.05,,21,,,,,,,,,0.10295036931832631
job_000010,Rwanda,399,15.699897916666668,False,0.05,,18,,,,,,,,,0.10326787415477964
job_000011,Rwanda,0,0.0,True,0.05,14,13,-1,1,0,13,14,2,11,12,0.22483359563809174
job_000011,Rwanda,1,0.03966722017220172,True,0.05,14,15,1,1,0,15,14,4,11,10,0.22454738095402718
job_000011,Rwanda,2,0.07933444034440344,True,0.05,13,14,1,1,0,14,13,5,9,8,0.22579883996929442
job_000011,Rwanda,3,0.11900166051660517,True,0.05,13,14,1,1,0,14,13,4,10,9,0.2138740707721029
job_000011,Rwanda,4,0.15866888068880688,True,0.05,15,14,-1,1,0,14,15,5,9,10,0.21595924321029866
job_000011,Rwanda,5,0.1983361008610086,True,0.05,13,18,5,5,0,18,13,4,14,9,0.17280165147450235
job_000011,Rwanda,6,0.23800332103321034,True,0.05,13,16,3,3,0,16,13,3,13,10,0.18193472898565233
job_000011,Rwanda,7,0.27767054120541207,True,0.05,12,16,4,4,0,16,12,3,13,9,0.18697008350864053
job_000011,Rwanda,8,0.31733776137761377,True,0.05,11,14,3,3,0,14,11,3,11,8,0.19207136945000716
job_000011,Rwanda,9,0.3570049815498155,True,0.05,11,13,2,2,0,13,11,1,12,10,0.19447022046034151
job_000011,Rwanda,10,0.3966722017220172,True,0.05,15,13,-2,2,0,13,15,5,8,10,0.20535064230744654
job_000011,Rwanda,11,0.436339421894219,True,0.05,13,16,3,3,0,16,13,3,13,10,0.18704740214161575
job_000011,Rwanda,12,0.4760066420664207,True,0.05,13,18,5,5,0,18,13,5,13,8,0.1855185189180904
job_000011,Rwanda,13,0.5156738622386224,True,0.05,12,18,6,6,0,18,12,4,14,8,0.1823021305931939
job_000011,Rwanda,14,0.5553410824108241,True,0.05,13,17,4,4,0,17,13,5,12,8,0.17496548417736502
job_000011,Rwanda,15,0.5950083025830258,True,0.05,12,20,8,8,0,20,12,5,15,7,0.17136893682181836
job_000011,Rwanda,16,0.6346755227552275,True,0.05,15,18,3,3,0,18,15,6,12,9,0.18516791901654667
job_000011,Rwanda,17,0.6743427429274294,True,0.05,15,18,3,3,0,18,15,6,12,9,0.17124438741140896
job_000011,Rwanda,18,0.714009963099631,True,0.05,13,18,5,5,0,18,13,5,13,8,0.1738794439782699
job_000011,Rwanda,19,0.7536771832718328,True,0.05,13,18,5,5,0,18,13,5,13,8,0.17022174037992954
job_000011,Rwanda,20,0.7933444034440345,True,0.05,15,17,2,2,0,17,15,5,12,10,0.1831397718804724
job_000011,Rwanda,21,0.8330116236162362,True,0.05,16,15,-1,1,0,15,16,5,10,11,0.18058004130919775
job_000011,Rwanda,22,0.872678843788438,True,0.05,16,17,1,1,0,17,16,5,12,11,0.17302081273759112
job_000011,Rwanda,23,0.9123460639606397,True,0.05,14,19,5,5,0,19,14,5,14,9,0.17153818650465263
job_000011,Rwanda,24,0.9520132841328414,True,0.05,14,18,4,4,0,18,14,4,14,10,0.1833236701786518
job_000011,Rwanda,25,0.9916805043050431,True,0.05,13,20,7,7,0,20,13,5,15,8,0.18222818430513144
job_000011,Rwanda,26,1.0313477244772449,True,0.05,14,17,3,3,0,17,14,4,13,10,0.19292160868644714
job_000011,Rwanda,27,1.0710149446494466,True,0.05,14,16,2,2,0,16,14,4,12,10,0.1962975077331066
job_000011,Rwanda,28,1.1106821648216483,True,0.05,15,15,0,0,0,15,15,4,11,11,0.20892152388890584
job_000011,Rwanda,29,1.15034938499385,True,0.05,13,16,3,3,0,16,13,4,12,9,0.18020875193178654
job_000011,Rwanda,30,1.1900166051660517,True,0.05,13,15,2,2,0,15,13,3,12,10,0.17984814991553624
job_000011,Rwanda,31,1.2296838253382534,True,0.05,14,15,1,1,0,15,14,4,11,10,0.17195229108134905
job_000011,Rwanda,32,1.269351045510455,True,0.05,12,16,4,4,0,16,12,3,13,9,0.15574917732737958
job_000011,Rwanda,33,1.309018265682657,True,0.05,12,16,4,4,0,16,12,3,13,9,0.15823184582404792
job_000011,Rwanda,34,1.3486854858548587,True,0.05,14,16,2,2,0,16,14,4,12,10,0.15720561961643398
job_000011,Rwanda,35,1.3883527060270604,True,0.05,12,15,3,3,0,15,12,3,12,9,0.15667012433211008
job_000011,Rwanda,36,1.428019926199262,True,0.05,10,15,5,5,0,15,10,3,12,7,0.15582081228494643
job_000011,Rwanda,37,1.4676871463714638,True,0.05,11,15,4,4,0,15,11,3,12,8,0.16112374663352966
job_000011,Rwanda,38,1.5073543665436655,True,0.05,10,16,6,6,0,16,10,2,14,8,0.17663284041918814
job_000011,Rwanda,39,1.5470215867158672,True,0.05,11,19,8,8,1,18,10,4,15,7,0.16069938262042247
job_000011,Rwanda,40,1.586688806888069,True,0.05,10,18,8,8,0,18,10,2,16,8,0.16912310694654784
job_000011,Rwanda,41,1.6263560270602706,True,0.05,11,17,6,6,0,17,11,2,15,9,0.16391119601971962
job_000011,Rwanda,42,1.6660232472324723,True,0.05,10,17,7,7,0,17,10,3,14,7,0.16834485728074522
job_000011,Rwanda,43,1.7056904674046742,True,0.05,9,17,8,8,0,17,9,3,14,6,0.17232869499746492
job_000011,Rwanda,44,1.745357687576876,True,0.05,9,18,9,9,0,18,9,3,15,6,0.1779707781970501
job_000011,Rwanda,45,1.7850249077490776,True,0.05,9,18,9,9,0,18,9,3,15,6,0.16169229874180424
job_000011,Rwanda,46,1.8246921279212793,True,0.05,9,17,8,8,0,17,9,3,14,6,0.15664582195527413
job_000011,Rwanda,47,1.864359348093481,True,0.05,9,15,6,6,0,15,9,2,13,7,0.17547331750392914
job_000011,Rwanda,48,1.9040265682656827,True,0.05,9,15,6,6,0,15,9,2,13,7,0.16985745653510093
job_000011,Rwanda,49,1.9436937884378844,True,0.05,9,17,8,8,0,17,9,2,15,7,0.160020861774683
job_000011,Rwanda,50,1.9833610086100861,True,0.05,9,16,7,7,0,16,9,1,15,8,0.1544955438002944
job_000011,Rwanda,51,2.023028228782288,True,0.05,9,17,8,8,0,17,9,1,16,8,0.14316208156592705
job_000011,Rwanda,52,2.0626954489544898,True,0.05,10,17,7,7,0,17,10,2,15,8,0.14190355074756286
job_000011,Rwanda,53,2.1023626691266912,True,0.05,12,16,4,4,0,16,12,2,14,10,0.14572936110198498
job_000011,Rwanda,54,2.142029889298893,True,0.05,12,18,6,6,0,18,12,2,16,10,0.15025273565616873
job_000011,Rwanda,55,2.1816971094710946,True,0.05,12,15,3,3,0,15,12,2,13,10,0.16366404220461844
job_000011,Rwanda,56,2.2213643296432966,True,0.05,12,19,7,7,0,19,12,2,17,10,0.15081937395428358
job_000011,Rwanda,57,2.2610315498154985,True,0.05,10,17,7,7,0,17,10,1,16,9,0.1634841037585455
job_000011,Rwanda,58,2.3006987699877,True,0.05,11,18,7,7,0,18,11,2,16,9,0.1555031891912222
job_000011,Rwanda,59,2.340365990159902,True,0.05,12,14,2,2,0,14,12,2,12,10,0.17633882324610436
job_000011,Rwanda,60,2.3800332103321034,True,0.05,11,18,7,7,0,18,11,3,15,8,0.1574274462958177
job_000011,Rwanda,61,2.4197004305043053,True,0.05,13,17,4,4,0,17,13,4,13,9,0.16953937336802483
job_000011,Rwanda,62,2.4593676506765068,True,0.05,11,19,8,8,0,19,11,3,16,8,0.15955672981707672
job_000011,Rwanda,63,2.4990348708487087,True,0.05,12,20,8,8,0,20,12,3,17,9,0.16493828650563955
job_000011,Rwanda,64,2.53870209102091,True,0.05,11,17,6,6,0,17,11,3,14,8,0.18721284454359727
job_000011,Rwanda,65,2.578369311193112,True,0.05,11,18,7,7,0,18,11,3,15,8,0.17641864779094854
job_000011,Rwanda,66,2.618036531365314,True,0.05,12,17,5,5,0,17,12,4,13,8,0.1711164230809492
job_000011,Rwanda,67,2.6577037515375155,True,0.05,11,15,4,4,0,15,11,3,12,8,0.1730917774140835
job_000011,Rwanda,68,2.6973709717097174,True,0.05,11,13,2,2,0,13,11,3,10,8,0.1846063217291465
job_000011,Rwanda,69,2.737038191881919,True,0.05,10,13,3,3,0,13,10,4,9,6,0.1837885411312947
job_000011,Rwanda,70,2.776705412054121,True,0.05,12,13,1,1,0,13,12,3,10,9,0.17828018189622805
job_000011,Rwanda,71,2.8163726322263223,True,0.05,11,15,4,4,1,14,10,3,12,8,0.16195175672570863
job_000011,Rwanda,72,2.856039852398524,True,0.05,11,14,3,3,1,13,10,3,11,8,0.15407435383115495
job_000011,Rwanda,73,2.8957070725707257,True,0.05,11,14,3,3,1,13,10,3,11,8,0.15725052569593703
job_000011,Rwanda,74,2.9353742927429276,True,0.05,11,13,2,2,0,13,11,3,10,8,0.18470758027755296
job_000011,Rwanda,75,2.9750415129151295,True,0.05,10,14,4,4,0,14,10,3,11,7,0.1635780358420951
job_000011,Rwanda,76,3.014708733087331,True,0.05,11,14,3,3,0,14,11,3,11,8,0.16439436482531683
job_000011,Rwanda,77,3.054375953259533,True,0.05,9,16,7,7,1,15,8,3,13,6,0.17239927174523473
job_000011,Rwanda,78,3.0940431734317344,True,0.05,10,18,8,8,1,17,9,3,15,7,0.15901507871846357
job_000011,Rwanda,79,3.1337103936039363,True,0.05,10,18,8,8,1,17,9,3,15,7,0.16617357296248278
job_000011,Rwanda,80,3.173377613776138,True,0.05,10,20,10,10,0,20,10,3,17,7,0.1653417892754078
job_000011,Rwanda,81,3.2130448339483397,True,0.05,9,20,11,11,1,19,8,3,17,6,0.16359812561422588
job_000011,Rwanda,82,3.252712054120541,True,0.05,9,21,12,12,1,20,8,3,18,6,0.16148698188009716
job_000011,Rwanda,83,3.292379274292743,True,0.05,9,21,12,12,1,20,8,3,18,6,0.16043272596739588
job_000011,Rwanda,84,3.3320464944649446,True,0.05,9,21,12,12,1,20,8,3,18,6,0.15146605528536297
job_000011,Rwanda,85,3.3717137146371465,True,0.05,9,19,10,10,1,18,8,2,17,7,0.16214084429176231
job_000011,Rwanda,86,3.4113809348093485,True,0.05,10,17,7,7,1,16,9,2,15,8,0.17066537786056013
job_000011,Rwanda,87,3.45104815498155,True,0.05,10,20,10,10,1,19,9,3,17,7,0.15259834546595813
job_000011,Rwanda,88,3.490715375153752,True,0.05,10,19,9,9,1,18,9,2,17,8,0.15225037540260114
job_000011,Rwanda,89,3.5303825953259533,True,0.05,10,19,9,9,1,18,9,3,16,7,0.15687119980391703
job_000011,Rwanda,90,3.5700498154981553,True,0.05,10,20,10,10,1,19,9,4,16,6,0.14653047621250154
job_000011,Rwanda,91,3.6097170356703567,True,0.05,8,19,11,11,0,19,8,2,17,6,0.15899803744334923
job_000011,Rwanda,92,3.6493842558425587,True,0.05,9,18,9,9,1,17,8,3,15,6,0.16841736891203457
job_000011,Rwanda,93,3.68905147601476,True,0.05,9,16,7,7,1,15,8,2,14,7,0.1705819999333471
job_000011,Rwanda,94,3.728718696186962,True,0.05,10,15,5,5,0,15,10,3,12,7,0.1742821951707204
job_000011,Rwanda,95,3.768385916359164,True,0.05,9,18,9,9,0,18,9,4,14,5,0.160223506598009
job_000011,Rwanda,96,3.8080531365313655,True,0.05,9,19,10,10,0,19,9,2,17,7,0.15201835000985547
job_000011,Rwanda,97,3.8477203567035674,True,0.05,10,18,8,8,0,18,10,4,14,6,0.15979857411649492
job_000011,Rwanda,98,3.887387576875769,True,0.05,9,15,6,6,0,15,9,3,12,6,0.17518127486109733
job_000011,Rwanda,99,3.927054797047971,True,0.05,12,16,4,4,0,16,12,4,12,8,0.17574053979478776
job_000011,Rwanda,100,3.9667220172201723,True,0.05,11,14,3,3,0,14,11,2,12,9,0.19219424229647433
job_000011,Rwanda,101,4.006389237392374,True,0.05,10,13,3,3,1,12,9,3,10,7,0.19618263496802404
job_000011,Rwanda,102,4.046056457564576,True,0.05,11,12,1,1,0,12,11,3,9,8,0.19791257288306952
job_000011,Rwanda,103,4.085723677736778,True,0.05,9,12,3,3,0,12,9,3,9,6,0.2020783176024755
job_000011,Rwanda,104,4.1253908979089795,True,0.05,9,13,4,4,0,13,9,3,10,6,0.17818209442954797
job_000011,Rwanda,105,4.165058118081181,True,0.05,7,14,7,7,0,14,7,1,13,6,0.18168567706431663
job_000011,Rwanda,106,4.2047253382533825,True,0.05,7,13,6,6,0,13,7,1,12,6,0.18809263666088766
job_000011,Rwanda,107,4.244392558425584,True,0.05,8,13,5,5,0,13,8,1,12,7,0.20512170889056647
job_000011,Rwanda,108,4.284059778597786,True,0.05,8,14,6,6,0,14,8,1,13,7,0.19194117321499757
job_000011,Rwanda,109,4.323726998769988,True,0.05,7,14,7,7,0,14,7,1,13,6,0.19643451486315047
job_000011,Rwanda,110,4.363394218942189,True,0.05,8,14,6,6,0,14,8,1,13,7,0.19122072628566197
job_000011,Rwanda,111,4.403061439114391,True,0.05,9,13,4,4,1,12,8,2,11,7,0.22116803377866745
job_000011,Rwanda,112,4.442728659286593,True,0.05,9,13,4,4,1,12,8,2,11,7,0.22529344375316912
job_000011,Rwanda,113,4.482395879458795,True,0.05,10,16,6,6,0,16,10,2,14,8,0.20566336112096906
job_000011,Rwanda,114,4.522063099630997,True,0.05,8,13,5,5,0,13,8,1,12,7,0.22619987221864554
job_000011,Rwanda,115,4.561730319803198,True,0.05,8,15,7,7,0,15,8,0,15,8,0.20023056690891583
job_000011,Rwanda,116,4.6013975399754,True,0.05,9,14,5,5,0,14,9,1,13,8,0.21102120727300644
job_000011,Rwanda,117,4.641064760147602,True,0.05,8,15,7,7,0,15,8,1,14,7,0.17525140990813573
job_000011,Rwanda,118,4.680731980319804,True,0.05,9,14,5,5,0,14,9,1,13,8,0.17416591569781303
job_000011,Rwanda,119,4.720399200492005,True,0.05,8,12,4,4,0,12,8,1,11,7,0.191531324138244
job_000011,Rwanda,120,4.760066420664207,True,0.05,9,11,2,2,0,11,9,2,9,7,0.19013106721368703
job_000011,Rwanda,121,4.799733640836409,True,0.05,11,12,1,1,0,12,11,2,10,9,0.17539725545793772
job_000011,Rwanda,122,4.8394008610086106,True,0.05,12,12,0,0,0,12,12,3,9,9,0.18568483274430037
job_000011,Rwanda,123,4.8790680811808125,True,0.05,12,11,-1,1,0,11,12,2,9,10,0.19463781809264963
job_000011,Rwanda,124,4.9187353013530135,True,0.05,12,11,-1,1,0,11,12,2,9,10,0.19002342901446603
job_000011,Rwanda,125,4.958402521525215,True,0.05,12,14,2,2,0,14,12,4,10,8,0.18088285571762494
job_000011,Rwanda,126,4.998069741697417,True,0.05,11,15,4,4,0,15,11,3,12,8,0.19148054222265878
job_000011,Rwanda,127,5.037736961869619,True,0.05,8,14,6,6,0,14,8,2,12,6,0.2029316635536296
job_000011,Rwanda,128,5.07740418204182,True,0.05,9,17,8,8,0,17,9,2,15,7,0.18425565125311122
job_000011,Rwanda,129,5.117071402214022,True,0.05,10,18,8,8,0,18,10,2,16,8,0.18245813126365343
job_000011,Rwanda,130,5.156738622386224,True,0.05,10,14,4,4,0,14,10,2,12,8,0.20204453755702292
job_000011,Rwanda,131,5.196405842558426,True,0.05,9,18,9,9,0,18,9,2,16,7,0.18258053643835914
job_000011,Rwanda,132,5.236073062730628,True,0.05,9,17,8,8,0,17,9,4,13,5,0.18038268716019742
job_000011,Rwanda,133,5.275740282902829,True,0.05,10,16,6,6,0,16,10,3,13,7,0.1848784009926021
job_000011,Rwanda,134,5.315407503075031,True,0.05,9,17,8,8,0,17,9,3,14,6,0.16698477285749772
job_000011,Rwanda,135,5.355074723247233,True,0.05,9,18,9,9,0,18,9,4,14,5,0.16110584512352943
job_000011,Rwanda,136,5.394741943419435,True,0.05,9,15,6,6,0,15,9,3,12,6,0.18355913658936818
job_000011,Rwanda,137,5.434409163591636,True,0.05,9,14,5,5,0,14,9,4,10,5,0.18053992305483138
job_000011,Rwanda,138,5.474076383763838,True,0.05,10,15,5,5,0,15,10,4,11,6,0.1636066697537899
job_000011,Rwanda,139,5.51374360393604,True,0.05,10,16,6,6,0,16,10,4,12,6,0.17936999769881368
job_000011,Rwanda,140,5.553410824108242,True,0.05,11,19,8,8,0,19,11,4,15,7,0.18405207423003098
job_000011,Rwanda,141,5.5930780442804435,True,0.05,9,19,10,10,0,19,9,3,16,6,0.18218072072455757
job_000011,Rwanda,142,5.632745264452645,True,0.05,9,19,10,10,0,19,9,2,17,7,0.18152728755223124
job_000011,Rwanda,143,5.6724124846248465,True,0.05,7,17,10,10,0,17,7,2,15,5,0.19452173964065664
job_000011,Rwanda,144,5.712079704797048,True,0.05,9,19,10,10,0,19,9,3,16,6,0.19080392016392006
job_000011,Rwanda,145,5.75174692496925,True,0.05,7,18,11,11,0,18,7,2,16,5,0.19565127003524038
job_000011,Rwanda,146,5.791414145141451,True,0.05,7,16,9,9,0,16,7,2,14,5,0.19389058207161725
job_000011,Rwanda,147,5.831081365313653,True,0.05,9,15,6,6,1,14,8,3,12,6,0.2059555970132351
job_000011,Rwanda,148,5.870748585485855,True,0.05,8,18,10,10,0,18,8,3,15,5,0.19019145021835962
job_000011,Rwanda,149,5.910415805658057,True,0.05,8,19,11,11,1,18,7,3,16,5,0.17580475501324
job_000011,Rwanda,150,5.950083025830259,True,0.05,7,23,16,16,0,23,7,1,22,6,0.15899047255516052
job_000011,Rwanda,151,5.98975024600246,True,0.05,8,20,12,12,0,20,8,2,18,6,0.1773443019017577
job_000011,Rwanda,152,6.029417466174662,True,0.05,8,20,12,12,0,20,8,2,18,6,0.17231297716498375
job_000011,Rwanda,153,6.069084686346864,True,0.05,8,17,9,9,0,17,8,2,15,6,0.19080201602157423
job_000011,Rwanda,154,6.108751906519066,True,0.05,9,21,12,12,0,21,9,3,18,6,0.16577626303547904
job_000011,Rwanda,155,6.148419126691267,True,0.05,7,19,12,12,0,19,7,2,17,5,0.1729397122797213
job_000011,Rwanda,156,6.188086346863469,True,0.05,9,15,6,6,1,14,8,2,13,7,0.1721848155061404
job_000011,Rwanda,157,6.227753567035671,True,0.05,10,16,6,6,0,16,10,2,14,8,0.1726058355998248
job_000011,Rwanda,158,6.267420787207873,True,0.05,9,14,5,5,1,13,8,3,11,6,0.18429929523595742
job_000011,Rwanda,159,6.307088007380074,True,0.05,8,15,7,7,0,15,8,2,13,6,0.18681727945804597
job_000011,Rwanda,160,6.346755227552276,True,0.05,9,16,7,7,0,16,9,3,13,6,0.1791283597704023
job_000011,Rwanda,161,6.3864224477244775,True,0.05,10,20,10,10,0,20,10,4,16,6,0.1704892061650753
job_000011,Rwanda,162,6.4260896678966795,True,0.05,7,23,16,16,0,23,7,3,20,4,0.17211857810616493
job_000011,Rwanda,163,6.465756888068881,True,0.05,7,26,19,19,0,26,7,4,22,3,0.1578477335950503
job_000011,Rwanda,164,6.505424108241082,True,0.05,6,23,17,17,0,23,6,3,20,3,0.1553788453988407
job_000011,Rwanda,165,6.545091328413284,True,0.05,9,19,10,10,0,19,9,5,14,4,0.16261590997639455
job_000011,Rwanda,166,6.584758548585486,True,0.05,9,19,10,10,0,19,9,4,15,5,0.16186453304008433
job_000011,Rwanda,167,6.624425768757688,True,0.05,9,19,10,10,0,19,9,5,14,4,0.15055011604961596
job_000011,Rwanda,168,6.664092988929889,True,0.05,9,17,8,8,0,17,9,5,12,4,0.14961445134352236
job_000011,Rwanda,169,6.703760209102091,True,0.05,10,16,6,6,0,16,10,6,10,4,0.15664404700510204
job_000011,Rwanda,170,6.743427429274293,True,0.05,9,11,2,2,0,11,9,4,7,5,0.19661445035175842
job_000011,Rwanda,171,6.783094649446495,True,0.05,11,12,1,1,1,11,10,5,7,6,0.18642444039384523
job_000011,Rwanda,172,6.822761869618697,True,0.05,11,12,1,1,2,10,9,5,7,6,0.19289132114499807
job_000011,Rwanda,173,6.862429089790898,True,0.05,11,14,3,3,1,13,10,5,9,6,0.18918879755905696
job_000011,Rwanda,174,6.9020963099631,True,0.05,10,13,3,3,0,13,10,3,10,7,0.16804408539946264
job_000011,Rwanda,175,6.941763530135302,True,0.05,11,11,0,0,0,11,11,4,7,7,0.16212302378632806
job_000011,Rwanda,176,6.981430750307504,True,0.05,11,14,3,3,0,14,11,5,9,6,0.19991796064589704
job_000011,Rwanda,177,7.021097970479705,True,0.05,11,12,1,1,0,12,11,4,8,7,0.1871038731187582
job_000011,Rwanda,178,7.060765190651907,True,0.05,10,13,3,3,0,13,10,4,9,6,0.15264969118512595
job_000011,Rwanda,179,7.100432410824109,True,0.05,10,14,4,4,0,14,10,2,12,8,0.16054331697523594
job_000011,Rwanda,180,7.1400996309963105,True,0.05,13,13,0,0,0,13,13,4,9,9,0.19960477432379356
job_000011,Rwanda,181,7.179766851168512,True,0.05,12,11,-1,1,0,11,12,4,7,8,0.20290952243588187
job_000011,Rwanda,182,7.2194340713407135,True,0.05,13,12,-1,1,0,12,13,5,7,8,0.17590965485821167
job_000011,Rwanda,183,7.259101291512915,True,0.05,11,7,-4,4,0,7,11,2,5,9,0.16770318895578384
job_000011,Rwanda,184,7.298768511685117,True,0.05,12,7,-5,5,0,7,12,3,4,9,0.18032134909714972
job_000011,Rwanda,185,7.338435731857319,True,0.05,13,10,-3,3,0,10,13,5,5,8,0.16576552018523216
job_000011,Rwanda,186,7.37810295202952,True,0.05,10,12,2,2,0,12,10,5,7,5,0.15191051550209522
job_000011,Rwanda,187,7.417770172201722,True,0.05,10,10,0,0,0,10,10,3,7,7,0.18188310451805592
job_000011,Rwanda,188,7.457437392373924,True,0.05,11,12,1,1,0,12,11,5,7,6,0.17137144692242146
job_000011,Rwanda,189,7.497104612546126,True,0.05,9,11,2,2,0,11,9,2,9,7,0.17685701393268324
job_000011,Rwanda,190,7.536771832718328,True,0.05,9,11,2,2,0,11,9,2,9,7,0.17580184509808366
job_000011,Rwanda,191,7.576439052890529,True,0.05,8,10,2,2,0,10,8,0,10,8,0.18846585974097252
job_000011,Rwanda,192,7.616106273062731,True,0.05,8,13,5,5,0,13,8,1,12,7,0.16564283147454262
job_000011,Rwanda,193,7.655773493234933,True,0.05,9,14,5,5,0,14,9,3,11,6,0.16838823418532098
job_000011,Rwanda,194,7.695440713407135,True,0.05,9,13,4,4,0,13,9,3,10,6,0.17218793269533378
job_000011,Rwanda,195,7.735107933579336,True,0.05,10,13,3,3,0,13,10,4,9,6,0.17055411235644266
job_000011,Rwanda,196,7.774775153751538,True,0.05,9,12,3,3,0,12,9,3,9,6,0.19245796464383602
job_000011,Rwanda,197,7.81444237392374,True,0.05,10,13,3,3,0,13,10,3,10,7,0.1603139005601406
job_000011,Rwanda,198,7.854109594095942,True,0.05,11,10,-1,1,0,10,11,3,7,8,0.20199329517781733
job_000011,Rwanda,199,7.8937768142681435,True,0.05,10,13,3,3,0,13,10,3,10,7,0.17649424104736403
job_000011,Rwanda,200,7.9334440344403445,True,0.05,8,12,4,4,0,12,8,1,11,7,0.23222976767768463
job_000011,Rwanda,201,7.973111254612546,True,0.05,8,12,4,4,0,12,8,1,11,7,0.22776498179882765
job_000011,Rwanda,202,8.012778474784747,True,0.05,10,14,4,4,0,14,10,3,11,7,0.1962158248892852
job_000011,Rwanda,203,8.05244569495695,True,0.05,10,13,3,3,0,13,10,2,11,8,0.20901596947358206
job_000011,Rwanda,204,8.092112915129151,True,0.05,8,11,3,3,0,11,8,1,10,7,0.2129203907468102
job_000011,Rwanda,205,8.131780135301353,True,0.05,10,11,1,1,0,11,10,2,9,8,0.21184445070949467
job_000011,Rwanda,206,8.171447355473555,True,0.05,9,11,2,2,0,11,9,1,10,8,0.2053015475923365
job_000011,Rwanda,207,8.211114575645757,True,0.05,9,11,2,2,0,11,9,1,10,8,0.22824537076733328
job_000011,Rwanda,208,8.250781795817959,True,0.05,10,14,4,4,0,14,10,1,13,9,0.19949603213795594
job_000011,Rwanda,209,8.290449015990161,True,0.05,11,13,2,2,0,13,11,1,12,10,0.21907470719172403
job_000011,Rwanda,210,8.330116236162363,True,0.05,9,12,3,3,0,12,9,1,11,8,0.22749460550645986
job_000011,Rwanda,211,8.369783456334563,True,0.05,7,12,5,5,0,12,7,2,10,5,0.2249349287400643
job_000011,Rwanda,212,8.409450676506765,True,0.05,8,15,7,7,0,15,8,2,13,6,0.17789722134669622
job_000011,Rwanda,213,8.449117896678967,True,0.05,10,14,4,4,0,14,10,1,13,9,0.20899477627660548
job_000011,Rwanda,214,8.488785116851169,True,0.05,9,14,5,5,0,14,9,2,12,7,0.205337773210236
job_000011,Rwanda,215,8.52845233702337,True,0.05,11,15,4,4,0,15,11,2,13,9,0.19716043596466382
job_000011,Rwanda,216,8.568119557195573,True,0.05,11,17,6,6,0,17,11,3,14,8,0.19402360521695194
job_000011,Rwanda,217,8.607786777367775,True,0.05,12,18,6,6,0,18,12,4,14,8,0.19182883720431063
job_000011,Rwanda,218,8.647453997539976,True,0.05,11,22,11,11,0,22,11,3,19,8,0.17852794040333142
job_000011,Rwanda,219,8.687121217712178,True,0.05,7,17,10,10,0,17,7,2,15,5,0.21519525918890448
job_000011,Rwanda,220,8.726788437884379,True,0.05,9,18,9,9,0,18,9,6,12,3,0.19591742298669285
job_000011,Rwanda,221,8.76645565805658,True,0.05,11,16,5,5,0,16,11,5,11,6,0.18823467916809022
job_000011,Rwanda,222,8.806122878228782,True,0.05,11,20,9,9,0,20,11,5,15,6,0.1460453612729907
job_000011,Rwanda,223,8.845790098400984,True,0.05,11,17,6,6,0,17,11,5,12,6,0.1466902560170959
job_000011,Rwanda,224,8.885457318573186,True,0.05,13,16,3,3,1,15,12,7,9,6,0.13905186369083822
job_000011,Rwanda,225,8.925124538745388,True,0.05,10,20,10,10,0,20,10,5,15,5,0.13038256224244832
job_000011,Rwanda,226,8.96479175891759,True,0.05,11,20,9,9,0,20,11,5,15,6,0.13862830996513367
job_000011,Rwanda,227,9.004458979089792,True,0.05,11,20,9,9,0,20,11,6,14,5,0.1420025212690234
job_000011,Rwanda,228,9.044126199261994,True,0.05,10,19,9,9,0,19,10,5,14,5,0.14857960668833634
job_000011,Rwanda,229,9.083793419434194,True,0.05,12,17,5,5,0,17,12,7,10,5,0.15470005878630808
job_000011,Rwanda,230,9.123460639606396,True,0.05,10,19,9,9,0,19,10,5,14,5,0.13953105164201637
job_000011,Rwanda,231,9.163127859778598,True,0.05,9,21,12,12,0,21,9,3,18,6,0.12556242800894238
job_000011,Rwanda,232,9.2027950799508,True,0.05,11,19,8,8,0,19,11,5,14,6,0.13286323217969193
job_000011,Rwanda,233,9.242462300123002,True,0.05,11,17,6,6,0,17,11,6,11,5,0.15423023065223412
job_000011,Rwanda,234,9.282129520295204,True,0.05,10,17,7,7,0,17,10,5,12,5,0.15040572316331022
job_000011,Rwanda,235,9.321796740467406,True,0.05,8,17,9,9,0,17,8,4,13,4,0.14941402656190536
job_000011,Rwanda,236,9.361463960639608,True,0.05,11,16,5,5,0,16,11,4,12,7,0.14179297722876072
job_000011,Rwanda,237,9.40113118081181,True,0.05,9,16,7,7,1,15,8,3,13,6,0.1415848471224308
job_000011,Rwanda,238,9.44079840098401,True,0.05,8,19,11,11,1,18,7,3,16,5,0.12834763115173892
job_000011,Rwanda,239,9.480465621156211,True,0.05,9,21,12,12,0,21,9,3,18,6,0.1416043413891679
job_000011,Rwanda,240,9.520132841328413,True,0.05,9,21,12,12,0,21,9,3,18,6,0.1528569757938385
job_000011,Rwanda,241,9.559800061500615,True,0.05,10,22,12,12,1,21,9,5,17,5,0.15047101727263493
job_000011,Rwanda,242,9.599467281672817,True,0.05,10,28,18,18,1,27,9,6,22,4,0.13674686436674424
job_000011,Rwanda,243,9.63913450184502,True,0.05,10,27,17,17,1,26,9,5,22,5,0.13540902554436965
job_000011,Rwanda,244,9.678801722017221,True,0.05,11,28,17,17,0,28,11,6,22,5,0.13476111433867896
job_000011,Rwanda,245,9.718468942189423,True,0.05,8,25,17,17,0,25,8,4,21,4,0.1410292635858059
job_000011,Rwanda,246,9.758136162361625,True,0.05,10,21,11,11,0,21,10,4,17,6,0.14496862586765064
job_000011,Rwanda,247,9.797803382533825,True,0.05,11,21,10,10,0,21,11,4,17,7,0.14134581351564043
job_000011,Rwanda,248,9.837470602706027,True,0.05,9,24,15,15,0,24,9,4,20,5,0.14084367655838528
job_000011,Rwanda,249,9.877137822878229,True,0.05,7,25,18,18,0,25,7,4,21,3,0.14433400750160216
job_000011,Rwanda,250,9.91680504305043,True,0.05,9,24,15,15,1,23,8,5,19,4,0.1579166284451882
job_000011,Rwanda,251,9.956472263222633,True,0.05,10,25,15,15,1,24,9,5,20,5,0.1505706924200058
job_000011,Rwanda,252,9.996139483394835,True,0.05,9,29,20,20,0,29,9,5,24,4,0.1445983146028272
job_000011,Rwanda,253,10.035806703567037,True,0.05,11,28,17,17,0,28,11,6,22,5,0.15229470309402263
job_000011,Rwanda,254,10.075473923739239,True,0.05,8,29,21,21,0,29,8,5,24,3,0.14366541443199948
job_000011,Rwanda,255,10.11514114391144,True,0.05,9,26,17,17,0,26,9,6,20,3,0.13519572065426752
job_000011,Rwanda,256,10.15480836408364,True,0.05,10,23,13,13,0,23,10,6,17,4,0.1278367692037769
job_000011,Rwanda,257,10.194475584255843,True,0.05,11,29,18,18,0,29,11,5,24,6,0.12127986216339572
job_000011,Rwanda,258,10.234142804428044,True,0.05,9,24,15,15,0,24,9,5,19,4,0.13786167232319713
job_000011,Rwanda,259,10.273810024600246,True,0.05,11,24,13,13,0,24,11,5,19,6,0.13869203021749854
job_000011,Rwanda,260,10.313477244772448,True,0.05,9,23,14,14,0,23,9,6,17,3,0.14853217792899712
job_000011,Rwanda,261,10.35314446494465,True,0.05,9,24,15,15,0,24,9,6,18,3,0.1517053678010901
job_000011,Rwanda,262,10.392811685116852,True,0.05,10,25,15,15,0,25,10,6,19,4,0.1522900852560997
job_000011,Rwanda,263,10.432478905289054,True,0.05,11,26,15,15,0,26,11,5,21,6,0.14852147420438436
job_000011,Rwanda,264,10.472146125461256,True,0.05,10,23,13,13,0,23,10,4,19,6,0.15137628838419914
job_000011,Rwanda,265,10.511813345633456,True,0.05,13,25,12,12,0,25,13,5,20,8,0.1497411186993122
job_000011,Rwanda,266,10.551480565805658,True,0.05,9,22,13,13,0,22,9,6,16,3,0.1701929032463919
job_000011,Rwanda,267,10.59114778597786,True,0.05,11,24,13,13,0,24,11,6,18,5,0.15215405340616903
job_000011,Rwanda,268,10.630815006150062,True,0.05,11,22,11,11,0,22,11,5,17,6,0.1596195332028649
job_000011,Rwanda,269,10.670482226322264,True,0.05,13,21,8,8,1,20,12,5,16,8,0.1602894151139827
job_000011,Rwanda,270,10.710149446494466,True,0.05,14,22,8,8,1,21,13,6,16,8,0.14564338885247707
job_000011,Rwanda,271,10.749816666666668,True,0.05,12,19,7,7,1,18,11,4,15,8,0.1610967332595273
job_000011,Rwanda,272,10.78948388683887,True,0.05,10,20,10,10,1,19,9,2,18,8,0.14902452398091554
job_000011,Rwanda,273,10.829151107011072,True,0.05,9,20,11,11,0,20,9,1,19,8,0.15550922192633151
job_000011,Rwanda,274,10.868818327183272,True,0.05,10,22,12,12,0,22,10,4,18,6,0.1530816497450525
job_000011,Rwanda,275,10.908485547355474,True,0.05,10,14,4,4,0,14,10,1,13,9,0.16435819678008556
job_000011,Rwanda,276,10.948152767527676,True,0.05,10,16,6,6,1,15,9,2,14,8,0.15172889782115817
job_000011,Rwanda,277,10.987819987699877,True,0.05,10,17,7,7,0,17,10,3,14,7,0.15190135052098946
job_000011,Rwanda,278,11.02748720787208,True,0.05,12,25,13,13,0,25,12,4,21,8,0.14624508261680602
job_000011,Rwanda,279,11.067154428044281,True,0.05,11,21,10,10,0,21,11,4,17,7,0.16476764831514584
job_000011,Rwanda,280,11.106821648216483,True,0.05,11,24,13,13,0,24,11,4,20,7,0.15673738718032837
job_000011,Rwanda,281,11.146488868388685,True,0.05,9,22,13,13,0,22,9,4,18,5,0.16461359895765781
job_000011,Rwanda,282,11.186156088560887,True,0.05,11,24,13,13,0,24,11,5,19,6,0.12090094899758697
job_000011,Rwanda,283,11.225823308733087,True,0.05,9,24,15,15,0,24,9,5,19,4,0.11564573226496577
job_000011,Rwanda,284,11.26549052890529,True,0.05,9,23,14,14,0,23,9,5,18,4,0.1189903369092423
job_000011,Rwanda,285,11.305157749077491,True,0.05,7,20,13,13,0,20,7,1,19,6,0.13275628816336393
job_000011,Rwanda,286,11.344824969249693,True,0.05,10,22,12,12,0,22,10,1,21,9,0.13483683409338648
job_000011,Rwanda,287,11.384492189421895,True,0.05,9,23,14,14,1,22,8,2,21,7,0.1247114090491896
job_000011,Rwanda,288,11.424159409594097,True,0.05,9,25,16,16,1,24,8,4,21,5,0.13076580420136452
job_000011,Rwanda,289,11.463826629766299,True,0.05,11,23,12,12,0,23,11,4,19,7,0.1313778984805812
job_000011,Rwanda,290,11.5034938499385,True,0.05,11,19,8,8,0,19,11,3,16,8,0.1467492613745363
job_000011,Rwanda,291,11.543161070110703,True,0.05,8,20,12,12,0,20,8,2,18,6,0.13081246614456177
job_000011,Rwanda,292,11.582828290282903,True,0.05,9,20,11,11,0,20,9,2,18,7,0.13334308993071317
job_000011,Rwanda,293,11.622495510455105,True,0.05,7,21,14,14,0,21,7,2,19,5,0.1316171753264609
job_000011,Rwanda,294,11.662162730627307,True,0.05,8,23,15,15,0,23,8,5,18,3,0.1631038295833961
job_000011,Rwanda,295,11.701829950799508,True,0.05,7,24,17,17,0,24,7,4,20,3,0.15819436823949218
job_000011,Rwanda,296,11.74149717097171,True,0.05,5,18,13,13,0,18,5,3,15,2,0.15858361456129286
job_000011,Rwanda,297,11.781164391143912,True,0.05,7,19,12,12,0,19,7,4,15,3,0.17626372763985082
job_000011,Rwanda,298,11.820831611316114,True,0.05,11,19,8,8,0,19,11,6,13,5,0.16485759439437012
job_000011,Rwanda,299,11.860498831488316,True,0.05,10,21,11,11,1,20,9,5,16,5,0.15940321769033158
job_000011,Rwanda,300,11.900166051660518,True,0.05,10,24,14,14,0,24,10,5,19,5,0.13475539923335114
job_000011,Rwanda,301,11.939833271832718,True,0.05,11,24,13,13,0,24,11,4,20,7,0.143571424142768
job_000011,Rwanda,302,11.97950049200492,True,0.05,9,26,17,17,0,26,9,5,21,4,0.14432057824272376
job_000011,Rwanda,303,12.019167712177122,True,0.05,10,26,16,16,0,26,10,6,20,4,0.16110051867480463
job_000011,Rwanda,304,12.058834932349324,True,0.05,8,26,18,18,0,26,8,5,21,3,0.15786652338619417
job_000011,Rwanda,305,12.098502152521526,True,0.05,10,24,14,14,0,24,10,6,18,4,0.172677470681568
job_000011,Rwanda,306,12.138169372693728,True,0.05,11,22,11,11,0,22,11,6,16,5,0.1755451797084375
job_000011,Rwanda,307,12.17783659286593,True,0.05,10,20,10,10,0,20,10,4,16,6,0.18570442199707032
job_000011,Rwanda,308,12.217503813038132,True,0.05,12,22,10,10,0,22,12,5,17,7,0.164849683473056
job_000011,Rwanda,309,12.257171033210334,True,0.05,11,18,7,7,0,18,11,3,15,8,0.18270841302971044
job_000011,Rwanda,310,12.296838253382534,True,0.05,13,16,3,3,0,16,13,5,11,8,0.20562575059011579
job_000011,Rwanda,311,12.336505473554736,True,0.05,11,21,10,10,0,21,11,6,15,5,0.19146243890836126
job_000011,Rwanda,312,12.376172693726938,True,0.05,10,17,7,7,0,17,10,5,12,5,0.2039258504176841
job_000011,Rwanda,313,12.41583991389914,True,0.05,10,19,9,9,0,19,10,6,13,4,0.1920474812780556
job_000011,Rwanda,314,12.455507134071341,True,0.05,8,21,13,13,0,21,8,5,16,3,0.19279430416368304
job_000011,Rwanda,315,12.495174354243543,True,0.05,9,19,10,10,0,19,9,5,14,4,0.19344380517539225
job_000011,Rwanda,316,12.534841574415745,True,0.05,11,23,12,12,1,22,10,6,17,5,0.19196003221947214
job_000011,Rwanda,317,12.574508794587947,True,0.05,10,27,17,17,0,27,10,6,21,4,0.17684048676380404
job_000011,Rwanda,318,12.614176014760147,True,0.05,12,31,19,19,0,31,12,5,26,7,0.15312341925117276
job_000011,Rwanda,319,12.65384323493235,True,0.05,9,28,19,19,0,28,9,6,22,3,0.16373045569551842
job_000011,Rwanda,320,12.693510455104551,True,0.05,10,28,18,18,0,28,10,6,22,4,0.17398677007960422
job_000011,Rwanda,321,12.733177675276753,True,0.05,9,23,14,14,1,22,8,5,18,4,0.16700738781820174
job_000011,Rwanda,322,12.772844895448955,True,0.05,8,29,21,21,0,29,8,4,25,4,0.14658914390822936
job_000011,Rwanda,323,12.812512115621157,True,0.05,9,33,24,24,0,33,9,5,28,4,0.14434957097877155
job_000011,Rwanda,324,12.852179335793359,True,0.05,11,24,13,13,0,24,11,5,19,6,0.14945587888360023
job_000011,Rwanda,325,12.89184655596556,True,0.05,11,22,11,11,0,22,11,5,17,6,0.15833935310894792
job_000011,Rwanda,326,12.931513776137763,True,0.05,9,24,15,15,0,24,9,4,20,5,0.17621745308861136
job_000011,Rwanda,327,12.971180996309963,True,0.05,9,27,18,18,0,27,9,5,22,4,0.17671412878014423
job_000011,Rwanda,328,13.010848216482165,True,0.05,10,26,16,16,0,26,10,6,20,4,0.17430633994249198
job_000011,Rwanda,329,13.050515436654367,True,0.05,9,21,12,12,0,21,9,6,15,3,0.17602582896749178
job_000011,Rwanda,330,13.090182656826569,True,0.05,8,21,13,13,0,21,8,5,16,3,0.15737261126438776
job_000011,Rwanda,331,13.12984987699877,True,0.05,8,22,14,14,0,22,8,5,17,3,0.14081162451343102
job_000011,Rwanda,332,13.169517097170973,True,0.05,10,19,9,9,0,19,10,6,13,4,0.13212695678598002
job_000011,Rwanda,333,13.209184317343174,True,0.05,10,18,8,8,0,18,10,5,13,5,0.14334371416933006
job_000011,Rwanda,334,13.248851537515376,True,0.05,11,19,8,8,0,19,11,5,14,6,0.14994944847728076
job_000011,Rwanda,335,13.288518757687578,True,0.05,12,19,7,7,0,19,12,5,14,7,0.14999209207139516
job_000011,Rwanda,336,13.328185977859778,True,0.05,13,16,3,3,0,16,13,6,10,7,0.1420358926989138
job_000011,Rwanda,337,13.36785319803198,True,0.05,12,15,3,3,0,15,12,6,9,6,0.14373986745874087
job_000011,Rwanda,338,13.407520418204182,True,0.05,11,19,8,8,0,19,11,4,15,7,0.1439997863612677
job_000011,Rwanda,339,13.447187638376384,True,0.05,10,20,10,10,0,20,10,4,16,6,0.1465558435767889
job_000011,Rwanda,340,13.486854858548586,True,0.05,13,20,7,7,0,20,13,6,14,7,0.15162844713777304
job_000011,Rwanda,341,13.526522078720788,True,0.05,11,18,7,7,0,18,11,4,14,7,0.1451493331955539
job_000011,Rwanda,342,13.56618929889299,True,0.05,12,20,8,8,0,20,12,7,13,5,0.15408534295856952
job_000011,Rwanda,343,13.605856519065192,True,0.05,10,23,13,13,0,23,10,6,17,4,0.14390924103234126
job_000011,Rwanda,344,13.645523739237394,True,0.05,10,22,12,12,0,22,10,6,16,4,0.1445162265815518
job_000011,Rwanda,345,13.685190959409594,True,0.05,9,19,10,10,0,19,9,4,15,5,0.16528461148080073
job_000011,Rwanda,346,13.724858179581796,True,0.05,8,21,13,13,0,21,8,3,18,5,0.15133867714376675
job_000011,Rwanda,347,13.764525399753998,True,0.05,7,26,19,19,0,26,7,2,24,5,0.16932497417124417
job_000011,Rwanda,348,13.8041926199262,True,0.05,7,27,20,20,0,27,7,2,25,5,0.16985650788302775
job_000011,Rwanda,349,13.843859840098402,True,0.05,7,26,19,19,0,26,7,2,24,5,0.17527239855665427
job_000011,Rwanda,350,13.883527060270604,True,0.05,9,26,17,17,1,25,8,4,22,5,0.17330235285827747
job_000011,Rwanda,351,13.923194280442805,True,0.05,9,27,18,18,1,26,8,4,23,5,0.18253600776747422
job_000011,Rwanda,352,13.962861500615007,True,0.05,9,27,18,18,1,26,8,4,23,5,0.17317555513646868
job_000011,Rwanda,353,14.00252872078721,True,0.05,9,29,20,20,1,28,8,4,25,5,0.17386836918263598
job_000011,Rwanda,354,14.04219594095941,True,0.05,7,23,16,16,0,23,7,3,20,4,0.1663398085081059
job_000011,Rwanda,355,14.081863161131611,True,0.05,12,21,9,9,0,21,12,5,16,7,0.189334177367744
job_000011,Rwanda,356,14.121530381303813,True,0.05,12,22,10,10,0,22,12,5,17,7,0.19219899888743053
job_000011,Rwanda,357,14.161197601476015,True,0.05,10,24,14,14,0,24,10,4,20,6,0.1918587751376132
job_000011,Rwanda,358,14.200864821648217,True,0.05,10,24,14,14,0,24,10,3,21,7,0.1822258923202753
job_000011,Rwanda,359,14.240532041820419,True,0.05,10,22,12,12,0,22,10,3,19,7,0.18774479034949432
job_000011,Rwanda,360,14.280199261992621,True,0.05,9,23,14,14,0,23,9,3,20,6,0.15443705994149912
job_000011,Rwanda,361,14.319866482164823,True,0.05,8,23,15,15,0,23,8,3,20,5,0.14440235090644463
job_000011,Rwanda,362,14.359533702337025,True,0.05,11,19,8,8,0,19,11,3,16,8,0.14700127687109144
job_000011,Rwanda,363,14.399200922509225,True,0.05,8,17,9,9,0,17,8,2,15,6,0.17285600962007747
job_000011,Rwanda,364,14.438868142681427,True,0.05,9,16,7,7,0,16,9,2,14,7,0.1645219463389367
job_000011,Rwanda,365,14.478535362853629,True,0.05,10,17,7,7,0,17,10,3,14,7,0.14106998351566932
job_000011,Rwanda,366,14.51820258302583,True,0.05,11,17,6,6,0,17,11,3,14,8,0.13053317083155408
job_000011,Rwanda,367,14.557869803198033,True,0.05,11,16,5,5,0,16,11,3,13,8,0.12566920858807862
job_000011,Rwanda,368,14.597537023370235,True,0.05,11,17,6,6,0,17,11,3,14,8,0.12424694878213546
job_000011,Rwanda,369,14.637204243542437,True,0.05,8,13,5,5,0,13,8,2,11,6,0.14905510670863664
job_000011,Rwanda,370,14.676871463714638,True,0.05,11,14,3,3,0,14,11,3,11,8,0.15507491119205952
job_000011,Rwanda,371,14.71653868388684,True,0.05,11,17,6,6,0,17,11,3,14,8,0.14075838555307948
job_000011,Rwanda,372,14.75620590405904,True,0.05,13,20,7,7,0,20,13,5,15,8,0.15846687667071818
job_000011,Rwanda,373,14.795873124231242,True,0.05,10,19,9,9,0,19,10,4,15,6,0.1619371961998312
job_000011,Rwanda,374,14.835540344403444,True,0.05,9,16,7,7,0,16,9,3,13,6,0.19286386016756296
job_000011,Rwanda,375,14.875207564575646,True,0.05,9,18,9,9,0,18,9,2,16,7,0.15574399754405022
job_000011,Rwanda,376,14.914874784747848,True,0.05,11,21,10,10,0,21,11,5,16,6,0.13679932341689155
job_000011,Rwanda,377,14.95454200492005,True,0.05,11,23,12,12,0,23,11,4,19,7,0.1340943741733613
job_000011,Rwanda,378,14.994209225092252,True,0.05,10,27,17,17,0,27,10,4,23,6,0.13915498720275032
job_000011,Rwanda,379,15.033876445264454,True,0.05,13,27,14,14,1,26,12,6,21,7,0.14182658079597685
job_000011,Rwanda,380,15.073543665436656,True,0.05,10,29,19,19,0,29,10,4,25,6,0.1542342553107903
job_000011,Rwanda,381,15.113210885608856,True,0.05,11,27,16,16,0,27,11,5,22,6,0.14235909931637622
job_000011,Rwanda,382,15.152878105781058,True,0.05,10,24,14,14,0,24,10,5,19,5,0.1338647340113918
job_000011,Rwanda,383,15.19254532595326,True,0.05,9,20,11,11,0,20,9,4,16,5,0.12783087138086557
job_000011,Rwanda,384,15.232212546125462,True,0.05,10,16,6,6,0,16,10,2,14,8,0.12595134577713907
job_000011,Rwanda,385,15.271879766297664,True,0.05,9,16,7,7,0,16,9,0,16,9,0.12382841715589166
job_000011,Rwanda,386,15.311546986469866,True,0.05,9,15,6,6,0,15,9,2,13,7,0.12483126446604728
job_000011,Rwanda,387,15.351214206642068,True,0.05,8,15,7,7,0,15,8,3,12,5,0.14938632845878602
job_000011,Rwanda,388,15.39088142681427,True,0.05,8,15,7,7,0,15,8,4,11,4,0.14812000021338462
job_000011,Rwanda,389,15.430548646986471,True,0.05,10,13,3,3,0,13,10,4,9,6,0.16086062101217416
job_000011,Rwanda,390,15.470215867158672,True,0.05,9,13,4,4,0,13,9,3,10,6,0.1550454399906672
job_000011,Rwanda,391,15.509883087330874,True,0.05,10,13,3,3,0,13,10,3,10,7,0.16851360923968828
job_000011,Rwanda,392,15.549550307503075,True,0.05,10,13,3,3,0,13,10,3,10,7,0.16496834846643302
job_000011,Rwanda,393,15.589217527675277,True,0.05,9,12,3,3,0,12,9,1,11,8,0.1725746694331368
job_000011,Rwanda,394,15.62888474784748,True,0.05,8,14,6,6,0,14,8,3,11,5,0.16364721448293754
job_000011,Rwanda,395,15.668551968019681,True,0.05,7,14,7,7,0,14,7,3,11,4,0.1573300893817629
job_000011,Rwanda,396,15.708219188191883,True,0.05,8,12,4,4,0,12,8,2,10,6,0.18635701822737852
job_000011,Rwanda,397,15.747886408364085,True,0.05,9,11,2,2,0,11,9,2,9,7,0.167963675477288
job_000011,Rwanda,398,15.787553628536287,True,0.05,8,12,4,4,0,12,8,3,9,5,0.13937839027494192
job_000011,Rwanda,399,15.827220848708487,True,0.05,8,12,4,4,0,12,8,3,9,5,0.13931967597454786
